engagement_segment,payer_flag,resource,unit,category,resource_earners,recipients,recipient_rate_pct,pct_of_resource_pool,mean_share_all_earners_pct,category_amount,resource_pool_amount,amount_per_earner,amount_per_recipient,category_amount_uncorrected,resource_pool_amount_uncorrected,amount_per_earner_uncorrected,player_days
A. 0,NONPAYER,Bomb,count,Other,5461,3510,64.27,33.99,52.47,4968.0,14616.0,0.9097,1.4154,4968.0,14616.0,0.9097,87321
A. 0,NONPAYER,Bomb,count,Rainbow Maker,5461,532,9.74,13.32,2.74,1947.0,14616.0,0.3565,3.6598,1947.0,14616.0,0.3565,87321
A. 0,NONPAYER,Bomb,count,Flock Flurry,5461,679,12.43,10.29,5.16,1504.0,14616.0,0.2754,2.215,1504.0,14616.0,0.2754,87321
A. 0,NONPAYER,Bomb,count,Hatchling Hideaway,5461,873,15.99,9.61,7.51,1404.0,14616.0,0.2571,1.6082,1404.0,14616.0,0.2571,87321
A. 0,NONPAYER,Bomb,count,Core,5461,732,13.4,8.07,8.48,1179.0,14616.0,0.2159,1.6107,1179.0,14616.0,0.2159,87321
A. 0,NONPAYER,Bomb,count,Flash Race,5461,595,10.9,6.44,3.67,942.0,14616.0,0.1725,1.5832,942.0,14616.0,0.1725,87321
A. 0,NONPAYER,Bomb,count,Team Race,5461,738,13.51,5.65,11.29,826.0,14616.0,0.1513,1.1192,826.0,14616.0,0.1513,87321
A. 0,NONPAYER,Bomb,count,Season Pass (Free),5461,494,9.05,4.6,3.48,672.0,14616.0,0.1231,1.3603,672.0,14616.0,0.1231,87321
A. 0,NONPAYER,Bomb,count,Target Day,5461,483,8.84,4.17,3.16,610.0,14616.0,0.1117,1.2629,610.0,14616.0,0.1117,87321
A. 0,NONPAYER,Bomb,count,Jigsaw,5461,185,3.39,1.31,0.29,191.0,14616.0,0.035,1.0324,191.0,14616.0,0.035,87321
A. 0,NONPAYER,Bomb,count,Photoshoot,5461,137,2.51,1.0,0.24,146.0,14616.0,0.0267,1.0657,146.0,14616.0,0.0267,87321
A. 0,NONPAYER,Bomb,count,Bomb's Ballet,5461,101,1.85,0.7,0.11,102.0,14616.0,0.0187,1.0099,102.0,14616.0,0.0187,87321
A. 0,NONPAYER,Bomb,count,Saga,5461,62,1.14,0.44,0.86,64.0,14616.0,0.0117,1.0323,64.0,14616.0,0.0117,87321
A. 0,NONPAYER,Bomb,count,Kite Festival,5461,56,1.03,0.4,0.49,58.0,14616.0,0.0106,1.0357,58.0,14616.0,0.0106,87321
A. 0,NONPAYER,Bomb,count,Daily Night Sky Prize,5461,1,0.02,0.01,0.02,1.0,14616.0,0.0002,1.0,1.0,14616.0,0.0002,87321
A. 0,NONPAYER,Bomb,count,River Rush,5461,2,0.04,0.01,0.04,2.0,14616.0,0.0004,1.0,2.0,14616.0,0.0004,87321
A. 0,NONPAYER,Chuck,count,Other,8611,3574,41.51,23.37,30.22,5035.0,21541.0,0.5847,1.4088,5035.0,21541.0,0.5847,87321
A. 0,NONPAYER,Chuck,count,Season Pass (Free),8611,2086,24.22,14.67,18.33,3161.0,21541.0,0.3671,1.5153,3161.0,21541.0,0.3671,87321
A. 0,NONPAYER,Chuck,count,Rainbow Maker,8611,724,8.41,9.0,4.27,1939.0,21541.0,0.2252,2.6782,1939.0,21541.0,0.2252,87321
A. 0,NONPAYER,Chuck,count,Jigsaw,8611,1606,18.65,8.7,10.81,1875.0,21541.0,0.2177,1.1675,1875.0,21541.0,0.2177,87321
A. 0,NONPAYER,Chuck,count,Hatchling Hideaway,8611,1233,14.32,7.9,8.1,1702.0,21541.0,0.1977,1.3804,1702.0,21541.0,0.1977,87321
A. 0,NONPAYER,Chuck,count,Flock Flurry,8611,679,7.89,6.98,2.94,1504.0,21541.0,0.1747,2.215,1504.0,21541.0,0.1747,87321
A. 0,NONPAYER,Chuck,count,Core,8611,857,9.95,6.79,6.34,1462.0,21541.0,0.1698,1.706,1462.0,21541.0,0.1698,87321
A. 0,NONPAYER,Chuck,count,Daily Night Sky Prize,8611,497,5.77,5.67,1.46,1222.0,21541.0,0.1419,2.4588,1222.0,21541.0,0.1419,87321
A. 0,NONPAYER,Chuck,count,Bomb's Ballet,8611,1037,12.04,4.97,5.31,1070.0,21541.0,0.1243,1.0318,1070.0,21541.0,0.1243,87321
A. 0,NONPAYER,Chuck,count,Target Day,8611,896,10.41,4.91,5.87,1058.0,21541.0,0.1229,1.1808,1058.0,21541.0,0.1229,87321
A. 0,NONPAYER,Chuck,count,Photoshoot,8611,506,5.88,2.51,0.74,540.0,21541.0,0.0627,1.0672,540.0,21541.0,0.0627,87321
A. 0,NONPAYER,Chuck,count,Team Race,8611,340,3.95,1.7,2.75,367.0,21541.0,0.0426,1.0794,367.0,21541.0,0.0426,87321
A. 0,NONPAYER,Chuck,count,Flash Race,8611,286,3.32,1.58,0.88,340.0,21541.0,0.0395,1.1888,340.0,21541.0,0.0395,87321
A. 0,NONPAYER,Chuck,count,Saga,8611,164,1.9,0.84,1.46,180.0,21541.0,0.0209,1.0976,180.0,21541.0,0.0209,87321
A. 0,NONPAYER,Chuck,count,Kite Festival,8611,76,0.88,0.36,0.46,78.0,21541.0,0.0091,1.0263,78.0,21541.0,0.0091,87321
A. 0,NONPAYER,Chuck,count,River Rush,8611,1,0.01,0.01,0.0,3.0,21541.0,0.0003,3.0,3.0,21541.0,0.0003,87321
A. 0,NONPAYER,Chuck,count,Daily Gift,8611,1,0.01,0.01,0.01,2.0,21541.0,0.0002,2.0,2.0,21541.0,0.0002,87321
A. 0,NONPAYER,Chuck,count,Chuck Challenge,8611,2,0.02,0.01,0.02,3.0,21541.0,0.0003,1.5,3.0,21541.0,0.0003,87321
A. 0,NONPAYER,Comet,count,Rainbow Maker,3845,347,9.02,54.55,2.78,14421.0,26434.0,3.7506,41.5591,14421.0,26434.0,3.7506,87321
A. 0,NONPAYER,Comet,count,Team Race,3845,1662,43.22,7.4,39.83,1955.0,26434.0,0.5085,1.1763,1955.0,26434.0,0.5085,87321
A. 0,NONPAYER,Comet,count,Ads,3845,722,18.78,6.81,9.57,1799.0,26434.0,0.4679,2.4917,1799.0,26434.0,0.4679,87321
A. 0,NONPAYER,Comet,count,Flash Race,3845,669,17.4,5.95,6.46,1574.0,26434.0,0.4094,2.3528,1574.0,26434.0,0.4094,87321
A. 0,NONPAYER,Comet,count,Hatchling Hideaway,3845,821,21.35,5.08,10.66,1343.0,26434.0,0.3493,1.6358,1343.0,26434.0,0.3493,87321
A. 0,NONPAYER,Comet,count,Team Event,3845,585,15.21,4.29,10.36,1133.0,26434.0,0.2947,1.9368,1133.0,26434.0,0.2947,87321
A. 0,NONPAYER,Comet,count,Daily Night Sky Prize,3845,274,7.13,3.34,1.12,883.0,26434.0,0.2296,3.2226,883.0,26434.0,0.2296,87321
A. 0,NONPAYER,Comet,count,Target Day,3845,467,12.15,3.33,3.14,879.0,26434.0,0.2286,1.8822,879.0,26434.0,0.2286,87321
A. 0,NONPAYER,Comet,count,Daily Gift,3845,606,15.76,2.5,8.47,661.0,26434.0,0.1719,1.0908,661.0,26434.0,0.1719,87321
A. 0,NONPAYER,Comet,count,Core,3845,387,10.07,1.75,1.82,462.0,26434.0,0.1202,1.1938,462.0,26434.0,0.1202,87321
A. 0,NONPAYER,Comet,count,Bomb Challenge,3845,253,6.58,1.21,1.5,320.0,26434.0,0.0832,1.2648,320.0,26434.0,0.0832,87321
A. 0,NONPAYER,Comet,count,Chuck Challenge,3845,213,5.54,1.04,1.11,275.0,26434.0,0.0715,1.2911,275.0,26434.0,0.0715,87321
A. 0,NONPAYER,Comet,count,Red Challenge,3845,220,5.72,1.04,1.14,276.0,26434.0,0.0718,1.2545,276.0,26434.0,0.0718,87321
A. 0,NONPAYER,Comet,count,Jigsaw,3845,185,4.81,0.72,0.31,191.0,26434.0,0.0497,1.0324,191.0,26434.0,0.0497,87321
A. 0,NONPAYER,Comet,count,Bomb's Ballet,3845,101,2.63,0.39,0.12,102.0,26434.0,0.0265,1.0099,102.0,26434.0,0.0265,87321
A. 0,NONPAYER,Comet,count,Kite Festival,3845,89,2.31,0.34,0.25,91.0,26434.0,0.0237,1.0225,91.0,26434.0,0.0237,87321
A. 0,NONPAYER,Comet,count,Other,3845,41,1.07,0.17,0.79,44.0,26434.0,0.0114,1.0732,44.0,26434.0,0.0114,87321
A. 0,NONPAYER,Comet,count,Saga,3845,21,0.55,0.08,0.5,21.0,26434.0,0.0055,1.0,21.0,26434.0,0.0055,87321
A. 0,NONPAYER,Comet,count,River Rush,3845,4,0.1,0.02,0.08,4.0,26434.0,0.001,1.0,4.0,26434.0,0.001,87321
A. 0,NONPAYER,HC,HC,Daily Night Sky Prize,18395,1046,5.69,29.72,2.39,1002960.0,3374879.23,54.5235,958.8528,1002960.0,5301525.0,54.5235,87321
A. 0,NONPAYER,HC,HC,Daily Gift,18395,13997,76.09,17.28,55.02,583280.0,3374879.23,31.7086,41.6718,583280.0,5301525.0,31.7086,87321
A. 0,NONPAYER,HC,HC,Team Event,18395,2257,12.27,10.42,6.49,351500.0,3374879.23,19.1085,155.7377,351500.0,5301525.0,19.1085,87321
A. 0,NONPAYER,HC,HC,Ads,18395,1822,9.9,5.18,3.4,174870.0,3374879.23,9.5064,95.9769,174870.0,5301525.0,9.5064,87321
A. 0,NONPAYER,HC,HC,Core,18395,2245,12.2,4.23,7.4,142815.0,3374879.23,7.7638,63.6147,142815.0,5301525.0,7.7638,87321
A. 0,NONPAYER,HC,HC,Target Day,18395,955,5.19,4.22,1.34,142445.0,3374879.23,7.7437,149.1571,142445.0,5301525.0,7.7437,87321
A. 0,NONPAYER,HC,HC,Team Race,18395,1745,9.49,4.06,6.4,136860.0,3374879.23,7.4401,78.4298,136860.0,5301525.0,7.4401,87321
A. 0,NONPAYER,HC,HC,Flash Race,18395,1103,6.0,3.66,1.58,123355.0,3374879.23,6.7059,111.8359,123355.0,5301525.0,6.7059,87321
A. 0,NONPAYER,HC,HC,Rainbow Maker,18395,1198,6.51,3.35,1.54,113034.23,3374879.23,6.1448,94.3524,2039680.0,5301525.0,110.8823,87321
A. 0,NONPAYER,HC,HC,Bomb Challenge,18395,540,2.94,2.84,0.75,95900.0,3374879.23,5.2134,177.5926,95900.0,5301525.0,5.2134,87321
A. 0,NONPAYER,HC,HC,Chuck Challenge,18395,565,3.07,2.76,0.67,93125.0,3374879.23,5.0625,164.823,93125.0,5301525.0,5.0625,87321
A. 0,NONPAYER,HC,HC,Red Challenge,18395,526,2.86,2.69,0.6,90800.0,3374879.23,4.9361,172.6236,90800.0,5301525.0,4.9361,87321
A. 0,NONPAYER,HC,HC,Hatchling Hideaway,18395,1569,8.53,2.17,2.23,73105.0,3374879.23,3.9742,46.5934,73105.0,5301525.0,3.9742,87321
A. 0,NONPAYER,HC,HC,Season Pass (Free),18395,2416,13.13,1.84,6.05,61945.0,3374879.23,3.3675,25.6395,61945.0,5301525.0,3.3675,87321
A. 0,NONPAYER,HC,HC,Kite Festival,18395,298,1.62,1.75,0.3,59000.0,3374879.23,3.2074,197.9866,59000.0,5301525.0,3.2074,87321
A. 0,NONPAYER,HC,HC,Jigsaw,18395,635,3.45,1.03,0.49,34800.0,3374879.23,1.8918,54.8031,34800.0,5301525.0,1.8918,87321
A. 0,NONPAYER,HC,HC,Other,18395,1456,7.92,0.92,1.63,31010.0,3374879.23,1.6858,21.2981,31010.0,5301525.0,1.6858,87321
A. 0,NONPAYER,HC,HC,Bomb's Ballet,18395,581,3.16,0.82,0.21,27600.0,3374879.23,1.5004,47.5043,27600.0,5301525.0,1.5004,87321
A. 0,NONPAYER,HC,HC,Photoshoot,18395,482,2.62,0.81,0.08,27450.0,3374879.23,1.4923,56.9502,27450.0,5301525.0,1.4923,87321
A. 0,NONPAYER,HC,HC,Saga,18395,474,2.58,0.26,1.4,8810.0,3374879.23,0.4789,18.5865,8810.0,5301525.0,0.4789,87321
A. 0,NONPAYER,HC,HC,River Rush,18395,4,0.02,0.01,0.01,215.0,3374879.23,0.0117,53.75,215.0,5301525.0,0.0117,87321
A. 0,NONPAYER,Red,count,Other,7669,3728,48.61,23.68,35.73,5213.0,22015.0,0.6797,1.3983,5213.0,22015.0,0.6797,87321
A. 0,NONPAYER,Red,count,Daily Night Sky Prize,7669,781,10.18,17.83,3.69,3926.0,22015.0,0.5119,5.0269,3926.0,22015.0,0.5119,87321
A. 0,NONPAYER,Red,count,Hatchling Hideaway,7669,2089,27.24,12.25,17.67,2696.0,22015.0,0.3515,1.2906,2696.0,22015.0,0.3515,87321
A. 0,NONPAYER,Red,count,Rainbow Maker,7669,875,11.41,11.51,5.25,2535.0,22015.0,0.3306,2.8971,2535.0,22015.0,0.3306,87321
A. 0,NONPAYER,Red,count,Season Pass (Free),7669,1223,15.95,8.57,11.7,1887.0,22015.0,0.2461,1.5429,1887.0,22015.0,0.2461,87321
A. 0,NONPAYER,Red,count,Target Day,7669,1369,17.85,6.95,12.51,1529.0,22015.0,0.1994,1.1169,1529.0,22015.0,0.1994,87321
A. 0,NONPAYER,Red,count,Flock Flurry,7669,679,8.85,6.83,3.07,1504.0,22015.0,0.1961,2.215,1504.0,22015.0,0.1961,87321
A. 0,NONPAYER,Red,count,Core,7669,478,6.23,2.46,2.82,541.0,22015.0,0.0705,1.1318,541.0,22015.0,0.0705,87321
A. 0,NONPAYER,Red,count,Jigsaw,7669,520,6.78,2.44,0.94,538.0,22015.0,0.0702,1.0346,538.0,22015.0,0.0702,87321
A. 0,NONPAYER,Red,count,Bomb's Ballet,7669,476,6.21,2.2,0.63,485.0,22015.0,0.0632,1.0189,485.0,22015.0,0.0632,87321
A. 0,NONPAYER,Red,count,Photoshoot,7669,392,5.11,1.93,0.4,424.0,22015.0,0.0553,1.0816,424.0,22015.0,0.0553,87321
A. 0,NONPAYER,Red,count,Saga,7669,207,2.7,1.1,2.27,242.0,22015.0,0.0316,1.1691,242.0,22015.0,0.0316,87321
A. 0,NONPAYER,Red,count,Team Race,7669,218,2.84,1.04,2.19,230.0,22015.0,0.03,1.055,230.0,22015.0,0.03,87321
A. 0,NONPAYER,Red,count,Flash Race,7669,155,2.02,0.79,0.45,174.0,22015.0,0.0227,1.1226,174.0,22015.0,0.0227,87321
A. 0,NONPAYER,Red,count,Kite Festival,7669,84,1.1,0.4,0.66,87.0,22015.0,0.0113,1.0357,87.0,22015.0,0.0113,87321
A. 0,NONPAYER,Red,count,River Rush,7669,2,0.03,0.01,0.01,2.0,22015.0,0.0003,1.0,2.0,22015.0,0.0003,87321
A. 0,NONPAYER,Red,count,Chuck Challenge,7669,2,0.03,0.01,0.03,2.0,22015.0,0.0003,1.0,2.0,22015.0,0.0003,87321
A. 0,NONPAYER,SPT,count,Rainbow Maker,4576,1227,26.81,50.11,18.48,570877.61,1139297.61,124.7547,465.2629,633420.0,1201840.0,138.4222,87321
A. 0,NONPAYER,SPT,count,Flash Race,4576,1242,27.14,21.18,16.21,241320.0,1139297.61,52.736,194.2995,241320.0,1201840.0,52.736,87321
A. 0,NONPAYER,SPT,count,Other,4576,3045,66.54,15.54,52.23,177080.0,1139297.61,38.6976,58.1544,177080.0,1201840.0,38.6976,87321
A. 0,NONPAYER,SPT,count,Kite Festival,4576,839,18.33,10.75,9.65,122470.0,1139297.61,26.7635,145.9714,122470.0,1201840.0,26.7635,87321
A. 0,NONPAYER,SPT,count,Flock Flurry,4576,619,13.53,2.42,3.41,27520.0,1139297.61,6.014,44.4588,27520.0,1201840.0,6.014,87321
A. 0,NONPAYER,SPT,count,River Rush,4576,1,0.02,0.0,0.02,30.0,1139297.61,0.0066,30.0,30.0,1201840.0,0.0066,87321
A. 0,NONPAYER,SPTx2,minutes,Rainbow Maker,648,622,95.99,97.61,95.99,17380.0,17805.0,26.821,27.9421,17380.0,17805.0,26.821,87321
A. 0,NONPAYER,SPTx2,minutes,Daily Gift,648,23,3.55,2.19,3.55,390.0,17805.0,0.6019,16.9565,390.0,17805.0,0.6019,87321
A. 0,NONPAYER,SPTx2,minutes,River Rush,648,3,0.46,0.2,0.46,35.0,17805.0,0.054,11.6667,35.0,17805.0,0.054,87321
A. 0,NONPAYER,Shuffle,count,Rainbow Maker,6549,689,10.52,42.33,2.81,15545.0,36724.0,2.3736,22.5617,15545.0,36724.0,2.3736,87321
A. 0,NONPAYER,Shuffle,count,Daily Gift,6549,3454,52.74,14.41,38.06,5292.0,36724.0,0.8081,1.5321,5292.0,36724.0,0.8081,87321
A. 0,NONPAYER,Shuffle,count,Ads,6549,1063,16.23,10.73,7.98,3941.0,36724.0,0.6018,3.7074,3941.0,36724.0,0.6018,87321
A. 0,NONPAYER,Shuffle,count,Team Event,6549,623,9.51,4.94,6.13,1816.0,36724.0,0.2773,2.9149,1816.0,36724.0,0.2773,87321
A. 0,NONPAYER,Shuffle,count,Team Race,6549,1152,17.59,3.73,13.86,1371.0,36724.0,0.2093,1.1901,1371.0,36724.0,0.2093,87321
A. 0,NONPAYER,Shuffle,count,Core,6549,804,12.28,3.64,4.16,1335.0,36724.0,0.2038,1.6604,1335.0,36724.0,0.2038,87321
A. 0,NONPAYER,Shuffle,count,Hatchling Hideaway,6549,771,11.77,3.61,3.03,1327.0,36724.0,0.2026,1.7211,1327.0,36724.0,0.2026,87321
A. 0,NONPAYER,Shuffle,count,Flash Race,6549,693,10.58,3.5,2.8,1285.0,36724.0,0.1962,1.8543,1285.0,36724.0,0.1962,87321
A. 0,NONPAYER,Shuffle,count,Chuck Challenge,6549,706,10.78,2.4,3.74,880.0,36724.0,0.1344,1.2465,880.0,36724.0,0.1344,87321
A. 0,NONPAYER,Shuffle,count,Red Challenge,6549,680,10.38,2.33,3.79,856.0,36724.0,0.1307,1.2588,856.0,36724.0,0.1307,87321
A. 0,NONPAYER,Shuffle,count,Target Day,6549,538,8.21,2.15,2.17,790.0,36724.0,0.1206,1.4684,790.0,36724.0,0.1206,87321
A. 0,NONPAYER,Shuffle,count,Bomb Challenge,6549,640,9.77,2.07,3.71,759.0,36724.0,0.1159,1.1859,759.0,36724.0,0.1159,87321
A. 0,NONPAYER,Shuffle,count,Season Pass (Free),6549,607,9.27,1.97,4.07,725.0,36724.0,0.1107,1.1944,725.0,36724.0,0.1107,87321
A. 0,NONPAYER,Shuffle,count,Other,6549,188,2.87,0.63,1.95,230.0,36724.0,0.0351,1.2234,230.0,36724.0,0.0351,87321
A. 0,NONPAYER,Shuffle,count,Kite Festival,6549,197,3.01,0.55,0.59,203.0,36724.0,0.031,1.0305,203.0,36724.0,0.031,87321
A. 0,NONPAYER,Shuffle,count,Photoshoot,6549,183,2.79,0.52,0.14,190.0,36724.0,0.029,1.0383,190.0,36724.0,0.029,87321
A. 0,NONPAYER,Shuffle,count,Bomb's Ballet,6549,102,1.56,0.28,0.05,102.0,36724.0,0.0156,1.0,102.0,36724.0,0.0156,87321
A. 0,NONPAYER,Shuffle,count,Saga,6549,67,1.02,0.19,0.91,70.0,36724.0,0.0107,1.0448,70.0,36724.0,0.0107,87321
A. 0,NONPAYER,Shuffle,count,Daily Night Sky Prize,6549,1,0.02,0.01,0.02,2.0,36724.0,0.0003,2.0,2.0,36724.0,0.0003,87321
A. 0,NONPAYER,Shuffle,count,River Rush,6549,4,0.06,0.01,0.05,5.0,36724.0,0.0008,1.25,5.0,36724.0,0.0008,87321
A. 0,NONPAYER,Slingshot,count,Rainbow Maker,8798,800,9.09,34.52,3.42,15178.0,43969.0,1.7252,18.9725,15178.0,43969.0,1.7252,87321
A. 0,NONPAYER,Slingshot,count,Daily Gift,8798,4665,53.02,17.8,38.07,7828.0,43969.0,0.8897,1.678,7828.0,43969.0,0.8897,87321
A. 0,NONPAYER,Slingshot,count,Team Event,8798,1799,20.45,9.12,11.26,4008.0,43969.0,0.4556,2.2279,4008.0,43969.0,0.4556,87321
A. 0,NONPAYER,Slingshot,count,Ads,8798,1101,12.51,9.1,5.28,4001.0,43969.0,0.4548,3.634,4001.0,43969.0,0.4548,87321
A. 0,NONPAYER,Slingshot,count,Daily Night Sky Prize,8798,674,7.66,4.79,1.4,2106.0,43969.0,0.2394,3.1246,2106.0,43969.0,0.2394,87321
A. 0,NONPAYER,Slingshot,count,Flock Flurry,8798,679,7.72,3.42,2.26,1504.0,43969.0,0.1709,2.215,1504.0,43969.0,0.1709,87321
A. 0,NONPAYER,Slingshot,count,Hatchling Hideaway,8798,649,7.38,2.83,1.02,1244.0,43969.0,0.1414,1.9168,1244.0,43969.0,0.1414,87321
A. 0,NONPAYER,Slingshot,count,Target Day,8798,914,10.39,2.71,4.39,1192.0,43969.0,0.1355,1.3042,1192.0,43969.0,0.1355,87321
A. 0,NONPAYER,Slingshot,count,Team Race,8798,869,9.88,2.4,6.81,1056.0,43969.0,0.12,1.2152,1056.0,43969.0,0.12,87321
A. 0,NONPAYER,Slingshot,count,Core,8798,786,8.93,2.36,3.31,1039.0,43969.0,0.1181,1.3219,1039.0,43969.0,0.1181,87321
A. 0,NONPAYER,Slingshot,count,Chuck Challenge,8798,870,9.89,2.18,5.51,957.0,43969.0,0.1088,1.1,957.0,43969.0,0.1088,87321
A. 0,NONPAYER,Slingshot,count,Red Challenge,8798,820,9.32,2.0,5.27,881.0,43969.0,0.1001,1.0744,881.0,43969.0,0.1001,87321
A. 0,NONPAYER,Slingshot,count,Bomb Challenge,8798,766,8.71,1.87,5.16,821.0,43969.0,0.0933,1.0718,821.0,43969.0,0.0933,87321
A. 0,NONPAYER,Slingshot,count,Flash Race,8798,465,5.29,1.56,1.26,686.0,43969.0,0.078,1.4753,686.0,43969.0,0.078,87321
A. 0,NONPAYER,Slingshot,count,Other,8798,342,3.89,0.85,2.81,373.0,43969.0,0.0424,1.0906,373.0,43969.0,0.0424,87321
A. 0,NONPAYER,Slingshot,count,Season Pass (Free),8798,330,3.75,0.83,0.77,363.0,43969.0,0.0413,1.1,363.0,43969.0,0.0413,87321
A. 0,NONPAYER,Slingshot,count,Jigsaw,8798,231,2.63,0.55,0.16,240.0,43969.0,0.0273,1.039,240.0,43969.0,0.0273,87321
A. 0,NONPAYER,Slingshot,count,Kite Festival,8798,208,2.36,0.5,0.87,218.0,43969.0,0.0248,1.0481,218.0,43969.0,0.0248,87321
A. 0,NONPAYER,Slingshot,count,Bomb's Ballet,8798,166,1.89,0.38,0.08,168.0,43969.0,0.0191,1.012,168.0,43969.0,0.0191,87321
A. 0,NONPAYER,Slingshot,count,Saga,8798,98,1.11,0.24,0.87,104.0,43969.0,0.0118,1.0612,104.0,43969.0,0.0118,87321
A. 0,NONPAYER,Slingshot,count,River Rush,8798,2,0.02,0.0,0.01,2.0,43969.0,0.0002,1.0,2.0,43969.0,0.0002,87321
A. 0,NONPAYER,UL Bomb,minutes,Daily Gift,1040,489,47.02,41.6,36.9,15930.0,38295.0,15.3173,32.5767,15930.0,38295.0,15.3173,87321
A. 0,NONPAYER,UL Bomb,minutes,Bomb's Ballet,1040,518,49.81,21.35,23.96,8175.0,38295.0,7.8606,15.7819,8175.0,38295.0,7.8606,87321
A. 0,NONPAYER,UL Bomb,minutes,Jigsaw,1040,524,50.38,21.33,24.77,8170.0,38295.0,7.8558,15.5916,8170.0,38295.0,7.8558,87321
A. 0,NONPAYER,UL Bomb,minutes,Photoshoot,1040,218,20.96,8.89,6.96,3405.0,38295.0,3.274,15.6193,3405.0,38295.0,3.274,87321
A. 0,NONPAYER,UL Bomb,minutes,Other,1040,58,5.58,6.19,5.53,2370.0,38295.0,2.2788,40.8621,2370.0,38295.0,2.2788,87321
A. 0,NONPAYER,UL Bomb,minutes,Season Pass (Free),1040,18,1.73,0.55,1.73,210.0,38295.0,0.2019,11.6667,210.0,38295.0,0.2019,87321
A. 0,NONPAYER,UL Bomb,minutes,River Rush,1040,2,0.19,0.09,0.15,35.0,38295.0,0.0337,17.5,35.0,38295.0,0.0337,87321
A. 0,NONPAYER,UL Chuck,minutes,Daily Gift,2510,526,20.96,32.04,15.46,32820.0,102425.0,13.0757,62.3954,32820.0,102425.0,13.0757,87321
A. 0,NONPAYER,UL Chuck,minutes,Season Pass (Free),2510,1017,40.52,16.31,37.85,16710.0,102425.0,6.6574,16.4307,16710.0,102425.0,6.6574,87321
A. 0,NONPAYER,UL Chuck,minutes,Jigsaw,2510,933,37.17,13.92,19.64,14255.0,102425.0,5.6793,15.2787,14255.0,102425.0,5.6793,87321
A. 0,NONPAYER,UL Chuck,minutes,Hatchling Hideaway,2510,632,25.18,11.73,8.15,12010.0,102425.0,4.7849,19.0032,12010.0,102425.0,4.7849,87321
A. 0,NONPAYER,UL Chuck,minutes,Bomb's Ballet,2510,668,26.61,10.17,10.34,10415.0,102425.0,4.1494,15.5913,10415.0,102425.0,4.1494,87321
A. 0,NONPAYER,UL Chuck,minutes,Rainbow Maker,2510,413,16.45,8.38,3.58,8580.0,102425.0,3.4183,20.7748,8580.0,102425.0,3.4183,87321
A. 0,NONPAYER,UL Chuck,minutes,Photoshoot,2510,329,13.11,5.13,2.68,5250.0,102425.0,2.0916,15.9574,5250.0,102425.0,2.0916,87321
A. 0,NONPAYER,UL Chuck,minutes,Other,2510,58,2.31,2.31,2.25,2370.0,102425.0,0.9442,40.8621,2370.0,102425.0,0.9442,87321
A. 0,NONPAYER,UL Chuck,minutes,Team Race,2510,1,0.04,0.01,0.04,15.0,102425.0,0.006,15.0,15.0,102425.0,0.006,87321
A. 0,NONPAYER,UL Red,minutes,Daily Gift,3729,630,16.89,32.86,13.26,39060.0,118850.0,10.4747,62.0,39060.0,118850.0,10.4747,87321
A. 0,NONPAYER,UL Red,minutes,Season Pass (Free),3729,1829,49.05,20.13,43.13,23920.0,118850.0,6.4146,13.0782,23920.0,118850.0,6.4146,87321
A. 0,NONPAYER,UL Red,minutes,Jigsaw,3729,1203,32.26,16.15,20.15,19190.0,118850.0,5.1462,15.9518,19190.0,118850.0,5.1462,87321
A. 0,NONPAYER,UL Red,minutes,Bomb's Ballet,3729,777,20.84,11.06,9.68,13140.0,118850.0,3.5237,16.9112,13140.0,118850.0,3.5237,87321
A. 0,NONPAYER,UL Red,minutes,Hatchling Hideaway,3729,733,19.66,10.64,8.07,12640.0,118850.0,3.3896,17.2442,12640.0,118850.0,3.3896,87321
A. 0,NONPAYER,UL Red,minutes,Photoshoot,3729,429,11.5,5.76,2.65,6840.0,118850.0,1.8343,15.9441,6840.0,118850.0,1.8343,87321
A. 0,NONPAYER,UL Red,minutes,Other,3729,60,1.61,2.04,1.52,2425.0,118850.0,0.6503,40.4167,2425.0,118850.0,0.6503,87321
A. 0,NONPAYER,UL Red,minutes,Rainbow Maker,3729,105,2.82,1.35,1.5,1600.0,118850.0,0.4291,15.2381,1600.0,118850.0,0.4291,87321
A. 0,NONPAYER,UL Red,minutes,Daily Night Sky Prize,3729,1,0.03,0.02,0.03,20.0,118850.0,0.0054,20.0,20.0,118850.0,0.0054,87321
A. 0,NONPAYER,UL Red,minutes,Saga,3729,1,0.03,0.01,0.01,15.0,118850.0,0.004,15.0,15.0,118850.0,0.004,87321
A. 0,NONPAYER,Unlimited Lives,minutes,Daily Gift,16445,12336,75.01,30.52,54.08,704855.0,2309345.0,42.8614,57.1381,704855.0,2309345.0,42.8614,87321
A. 0,NONPAYER,Unlimited Lives,minutes,Flock Flurry,16445,3569,21.7,17.67,13.65,408100.0,2309345.0,24.8161,114.3458,408100.0,2309345.0,24.8161,87321
A. 0,NONPAYER,Unlimited Lives,minutes,Daily Night Sky Prize,16445,1700,10.34,8.98,4.0,207320.0,2309345.0,12.6069,121.9529,207320.0,2309345.0,12.6069,87321
A. 0,NONPAYER,Unlimited Lives,minutes,Hatchling Hideaway,16445,2296,13.96,8.83,7.77,203880.0,2309345.0,12.3977,88.7979,203880.0,2309345.0,12.3977,87321
A. 0,NONPAYER,Unlimited Lives,minutes,Season Pass (Free),16445,2120,12.89,5.74,7.59,132590.0,2309345.0,8.0626,62.5425,132590.0,2309345.0,8.0626,87321
A. 0,NONPAYER,Unlimited Lives,minutes,Target Day,16445,783,4.76,4.72,0.66,108980.0,2309345.0,6.6269,139.1826,108980.0,2309345.0,6.6269,87321
A. 0,NONPAYER,Unlimited Lives,minutes,Rainbow Maker,16445,991,6.03,4.66,1.55,107605.0,2309345.0,6.5433,108.5822,107605.0,2309345.0,6.5433,87321
A. 0,NONPAYER,Unlimited Lives,minutes,Core,16445,949,5.77,3.35,1.66,77460.0,2309345.0,4.7102,81.6228,77460.0,2309345.0,4.7102,87321
A. 0,NONPAYER,Unlimited Lives,minutes,Photoshoot,16445,508,3.09,3.09,0.34,71250.0,2309345.0,4.3326,140.2559,71250.0,2309345.0,4.3326,87321
A. 0,NONPAYER,Unlimited Lives,minutes,Kite Festival,16445,971,5.9,2.89,1.39,66680.0,2309345.0,4.0547,68.6715,66680.0,2309345.0,4.0547,87321
A. 0,NONPAYER,Unlimited Lives,minutes,Jigsaw,16445,743,4.52,2.76,1.07,63720.0,2309345.0,3.8747,85.7604,63720.0,2309345.0,3.8747,87321
A. 0,NONPAYER,Unlimited Lives,minutes,Ads,16445,1158,7.04,2.5,1.24,57795.0,2309345.0,3.5144,49.9093,57795.0,2309345.0,3.5144,87321
A. 0,NONPAYER,Unlimited Lives,minutes,Bomb's Ballet,16445,634,3.86,2.28,0.54,52710.0,2309345.0,3.2052,83.1388,52710.0,2309345.0,3.2052,87321
A. 0,NONPAYER,Unlimited Lives,minutes,Other,16445,659,4.01,1.18,2.27,27150.0,2309345.0,1.651,41.1988,27150.0,2309345.0,1.651,87321
A. 0,NONPAYER,Unlimited Lives,minutes,Saga,16445,561,3.41,0.6,1.86,13900.0,2309345.0,0.8452,24.7772,13900.0,2309345.0,0.8452,87321
A. 0,NONPAYER,Unlimited Lives,minutes,Flash Race,16445,100,0.61,0.23,0.33,5290.0,2309345.0,0.3217,52.9,5290.0,2309345.0,0.3217,87321
A. 0,NONPAYER,Unlimited Lives,minutes,Team Race,16445,1,0.01,0.0,0.0,60.0,2309345.0,0.0036,60.0,60.0,2309345.0,0.0036,87321
A. 0,PAYER,Bomb,count,Other,1434,1015,70.78,36.21,53.54,1743.0,4813.0,1.2155,1.7172,1743.0,4813.0,1.2155,15915
A. 0,PAYER,Bomb,count,Rainbow Maker,1434,190,13.25,14.61,3.4,703.0,4813.0,0.4902,3.7,703.0,4813.0,0.4902,15915
A. 0,PAYER,Bomb,count,Flock Flurry,1434,260,18.13,10.64,6.89,512.0,4813.0,0.357,1.9692,512.0,4813.0,0.357,15915
A. 0,PAYER,Bomb,count,Season Pass (Free),1434,212,14.78,9.02,5.4,434.0,4813.0,0.3026,2.0472,434.0,4813.0,0.3026,15915
A. 0,PAYER,Bomb,count,Hatchling Hideaway,1434,249,17.36,8.56,5.75,412.0,4813.0,0.2873,1.6546,412.0,4813.0,0.2873,15915
A. 0,PAYER,Bomb,count,Team Race,1434,291,20.29,6.77,16.28,326.0,4813.0,0.2273,1.1203,326.0,4813.0,0.2273,15915
A. 0,PAYER,Bomb,count,Flash Race,1434,151,10.53,4.38,2.47,211.0,4813.0,0.1471,1.3974,211.0,4813.0,0.1471,15915
A. 0,PAYER,Bomb,count,Target Day,1434,167,11.65,4.13,3.81,199.0,4813.0,0.1388,1.1916,199.0,4813.0,0.1388,15915
A. 0,PAYER,Bomb,count,Core,1434,91,6.35,2.08,0.79,100.0,4813.0,0.0697,1.0989,100.0,4813.0,0.0697,15915
A. 0,PAYER,Bomb,count,Jigsaw,1434,64,4.46,1.35,0.35,65.0,4813.0,0.0453,1.0156,65.0,4813.0,0.0453,15915
A. 0,PAYER,Bomb,count,Bomb's Ballet,1434,41,2.86,0.87,0.2,42.0,4813.0,0.0293,1.0244,42.0,4813.0,0.0293,15915
A. 0,PAYER,Bomb,count,Photoshoot,1434,40,2.79,0.83,0.28,40.0,4813.0,0.0279,1.0,40.0,4813.0,0.0279,15915
A. 0,PAYER,Bomb,count,Kite Festival,1434,14,0.98,0.33,0.45,16.0,4813.0,0.0112,1.1429,16.0,4813.0,0.0112,15915
A. 0,PAYER,Bomb,count,Saga,1434,10,0.7,0.21,0.38,10.0,4813.0,0.007,1.0,10.0,4813.0,0.007,15915
A. 0,PAYER,Chuck,count,Other,1790,1022,57.09,28.72,37.9,1748.0,6086.0,0.9765,1.7104,1748.0,6086.0,0.9765,15915
A. 0,PAYER,Chuck,count,Season Pass (Free),1790,420,23.46,12.39,13.2,754.0,6086.0,0.4212,1.7952,754.0,6086.0,0.4212,15915
A. 0,PAYER,Chuck,count,Rainbow Maker,1790,213,11.9,9.32,5.13,567.0,6086.0,0.3168,2.662,567.0,6086.0,0.3168,15915
A. 0,PAYER,Chuck,count,Flock Flurry,1790,260,14.53,8.41,5.21,512.0,6086.0,0.286,1.9692,512.0,6086.0,0.286,15915
A. 0,PAYER,Chuck,count,Hatchling Hideaway,1790,309,17.26,7.1,7.48,432.0,6086.0,0.2413,1.3981,432.0,6086.0,0.2413,15915
A. 0,PAYER,Chuck,count,Jigsaw,1790,375,20.95,6.92,7.96,421.0,6086.0,0.2352,1.1227,421.0,6086.0,0.2352,15915
A. 0,PAYER,Chuck,count,Daily Night Sky Prize,1790,173,9.66,6.24,2.04,380.0,6086.0,0.2123,2.1965,380.0,6086.0,0.2123,15915
A. 0,PAYER,Chuck,count,Target Day,1790,286,15.98,5.78,7.69,352.0,6086.0,0.1966,1.2308,352.0,6086.0,0.1966,15915
A. 0,PAYER,Chuck,count,Bomb's Ballet,1790,293,16.37,5.0,4.2,304.0,6086.0,0.1698,1.0375,304.0,6086.0,0.1698,15915
A. 0,PAYER,Chuck,count,Photoshoot,1790,183,10.22,3.12,1.15,190.0,6086.0,0.1061,1.0383,190.0,6086.0,0.1061,15915
A. 0,PAYER,Chuck,count,Team Race,1790,149,8.32,2.66,5.67,162.0,6086.0,0.0905,1.0872,162.0,6086.0,0.0905,15915
A. 0,PAYER,Chuck,count,Core,1790,111,6.2,2.35,0.8,143.0,6086.0,0.0799,1.2883,143.0,6086.0,0.0799,15915
A. 0,PAYER,Chuck,count,Flash Race,1790,77,4.3,1.58,0.85,96.0,6086.0,0.0536,1.2468,96.0,6086.0,0.0536,15915
A. 0,PAYER,Chuck,count,Kite Festival,1790,17,0.95,0.28,0.52,17.0,6086.0,0.0095,1.0,17.0,6086.0,0.0095,15915
A. 0,PAYER,Chuck,count,Saga,1790,7,0.39,0.13,0.2,8.0,6086.0,0.0045,1.1429,8.0,6086.0,0.0045,15915
A. 0,PAYER,Comet,count,Rainbow Maker,1174,105,8.94,64.8,2.67,8478.0,13084.0,7.2215,80.7429,8478.0,13084.0,7.2215,15915
A. 0,PAYER,Comet,count,Ads,1174,368,31.35,5.61,17.19,734.0,13084.0,0.6252,1.9946,734.0,13084.0,0.6252,15915
A. 0,PAYER,Comet,count,Flash Race,1174,253,21.55,5.36,6.53,701.0,13084.0,0.5971,2.7708,701.0,13084.0,0.5971,15915
A. 0,PAYER,Comet,count,Team Race,1174,539,45.91,5.03,39.88,658.0,13084.0,0.5605,1.2208,658.0,13084.0,0.5605,15915
A. 0,PAYER,Comet,count,Team Event,1174,217,18.48,3.76,8.61,492.0,13084.0,0.4191,2.2673,492.0,13084.0,0.4191,15915
A. 0,PAYER,Comet,count,Hatchling Hideaway,1174,242,20.61,3.08,7.02,403.0,13084.0,0.3433,1.6653,403.0,13084.0,0.3433,15915
A. 0,PAYER,Comet,count,Target Day,1174,162,13.8,2.38,2.72,312.0,13084.0,0.2658,1.9259,312.0,13084.0,0.2658,15915
A. 0,PAYER,Comet,count,Daily Night Sky Prize,1174,99,8.43,2.19,1.08,286.0,13084.0,0.2436,2.8889,286.0,13084.0,0.2436,15915
A. 0,PAYER,Comet,count,Season Pass (Free),1174,92,7.84,1.54,2.21,202.0,13084.0,0.1721,2.1957,202.0,13084.0,0.1721,15915
A. 0,PAYER,Comet,count,Daily Gift,1174,186,15.84,1.54,6.82,202.0,13084.0,0.1721,1.086,202.0,13084.0,0.1721,15915
A. 0,PAYER,Comet,count,Core,1174,108,9.2,0.95,0.94,124.0,13084.0,0.1056,1.1481,124.0,13084.0,0.1056,15915
A. 0,PAYER,Comet,count,Red Challenge,1174,84,7.16,0.86,1.08,112.0,13084.0,0.0954,1.3333,112.0,13084.0,0.0954,15915
A. 0,PAYER,Comet,count,Bomb Challenge,1174,72,6.13,0.68,0.98,89.0,13084.0,0.0758,1.2361,89.0,13084.0,0.0758,15915
A. 0,PAYER,Comet,count,Chuck Challenge,1174,69,5.88,0.63,0.88,83.0,13084.0,0.0707,1.2029,83.0,13084.0,0.0707,15915
A. 0,PAYER,Comet,count,Other,1174,34,2.9,0.56,0.69,73.0,13084.0,0.0622,2.1471,73.0,13084.0,0.0622,15915
A. 0,PAYER,Comet,count,Jigsaw,1174,64,5.45,0.5,0.26,65.0,13084.0,0.0554,1.0156,65.0,13084.0,0.0554,15915
A. 0,PAYER,Comet,count,Bomb's Ballet,1174,41,3.49,0.32,0.13,42.0,13084.0,0.0358,1.0244,42.0,13084.0,0.0358,15915
A. 0,PAYER,Comet,count,Kite Festival,1174,25,2.13,0.2,0.13,26.0,13084.0,0.0221,1.04,26.0,13084.0,0.0221,15915
A. 0,PAYER,Comet,count,Saga,1174,2,0.17,0.02,0.17,2.0,13084.0,0.0017,1.0,2.0,13084.0,0.0017,15915
A. 0,PAYER,HC,HC,Daily Night Sky Prize,3473,327,9.42,28.33,3.11,311700.0,1100250.55,89.7495,953.211,311700.0,2163195.0,89.7495,15915
A. 0,PAYER,HC,HC,Daily Gift,3473,2807,80.82,14.86,47.54,163475.0,1100250.55,47.0703,58.2383,163475.0,2163195.0,47.0703,15915
A. 0,PAYER,HC,HC,Team Event,3473,759,21.85,12.49,9.74,137370.0,1100250.55,39.5537,180.9881,137370.0,2163195.0,39.5537,15915
A. 0,PAYER,HC,HC,Ads,3473,963,27.73,6.65,10.08,73125.0,1100250.55,21.0553,75.9346,73125.0,2163195.0,21.0553,15915
A. 0,PAYER,HC,HC,Target Day,3473,322,9.27,4.26,1.92,46875.0,1100250.55,13.497,145.5745,46875.0,2163195.0,13.497,15915
A. 0,PAYER,HC,HC,Flash Race,3473,325,9.36,4.24,1.28,46675.0,1100250.55,13.4394,143.6154,46675.0,2163195.0,13.4394,15915
A. 0,PAYER,HC,HC,Team Race,3473,595,17.13,4.15,10.38,45675.0,1100250.55,13.1515,76.7647,45675.0,2163195.0,13.1515,15915
A. 0,PAYER,HC,HC,Rainbow Maker,3473,357,10.28,3.66,1.54,40315.55,1100250.55,11.6083,112.9287,1103260.0,2163195.0,317.6677,15915
A. 0,PAYER,HC,HC,Red Challenge,3473,178,5.13,3.06,0.73,33650.0,1100250.55,9.689,189.0449,33650.0,2163195.0,9.689,15915
A. 0,PAYER,HC,HC,Season Pass (Free),3473,554,15.95,2.83,4.86,31085.0,1100250.55,8.9505,56.1101,31085.0,2163195.0,8.9505,15915
A. 0,PAYER,HC,HC,Core,3473,276,7.95,2.71,0.63,29800.0,1100250.55,8.5805,107.971,29800.0,2163195.0,8.5805,15915
A. 0,PAYER,HC,HC,Bomb Challenge,3473,160,4.61,2.5,0.92,27550.0,1100250.55,7.9326,172.1875,27550.0,2163195.0,7.9326,15915
A. 0,PAYER,HC,HC,Chuck Challenge,3473,163,4.69,2.44,0.76,26850.0,1100250.55,7.7311,164.7239,26850.0,2163195.0,7.7311,15915
A. 0,PAYER,HC,HC,Hatchling Hideaway,3473,420,12.09,1.97,1.65,21690.0,1100250.55,6.2453,51.6429,21690.0,2163195.0,6.2453,15915
A. 0,PAYER,HC,HC,Kite Festival,3473,90,2.59,1.62,0.29,17800.0,1100250.55,5.1253,197.7778,17800.0,2163195.0,5.1253,15915
A. 0,PAYER,HC,HC,Other,3473,806,23.21,1.36,3.41,15005.0,1100250.55,4.3205,18.6166,15005.0,2163195.0,4.3205,15915
A. 0,PAYER,HC,HC,Jigsaw,3473,222,6.39,1.07,0.42,11800.0,1100250.55,3.3976,53.1532,11800.0,2163195.0,3.3976,15915
A. 0,PAYER,HC,HC,Bomb's Ballet,3473,222,6.39,0.96,0.23,10525.0,1100250.55,3.0305,47.4099,10525.0,2163195.0,3.0305,15915
A. 0,PAYER,HC,HC,Photoshoot,3473,165,4.75,0.78,0.1,8550.0,1100250.55,2.4618,51.8182,8550.0,2163195.0,2.4618,15915
A. 0,PAYER,HC,HC,Saga,3473,37,1.07,0.06,0.4,685.0,1100250.55,0.1972,18.5135,685.0,2163195.0,0.1972,15915
A. 0,PAYER,HC,HC,River Rush,3473,1,0.03,0.0,0.0,50.0,1100250.55,0.0144,50.0,50.0,2163195.0,0.0144,15915
A. 0,PAYER,Red,count,Other,1805,1028,56.95,24.8,36.86,1674.0,6750.0,0.9274,1.6284,1674.0,6750.0,0.9274,15915
A. 0,PAYER,Red,count,Daily Night Sky Prize,1805,289,16.01,18.12,4.97,1223.0,6750.0,0.6776,4.2318,1223.0,6750.0,0.6776,15915
A. 0,PAYER,Red,count,Rainbow Maker,1805,268,14.85,10.92,5.97,737.0,6750.0,0.4083,2.75,737.0,6750.0,0.4083,15915
A. 0,PAYER,Red,count,Hatchling Hideaway,1805,541,29.97,10.71,15.7,723.0,6750.0,0.4006,1.3364,723.0,6750.0,0.4006,15915
A. 0,PAYER,Red,count,Season Pass (Free),1805,360,19.94,9.35,10.55,631.0,6750.0,0.3496,1.7528,631.0,6750.0,0.3496,15915
A. 0,PAYER,Red,count,Flock Flurry,1805,260,14.4,7.59,4.55,512.0,6750.0,0.2837,1.9692,512.0,6750.0,0.2837,15915
A. 0,PAYER,Red,count,Target Day,1805,402,22.27,7.04,13.75,475.0,6750.0,0.2632,1.1816,475.0,6750.0,0.2632,15915
A. 0,PAYER,Red,count,Bomb's Ballet,1805,181,10.03,2.79,0.74,188.0,6750.0,0.1042,1.0387,188.0,6750.0,0.1042,15915
A. 0,PAYER,Red,count,Jigsaw,1805,175,9.7,2.71,0.87,183.0,6750.0,0.1014,1.0457,183.0,6750.0,0.1014,15915
A. 0,PAYER,Red,count,Photoshoot,1805,129,7.15,1.96,0.58,132.0,6750.0,0.0731,1.0233,132.0,6750.0,0.0731,15915
A. 0,PAYER,Red,count,Core,1805,75,4.16,1.35,0.35,91.0,6750.0,0.0504,1.2133,91.0,6750.0,0.0504,15915
A. 0,PAYER,Red,count,Team Race,1805,80,4.43,1.23,3.23,83.0,6750.0,0.046,1.0375,83.0,6750.0,0.046,15915
A. 0,PAYER,Red,count,Flash Race,1805,57,3.16,0.89,0.74,60.0,6750.0,0.0332,1.0526,60.0,6750.0,0.0332,15915
A. 0,PAYER,Red,count,Kite Festival,1805,24,1.33,0.36,0.54,24.0,6750.0,0.0133,1.0,24.0,6750.0,0.0133,15915
A. 0,PAYER,Red,count,Saga,1805,13,0.72,0.21,0.61,14.0,6750.0,0.0078,1.0769,14.0,6750.0,0.0078,15915
A. 0,PAYER,SPT,count,Rainbow Maker,1247,397,31.84,44.11,19.03,170356.46,386196.46,136.613,429.1095,192825.0,408665.0,154.6311,15915
A. 0,PAYER,SPT,count,Other,1247,916,73.46,23.63,53.61,91260.0,386196.46,73.1836,99.6288,91260.0,408665.0,73.1836,15915
A. 0,PAYER,SPT,count,Flash Race,1247,362,29.03,20.4,14.03,78780.0,386196.46,63.1756,217.6243,78780.0,408665.0,63.1756,15915
A. 0,PAYER,SPT,count,Kite Festival,1247,244,19.57,9.45,8.75,36500.0,386196.46,29.2702,149.5902,36500.0,408665.0,29.2702,15915
A. 0,PAYER,SPT,count,Flock Flurry,1247,232,18.6,2.41,4.59,9300.0,386196.46,7.4579,40.0862,9300.0,408665.0,7.4579,15915
A. 0,PAYER,SPTx2,minutes,Rainbow Maker,182,181,99.45,99.73,99.45,5460.0,5475.0,30.0,30.1657,5460.0,5475.0,30.0,15915
A. 0,PAYER,SPTx2,minutes,Daily Gift,182,1,0.55,0.27,0.55,15.0,5475.0,0.0824,15.0,15.0,5475.0,0.0824,15915
A. 0,PAYER,Shuffle,count,Rainbow Maker,1917,227,11.84,54.53,2.84,8794.0,16128.0,4.5874,38.7401,8794.0,16128.0,4.5874,15915
A. 0,PAYER,Shuffle,count,Daily Gift,1917,1170,61.03,11.37,39.65,1833.0,16128.0,0.9562,1.5667,1833.0,16128.0,0.9562,15915
A. 0,PAYER,Shuffle,count,Ads,1917,589,30.73,10.44,16.0,1684.0,16128.0,0.8785,2.8591,1684.0,16128.0,0.8785,15915
A. 0,PAYER,Shuffle,count,Team Event,1917,185,9.65,3.39,5.45,546.0,16128.0,0.2848,2.9514,546.0,16128.0,0.2848,15915
A. 0,PAYER,Shuffle,count,Team Race,1917,383,19.98,2.94,13.67,474.0,16128.0,0.2473,1.2376,474.0,16128.0,0.2473,15915
A. 0,PAYER,Shuffle,count,Season Pass (Free),1917,247,12.88,2.63,4.64,424.0,16128.0,0.2212,1.7166,424.0,16128.0,0.2212,15915
A. 0,PAYER,Shuffle,count,Hatchling Hideaway,1917,235,12.26,2.44,2.02,394.0,16128.0,0.2055,1.6766,394.0,16128.0,0.2055,15915
A. 0,PAYER,Shuffle,count,Flash Race,1917,206,10.75,2.29,1.98,370.0,16128.0,0.193,1.7961,370.0,16128.0,0.193,15915
A. 0,PAYER,Shuffle,count,Core,1917,207,10.8,2.09,1.24,337.0,16128.0,0.1758,1.628,337.0,16128.0,0.1758,15915
A. 0,PAYER,Shuffle,count,Red Challenge,1917,199,10.38,1.56,2.53,252.0,16128.0,0.1315,1.2663,252.0,16128.0,0.1315,15915
A. 0,PAYER,Shuffle,count,Chuck Challenge,1917,186,9.7,1.54,2.43,249.0,16128.0,0.1299,1.3387,249.0,16128.0,0.1299,15915
A. 0,PAYER,Shuffle,count,Bomb Challenge,1917,200,10.43,1.44,3.42,233.0,16128.0,0.1215,1.165,233.0,16128.0,0.1215,15915
A. 0,PAYER,Shuffle,count,Target Day,1917,165,8.61,1.32,1.77,213.0,16128.0,0.1111,1.2909,213.0,16128.0,0.1111,15915
A. 0,PAYER,Shuffle,count,Other,1917,64,3.34,0.97,1.42,156.0,16128.0,0.0814,2.4375,156.0,16128.0,0.0814,15915
A. 0,PAYER,Shuffle,count,Kite Festival,1917,64,3.34,0.41,0.4,66.0,16128.0,0.0344,1.0313,66.0,16128.0,0.0344,15915
A. 0,PAYER,Shuffle,count,Photoshoot,1917,52,2.71,0.33,0.16,53.0,16128.0,0.0276,1.0192,53.0,16128.0,0.0276,15915
A. 0,PAYER,Shuffle,count,Bomb's Ballet,1917,41,2.14,0.27,0.08,43.0,16128.0,0.0224,1.0488,43.0,16128.0,0.0224,15915
A. 0,PAYER,Shuffle,count,Saga,1917,7,0.37,0.04,0.31,7.0,16128.0,0.0037,1.0,7.0,16128.0,0.0037,15915
A. 0,PAYER,Slingshot,count,Rainbow Maker,2252,254,11.28,46.71,3.21,8764.0,18764.0,3.8917,34.5039,8764.0,18764.0,3.8917,15915
A. 0,PAYER,Slingshot,count,Daily Gift,2252,1367,60.7,12.84,36.45,2410.0,18764.0,1.0702,1.763,2410.0,18764.0,1.0702,15915
A. 0,PAYER,Slingshot,count,Ads,2252,595,26.42,9.22,11.48,1730.0,18764.0,0.7682,2.9076,1730.0,18764.0,0.7682,15915
A. 0,PAYER,Slingshot,count,Team Event,2252,619,27.49,8.29,12.83,1555.0,18764.0,0.6905,2.5121,1555.0,18764.0,0.6905,15915
A. 0,PAYER,Slingshot,count,Daily Night Sky Prize,2252,233,10.35,3.55,1.57,666.0,18764.0,0.2957,2.8584,666.0,18764.0,0.2957,15915
A. 0,PAYER,Slingshot,count,Flock Flurry,2252,260,11.55,2.73,2.93,512.0,18764.0,0.2274,1.9692,512.0,18764.0,0.2274,15915
A. 0,PAYER,Slingshot,count,Hatchling Hideaway,2252,221,9.81,2.06,0.96,386.0,18764.0,0.1714,1.7466,386.0,18764.0,0.1714,15915
A. 0,PAYER,Slingshot,count,Target Day,2252,284,12.61,2.05,4.31,385.0,18764.0,0.171,1.3556,385.0,18764.0,0.171,15915
A. 0,PAYER,Slingshot,count,Team Race,2252,324,14.39,2.05,8.74,385.0,18764.0,0.171,1.1883,385.0,18764.0,0.171,15915
A. 0,PAYER,Slingshot,count,Season Pass (Free),2252,170,7.55,1.7,1.58,319.0,18764.0,0.1417,1.8765,319.0,18764.0,0.1417,15915
A. 0,PAYER,Slingshot,count,Other,2252,137,6.08,1.61,2.37,302.0,18764.0,0.1341,2.2044,302.0,18764.0,0.1341,15915
A. 0,PAYER,Slingshot,count,Chuck Challenge,2252,230,10.21,1.38,3.41,259.0,18764.0,0.115,1.1261,259.0,18764.0,0.115,15915
A. 0,PAYER,Slingshot,count,Core,2252,175,7.77,1.32,0.65,248.0,18764.0,0.1101,1.4171,248.0,18764.0,0.1101,15915
A. 0,PAYER,Slingshot,count,Bomb Challenge,2252,219,9.72,1.27,4.13,239.0,18764.0,0.1061,1.0913,239.0,18764.0,0.1061,15915
A. 0,PAYER,Slingshot,count,Red Challenge,2252,201,8.93,1.22,3.68,229.0,18764.0,0.1017,1.1393,229.0,18764.0,0.1017,15915
A. 0,PAYER,Slingshot,count,Flash Race,2252,125,5.55,0.93,0.7,174.0,18764.0,0.0773,1.392,174.0,18764.0,0.0773,15915
A. 0,PAYER,Slingshot,count,Jigsaw,2252,69,3.06,0.37,0.11,70.0,18764.0,0.0311,1.0145,70.0,18764.0,0.0311,15915
A. 0,PAYER,Slingshot,count,Kite Festival,2252,59,2.62,0.34,0.65,64.0,18764.0,0.0284,1.0847,64.0,18764.0,0.0284,15915
A. 0,PAYER,Slingshot,count,Bomb's Ballet,2252,57,2.53,0.31,0.09,59.0,18764.0,0.0262,1.0351,59.0,18764.0,0.0262,15915
A. 0,PAYER,Slingshot,count,Saga,2252,7,0.31,0.04,0.13,8.0,18764.0,0.0036,1.1429,8.0,18764.0,0.0036,15915
A. 0,PAYER,UL Bomb,minutes,Daily Gift,350,173,49.43,38.79,36.77,5430.0,14000.0,15.5143,31.3873,5430.0,14000.0,15.5143,15915
A. 0,PAYER,UL Bomb,minutes,Bomb's Ballet,350,195,55.71,21.5,23.57,3010.0,14000.0,8.6,15.4359,3010.0,14000.0,8.6,15915
A. 0,PAYER,UL Bomb,minutes,Jigsaw,350,178,50.86,19.64,21.08,2750.0,14000.0,7.8571,15.4494,2750.0,14000.0,7.8571,15915
A. 0,PAYER,UL Bomb,minutes,Season Pass (Free),350,91,26.0,12.46,11.95,1745.0,14000.0,4.9857,19.1758,1745.0,14000.0,4.9857,15915
A. 0,PAYER,UL Bomb,minutes,Photoshoot,350,65,18.57,6.96,5.78,975.0,14000.0,2.7857,15.0,975.0,14000.0,2.7857,15915
A. 0,PAYER,UL Bomb,minutes,Other,350,3,0.86,0.64,0.86,90.0,14000.0,0.2571,30.0,90.0,14000.0,0.2571,15915
A. 0,PAYER,UL Chuck,minutes,Daily Gift,572,186,32.52,35.26,23.29,11580.0,32840.0,20.2448,62.2581,11580.0,32840.0,20.2448,15915
A. 0,PAYER,UL Chuck,minutes,Season Pass (Free),572,246,43.01,16.73,29.14,5495.0,32840.0,9.6066,22.3374,5495.0,32840.0,9.6066,15915
A. 0,PAYER,UL Chuck,minutes,Jigsaw,572,263,45.98,11.71,16.35,3845.0,32840.0,6.722,14.6198,3845.0,32840.0,6.722,15915
A. 0,PAYER,UL Chuck,minutes,Hatchling Hideaway,572,220,38.46,11.54,9.96,3790.0,32840.0,6.6259,17.2273,3790.0,32840.0,6.6259,15915
A. 0,PAYER,UL Chuck,minutes,Bomb's Ballet,572,235,41.08,11.04,12.16,3625.0,32840.0,6.3374,15.4255,3625.0,32840.0,6.3374,15915
A. 0,PAYER,UL Chuck,minutes,Rainbow Maker,572,120,20.98,8.71,4.32,2860.0,32840.0,5.0,23.8333,2860.0,32840.0,5.0,15915
A. 0,PAYER,UL Chuck,minutes,Photoshoot,572,103,18.01,4.7,4.14,1545.0,32840.0,2.701,15.0,1545.0,32840.0,2.701,15915
A. 0,PAYER,UL Chuck,minutes,Other,572,3,0.52,0.27,0.47,90.0,32840.0,0.1573,30.0,90.0,32840.0,0.1573,15915
A. 0,PAYER,UL Chuck,minutes,River Rush,572,1,0.17,0.03,0.17,10.0,32840.0,0.0175,10.0,10.0,32840.0,0.0175,15915
A. 0,PAYER,UL Red,minutes,Daily Gift,736,162,22.01,30.99,16.54,10320.0,33300.0,14.0217,63.7037,10320.0,33300.0,14.0217,15915
A. 0,PAYER,UL Red,minutes,Season Pass (Free),736,368,50.0,20.3,35.98,6760.0,33300.0,9.1848,18.3696,6760.0,33300.0,9.1848,15915
A. 0,PAYER,UL Red,minutes,Jigsaw,736,305,41.44,15.41,17.99,5130.0,33300.0,6.9701,16.8197,5130.0,33300.0,6.9701,15915
A. 0,PAYER,UL Red,minutes,Bomb's Ballet,736,257,34.92,13.47,12.38,4485.0,33300.0,6.0938,17.4514,4485.0,33300.0,6.0938,15915
A. 0,PAYER,UL Red,minutes,Hatchling Hideaway,736,229,31.11,11.44,9.12,3810.0,33300.0,5.1766,16.6376,3810.0,33300.0,5.1766,15915
A. 0,PAYER,UL Red,minutes,Photoshoot,736,144,19.57,6.58,4.59,2190.0,33300.0,2.9755,15.2083,2190.0,33300.0,2.9755,15915
A. 0,PAYER,UL Red,minutes,Rainbow Maker,736,38,5.16,1.5,2.88,500.0,33300.0,0.6793,13.1579,500.0,33300.0,0.6793,15915
A. 0,PAYER,UL Red,minutes,Other,736,3,0.41,0.27,0.37,90.0,33300.0,0.1223,30.0,90.0,33300.0,0.1223,15915
A. 0,PAYER,UL Red,minutes,River Rush,736,1,0.14,0.05,0.14,15.0,33300.0,0.0204,15.0,15.0,33300.0,0.0204,15915
A. 0,PAYER,Unlimited Lives,minutes,Daily Gift,3046,2132,69.99,26.48,41.81,193155.0,729451.0,63.4127,90.598,193155.0,729451.0,63.4127,15915
A. 0,PAYER,Unlimited Lives,minutes,Flock Flurry,3046,1134,37.23,18.42,22.56,134380.0,729451.0,44.1169,118.5009,134380.0,729451.0,44.1169,15915
A. 0,PAYER,Unlimited Lives,minutes,Daily Night Sky Prize,3046,502,16.48,8.55,4.92,62360.0,729451.0,20.4728,124.2231,62360.0,729451.0,20.4728,15915
A. 0,PAYER,Unlimited Lives,minutes,Season Pass (Free),3046,529,17.37,8.27,7.29,60325.0,729451.0,19.8047,114.0359,60325.0,729451.0,19.8047,15915
A. 0,PAYER,Unlimited Lives,minutes,Hatchling Hideaway,3046,602,19.76,7.64,8.43,55740.0,729451.0,18.2994,92.5914,55740.0,729451.0,18.2994,15915
A. 0,PAYER,Unlimited Lives,minutes,Target Day,3046,296,9.72,5.11,1.09,37260.0,729451.0,12.2324,125.8784,37260.0,729451.0,12.2324,15915
A. 0,PAYER,Unlimited Lives,minutes,Rainbow Maker,3046,303,9.95,4.35,1.75,31725.0,729451.0,10.4153,104.703,31725.0,729451.0,10.4153,15915
A. 0,PAYER,Unlimited Lives,minutes,Ads,3046,654,21.47,3.43,4.42,25045.0,729451.0,8.2223,38.2951,25045.0,729451.0,8.2223,15915
A. 0,PAYER,Unlimited Lives,minutes,Other,3046,196,6.43,3.24,2.35,23666.0,729451.0,7.7695,120.7449,23666.0,729451.0,7.7695,15915
A. 0,PAYER,Unlimited Lives,minutes,Kite Festival,3046,322,10.57,3.03,1.55,22080.0,729451.0,7.2489,68.5714,22080.0,729451.0,7.2489,15915
A. 0,PAYER,Unlimited Lives,minutes,Photoshoot,3046,179,5.88,2.99,0.51,21780.0,729451.0,7.1504,121.676,21780.0,729451.0,7.1504,15915
A. 0,PAYER,Unlimited Lives,minutes,Jigsaw,3046,242,7.94,2.87,1.05,20910.0,729451.0,6.8647,86.405,20910.0,729451.0,6.8647,15915
A. 0,PAYER,Unlimited Lives,minutes,Bomb's Ballet,3046,241,7.91,2.73,0.78,19950.0,729451.0,6.5496,82.7801,19950.0,729451.0,6.5496,15915
A. 0,PAYER,Unlimited Lives,minutes,Core,3046,226,7.42,2.57,0.6,18720.0,729451.0,6.1458,82.8319,18720.0,729451.0,6.1458,15915
A. 0,PAYER,Unlimited Lives,minutes,Saga,3046,56,1.84,0.22,0.77,1615.0,729451.0,0.5302,28.8393,1615.0,729451.0,0.5302,15915
A. 0,PAYER,Unlimited Lives,minutes,Flash Race,3046,12,0.39,0.1,0.13,740.0,729451.0,0.2429,61.6667,740.0,729451.0,0.2429,15915
B. 1-9,NONPAYER,Bomb,count,Other,17824,10822,60.72,40.65,47.11,14305.0,35190.0,0.8026,1.3218,14305.0,35190.0,0.8026,129761
B. 1-9,NONPAYER,Bomb,count,Core,17824,4640,26.03,22.97,22.06,8084.0,35190.0,0.4535,1.7422,8084.0,35190.0,0.4535,129761
B. 1-9,NONPAYER,Bomb,count,Saga,17824,4371,24.52,13.36,13.09,4703.0,35190.0,0.2639,1.076,4703.0,35190.0,0.2639,129761
B. 1-9,NONPAYER,Bomb,count,Team Race,17824,2501,14.03,10.19,8.39,3586.0,35190.0,0.2012,1.4338,3586.0,35190.0,0.2012,129761
B. 1-9,NONPAYER,Bomb,count,Season Pass (Free),17824,1397,7.84,4.49,3.12,1579.0,35190.0,0.0886,1.1303,1579.0,35190.0,0.0886,129761
B. 1-9,NONPAYER,Bomb,count,Flock Flurry,17824,1014,5.69,3.41,2.56,1200.0,35190.0,0.0673,1.1834,1200.0,35190.0,0.0673,129761
B. 1-9,NONPAYER,Bomb,count,Flash Race,17824,687,3.85,2.15,1.52,755.0,35190.0,0.0424,1.099,755.0,35190.0,0.0424,129761
B. 1-9,NONPAYER,Bomb,count,Hatchling Hideaway,17824,585,3.28,1.8,1.38,633.0,35190.0,0.0355,1.0821,633.0,35190.0,0.0355,129761
B. 1-9,NONPAYER,Bomb,count,Target Day,17824,190,1.07,0.57,0.47,201.0,35190.0,0.0113,1.0579,201.0,35190.0,0.0113,129761
B. 1-9,NONPAYER,Bomb,count,Rainbow Maker,17824,54,0.3,0.19,0.09,67.0,35190.0,0.0038,1.2407,67.0,35190.0,0.0038,129761
B. 1-9,NONPAYER,Bomb,count,Kite Festival,17824,54,0.3,0.16,0.15,56.0,35190.0,0.0031,1.037,56.0,35190.0,0.0031,129761
B. 1-9,NONPAYER,Bomb,count,Jigsaw,17824,3,0.02,0.02,0.01,7.0,35190.0,0.0004,2.3333,7.0,35190.0,0.0004,129761
B. 1-9,NONPAYER,Bomb,count,River Rush,17824,3,0.02,0.01,0.01,3.0,35190.0,0.0002,1.0,3.0,35190.0,0.0002,129761
B. 1-9,NONPAYER,Bomb,count,Ads,17824,4,0.02,0.01,0.01,4.0,35190.0,0.0002,1.0,4.0,35190.0,0.0002,129761
B. 1-9,NONPAYER,Bomb,count,Daily Night Sky Prize,17824,1,0.01,0.01,0.01,2.0,35190.0,0.0001,2.0,2.0,35190.0,0.0001,129761
B. 1-9,NONPAYER,Bomb,count,FlowerCoop,17824,2,0.01,0.01,0.01,4.0,35190.0,0.0002,2.0,4.0,35190.0,0.0002,129761
B. 1-9,NONPAYER,Bomb,count,Bomb's Ballet,17824,1,0.01,0.0,0.0,1.0,35190.0,0.0001,1.0,1.0,35190.0,0.0001,129761
B. 1-9,NONPAYER,Chuck,count,Core,27728,9158,33.03,18.58,26.67,16345.0,87992.0,0.5895,1.7848,16345.0,87992.0,0.5895,129761
B. 1-9,NONPAYER,Chuck,count,Other,27728,10942,39.46,16.44,18.74,14463.0,87992.0,0.5216,1.3218,14463.0,87992.0,0.5216,129761
B. 1-9,NONPAYER,Chuck,count,Rainbow Maker,27728,8534,30.78,16.03,12.1,14101.0,87992.0,0.5085,1.6523,14101.0,87992.0,0.5085,129761
B. 1-9,NONPAYER,Chuck,count,Season Pass (Free),27728,8835,31.86,15.22,15.91,13388.0,87992.0,0.4828,1.5153,13388.0,87992.0,0.4828,129761
B. 1-9,NONPAYER,Chuck,count,Jigsaw,27728,4915,17.73,6.74,6.39,5930.0,87992.0,0.2139,1.2065,5930.0,87992.0,0.2139,129761
B. 1-9,NONPAYER,Chuck,count,Daily Night Sky Prize,27728,3752,13.53,6.72,3.26,5914.0,87992.0,0.2133,1.5762,5914.0,87992.0,0.2133,129761
B. 1-9,NONPAYER,Chuck,count,Saga,27728,5182,18.69,6.39,6.18,5626.0,87992.0,0.2029,1.0857,5626.0,87992.0,0.2029,129761
B. 1-9,NONPAYER,Chuck,count,Bomb's Ballet,27728,3613,13.03,4.25,3.91,3740.0,87992.0,0.1349,1.0352,3740.0,87992.0,0.1349,129761
B. 1-9,NONPAYER,Chuck,count,Hatchling Hideaway,27728,2799,10.09,3.94,2.77,3470.0,87992.0,0.1251,1.2397,3470.0,87992.0,0.1251,129761
B. 1-9,NONPAYER,Chuck,count,Target Day,27728,1277,4.61,1.62,1.18,1422.0,87992.0,0.0513,1.1135,1422.0,87992.0,0.0513,129761
B. 1-9,NONPAYER,Chuck,count,Team Race,27728,1074,3.87,1.5,1.17,1319.0,87992.0,0.0476,1.2281,1319.0,87992.0,0.0476,129761
B. 1-9,NONPAYER,Chuck,count,Flock Flurry,27728,1014,3.66,1.36,0.92,1200.0,87992.0,0.0433,1.1834,1200.0,87992.0,0.0433,129761
B. 1-9,NONPAYER,Chuck,count,Photoshoot,27728,574,2.07,0.67,0.43,588.0,87992.0,0.0212,1.0244,588.0,87992.0,0.0212,129761
B. 1-9,NONPAYER,Chuck,count,Flash Race,27728,386,1.39,0.46,0.26,402.0,87992.0,0.0145,1.0415,402.0,87992.0,0.0145,129761
B. 1-9,NONPAYER,Chuck,count,Kite Festival,27728,62,0.22,0.08,0.08,68.0,87992.0,0.0025,1.0968,68.0,87992.0,0.0025,129761
B. 1-9,NONPAYER,Chuck,count,Ads,27728,8,0.03,0.01,0.02,8.0,87992.0,0.0003,1.0,8.0,87992.0,0.0003,129761
B. 1-9,NONPAYER,Chuck,count,FlowerCoop,27728,2,0.01,0.01,0.01,6.0,87992.0,0.0002,3.0,6.0,87992.0,0.0002,129761
B. 1-9,NONPAYER,Chuck,count,River Rush,27728,2,0.01,0.0,0.01,2.0,87992.0,0.0001,1.0,2.0,87992.0,0.0001,129761
B. 1-9,NONPAYER,Comet,count,Team Race,8805,5131,58.27,43.63,46.71,7280.0,16685.0,0.8268,1.4188,7280.0,16685.0,0.8268,129761
B. 1-9,NONPAYER,Comet,count,Core,8805,1835,20.84,11.26,15.87,1878.0,16685.0,0.2133,1.0234,1878.0,16685.0,0.2133,129761
B. 1-9,NONPAYER,Comet,count,Team Event,8805,927,10.53,10.7,8.02,1786.0,16685.0,0.2028,1.9266,1786.0,16685.0,0.2028,129761
B. 1-9,NONPAYER,Comet,count,Ads,8805,1121,12.73,10.36,7.39,1728.0,16685.0,0.1963,1.5415,1728.0,16685.0,0.1963,129761
B. 1-9,NONPAYER,Comet,count,Rainbow Maker,8805,1095,12.44,8.22,5.88,1371.0,16685.0,0.1557,1.2521,1371.0,16685.0,0.1557,129761
B. 1-9,NONPAYER,Comet,count,Daily Gift,8805,944,10.72,5.85,5.55,976.0,16685.0,0.1108,1.0339,976.0,16685.0,0.1108,129761
B. 1-9,NONPAYER,Comet,count,Hatchling Hideaway,8805,501,5.69,3.26,2.86,544.0,16685.0,0.0618,1.0858,544.0,16685.0,0.0618,129761
B. 1-9,NONPAYER,Comet,count,Flash Race,8805,455,5.17,3.01,3.43,502.0,16685.0,0.057,1.1033,502.0,16685.0,0.057,129761
B. 1-9,NONPAYER,Comet,count,Other,8805,315,3.58,1.94,1.99,324.0,16685.0,0.0368,1.0286,324.0,16685.0,0.0368,129761
B. 1-9,NONPAYER,Comet,count,Saga,8805,95,1.08,0.59,0.96,98.0,16685.0,0.0111,1.0316,98.0,16685.0,0.0111,129761
B. 1-9,NONPAYER,Comet,count,Target Day,8805,81,0.92,0.5,0.51,84.0,16685.0,0.0095,1.037,84.0,16685.0,0.0095,129761
B. 1-9,NONPAYER,Comet,count,Red Challenge,8805,28,0.32,0.17,0.25,28.0,16685.0,0.0032,1.0,28.0,16685.0,0.0032,129761
B. 1-9,NONPAYER,Comet,count,Bomb Challenge,8805,27,0.31,0.17,0.2,28.0,16685.0,0.0032,1.037,28.0,16685.0,0.0032,129761
B. 1-9,NONPAYER,Comet,count,Chuck Challenge,8805,18,0.2,0.12,0.15,20.0,16685.0,0.0023,1.1111,20.0,16685.0,0.0023,129761
B. 1-9,NONPAYER,Comet,count,Kite Festival,8805,12,0.14,0.08,0.07,13.0,16685.0,0.0015,1.0833,13.0,16685.0,0.0015,129761
B. 1-9,NONPAYER,Comet,count,River Rush,8805,10,0.11,0.06,0.11,10.0,16685.0,0.0011,1.0,10.0,16685.0,0.0011,129761
B. 1-9,NONPAYER,Comet,count,Jigsaw,8805,3,0.03,0.04,0.02,7.0,16685.0,0.0008,2.3333,7.0,16685.0,0.0008,129761
B. 1-9,NONPAYER,Comet,count,FlowerCoop,8805,2,0.02,0.04,0.02,6.0,16685.0,0.0007,3.0,6.0,16685.0,0.0007,129761
B. 1-9,NONPAYER,Comet,count,Daily Night Sky Prize,8805,1,0.01,0.01,0.01,1.0,16685.0,0.0001,1.0,1.0,16685.0,0.0001,129761
B. 1-9,NONPAYER,Comet,count,Bomb's Ballet,8805,1,0.01,0.01,0.0,1.0,16685.0,0.0001,1.0,1.0,16685.0,0.0001,129761
B. 1-9,NONPAYER,HC,HC,Daily Gift,37747,27393,72.57,22.95,28.56,1048265.0,4567389.09,27.7708,38.2676,1048265.0,4625211.0,27.7708,129761
B. 1-9,NONPAYER,HC,HC,Core,37747,19710,52.22,17.13,29.01,782465.0,4567389.09,20.7292,39.6989,782465.0,4625211.0,20.7292,129761
B. 1-9,NONPAYER,HC,HC,Team Event,37747,4064,10.77,13.22,4.75,604010.0,4567389.09,16.0015,148.6245,604010.0,4625211.0,16.0015,129761
B. 1-9,NONPAYER,HC,HC,Team Race,37747,5341,14.15,11.44,5.56,522620.0,4567389.09,13.8453,97.8506,522620.0,4625211.0,13.8453,129761
B. 1-9,NONPAYER,HC,HC,Saga,37747,17650,46.76,8.13,10.46,371265.0,4567389.09,9.8356,21.0348,371265.0,4625211.0,9.8356,129761
B. 1-9,NONPAYER,HC,HC,Daily Night Sky Prize,37747,9955,26.37,7.27,4.56,331990.0,4567389.09,8.7951,33.3491,331990.0,4625211.0,8.7951,129761
B. 1-9,NONPAYER,HC,HC,Rainbow Maker,37747,13223,35.03,6.05,5.92,276208.09,4567389.09,7.3174,20.8885,334030.0,4625211.0,8.8492,129761
B. 1-9,NONPAYER,HC,HC,Season Pass (Free),37747,9701,25.7,4.63,6.38,211500.0,4567389.09,5.6031,21.8019,211500.0,4625211.0,5.6031,129761
B. 1-9,NONPAYER,HC,HC,Ads,37747,3194,8.46,3.66,1.59,167315.0,4567389.09,4.4325,52.3842,167315.0,4625211.0,4.4325,129761
B. 1-9,NONPAYER,HC,HC,Other,37747,2519,6.67,1.64,0.8,74816.0,4567389.09,1.982,29.7007,74816.0,4625211.0,1.982,129761
B. 1-9,NONPAYER,HC,HC,Flash Race,37747,1579,4.18,1.24,0.76,56820.0,4567389.09,1.5053,35.9848,56820.0,4625211.0,1.5053,129761
B. 1-9,NONPAYER,HC,HC,Hatchling Hideaway,37747,2832,7.5,0.81,0.63,36835.0,4567389.09,0.9758,13.0067,36835.0,4625211.0,0.9758,129761
B. 1-9,NONPAYER,HC,HC,Target Day,37747,406,1.08,0.49,0.26,22320.0,4567389.09,0.5913,54.9754,22320.0,4625211.0,0.5913,129761
B. 1-9,NONPAYER,HC,HC,Red Challenge,37747,174,0.46,0.36,0.21,16550.0,4567389.09,0.4384,95.1149,16550.0,4625211.0,0.4384,129761
B. 1-9,NONPAYER,HC,HC,Bomb Challenge,37747,152,0.4,0.33,0.16,14850.0,4567389.09,0.3934,97.6974,14850.0,4625211.0,0.3934,129761
B. 1-9,NONPAYER,HC,HC,Chuck Challenge,37747,129,0.34,0.26,0.15,11900.0,4567389.09,0.3153,92.2481,11900.0,4625211.0,0.3153,129761
B. 1-9,NONPAYER,HC,HC,Kite Festival,37747,54,0.14,0.19,0.07,8850.0,4567389.09,0.2345,163.8889,8850.0,4625211.0,0.2345,129761
B. 1-9,NONPAYER,HC,HC,Jigsaw,37747,140,0.37,0.1,0.09,4575.0,4567389.09,0.1212,32.6786,4575.0,4625211.0,0.1212,129761
B. 1-9,NONPAYER,HC,HC,Bomb's Ballet,37747,97,0.26,0.06,0.04,2600.0,4567389.09,0.0689,26.8041,2600.0,4625211.0,0.0689,129761
B. 1-9,NONPAYER,HC,HC,Photoshoot,37747,49,0.13,0.03,0.01,1300.0,4567389.09,0.0344,26.5306,1300.0,4625211.0,0.0344,129761
B. 1-9,NONPAYER,HC,HC,River Rush,37747,8,0.02,0.01,0.01,335.0,4567389.09,0.0089,41.875,335.0,4625211.0,0.0089,129761
B. 1-9,NONPAYER,Red,count,Rainbow Maker,23935,13920,58.16,21.79,25.24,20374.0,93512.0,0.8512,1.4636,20374.0,93512.0,0.8512,129761
B. 1-9,NONPAYER,Red,count,Daily Night Sky Prize,23935,8650,36.14,20.75,12.55,19401.0,93512.0,0.8106,2.2429,19401.0,93512.0,0.8106,129761
B. 1-9,NONPAYER,Red,count,Other,23935,11423,47.73,16.17,20.66,15117.0,93512.0,0.6316,1.3234,15117.0,93512.0,0.6316,129761
B. 1-9,NONPAYER,Red,count,Hatchling Hideaway,23935,8495,35.49,13.34,12.04,12478.0,93512.0,0.5213,1.4689,12478.0,93512.0,0.5213,129761
B. 1-9,NONPAYER,Red,count,Season Pass (Free),23935,6273,26.21,11.08,8.98,10362.0,93512.0,0.4329,1.6518,10362.0,93512.0,0.4329,129761
B. 1-9,NONPAYER,Red,count,Saga,23935,6342,26.5,7.32,9.77,6844.0,93512.0,0.2859,1.0792,6844.0,93512.0,0.2859,129761
B. 1-9,NONPAYER,Red,count,Target Day,23935,2883,12.05,3.87,2.89,3623.0,93512.0,0.1514,1.2567,3623.0,93512.0,0.1514,129761
B. 1-9,NONPAYER,Red,count,Core,23935,2846,11.89,3.12,5.89,2919.0,93512.0,0.122,1.0257,2919.0,93512.0,0.122,129761
B. 1-9,NONPAYER,Red,count,Flock Flurry,23935,1014,4.24,1.28,0.91,1200.0,93512.0,0.0501,1.1834,1200.0,93512.0,0.0501,129761
B. 1-9,NONPAYER,Red,count,Team Race,23935,676,2.82,0.81,0.66,753.0,93512.0,0.0315,1.1139,753.0,93512.0,0.0315,129761
B. 1-9,NONPAYER,Red,count,Flash Race,23935,225,0.94,0.25,0.14,238.0,93512.0,0.0099,1.0578,238.0,93512.0,0.0099,129761
B. 1-9,NONPAYER,Red,count,Kite Festival,23935,81,0.34,0.09,0.1,84.0,93512.0,0.0035,1.037,84.0,93512.0,0.0035,129761
B. 1-9,NONPAYER,Red,count,Jigsaw,23935,62,0.26,0.08,0.1,72.0,93512.0,0.003,1.1613,72.0,93512.0,0.003,129761
B. 1-9,NONPAYER,Red,count,Bomb's Ballet,23935,23,0.1,0.02,0.03,23.0,93512.0,0.001,1.0,23.0,93512.0,0.001,129761
B. 1-9,NONPAYER,Red,count,Ads,23935,15,0.06,0.02,0.04,15.0,93512.0,0.0006,1.0,15.0,93512.0,0.0006,129761
B. 1-9,NONPAYER,Red,count,Photoshoot,23935,5,0.02,0.01,0.01,5.0,93512.0,0.0002,1.0,5.0,93512.0,0.0002,129761
B. 1-9,NONPAYER,Red,count,Red Challenge,23935,2,0.01,0.0,0.0,2.0,93512.0,0.0001,1.0,2.0,93512.0,0.0001,129761
B. 1-9,NONPAYER,Red,count,River Rush,23935,2,0.01,0.0,0.0,2.0,93512.0,0.0001,1.0,2.0,93512.0,0.0001,129761
B. 1-9,NONPAYER,SPT,count,Core,26287,25917,98.59,77.22,80.52,4432735.0,5740522.37,168.6284,171.0358,4432735.0,5815473.0,168.6284,129761
B. 1-9,NONPAYER,SPT,count,Rainbow Maker,26287,9347,35.56,10.99,5.95,630939.37,5740522.37,24.002,67.5018,705890.0,5815473.0,26.8532,129761
B. 1-9,NONPAYER,SPT,count,Other,26287,8852,33.67,8.01,9.71,459590.0,5740522.37,17.4835,51.9193,459590.0,5815473.0,17.4835,129761
B. 1-9,NONPAYER,SPT,count,Flash Race,26287,2194,8.35,2.39,1.25,136920.0,5740522.37,5.2087,62.4066,136920.0,5815473.0,5.2087,129761
B. 1-9,NONPAYER,SPT,count,Kite Festival,26287,564,2.15,0.75,0.61,42805.0,5740522.37,1.6284,75.8954,42805.0,5815473.0,1.6284,129761
B. 1-9,NONPAYER,SPT,count,Flock Flurry,26287,806,3.07,0.33,0.27,19120.0,5740522.37,0.7274,23.7221,19120.0,5815473.0,0.7274,129761
B. 1-9,NONPAYER,SPT,count,Season Pass (Free),26287,962,3.66,0.32,1.68,18203.0,5740522.37,0.6925,18.922,18203.0,5815473.0,0.6925,129761
B. 1-9,NONPAYER,SPT,count,Target Day,26287,11,0.04,0.0,0.01,110.0,5740522.37,0.0042,10.0,110.0,5815473.0,0.0042,129761
B. 1-9,NONPAYER,SPT,count,River Rush,26287,2,0.01,0.0,0.0,50.0,5740522.37,0.0019,25.0,50.0,5815473.0,0.0019,129761
B. 1-9,NONPAYER,SPT,count,Level Race,26287,1,0.0,0.0,0.0,50.0,5740522.37,0.0019,50.0,50.0,5815473.0,0.0019,129761
B. 1-9,NONPAYER,SPTx2,minutes,Rainbow Maker,5294,5254,99.24,98.86,99.22,68765.0,69555.0,12.9892,13.0881,68765.0,69555.0,12.9892,129761
B. 1-9,NONPAYER,SPTx2,minutes,Daily Gift,5294,41,0.77,1.12,0.76,780.0,69555.0,0.1473,19.0244,780.0,69555.0,0.1473,129761
B. 1-9,NONPAYER,SPTx2,minutes,River Rush,5294,1,0.02,0.01,0.02,10.0,69555.0,0.0019,10.0,10.0,69555.0,0.0019,129761
B. 1-9,NONPAYER,Shuffle,count,Daily Gift,14155,5120,36.17,18.73,16.84,7446.0,39762.0,0.526,1.4543,7446.0,39762.0,0.526,129761
B. 1-9,NONPAYER,Shuffle,count,Core,14155,5184,36.62,14.07,21.96,5594.0,39762.0,0.3952,1.0791,5594.0,39762.0,0.3952,129761
B. 1-9,NONPAYER,Shuffle,count,Saga,14155,4652,32.86,12.59,14.87,5007.0,39762.0,0.3537,1.0763,5007.0,39762.0,0.3537,129761
B. 1-9,NONPAYER,Shuffle,count,Team Race,14155,3552,25.09,12.06,13.24,4797.0,39762.0,0.3389,1.3505,4797.0,39762.0,0.3389,129761
B. 1-9,NONPAYER,Shuffle,count,Team Event,14155,1233,8.71,9.82,5.8,3906.0,39762.0,0.2759,3.1679,3906.0,39762.0,0.2759,129761
B. 1-9,NONPAYER,Shuffle,count,Ads,14155,1742,12.31,9.25,5.37,3676.0,39762.0,0.2597,2.1102,3676.0,39762.0,0.2597,129761
B. 1-9,NONPAYER,Shuffle,count,Rainbow Maker,14155,2580,18.23,9.02,5.99,3588.0,39762.0,0.2535,1.3907,3588.0,39762.0,0.2535,129761
B. 1-9,NONPAYER,Shuffle,count,Season Pass (Free),14155,2245,15.86,6.28,5.9,2496.0,39762.0,0.1763,1.1118,2496.0,39762.0,0.1763,129761
B. 1-9,NONPAYER,Shuffle,count,Other,14155,731,5.16,2.4,2.54,955.0,39762.0,0.0675,1.3064,955.0,39762.0,0.0675,129761
B. 1-9,NONPAYER,Shuffle,count,Flash Race,14155,581,4.1,1.63,1.63,647.0,39762.0,0.0457,1.1136,647.0,39762.0,0.0457,129761
B. 1-9,NONPAYER,Shuffle,count,Bomb Challenge,14155,407,2.88,1.09,1.35,435.0,39762.0,0.0307,1.0688,435.0,39762.0,0.0307,129761
B. 1-9,NONPAYER,Shuffle,count,Red Challenge,14155,405,2.86,1.08,1.65,431.0,39762.0,0.0304,1.0642,431.0,39762.0,0.0304,129761
B. 1-9,NONPAYER,Shuffle,count,Chuck Challenge,14155,339,2.39,0.9,1.27,357.0,39762.0,0.0252,1.0531,357.0,39762.0,0.0252,129761
B. 1-9,NONPAYER,Shuffle,count,Target Day,14155,197,1.39,0.53,0.81,212.0,39762.0,0.015,1.0761,212.0,39762.0,0.015,129761
B. 1-9,NONPAYER,Shuffle,count,Hatchling Hideaway,14155,150,1.06,0.39,0.54,156.0,39762.0,0.011,1.04,156.0,39762.0,0.011,129761
B. 1-9,NONPAYER,Shuffle,count,Kite Festival,14155,39,0.28,0.1,0.16,39.0,39762.0,0.0028,1.0,39.0,39762.0,0.0028,129761
B. 1-9,NONPAYER,Shuffle,count,River Rush,14155,15,0.11,0.04,0.08,15.0,39762.0,0.0011,1.0,15.0,39762.0,0.0011,129761
B. 1-9,NONPAYER,Shuffle,count,Daily Night Sky Prize,14155,2,0.01,0.01,0.01,3.0,39762.0,0.0002,1.5,3.0,39762.0,0.0002,129761
B. 1-9,NONPAYER,Shuffle,count,Photoshoot,14155,1,0.01,0.0,0.0,1.0,39762.0,0.0001,1.0,1.0,39762.0,0.0001,129761
B. 1-9,NONPAYER,Shuffle,count,Bomb's Ballet,14155,1,0.01,0.0,0.0,1.0,39762.0,0.0001,1.0,1.0,39762.0,0.0001,129761
B. 1-9,NONPAYER,Slingshot,count,Rainbow Maker,18032,6973,38.67,26.0,17.96,18354.0,70599.0,1.0179,2.6322,18354.0,70599.0,1.0179,129761
B. 1-9,NONPAYER,Slingshot,count,Daily Gift,18032,7677,42.57,17.83,18.57,12589.0,70599.0,0.6981,1.6398,12589.0,70599.0,0.6981,129761
B. 1-9,NONPAYER,Slingshot,count,Team Event,18032,3135,17.39,9.34,8.22,6591.0,70599.0,0.3655,2.1024,6591.0,70599.0,0.3655,129761
B. 1-9,NONPAYER,Slingshot,count,Daily Night Sky Prize,18032,3753,20.81,8.38,4.91,5916.0,70599.0,0.3281,1.5763,5916.0,70599.0,0.3281,129761
B. 1-9,NONPAYER,Slingshot,count,Core,18032,5164,28.64,7.84,15.43,5532.0,70599.0,0.3068,1.0713,5532.0,70599.0,0.3068,129761
B. 1-9,NONPAYER,Slingshot,count,Saga,18032,4939,27.39,7.49,10.1,5288.0,70599.0,0.2933,1.0707,5288.0,70599.0,0.2933,129761
B. 1-9,NONPAYER,Slingshot,count,Ads,18032,1834,10.17,5.15,3.17,3638.0,70599.0,0.2018,1.9836,3638.0,70599.0,0.2018,129761
B. 1-9,NONPAYER,Slingshot,count,Team Race,18032,2637,14.62,4.87,5.45,3441.0,70599.0,0.1908,1.3049,3441.0,70599.0,0.1908,129761
B. 1-9,NONPAYER,Slingshot,count,Red Challenge,18032,1584,8.78,2.43,3.23,1716.0,70599.0,0.0952,1.0833,1716.0,70599.0,0.0952,129761
B. 1-9,NONPAYER,Slingshot,count,Chuck Challenge,18032,1506,8.35,2.3,2.81,1624.0,70599.0,0.0901,1.0784,1624.0,70599.0,0.0901,129761
B. 1-9,NONPAYER,Slingshot,count,Bomb Challenge,18032,1372,7.61,2.11,2.7,1490.0,70599.0,0.0826,1.086,1490.0,70599.0,0.0826,129761
B. 1-9,NONPAYER,Slingshot,count,Other,18032,1117,6.19,1.73,2.61,1219.0,70599.0,0.0676,1.0913,1219.0,70599.0,0.0676,129761
B. 1-9,NONPAYER,Slingshot,count,Flock Flurry,18032,1014,5.62,1.7,1.47,1200.0,70599.0,0.0665,1.1834,1200.0,70599.0,0.0665,129761
B. 1-9,NONPAYER,Slingshot,count,Target Day,18032,857,4.75,1.29,1.76,911.0,70599.0,0.0505,1.063,911.0,70599.0,0.0505,129761
B. 1-9,NONPAYER,Slingshot,count,Flash Race,18032,525,2.91,0.81,0.66,573.0,70599.0,0.0318,1.0914,573.0,70599.0,0.0318,129761
B. 1-9,NONPAYER,Slingshot,count,Season Pass (Free),18032,316,1.75,0.48,0.5,342.0,70599.0,0.019,1.0823,342.0,70599.0,0.019,129761
B. 1-9,NONPAYER,Slingshot,count,Kite Festival,18032,114,0.63,0.17,0.29,119.0,70599.0,0.0066,1.0439,119.0,70599.0,0.0066,129761
B. 1-9,NONPAYER,Slingshot,count,Hatchling Hideaway,18032,37,0.21,0.06,0.11,41.0,70599.0,0.0023,1.1081,41.0,70599.0,0.0023,129761
B. 1-9,NONPAYER,Slingshot,count,Jigsaw,18032,10,0.06,0.02,0.02,11.0,70599.0,0.0006,1.1,11.0,70599.0,0.0006,129761
B. 1-9,NONPAYER,Slingshot,count,Bomb's Ballet,18032,1,0.01,0.0,0.0,1.0,70599.0,0.0001,1.0,1.0,70599.0,0.0001,129761
B. 1-9,NONPAYER,Slingshot,count,River Rush,18032,3,0.02,0.0,0.02,3.0,70599.0,0.0002,1.0,3.0,70599.0,0.0002,129761
B. 1-9,NONPAYER,UL Bomb,minutes,Daily Gift,1163,932,80.14,83.63,79.86,28650.0,34260.0,24.6346,30.7403,28650.0,34260.0,24.6346,129761
B. 1-9,NONPAYER,UL Bomb,minutes,Other,1163,109,9.37,12.07,9.2,4135.0,34260.0,3.5555,37.9358,4135.0,34260.0,3.5555,129761
B. 1-9,NONPAYER,UL Bomb,minutes,Jigsaw,1163,62,5.33,2.12,5.27,725.0,34260.0,0.6234,11.6935,725.0,34260.0,0.6234,129761
B. 1-9,NONPAYER,UL Bomb,minutes,Bomb's Ballet,1163,35,3.01,1.08,2.75,370.0,34260.0,0.3181,10.5714,370.0,34260.0,0.3181,129761
B. 1-9,NONPAYER,UL Bomb,minutes,Season Pass (Free),1163,31,2.67,0.96,2.67,330.0,34260.0,0.2837,10.6452,330.0,34260.0,0.2837,129761
B. 1-9,NONPAYER,UL Bomb,minutes,Photoshoot,1163,2,0.17,0.09,0.17,30.0,34260.0,0.0258,15.0,30.0,34260.0,0.0258,129761
B. 1-9,NONPAYER,UL Bomb,minutes,River Rush,1163,1,0.09,0.06,0.09,20.0,34260.0,0.0172,20.0,20.0,34260.0,0.0172,129761
B. 1-9,NONPAYER,UL Chuck,minutes,Season Pass (Free),6878,4470,64.99,46.05,62.11,72750.0,157985.0,10.5772,16.2752,72750.0,157985.0,10.5772,129761
B. 1-9,NONPAYER,UL Chuck,minutes,Daily Gift,6878,942,13.7,36.38,12.77,57480.0,157985.0,8.3571,61.0191,57480.0,157985.0,8.3571,129761
B. 1-9,NONPAYER,UL Chuck,minutes,Jigsaw,6878,1275,18.54,9.48,14.75,14970.0,157985.0,2.1765,11.7412,14970.0,157985.0,2.1765,129761
B. 1-9,NONPAYER,UL Chuck,minutes,Bomb's Ballet,6878,817,11.88,5.24,8.62,8280.0,157985.0,1.2038,10.1346,8280.0,157985.0,1.2038,129761
B. 1-9,NONPAYER,UL Chuck,minutes,Other,6878,108,1.57,2.65,1.43,4180.0,157985.0,0.6077,38.7037,4180.0,157985.0,0.6077,129761
B. 1-9,NONPAYER,UL Chuck,minutes,Hatchling Hideaway,6878,23,0.33,0.17,0.27,270.0,157985.0,0.0393,11.7391,270.0,157985.0,0.0393,129761
B. 1-9,NONPAYER,UL Chuck,minutes,Photoshoot,6878,2,0.03,0.02,0.03,30.0,157985.0,0.0044,15.0,30.0,157985.0,0.0044,129761
B. 1-9,NONPAYER,UL Chuck,minutes,River Rush,6878,1,0.01,0.01,0.01,10.0,157985.0,0.0015,10.0,10.0,157985.0,0.0015,129761
B. 1-9,NONPAYER,UL Chuck,minutes,Level Race,6878,1,0.01,0.01,0.01,15.0,157985.0,0.0022,15.0,15.0,157985.0,0.0022,129761
B. 1-9,NONPAYER,UL Red,minutes,Season Pass (Free),11244,7901,70.27,44.86,60.52,101850.0,227045.0,9.0582,12.8908,101850.0,227045.0,9.0582,129761
B. 1-9,NONPAYER,UL Red,minutes,Daily Gift,11244,948,8.43,25.45,7.01,57780.0,227045.0,5.1387,60.9494,57780.0,227045.0,5.1387,129761
B. 1-9,NONPAYER,UL Red,minutes,Jigsaw,11244,2813,25.02,14.64,17.3,33240.0,227045.0,2.9562,11.8166,33240.0,227045.0,2.9562,129761
B. 1-9,NONPAYER,UL Red,minutes,Bomb's Ballet,11244,1810,16.1,8.12,10.1,18425.0,227045.0,1.6387,10.1796,18425.0,227045.0,1.6387,129761
B. 1-9,NONPAYER,UL Red,minutes,Rainbow Maker,11244,800,7.11,4.65,3.72,10555.0,227045.0,0.9387,13.1938,10555.0,227045.0,0.9387,129761
B. 1-9,NONPAYER,UL Red,minutes,Other,11244,108,0.96,1.81,0.82,4120.0,227045.0,0.3664,38.1481,4120.0,227045.0,0.3664,129761
B. 1-9,NONPAYER,UL Red,minutes,Hatchling Hideaway,11244,75,0.67,0.36,0.4,810.0,227045.0,0.072,10.8,810.0,227045.0,0.072,129761
B. 1-9,NONPAYER,UL Red,minutes,Photoshoot,11244,14,0.12,0.09,0.09,210.0,227045.0,0.0187,15.0,210.0,227045.0,0.0187,129761
B. 1-9,NONPAYER,UL Red,minutes,Saga,11244,1,0.01,0.01,0.01,15.0,227045.0,0.0013,15.0,15.0,227045.0,0.0013,129761
B. 1-9,NONPAYER,UL Red,minutes,FlowerCoop,11244,2,0.02,0.01,0.01,20.0,227045.0,0.0018,10.0,20.0,227045.0,0.0018,129761
B. 1-9,NONPAYER,UL Red,minutes,River Rush,11244,1,0.01,0.0,0.01,10.0,227045.0,0.0009,10.0,10.0,227045.0,0.0009,129761
B. 1-9,NONPAYER,UL Red,minutes,Daily Night Sky Prize,11244,1,0.01,0.0,0.01,10.0,227045.0,0.0009,10.0,10.0,227045.0,0.0009,129761
B. 1-9,NONPAYER,Unlimited Lives,minutes,Daily Gift,34359,26165,76.15,17.44,30.69,1345725.0,7718301.0,39.1666,51.4323,1345725.0,7718301.0,39.1666,129761
B. 1-9,NONPAYER,Unlimited Lives,minutes,Saga,34359,22654,65.93,16.91,18.8,1305310.0,7718301.0,37.9903,57.6194,1305310.0,7718301.0,37.9903,129761
B. 1-9,NONPAYER,Unlimited Lives,minutes,Flock Flurry,34359,9539,27.76,15.66,9.38,1208600.0,7718301.0,35.1756,126.7009,1208600.0,7718301.0,35.1756,129761
B. 1-9,NONPAYER,Unlimited Lives,minutes,Daily Night Sky Prize,34359,13454,39.16,11.76,7.38,908030.0,7718301.0,26.4277,67.4915,908030.0,7718301.0,26.4277,129761
B. 1-9,NONPAYER,Unlimited Lives,minutes,Hatchling Hideaway,34359,8616,25.08,9.95,6.67,767670.0,7718301.0,22.3426,89.0982,767670.0,7718301.0,22.3426,129761
B. 1-9,NONPAYER,Unlimited Lives,minutes,Target Day,34359,10775,31.36,8.07,7.04,623030.0,7718301.0,18.1329,57.8218,623030.0,7718301.0,18.1329,129761
B. 1-9,NONPAYER,Unlimited Lives,minutes,Season Pass (Free),34359,8358,24.33,6.08,7.33,469460.0,7718301.0,13.6634,56.1689,469460.0,7718301.0,13.6634,129761
B. 1-9,NONPAYER,Unlimited Lives,minutes,Rainbow Maker,34359,10696,31.13,4.81,3.12,371485.0,7718301.0,10.8119,34.7312,371485.0,7718301.0,10.8119,129761
B. 1-9,NONPAYER,Unlimited Lives,minutes,Core,34359,7021,20.43,4.5,5.05,347520.0,7718301.0,10.1144,49.4972,347520.0,7718301.0,10.1144,129761
B. 1-9,NONPAYER,Unlimited Lives,minutes,Kite Festival,34359,3402,9.9,1.86,1.29,143615.0,7718301.0,4.1798,42.2149,143615.0,7718301.0,4.1798,129761
B. 1-9,NONPAYER,Unlimited Lives,minutes,Other,34359,2913,8.48,1.57,2.2,120856.0,7718301.0,3.5174,41.4885,120856.0,7718301.0,3.5174,129761
B. 1-9,NONPAYER,Unlimited Lives,minutes,Ads,34359,2117,6.16,0.74,0.37,57270.0,7718301.0,1.6668,27.0524,57270.0,7718301.0,1.6668,129761
B. 1-9,NONPAYER,Unlimited Lives,minutes,Jigsaw,34359,448,1.3,0.23,0.26,17730.0,7718301.0,0.516,39.5759,17730.0,7718301.0,0.516,129761
B. 1-9,NONPAYER,Unlimited Lives,minutes,Flash Race,34359,279,0.81,0.19,0.24,14540.0,7718301.0,0.4232,52.1147,14540.0,7718301.0,0.4232,129761
B. 1-9,NONPAYER,Unlimited Lives,minutes,Bomb's Ballet,34359,327,0.95,0.14,0.14,10830.0,7718301.0,0.3152,33.1193,10830.0,7718301.0,0.3152,129761
B. 1-9,NONPAYER,Unlimited Lives,minutes,Photoshoot,34359,194,0.56,0.09,0.04,6570.0,7718301.0,0.1912,33.866,6570.0,7718301.0,0.1912,129761
B. 1-9,NONPAYER,Unlimited Lives,minutes,River Rush,34359,1,0.0,0.0,0.0,15.0,7718301.0,0.0004,15.0,15.0,7718301.0,0.0004,129761
B. 1-9,NONPAYER,Unlimited Lives,minutes,FlowerCoop,34359,2,0.01,0.0,0.0,45.0,7718301.0,0.0013,22.5,45.0,7718301.0,0.0013,129761
B. 1-9,PAYER,Bomb,count,Other,3344,2608,77.99,45.11,52.0,4391.0,9734.0,1.3131,1.6837,4391.0,9734.0,1.3131,25183
B. 1-9,PAYER,Bomb,count,Team Race,3344,982,29.37,15.87,14.93,1545.0,9734.0,0.462,1.5733,1545.0,9734.0,0.462,25183
B. 1-9,PAYER,Bomb,count,Saga,3344,1302,38.94,14.6,14.69,1421.0,9734.0,0.4249,1.0914,1421.0,9734.0,0.4249,25183
B. 1-9,PAYER,Bomb,count,Season Pass (Free),3344,719,21.5,10.94,7.27,1065.0,9734.0,0.3185,1.4812,1065.0,9734.0,0.3185,25183
B. 1-9,PAYER,Bomb,count,Flock Flurry,3344,430,12.86,5.43,4.68,529.0,9734.0,0.1582,1.2302,529.0,9734.0,0.1582,25183
B. 1-9,PAYER,Bomb,count,Hatchling Hideaway,3344,245,7.33,2.79,2.02,272.0,9734.0,0.0813,1.1102,272.0,9734.0,0.0813,25183
B. 1-9,PAYER,Bomb,count,Flash Race,3344,198,5.92,2.2,1.6,214.0,9734.0,0.064,1.0808,214.0,9734.0,0.064,25183
B. 1-9,PAYER,Bomb,count,Core,3344,190,5.68,2.01,1.86,196.0,9734.0,0.0586,1.0316,196.0,9734.0,0.0586,25183
B. 1-9,PAYER,Bomb,count,Target Day,3344,49,1.47,0.54,0.55,53.0,9734.0,0.0158,1.0816,53.0,9734.0,0.0158,25183
B. 1-9,PAYER,Bomb,count,Rainbow Maker,3344,24,0.72,0.3,0.19,29.0,9734.0,0.0087,1.2083,29.0,9734.0,0.0087,25183
B. 1-9,PAYER,Bomb,count,Kite Festival,3344,13,0.39,0.14,0.12,14.0,9734.0,0.0042,1.0769,14.0,9734.0,0.0042,25183
B. 1-9,PAYER,Bomb,count,Bomb Challenge,3344,1,0.03,0.02,0.02,2.0,9734.0,0.0006,2.0,2.0,9734.0,0.0006,25183
B. 1-9,PAYER,Bomb,count,FlowerCoop,3344,1,0.03,0.02,0.02,2.0,9734.0,0.0006,2.0,2.0,9734.0,0.0006,25183
B. 1-9,PAYER,Bomb,count,Daily Night Sky Prize,3344,1,0.03,0.01,0.03,1.0,9734.0,0.0003,1.0,1.0,9734.0,0.0003,25183
B. 1-9,PAYER,Chuck,count,Rainbow Maker,3970,2512,63.27,21.38,21.09,4764.0,22284.0,1.2,1.8965,4764.0,22284.0,1.2,25183
B. 1-9,PAYER,Chuck,count,Other,3970,2617,65.92,19.78,24.08,4407.0,22284.0,1.1101,1.684,4407.0,22284.0,1.1101,25183
B. 1-9,PAYER,Chuck,count,Season Pass (Free),3970,2078,52.34,15.94,17.04,3552.0,22284.0,0.8947,1.7093,3552.0,22284.0,0.8947,25183
B. 1-9,PAYER,Chuck,count,Daily Night Sky Prize,3970,1257,31.66,9.05,6.06,2016.0,22284.0,0.5078,1.6038,2016.0,22284.0,0.5078,25183
B. 1-9,PAYER,Chuck,count,Hatchling Hideaway,3970,1069,26.93,6.76,5.43,1506.0,22284.0,0.3793,1.4088,1506.0,22284.0,0.3793,25183
B. 1-9,PAYER,Chuck,count,Jigsaw,3970,1216,30.63,6.35,6.49,1415.0,22284.0,0.3564,1.1637,1415.0,22284.0,0.3564,25183
B. 1-9,PAYER,Chuck,count,Saga,3970,1299,32.72,6.34,5.95,1412.0,22284.0,0.3557,1.087,1412.0,22284.0,0.3557,25183
B. 1-9,PAYER,Chuck,count,Bomb's Ballet,3970,938,23.63,4.38,4.2,975.0,22284.0,0.2456,1.0394,975.0,22284.0,0.2456,25183
B. 1-9,PAYER,Chuck,count,Team Race,3970,433,10.91,2.45,2.47,545.0,22284.0,0.1373,1.2587,545.0,22284.0,0.1373,25183
B. 1-9,PAYER,Chuck,count,Flock Flurry,3970,430,10.83,2.37,2.11,529.0,22284.0,0.1332,1.2302,529.0,22284.0,0.1332,25183
B. 1-9,PAYER,Chuck,count,Target Day,3970,398,10.03,2.04,1.97,455.0,22284.0,0.1146,1.1432,455.0,22284.0,0.1146,25183
B. 1-9,PAYER,Chuck,count,Core,3970,270,6.8,1.36,1.54,303.0,22284.0,0.0763,1.1222,303.0,22284.0,0.0763,25183
B. 1-9,PAYER,Chuck,count,Photoshoot,3970,225,5.67,1.03,0.9,229.0,22284.0,0.0577,1.0178,229.0,22284.0,0.0577,25183
B. 1-9,PAYER,Chuck,count,Flash Race,3970,141,3.55,0.67,0.44,149.0,22284.0,0.0375,1.0567,149.0,22284.0,0.0375,25183
B. 1-9,PAYER,Chuck,count,Kite Festival,3970,24,0.6,0.11,0.19,25.0,22284.0,0.0063,1.0417,25.0,22284.0,0.0063,25183
B. 1-9,PAYER,Chuck,count,River Rush,3970,2,0.05,0.01,0.03,2.0,22284.0,0.0005,1.0,2.0,22284.0,0.0005,25183
B. 1-9,PAYER,Comet,count,Team Race,2576,1936,75.16,42.84,52.86,3090.0,7213.0,1.1995,1.5961,3090.0,7213.0,1.1995,25183
B. 1-9,PAYER,Comet,count,Ads,2576,645,25.04,15.97,12.07,1152.0,7213.0,0.4472,1.786,1152.0,7213.0,0.4472,25183
B. 1-9,PAYER,Comet,count,Team Event,2576,291,11.3,10.41,6.37,751.0,7213.0,0.2915,2.5808,751.0,7213.0,0.2915,25183
B. 1-9,PAYER,Comet,count,Rainbow Maker,2576,501,19.45,8.87,6.8,640.0,7213.0,0.2484,1.2774,640.0,7213.0,0.2484,25183
B. 1-9,PAYER,Comet,count,Daily Gift,2576,423,16.42,6.17,5.58,445.0,7213.0,0.1727,1.052,445.0,7213.0,0.1727,25183
B. 1-9,PAYER,Comet,count,Core,2576,273,10.6,3.85,5.08,278.0,7213.0,0.1079,1.0183,278.0,7213.0,0.1079,25183
B. 1-9,PAYER,Comet,count,Hatchling Hideaway,2576,223,8.66,3.4,2.55,245.0,7213.0,0.0951,1.0987,245.0,7213.0,0.0951,25183
B. 1-9,PAYER,Comet,count,Season Pass (Free),2576,156,6.06,3.29,2.93,237.0,7213.0,0.092,1.5192,237.0,7213.0,0.092,25183
B. 1-9,PAYER,Comet,count,Flash Race,2576,153,5.94,2.44,2.58,176.0,7213.0,0.0683,1.1503,176.0,7213.0,0.0683,25183
B. 1-9,PAYER,Comet,count,Other,2576,145,5.63,2.18,2.25,157.0,7213.0,0.0609,1.0828,157.0,7213.0,0.0609,25183
B. 1-9,PAYER,Comet,count,Target Day,2576,14,0.54,0.21,0.2,15.0,7213.0,0.0058,1.0714,15.0,7213.0,0.0058,25183
B. 1-9,PAYER,Comet,count,Bomb Challenge,2576,8,0.31,0.11,0.16,8.0,7213.0,0.0031,1.0,8.0,7213.0,0.0031,25183
B. 1-9,PAYER,Comet,count,Red Challenge,2576,6,0.23,0.08,0.21,6.0,7213.0,0.0023,1.0,6.0,7213.0,0.0023,25183
B. 1-9,PAYER,Comet,count,Saga,2576,6,0.23,0.08,0.16,6.0,7213.0,0.0023,1.0,6.0,7213.0,0.0023,25183
B. 1-9,PAYER,Comet,count,River Rush,2576,3,0.12,0.04,0.1,3.0,7213.0,0.0012,1.0,3.0,7213.0,0.0012,25183
B. 1-9,PAYER,Comet,count,Kite Festival,2576,2,0.08,0.03,0.06,2.0,7213.0,0.0008,1.0,2.0,7213.0,0.0008,25183
B. 1-9,PAYER,Comet,count,Daily Night Sky Prize,2576,1,0.04,0.01,0.01,1.0,7213.0,0.0004,1.0,1.0,7213.0,0.0004,25183
B. 1-9,PAYER,Comet,count,Chuck Challenge,2576,1,0.04,0.01,0.02,1.0,7213.0,0.0004,1.0,1.0,7213.0,0.0004,25183
B. 1-9,PAYER,HC,HC,Daily Gift,4491,3916,87.2,23.97,26.41,343740.0,1434297.49,76.5397,87.7783,343740.0,1450610.0,76.5397,25183
B. 1-9,PAYER,HC,HC,Team Event,4491,1289,28.7,16.73,9.55,239910.0,1434297.49,53.4202,186.121,239910.0,1450610.0,53.4202,25183
B. 1-9,PAYER,HC,HC,Team Race,4491,2013,44.82,15.53,14.2,222695.0,1434297.49,49.587,110.6284,222695.0,1450610.0,49.587,25183
B. 1-9,PAYER,HC,HC,Ads,4491,1533,34.13,8.06,5.92,115650.0,1434297.49,25.7515,75.4403,115650.0,1450610.0,25.7515,25183
B. 1-9,PAYER,HC,HC,Daily Night Sky Prize,4491,2741,61.03,7.51,7.99,107660.0,1434297.49,23.9724,39.2776,107660.0,1450610.0,23.9724,25183
B. 1-9,PAYER,HC,HC,Rainbow Maker,4491,3173,70.65,6.53,8.95,93617.49,1434297.49,20.8456,29.5044,109930.0,1450610.0,24.4778,25183
B. 1-9,PAYER,HC,HC,Saga,4491,2980,66.35,6.09,8.25,87380.0,1434297.49,19.4567,29.3221,87380.0,1450610.0,19.4567,25183
B. 1-9,PAYER,HC,HC,Season Pass (Free),4491,2398,53.4,5.25,7.91,75255.0,1434297.49,16.7568,31.3824,75255.0,1450610.0,16.7568,25183
B. 1-9,PAYER,HC,HC,Core,4491,1496,33.31,4.32,5.46,61995.0,1434297.49,13.8043,41.4405,61995.0,1450610.0,13.8043,25183
B. 1-9,PAYER,HC,HC,Other,4491,1165,25.94,2.3,1.51,32935.0,1434297.49,7.3336,28.2704,32935.0,1450610.0,7.3336,25183
B. 1-9,PAYER,HC,HC,Flash Race,4491,494,11.0,1.19,1.11,17110.0,1434297.49,3.8098,34.6356,17110.0,1450610.0,3.8098,25183
B. 1-9,PAYER,HC,HC,Hatchling Hideaway,4491,1080,24.05,1.09,1.15,15665.0,1434297.49,3.4881,14.5046,15665.0,1450610.0,3.4881,25183
B. 1-9,PAYER,HC,HC,Bomb Challenge,4491,59,1.31,0.37,0.34,5350.0,1434297.49,1.1913,90.678,5350.0,1450610.0,1.1913,25183
B. 1-9,PAYER,HC,HC,Target Day,4491,94,2.09,0.34,0.37,4825.0,1434297.49,1.0744,51.3298,4825.0,1450610.0,1.0744,25183
B. 1-9,PAYER,HC,HC,Red Challenge,4491,40,0.89,0.26,0.4,3700.0,1434297.49,0.8239,92.5,3700.0,1450610.0,0.8239,25183
B. 1-9,PAYER,HC,HC,Kite Festival,4491,18,0.4,0.18,0.13,2650.0,1434297.49,0.5901,147.2222,2650.0,1450610.0,0.5901,25183
B. 1-9,PAYER,HC,HC,Chuck Challenge,4491,20,0.45,0.1,0.16,1400.0,1434297.49,0.3117,70.0,1400.0,1450610.0,0.3117,25183
B. 1-9,PAYER,HC,HC,Jigsaw,4491,34,0.76,0.08,0.09,1100.0,1434297.49,0.2449,32.3529,1100.0,1450610.0,0.2449,25183
B. 1-9,PAYER,HC,HC,Bomb's Ballet,4491,33,0.73,0.06,0.05,875.0,1434297.49,0.1948,26.5152,875.0,1450610.0,0.1948,25183
B. 1-9,PAYER,HC,HC,Photoshoot,4491,23,0.51,0.04,0.02,600.0,1434297.49,0.1336,26.087,600.0,1450610.0,0.1336,25183
B. 1-9,PAYER,HC,HC,River Rush,4491,4,0.09,0.01,0.04,185.0,1434297.49,0.0412,46.25,185.0,1450610.0,0.0412,25183
B. 1-9,PAYER,Red,count,Daily Night Sky Prize,4126,2536,61.46,22.57,18.17,6322.0,28010.0,1.5322,2.4929,6322.0,28010.0,1.5322,25183
B. 1-9,PAYER,Red,count,Rainbow Maker,4126,3180,77.07,20.27,25.57,5678.0,28010.0,1.3762,1.7855,5678.0,28010.0,1.3762,25183
B. 1-9,PAYER,Red,count,Other,4126,2624,63.6,15.59,19.12,4368.0,28010.0,1.0587,1.6646,4368.0,28010.0,1.0587,25183
B. 1-9,PAYER,Red,count,Hatchling Hideaway,4126,2241,54.31,14.13,13.06,3957.0,28010.0,0.959,1.7657,3957.0,28010.0,0.959,25183
B. 1-9,PAYER,Red,count,Season Pass (Free),4126,1944,47.12,14.03,11.46,3931.0,28010.0,0.9527,2.0221,3931.0,28010.0,0.9527,25183
B. 1-9,PAYER,Red,count,Saga,4126,1338,32.43,5.23,5.1,1466.0,28010.0,0.3553,1.0957,1466.0,28010.0,0.3553,25183
B. 1-9,PAYER,Red,count,Target Day,4126,860,20.84,3.82,3.31,1069.0,28010.0,0.2591,1.243,1069.0,28010.0,0.2591,25183
B. 1-9,PAYER,Red,count,Flock Flurry,4126,430,10.42,1.89,1.69,529.0,28010.0,0.1282,1.2302,529.0,28010.0,0.1282,25183
B. 1-9,PAYER,Red,count,Team Race,4126,269,6.52,1.15,1.17,322.0,28010.0,0.078,1.197,322.0,28010.0,0.078,25183
B. 1-9,PAYER,Red,count,Core,4126,196,4.75,0.72,0.87,203.0,28010.0,0.0492,1.0357,203.0,28010.0,0.0492,25183
B. 1-9,PAYER,Red,count,Flash Race,4126,101,2.45,0.38,0.27,106.0,28010.0,0.0257,1.0495,106.0,28010.0,0.0257,25183
B. 1-9,PAYER,Red,count,Kite Festival,4126,25,0.61,0.1,0.08,29.0,28010.0,0.007,1.16,29.0,28010.0,0.007,25183
B. 1-9,PAYER,Red,count,Jigsaw,4126,11,0.27,0.05,0.09,14.0,28010.0,0.0034,1.2727,14.0,28010.0,0.0034,25183
B. 1-9,PAYER,Red,count,Bomb's Ballet,4126,9,0.22,0.03,0.02,9.0,28010.0,0.0022,1.0,9.0,28010.0,0.0022,25183
B. 1-9,PAYER,Red,count,Photoshoot,4126,6,0.15,0.02,0.01,6.0,28010.0,0.0015,1.0,6.0,28010.0,0.0015,25183
B. 1-9,PAYER,Red,count,River Rush,4126,1,0.02,0.0,0.0,1.0,28010.0,0.0002,1.0,1.0,28010.0,0.0002,25183
B. 1-9,PAYER,SPT,count,Core,4372,4250,97.21,74.04,74.27,1403057.0,1895098.07,320.9188,330.1311,1403057.0,1922196.0,320.9188,25183
B. 1-9,PAYER,SPT,count,Rainbow Maker,4372,2659,60.82,13.2,10.31,250172.07,1895098.07,57.2214,94.085,277270.0,1922196.0,63.4195,25183
B. 1-9,PAYER,SPT,count,Other,4372,2334,53.39,8.91,11.24,168772.0,1895098.07,38.6029,72.3102,168772.0,1922196.0,38.6029,25183
B. 1-9,PAYER,SPT,count,Flash Race,4372,766,17.52,2.58,1.98,48965.0,1895098.07,11.1997,63.923,48965.0,1922196.0,11.1997,25183
B. 1-9,PAYER,SPT,count,Kite Festival,4372,174,3.98,0.69,0.7,13130.0,1895098.07,3.0032,75.4598,13130.0,1922196.0,3.0032,25183
B. 1-9,PAYER,SPT,count,Flock Flurry,4372,374,8.55,0.47,0.52,8840.0,1895098.07,2.022,23.6364,8840.0,1922196.0,2.022,25183
B. 1-9,PAYER,SPT,count,Season Pass (Free),4372,109,2.49,0.11,0.98,2142.0,1895098.07,0.4899,19.6514,2142.0,1922196.0,0.4899,25183
B. 1-9,PAYER,SPT,count,River Rush,4372,1,0.02,0.0,0.0,20.0,1895098.07,0.0046,20.0,20.0,1922196.0,0.0046,25183
B. 1-9,PAYER,SPTx2,minutes,Rainbow Maker,1761,1756,99.72,99.58,99.72,24805.0,24910.0,14.0857,14.1259,24805.0,24910.0,14.0857,25183
B. 1-9,PAYER,SPTx2,minutes,Daily Gift,1761,5,0.28,0.42,0.28,105.0,24910.0,0.0596,21.0,105.0,24910.0,0.0596,25183
B. 1-9,PAYER,Shuffle,count,Daily Gift,3117,1726,55.37,19.31,19.83,2816.0,14581.0,0.9034,1.6315,2816.0,14581.0,0.9034,25183
B. 1-9,PAYER,Shuffle,count,Ads,3117,1053,33.78,17.12,12.87,2496.0,14581.0,0.8008,2.3704,2496.0,14581.0,0.8008,25183
B. 1-9,PAYER,Shuffle,count,Team Race,3117,1359,43.6,13.76,17.27,2007.0,14581.0,0.6439,1.4768,2007.0,14581.0,0.6439,25183
B. 1-9,PAYER,Shuffle,count,Rainbow Maker,3117,1073,34.42,11.0,8.87,1604.0,14581.0,0.5146,1.4949,1604.0,14581.0,0.5146,25183
B. 1-9,PAYER,Shuffle,count,Team Event,3117,379,12.16,9.7,6.48,1414.0,14581.0,0.4536,3.7309,1414.0,14581.0,0.4536,25183
B. 1-9,PAYER,Shuffle,count,Saga,3117,1237,39.69,9.28,11.02,1353.0,14581.0,0.4341,1.0938,1353.0,14581.0,0.4341,25183
B. 1-9,PAYER,Shuffle,count,Season Pass (Free),3117,1056,33.88,9.03,8.72,1317.0,14581.0,0.4225,1.2472,1317.0,14581.0,0.4225,25183
B. 1-9,PAYER,Shuffle,count,Core,3117,617,19.79,4.41,6.11,643.0,14581.0,0.2063,1.0421,643.0,14581.0,0.2063,25183
B. 1-9,PAYER,Shuffle,count,Other,3117,241,7.73,2.08,2.42,304.0,14581.0,0.0975,1.2614,304.0,14581.0,0.0975,25183
B. 1-9,PAYER,Shuffle,count,Flash Race,3117,190,6.1,1.45,1.54,212.0,14581.0,0.068,1.1158,212.0,14581.0,0.068,25183
B. 1-9,PAYER,Shuffle,count,Bomb Challenge,3117,118,3.79,0.9,1.29,131.0,14581.0,0.042,1.1102,131.0,14581.0,0.042,25183
B. 1-9,PAYER,Shuffle,count,Red Challenge,3117,102,3.27,0.75,1.38,109.0,14581.0,0.035,1.0686,109.0,14581.0,0.035,25183
B. 1-9,PAYER,Shuffle,count,Chuck Challenge,3117,63,2.02,0.45,0.9,65.0,14581.0,0.0209,1.0317,65.0,14581.0,0.0209,25183
B. 1-9,PAYER,Shuffle,count,Target Day,3117,42,1.35,0.34,0.66,50.0,14581.0,0.016,1.1905,50.0,14581.0,0.016,25183
B. 1-9,PAYER,Shuffle,count,Hatchling Hideaway,3117,39,1.25,0.28,0.4,41.0,14581.0,0.0132,1.0513,41.0,14581.0,0.0132,25183
B. 1-9,PAYER,Shuffle,count,Kite Festival,3117,14,0.45,0.1,0.14,15.0,14581.0,0.0048,1.0714,15.0,14581.0,0.0048,25183
B. 1-9,PAYER,Shuffle,count,Bomb's Ballet,3117,1,0.03,0.01,0.03,1.0,14581.0,0.0003,1.0,1.0,14581.0,0.0003,25183
B. 1-9,PAYER,Shuffle,count,Daily Night Sky Prize,3117,1,0.03,0.01,0.03,1.0,14581.0,0.0003,1.0,1.0,14581.0,0.0003,25183
B. 1-9,PAYER,Shuffle,count,River Rush,3117,2,0.06,0.01,0.04,2.0,14581.0,0.0006,1.0,2.0,14581.0,0.0006,25183
B. 1-9,PAYER,Slingshot,count,Rainbow Maker,3509,2209,62.95,27.87,24.69,6920.0,24826.0,1.9721,3.1326,6920.0,24826.0,1.9721,25183
B. 1-9,PAYER,Slingshot,count,Daily Gift,3509,2151,61.3,17.55,18.29,4356.0,24826.0,1.2414,2.0251,4356.0,24826.0,1.2414,25183
B. 1-9,PAYER,Slingshot,count,Team Event,3509,1019,29.04,10.5,9.7,2607.0,24826.0,0.7429,2.5584,2607.0,24826.0,0.7429,25183
B. 1-9,PAYER,Slingshot,count,Ads,3509,1004,28.61,9.97,7.33,2475.0,24826.0,0.7053,2.4651,2475.0,24826.0,0.7053,25183
B. 1-9,PAYER,Slingshot,count,Daily Night Sky Prize,3509,1259,35.88,8.13,6.82,2018.0,24826.0,0.5751,1.6029,2018.0,24826.0,0.5751,25183
B. 1-9,PAYER,Slingshot,count,Team Race,3509,1023,29.15,5.78,7.91,1434.0,24826.0,0.4087,1.4018,1434.0,24826.0,0.4087,25183
B. 1-9,PAYER,Slingshot,count,Saga,3509,1294,36.88,5.65,6.54,1403.0,24826.0,0.3998,1.0842,1403.0,24826.0,0.3998,25183
B. 1-9,PAYER,Slingshot,count,Flock Flurry,3509,430,12.25,2.13,2.36,529.0,24826.0,0.1508,1.2302,529.0,24826.0,0.1508,25183
B. 1-9,PAYER,Slingshot,count,Core,3509,470,13.39,1.97,2.76,488.0,24826.0,0.1391,1.0383,488.0,24826.0,0.1391,25183
B. 1-9,PAYER,Slingshot,count,Other,3509,359,10.23,1.8,2.34,447.0,24826.0,0.1274,1.2451,447.0,24826.0,0.1274,25183
B. 1-9,PAYER,Slingshot,count,Season Pass (Free),3509,265,7.55,1.75,1.64,434.0,24826.0,0.1237,1.6377,434.0,24826.0,0.1237,25183
B. 1-9,PAYER,Slingshot,count,Red Challenge,3509,388,11.06,1.72,2.57,426.0,24826.0,0.1214,1.0979,426.0,24826.0,0.1214,25183
B. 1-9,PAYER,Slingshot,count,Bomb Challenge,3509,361,10.29,1.66,2.43,412.0,24826.0,0.1174,1.1413,412.0,24826.0,0.1174,25183
B. 1-9,PAYER,Slingshot,count,Chuck Challenge,3509,349,9.95,1.54,1.85,382.0,24826.0,0.1089,1.0946,382.0,24826.0,0.1089,25183
B. 1-9,PAYER,Slingshot,count,Target Day,3509,234,6.67,1.03,1.66,255.0,24826.0,0.0727,1.0897,255.0,24826.0,0.0727,25183
B. 1-9,PAYER,Slingshot,count,Flash Race,3509,183,5.22,0.79,0.76,196.0,24826.0,0.0559,1.071,196.0,24826.0,0.0559,25183
B. 1-9,PAYER,Slingshot,count,Kite Festival,3509,22,0.63,0.09,0.18,22.0,24826.0,0.0063,1.0,22.0,24826.0,0.0063,25183
B. 1-9,PAYER,Slingshot,count,Hatchling Hideaway,3509,17,0.48,0.07,0.12,18.0,24826.0,0.0051,1.0588,18.0,24826.0,0.0051,25183
B. 1-9,PAYER,Slingshot,count,Jigsaw,3509,2,0.06,0.01,0.02,3.0,24826.0,0.0009,1.5,3.0,24826.0,0.0009,25183
B. 1-9,PAYER,Slingshot,count,Bomb's Ballet,3509,1,0.03,0.0,0.01,1.0,24826.0,0.0003,1.0,1.0,24826.0,0.0003,25183
B. 1-9,PAYER,UL Bomb,minutes,Daily Gift,563,439,77.98,86.41,76.36,13320.0,15415.0,23.659,30.3417,13320.0,15415.0,23.659,25183
B. 1-9,PAYER,UL Bomb,minutes,Season Pass (Free),563,127,22.56,10.74,19.19,1655.0,15415.0,2.9396,13.0315,1655.0,15415.0,2.9396,25183
B. 1-9,PAYER,UL Bomb,minutes,Other,563,5,0.89,0.97,0.89,150.0,15415.0,0.2664,30.0,150.0,15415.0,0.2664,25183
B. 1-9,PAYER,UL Bomb,minutes,Jigsaw,563,11,1.95,0.91,1.87,140.0,15415.0,0.2487,12.7273,140.0,15415.0,0.2487,25183
B. 1-9,PAYER,UL Bomb,minutes,Bomb's Ballet,563,13,2.31,0.84,1.53,130.0,15415.0,0.2309,10.0,130.0,15415.0,0.2309,25183
B. 1-9,PAYER,UL Bomb,minutes,Team Race,563,1,0.18,0.13,0.18,20.0,15415.0,0.0355,20.0,20.0,15415.0,0.0355,25183
B. 1-9,PAYER,UL Chuck,minutes,Daily Gift,1628,442,27.15,54.07,24.91,26940.0,49825.0,16.5479,60.9502,26940.0,49825.0,16.5479,25183
B. 1-9,PAYER,UL Chuck,minutes,Season Pass (Free),1628,947,58.17,33.35,52.12,16615.0,49825.0,10.2058,17.5449,16615.0,49825.0,10.2058,25183
B. 1-9,PAYER,UL Chuck,minutes,Jigsaw,1628,323,19.84,7.54,13.31,3755.0,49825.0,2.3065,11.6254,3755.0,49825.0,2.3065,25183
B. 1-9,PAYER,UL Chuck,minutes,Bomb's Ballet,1628,224,13.76,4.55,8.9,2265.0,49825.0,1.3913,10.1116,2265.0,49825.0,1.3913,25183
B. 1-9,PAYER,UL Chuck,minutes,Other,1628,5,0.31,0.3,0.31,150.0,49825.0,0.0921,30.0,150.0,49825.0,0.0921,25183
B. 1-9,PAYER,UL Chuck,minutes,Hatchling Hideaway,1628,7,0.43,0.14,0.38,70.0,49825.0,0.043,10.0,70.0,49825.0,0.043,25183
B. 1-9,PAYER,UL Chuck,minutes,Photoshoot,1628,2,0.12,0.06,0.07,30.0,49825.0,0.0184,15.0,30.0,49825.0,0.0184,25183
B. 1-9,PAYER,UL Red,minutes,Daily Gift,2477,440,17.76,37.68,14.08,26760.0,71015.0,10.8034,60.8182,26760.0,71015.0,10.8034,25183
B. 1-9,PAYER,UL Red,minutes,Season Pass (Free),2477,1843,74.4,36.96,54.89,26245.0,71015.0,10.5955,14.2404,26245.0,71015.0,10.5955,25183
B. 1-9,PAYER,UL Red,minutes,Jigsaw,2477,712,28.74,11.38,15.05,8080.0,71015.0,3.262,11.3483,8080.0,71015.0,3.262,25183
B. 1-9,PAYER,UL Red,minutes,Rainbow Maker,2477,360,14.53,6.75,6.6,4790.0,71015.0,1.9338,13.3056,4790.0,71015.0,1.9338,25183
B. 1-9,PAYER,UL Red,minutes,Bomb's Ballet,2477,452,18.25,6.45,8.48,4580.0,71015.0,1.849,10.1327,4580.0,71015.0,1.849,25183
B. 1-9,PAYER,UL Red,minutes,Hatchling Hideaway,2477,23,0.93,0.35,0.45,250.0,71015.0,0.1009,10.8696,250.0,71015.0,0.1009,25183
B. 1-9,PAYER,UL Red,minutes,Photoshoot,2477,10,0.4,0.21,0.22,150.0,71015.0,0.0606,15.0,150.0,71015.0,0.0606,25183
B. 1-9,PAYER,UL Red,minutes,Other,2477,5,0.2,0.21,0.19,150.0,71015.0,0.0606,30.0,150.0,71015.0,0.0606,25183
B. 1-9,PAYER,UL Red,minutes,FlowerCoop,2477,1,0.04,0.01,0.04,10.0,71015.0,0.004,10.0,10.0,71015.0,0.004,25183
B. 1-9,PAYER,Unlimited Lives,minutes,Flock Flurry,4503,2427,53.9,18.63,15.53,452460.0,2428421.0,100.4797,186.4277,452460.0,2428421.0,100.4797,25183
B. 1-9,PAYER,Unlimited Lives,minutes,Daily Gift,4503,3523,78.24,17.1,16.75,415380.0,2428421.0,92.2452,117.9052,415380.0,2428421.0,92.2452,25183
B. 1-9,PAYER,Unlimited Lives,minutes,Saga,4503,3623,80.46,15.27,15.52,370765.0,2428421.0,82.3373,102.3365,370765.0,2428421.0,82.3373,25183
B. 1-9,PAYER,Unlimited Lives,minutes,Daily Night Sky Prize,4503,3484,77.37,12.7,12.51,308450.0,2428421.0,68.4988,88.5333,308450.0,2428421.0,68.4988,25183
B. 1-9,PAYER,Unlimited Lives,minutes,Hatchling Hideaway,4503,2261,50.21,10.11,9.01,245580.0,2428421.0,54.537,108.6157,245580.0,2428421.0,54.537,25183
B. 1-9,PAYER,Unlimited Lives,minutes,Target Day,4503,2678,59.47,8.85,9.88,214830.0,2428421.0,47.7082,80.2203,214830.0,2428421.0,47.7082,25183
B. 1-9,PAYER,Unlimited Lives,minutes,Season Pass (Free),4503,2046,45.44,5.33,7.74,129420.0,2428421.0,28.7408,63.2551,129420.0,2428421.0,28.7408,25183
B. 1-9,PAYER,Unlimited Lives,minutes,Rainbow Maker,4503,2857,63.45,5.2,5.06,126160.0,2428421.0,28.0169,44.1582,126160.0,2428421.0,28.0169,25183
B. 1-9,PAYER,Unlimited Lives,minutes,Kite Festival,4503,1068,23.72,1.95,1.99,47365.0,2428421.0,10.5185,44.3493,47365.0,2428421.0,10.5185,25183
B. 1-9,PAYER,Unlimited Lives,minutes,Core,4503,870,19.32,1.68,1.94,40770.0,2428421.0,9.054,46.8621,40770.0,2428421.0,9.054,25183
B. 1-9,PAYER,Unlimited Lives,minutes,Ads,4503,1118,24.83,1.55,1.18,37685.0,2428421.0,8.3689,33.7075,37685.0,2428421.0,8.3689,25183
B. 1-9,PAYER,Unlimited Lives,minutes,Other,4503,586,13.01,1.15,2.22,27901.0,2428421.0,6.1961,47.6126,27901.0,2428421.0,6.1961,25183
B. 1-9,PAYER,Unlimited Lives,minutes,Jigsaw,4503,104,2.31,0.17,0.29,4140.0,2428421.0,0.9194,39.8077,4140.0,2428421.0,0.9194,25183
B. 1-9,PAYER,Unlimited Lives,minutes,Bomb's Ballet,4503,92,2.04,0.12,0.12,2955.0,2428421.0,0.6562,32.1196,2955.0,2428421.0,0.6562,25183
B. 1-9,PAYER,Unlimited Lives,minutes,Photoshoot,4503,75,1.67,0.11,0.1,2610.0,2428421.0,0.5796,34.8,2610.0,2428421.0,0.5796,25183
B. 1-9,PAYER,Unlimited Lives,minutes,Flash Race,4503,37,0.82,0.08,0.15,1880.0,2428421.0,0.4175,50.8108,1880.0,2428421.0,0.4175,25183
B. 1-9,PAYER,Unlimited Lives,minutes,Team Race,4503,1,0.02,0.0,0.01,70.0,2428421.0,0.0155,70.0,70.0,2428421.0,0.0155,25183
C. 10-19,NONPAYER,Bomb,count,Core,23162,9657,41.69,24.98,30.44,16505.0,66062.0,0.7126,1.7091,16505.0,66062.0,0.7126,105456
C. 10-19,NONPAYER,Bomb,count,Other,23162,12478,53.87,24.58,30.57,16240.0,66062.0,0.7011,1.3015,16240.0,66062.0,0.7011,105456
C. 10-19,NONPAYER,Bomb,count,Saga,23162,8617,37.2,16.34,15.67,10797.0,66062.0,0.4662,1.253,10797.0,66062.0,0.4662,105456
C. 10-19,NONPAYER,Bomb,count,Hatchling Hideaway,23162,4341,18.74,8.83,5.78,5833.0,66062.0,0.2518,1.3437,5833.0,66062.0,0.2518,105456
C. 10-19,NONPAYER,Bomb,count,Season Pass (Free),23162,3250,14.03,6.22,3.79,4112.0,66062.0,0.1775,1.2652,4112.0,66062.0,0.1775,105456
C. 10-19,NONPAYER,Bomb,count,Team Race,23162,2560,11.05,5.22,4.54,3450.0,66062.0,0.149,1.3477,3450.0,66062.0,0.149,105456
C. 10-19,NONPAYER,Bomb,count,Flock Flurry,23162,2400,10.36,4.94,3.43,3266.0,66062.0,0.141,1.3608,3266.0,66062.0,0.141,105456
C. 10-19,NONPAYER,Bomb,count,Flash Race,23162,2249,9.71,3.99,2.95,2637.0,66062.0,0.1139,1.1725,2637.0,66062.0,0.1139,105456
C. 10-19,NONPAYER,Bomb,count,Rainbow Maker,23162,1558,6.73,3.28,1.58,2169.0,66062.0,0.0936,1.3922,2169.0,66062.0,0.0936,105456
C. 10-19,NONPAYER,Bomb,count,Target Day,23162,795,3.43,1.3,1.04,860.0,66062.0,0.0371,1.0818,860.0,66062.0,0.0371,105456
C. 10-19,NONPAYER,Bomb,count,Kite Festival,23162,166,0.72,0.26,0.2,174.0,66062.0,0.0075,1.0482,174.0,66062.0,0.0075,105456
C. 10-19,NONPAYER,Bomb,count,FlowerCoop,23162,2,0.01,0.01,0.01,4.0,66062.0,0.0002,2.0,4.0,66062.0,0.0002,105456
C. 10-19,NONPAYER,Bomb,count,Ads,23162,8,0.03,0.01,0.01,9.0,66062.0,0.0004,1.125,9.0,66062.0,0.0004,105456
C. 10-19,NONPAYER,Bomb,count,Bomb's Ballet,23162,2,0.01,0.0,0.0,2.0,66062.0,0.0001,1.0,2.0,66062.0,0.0001,105456
C. 10-19,NONPAYER,Bomb,count,River Rush,23162,1,0.0,0.0,0.0,1.0,66062.0,0.0,1.0,1.0,66062.0,0.0,105456
C. 10-19,NONPAYER,Bomb,count,Jigsaw,23162,3,0.01,0.0,0.0,3.0,66062.0,0.0001,1.0,3.0,66062.0,0.0001,105456
C. 10-19,NONPAYER,Chuck,count,Core,30506,13588,44.54,17.64,29.62,23961.0,135867.0,0.7855,1.7634,23961.0,135867.0,0.7855,105456
C. 10-19,NONPAYER,Chuck,count,Rainbow Maker,30506,12283,40.26,14.48,12.4,19668.0,135867.0,0.6447,1.6012,19668.0,135867.0,0.6447,105456
C. 10-19,NONPAYER,Chuck,count,Season Pass (Free),30506,9878,32.38,13.07,10.31,17755.0,135867.0,0.582,1.7974,17755.0,135867.0,0.582,105456
C. 10-19,NONPAYER,Chuck,count,Other,30506,12597,41.29,12.06,13.06,16387.0,135867.0,0.5372,1.3009,16387.0,135867.0,0.5372,105456
C. 10-19,NONPAYER,Chuck,count,Saga,30506,10283,33.71,9.39,8.54,12761.0,135867.0,0.4183,1.241,12761.0,135867.0,0.4183,105456
C. 10-19,NONPAYER,Chuck,count,Daily Night Sky Prize,30506,7514,24.63,8.14,6.04,11056.0,135867.0,0.3624,1.4714,11056.0,135867.0,0.3624,105456
C. 10-19,NONPAYER,Chuck,count,Hatchling Hideaway,30506,7697,25.23,7.9,5.86,10733.0,135867.0,0.3518,1.3944,10733.0,135867.0,0.3518,105456
C. 10-19,NONPAYER,Chuck,count,Jigsaw,30506,5808,19.04,4.95,4.7,6719.0,135867.0,0.2203,1.1569,6719.0,135867.0,0.2203,105456
C. 10-19,NONPAYER,Chuck,count,Bomb's Ballet,30506,4935,16.18,3.72,3.44,5060.0,135867.0,0.1659,1.0253,5060.0,135867.0,0.1659,105456
C. 10-19,NONPAYER,Chuck,count,Target Day,30506,2815,9.23,2.5,1.79,3399.0,135867.0,0.1114,1.2075,3399.0,135867.0,0.1114,105456
C. 10-19,NONPAYER,Chuck,count,Flock Flurry,30506,2400,7.87,2.4,1.51,3266.0,135867.0,0.1071,1.3608,3266.0,135867.0,0.1071,105456
C. 10-19,NONPAYER,Chuck,count,Photoshoot,30506,1942,6.37,1.45,1.2,1967.0,135867.0,0.0645,1.0129,1967.0,135867.0,0.0645,105456
C. 10-19,NONPAYER,Chuck,count,Flash Race,30506,1328,4.35,1.12,0.67,1520.0,135867.0,0.0498,1.1446,1520.0,135867.0,0.0498,105456
C. 10-19,NONPAYER,Chuck,count,Team Race,30506,1146,3.76,0.97,0.7,1319.0,135867.0,0.0432,1.151,1319.0,135867.0,0.0432,105456
C. 10-19,NONPAYER,Chuck,count,Kite Festival,30506,265,0.87,0.2,0.15,274.0,135867.0,0.009,1.034,274.0,135867.0,0.009,105456
C. 10-19,NONPAYER,Chuck,count,Ads,30506,12,0.04,0.01,0.02,14.0,135867.0,0.0005,1.1667,14.0,135867.0,0.0005,105456
C. 10-19,NONPAYER,Chuck,count,River Rush,30506,2,0.01,0.0,0.0,2.0,135867.0,0.0001,1.0,2.0,135867.0,0.0001,105456
C. 10-19,NONPAYER,Chuck,count,FlowerCoop,30506,2,0.01,0.0,0.0,6.0,135867.0,0.0002,3.0,6.0,135867.0,0.0002,105456
C. 10-19,NONPAYER,Comet,count,Team Race,13041,5597,42.92,23.36,25.74,8243.0,35280.0,0.6321,1.4728,8243.0,35280.0,0.6321,105456
C. 10-19,NONPAYER,Comet,count,Rainbow Maker,13041,5383,41.28,22.43,18.28,7913.0,35280.0,0.6068,1.47,7913.0,35280.0,0.6068,105456
C. 10-19,NONPAYER,Comet,count,Hatchling Hideaway,13041,4062,31.15,15.11,11.62,5330.0,35280.0,0.4087,1.3122,5330.0,35280.0,0.4087,105456
C. 10-19,NONPAYER,Comet,count,Core,13041,4338,33.26,12.88,19.7,4545.0,35280.0,0.3485,1.0477,4545.0,35280.0,0.3485,105456
C. 10-19,NONPAYER,Comet,count,Ads,13041,1334,10.23,6.5,4.03,2292.0,35280.0,0.1758,1.7181,2292.0,35280.0,0.1758,105456
C. 10-19,NONPAYER,Comet,count,Team Event,13041,1263,9.68,6.45,6.18,2275.0,35280.0,0.1744,1.8013,2275.0,35280.0,0.1744,105456
C. 10-19,NONPAYER,Comet,count,Flash Race,13041,1816,13.93,5.84,7.6,2061.0,35280.0,0.158,1.1349,2061.0,35280.0,0.158,105456
C. 10-19,NONPAYER,Comet,count,Daily Gift,13041,1058,8.11,3.1,2.36,1093.0,35280.0,0.0838,1.0331,1093.0,35280.0,0.0838,105456
C. 10-19,NONPAYER,Comet,count,Other,13041,728,5.58,2.16,1.86,761.0,35280.0,0.0584,1.0453,761.0,35280.0,0.0584,105456
C. 10-19,NONPAYER,Comet,count,Target Day,13041,300,2.3,0.89,0.93,315.0,35280.0,0.0242,1.05,315.0,35280.0,0.0242,105456
C. 10-19,NONPAYER,Comet,count,Saga,13041,100,0.77,0.31,0.68,109.0,35280.0,0.0084,1.09,109.0,35280.0,0.0084,105456
C. 10-19,NONPAYER,Comet,count,Bomb Challenge,13041,101,0.77,0.3,0.29,106.0,35280.0,0.0081,1.0495,106.0,35280.0,0.0081,105456
C. 10-19,NONPAYER,Comet,count,Red Challenge,13041,96,0.74,0.29,0.35,102.0,35280.0,0.0078,1.0625,102.0,35280.0,0.0078,105456
C. 10-19,NONPAYER,Comet,count,Chuck Challenge,13041,75,0.58,0.22,0.23,79.0,35280.0,0.0061,1.0533,79.0,35280.0,0.0061,105456
C. 10-19,NONPAYER,Comet,count,Daily Night Sky Prize,13041,19,0.15,0.06,0.03,20.0,35280.0,0.0015,1.0526,20.0,35280.0,0.0015,105456
C. 10-19,NONPAYER,Comet,count,Kite Festival,13041,16,0.12,0.05,0.04,16.0,35280.0,0.0012,1.0,16.0,35280.0,0.0012,105456
C. 10-19,NONPAYER,Comet,count,River Rush,13041,9,0.07,0.03,0.06,9.0,35280.0,0.0007,1.0,9.0,35280.0,0.0007,105456
C. 10-19,NONPAYER,Comet,count,FlowerCoop,13041,2,0.02,0.02,0.01,6.0,35280.0,0.0005,3.0,6.0,35280.0,0.0005,105456
C. 10-19,NONPAYER,Comet,count,Jigsaw,13041,3,0.02,0.01,0.0,3.0,35280.0,0.0002,1.0,3.0,35280.0,0.0002,105456
C. 10-19,NONPAYER,Comet,count,Bomb's Ballet,13041,2,0.02,0.01,0.0,2.0,35280.0,0.0002,1.0,2.0,35280.0,0.0002,105456
C. 10-19,NONPAYER,HC,HC,Core,39772,27066,68.05,22.23,32.08,1777260.0,7995525.21,44.6862,65.6639,1777260.0,8100799.0,44.6862,105456
C. 10-19,NONPAYER,HC,HC,Daily Gift,39772,30998,77.94,13.85,18.76,1107195.0,7995525.21,27.8386,35.7183,1107195.0,8100799.0,27.8386,105456
C. 10-19,NONPAYER,HC,HC,Daily Night Sky Prize,39772,14385,36.17,13.72,7.52,1096665.0,7995525.21,27.5738,76.2367,1096665.0,8100799.0,27.5738,105456
C. 10-19,NONPAYER,HC,HC,Saga,39772,32634,82.05,11.09,18.38,886865.0,7995525.21,22.2987,27.1761,886865.0,8100799.0,22.2987,105456
C. 10-19,NONPAYER,HC,HC,Team Event,39772,4560,11.47,8.54,3.57,683180.0,7995525.21,17.1774,149.8202,683180.0,8100799.0,17.1774,105456
C. 10-19,NONPAYER,HC,HC,Team Race,39772,5636,14.17,7.39,4.04,591090.0,7995525.21,14.862,104.8776,591090.0,8100799.0,14.862,105456
C. 10-19,NONPAYER,HC,HC,Rainbow Maker,39772,15566,39.14,5.27,4.76,421466.21,7995525.21,10.5971,27.0761,526740.0,8100799.0,13.244,105456
C. 10-19,NONPAYER,HC,HC,Season Pass (Free),39772,11303,28.42,4.22,3.66,337420.0,7995525.21,8.4839,29.8523,337420.0,8100799.0,8.4839,105456
C. 10-19,NONPAYER,HC,HC,Ads,39772,4315,10.85,2.88,1.31,230185.0,7995525.21,5.7876,53.3453,230185.0,8100799.0,5.7876,105456
C. 10-19,NONPAYER,HC,HC,Flash Race,39772,5316,13.37,2.55,1.66,203890.0,7995525.21,5.1265,38.354,203890.0,8100799.0,5.1265,105456
C. 10-19,NONPAYER,HC,HC,Other,39772,3869,9.73,2.17,0.96,173324.0,7995525.21,4.3579,44.7981,173324.0,8100799.0,4.3579,105456
C. 10-19,NONPAYER,HC,HC,Hatchling Hideaway,39772,7929,19.94,1.78,1.2,142135.0,7995525.21,3.5737,17.926,142135.0,8100799.0,3.5737,105456
C. 10-19,NONPAYER,HC,HC,Target Day,39772,1563,3.93,1.07,0.55,85225.0,7995525.21,2.1428,54.5266,85225.0,8100799.0,2.1428,105456
C. 10-19,NONPAYER,HC,HC,Bomb Challenge,39772,588,1.48,0.74,0.34,58950.0,7995525.21,1.4822,100.2551,58950.0,8100799.0,1.4822,105456
C. 10-19,NONPAYER,HC,HC,Red Challenge,39772,591,1.49,0.73,0.37,58050.0,7995525.21,1.4596,98.2234,58050.0,8100799.0,1.4596,105456
C. 10-19,NONPAYER,HC,HC,Chuck Challenge,39772,595,1.5,0.69,0.32,55250.0,7995525.21,1.3892,92.8571,55250.0,8100799.0,1.3892,105456
C. 10-19,NONPAYER,HC,HC,Jigsaw,39772,1080,2.72,0.4,0.2,31875.0,7995525.21,0.8014,29.5139,31875.0,8100799.0,0.8014,105456
C. 10-19,NONPAYER,HC,HC,Bomb's Ballet,39772,958,2.41,0.31,0.13,24825.0,7995525.21,0.6242,25.9134,24825.0,8100799.0,0.6242,105456
C. 10-19,NONPAYER,HC,HC,Kite Festival,39772,129,0.32,0.23,0.08,18675.0,7995525.21,0.4696,144.7674,18675.0,8100799.0,0.4696,105456
C. 10-19,NONPAYER,HC,HC,Photoshoot,39772,462,1.16,0.15,0.08,11750.0,7995525.21,0.2954,25.4329,11750.0,8100799.0,0.2954,105456
C. 10-19,NONPAYER,HC,HC,River Rush,39772,4,0.01,0.0,0.0,250.0,7995525.21,0.0063,62.5,250.0,8100799.0,0.0063,105456
C. 10-19,NONPAYER,Red,count,Daily Night Sky Prize,27747,11471,41.34,18.44,13.09,23720.0,128651.0,0.8549,2.0678,23720.0,128651.0,0.8549,105456
C. 10-19,NONPAYER,Red,count,Rainbow Maker,27747,14950,53.88,15.58,17.35,20041.0,128651.0,0.7223,1.3405,20041.0,128651.0,0.7223,105456
C. 10-19,NONPAYER,Red,count,Hatchling Hideaway,27747,12452,44.88,13.54,12.7,17425.0,128651.0,0.628,1.3994,17425.0,128651.0,0.628,105456
C. 10-19,NONPAYER,Red,count,Other,27747,13130,47.32,13.32,15.33,17134.0,128651.0,0.6175,1.305,17134.0,128651.0,0.6175,105456
C. 10-19,NONPAYER,Red,count,Saga,27747,13120,47.28,12.25,16.04,15763.0,128651.0,0.5681,1.2014,15763.0,128651.0,0.5681,105456
C. 10-19,NONPAYER,Red,count,Season Pass (Free),27747,8374,30.18,11.86,8.78,15264.0,128651.0,0.5501,1.8228,15264.0,128651.0,0.5501,105456
C. 10-19,NONPAYER,Red,count,Core,27747,7595,27.37,6.07,10.29,7809.0,128651.0,0.2814,1.0282,7809.0,128651.0,0.2814,105456
C. 10-19,NONPAYER,Red,count,Target Day,27747,4414,15.91,4.41,3.51,5668.0,128651.0,0.2043,1.2841,5668.0,128651.0,0.2043,105456
C. 10-19,NONPAYER,Red,count,Flock Flurry,27747,2400,8.65,2.54,1.54,3266.0,128651.0,0.1177,1.3608,3266.0,128651.0,0.1177,105456
C. 10-19,NONPAYER,Red,count,Flash Race,27747,796,2.87,0.69,0.42,884.0,128651.0,0.0319,1.1106,884.0,128651.0,0.0319,105456
C. 10-19,NONPAYER,Red,count,Team Race,27747,654,2.36,0.55,0.42,713.0,128651.0,0.0257,1.0902,713.0,128651.0,0.0257,105456
C. 10-19,NONPAYER,Red,count,Jigsaw,27747,358,1.29,0.32,0.21,410.0,128651.0,0.0148,1.1453,410.0,128651.0,0.0148,105456
C. 10-19,NONPAYER,Red,count,Kite Festival,27747,254,0.92,0.21,0.13,268.0,128651.0,0.0097,1.0551,268.0,128651.0,0.0097,105456
C. 10-19,NONPAYER,Red,count,Bomb's Ballet,27747,163,0.59,0.13,0.07,169.0,128651.0,0.0061,1.0368,169.0,128651.0,0.0061,105456
C. 10-19,NONPAYER,Red,count,Ads,27747,54,0.19,0.04,0.07,57.0,128651.0,0.0021,1.0556,57.0,128651.0,0.0021,105456
C. 10-19,NONPAYER,Red,count,Photoshoot,27747,53,0.19,0.04,0.03,53.0,128651.0,0.0019,1.0,53.0,128651.0,0.0019,105456
C. 10-19,NONPAYER,Red,count,Red Challenge,27747,2,0.01,0.0,0.0,2.0,128651.0,0.0001,1.0,2.0,128651.0,0.0001,105456
C. 10-19,NONPAYER,Red,count,River Rush,27747,5,0.02,0.0,0.01,5.0,128651.0,0.0002,1.0,5.0,128651.0,0.0002,105456
C. 10-19,NONPAYER,SPT,count,Core,27303,26807,98.18,77.81,79.66,10238121.0,13157752.2,374.9815,381.9197,10238121.0,13369419.0,374.9815,105456
C. 10-19,NONPAYER,SPT,count,Rainbow Maker,27303,13530,49.55,12.29,9.21,1616978.2,13157752.2,59.2235,119.5106,1828645.0,13369419.0,66.976,105456
C. 10-19,NONPAYER,SPT,count,Flash Race,27303,6911,25.31,4.21,3.23,554385.0,13157752.2,20.3049,80.2178,554385.0,13369419.0,20.3049,105456
C. 10-19,NONPAYER,SPT,count,Other,27303,10764,39.42,4.15,6.41,546230.0,13157752.2,20.0062,50.746,546230.0,13369419.0,20.0062,105456
C. 10-19,NONPAYER,SPT,count,Kite Festival,27303,1650,6.04,0.97,0.76,128030.0,13157752.2,4.6892,77.5939,128030.0,13369419.0,4.6892,105456
C. 10-19,NONPAYER,SPT,count,Flock Flurry,27303,2104,7.71,0.43,0.36,56580.0,13157752.2,2.0723,26.8916,56580.0,13369419.0,2.0723,105456
C. 10-19,NONPAYER,SPT,count,Season Pass (Free),27303,339,1.24,0.13,0.37,17273.0,13157752.2,0.6326,50.9528,17273.0,13369419.0,0.6326,105456
C. 10-19,NONPAYER,SPT,count,Team Event,27303,1,0.0,0.0,0.0,65.0,13157752.2,0.0024,65.0,65.0,13369419.0,0.0024,105456
C. 10-19,NONPAYER,SPT,count,Target Day,27303,3,0.01,0.0,0.0,30.0,13157752.2,0.0011,10.0,30.0,13369419.0,0.0011,105456
C. 10-19,NONPAYER,SPT,count,River Rush,27303,2,0.01,0.0,0.0,60.0,13157752.2,0.0022,30.0,60.0,13369419.0,0.0022,105456
C. 10-19,NONPAYER,SPTx2,minutes,Rainbow Maker,8688,8678,99.88,99.78,99.85,111570.0,111820.0,12.8419,12.8566,111570.0,111820.0,12.8419,105456
C. 10-19,NONPAYER,SPTx2,minutes,Daily Gift,8688,14,0.16,0.21,0.14,240.0,111820.0,0.0276,17.1429,240.0,111820.0,0.0276,105456
C. 10-19,NONPAYER,SPTx2,minutes,River Rush,8688,1,0.01,0.01,0.01,10.0,111820.0,0.0012,10.0,10.0,111820.0,0.0012,105456
C. 10-19,NONPAYER,Shuffle,count,Core,19432,10933,56.26,18.07,28.13,13896.0,76880.0,0.7151,1.271,13896.0,76880.0,0.7151,105456
C. 10-19,NONPAYER,Shuffle,count,Saga,19432,9241,47.56,15.01,15.93,11538.0,76880.0,0.5938,1.2486,11538.0,76880.0,0.5938,105456
C. 10-19,NONPAYER,Shuffle,count,Rainbow Maker,19432,7174,36.92,14.52,11.1,11160.0,76880.0,0.5743,1.5556,11160.0,76880.0,0.5743,105456
C. 10-19,NONPAYER,Shuffle,count,Daily Gift,19432,6441,33.15,11.42,9.51,8777.0,76880.0,0.4517,1.3627,8777.0,76880.0,0.4517,105456
C. 10-19,NONPAYER,Shuffle,count,Team Race,19432,4237,21.8,7.5,7.98,5769.0,76880.0,0.2969,1.3616,5769.0,76880.0,0.2969,105456
C. 10-19,NONPAYER,Shuffle,count,Ads,19432,2285,11.76,6.58,3.72,5059.0,76880.0,0.2603,2.214,5059.0,76880.0,0.2603,105456
C. 10-19,NONPAYER,Shuffle,count,Season Pass (Free),19432,4165,21.43,6.38,5.53,4907.0,76880.0,0.2525,1.1782,4907.0,76880.0,0.2525,105456
C. 10-19,NONPAYER,Shuffle,count,Team Event,19432,1258,6.47,4.49,3.03,3450.0,76880.0,0.1775,2.7424,3450.0,76880.0,0.1775,105456
C. 10-19,NONPAYER,Shuffle,count,Flash Race,19432,2213,11.39,3.39,3.31,2603.0,76880.0,0.134,1.1762,2603.0,76880.0,0.134,105456
C. 10-19,NONPAYER,Shuffle,count,Hatchling Hideaway,19432,1857,9.56,2.86,1.97,2195.0,76880.0,0.113,1.182,2195.0,76880.0,0.113,105456
C. 10-19,NONPAYER,Shuffle,count,Other,19432,1664,8.56,2.85,2.61,2193.0,76880.0,0.1129,1.3179,2193.0,76880.0,0.1129,105456
C. 10-19,NONPAYER,Shuffle,count,Chuck Challenge,19432,1433,7.37,2.03,1.98,1562.0,76880.0,0.0804,1.09,1562.0,76880.0,0.0804,105456
C. 10-19,NONPAYER,Shuffle,count,Red Challenge,19432,1359,6.99,1.95,2.03,1502.0,76880.0,0.0773,1.1052,1502.0,76880.0,0.0773,105456
C. 10-19,NONPAYER,Shuffle,count,Bomb Challenge,19432,1317,6.78,1.92,1.99,1473.0,76880.0,0.0758,1.1185,1473.0,76880.0,0.0758,105456
C. 10-19,NONPAYER,Shuffle,count,Target Day,19432,641,3.3,0.89,1.0,686.0,76880.0,0.0353,1.0702,686.0,76880.0,0.0353,105456
C. 10-19,NONPAYER,Shuffle,count,Kite Festival,19432,90,0.46,0.12,0.13,94.0,76880.0,0.0048,1.0444,94.0,76880.0,0.0048,105456
C. 10-19,NONPAYER,Shuffle,count,River Rush,19432,13,0.07,0.02,0.04,13.0,76880.0,0.0007,1.0,13.0,76880.0,0.0007,105456
C. 10-19,NONPAYER,Shuffle,count,Bomb's Ballet,19432,2,0.01,0.0,0.0,2.0,76880.0,0.0001,1.0,2.0,76880.0,0.0001,105456
C. 10-19,NONPAYER,Shuffle,count,Daily Night Sky Prize,19432,1,0.01,0.0,0.01,1.0,76880.0,0.0001,1.0,1.0,76880.0,0.0001,105456
C. 10-19,NONPAYER,Slingshot,count,Rainbow Maker,24181,11888,49.16,26.62,21.29,33539.0,125993.0,1.387,2.8212,33539.0,125993.0,1.387,105456
C. 10-19,NONPAYER,Slingshot,count,Daily Gift,24181,9979,41.27,11.74,11.43,14791.0,125993.0,0.6117,1.4822,14791.0,125993.0,0.6117,105456
C. 10-19,NONPAYER,Slingshot,count,Core,24181,11736,48.53,11.56,21.77,14564.0,125993.0,0.6023,1.241,14564.0,125993.0,0.6023,105456
C. 10-19,NONPAYER,Slingshot,count,Saga,24181,10327,42.71,10.04,11.09,12646.0,125993.0,0.523,1.2246,12646.0,125993.0,0.523,105456
C. 10-19,NONPAYER,Slingshot,count,Daily Night Sky Prize,24181,7528,31.13,8.79,8.84,11075.0,125993.0,0.458,1.4712,11075.0,125993.0,0.458,105456
C. 10-19,NONPAYER,Slingshot,count,Team Event,24181,3566,14.75,6.0,4.72,7556.0,125993.0,0.3125,2.1189,7556.0,125993.0,0.3125,105456
C. 10-19,NONPAYER,Slingshot,count,Ads,24181,2321,9.6,4.09,2.11,5148.0,125993.0,0.2129,2.218,5148.0,125993.0,0.2129,105456
C. 10-19,NONPAYER,Slingshot,count,Team Race,24181,3073,12.71,3.1,2.74,3902.0,125993.0,0.1614,1.2698,3902.0,125993.0,0.1614,105456
C. 10-19,NONPAYER,Slingshot,count,Chuck Challenge,24181,2982,12.33,2.77,2.48,3486.0,125993.0,0.1442,1.169,3486.0,125993.0,0.1442,105456
C. 10-19,NONPAYER,Slingshot,count,Red Challenge,24181,3037,12.56,2.76,2.79,3472.0,125993.0,0.1436,1.1432,3472.0,125993.0,0.1436,105456
C. 10-19,NONPAYER,Slingshot,count,Flock Flurry,24181,2400,9.93,2.59,1.72,3266.0,125993.0,0.1351,1.3608,3266.0,125993.0,0.1351,105456
C. 10-19,NONPAYER,Slingshot,count,Bomb Challenge,24181,2843,11.76,2.54,2.82,3195.0,125993.0,0.1321,1.1238,3195.0,125993.0,0.1321,105456
C. 10-19,NONPAYER,Slingshot,count,Target Day,24181,2345,9.7,2.2,1.98,2777.0,125993.0,0.1148,1.1842,2777.0,125993.0,0.1148,105456
C. 10-19,NONPAYER,Slingshot,count,Flash Race,24181,1938,8.01,1.8,1.41,2263.0,125993.0,0.0936,1.1677,2263.0,125993.0,0.0936,105456
C. 10-19,NONPAYER,Slingshot,count,Other,24181,1968,8.14,1.72,1.79,2172.0,125993.0,0.0898,1.1037,2172.0,125993.0,0.0898,105456
C. 10-19,NONPAYER,Slingshot,count,Season Pass (Free),24181,1362,5.63,1.16,0.64,1464.0,125993.0,0.0605,1.0749,1464.0,125993.0,0.0605,105456
C. 10-19,NONPAYER,Slingshot,count,Hatchling Hideaway,24181,333,1.38,0.28,0.19,353.0,125993.0,0.0146,1.0601,353.0,125993.0,0.0146,105456
C. 10-19,NONPAYER,Slingshot,count,Kite Festival,24181,298,1.23,0.25,0.2,313.0,125993.0,0.0129,1.0503,313.0,125993.0,0.0129,105456
C. 10-19,NONPAYER,Slingshot,count,Jigsaw,24181,7,0.03,0.01,0.0,8.0,125993.0,0.0003,1.1429,8.0,125993.0,0.0003,105456
C. 10-19,NONPAYER,Slingshot,count,Bomb's Ballet,24181,3,0.01,0.0,0.0,3.0,125993.0,0.0001,1.0,3.0,125993.0,0.0001,105456
C. 10-19,NONPAYER,UL Bomb,minutes,Daily Gift,1820,1108,60.88,75.71,59.14,33690.0,44500.0,18.511,30.4061,33690.0,44500.0,18.511,105456
C. 10-19,NONPAYER,UL Bomb,minutes,Bomb's Ballet,1820,413,22.69,9.53,18.87,4240.0,44500.0,2.3297,10.2663,4240.0,44500.0,2.3297,105456
C. 10-19,NONPAYER,UL Bomb,minutes,Jigsaw,1820,361,19.84,9.13,17.26,4065.0,44500.0,2.2335,11.2604,4065.0,44500.0,2.2335,105456
C. 10-19,NONPAYER,UL Bomb,minutes,Other,1820,66,3.63,4.96,3.61,2205.0,44500.0,1.2115,33.4091,2205.0,44500.0,1.2115,105456
C. 10-19,NONPAYER,UL Bomb,minutes,Season Pass (Free),1820,21,1.15,0.64,1.07,285.0,44500.0,0.1566,13.5714,285.0,44500.0,0.1566,105456
C. 10-19,NONPAYER,UL Bomb,minutes,Photoshoot,1820,1,0.05,0.03,0.05,15.0,44500.0,0.0082,15.0,15.0,44500.0,0.0082,105456
C. 10-19,NONPAYER,UL Chuck,minutes,Season Pass (Free),10259,4885,47.62,34.19,42.62,78675.0,230120.0,7.6689,16.1054,78675.0,230120.0,7.6689,105456
C. 10-19,NONPAYER,UL Chuck,minutes,Daily Gift,10259,1245,12.14,32.93,10.57,75780.0,230120.0,7.3867,60.8675,75780.0,230120.0,7.3867,105456
C. 10-19,NONPAYER,UL Chuck,minutes,Jigsaw,10259,3644,35.52,18.36,25.82,42250.0,230120.0,4.1183,11.5944,42250.0,230120.0,4.1183,105456
C. 10-19,NONPAYER,UL Chuck,minutes,Bomb's Ballet,10259,2819,27.48,12.4,18.73,28530.0,230120.0,2.781,10.1206,28530.0,230120.0,2.781,105456
C. 10-19,NONPAYER,UL Chuck,minutes,Hatchling Hideaway,10259,233,2.27,1.08,1.62,2490.0,230120.0,0.2427,10.6867,2490.0,230120.0,0.2427,105456
C. 10-19,NONPAYER,UL Chuck,minutes,Other,10259,67,0.65,0.96,0.54,2210.0,230120.0,0.2154,32.9851,2210.0,230120.0,0.2154,105456
C. 10-19,NONPAYER,UL Chuck,minutes,Photoshoot,10259,7,0.07,0.05,0.05,105.0,230120.0,0.0102,15.0,105.0,230120.0,0.0102,105456
C. 10-19,NONPAYER,UL Chuck,minutes,Rainbow Maker,10259,7,0.07,0.03,0.04,70.0,230120.0,0.0068,10.0,70.0,230120.0,0.0068,105456
C. 10-19,NONPAYER,UL Chuck,minutes,River Rush,10259,1,0.01,0.0,0.01,10.0,230120.0,0.001,10.0,10.0,230120.0,0.001,105456
C. 10-19,NONPAYER,UL Red,minutes,Season Pass (Free),14751,8556,58.0,30.79,41.25,120550.0,391470.0,8.1723,14.0895,120550.0,391470.0,8.1723,105456
C. 10-19,NONPAYER,UL Red,minutes,Rainbow Maker,14751,4801,32.55,19.8,16.75,77500.0,391470.0,5.2539,16.1425,77500.0,391470.0,5.2539,105456
C. 10-19,NONPAYER,UL Red,minutes,Daily Gift,14751,1246,8.45,19.33,5.98,75660.0,391470.0,5.1291,60.7223,75660.0,391470.0,5.1291,105456
C. 10-19,NONPAYER,UL Red,minutes,Jigsaw,14751,4875,33.05,14.31,18.35,56015.0,391470.0,3.7974,11.4903,56015.0,391470.0,3.7974,105456
C. 10-19,NONPAYER,UL Red,minutes,Bomb's Ballet,14751,3868,26.22,10.05,13.09,39330.0,391470.0,2.6663,10.168,39330.0,391470.0,2.6663,105456
C. 10-19,NONPAYER,UL Red,minutes,Hatchling Hideaway,14751,1529,10.37,4.54,3.68,17780.0,391470.0,1.2053,11.6285,17780.0,391470.0,1.2053,105456
C. 10-19,NONPAYER,UL Red,minutes,Photoshoot,14751,156,1.06,0.61,0.52,2385.0,391470.0,0.1617,15.2885,2385.0,391470.0,0.1617,105456
C. 10-19,NONPAYER,UL Red,minutes,Other,14751,67,0.45,0.57,0.36,2215.0,391470.0,0.1502,33.0597,2215.0,391470.0,0.1502,105456
C. 10-19,NONPAYER,UL Red,minutes,FlowerCoop,14751,1,0.01,0.01,0.0,20.0,391470.0,0.0014,20.0,20.0,391470.0,0.0014,105456
C. 10-19,NONPAYER,UL Red,minutes,River Rush,14751,1,0.01,0.0,0.0,15.0,391470.0,0.001,15.0,15.0,391470.0,0.001,105456
C. 10-19,NONPAYER,Unlimited Lives,minutes,Saga,38968,36083,92.6,27.03,42.18,3177965.0,11758251.0,81.5532,88.0737,3177965.0,11758251.0,81.5532,105456
C. 10-19,NONPAYER,Unlimited Lives,minutes,Flock Flurry,38968,12801,32.85,14.12,8.74,1660300.0,11758251.0,42.6068,129.7008,1660300.0,11758251.0,42.6068,105456
C. 10-19,NONPAYER,Unlimited Lives,minutes,Daily Gift,38968,23571,60.49,11.32,12.76,1330740.0,11758251.0,34.1496,56.4567,1330740.0,11758251.0,34.1496,105456
C. 10-19,NONPAYER,Unlimited Lives,minutes,Hatchling Hideaway,38968,13038,33.46,10.38,7.15,1220490.0,11758251.0,31.3203,93.6102,1220490.0,11758251.0,31.3203,105456
C. 10-19,NONPAYER,Unlimited Lives,minutes,Core,38968,14775,37.92,7.77,8.48,913410.0,11758251.0,23.44,61.8213,913410.0,11758251.0,23.44,105456
C. 10-19,NONPAYER,Unlimited Lives,minutes,Daily Night Sky Prize,38968,14817,38.02,7.53,4.37,885680.0,11758251.0,22.7284,59.7746,885680.0,11758251.0,22.7284,105456
C. 10-19,NONPAYER,Unlimited Lives,minutes,Rainbow Maker,38968,14542,37.32,6.36,3.89,747270.0,11758251.0,19.1765,51.387,747270.0,11758251.0,19.1765,105456
C. 10-19,NONPAYER,Unlimited Lives,minutes,Target Day,38968,11195,28.73,5.26,4.36,618540.0,11758251.0,15.873,55.2515,618540.0,11758251.0,15.873,105456
C. 10-19,NONPAYER,Unlimited Lives,minutes,Season Pass (Free),38968,9739,24.99,4.76,4.23,559180.0,11758251.0,14.3497,57.4166,559180.0,11758251.0,14.3497,105456
C. 10-19,NONPAYER,Unlimited Lives,minutes,Kite Festival,38968,5910,15.17,2.17,1.46,254600.0,11758251.0,6.5336,43.0795,254600.0,11758251.0,6.5336,105456
C. 10-19,NONPAYER,Unlimited Lives,minutes,Other,38968,2606,6.69,0.87,0.91,101916.0,11758251.0,2.6154,39.1082,101916.0,11758251.0,2.6154,105456
C. 10-19,NONPAYER,Unlimited Lives,minutes,Jigsaw,38968,2315,5.94,0.75,0.46,87930.0,11758251.0,2.2565,37.9827,87930.0,11758251.0,2.2565,105456
C. 10-19,NONPAYER,Unlimited Lives,minutes,Ads,38968,2810,7.21,0.67,0.34,78410.0,11758251.0,2.0122,27.9039,78410.0,11758251.0,2.0122,105456
C. 10-19,NONPAYER,Unlimited Lives,minutes,Bomb's Ballet,38968,1818,4.67,0.5,0.27,58290.0,11758251.0,1.4958,32.0627,58290.0,11758251.0,1.4958,105456
C. 10-19,NONPAYER,Unlimited Lives,minutes,Photoshoot,38968,1039,2.67,0.31,0.18,35910.0,11758251.0,0.9215,34.5621,35910.0,11758251.0,0.9215,105456
C. 10-19,NONPAYER,Unlimited Lives,minutes,Flash Race,38968,528,1.35,0.23,0.23,27575.0,11758251.0,0.7076,52.2254,27575.0,11758251.0,0.7076,105456
C. 10-19,NONPAYER,Unlimited Lives,minutes,FlowerCoop,38968,2,0.01,0.0,0.0,45.0,11758251.0,0.0012,22.5,45.0,11758251.0,0.0012,105456
C. 10-19,PAYER,Bomb,count,Other,3281,2243,68.36,25.72,33.89,3453.0,13427.0,1.0524,1.5395,3453.0,13427.0,1.0524,16507
C. 10-19,PAYER,Bomb,count,Saga,3281,1738,52.97,16.84,17.85,2261.0,13427.0,0.6891,1.3009,2261.0,13427.0,0.6891,16507
C. 10-19,PAYER,Bomb,count,Season Pass (Free),3281,1099,33.5,16.01,10.05,2149.0,13427.0,0.655,1.9554,2149.0,13427.0,0.655,16507
C. 10-19,PAYER,Bomb,count,Hatchling Hideaway,3281,1203,36.67,11.98,10.03,1609.0,13427.0,0.4904,1.3375,1609.0,13427.0,0.4904,16507
C. 10-19,PAYER,Bomb,count,Team Race,3281,763,23.26,7.64,8.64,1026.0,13427.0,0.3127,1.3447,1026.0,13427.0,0.3127,16507
C. 10-19,PAYER,Bomb,count,Flock Flurry,3281,761,23.19,7.5,7.03,1007.0,13427.0,0.3069,1.3233,1007.0,13427.0,0.3069,16507
C. 10-19,PAYER,Bomb,count,Rainbow Maker,3281,469,14.29,4.71,3.04,633.0,13427.0,0.1929,1.3497,633.0,13427.0,0.1929,16507
C. 10-19,PAYER,Bomb,count,Flash Race,3281,455,13.87,4.1,3.48,551.0,13427.0,0.1679,1.211,551.0,13427.0,0.1679,16507
C. 10-19,PAYER,Bomb,count,Core,3281,408,12.44,3.31,3.68,444.0,13427.0,0.1353,1.0882,444.0,13427.0,0.1353,16507
C. 10-19,PAYER,Bomb,count,Target Day,3281,222,6.77,1.85,1.96,248.0,13427.0,0.0756,1.1171,248.0,13427.0,0.0756,16507
C. 10-19,PAYER,Bomb,count,Kite Festival,3281,42,1.28,0.32,0.31,43.0,13427.0,0.0131,1.0238,43.0,13427.0,0.0131,16507
C. 10-19,PAYER,Bomb,count,Photoshoot,3281,1,0.03,0.01,0.01,1.0,13427.0,0.0003,1.0,1.0,13427.0,0.0003,16507
C. 10-19,PAYER,Bomb,count,FlowerCoop,3281,1,0.03,0.01,0.03,2.0,13427.0,0.0006,2.0,2.0,13427.0,0.0006,16507
C. 10-19,PAYER,Chuck,count,Season Pass (Free),3760,2024,53.83,17.06,15.29,4254.0,24931.0,1.1314,2.1018,4254.0,24931.0,1.1314,16507
C. 10-19,PAYER,Chuck,count,Rainbow Maker,3760,2442,64.95,16.22,17.85,4044.0,24931.0,1.0755,1.656,4044.0,24931.0,1.0755,16507
C. 10-19,PAYER,Chuck,count,Other,3760,2250,59.84,13.87,15.19,3457.0,24931.0,0.9194,1.5364,3457.0,24931.0,0.9194,16507
C. 10-19,PAYER,Chuck,count,Daily Night Sky Prize,3760,1932,51.38,11.5,11.9,2868.0,24931.0,0.7628,1.4845,2868.0,24931.0,0.7628,16507
C. 10-19,PAYER,Chuck,count,Hatchling Hideaway,3760,1743,46.36,9.92,9.29,2472.0,24931.0,0.6574,1.4182,2472.0,24931.0,0.6574,16507
C. 10-19,PAYER,Chuck,count,Saga,3760,1786,47.5,9.28,8.67,2314.0,24931.0,0.6154,1.2956,2314.0,24931.0,0.6154,16507
C. 10-19,PAYER,Chuck,count,Jigsaw,3760,1016,27.02,4.5,4.78,1123.0,24931.0,0.2987,1.1053,1123.0,24931.0,0.2987,16507
C. 10-19,PAYER,Chuck,count,Flock Flurry,3760,761,20.24,4.04,3.56,1007.0,24931.0,0.2678,1.3233,1007.0,24931.0,0.2678,16507
C. 10-19,PAYER,Chuck,count,Bomb's Ballet,3760,944,25.11,3.86,3.93,962.0,24931.0,0.2559,1.0191,962.0,24931.0,0.2559,16507
C. 10-19,PAYER,Chuck,count,Target Day,3760,574,15.27,2.76,2.46,687.0,24931.0,0.1827,1.1969,687.0,24931.0,0.1827,16507
C. 10-19,PAYER,Chuck,count,Core,3760,447,11.89,2.12,2.43,528.0,24931.0,0.1404,1.1812,528.0,24931.0,0.1404,16507
C. 10-19,PAYER,Chuck,count,Photoshoot,3760,415,11.04,1.68,1.8,419.0,24931.0,0.1114,1.0096,419.0,24931.0,0.1114,16507
C. 10-19,PAYER,Chuck,count,Team Race,3760,329,8.75,1.54,1.53,383.0,24931.0,0.1019,1.1641,383.0,24931.0,0.1019,16507
C. 10-19,PAYER,Chuck,count,Flash Race,3760,319,8.48,1.44,1.14,360.0,24931.0,0.0957,1.1285,360.0,24931.0,0.0957,16507
C. 10-19,PAYER,Chuck,count,Kite Festival,3760,50,1.33,0.2,0.17,51.0,24931.0,0.0136,1.02,51.0,24931.0,0.0136,16507
C. 10-19,PAYER,Chuck,count,River Rush,3760,1,0.03,0.01,0.0,2.0,24931.0,0.0005,2.0,2.0,24931.0,0.0005,16507
C. 10-19,PAYER,Comet,count,Team Race,2697,1597,59.21,24.74,30.05,2497.0,10092.0,0.9258,1.5636,2497.0,10092.0,0.9258,16507
C. 10-19,PAYER,Comet,count,Rainbow Maker,2697,1471,54.54,20.98,19.78,2117.0,10092.0,0.7849,1.4392,2117.0,10092.0,0.7849,16507
C. 10-19,PAYER,Comet,count,Hatchling Hideaway,2697,1127,41.79,14.64,12.7,1477.0,10092.0,0.5476,1.3106,1477.0,10092.0,0.5476,16507
C. 10-19,PAYER,Comet,count,Ads,2697,557,20.65,9.25,7.06,934.0,10092.0,0.3463,1.6768,934.0,10092.0,0.3463,16507
C. 10-19,PAYER,Comet,count,Season Pass (Free),2697,315,11.68,6.35,4.02,641.0,10092.0,0.2377,2.0349,641.0,10092.0,0.2377,16507
C. 10-19,PAYER,Comet,count,Team Event,2697,294,10.9,5.75,4.97,580.0,10092.0,0.2151,1.9728,580.0,10092.0,0.2151,16507
C. 10-19,PAYER,Comet,count,Core,2697,501,18.58,5.15,7.0,520.0,10092.0,0.1928,1.0379,520.0,10092.0,0.1928,16507
C. 10-19,PAYER,Comet,count,Flash Race,2697,441,16.35,5.09,6.91,514.0,10092.0,0.1906,1.1655,514.0,10092.0,0.1906,16507
C. 10-19,PAYER,Comet,count,Other,2697,270,10.01,3.12,2.7,315.0,10092.0,0.1168,1.1667,315.0,10092.0,0.1168,16507
C. 10-19,PAYER,Comet,count,Daily Gift,2697,307,11.38,3.1,2.51,313.0,10092.0,0.1161,1.0195,313.0,10092.0,0.1161,16507
C. 10-19,PAYER,Comet,count,Target Day,2697,77,2.86,0.78,0.87,79.0,10092.0,0.0293,1.026,79.0,10092.0,0.0293,16507
C. 10-19,PAYER,Comet,count,Bomb Challenge,2697,43,1.59,0.45,0.54,45.0,10092.0,0.0167,1.0465,45.0,10092.0,0.0167,16507
C. 10-19,PAYER,Comet,count,Red Challenge,2697,20,0.74,0.2,0.24,20.0,10092.0,0.0074,1.0,20.0,10092.0,0.0074,16507
C. 10-19,PAYER,Comet,count,Chuck Challenge,2697,15,0.56,0.16,0.33,16.0,10092.0,0.0059,1.0667,16.0,10092.0,0.0059,16507
C. 10-19,PAYER,Comet,count,Daily Night Sky Prize,2697,8,0.3,0.1,0.05,10.0,10092.0,0.0037,1.25,10.0,10092.0,0.0037,16507
C. 10-19,PAYER,Comet,count,Saga,2697,8,0.3,0.08,0.21,8.0,10092.0,0.003,1.0,8.0,10092.0,0.003,16507
C. 10-19,PAYER,Comet,count,Kite Festival,2697,4,0.15,0.04,0.03,4.0,10092.0,0.0015,1.0,4.0,10092.0,0.0015,16507
C. 10-19,PAYER,Comet,count,River Rush,2697,1,0.04,0.02,0.04,2.0,10092.0,0.0007,2.0,2.0,10092.0,0.0007,16507
C. 10-19,PAYER,HC,HC,Daily Night Sky Prize,4021,3194,79.43,15.18,15.58,247900.0,1632640.41,61.6513,77.6143,247900.0,1650939.0,61.6513,16507
C. 10-19,PAYER,HC,HC,Daily Gift,4021,3334,82.91,14.35,15.14,234255.0,1632640.41,58.2579,70.2624,234255.0,1650939.0,58.2579,16507
C. 10-19,PAYER,HC,HC,Team Event,4021,1237,30.76,11.11,7.62,181340.0,1632640.41,45.0982,146.5966,181340.0,1650939.0,45.0982,16507
C. 10-19,PAYER,HC,HC,Team Race,4021,1639,40.76,10.99,10.1,179395.0,1632640.41,44.6145,109.4539,179395.0,1650939.0,44.6145,16507
C. 10-19,PAYER,HC,HC,Saga,4021,3341,83.09,8.6,10.98,140415.0,1632640.41,34.9204,42.0278,140415.0,1650939.0,34.9204,16507
C. 10-19,PAYER,HC,HC,Season Pass (Free),4021,2396,59.59,7.81,8.09,127505.0,1632640.41,31.7098,53.2158,127505.0,1650939.0,31.7098,16507
C. 10-19,PAYER,HC,HC,Core,4021,2025,50.36,7.27,8.66,118650.0,1632640.41,29.5076,58.5926,118650.0,1650939.0,29.5076,16507
C. 10-19,PAYER,HC,HC,Rainbow Maker,4021,2824,70.23,5.71,7.69,93281.41,1632640.41,23.1986,33.0317,111580.0,1650939.0,27.7493,16507
C. 10-19,PAYER,HC,HC,Ads,4021,1379,34.29,5.26,4.07,85835.0,1632640.41,21.3467,62.2444,85835.0,1650939.0,21.3467,16507
C. 10-19,PAYER,HC,HC,Other,4021,1240,30.84,3.57,2.36,58259.0,1632640.41,14.4887,46.9831,58259.0,1650939.0,14.4887,16507
C. 10-19,PAYER,HC,HC,Flash Race,4021,1152,28.65,2.89,3.08,47245.0,1632640.41,11.7496,41.0113,47245.0,1650939.0,11.7496,16507
C. 10-19,PAYER,HC,HC,Hatchling Hideaway,4021,1799,44.74,2.2,2.14,35910.0,1632640.41,8.9306,19.9611,35910.0,1650939.0,8.9306,16507
C. 10-19,PAYER,HC,HC,Target Day,4021,417,10.37,1.41,1.36,23000.0,1632640.41,5.72,55.1559,23000.0,1650939.0,5.72,16507
C. 10-19,PAYER,HC,HC,Bomb Challenge,4021,170,4.23,1.15,1.02,18800.0,1632640.41,4.6755,110.5882,18800.0,1650939.0,4.6755,16507
C. 10-19,PAYER,HC,HC,Red Challenge,4021,122,3.03,0.7,0.58,11450.0,1632640.41,2.8476,93.8525,11450.0,1650939.0,2.8476,16507
C. 10-19,PAYER,HC,HC,Chuck Challenge,4021,101,2.51,0.58,0.54,9450.0,1632640.41,2.3502,93.5644,9450.0,1650939.0,2.3502,16507
C. 10-19,PAYER,HC,HC,Jigsaw,4021,254,6.32,0.44,0.37,7175.0,1632640.41,1.7844,28.248,7175.0,1650939.0,1.7844,16507
C. 10-19,PAYER,HC,HC,Bomb's Ballet,4021,196,4.87,0.32,0.23,5150.0,1632640.41,1.2808,26.2755,5150.0,1650939.0,1.2808,16507
C. 10-19,PAYER,HC,HC,Kite Festival,4021,33,0.82,0.29,0.2,4750.0,1632640.41,1.1813,143.9394,4750.0,1650939.0,1.1813,16507
C. 10-19,PAYER,HC,HC,Photoshoot,4021,101,2.51,0.17,0.16,2700.0,1632640.41,0.6715,26.7327,2700.0,1650939.0,0.6715,16507
C. 10-19,PAYER,HC,HC,River Rush,4021,5,0.12,0.01,0.03,175.0,1632640.41,0.0435,35.0,175.0,1650939.0,0.0435,16507
C. 10-19,PAYER,Red,count,Daily Night Sky Prize,3791,2707,71.41,21.95,21.55,5672.0,25845.0,1.4962,2.0953,5672.0,25845.0,1.4962,16507
C. 10-19,PAYER,Red,count,Season Pass (Free),3791,1932,50.96,16.13,13.72,4170.0,25845.0,1.1,2.1584,4170.0,25845.0,1.1,16507
C. 10-19,PAYER,Red,count,Rainbow Maker,3791,2604,68.69,14.53,17.11,3756.0,25845.0,0.9908,1.4424,3756.0,25845.0,0.9908,16507
C. 10-19,PAYER,Red,count,Hatchling Hideaway,3791,2298,60.62,13.15,13.34,3398.0,25845.0,0.8963,1.4787,3398.0,25845.0,0.8963,16507
C. 10-19,PAYER,Red,count,Other,3791,2239,59.06,12.93,14.81,3341.0,25845.0,0.8813,1.4922,3341.0,25845.0,0.8813,16507
C. 10-19,PAYER,Red,count,Saga,3791,1789,47.19,9.02,8.65,2332.0,25845.0,0.6151,1.3035,2332.0,25845.0,0.6151,16507
C. 10-19,PAYER,Red,count,Target Day,3791,824,21.74,4.16,3.56,1074.0,25845.0,0.2833,1.3034,1074.0,25845.0,0.2833,16507
C. 10-19,PAYER,Red,count,Flock Flurry,3791,761,20.07,3.9,3.38,1007.0,25845.0,0.2656,1.3233,1007.0,25845.0,0.2656,16507
C. 10-19,PAYER,Red,count,Core,3791,407,10.74,1.67,1.74,432.0,25845.0,0.114,1.0614,432.0,25845.0,0.114,16507
C. 10-19,PAYER,Red,count,Team Race,3791,206,5.43,0.86,0.8,222.0,25845.0,0.0586,1.0777,222.0,25845.0,0.0586,16507
C. 10-19,PAYER,Red,count,Flash Race,3791,180,4.75,0.77,0.57,200.0,25845.0,0.0528,1.1111,200.0,25845.0,0.0528,16507
C. 10-19,PAYER,Red,count,Jigsaw,3791,93,2.45,0.41,0.34,105.0,25845.0,0.0277,1.129,105.0,25845.0,0.0277,16507
C. 10-19,PAYER,Red,count,Kite Festival,3791,77,2.03,0.33,0.25,85.0,25845.0,0.0224,1.1039,85.0,25845.0,0.0224,16507
C. 10-19,PAYER,Red,count,Bomb's Ballet,3791,38,1.0,0.15,0.09,38.0,25845.0,0.01,1.0,38.0,25845.0,0.01,16507
C. 10-19,PAYER,Red,count,Photoshoot,3791,11,0.29,0.04,0.04,11.0,25845.0,0.0029,1.0,11.0,25845.0,0.0029,16507
C. 10-19,PAYER,Red,count,River Rush,3791,2,0.05,0.01,0.04,2.0,25845.0,0.0005,1.0,2.0,25845.0,0.0005,16507
C. 10-19,PAYER,SPT,count,Core,3851,3681,95.59,73.04,71.09,2011520.0,2754150.6,522.3371,546.4602,2011520.0,2799363.0,522.3371,16507
C. 10-19,PAYER,SPT,count,Rainbow Maker,3851,2721,70.66,14.81,15.11,407897.6,2754150.6,105.9199,149.9072,453110.0,2799363.0,117.6603,16507
C. 10-19,PAYER,SPT,count,Other,3851,2009,52.17,5.69,7.07,156600.0,2754150.6,40.6648,77.9492,156600.0,2799363.0,40.6648,16507
C. 10-19,PAYER,SPT,count,Flash Race,3851,1500,38.95,4.57,4.65,125960.0,2754150.6,32.7084,83.9733,125960.0,2799363.0,32.7084,16507
C. 10-19,PAYER,SPT,count,Kite Festival,3851,426,11.06,1.21,1.22,33365.0,2754150.6,8.664,78.3216,33365.0,2799363.0,8.664,16507
C. 10-19,PAYER,SPT,count,Flock Flurry,3851,690,17.92,0.64,0.71,17660.0,2754150.6,4.5858,25.5942,17660.0,2799363.0,4.5858,16507
C. 10-19,PAYER,SPT,count,Season Pass (Free),3851,39,1.01,0.04,0.14,1108.0,2754150.6,0.2877,28.4103,1108.0,2799363.0,0.2877,16507
C. 10-19,PAYER,SPT,count,River Rush,3851,1,0.03,0.0,0.0,30.0,2754150.6,0.0078,30.0,30.0,2799363.0,0.0078,16507
C. 10-19,PAYER,SPT,count,Target Day,3851,1,0.03,0.0,0.0,10.0,2754150.6,0.0026,10.0,10.0,2799363.0,0.0026,16507
C. 10-19,PAYER,SPTx2,minutes,Rainbow Maker,1815,1811,99.78,99.58,99.71,23960.0,24060.0,13.2011,13.2303,23960.0,24060.0,13.2011,16507
C. 10-19,PAYER,SPTx2,minutes,Daily Gift,1815,5,0.28,0.37,0.23,90.0,24060.0,0.0496,18.0,90.0,24060.0,0.0496,16507
C. 10-19,PAYER,SPTx2,minutes,River Rush,1815,1,0.06,0.04,0.06,10.0,24060.0,0.0055,10.0,10.0,24060.0,0.0055,16507
C. 10-19,PAYER,Shuffle,count,Rainbow Maker,3242,1789,55.18,15.81,15.61,2814.0,17803.0,0.868,1.5729,2814.0,17803.0,0.868,16507
C. 10-19,PAYER,Shuffle,count,Saga,3242,1760,54.29,12.73,14.9,2266.0,17803.0,0.699,1.2875,2266.0,17803.0,0.699,16507
C. 10-19,PAYER,Shuffle,count,Season Pass (Free),3242,1264,38.99,11.14,9.99,1984.0,17803.0,0.612,1.5696,1984.0,17803.0,0.612,16507
C. 10-19,PAYER,Shuffle,count,Daily Gift,3242,1403,43.28,10.91,9.96,1943.0,17803.0,0.5993,1.3849,1943.0,17803.0,0.5993,16507
C. 10-19,PAYER,Shuffle,count,Ads,3242,863,26.62,10.46,7.64,1862.0,17803.0,0.5743,2.1576,1862.0,17803.0,0.5743,16507
C. 10-19,PAYER,Shuffle,count,Team Race,3242,1185,36.55,9.48,10.97,1688.0,17803.0,0.5207,1.4245,1688.0,17803.0,0.5207,16507
C. 10-19,PAYER,Shuffle,count,Core,3242,1071,33.04,7.09,8.64,1262.0,17803.0,0.3893,1.1783,1262.0,17803.0,0.3893,16507
C. 10-19,PAYER,Shuffle,count,Team Event,3242,365,11.26,5.59,4.38,996.0,17803.0,0.3072,2.7288,996.0,17803.0,0.3072,16507
C. 10-19,PAYER,Shuffle,count,Hatchling Hideaway,3242,556,17.15,3.67,2.87,653.0,17803.0,0.2014,1.1745,653.0,17803.0,0.2014,16507
C. 10-19,PAYER,Shuffle,count,Other,3242,444,13.7,3.46,3.15,616.0,17803.0,0.19,1.3874,616.0,17803.0,0.19,16507
C. 10-19,PAYER,Shuffle,count,Flash Race,3242,481,14.84,3.27,3.82,583.0,17803.0,0.1798,1.2121,583.0,17803.0,0.1798,16507
C. 10-19,PAYER,Shuffle,count,Bomb Challenge,3242,291,8.98,1.83,2.27,326.0,17803.0,0.1006,1.1203,326.0,17803.0,0.1006,16507
C. 10-19,PAYER,Shuffle,count,Red Challenge,3242,278,8.57,1.74,2.13,310.0,17803.0,0.0956,1.1151,310.0,17803.0,0.0956,16507
C. 10-19,PAYER,Shuffle,count,Chuck Challenge,3242,264,8.14,1.6,1.91,285.0,17803.0,0.0879,1.0795,285.0,17803.0,0.0879,16507
C. 10-19,PAYER,Shuffle,count,Target Day,3242,168,5.18,1.03,1.46,183.0,17803.0,0.0564,1.0893,183.0,17803.0,0.0564,16507
C. 10-19,PAYER,Shuffle,count,Kite Festival,3242,26,0.8,0.15,0.2,27.0,17803.0,0.0083,1.0385,27.0,17803.0,0.0083,16507
C. 10-19,PAYER,Shuffle,count,River Rush,3242,4,0.12,0.02,0.09,4.0,17803.0,0.0012,1.0,4.0,17803.0,0.0012,16507
C. 10-19,PAYER,Shuffle,count,Photoshoot,3242,1,0.03,0.01,0.01,1.0,17803.0,0.0003,1.0,1.0,17803.0,0.0003,16507
C. 10-19,PAYER,Slingshot,count,Rainbow Maker,3667,2513,68.53,27.23,27.09,7536.0,27671.0,2.0551,2.9988,7536.0,27671.0,2.0551,16507
C. 10-19,PAYER,Slingshot,count,Daily Gift,3667,1771,48.3,10.59,9.71,2931.0,27671.0,0.7993,1.655,2931.0,27671.0,0.7993,16507
C. 10-19,PAYER,Slingshot,count,Daily Night Sky Prize,3667,1940,52.9,10.4,14.04,2878.0,27671.0,0.7848,1.4835,2878.0,27671.0,0.7848,16507
C. 10-19,PAYER,Slingshot,count,Saga,3667,1768,48.21,8.23,8.34,2277.0,27671.0,0.6209,1.2879,2277.0,27671.0,0.6209,16507
C. 10-19,PAYER,Slingshot,count,Team Event,3667,958,26.12,7.26,6.69,2010.0,27671.0,0.5481,2.0981,2010.0,27671.0,0.5481,16507
C. 10-19,PAYER,Slingshot,count,Ads,3667,833,22.72,6.72,4.76,1859.0,27671.0,0.507,2.2317,1859.0,27671.0,0.507,16507
C. 10-19,PAYER,Slingshot,count,Season Pass (Free),3667,653,17.81,4.27,2.58,1181.0,27671.0,0.3221,1.8086,1181.0,27671.0,0.3221,16507
C. 10-19,PAYER,Slingshot,count,Team Race,3667,876,23.89,4.05,4.56,1122.0,27671.0,0.306,1.2808,1122.0,27671.0,0.306,16507
C. 10-19,PAYER,Slingshot,count,Flock Flurry,3667,761,20.75,3.64,3.37,1007.0,27671.0,0.2746,1.3233,1007.0,27671.0,0.2746,16507
C. 10-19,PAYER,Slingshot,count,Core,3667,817,22.28,3.34,4.05,924.0,27671.0,0.252,1.131,924.0,27671.0,0.252,16507
C. 10-19,PAYER,Slingshot,count,Other,3667,589,16.06,3.02,2.81,836.0,27671.0,0.228,1.4194,836.0,27671.0,0.228,16507
C. 10-19,PAYER,Slingshot,count,Red Challenge,3667,593,16.17,2.46,2.65,682.0,27671.0,0.186,1.1501,682.0,27671.0,0.186,16507
C. 10-19,PAYER,Slingshot,count,Chuck Challenge,3667,543,14.81,2.22,2.22,613.0,27671.0,0.1672,1.1289,613.0,27671.0,0.1672,16507
C. 10-19,PAYER,Slingshot,count,Target Day,3667,513,13.99,2.18,2.42,602.0,27671.0,0.1642,1.1735,602.0,27671.0,0.1642,16507
C. 10-19,PAYER,Slingshot,count,Bomb Challenge,3667,449,12.24,1.85,2.24,513.0,27671.0,0.1399,1.1425,513.0,27671.0,0.1399,16507
C. 10-19,PAYER,Slingshot,count,Flash Race,3667,413,11.26,1.77,1.75,490.0,27671.0,0.1336,1.1864,490.0,27671.0,0.1336,16507
C. 10-19,PAYER,Slingshot,count,Hatchling Hideaway,3667,119,3.25,0.46,0.37,128.0,27671.0,0.0349,1.0756,128.0,27671.0,0.0349,16507
C. 10-19,PAYER,Slingshot,count,Kite Festival,3667,73,1.99,0.29,0.36,79.0,27671.0,0.0215,1.0822,79.0,27671.0,0.0215,16507
C. 10-19,PAYER,Slingshot,count,Jigsaw,3667,2,0.05,0.01,0.01,3.0,27671.0,0.0008,1.5,3.0,27671.0,0.0008,16507
C. 10-19,PAYER,UL Bomb,minutes,Daily Gift,673,318,47.25,58.27,43.23,9720.0,16680.0,14.4428,30.566,9720.0,16680.0,14.4428,16507
C. 10-19,PAYER,UL Bomb,minutes,Season Pass (Free),673,290,43.09,27.91,36.3,4655.0,16680.0,6.9168,16.0517,4655.0,16680.0,6.9168,16507
C. 10-19,PAYER,UL Bomb,minutes,Jigsaw,673,93,13.82,6.18,9.54,1030.0,16680.0,1.5305,11.0753,1030.0,16680.0,1.5305,16507
C. 10-19,PAYER,UL Bomb,minutes,Bomb's Ballet,673,85,12.63,5.28,9.0,880.0,16680.0,1.3076,10.3529,880.0,16680.0,1.3076,16507
C. 10-19,PAYER,UL Bomb,minutes,Other,673,11,1.63,2.16,1.63,360.0,16680.0,0.5349,32.7273,360.0,16680.0,0.5349,16507
C. 10-19,PAYER,UL Bomb,minutes,River Rush,673,1,0.15,0.12,0.15,20.0,16680.0,0.0297,20.0,20.0,16680.0,0.0297,16507
C. 10-19,PAYER,UL Bomb,minutes,Photoshoot,673,1,0.15,0.09,0.15,15.0,16680.0,0.0223,15.0,15.0,16680.0,0.0223,16507
C. 10-19,PAYER,UL Chuck,minutes,Season Pass (Free),1970,981,49.8,38.26,42.05,20885.0,54585.0,10.6015,21.2895,20885.0,54585.0,10.6015,16507
C. 10-19,PAYER,UL Chuck,minutes,Daily Gift,1970,306,15.53,33.97,13.06,18540.0,54585.0,9.4112,60.5882,18540.0,54585.0,9.4112,16507
C. 10-19,PAYER,UL Chuck,minutes,Jigsaw,1970,696,35.33,13.89,22.84,7580.0,54585.0,3.8477,10.8908,7580.0,54585.0,3.8477,16507
C. 10-19,PAYER,UL Chuck,minutes,Bomb's Ballet,1970,611,31.02,11.28,18.65,6155.0,54585.0,3.1244,10.0736,6155.0,54585.0,3.1244,16507
C. 10-19,PAYER,UL Chuck,minutes,Hatchling Hideaway,1970,83,4.21,1.65,2.61,900.0,54585.0,0.4569,10.8434,900.0,54585.0,0.4569,16507
C. 10-19,PAYER,UL Chuck,minutes,Other,1970,12,0.61,0.67,0.5,365.0,54585.0,0.1853,30.4167,365.0,54585.0,0.1853,16507
C. 10-19,PAYER,UL Chuck,minutes,Rainbow Maker,1970,6,0.3,0.18,0.16,100.0,54585.0,0.0508,16.6667,100.0,54585.0,0.0508,16507
C. 10-19,PAYER,UL Chuck,minutes,Photoshoot,1970,4,0.2,0.11,0.14,60.0,54585.0,0.0305,15.0,60.0,54585.0,0.0305,16507
C. 10-19,PAYER,UL Red,minutes,Season Pass (Free),2816,1717,60.97,32.36,38.21,30790.0,95160.0,10.9339,17.9324,30790.0,95160.0,10.9339,16507
C. 10-19,PAYER,UL Red,minutes,Rainbow Maker,2816,1369,48.62,22.51,23.09,21420.0,95160.0,7.6065,15.6465,21420.0,95160.0,7.6065,16507
C. 10-19,PAYER,UL Red,minutes,Daily Gift,2816,303,10.76,19.36,6.97,18420.0,95160.0,6.5412,60.7921,18420.0,95160.0,6.5412,16507
C. 10-19,PAYER,UL Red,minutes,Jigsaw,2816,904,32.1,10.38,13.84,9880.0,95160.0,3.5085,10.9292,9880.0,95160.0,3.5085,16507
C. 10-19,PAYER,UL Red,minutes,Bomb's Ballet,2816,802,28.48,8.56,11.73,8145.0,95160.0,2.8924,10.1559,8145.0,95160.0,2.8924,16507
C. 10-19,PAYER,UL Red,minutes,Hatchling Hideaway,2816,477,16.94,5.83,5.17,5550.0,95160.0,1.9709,11.6352,5550.0,95160.0,1.9709,16507
C. 10-19,PAYER,UL Red,minutes,Photoshoot,2816,39,1.38,0.61,0.61,585.0,95160.0,0.2077,15.0,585.0,95160.0,0.2077,16507
C. 10-19,PAYER,UL Red,minutes,Other,2816,11,0.39,0.38,0.36,360.0,95160.0,0.1278,32.7273,360.0,95160.0,0.1278,16507
C. 10-19,PAYER,UL Red,minutes,FlowerCoop,2816,1,0.04,0.01,0.02,10.0,95160.0,0.0036,10.0,10.0,95160.0,0.0036,16507
C. 10-19,PAYER,Unlimited Lives,minutes,Saga,4022,3851,95.75,24.35,25.16,598695.0,2458708.0,148.855,155.4648,598695.0,2458708.0,148.855,16507
C. 10-19,PAYER,Unlimited Lives,minutes,Flock Flurry,4022,2405,59.8,15.51,13.97,381380.0,2458708.0,94.8235,158.578,381380.0,2458708.0,94.8235,16507
C. 10-19,PAYER,Unlimited Lives,minutes,Daily Gift,4022,2897,72.03,11.52,10.37,283305.0,2458708.0,70.4388,97.7925,283305.0,2458708.0,70.4388,16507
C. 10-19,PAYER,Unlimited Lives,minutes,Hatchling Hideaway,4022,2448,60.87,10.26,10.21,252150.0,2458708.0,62.6927,103.0025,252150.0,2458708.0,62.6927,16507
C. 10-19,PAYER,Unlimited Lives,minutes,Daily Night Sky Prize,4022,3300,82.05,8.02,8.73,197120.0,2458708.0,49.0104,59.7333,197120.0,2458708.0,49.0104,16507
C. 10-19,PAYER,Unlimited Lives,minutes,Season Pass (Free),4022,2033,50.55,7.8,7.78,191795.0,2458708.0,47.6865,94.3409,191795.0,2458708.0,47.6865,16507
C. 10-19,PAYER,Unlimited Lives,minutes,Rainbow Maker,4022,2812,69.92,6.82,6.75,167700.0,2458708.0,41.6957,59.6373,167700.0,2458708.0,41.6957,16507
C. 10-19,PAYER,Unlimited Lives,minutes,Target Day,4022,2157,53.63,5.75,6.67,141450.0,2458708.0,35.1691,65.5772,141450.0,2458708.0,35.1691,16507
C. 10-19,PAYER,Unlimited Lives,minutes,Core,4022,1324,32.92,3.04,3.09,74760.0,2458708.0,18.5878,56.4653,74760.0,2458708.0,18.5878,16507
C. 10-19,PAYER,Unlimited Lives,minutes,Kite Festival,4022,1366,33.96,2.41,2.7,59200.0,2458708.0,14.719,43.3382,59200.0,2458708.0,14.719,16507
C. 10-19,PAYER,Unlimited Lives,minutes,Other,4022,610,15.17,1.58,1.48,38733.0,2458708.0,9.6303,63.4967,38733.0,2458708.0,9.6303,16507
C. 10-19,PAYER,Unlimited Lives,minutes,Ads,4022,980,24.37,1.13,1.08,27695.0,2458708.0,6.8859,28.2602,27695.0,2458708.0,6.8859,16507
C. 10-19,PAYER,Unlimited Lives,minutes,Jigsaw,4022,463,11.51,0.72,0.71,17580.0,2458708.0,4.371,37.9698,17580.0,2458708.0,4.371,16507
C. 10-19,PAYER,Unlimited Lives,minutes,Bomb's Ballet,4022,419,10.42,0.55,0.53,13590.0,2458708.0,3.3789,32.4344,13590.0,2458708.0,3.3789,16507
C. 10-19,PAYER,Unlimited Lives,minutes,Photoshoot,4022,234,5.82,0.34,0.36,8400.0,2458708.0,2.0885,35.8974,8400.0,2458708.0,2.0885,16507
C. 10-19,PAYER,Unlimited Lives,minutes,Flash Race,4022,100,2.49,0.21,0.41,5140.0,2458708.0,1.278,51.4,5140.0,2458708.0,1.278,16507
C. 10-19,PAYER,Unlimited Lives,minutes,River Rush,4022,1,0.02,0.0,0.0,15.0,2458708.0,0.0037,15.0,15.0,2458708.0,0.0037,16507
D. 20-39,NONPAYER,Bomb,count,Core,24982,15401,61.65,27.3,38.23,27570.0,100974.0,1.1036,1.7901,27570.0,100974.0,1.1036,90356
D. 20-39,NONPAYER,Bomb,count,Saga,24982,11509,46.07,18.77,16.23,18955.0,100974.0,0.7587,1.647,18955.0,100974.0,0.7587,90356
D. 20-39,NONPAYER,Bomb,count,Other,24982,13498,54.03,17.65,20.88,17819.0,100974.0,0.7133,1.3201,17819.0,100974.0,0.7133,90356
D. 20-39,NONPAYER,Bomb,count,Hatchling Hideaway,24982,7324,29.32,9.74,7.19,9837.0,100974.0,0.3938,1.3431,9837.0,100974.0,0.3938,90356
D. 20-39,NONPAYER,Bomb,count,Rainbow Maker,24982,4641,18.58,7.22,3.73,7288.0,100974.0,0.2917,1.5704,7288.0,100974.0,0.2917,90356
D. 20-39,NONPAYER,Bomb,count,Season Pass (Free),24982,4345,17.39,5.74,3.71,5798.0,100974.0,0.2321,1.3344,5798.0,100974.0,0.2321,90356
D. 20-39,NONPAYER,Bomb,count,Flock Flurry,24982,3231,12.93,4.79,3.17,4838.0,100974.0,0.1937,1.4974,4838.0,100974.0,0.1937,90356
D. 20-39,NONPAYER,Bomb,count,Flash Race,24982,2989,11.96,3.66,2.71,3699.0,100974.0,0.1481,1.2375,3699.0,100974.0,0.1481,90356
D. 20-39,NONPAYER,Bomb,count,Team Race,24982,2209,8.84,2.83,2.54,2856.0,100974.0,0.1143,1.2929,2856.0,100974.0,0.1143,90356
D. 20-39,NONPAYER,Bomb,count,Target Day,24982,1671,6.69,1.92,1.3,1940.0,100974.0,0.0777,1.161,1940.0,100974.0,0.0777,90356
D. 20-39,NONPAYER,Bomb,count,Kite Festival,24982,308,1.23,0.33,0.27,329.0,100974.0,0.0132,1.0682,329.0,100974.0,0.0132,90356
D. 20-39,NONPAYER,Bomb,count,Ads,24982,16,0.06,0.02,0.02,16.0,100974.0,0.0006,1.0,16.0,100974.0,0.0006,90356
D. 20-39,NONPAYER,Bomb,count,Jigsaw,24982,13,0.05,0.01,0.01,14.0,100974.0,0.0006,1.0769,14.0,100974.0,0.0006,90356
D. 20-39,NONPAYER,Bomb,count,FlowerCoop,24982,2,0.01,0.0,0.0,4.0,100974.0,0.0002,2.0,4.0,100974.0,0.0002,90356
D. 20-39,NONPAYER,Bomb,count,River Rush,24982,3,0.01,0.0,0.01,3.0,100974.0,0.0001,1.0,3.0,100974.0,0.0001,90356
D. 20-39,NONPAYER,Bomb,count,Photoshoot,24982,1,0.0,0.0,0.0,1.0,100974.0,0.0,1.0,1.0,100974.0,0.0,90356
D. 20-39,NONPAYER,Bomb,count,Bomb Challenge,24982,1,0.0,0.0,0.0,2.0,100974.0,0.0001,2.0,2.0,100974.0,0.0001,90356
D. 20-39,NONPAYER,Bomb,count,Bomb's Ballet,24982,5,0.02,0.0,0.0,5.0,100974.0,0.0002,1.0,5.0,100974.0,0.0002,90356
D. 20-39,NONPAYER,Chuck,count,Core,28795,17877,62.08,21.05,33.21,34720.0,164904.0,1.2058,1.9422,34720.0,164904.0,1.2058,90356
D. 20-39,NONPAYER,Chuck,count,Season Pass (Free),28795,10797,37.5,13.18,10.32,21732.0,164904.0,0.7547,2.0128,21732.0,164904.0,0.7547,90356
D. 20-39,NONPAYER,Chuck,count,Saga,28795,13739,47.71,13.16,11.14,21702.0,164904.0,0.7537,1.5796,21702.0,164904.0,0.7537,90356
D. 20-39,NONPAYER,Chuck,count,Rainbow Maker,28795,12645,43.91,12.0,10.98,19788.0,164904.0,0.6872,1.5649,19788.0,164904.0,0.6872,90356
D. 20-39,NONPAYER,Chuck,count,Other,28795,13596,47.22,10.89,10.81,17965.0,164904.0,0.6239,1.3213,17965.0,164904.0,0.6239,90356
D. 20-39,NONPAYER,Chuck,count,Hatchling Hideaway,28795,9631,33.45,7.75,6.4,12778.0,164904.0,0.4438,1.3268,12778.0,164904.0,0.4438,90356
D. 20-39,NONPAYER,Chuck,count,Daily Night Sky Prize,28795,6383,22.17,5.82,4.29,9594.0,164904.0,0.3332,1.5031,9594.0,164904.0,0.3332,90356
D. 20-39,NONPAYER,Chuck,count,Jigsaw,28795,5612,19.49,3.74,3.36,6173.0,164904.0,0.2144,1.1,6173.0,164904.0,0.2144,90356
D. 20-39,NONPAYER,Chuck,count,Bomb's Ballet,28795,4922,17.09,3.04,2.79,5013.0,164904.0,0.1741,1.0185,5013.0,164904.0,0.1741,90356
D. 20-39,NONPAYER,Chuck,count,Flock Flurry,28795,3231,11.22,2.93,1.83,4838.0,164904.0,0.168,1.4974,4838.0,164904.0,0.168,90356
D. 20-39,NONPAYER,Chuck,count,Target Day,28795,3242,11.26,2.43,1.85,4009.0,164904.0,0.1392,1.2366,4009.0,164904.0,0.1392,90356
D. 20-39,NONPAYER,Chuck,count,Photoshoot,28795,2806,9.74,1.72,1.43,2838.0,164904.0,0.0986,1.0114,2838.0,164904.0,0.0986,90356
D. 20-39,NONPAYER,Chuck,count,Flash Race,28795,1823,6.33,1.29,0.83,2123.0,164904.0,0.0737,1.1646,2123.0,164904.0,0.0737,90356
D. 20-39,NONPAYER,Chuck,count,Team Race,28795,983,3.41,0.67,0.51,1111.0,164904.0,0.0386,1.1302,1111.0,164904.0,0.0386,90356
D. 20-39,NONPAYER,Chuck,count,Kite Festival,28795,462,1.6,0.3,0.22,488.0,164904.0,0.0169,1.0563,488.0,164904.0,0.0169,90356
D. 20-39,NONPAYER,Chuck,count,Ads,28795,30,0.1,0.02,0.02,30.0,164904.0,0.001,1.0,30.0,164904.0,0.001,90356
D. 20-39,NONPAYER,Chuck,count,River Rush,28795,2,0.01,0.0,0.0,2.0,164904.0,0.0001,1.0,2.0,164904.0,0.0001,90356
D. 20-39,NONPAYER,Comet,count,Rainbow Maker,15255,7678,50.33,21.7,19.14,10953.0,50478.0,0.718,1.4265,10953.0,50478.0,0.718,90356
D. 20-39,NONPAYER,Comet,count,Hatchling Hideaway,15255,6939,45.49,18.11,15.71,9144.0,50478.0,0.5994,1.3178,9144.0,50478.0,0.5994,90356
D. 20-39,NONPAYER,Comet,count,Core,15255,7756,50.84,17.68,24.01,8925.0,50478.0,0.5851,1.1507,8925.0,50478.0,0.5851,90356
D. 20-39,NONPAYER,Comet,count,Team Race,15255,5101,33.44,15.75,15.5,7952.0,50478.0,0.5213,1.5589,7952.0,50478.0,0.5213,90356
D. 20-39,NONPAYER,Comet,count,Flash Race,15255,3233,21.19,7.68,9.71,3877.0,50478.0,0.2541,1.1992,3877.0,50478.0,0.2541,90356
D. 20-39,NONPAYER,Comet,count,Team Event,15255,1578,10.34,4.95,4.77,2499.0,50478.0,0.1638,1.5837,2499.0,50478.0,0.1638,90356
D. 20-39,NONPAYER,Comet,count,Ads,15255,1369,8.97,4.51,2.94,2277.0,50478.0,0.1493,1.6633,2277.0,50478.0,0.1493,90356
D. 20-39,NONPAYER,Comet,count,Other,15255,1200,7.87,2.56,2.02,1293.0,50478.0,0.0848,1.0775,1293.0,50478.0,0.0848,90356
D. 20-39,NONPAYER,Comet,count,Target Day,15255,1039,6.81,2.29,1.94,1158.0,50478.0,0.0759,1.1145,1158.0,50478.0,0.0759,90356
D. 20-39,NONPAYER,Comet,count,Daily Gift,15255,813,5.33,1.65,1.1,835.0,50478.0,0.0547,1.0271,835.0,50478.0,0.0547,90356
D. 20-39,NONPAYER,Comet,count,Chuck Challenge,15255,411,2.69,0.86,0.74,432.0,50478.0,0.0283,1.0511,432.0,50478.0,0.0283,90356
D. 20-39,NONPAYER,Comet,count,Red Challenge,15255,379,2.48,0.8,0.77,405.0,50478.0,0.0265,1.0686,405.0,50478.0,0.0265,90356
D. 20-39,NONPAYER,Comet,count,Bomb Challenge,15255,374,2.45,0.78,0.66,396.0,50478.0,0.026,1.0588,396.0,50478.0,0.026,90356
D. 20-39,NONPAYER,Comet,count,Saga,15255,146,0.96,0.35,0.79,178.0,50478.0,0.0117,1.2192,178.0,50478.0,0.0117,90356
D. 20-39,NONPAYER,Comet,count,Daily Night Sky Prize,15255,70,0.46,0.16,0.08,83.0,50478.0,0.0054,1.1857,83.0,50478.0,0.0054,90356
D. 20-39,NONPAYER,Comet,count,Kite Festival,15255,43,0.28,0.09,0.08,46.0,50478.0,0.003,1.0698,46.0,50478.0,0.003,90356
D. 20-39,NONPAYER,Comet,count,Jigsaw,15255,13,0.09,0.03,0.01,14.0,50478.0,0.0009,1.0769,14.0,50478.0,0.0009,90356
D. 20-39,NONPAYER,Comet,count,Bomb's Ballet,15255,5,0.03,0.01,0.0,5.0,50478.0,0.0003,1.0,5.0,50478.0,0.0003,90356
D. 20-39,NONPAYER,Comet,count,River Rush,15255,5,0.03,0.01,0.03,5.0,50478.0,0.0003,1.0,5.0,50478.0,0.0003,90356
D. 20-39,NONPAYER,Comet,count,Season Pass (Free),15255,1,0.01,0.0,0.0,1.0,50478.0,0.0001,1.0,1.0,50478.0,0.0001,90356
D. 20-39,NONPAYER,HC,HC,Core,31087,27028,86.94,26.67,40.28,3198330.0,11990938.33,102.8832,118.3339,3198330.0,12115371.0,102.8832,90356
D. 20-39,NONPAYER,HC,HC,Daily Night Sky Prize,31087,12650,40.69,15.55,8.11,1865040.0,11990938.33,59.9942,147.434,1865040.0,12115371.0,59.9942,90356
D. 20-39,NONPAYER,HC,HC,Saga,31087,28159,90.58,11.46,14.81,1373675.0,11990938.33,44.1881,48.7828,1373675.0,12115371.0,44.1881,90356
D. 20-39,NONPAYER,HC,HC,Daily Gift,31087,24241,77.98,8.45,9.64,1013400.0,11990938.33,32.5988,41.8052,1013400.0,12115371.0,32.5988,90356
D. 20-39,NONPAYER,HC,HC,Team Event,31087,4804,15.45,6.01,3.33,720590.0,11990938.33,23.1798,149.9979,720590.0,12115371.0,23.1798,90356
D. 20-39,NONPAYER,HC,HC,Team Race,31087,5099,16.4,4.86,3.45,583145.0,11990938.33,18.7585,114.3646,583145.0,12115371.0,18.7585,90356
D. 20-39,NONPAYER,HC,HC,Rainbow Maker,31087,15510,49.89,4.21,4.5,504997.33,11990938.33,16.2446,32.5595,629430.0,12115371.0,20.2474,90356
D. 20-39,NONPAYER,HC,HC,Season Pass (Free),31087,12222,39.32,3.65,3.6,437980.0,11990938.33,14.0888,35.8354,437980.0,12115371.0,14.0888,90356
D. 20-39,NONPAYER,HC,HC,Flash Race,31087,7627,24.53,2.86,2.43,342520.0,11990938.33,11.0181,44.9089,342520.0,12115371.0,11.0181,90356
D. 20-39,NONPAYER,HC,HC,Other,31087,5700,18.34,2.8,1.71,336041.0,11990938.33,10.8097,58.9546,336041.0,12115371.0,10.8097,90356
D. 20-39,NONPAYER,HC,HC,Hatchling Hideaway,31087,10554,33.95,2.77,2.01,332410.0,11990938.33,10.6929,31.4961,332410.0,12115371.0,10.6929,90356
D. 20-39,NONPAYER,HC,HC,Target Day,31087,3572,11.49,2.11,1.16,252950.0,11990938.33,8.1368,70.8147,252950.0,12115371.0,8.1368,90356
D. 20-39,NONPAYER,HC,HC,Ads,31087,4512,14.51,1.91,1.16,228845.0,11990938.33,7.3614,50.7192,228845.0,12115371.0,7.3614,90356
D. 20-39,NONPAYER,HC,HC,Chuck Challenge,31087,1631,5.25,1.56,0.8,186850.0,11990938.33,6.0106,114.5616,186850.0,12115371.0,6.0106,90356
D. 20-39,NONPAYER,HC,HC,Red Challenge,31087,1572,5.06,1.49,0.86,178650.0,11990938.33,5.7468,113.645,178650.0,12115371.0,5.7468,90356
D. 20-39,NONPAYER,HC,HC,Bomb Challenge,31087,1507,4.85,1.45,0.85,174450.0,11990938.33,5.6117,115.7598,174450.0,12115371.0,5.6117,90356
D. 20-39,NONPAYER,HC,HC,Jigsaw,31087,2867,9.22,0.75,0.51,89550.0,11990938.33,2.8806,31.2347,89550.0,12115371.0,2.8806,90356
D. 20-39,NONPAYER,HC,HC,Kite Festival,31087,487,1.57,0.59,0.27,70600.0,11990938.33,2.271,144.9692,70600.0,12115371.0,2.271,90356
D. 20-39,NONPAYER,HC,HC,Bomb's Ballet,31087,2344,7.54,0.53,0.33,63500.0,11990938.33,2.0427,27.0904,63500.0,12115371.0,2.0427,90356
D. 20-39,NONPAYER,HC,HC,Photoshoot,31087,1379,4.44,0.31,0.19,37225.0,11990938.33,1.1974,26.9942,37225.0,12115371.0,1.1974,90356
D. 20-39,NONPAYER,HC,HC,River Rush,31087,4,0.01,0.0,0.0,190.0,11990938.33,0.0061,47.5,190.0,12115371.0,0.0061,90356
D. 20-39,NONPAYER,Red,count,Saga,29063,20704,71.24,19.32,28.03,29265.0,151504.0,1.007,1.4135,29265.0,151504.0,1.007,90356
D. 20-39,NONPAYER,Red,count,Rainbow Maker,29063,14699,50.58,13.76,13.61,20851.0,151504.0,0.7174,1.4185,20851.0,151504.0,0.7174,90356
D. 20-39,NONPAYER,Red,count,Daily Night Sky Prize,29063,9556,32.88,12.61,8.27,19098.0,151504.0,0.6571,1.9985,19098.0,151504.0,0.6571,90356
D. 20-39,NONPAYER,Red,count,Other,29063,14130,48.62,12.43,12.79,18834.0,151504.0,0.648,1.3329,18834.0,151504.0,0.648,90356
D. 20-39,NONPAYER,Red,count,Season Pass (Free),29063,8988,30.93,11.65,9.38,17649.0,151504.0,0.6073,1.9636,17649.0,151504.0,0.6073,90356
D. 20-39,NONPAYER,Red,count,Hatchling Hideaway,29063,12543,43.16,10.95,9.71,16596.0,151504.0,0.571,1.3231,16596.0,151504.0,0.571,90356
D. 20-39,NONPAYER,Red,count,Core,29063,11852,40.78,8.56,11.15,12965.0,151504.0,0.4461,1.0939,12965.0,151504.0,0.4461,90356
D. 20-39,NONPAYER,Red,count,Target Day,29063,4108,14.13,3.41,2.89,5168.0,151504.0,0.1778,1.258,5168.0,151504.0,0.1778,90356
D. 20-39,NONPAYER,Red,count,Flock Flurry,29063,3231,11.12,3.19,1.74,4838.0,151504.0,0.1665,1.4974,4838.0,151504.0,0.1665,90356
D. 20-39,NONPAYER,Red,count,Jigsaw,29063,1950,6.71,1.48,0.84,2243.0,151504.0,0.0772,1.1503,2243.0,151504.0,0.0772,90356
D. 20-39,NONPAYER,Red,count,Bomb's Ballet,29063,1138,3.92,0.77,0.38,1165.0,151504.0,0.0401,1.0237,1165.0,151504.0,0.0401,90356
D. 20-39,NONPAYER,Red,count,Flash Race,29063,961,3.31,0.72,0.43,1086.0,151504.0,0.0374,1.1301,1086.0,151504.0,0.0374,90356
D. 20-39,NONPAYER,Red,count,Team Race,29063,616,2.12,0.44,0.28,660.0,151504.0,0.0227,1.0714,660.0,151504.0,0.0227,90356
D. 20-39,NONPAYER,Red,count,Photoshoot,29063,488,1.68,0.33,0.21,502.0,151504.0,0.0173,1.0287,502.0,151504.0,0.0173,90356
D. 20-39,NONPAYER,Red,count,Kite Festival,29063,458,1.58,0.32,0.21,481.0,151504.0,0.0166,1.0502,481.0,151504.0,0.0166,90356
D. 20-39,NONPAYER,Red,count,Ads,29063,92,0.32,0.07,0.07,99.0,151504.0,0.0034,1.0761,99.0,151504.0,0.0034,90356
D. 20-39,NONPAYER,Red,count,Chuck Challenge,29063,1,0.0,0.0,0.0,1.0,151504.0,0.0,1.0,1.0,151504.0,0.0,90356
D. 20-39,NONPAYER,Red,count,River Rush,29063,3,0.01,0.0,0.0,3.0,151504.0,0.0001,1.0,3.0,151504.0,0.0001,90356
D. 20-39,NONPAYER,SPT,count,Core,26602,26053,97.94,78.95,79.42,16452498.0,20838537.66,618.4685,631.5011,16452498.0,21170345.0,618.4685,90356
D. 20-39,NONPAYER,SPT,count,Rainbow Maker,26602,14446,54.3,12.18,9.93,2537777.66,20838537.66,95.398,175.6734,2869585.0,21170345.0,107.871,90356
D. 20-39,NONPAYER,SPT,count,Flash Race,26602,9266,34.83,4.09,3.75,852125.0,20838537.66,32.0324,91.9626,852125.0,21170345.0,32.0324,90356
D. 20-39,NONPAYER,SPT,count,Other,26602,12155,45.69,2.96,5.24,615869.0,20838537.66,23.1512,50.668,615869.0,21170345.0,23.1512,90356
D. 20-39,NONPAYER,SPT,count,Kite Festival,26602,2873,10.8,1.35,1.11,280800.0,20838537.66,10.5556,97.7376,280800.0,21170345.0,10.5556,90356
D. 20-39,NONPAYER,SPT,count,Flock Flurry,26602,2979,11.2,0.42,0.34,87100.0,20838537.66,3.2742,29.238,87100.0,21170345.0,3.2742,90356
D. 20-39,NONPAYER,SPT,count,Season Pass (Free),26602,211,0.79,0.06,0.2,12278.0,20838537.66,0.4615,58.1896,12278.0,21170345.0,0.4615,90356
D. 20-39,NONPAYER,SPT,count,Saga,26602,1,0.0,0.0,0.0,60.0,20838537.66,0.0023,60.0,60.0,21170345.0,0.0023,90356
D. 20-39,NONPAYER,SPT,count,Target Day,26602,1,0.0,0.0,0.0,10.0,20838537.66,0.0004,10.0,10.0,21170345.0,0.0004,90356
D. 20-39,NONPAYER,SPT,count,River Rush,26602,1,0.0,0.0,0.0,20.0,20838537.66,0.0008,20.0,20.0,21170345.0,0.0008,90356
D. 20-39,NONPAYER,SPTx2,minutes,Rainbow Maker,9076,9065,99.88,99.77,99.85,134650.0,134960.0,14.8358,14.8538,134650.0,134960.0,14.8358,90356
D. 20-39,NONPAYER,SPTx2,minutes,Daily Gift,9076,14,0.15,0.22,0.13,300.0,134960.0,0.0331,21.4286,300.0,134960.0,0.0331,90356
D. 20-39,NONPAYER,SPTx2,minutes,River Rush,9076,1,0.01,0.01,0.01,10.0,134960.0,0.0011,10.0,10.0,134960.0,0.0011,90356
D. 20-39,NONPAYER,Shuffle,count,Core,21620,16122,74.57,23.65,34.39,28247.0,119445.0,1.3065,1.7521,28247.0,119445.0,1.3065,90356
D. 20-39,NONPAYER,Shuffle,count,Saga,21620,13221,61.15,17.46,17.53,20851.0,119445.0,0.9644,1.5771,20851.0,119445.0,0.9644,90356
D. 20-39,NONPAYER,Shuffle,count,Rainbow Maker,21620,9347,43.23,13.04,10.79,15577.0,119445.0,0.7205,1.6665,15577.0,119445.0,0.7205,90356
D. 20-39,NONPAYER,Shuffle,count,Daily Gift,21620,6432,29.75,7.12,5.41,8501.0,119445.0,0.3932,1.3217,8501.0,119445.0,0.3932,90356
D. 20-39,NONPAYER,Shuffle,count,Hatchling Hideaway,21620,5406,25.0,5.99,4.06,7152.0,119445.0,0.3308,1.323,7152.0,119445.0,0.3308,90356
D. 20-39,NONPAYER,Shuffle,count,Season Pass (Free),21620,5101,23.59,5.05,4.44,6036.0,119445.0,0.2792,1.1833,6036.0,119445.0,0.2792,90356
D. 20-39,NONPAYER,Shuffle,count,Team Race,21620,4120,19.06,4.66,4.72,5562.0,119445.0,0.2573,1.35,5562.0,119445.0,0.2573,90356
D. 20-39,NONPAYER,Shuffle,count,Ads,21620,2324,10.75,4.33,2.5,5175.0,119445.0,0.2394,2.2268,5175.0,119445.0,0.2394,90356
D. 20-39,NONPAYER,Shuffle,count,Flash Race,21620,3416,15.8,3.47,3.22,4140.0,119445.0,0.1915,1.2119,4140.0,119445.0,0.1915,90356
D. 20-39,NONPAYER,Shuffle,count,Other,21620,2767,12.8,3.23,2.98,3858.0,119445.0,0.1784,1.3943,3858.0,119445.0,0.1784,90356
D. 20-39,NONPAYER,Shuffle,count,Team Event,21620,1321,6.11,2.81,1.86,3362.0,119445.0,0.1555,2.545,3362.0,119445.0,0.1555,90356
D. 20-39,NONPAYER,Shuffle,count,Red Challenge,21620,2591,11.98,2.54,2.31,3032.0,119445.0,0.1402,1.1702,3032.0,119445.0,0.1402,90356
D. 20-39,NONPAYER,Shuffle,count,Chuck Challenge,21620,2588,11.97,2.52,2.05,3013.0,119445.0,0.1394,1.1642,3013.0,119445.0,0.1394,90356
D. 20-39,NONPAYER,Shuffle,count,Bomb Challenge,21620,2416,11.17,2.36,2.27,2816.0,119445.0,0.1302,1.1656,2816.0,119445.0,0.1302,90356
D. 20-39,NONPAYER,Shuffle,count,Target Day,21620,1530,7.08,1.46,1.21,1745.0,119445.0,0.0807,1.1405,1745.0,119445.0,0.0807,90356
D. 20-39,NONPAYER,Shuffle,count,Kite Festival,21620,341,1.58,0.3,0.25,358.0,119445.0,0.0166,1.0499,358.0,119445.0,0.0166,90356
D. 20-39,NONPAYER,Shuffle,count,Photoshoot,21620,11,0.05,0.01,0.0,11.0,119445.0,0.0005,1.0,11.0,119445.0,0.0005,90356
D. 20-39,NONPAYER,Shuffle,count,River Rush,21620,2,0.01,0.0,0.0,2.0,119445.0,0.0001,1.0,2.0,119445.0,0.0001,90356
D. 20-39,NONPAYER,Shuffle,count,Bomb's Ballet,21620,5,0.02,0.0,0.0,5.0,119445.0,0.0002,1.0,5.0,119445.0,0.0002,90356
D. 20-39,NONPAYER,Shuffle,count,Daily Night Sky Prize,21620,1,0.0,0.0,0.0,2.0,119445.0,0.0001,2.0,2.0,119445.0,0.0001,90356
D. 20-39,NONPAYER,Slingshot,count,Rainbow Maker,23822,13002,54.58,25.11,20.67,40026.0,159383.0,1.6802,3.0784,40026.0,159383.0,1.6802,90356
D. 20-39,NONPAYER,Slingshot,count,Core,23822,16267,68.29,16.78,26.98,26750.0,159383.0,1.1229,1.6444,26750.0,159383.0,1.1229,90356
D. 20-39,NONPAYER,Slingshot,count,Saga,23822,14261,59.86,13.75,15.32,21916.0,159383.0,0.92,1.5368,21916.0,159383.0,0.92,90356
D. 20-39,NONPAYER,Slingshot,count,Daily Gift,23822,9816,41.21,8.73,8.09,13914.0,159383.0,0.5841,1.4175,13914.0,159383.0,0.5841,90356
D. 20-39,NONPAYER,Slingshot,count,Daily Night Sky Prize,23822,6444,27.05,6.07,5.94,9677.0,159383.0,0.4062,1.5017,9677.0,159383.0,0.4062,90356
D. 20-39,NONPAYER,Slingshot,count,Team Event,23822,3748,15.73,4.94,3.77,7875.0,159383.0,0.3306,2.1011,7875.0,159383.0,0.3306,90356
D. 20-39,NONPAYER,Slingshot,count,Flock Flurry,23822,3231,13.56,3.04,1.93,4838.0,159383.0,0.2031,1.4974,4838.0,159383.0,0.2031,90356
D. 20-39,NONPAYER,Slingshot,count,Ads,23822,2260,9.49,3.03,1.65,4831.0,159383.0,0.2028,2.1376,4831.0,159383.0,0.2028,90356
D. 20-39,NONPAYER,Slingshot,count,Target Day,23822,3337,14.01,2.65,2.25,4231.0,159383.0,0.1776,1.2679,4231.0,159383.0,0.1776,90356
D. 20-39,NONPAYER,Slingshot,count,Hatchling Hideaway,23822,2913,12.23,2.33,1.28,3709.0,159383.0,0.1557,1.2733,3709.0,159383.0,0.1557,90356
D. 20-39,NONPAYER,Slingshot,count,Team Race,23822,2626,11.02,2.1,1.74,3344.0,159383.0,0.1404,1.2734,3344.0,159383.0,0.1404,90356
D. 20-39,NONPAYER,Slingshot,count,Bomb Challenge,23822,2822,11.85,2.05,2.13,3268.0,159383.0,0.1372,1.158,3268.0,159383.0,0.1372,90356
D. 20-39,NONPAYER,Slingshot,count,Flash Race,23822,2612,10.96,1.97,1.59,3142.0,159383.0,0.1319,1.2029,3142.0,159383.0,0.1319,90356
D. 20-39,NONPAYER,Slingshot,count,Red Challenge,23822,2667,11.2,1.95,2.0,3102.0,159383.0,0.1302,1.1631,3102.0,159383.0,0.1302,90356
D. 20-39,NONPAYER,Slingshot,count,Chuck Challenge,23822,2617,10.99,1.9,1.79,3029.0,159383.0,0.1272,1.1574,3029.0,159383.0,0.1272,90356
D. 20-39,NONPAYER,Slingshot,count,Other,23822,2189,9.19,1.54,1.58,2460.0,159383.0,0.1033,1.1238,2460.0,159383.0,0.1033,90356
D. 20-39,NONPAYER,Slingshot,count,Season Pass (Free),23822,2183,9.16,1.49,0.84,2372.0,159383.0,0.0996,1.0866,2372.0,159383.0,0.0996,90356
D. 20-39,NONPAYER,Slingshot,count,Kite Festival,23822,799,3.35,0.54,0.42,860.0,159383.0,0.0361,1.0763,860.0,159383.0,0.0361,90356
D. 20-39,NONPAYER,Slingshot,count,Jigsaw,23822,24,0.1,0.02,0.01,24.0,159383.0,0.001,1.0,24.0,159383.0,0.001,90356
D. 20-39,NONPAYER,Slingshot,count,Bomb's Ballet,23822,15,0.06,0.01,0.01,15.0,159383.0,0.0006,1.0,15.0,159383.0,0.0006,90356
D. 20-39,NONPAYER,UL Bomb,minutes,Daily Gift,3819,1016,26.6,42.76,22.22,31050.0,72610.0,8.1304,30.561,31050.0,72610.0,8.1304,90356
D. 20-39,NONPAYER,UL Bomb,minutes,Jigsaw,3819,1957,51.24,30.75,41.6,22325.0,72610.0,5.8458,11.4078,22325.0,72610.0,5.8458,90356
D. 20-39,NONPAYER,UL Bomb,minutes,Bomb's Ballet,3819,1689,44.23,23.72,34.35,17220.0,72610.0,4.509,10.1954,17220.0,72610.0,4.509,90356
D. 20-39,NONPAYER,UL Bomb,minutes,Other,3819,38,1.0,1.88,0.99,1365.0,72610.0,0.3574,35.9211,1365.0,72610.0,0.3574,90356
D. 20-39,NONPAYER,UL Bomb,minutes,Photoshoot,3819,32,0.84,0.66,0.52,480.0,72610.0,0.1257,15.0,480.0,72610.0,0.1257,90356
D. 20-39,NONPAYER,UL Bomb,minutes,Season Pass (Free),3819,15,0.39,0.23,0.31,170.0,72610.0,0.0445,11.3333,170.0,72610.0,0.0445,90356
D. 20-39,NONPAYER,UL Chuck,minutes,Season Pass (Free),12143,5584,45.99,30.49,38.68,88740.0,291070.0,7.3079,15.8918,88740.0,291070.0,7.3079,90356
D. 20-39,NONPAYER,UL Chuck,minutes,Daily Gift,12143,1227,10.1,25.56,7.86,74400.0,291070.0,6.127,60.6357,74400.0,291070.0,6.127,90356
D. 20-39,NONPAYER,UL Chuck,minutes,Jigsaw,12143,4382,36.09,17.22,22.52,50110.0,291070.0,4.1267,11.4354,50110.0,291070.0,4.1267,90356
D. 20-39,NONPAYER,UL Chuck,minutes,Bomb's Ballet,12143,3664,30.17,12.93,17.54,37645.0,291070.0,3.1001,10.2743,37645.0,291070.0,3.1001,90356
D. 20-39,NONPAYER,UL Chuck,minutes,Hatchling Hideaway,12143,2660,21.91,11.34,11.61,33010.0,291070.0,2.7184,12.4098,33010.0,291070.0,2.7184,90356
D. 20-39,NONPAYER,UL Chuck,minutes,Photoshoot,12143,222,1.83,1.17,1.01,3420.0,291070.0,0.2816,15.4054,3420.0,291070.0,0.2816,90356
D. 20-39,NONPAYER,UL Chuck,minutes,Rainbow Maker,12143,187,1.54,0.8,0.5,2340.0,291070.0,0.1927,12.5134,2340.0,291070.0,0.1927,90356
D. 20-39,NONPAYER,UL Chuck,minutes,Other,12143,40,0.33,0.47,0.27,1380.0,291070.0,0.1136,34.5,1380.0,291070.0,0.1136,90356
D. 20-39,NONPAYER,UL Chuck,minutes,River Rush,12143,2,0.02,0.01,0.01,25.0,291070.0,0.0021,12.5,25.0,291070.0,0.0021,90356
D. 20-39,NONPAYER,UL Red,minutes,Season Pass (Free),16526,9477,57.35,25.51,36.61,145515.0,570505.0,8.8052,15.3545,145515.0,570505.0,8.8052,90356
D. 20-39,NONPAYER,UL Red,minutes,Rainbow Maker,16526,7342,44.43,21.48,19.63,122570.0,570505.0,7.4168,16.6944,122570.0,570505.0,7.4168,90356
D. 20-39,NONPAYER,UL Red,minutes,Daily Gift,16526,1782,10.78,19.06,6.95,108720.0,570505.0,6.5787,61.0101,108720.0,570505.0,6.5787,90356
D. 20-39,NONPAYER,UL Red,minutes,Hatchling Hideaway,16526,5152,31.18,11.85,10.2,67610.0,570505.0,4.0911,13.1231,67610.0,570505.0,4.0911,90356
D. 20-39,NONPAYER,UL Red,minutes,Jigsaw,16526,5075,30.71,11.33,13.77,64640.0,570505.0,3.9114,12.7369,64640.0,570505.0,3.9114,90356
D. 20-39,NONPAYER,UL Red,minutes,Bomb's Ballet,16526,4247,25.7,8.27,10.64,47175.0,570505.0,2.8546,11.1078,47175.0,570505.0,2.8546,90356
D. 20-39,NONPAYER,UL Red,minutes,Photoshoot,16526,847,5.13,2.25,2.01,12855.0,570505.0,0.7779,15.1771,12855.0,570505.0,0.7779,90356
D. 20-39,NONPAYER,UL Red,minutes,Other,16526,40,0.24,0.24,0.19,1390.0,570505.0,0.0841,34.75,1390.0,570505.0,0.0841,90356
D. 20-39,NONPAYER,UL Red,minutes,River Rush,16526,1,0.01,0.0,0.0,10.0,570505.0,0.0006,10.0,10.0,570505.0,0.0006,90356
D. 20-39,NONPAYER,UL Red,minutes,FlowerCoop,16526,2,0.01,0.0,0.0,20.0,570505.0,0.0012,10.0,20.0,570505.0,0.0012,90356
D. 20-39,NONPAYER,Unlimited Lives,minutes,Saga,31008,29822,96.18,35.55,41.51,5407575.0,15211919.0,174.3929,181.3284,5407575.0,15211919.0,174.3929,90356
D. 20-39,NONPAYER,Unlimited Lives,minutes,Flock Flurry,31008,13867,44.72,11.77,10.04,1790280.0,15211919.0,57.7361,129.1036,1790280.0,15211919.0,57.7361,90356
D. 20-39,NONPAYER,Unlimited Lives,minutes,Core,31008,18754,60.48,11.02,12.56,1675830.0,15211919.0,54.0451,89.3585,1675830.0,15211919.0,54.0451,90356
D. 20-39,NONPAYER,Unlimited Lives,minutes,Hatchling Hideaway,31008,13561,43.73,8.49,7.24,1290870.0,15211919.0,41.6302,95.1899,1290870.0,15211919.0,41.6302,90356
D. 20-39,NONPAYER,Unlimited Lives,minutes,Daily Gift,31008,19442,62.7,7.93,7.88,1206105.0,15211919.0,38.8966,62.0361,1206105.0,15211919.0,38.8966,90356
D. 20-39,NONPAYER,Unlimited Lives,minutes,Rainbow Maker,31008,14912,48.09,5.92,4.42,900985.0,15211919.0,29.0565,60.4201,900985.0,15211919.0,29.0565,90356
D. 20-39,NONPAYER,Unlimited Lives,minutes,Daily Night Sky Prize,31008,12795,41.26,5.04,3.15,766470.0,15211919.0,24.7185,59.9039,766470.0,15211919.0,24.7185,90356
D. 20-39,NONPAYER,Unlimited Lives,minutes,Season Pass (Free),31008,10325,33.3,4.3,4.46,653470.0,15211919.0,21.0742,63.2901,653470.0,15211919.0,21.0742,90356
D. 20-39,NONPAYER,Unlimited Lives,minutes,Target Day,31008,10415,33.59,3.7,3.92,563370.0,15211919.0,18.1685,54.0922,563370.0,15211919.0,18.1685,90356
D. 20-39,NONPAYER,Unlimited Lives,minutes,Kite Festival,31008,7181,23.16,2.1,1.71,319000.0,15211919.0,10.2877,44.4228,319000.0,15211919.0,10.2877,90356
D. 20-39,NONPAYER,Unlimited Lives,minutes,Jigsaw,31008,3801,12.26,1.35,0.88,205740.0,15211919.0,6.6351,54.1279,205740.0,15211919.0,6.6351,90356
D. 20-39,NONPAYER,Unlimited Lives,minutes,Bomb's Ballet,31008,3156,10.18,0.88,0.54,133380.0,15211919.0,4.3015,42.2624,133380.0,15211919.0,4.3015,90356
D. 20-39,NONPAYER,Unlimited Lives,minutes,Photoshoot,31008,2208,7.12,0.65,0.45,98460.0,15211919.0,3.1753,44.5924,98460.0,15211919.0,3.1753,90356
D. 20-39,NONPAYER,Unlimited Lives,minutes,Other,31008,2449,7.9,0.61,0.68,92039.0,15211919.0,2.9682,37.5823,92039.0,15211919.0,2.9682,90356
D. 20-39,NONPAYER,Unlimited Lives,minutes,Ads,31008,2861,9.23,0.52,0.33,78580.0,15211919.0,2.5342,27.4659,78580.0,15211919.0,2.5342,90356
D. 20-39,NONPAYER,Unlimited Lives,minutes,Flash Race,31008,574,1.85,0.2,0.24,29750.0,15211919.0,0.9594,51.8293,29750.0,15211919.0,0.9594,90356
D. 20-39,NONPAYER,Unlimited Lives,minutes,River Rush,31008,1,0.0,0.0,0.0,15.0,15211919.0,0.0005,15.0,15.0,15211919.0,0.0005,90356
D. 20-39,PAYER,Bomb,count,Saga,2821,1905,67.53,20.14,20.76,3274.0,16254.0,1.1606,1.7186,3274.0,16254.0,1.1606,12544
D. 20-39,PAYER,Bomb,count,Other,2821,1873,66.39,18.11,24.0,2943.0,16254.0,1.0432,1.5713,2943.0,16254.0,1.0432,12544
D. 20-39,PAYER,Bomb,count,Season Pass (Free),2821,1157,41.01,13.88,10.95,2256.0,16254.0,0.7997,1.9499,2256.0,16254.0,0.7997,12544
D. 20-39,PAYER,Bomb,count,Hatchling Hideaway,2821,1359,48.17,11.58,10.42,1882.0,16254.0,0.6671,1.3848,1882.0,16254.0,0.6671,12544
D. 20-39,PAYER,Bomb,count,Rainbow Maker,2821,1064,37.72,9.95,7.39,1618.0,16254.0,0.5736,1.5207,1618.0,16254.0,0.5736,12544
D. 20-39,PAYER,Bomb,count,Flock Flurry,2821,865,30.66,8.37,7.3,1360.0,16254.0,0.4821,1.5723,1360.0,16254.0,0.4821,12544
D. 20-39,PAYER,Bomb,count,Core,2821,703,24.92,5.91,6.29,960.0,16254.0,0.3403,1.3656,960.0,16254.0,0.3403,12544
D. 20-39,PAYER,Bomb,count,Team Race,2821,671,23.79,5.17,6.26,840.0,16254.0,0.2978,1.2519,840.0,16254.0,0.2978,12544
D. 20-39,PAYER,Bomb,count,Flash Race,2821,554,19.64,4.23,4.01,687.0,16254.0,0.2435,1.2401,687.0,16254.0,0.2435,12544
D. 20-39,PAYER,Bomb,count,Target Day,2821,322,11.41,2.2,2.19,357.0,16254.0,0.1266,1.1087,357.0,16254.0,0.1266,12544
D. 20-39,PAYER,Bomb,count,Kite Festival,2821,65,2.3,0.44,0.39,71.0,16254.0,0.0252,1.0923,71.0,16254.0,0.0252,12544
D. 20-39,PAYER,Bomb,count,Ads,2821,1,0.04,0.01,0.01,1.0,16254.0,0.0004,1.0,1.0,16254.0,0.0004,12544
D. 20-39,PAYER,Bomb,count,River Rush,2821,2,0.07,0.01,0.01,2.0,16254.0,0.0007,1.0,2.0,16254.0,0.0007,12544
D. 20-39,PAYER,Bomb,count,Bomb's Ballet,2821,1,0.04,0.01,0.0,1.0,16254.0,0.0004,1.0,1.0,16254.0,0.0004,12544
D. 20-39,PAYER,Bomb,count,Bomb Challenge,2821,1,0.04,0.01,0.02,2.0,16254.0,0.0007,2.0,2.0,16254.0,0.0007,12544
D. 20-39,PAYER,Chuck,count,Season Pass (Free),3006,1707,56.79,17.06,15.78,4186.0,24537.0,1.3925,2.4523,4186.0,24537.0,1.3925,12544
D. 20-39,PAYER,Chuck,count,Saga,3006,1906,63.41,13.53,12.64,3321.0,24537.0,1.1048,1.7424,3321.0,24537.0,1.1048,12544
D. 20-39,PAYER,Chuck,count,Rainbow Maker,3006,1972,65.6,13.42,15.03,3294.0,24537.0,1.0958,1.6704,3294.0,24537.0,1.0958,12544
D. 20-39,PAYER,Chuck,count,Other,3006,1878,62.48,11.99,12.97,2943.0,24537.0,0.979,1.5671,2943.0,24537.0,0.979,12544
D. 20-39,PAYER,Chuck,count,Daily Night Sky Prize,3006,1552,51.63,9.61,9.66,2357.0,24537.0,0.7841,1.5187,2357.0,24537.0,0.7841,12544
D. 20-39,PAYER,Chuck,count,Hatchling Hideaway,3006,1621,53.93,9.3,9.32,2283.0,24537.0,0.7595,1.4084,2283.0,24537.0,0.7595,12544
D. 20-39,PAYER,Chuck,count,Flock Flurry,3006,865,28.78,5.54,4.65,1360.0,24537.0,0.4524,1.5723,1360.0,24537.0,0.4524,12544
D. 20-39,PAYER,Chuck,count,Core,3006,788,26.21,5.03,5.45,1235.0,24537.0,0.4108,1.5673,1235.0,24537.0,0.4108,12544
D. 20-39,PAYER,Chuck,count,Jigsaw,3006,833,27.71,3.66,3.79,899.0,24537.0,0.2991,1.0792,899.0,24537.0,0.2991,12544
D. 20-39,PAYER,Chuck,count,Bomb's Ballet,3006,751,24.98,3.16,3.16,775.0,24537.0,0.2578,1.032,775.0,24537.0,0.2578,12544
D. 20-39,PAYER,Chuck,count,Target Day,3006,528,17.56,2.6,2.42,637.0,24537.0,0.2119,1.2064,637.0,24537.0,0.2119,12544
D. 20-39,PAYER,Chuck,count,Photoshoot,3006,494,16.43,2.06,2.46,506.0,24537.0,0.1683,1.0243,506.0,24537.0,0.1683,12544
D. 20-39,PAYER,Chuck,count,Flash Race,3006,285,9.48,1.34,1.06,330.0,24537.0,0.1098,1.1579,330.0,24537.0,0.1098,12544
D. 20-39,PAYER,Chuck,count,Team Race,3006,247,8.22,1.11,1.11,272.0,24537.0,0.0905,1.1012,272.0,24537.0,0.0905,12544
D. 20-39,PAYER,Chuck,count,Kite Festival,3006,128,4.26,0.55,0.49,136.0,24537.0,0.0452,1.0625,136.0,24537.0,0.0452,12544
D. 20-39,PAYER,Chuck,count,Ads,3006,2,0.07,0.01,0.01,2.0,24537.0,0.0007,1.0,2.0,24537.0,0.0007,12544
D. 20-39,PAYER,Chuck,count,River Rush,3006,1,0.03,0.0,0.0,1.0,24537.0,0.0003,1.0,1.0,24537.0,0.0003,12544
D. 20-39,PAYER,Comet,count,Rainbow Maker,2446,1532,62.63,20.85,21.06,2229.0,10691.0,0.9113,1.455,2229.0,10691.0,0.9113,12544
D. 20-39,PAYER,Comet,count,Team Race,2446,1279,52.29,19.4,20.72,2074.0,10691.0,0.8479,1.6216,2074.0,10691.0,0.8479,12544
D. 20-39,PAYER,Comet,count,Hatchling Hideaway,2446,1304,53.31,16.6,15.35,1775.0,10691.0,0.7257,1.3612,1775.0,10691.0,0.7257,12544
D. 20-39,PAYER,Comet,count,Core,2446,811,33.16,8.73,10.32,933.0,10691.0,0.3814,1.1504,933.0,10691.0,0.3814,12544
D. 20-39,PAYER,Comet,count,Flash Race,2446,638,26.08,7.34,9.24,785.0,10691.0,0.3209,1.2304,785.0,10691.0,0.3209,12544
D. 20-39,PAYER,Comet,count,Season Pass (Free),2446,317,12.96,6.16,4.39,659.0,10691.0,0.2694,2.0789,659.0,10691.0,0.2694,12544
D. 20-39,PAYER,Comet,count,Ads,2446,398,16.27,5.83,4.81,623.0,10691.0,0.2547,1.5653,623.0,10691.0,0.2547,12544
D. 20-39,PAYER,Comet,count,Other,2446,364,14.88,4.15,3.45,444.0,10691.0,0.1815,1.2198,444.0,10691.0,0.1815,12544
D. 20-39,PAYER,Comet,count,Team Event,2446,265,10.83,3.66,3.86,391.0,10691.0,0.1599,1.4755,391.0,10691.0,0.1599,12544
D. 20-39,PAYER,Comet,count,Target Day,2446,259,10.59,2.62,2.63,280.0,10691.0,0.1145,1.0811,280.0,10691.0,0.1145,12544
D. 20-39,PAYER,Comet,count,Daily Gift,2446,196,8.01,1.93,1.53,206.0,10691.0,0.0842,1.051,206.0,10691.0,0.0842,12544
D. 20-39,PAYER,Comet,count,Bomb Challenge,2446,80,3.27,0.81,0.94,87.0,10691.0,0.0356,1.0875,87.0,10691.0,0.0356,12544
D. 20-39,PAYER,Comet,count,Chuck Challenge,2446,75,3.07,0.78,0.69,83.0,10691.0,0.0339,1.1067,83.0,10691.0,0.0339,12544
D. 20-39,PAYER,Comet,count,Red Challenge,2446,53,2.17,0.55,0.54,59.0,10691.0,0.0241,1.1132,59.0,10691.0,0.0241,12544
D. 20-39,PAYER,Comet,count,Daily Night Sky Prize,2446,27,1.1,0.31,0.16,33.0,10691.0,0.0135,1.2222,33.0,10691.0,0.0135,12544
D. 20-39,PAYER,Comet,count,Kite Festival,2446,17,0.7,0.18,0.11,19.0,10691.0,0.0078,1.1176,19.0,10691.0,0.0078,12544
D. 20-39,PAYER,Comet,count,Saga,2446,8,0.33,0.07,0.19,8.0,10691.0,0.0033,1.0,8.0,10691.0,0.0033,12544
D. 20-39,PAYER,Comet,count,River Rush,2446,1,0.04,0.02,0.02,2.0,10691.0,0.0008,2.0,2.0,10691.0,0.0008,12544
D. 20-39,PAYER,Comet,count,Bomb's Ballet,2446,1,0.04,0.01,0.0,1.0,10691.0,0.0004,1.0,1.0,10691.0,0.0004,12544
D. 20-39,PAYER,HC,HC,Daily Night Sky Prize,3122,2490,79.76,20.06,17.39,404010.0,2013516.86,129.4074,162.253,404010.0,2032062.0,129.4074,12544
D. 20-39,PAYER,HC,HC,Core,3122,2246,71.94,11.45,13.12,230605.0,2013516.86,73.8645,102.6736,230605.0,2032062.0,73.8645,12544
D. 20-39,PAYER,HC,HC,Saga,3122,2900,92.89,10.09,11.77,203170.0,2013516.86,65.0769,70.0586,203170.0,2032062.0,65.0769,12544
D. 20-39,PAYER,HC,HC,Daily Gift,3122,2579,82.61,8.49,9.01,171005.0,2013516.86,54.7742,66.3067,171005.0,2032062.0,54.7742,12544
D. 20-39,PAYER,HC,HC,Team Race,3122,1309,41.93,7.37,7.59,148360.0,2013516.86,47.5208,113.3384,148360.0,2032062.0,47.5208,12544
D. 20-39,PAYER,HC,HC,Season Pass (Free),3122,1981,63.45,6.64,7.49,133795.0,2013516.86,42.8555,67.5391,133795.0,2032062.0,42.8555,12544
D. 20-39,PAYER,HC,HC,Team Event,3122,1111,35.59,6.57,5.52,132280.0,2013516.86,42.3703,119.0639,132280.0,2032062.0,42.3703,12544
D. 20-39,PAYER,HC,HC,Other,3122,1218,39.01,4.8,3.75,96687.0,2013516.86,30.9696,79.3818,96687.0,2032062.0,30.9696,12544
D. 20-39,PAYER,HC,HC,Rainbow Maker,3122,2212,70.85,4.6,6.14,92664.86,2013516.86,29.6812,41.8919,111210.0,2032062.0,35.6214,12544
D. 20-39,PAYER,HC,HC,Hatchling Hideaway,3122,1792,57.4,3.31,2.9,66605.0,2013516.86,21.3341,37.168,66605.0,2032062.0,21.3341,12544
D. 20-39,PAYER,HC,HC,Flash Race,3122,1335,42.76,3.23,3.72,65135.0,2013516.86,20.8632,48.7903,65135.0,2032062.0,20.8632,12544
D. 20-39,PAYER,HC,HC,Ads,3122,1103,35.33,2.9,2.68,58460.0,2013516.86,18.7252,53.0009,58460.0,2032062.0,18.7252,12544
D. 20-39,PAYER,HC,HC,Target Day,3122,788,25.24,2.82,2.62,56825.0,2013516.86,18.2015,72.1129,56825.0,2032062.0,18.2015,12544
D. 20-39,PAYER,HC,HC,Bomb Challenge,3122,286,9.16,1.75,1.48,35325.0,2013516.86,11.3149,123.514,35325.0,2032062.0,11.3149,12544
D. 20-39,PAYER,HC,HC,Chuck Challenge,3122,283,9.06,1.73,1.37,34750.0,2013516.86,11.1307,122.7915,34750.0,2032062.0,11.1307,12544
D. 20-39,PAYER,HC,HC,Red Challenge,3122,250,8.01,1.4,1.25,28200.0,2013516.86,9.0327,112.8,28200.0,2032062.0,9.0327,12544
D. 20-39,PAYER,HC,HC,Kite Festival,3122,126,4.04,0.97,0.63,19600.0,2013516.86,6.278,155.5556,19600.0,2032062.0,6.278,12544
D. 20-39,PAYER,HC,HC,Jigsaw,3122,510,16.34,0.74,0.63,15000.0,2013516.86,4.8046,29.4118,15000.0,2032062.0,4.8046,12544
D. 20-39,PAYER,HC,HC,Bomb's Ballet,3122,490,15.7,0.67,0.57,13450.0,2013516.86,4.3081,27.449,13450.0,2032062.0,4.3081,12544
D. 20-39,PAYER,HC,HC,Photoshoot,3122,270,8.65,0.37,0.38,7475.0,2013516.86,2.3943,27.6852,7475.0,2032062.0,2.3943,12544
D. 20-39,PAYER,HC,HC,River Rush,3122,3,0.1,0.01,0.02,115.0,2013516.86,0.0368,38.3333,115.0,2032062.0,0.0368,12544
D. 20-39,PAYER,Red,count,Daily Night Sky Prize,3016,2056,68.17,16.97,16.43,4151.0,24468.0,1.3763,2.019,4151.0,24468.0,1.3763,12544
D. 20-39,PAYER,Red,count,Season Pass (Free),3016,1529,50.7,14.87,13.92,3639.0,24468.0,1.2066,2.38,3639.0,24468.0,1.2066,12544
D. 20-39,PAYER,Red,count,Saga,3016,2019,66.94,14.36,14.41,3514.0,24468.0,1.1651,1.7405,3514.0,24468.0,1.1651,12544
D. 20-39,PAYER,Red,count,Rainbow Maker,3016,2083,69.06,13.99,15.2,3424.0,24468.0,1.1353,1.6438,3424.0,24468.0,1.1353,12544
D. 20-39,PAYER,Red,count,Other,3016,1881,62.37,11.48,13.42,2808.0,24468.0,0.931,1.4928,2808.0,24468.0,0.931,12544
D. 20-39,PAYER,Red,count,Hatchling Hideaway,3016,1882,62.4,10.94,11.47,2678.0,24468.0,0.8879,1.423,2678.0,24468.0,0.8879,12544
D. 20-39,PAYER,Red,count,Flock Flurry,3016,865,28.68,5.56,4.45,1360.0,24468.0,0.4509,1.5723,1360.0,24468.0,0.4509,12544
D. 20-39,PAYER,Red,count,Target Day,3016,638,21.15,3.43,3.18,839.0,24468.0,0.2782,1.315,839.0,24468.0,0.2782,12544
D. 20-39,PAYER,Red,count,Core,3016,687,22.78,3.27,3.3,801.0,24468.0,0.2656,1.1659,801.0,24468.0,0.2656,12544
D. 20-39,PAYER,Red,count,Jigsaw,3016,367,12.17,1.62,1.21,396.0,24468.0,0.1313,1.079,396.0,24468.0,0.1313,12544
D. 20-39,PAYER,Red,count,Bomb's Ballet,3016,267,8.85,1.11,0.82,272.0,24468.0,0.0902,1.0187,272.0,24468.0,0.0902,12544
D. 20-39,PAYER,Red,count,Flash Race,3016,158,5.24,0.75,0.68,183.0,24468.0,0.0607,1.1582,183.0,24468.0,0.0607,12544
D. 20-39,PAYER,Red,count,Team Race,3016,163,5.4,0.73,0.67,178.0,24468.0,0.059,1.092,178.0,24468.0,0.059,12544
D. 20-39,PAYER,Red,count,Photoshoot,3016,113,3.75,0.47,0.45,116.0,24468.0,0.0385,1.0265,116.0,24468.0,0.0385,12544
D. 20-39,PAYER,Red,count,Kite Festival,3016,100,3.32,0.44,0.39,108.0,24468.0,0.0358,1.08,108.0,24468.0,0.0358,12544
D. 20-39,PAYER,Red,count,River Rush,3016,1,0.03,0.0,0.01,1.0,24468.0,0.0003,1.0,1.0,24468.0,0.0003,12544
D. 20-39,PAYER,SPT,count,Core,3032,2834,93.47,73.21,69.67,2508205.0,3425999.92,827.2444,885.0406,2508205.0,3482061.0,827.2444,12544
D. 20-39,PAYER,SPT,count,Rainbow Maker,3032,2202,72.63,15.08,16.13,516583.92,3425999.92,170.3773,234.5976,572645.0,3482061.0,188.8671,12544
D. 20-39,PAYER,SPT,count,Flash Race,3032,1568,51.72,4.44,5.73,152260.0,3425999.92,50.2177,97.1046,152260.0,3482061.0,50.2177,12544
D. 20-39,PAYER,SPT,count,Other,3032,1665,54.91,4.43,5.36,151710.0,3425999.92,50.0363,91.1171,151710.0,3482061.0,50.0363,12544
D. 20-39,PAYER,SPT,count,Kite Festival,3032,662,21.83,2.03,2.08,69615.0,3425999.92,22.9601,105.1586,69615.0,3482061.0,22.9601,12544
D. 20-39,PAYER,SPT,count,Flock Flurry,3032,781,25.76,0.7,0.88,23840.0,3425999.92,7.8628,30.525,23840.0,3482061.0,7.8628,12544
D. 20-39,PAYER,SPT,count,Season Pass (Free),3032,36,1.19,0.11,0.15,3766.0,3425999.92,1.2421,104.6111,3766.0,3482061.0,1.2421,12544
D. 20-39,PAYER,SPT,count,River Rush,3032,1,0.03,0.0,0.0,20.0,3425999.92,0.0066,20.0,20.0,3482061.0,0.0066,12544
D. 20-39,PAYER,SPTx2,minutes,Rainbow Maker,1517,1513,99.74,99.79,99.74,25730.0,25785.0,16.9611,17.0059,25730.0,25785.0,16.9611,12544
D. 20-39,PAYER,SPTx2,minutes,Daily Gift,1517,3,0.2,0.17,0.2,45.0,25785.0,0.0297,15.0,45.0,25785.0,0.0297,12544
D. 20-39,PAYER,SPTx2,minutes,River Rush,1517,1,0.07,0.04,0.07,10.0,25785.0,0.0066,10.0,10.0,25785.0,0.0066,12544
D. 20-39,PAYER,Shuffle,count,Saga,2849,1935,67.92,16.03,17.54,3321.0,20712.0,1.1657,1.7163,3321.0,20712.0,1.1657,12544
D. 20-39,PAYER,Shuffle,count,Rainbow Maker,2849,1813,63.64,15.2,16.8,3148.0,20712.0,1.1049,1.7363,3148.0,20712.0,1.1049,12544
D. 20-39,PAYER,Shuffle,count,Core,2849,1494,52.44,11.95,12.62,2475.0,20712.0,0.8687,1.6566,2475.0,20712.0,0.8687,12544
D. 20-39,PAYER,Shuffle,count,Season Pass (Free),2849,1177,41.31,9.24,8.77,1913.0,20712.0,0.6715,1.6253,1913.0,20712.0,0.6715,12544
D. 20-39,PAYER,Shuffle,count,Daily Gift,2849,1139,39.98,7.31,6.6,1514.0,20712.0,0.5314,1.3292,1514.0,20712.0,0.5314,12544
D. 20-39,PAYER,Shuffle,count,Hatchling Hideaway,2849,1080,37.91,6.98,5.45,1446.0,20712.0,0.5075,1.3389,1446.0,20712.0,0.5075,12544
D. 20-39,PAYER,Shuffle,count,Team Race,2849,967,33.94,6.47,7.25,1341.0,20712.0,0.4707,1.3868,1341.0,20712.0,0.4707,12544
D. 20-39,PAYER,Shuffle,count,Ads,2849,655,22.99,6.12,4.77,1268.0,20712.0,0.4451,1.9359,1268.0,20712.0,0.4451,12544
D. 20-39,PAYER,Shuffle,count,Other,2849,593,20.81,4.29,4.05,889.0,20712.0,0.312,1.4992,889.0,20712.0,0.312,12544
D. 20-39,PAYER,Shuffle,count,Team Event,2849,297,10.42,3.66,2.66,758.0,20712.0,0.2661,2.5522,758.0,20712.0,0.2661,12544
D. 20-39,PAYER,Shuffle,count,Flash Race,2849,594,20.85,3.48,4.05,720.0,20712.0,0.2527,1.2121,720.0,20712.0,0.2527,12544
D. 20-39,PAYER,Shuffle,count,Chuck Challenge,2849,438,15.37,2.47,2.4,511.0,20712.0,0.1794,1.1667,511.0,20712.0,0.1794,12544
D. 20-39,PAYER,Shuffle,count,Red Challenge,2849,415,14.57,2.32,2.35,481.0,20712.0,0.1688,1.159,481.0,20712.0,0.1688,12544
D. 20-39,PAYER,Shuffle,count,Bomb Challenge,2849,381,13.37,2.13,2.21,441.0,20712.0,0.1548,1.1575,441.0,20712.0,0.1548,12544
D. 20-39,PAYER,Shuffle,count,Target Day,2849,339,11.9,1.85,1.97,384.0,20712.0,0.1348,1.1327,384.0,20712.0,0.1348,12544
D. 20-39,PAYER,Shuffle,count,Kite Festival,2849,93,3.26,0.46,0.45,96.0,20712.0,0.0337,1.0323,96.0,20712.0,0.0337,12544
D. 20-39,PAYER,Shuffle,count,River Rush,2849,2,0.07,0.01,0.04,2.0,20712.0,0.0007,1.0,2.0,20712.0,0.0007,12544
D. 20-39,PAYER,Shuffle,count,Photoshoot,2849,2,0.07,0.01,0.0,3.0,20712.0,0.0011,1.5,3.0,20712.0,0.0011,12544
D. 20-39,PAYER,Shuffle,count,Bomb's Ballet,2849,1,0.04,0.0,0.0,1.0,20712.0,0.0004,1.0,1.0,20712.0,0.0004,12544
D. 20-39,PAYER,Slingshot,count,Rainbow Maker,2966,2130,71.81,25.45,25.33,7095.0,27882.0,2.3921,3.331,7095.0,27882.0,2.3921,12544
D. 20-39,PAYER,Slingshot,count,Saga,2966,1893,63.82,11.89,12.15,3316.0,27882.0,1.118,1.7517,3316.0,27882.0,1.118,12544
D. 20-39,PAYER,Slingshot,count,Daily Night Sky Prize,2966,1573,53.03,8.57,12.07,2390.0,27882.0,0.8058,1.5194,2390.0,27882.0,0.8058,12544
D. 20-39,PAYER,Slingshot,count,Daily Gift,2966,1442,48.62,8.15,7.72,2273.0,27882.0,0.7664,1.5763,2273.0,27882.0,0.7664,12544
D. 20-39,PAYER,Slingshot,count,Core,2966,1210,40.8,6.53,7.23,1820.0,27882.0,0.6136,1.5041,1820.0,27882.0,0.6136,12544
D. 20-39,PAYER,Slingshot,count,Team Event,2966,882,29.74,5.65,5.24,1574.0,27882.0,0.5307,1.7846,1574.0,27882.0,0.5307,12544
D. 20-39,PAYER,Slingshot,count,Flock Flurry,2966,865,29.16,4.88,4.19,1360.0,27882.0,0.4585,1.5723,1360.0,27882.0,0.4585,12544
D. 20-39,PAYER,Slingshot,count,Ads,2966,671,22.62,4.73,3.9,1320.0,27882.0,0.445,1.9672,1320.0,27882.0,0.445,12544
D. 20-39,PAYER,Slingshot,count,Season Pass (Free),2966,754,25.42,4.73,3.87,1318.0,27882.0,0.4444,1.748,1318.0,27882.0,0.4444,12544
D. 20-39,PAYER,Slingshot,count,Other,2966,579,19.52,3.3,2.88,919.0,27882.0,0.3098,1.5872,919.0,27882.0,0.3098,12544
D. 20-39,PAYER,Slingshot,count,Team Race,2966,697,23.5,3.19,3.57,889.0,27882.0,0.2997,1.2755,889.0,27882.0,0.2997,12544
D. 20-39,PAYER,Slingshot,count,Hatchling Hideaway,2966,652,21.98,2.87,1.97,801.0,27882.0,0.2701,1.2285,801.0,27882.0,0.2701,12544
D. 20-39,PAYER,Slingshot,count,Target Day,2966,566,19.08,2.44,2.53,679.0,27882.0,0.2289,1.1996,679.0,27882.0,0.2289,12544
D. 20-39,PAYER,Slingshot,count,Flash Race,2966,432,14.57,1.91,1.92,533.0,27882.0,0.1797,1.2338,533.0,27882.0,0.1797,12544
D. 20-39,PAYER,Slingshot,count,Chuck Challenge,2966,420,14.16,1.79,1.54,498.0,27882.0,0.1679,1.1857,498.0,27882.0,0.1679,12544
D. 20-39,PAYER,Slingshot,count,Red Challenge,2966,399,13.45,1.66,1.69,462.0,27882.0,0.1558,1.1579,462.0,27882.0,0.1558,12544
D. 20-39,PAYER,Slingshot,count,Bomb Challenge,2966,359,12.1,1.51,1.56,422.0,27882.0,0.1423,1.1755,422.0,27882.0,0.1423,12544
D. 20-39,PAYER,Slingshot,count,Kite Festival,2966,194,6.54,0.74,0.62,205.0,27882.0,0.0691,1.0567,205.0,27882.0,0.0691,12544
D. 20-39,PAYER,Slingshot,count,Bomb's Ballet,2966,5,0.17,0.02,0.02,5.0,27882.0,0.0017,1.0,5.0,27882.0,0.0017,12544
D. 20-39,PAYER,Slingshot,count,Jigsaw,2966,2,0.07,0.01,0.01,3.0,27882.0,0.001,1.5,3.0,27882.0,0.001,12544
D. 20-39,PAYER,UL Bomb,minutes,Season Pass (Free),959,299,31.18,34.91,24.16,8025.0,22990.0,8.3681,26.8395,8025.0,22990.0,8.3681,12544
D. 20-39,PAYER,UL Bomb,minutes,Daily Gift,959,220,22.94,29.1,18.62,6690.0,22990.0,6.976,30.4091,6690.0,22990.0,6.976,12544
D. 20-39,PAYER,UL Bomb,minutes,Jigsaw,959,367,38.27,17.05,27.65,3920.0,22990.0,4.0876,10.6812,3920.0,22990.0,4.0876,12544
D. 20-39,PAYER,UL Bomb,minutes,Bomb's Ballet,959,370,38.58,16.59,27.99,3815.0,22990.0,3.9781,10.3108,3815.0,22990.0,3.9781,12544
D. 20-39,PAYER,UL Bomb,minutes,Other,959,11,1.15,1.7,1.13,390.0,22990.0,0.4067,35.4545,390.0,22990.0,0.4067,12544
D. 20-39,PAYER,UL Bomb,minutes,Photoshoot,959,9,0.94,0.65,0.46,150.0,22990.0,0.1564,16.6667,150.0,22990.0,0.1564,12544
D. 20-39,PAYER,UL Chuck,minutes,Season Pass (Free),1968,934,47.46,34.19,35.8,20490.0,59930.0,10.4116,21.9379,20490.0,59930.0,10.4116,12544
D. 20-39,PAYER,UL Chuck,minutes,Daily Gift,1968,241,12.25,24.83,9.2,14880.0,59930.0,7.561,61.7427,14880.0,59930.0,7.561,12544
D. 20-39,PAYER,UL Chuck,minutes,Jigsaw,1968,725,36.84,13.26,18.93,7945.0,59930.0,4.0371,10.9586,7945.0,59930.0,4.0371,12544
D. 20-39,PAYER,UL Chuck,minutes,Hatchling Hideaway,1968,616,31.3,12.48,15.32,7480.0,59930.0,3.8008,12.1429,7480.0,59930.0,3.8008,12544
D. 20-39,PAYER,UL Chuck,minutes,Bomb's Ballet,1968,667,33.89,11.56,17.57,6930.0,59930.0,3.5213,10.3898,6930.0,59930.0,3.5213,12544
D. 20-39,PAYER,UL Chuck,minutes,Rainbow Maker,1968,73,3.71,1.64,1.23,980.0,59930.0,0.498,13.4247,980.0,59930.0,0.498,12544
D. 20-39,PAYER,UL Chuck,minutes,Photoshoot,1968,54,2.74,1.38,1.53,825.0,59930.0,0.4192,15.2778,825.0,59930.0,0.4192,12544
D. 20-39,PAYER,UL Chuck,minutes,Other,1968,11,0.56,0.65,0.42,390.0,59930.0,0.1982,35.4545,390.0,59930.0,0.1982,12544
D. 20-39,PAYER,UL Chuck,minutes,River Rush,1968,1,0.05,0.02,0.01,10.0,59930.0,0.0051,10.0,10.0,59930.0,0.0051,12544
D. 20-39,PAYER,UL Red,minutes,Season Pass (Free),2512,1540,61.31,29.71,33.37,31180.0,104955.0,12.4124,20.2468,31180.0,104955.0,12.4124,12544
D. 20-39,PAYER,UL Red,minutes,Rainbow Maker,2512,1469,58.48,23.29,24.32,24440.0,104955.0,9.7293,16.6372,24440.0,104955.0,9.7293,12544
D. 20-39,PAYER,UL Red,minutes,Daily Gift,2512,233,9.28,13.38,5.4,14040.0,104955.0,5.5892,60.2575,14040.0,104955.0,5.5892,12544
D. 20-39,PAYER,UL Red,minutes,Hatchling Hideaway,2512,1043,41.52,13.03,12.25,13680.0,104955.0,5.4459,13.116,13680.0,104955.0,5.4459,12544
D. 20-39,PAYER,UL Red,minutes,Jigsaw,2512,817,32.52,9.85,11.92,10335.0,104955.0,4.1143,12.6499,10335.0,104955.0,4.1143,12544
D. 20-39,PAYER,UL Red,minutes,Bomb's Ballet,2512,728,28.98,7.93,9.78,8325.0,104955.0,3.3141,11.4354,8325.0,104955.0,3.3141,12544
D. 20-39,PAYER,UL Red,minutes,Photoshoot,2512,167,6.65,2.44,2.65,2565.0,104955.0,1.0211,15.3593,2565.0,104955.0,1.0211,12544
D. 20-39,PAYER,UL Red,minutes,Other,2512,11,0.44,0.37,0.3,390.0,104955.0,0.1553,35.4545,390.0,104955.0,0.1553,12544
D. 20-39,PAYER,Unlimited Lives,minutes,Saga,3136,3071,97.93,33.89,32.86,872640.0,2575084.0,278.2653,284.155,872640.0,2575084.0,278.2653,12544
D. 20-39,PAYER,Unlimited Lives,minutes,Flock Flurry,3136,2022,64.48,12.13,11.88,312480.0,2575084.0,99.6429,154.5401,312480.0,2575084.0,99.6429,12544
D. 20-39,PAYER,Unlimited Lives,minutes,Hatchling Hideaway,3136,2040,65.05,8.43,8.92,217140.0,2575084.0,69.2411,106.4412,217140.0,2575084.0,69.2411,12544
D. 20-39,PAYER,Unlimited Lives,minutes,Daily Gift,3136,2240,71.43,7.9,7.44,203370.0,2575084.0,64.8501,90.7902,203370.0,2575084.0,64.8501,12544
D. 20-39,PAYER,Unlimited Lives,minutes,Season Pass (Free),3136,1684,53.7,7.67,7.9,197610.0,2575084.0,63.0134,117.3456,197610.0,2575084.0,63.0134,12544
D. 20-39,PAYER,Unlimited Lives,minutes,Rainbow Maker,3136,2221,70.82,6.4,6.61,164690.0,2575084.0,52.5159,74.1513,164690.0,2575084.0,52.5159,12544
D. 20-39,PAYER,Unlimited Lives,minutes,Daily Night Sky Prize,3136,2502,79.78,5.79,6.04,148970.0,2575084.0,47.5032,59.5404,148970.0,2575084.0,47.5032,12544
D. 20-39,PAYER,Unlimited Lives,minutes,Core,3136,1705,54.37,5.48,5.23,141240.0,2575084.0,45.0383,82.8387,141240.0,2575084.0,45.0383,12544
D. 20-39,PAYER,Unlimited Lives,minutes,Target Day,3136,1690,53.89,4.03,5.05,103830.0,2575084.0,33.1091,61.4379,103830.0,2575084.0,33.1091,12544
D. 20-39,PAYER,Unlimited Lives,minutes,Kite Festival,3136,1299,41.42,2.34,2.6,60355.0,2575084.0,19.2459,46.4627,60355.0,2575084.0,19.2459,12544
D. 20-39,PAYER,Unlimited Lives,minutes,Other,3136,629,20.06,1.74,1.48,44844.0,2575084.0,14.2997,71.2941,44844.0,2575084.0,14.2997,12544
D. 20-39,PAYER,Unlimited Lives,minutes,Jigsaw,3136,654,20.85,1.37,1.1,35370.0,2575084.0,11.2787,54.0826,35370.0,2575084.0,11.2787,12544
D. 20-39,PAYER,Unlimited Lives,minutes,Bomb's Ballet,3136,627,19.99,1.09,0.96,28065.0,2575084.0,8.9493,44.7608,28065.0,2575084.0,8.9493,12544
D. 20-39,PAYER,Unlimited Lives,minutes,Ads,3136,732,23.34,0.75,0.67,19360.0,2575084.0,6.1735,26.4481,19360.0,2575084.0,6.1735,12544
D. 20-39,PAYER,Unlimited Lives,minutes,Photoshoot,3136,407,12.98,0.74,0.82,18960.0,2575084.0,6.0459,46.5848,18960.0,2575084.0,6.0459,12544
D. 20-39,PAYER,Unlimited Lives,minutes,Flash Race,3136,117,3.73,0.24,0.41,6160.0,2575084.0,1.9643,52.6496,6160.0,2575084.0,1.9643,12544
E. 40-99,NONPAYER,Bomb,count,Core,15580,12167,78.09,26.07,37.08,26734.0,102564.0,1.7159,2.1973,26734.0,102564.0,1.7159,54005
E. 40-99,NONPAYER,Bomb,count,Saga,15580,10421,66.89,24.79,20.48,25424.0,102564.0,1.6318,2.4397,25424.0,102564.0,1.6318,54005
E. 40-99,NONPAYER,Bomb,count,Other,15580,10651,68.36,14.29,17.04,14658.0,102564.0,0.9408,1.3762,14658.0,102564.0,0.9408,54005
E. 40-99,NONPAYER,Bomb,count,Rainbow Maker,15580,5029,32.28,8.94,5.69,9174.0,102564.0,0.5888,1.8242,9174.0,102564.0,0.5888,54005
E. 40-99,NONPAYER,Bomb,count,Hatchling Hideaway,15580,6426,41.25,8.28,6.93,8496.0,102564.0,0.5453,1.3221,8496.0,102564.0,0.5453,54005
E. 40-99,NONPAYER,Bomb,count,Season Pass (Free),15580,3926,25.2,5.33,4.24,5466.0,102564.0,0.3508,1.3923,5466.0,102564.0,0.3508,54005
E. 40-99,NONPAYER,Bomb,count,Flock Flurry,15580,2678,17.19,4.58,2.9,4697.0,102564.0,0.3015,1.7539,4697.0,102564.0,0.3015,54005
E. 40-99,NONPAYER,Bomb,count,Flash Race,15580,2360,15.15,2.99,2.22,3066.0,102564.0,0.1968,1.2992,3066.0,102564.0,0.1968,54005
E. 40-99,NONPAYER,Bomb,count,Target Day,15580,1665,10.69,2.02,1.37,2070.0,102564.0,0.1329,1.2432,2070.0,102564.0,0.1329,54005
E. 40-99,NONPAYER,Bomb,count,Team Race,15580,1327,8.52,1.72,1.52,1766.0,102564.0,0.1134,1.3308,1766.0,102564.0,0.1134,54005
E. 40-99,NONPAYER,Bomb,count,Kite Festival,15580,330,2.12,0.34,0.25,348.0,102564.0,0.0223,1.0545,348.0,102564.0,0.0223,54005
E. 40-99,NONPAYER,Bomb,count,Jigsaw,15580,331,2.12,0.33,0.12,337.0,102564.0,0.0216,1.0181,337.0,102564.0,0.0216,54005
E. 40-99,NONPAYER,Bomb,count,Photoshoot,15580,180,1.16,0.18,0.08,183.0,102564.0,0.0117,1.0167,183.0,102564.0,0.0117,54005
E. 40-99,NONPAYER,Bomb,count,Bomb's Ballet,15580,112,0.72,0.11,0.04,116.0,102564.0,0.0074,1.0357,116.0,102564.0,0.0074,54005
E. 40-99,NONPAYER,Bomb,count,Ads,15580,26,0.17,0.03,0.03,26.0,102564.0,0.0017,1.0,26.0,102564.0,0.0017,54005
E. 40-99,NONPAYER,Bomb,count,River Rush,15580,1,0.01,0.0,0.01,1.0,102564.0,0.0001,1.0,1.0,102564.0,0.0001,54005
E. 40-99,NONPAYER,Bomb,count,Bomb Challenge,15580,1,0.01,0.0,0.0,2.0,102564.0,0.0001,2.0,2.0,102564.0,0.0001,54005
E. 40-99,NONPAYER,Chuck,count,Core,15888,12748,80.24,22.36,28.56,33996.0,152025.0,2.1397,2.6668,33996.0,152025.0,2.1397,54005
E. 40-99,NONPAYER,Chuck,count,Saga,15888,12202,76.8,18.64,16.18,28333.0,152025.0,1.7833,2.322,28333.0,152025.0,1.7833,54005
E. 40-99,NONPAYER,Chuck,count,Season Pass (Free),15888,8471,53.32,13.89,12.79,21118.0,152025.0,1.3292,2.493,21118.0,152025.0,1.3292,54005
E. 40-99,NONPAYER,Chuck,count,Rainbow Maker,15888,9604,60.45,11.78,11.06,17913.0,152025.0,1.1275,1.8652,17913.0,152025.0,1.1275,54005
E. 40-99,NONPAYER,Chuck,count,Other,15888,10709,67.4,9.71,10.36,14769.0,152025.0,0.9296,1.3791,14769.0,152025.0,0.9296,54005
E. 40-99,NONPAYER,Chuck,count,Hatchling Hideaway,15888,7743,48.73,6.61,6.07,10053.0,152025.0,0.6327,1.2983,10053.0,152025.0,0.6327,54005
E. 40-99,NONPAYER,Chuck,count,Daily Night Sky Prize,15888,5604,35.27,4.75,4.68,7227.0,152025.0,0.4549,1.2896,7227.0,152025.0,0.4549,54005
E. 40-99,NONPAYER,Chuck,count,Flock Flurry,15888,2678,16.86,3.09,2.11,4697.0,152025.0,0.2956,1.7539,4697.0,152025.0,0.2956,54005
E. 40-99,NONPAYER,Chuck,count,Jigsaw,15888,3596,22.63,2.5,2.37,3807.0,152025.0,0.2396,1.0587,3807.0,152025.0,0.2396,54005
E. 40-99,NONPAYER,Chuck,count,Bomb's Ballet,15888,3219,20.26,2.15,2.1,3265.0,152025.0,0.2055,1.0143,3265.0,152025.0,0.2055,54005
E. 40-99,NONPAYER,Chuck,count,Photoshoot,15888,2224,14.0,1.49,1.35,2260.0,152025.0,0.1422,1.0162,2260.0,152025.0,0.1422,54005
E. 40-99,NONPAYER,Chuck,count,Target Day,15888,1787,11.25,1.4,1.11,2135.0,152025.0,0.1344,1.1947,2135.0,152025.0,0.1344,54005
E. 40-99,NONPAYER,Chuck,count,Flash Race,15888,1221,7.69,0.92,0.69,1394.0,152025.0,0.0877,1.1417,1394.0,152025.0,0.0877,54005
E. 40-99,NONPAYER,Chuck,count,Team Race,15888,607,3.82,0.45,0.4,683.0,152025.0,0.043,1.1252,683.0,152025.0,0.043,54005
E. 40-99,NONPAYER,Chuck,count,Kite Festival,15888,313,1.97,0.22,0.15,331.0,152025.0,0.0208,1.0575,331.0,152025.0,0.0208,54005
E. 40-99,NONPAYER,Chuck,count,Ads,15888,40,0.25,0.03,0.03,41.0,152025.0,0.0026,1.025,41.0,152025.0,0.0026,54005
E. 40-99,NONPAYER,Chuck,count,IAPs,15888,1,0.01,0.0,0.0,2.0,152025.0,0.0001,2.0,2.0,152025.0,0.0001,54005
E. 40-99,NONPAYER,Chuck,count,River Rush,15888,1,0.01,0.0,0.0,1.0,152025.0,0.0001,1.0,1.0,152025.0,0.0001,54005
E. 40-99,NONPAYER,Comet,count,Core,11681,8774,75.11,24.2,33.05,13251.0,54756.0,1.1344,1.5103,13251.0,54756.0,1.1344,54005
E. 40-99,NONPAYER,Comet,count,Rainbow Maker,11681,6730,57.61,19.02,17.43,10415.0,54756.0,0.8916,1.5475,10415.0,54756.0,0.8916,54005
E. 40-99,NONPAYER,Comet,count,Hatchling Hideaway,11681,6323,54.13,15.22,14.69,8332.0,54756.0,0.7133,1.3177,8332.0,54756.0,0.7133,54005
E. 40-99,NONPAYER,Comet,count,Team Race,11681,2880,24.66,9.26,7.53,5069.0,54756.0,0.434,1.7601,5069.0,54756.0,0.434,54005
E. 40-99,NONPAYER,Comet,count,Flash Race,11681,3304,28.29,7.83,10.38,4285.0,54756.0,0.3668,1.2969,4285.0,54756.0,0.3668,54005
E. 40-99,NONPAYER,Comet,count,Target Day,11681,1974,16.9,4.97,3.66,2724.0,54756.0,0.2332,1.3799,2724.0,54756.0,0.2332,54005
E. 40-99,NONPAYER,Comet,count,Ads,11681,1024,8.77,3.16,2.03,1732.0,54756.0,0.1483,1.6914,1732.0,54756.0,0.1483,54005
E. 40-99,NONPAYER,Comet,count,Other,11681,1376,11.78,3.02,1.96,1656.0,54756.0,0.1418,1.2035,1656.0,54756.0,0.1418,54005
E. 40-99,NONPAYER,Comet,count,Team Event,11681,1228,10.51,3.02,2.48,1652.0,54756.0,0.1414,1.3453,1652.0,54756.0,0.1414,54005
E. 40-99,NONPAYER,Comet,count,Daily Night Sky Prize,11681,859,7.35,2.87,0.94,1572.0,54756.0,0.1346,1.83,1572.0,54756.0,0.1346,54005
E. 40-99,NONPAYER,Comet,count,Chuck Challenge,11681,913,7.82,1.86,1.48,1019.0,54756.0,0.0872,1.1161,1019.0,54756.0,0.0872,54005
E. 40-99,NONPAYER,Comet,count,Red Challenge,11681,837,7.17,1.72,1.57,941.0,54756.0,0.0806,1.1243,941.0,54756.0,0.0806,54005
E. 40-99,NONPAYER,Comet,count,Bomb Challenge,11681,764,6.54,1.57,1.49,860.0,54756.0,0.0736,1.1257,860.0,54756.0,0.0736,54005
E. 40-99,NONPAYER,Comet,count,Daily Gift,11681,477,4.08,0.9,0.49,494.0,54756.0,0.0423,1.0356,494.0,54756.0,0.0423,54005
E. 40-99,NONPAYER,Comet,count,Jigsaw,11681,331,2.83,0.62,0.23,337.0,54756.0,0.0289,1.0181,337.0,54756.0,0.0289,54005
E. 40-99,NONPAYER,Comet,count,Kite Festival,11681,215,1.84,0.44,0.24,241.0,54756.0,0.0206,1.1209,241.0,54756.0,0.0206,54005
E. 40-99,NONPAYER,Comet,count,Bomb's Ballet,11681,112,0.96,0.21,0.06,116.0,54756.0,0.0099,1.0357,116.0,54756.0,0.0099,54005
E. 40-99,NONPAYER,Comet,count,Saga,11681,52,0.45,0.1,0.27,55.0,54756.0,0.0047,1.0577,55.0,54756.0,0.0047,54005
E. 40-99,NONPAYER,Comet,count,River Rush,11681,4,0.03,0.01,0.01,4.0,54756.0,0.0003,1.0,4.0,54756.0,0.0003,54005
E. 40-99,NONPAYER,Comet,count,Season Pass (Free),11681,1,0.01,0.0,0.0,1.0,54756.0,0.0001,1.0,1.0,54756.0,0.0001,54005
E. 40-99,NONPAYER,HC,HC,Core,16208,15577,96.11,29.65,43.82,4043210.0,13637941.43,249.4577,259.5628,4043210.0,13798118.0,249.4577,54005
E. 40-99,NONPAYER,HC,HC,Daily Night Sky Prize,16208,8960,55.28,17.07,8.72,2328010.0,13637941.43,143.6334,259.8225,2328010.0,13798118.0,143.6334,54005
E. 40-99,NONPAYER,HC,HC,Saga,16208,15912,98.17,11.98,12.58,1634270.0,13637941.43,100.8311,102.7068,1634270.0,13798118.0,100.8311,54005
E. 40-99,NONPAYER,HC,HC,Daily Gift,16208,13881,85.64,4.9,4.86,668040.0,13637941.43,41.2167,48.1262,668040.0,13798118.0,41.2167,54005
E. 40-99,NONPAYER,HC,HC,Rainbow Maker,16208,11236,69.32,3.92,4.17,535243.43,13637941.43,33.0234,47.6365,695420.0,13798118.0,42.906,54005
E. 40-99,NONPAYER,HC,HC,Team Event,16208,2847,17.57,3.33,2.07,453500.0,13637941.43,27.98,159.2905,453500.0,13798118.0,27.98,54005
E. 40-99,NONPAYER,HC,HC,Target Day,16208,4055,25.02,3.26,2.11,444925.0,13637941.43,27.451,109.7226,444925.0,13798118.0,27.451,54005
E. 40-99,NONPAYER,HC,HC,Season Pass (Free),16208,9410,58.06,3.16,4.06,431110.0,13637941.43,26.5986,45.814,431110.0,13798118.0,26.5986,54005
E. 40-99,NONPAYER,HC,HC,Other,16208,5050,31.16,2.99,2.58,408398.0,13637941.43,25.1973,80.8709,408398.0,13798118.0,25.1973,54005
E. 40-99,NONPAYER,HC,HC,Team Race,16208,2875,17.74,2.89,2.4,394775.0,13637941.43,24.3568,137.313,394775.0,13798118.0,24.3568,54005
E. 40-99,NONPAYER,HC,HC,Hatchling Hideaway,16208,8383,51.72,2.8,2.34,381355.0,13637941.43,23.5288,45.4915,381355.0,13798118.0,23.5288,54005
E. 40-99,NONPAYER,HC,HC,Flash Race,16208,6150,37.94,2.46,2.5,336010.0,13637941.43,20.7311,54.6358,336010.0,13798118.0,20.7311,54005
E. 40-99,NONPAYER,HC,HC,Chuck Challenge,16208,2068,12.76,2.41,1.51,328550.0,13637941.43,20.2709,158.8733,328550.0,13798118.0,20.2709,54005
E. 40-99,NONPAYER,HC,HC,Red Challenge,16208,2059,12.7,2.3,1.61,313900.0,13637941.43,19.367,152.4526,313900.0,13798118.0,19.367,54005
E. 40-99,NONPAYER,HC,HC,Bomb Challenge,16208,1939,11.96,2.14,1.57,291200.0,13637941.43,17.9664,150.1805,291200.0,13798118.0,17.9664,54005
E. 40-99,NONPAYER,HC,HC,Kite Festival,16208,1055,6.51,1.44,0.69,195925.0,13637941.43,12.0882,185.7109,195925.0,13798118.0,12.0882,54005
E. 40-99,NONPAYER,HC,HC,Ads,16208,3572,22.04,1.3,1.0,177010.0,13637941.43,10.9212,49.5549,177010.0,13798118.0,10.9212,54005
E. 40-99,NONPAYER,HC,HC,Jigsaw,16208,2743,16.92,0.88,0.62,119700.0,13637941.43,7.3852,43.6384,119700.0,13798118.0,7.3852,54005
E. 40-99,NONPAYER,HC,HC,Bomb's Ballet,16208,2408,14.86,0.64,0.45,87325.0,13637941.43,5.3878,36.2645,87325.0,13798118.0,5.3878,54005
E. 40-99,NONPAYER,HC,HC,Photoshoot,16208,1680,10.37,0.48,0.34,65300.0,13637941.43,4.0289,38.869,65300.0,13798118.0,4.0289,54005
E. 40-99,NONPAYER,HC,HC,River Rush,16208,3,0.02,0.0,0.0,115.0,13637941.43,0.0071,38.3333,115.0,13798118.0,0.0071,54005
E. 40-99,NONPAYER,HC,HC,IAPs,16208,1,0.01,0.0,0.0,70.0,13637941.43,0.0043,70.0,70.0,13798118.0,0.0043,54005
E. 40-99,NONPAYER,Red,count,Saga,15929,13957,87.62,22.22,22.66,30993.0,139508.0,1.9457,2.2206,30993.0,139508.0,1.9457,54005
E. 40-99,NONPAYER,Red,count,Rainbow Maker,15929,11059,69.43,15.14,14.78,21120.0,139508.0,1.3259,1.9098,21120.0,139508.0,1.3259,54005
E. 40-99,NONPAYER,Red,count,Season Pass (Free),15929,6977,43.8,12.58,11.71,17546.0,139508.0,1.1015,2.5148,17546.0,139508.0,1.1015,54005
E. 40-99,NONPAYER,Red,count,Core,15929,11665,73.23,11.14,14.57,15541.0,139508.0,0.9756,1.3323,15541.0,139508.0,0.9756,54005
E. 40-99,NONPAYER,Red,count,Other,15929,11161,70.07,11.09,12.99,15471.0,139508.0,0.9712,1.3862,15471.0,139508.0,0.9712,54005
E. 40-99,NONPAYER,Red,count,Daily Night Sky Prize,15929,7715,48.43,10.01,8.44,13965.0,139508.0,0.8767,1.8101,13965.0,139508.0,0.8767,54005
E. 40-99,NONPAYER,Red,count,Hatchling Hideaway,15929,8840,55.5,8.18,8.18,11416.0,139508.0,0.7167,1.2914,11416.0,139508.0,0.7167,54005
E. 40-99,NONPAYER,Red,count,Flock Flurry,15929,2678,16.81,3.37,2.04,4697.0,139508.0,0.2949,1.7539,4697.0,139508.0,0.2949,54005
E. 40-99,NONPAYER,Red,count,Jigsaw,15929,2227,13.98,1.75,1.2,2437.0,139508.0,0.153,1.0943,2437.0,139508.0,0.153,54005
E. 40-99,NONPAYER,Red,count,Target Day,15929,1788,11.22,1.5,1.29,2098.0,139508.0,0.1317,1.1734,2098.0,139508.0,0.1317,54005
E. 40-99,NONPAYER,Red,count,Bomb's Ballet,15929,1721,10.8,1.25,0.82,1745.0,139508.0,0.1095,1.0139,1745.0,139508.0,0.1095,54005
E. 40-99,NONPAYER,Red,count,Photoshoot,15929,991,6.22,0.74,0.53,1030.0,139508.0,0.0647,1.0394,1030.0,139508.0,0.0647,54005
E. 40-99,NONPAYER,Red,count,Flash Race,15929,650,4.08,0.52,0.36,722.0,139508.0,0.0453,1.1108,722.0,139508.0,0.0453,54005
E. 40-99,NONPAYER,Red,count,Team Race,15929,346,2.17,0.27,0.19,370.0,139508.0,0.0232,1.0694,370.0,139508.0,0.0232,54005
E. 40-99,NONPAYER,Red,count,Kite Festival,15929,267,1.68,0.2,0.16,274.0,139508.0,0.0172,1.0262,274.0,139508.0,0.0172,54005
E. 40-99,NONPAYER,Red,count,Ads,15929,78,0.49,0.06,0.07,81.0,139508.0,0.0051,1.0385,81.0,139508.0,0.0051,54005
E. 40-99,NONPAYER,Red,count,River Rush,15929,2,0.01,0.0,0.0,2.0,139508.0,0.0001,1.0,2.0,139508.0,0.0001,54005
E. 40-99,NONPAYER,SPT,count,Core,15818,15404,97.38,80.36,78.62,19861398.0,24714905.36,1255.6201,1289.3663,19861398.0,25076039.0,1255.6201,54005
E. 40-99,NONPAYER,SPT,count,Rainbow Maker,15818,10595,66.98,12.62,11.56,3118151.36,24714905.36,197.1268,294.304,3479285.0,25076039.0,219.9573,54005
E. 40-99,NONPAYER,SPT,count,Flash Race,15818,7131,45.08,3.0,3.39,742315.0,24714905.36,46.9285,104.0969,742315.0,25076039.0,46.9285,54005
E. 40-99,NONPAYER,SPT,count,Other,15818,10000,63.22,2.08,4.78,512952.0,24714905.36,32.4284,51.2952,512952.0,25076039.0,32.4284,54005
E. 40-99,NONPAYER,SPT,count,Kite Festival,15818,2493,15.76,1.58,1.3,389400.0,24714905.36,24.6175,156.1974,389400.0,25076039.0,24.6175,54005
E. 40-99,NONPAYER,SPT,count,Flock Flurry,15818,2537,16.04,0.35,0.31,86680.0,24714905.36,5.4798,34.1663,86680.0,25076039.0,5.4798,54005
E. 40-99,NONPAYER,SPT,count,Season Pass (Free),15818,63,0.4,0.02,0.04,3939.0,24714905.36,0.249,62.5238,3939.0,25076039.0,0.249,54005
E. 40-99,NONPAYER,SPT,count,River Rush,15818,2,0.01,0.0,0.0,50.0,24714905.36,0.0032,25.0,50.0,25076039.0,0.0032,54005
E. 40-99,NONPAYER,SPT,count,Target Day,15818,1,0.01,0.0,0.0,20.0,24714905.36,0.0013,20.0,20.0,25076039.0,0.0013,54005
E. 40-99,NONPAYER,SPTx2,minutes,Rainbow Maker,6847,6837,99.85,99.85,99.82,152670.0,152905.0,22.2974,22.33,152670.0,152905.0,22.2974,54005
E. 40-99,NONPAYER,SPTx2,minutes,Daily Gift,6847,13,0.19,0.15,0.17,225.0,152905.0,0.0329,17.3077,225.0,152905.0,0.0329,54005
E. 40-99,NONPAYER,SPTx2,minutes,River Rush,6847,1,0.01,0.01,0.0,10.0,152905.0,0.0015,10.0,10.0,152905.0,0.0015,54005
E. 40-99,NONPAYER,Shuffle,count,Core,14967,13478,90.05,29.79,43.31,38512.0,129277.0,2.5731,2.8574,38512.0,129277.0,2.5731,54005
E. 40-99,NONPAYER,Shuffle,count,Saga,14967,11154,74.52,20.78,18.45,26861.0,129277.0,1.7947,2.4082,26861.0,129277.0,1.7947,54005
E. 40-99,NONPAYER,Shuffle,count,Rainbow Maker,14967,7989,53.38,12.91,10.14,16688.0,129277.0,1.115,2.0889,16688.0,129277.0,1.115,54005
E. 40-99,NONPAYER,Shuffle,count,Hatchling Hideaway,14967,5261,35.15,5.49,3.9,7097.0,129277.0,0.4742,1.349,7097.0,129277.0,0.4742,54005
E. 40-99,NONPAYER,Shuffle,count,Season Pass (Free),14967,4724,31.56,4.59,4.1,5940.0,129277.0,0.3969,1.2574,5940.0,129277.0,0.3969,54005
E. 40-99,NONPAYER,Shuffle,count,Daily Gift,14967,4397,29.38,4.49,2.99,5811.0,129277.0,0.3883,1.3216,5811.0,129277.0,0.3883,54005
E. 40-99,NONPAYER,Shuffle,count,Other,14967,2781,18.58,3.33,3.41,4303.0,129277.0,0.2875,1.5473,4303.0,129277.0,0.2875,54005
E. 40-99,NONPAYER,Shuffle,count,Ads,14967,1674,11.18,2.94,1.59,3795.0,129277.0,0.2536,2.267,3795.0,129277.0,0.2536,54005
E. 40-99,NONPAYER,Shuffle,count,Team Race,14967,2445,16.34,2.73,2.34,3529.0,129277.0,0.2358,1.4434,3529.0,129277.0,0.2358,54005
E. 40-99,NONPAYER,Shuffle,count,Flash Race,14967,2697,18.02,2.73,2.49,3527.0,129277.0,0.2357,1.3077,3527.0,129277.0,0.2357,54005
E. 40-99,NONPAYER,Shuffle,count,Bomb Challenge,14967,2146,14.34,2.0,1.67,2587.0,129277.0,0.1728,1.2055,2587.0,129277.0,0.1728,54005
E. 40-99,NONPAYER,Shuffle,count,Red Challenge,14967,2026,13.54,1.97,1.54,2546.0,129277.0,0.1701,1.2567,2546.0,129277.0,0.1701,54005
E. 40-99,NONPAYER,Shuffle,count,Chuck Challenge,14967,1983,13.25,1.91,1.36,2463.0,129277.0,0.1646,1.2421,2463.0,129277.0,0.1646,54005
E. 40-99,NONPAYER,Shuffle,count,Target Day,14967,1863,12.45,1.85,1.32,2387.0,129277.0,0.1595,1.2813,2387.0,129277.0,0.1595,54005
E. 40-99,NONPAYER,Shuffle,count,Team Event,14967,833,5.57,1.6,0.89,2074.0,129277.0,0.1386,2.4898,2074.0,129277.0,0.1386,54005
E. 40-99,NONPAYER,Shuffle,count,Kite Festival,14967,672,4.49,0.58,0.36,746.0,129277.0,0.0498,1.1101,746.0,129277.0,0.0498,54005
E. 40-99,NONPAYER,Shuffle,count,Photoshoot,14967,286,1.91,0.23,0.11,292.0,129277.0,0.0195,1.021,292.0,129277.0,0.0195,54005
E. 40-99,NONPAYER,Shuffle,count,Bomb's Ballet,14967,112,0.75,0.09,0.03,115.0,129277.0,0.0077,1.0268,115.0,129277.0,0.0077,54005
E. 40-99,NONPAYER,Shuffle,count,River Rush,14967,2,0.01,0.0,0.0,2.0,129277.0,0.0001,1.0,2.0,129277.0,0.0001,54005
E. 40-99,NONPAYER,Shuffle,count,Daily Night Sky Prize,14967,1,0.01,0.0,0.01,2.0,129277.0,0.0001,2.0,2.0,129277.0,0.0001,54005
E. 40-99,NONPAYER,Slingshot,count,Core,15900,13376,84.13,23.02,30.45,34792.0,151157.0,2.1882,2.6011,34792.0,151157.0,2.1882,54005
E. 40-99,NONPAYER,Slingshot,count,Rainbow Maker,15900,9648,60.68,21.57,18.55,32598.0,151157.0,2.0502,3.3787,32598.0,151157.0,2.0502,54005
E. 40-99,NONPAYER,Slingshot,count,Saga,15900,14188,89.23,20.25,25.03,30602.0,151157.0,1.9247,2.1569,30602.0,151157.0,1.9247,54005
E. 40-99,NONPAYER,Slingshot,count,Daily Gift,15900,6476,40.73,6.0,4.84,9070.0,151157.0,0.5704,1.4006,9070.0,151157.0,0.5704,54005
E. 40-99,NONPAYER,Slingshot,count,Daily Night Sky Prize,15900,6090,38.3,5.82,5.51,8799.0,151157.0,0.5534,1.4448,8799.0,151157.0,0.5534,54005
E. 40-99,NONPAYER,Slingshot,count,Hatchling Hideaway,15900,4254,26.75,3.86,2.39,5832.0,151157.0,0.3668,1.3709,5832.0,151157.0,0.3668,54005
E. 40-99,NONPAYER,Slingshot,count,Flock Flurry,15900,2678,16.84,3.11,1.83,4697.0,151157.0,0.2954,1.7539,4697.0,151157.0,0.2954,54005
E. 40-99,NONPAYER,Slingshot,count,Team Event,15900,2233,14.04,3.07,2.05,4642.0,151157.0,0.2919,2.0788,4642.0,151157.0,0.2919,54005
E. 40-99,NONPAYER,Slingshot,count,Ads,15900,1694,10.65,2.49,1.4,3757.0,151157.0,0.2363,2.2178,3757.0,151157.0,0.2363,54005
E. 40-99,NONPAYER,Slingshot,count,Target Day,15900,2435,15.31,2.09,1.53,3155.0,151157.0,0.1984,1.2957,3155.0,151157.0,0.1984,54005
E. 40-99,NONPAYER,Slingshot,count,Flash Race,15900,1908,12.0,1.58,1.2,2385.0,151157.0,0.15,1.25,2385.0,151157.0,0.15,54005
E. 40-99,NONPAYER,Slingshot,count,Season Pass (Free),15900,2093,13.16,1.51,1.04,2287.0,151157.0,0.1438,1.0927,2287.0,151157.0,0.1438,54005
E. 40-99,NONPAYER,Slingshot,count,Other,15900,1527,9.6,1.2,0.89,1814.0,151157.0,0.1141,1.188,1814.0,151157.0,0.1141,54005
E. 40-99,NONPAYER,Slingshot,count,Team Race,15900,1263,7.94,1.05,0.81,1581.0,151157.0,0.0994,1.2518,1581.0,151157.0,0.0994,54005
E. 40-99,NONPAYER,Slingshot,count,Bomb Challenge,15900,1143,7.19,0.87,0.72,1321.0,151157.0,0.0831,1.1557,1321.0,151157.0,0.0831,54005
E. 40-99,NONPAYER,Slingshot,count,Kite Festival,15900,883,5.55,0.65,0.43,979.0,151157.0,0.0616,1.1087,979.0,151157.0,0.0616,54005
E. 40-99,NONPAYER,Slingshot,count,Red Challenge,15900,898,5.65,0.65,0.63,989.0,151157.0,0.0622,1.1013,989.0,151157.0,0.0622,54005
E. 40-99,NONPAYER,Slingshot,count,Chuck Challenge,15900,838,5.27,0.6,0.46,914.0,151157.0,0.0575,1.0907,914.0,151157.0,0.0575,54005
E. 40-99,NONPAYER,Slingshot,count,Jigsaw,15900,555,3.49,0.4,0.16,601.0,151157.0,0.0378,1.0829,601.0,151157.0,0.0378,54005
E. 40-99,NONPAYER,Slingshot,count,Bomb's Ballet,15900,330,2.08,0.23,0.09,341.0,151157.0,0.0214,1.0333,341.0,151157.0,0.0214,54005
E. 40-99,NONPAYER,Slingshot,count,River Rush,15900,1,0.01,0.0,0.0,1.0,151157.0,0.0001,1.0,1.0,151157.0,0.0001,54005
E. 40-99,NONPAYER,UL Bomb,minutes,Jigsaw,4030,2269,56.3,35.97,43.95,29135.0,80990.0,7.2295,12.8405,29135.0,80990.0,7.2295,54005
E. 40-99,NONPAYER,UL Bomb,minutes,Bomb's Ballet,4030,2053,50.94,33.7,39.61,27290.0,80990.0,6.7717,13.2927,27290.0,80990.0,6.7717,54005
E. 40-99,NONPAYER,UL Bomb,minutes,Daily Gift,4030,569,14.12,21.19,9.14,17160.0,80990.0,4.2581,30.1582,17160.0,80990.0,4.2581,54005
E. 40-99,NONPAYER,UL Bomb,minutes,Photoshoot,4030,411,10.2,7.72,6.41,6255.0,80990.0,1.5521,15.219,6255.0,80990.0,1.5521,54005
E. 40-99,NONPAYER,UL Bomb,minutes,Other,4030,25,0.62,1.13,0.61,915.0,80990.0,0.227,36.6,915.0,80990.0,0.227,54005
E. 40-99,NONPAYER,UL Bomb,minutes,Season Pass (Free),4030,14,0.35,0.27,0.27,220.0,80990.0,0.0546,15.7143,220.0,80990.0,0.0546,54005
E. 40-99,NONPAYER,UL Bomb,minutes,River Rush,4030,1,0.02,0.02,0.02,15.0,80990.0,0.0037,15.0,15.0,80990.0,0.0037,54005
E. 40-99,NONPAYER,UL Chuck,minutes,Season Pass (Free),10644,6109,57.39,29.21,43.11,94725.0,324315.0,8.8994,15.5058,94725.0,324315.0,8.8994,54005
E. 40-99,NONPAYER,UL Chuck,minutes,Hatchling Hideaway,10644,4201,39.47,17.5,18.16,56740.0,324315.0,5.3307,13.5063,56740.0,324315.0,5.3307,54005
E. 40-99,NONPAYER,UL Chuck,minutes,Daily Gift,10644,791,7.43,14.82,4.23,48060.0,324315.0,4.5152,60.7585,48060.0,324315.0,4.5152,54005
E. 40-99,NONPAYER,UL Chuck,minutes,Jigsaw,10644,3373,31.69,14.8,14.63,47985.0,324315.0,4.5082,14.2262,47985.0,324315.0,4.5082,54005
E. 40-99,NONPAYER,UL Chuck,minutes,Bomb's Ballet,10644,2971,27.91,12.03,12.63,39020.0,324315.0,3.6659,13.1336,39020.0,324315.0,3.6659,54005
E. 40-99,NONPAYER,UL Chuck,minutes,Rainbow Maker,10644,1501,14.1,7.73,4.08,25070.0,324315.0,2.3553,16.7022,25070.0,324315.0,2.3553,54005
E. 40-99,NONPAYER,UL Chuck,minutes,Photoshoot,10644,762,7.16,3.62,2.98,11730.0,324315.0,1.102,15.3937,11730.0,324315.0,1.102,54005
E. 40-99,NONPAYER,UL Chuck,minutes,Other,10644,27,0.25,0.29,0.17,935.0,324315.0,0.0878,34.6296,935.0,324315.0,0.0878,54005
E. 40-99,NONPAYER,UL Chuck,minutes,River Rush,10644,3,0.03,0.01,0.01,35.0,324315.0,0.0033,11.6667,35.0,324315.0,0.0033,54005
E. 40-99,NONPAYER,UL Chuck,minutes,Level Race,10644,1,0.01,0.0,0.0,15.0,324315.0,0.0014,15.0,15.0,324315.0,0.0014,54005
E. 40-99,NONPAYER,UL Red,minutes,Season Pass (Free),12266,7861,64.09,25.84,37.99,141720.0,548440.0,11.5539,18.0282,141720.0,548440.0,11.5539,54005
E. 40-99,NONPAYER,UL Red,minutes,Rainbow Maker,12266,6350,51.77,19.14,18.88,104970.0,548440.0,8.5578,16.5307,104970.0,548440.0,8.5578,54005
E. 40-99,NONPAYER,UL Red,minutes,Daily Gift,12266,1700,13.86,18.81,7.54,103140.0,548440.0,8.4086,60.6706,103140.0,548440.0,8.4086,54005
E. 40-99,NONPAYER,UL Red,minutes,Hatchling Hideaway,12266,5188,42.3,12.6,11.51,69110.0,548440.0,5.6343,13.3211,69110.0,548440.0,5.6343,54005
E. 40-99,NONPAYER,UL Red,minutes,Jigsaw,12266,3672,29.94,11.25,11.25,61700.0,548440.0,5.0302,16.8028,61700.0,548440.0,5.0302,54005
E. 40-99,NONPAYER,UL Red,minutes,Bomb's Ballet,12266,3185,25.97,8.69,9.44,47670.0,548440.0,3.8864,14.967,47670.0,548440.0,3.8864,54005
E. 40-99,NONPAYER,UL Red,minutes,Photoshoot,12266,1240,10.11,3.48,3.26,19110.0,548440.0,1.558,15.4113,19110.0,548440.0,1.558,54005
E. 40-99,NONPAYER,UL Red,minutes,Other,12266,27,0.22,0.18,0.13,1010.0,548440.0,0.0823,37.4074,1010.0,548440.0,0.0823,54005
E. 40-99,NONPAYER,UL Red,minutes,River Rush,12266,1,0.01,0.0,0.0,10.0,548440.0,0.0008,10.0,10.0,548440.0,0.0008,54005
E. 40-99,NONPAYER,Unlimited Lives,minutes,Saga,16184,16022,99.0,44.2,40.16,6883665.0,15572314.0,425.3377,429.6383,6883665.0,15572314.0,425.3377,54005
E. 40-99,NONPAYER,Unlimited Lives,minutes,Core,16184,14505,89.63,14.67,19.46,2285010.0,15572314.0,141.1894,157.5326,2285010.0,15572314.0,141.1894,54005
E. 40-99,NONPAYER,Unlimited Lives,minutes,Flock Flurry,16184,9303,57.48,8.45,8.43,1316100.0,15572314.0,81.3211,141.4705,1316100.0,15572314.0,81.3211,54005
E. 40-99,NONPAYER,Unlimited Lives,minutes,Hatchling Hideaway,16184,9233,57.05,6.04,6.62,939840.0,15572314.0,58.0722,101.7914,939840.0,15572314.0,58.0722,54005
E. 40-99,NONPAYER,Unlimited Lives,minutes,Rainbow Maker,16184,10715,66.21,5.26,4.82,819590.0,15572314.0,50.642,76.49,819590.0,15572314.0,50.642,54005
E. 40-99,NONPAYER,Unlimited Lives,minutes,Daily Gift,16184,10499,64.87,4.81,3.95,748915.0,15572314.0,46.275,71.332,748915.0,15572314.0,46.275,54005
E. 40-99,NONPAYER,Unlimited Lives,minutes,Season Pass (Free),16184,8127,50.22,4.22,6.09,657145.0,15572314.0,40.6046,80.8595,657145.0,15572314.0,40.6046,54005
E. 40-99,NONPAYER,Unlimited Lives,minutes,Daily Night Sky Prize,16184,9291,57.41,3.95,2.97,615410.0,15572314.0,38.0258,66.2372,615410.0,15572314.0,38.0258,54005
E. 40-99,NONPAYER,Unlimited Lives,minutes,Target Day,16184,6116,37.79,2.12,2.27,330210.0,15572314.0,20.4035,53.9912,330210.0,15572314.0,20.4035,54005
E. 40-99,NONPAYER,Unlimited Lives,minutes,Kite Festival,16184,5619,34.72,1.64,1.63,255235.0,15572314.0,15.7708,45.4236,255235.0,15572314.0,15.7708,54005
E. 40-99,NONPAYER,Unlimited Lives,minutes,Jigsaw,16184,3099,19.15,1.54,1.12,239400.0,15572314.0,14.7924,77.2507,239400.0,15572314.0,14.7924,54005
E. 40-99,NONPAYER,Unlimited Lives,minutes,Bomb's Ballet,16184,2768,17.1,1.14,0.83,177330.0,15572314.0,10.9571,64.0643,177330.0,15572314.0,10.9571,54005
E. 40-99,NONPAYER,Unlimited Lives,minutes,Photoshoot,16184,2113,13.06,1.09,0.82,169020.0,15572314.0,10.4436,79.9905,169020.0,15572314.0,10.4436,54005
E. 40-99,NONPAYER,Unlimited Lives,minutes,Other,16184,1748,10.8,0.42,0.43,64724.0,15572314.0,3.9993,37.0275,64724.0,15572314.0,3.9993,54005
E. 40-99,NONPAYER,Unlimited Lives,minutes,Ads,16184,2206,13.63,0.37,0.28,58305.0,15572314.0,3.6026,26.4302,58305.0,15572314.0,3.6026,54005
E. 40-99,NONPAYER,Unlimited Lives,minutes,Flash Race,16184,236,1.46,0.08,0.11,12395.0,15572314.0,0.7659,52.5212,12395.0,15572314.0,0.7659,54005
E. 40-99,NONPAYER,Unlimited Lives,minutes,River Rush,16184,1,0.01,0.0,0.0,20.0,15572314.0,0.0012,20.0,20.0,15572314.0,0.0012,54005
E. 40-99,PAYER,Bomb,count,Saga,1815,1564,86.17,27.2,26.9,4735.0,17410.0,2.6088,3.0275,4735.0,17410.0,2.6088,8767
E. 40-99,PAYER,Bomb,count,Other,1815,1363,75.1,14.34,17.6,2497.0,17410.0,1.3758,1.832,2497.0,17410.0,1.3758,8767
E. 40-99,PAYER,Bomb,count,Season Pass (Free),1815,872,48.04,11.49,10.17,2000.0,17410.0,1.1019,2.2936,2000.0,17410.0,1.1019,8767
E. 40-99,PAYER,Bomb,count,Rainbow Maker,1815,976,53.77,10.58,8.85,1842.0,17410.0,1.0149,1.8873,1842.0,17410.0,1.0149,8767
E. 40-99,PAYER,Bomb,count,Core,1815,909,50.08,10.18,10.41,1773.0,17410.0,0.9769,1.9505,1773.0,17410.0,0.9769,8767
E. 40-99,PAYER,Bomb,count,Hatchling Hideaway,1815,1093,60.22,8.76,8.75,1525.0,17410.0,0.8402,1.3952,1525.0,17410.0,0.8402,8767
E. 40-99,PAYER,Bomb,count,Flock Flurry,1815,726,40.0,7.13,6.75,1241.0,17410.0,0.6837,1.7094,1241.0,17410.0,0.6837,8767
E. 40-99,PAYER,Bomb,count,Team Race,1815,448,24.68,3.43,3.93,597.0,17410.0,0.3289,1.3326,597.0,17410.0,0.3289,8767
E. 40-99,PAYER,Bomb,count,Flash Race,1815,450,24.79,3.38,3.49,589.0,17410.0,0.3245,1.3089,589.0,17410.0,0.3245,8767
E. 40-99,PAYER,Bomb,count,Target Day,1815,292,16.09,2.01,1.98,350.0,17410.0,0.1928,1.1986,350.0,17410.0,0.1928,8767
E. 40-99,PAYER,Bomb,count,Kite Festival,1815,96,5.29,0.57,0.58,99.0,17410.0,0.0545,1.0313,99.0,17410.0,0.0545,8767
E. 40-99,PAYER,Bomb,count,Jigsaw,1815,75,4.13,0.44,0.22,76.0,17410.0,0.0419,1.0133,76.0,17410.0,0.0419,8767
E. 40-99,PAYER,Bomb,count,Photoshoot,1815,45,2.48,0.28,0.25,49.0,17410.0,0.027,1.0889,49.0,17410.0,0.027,8767
E. 40-99,PAYER,Bomb,count,Bomb's Ballet,1815,37,2.04,0.21,0.13,37.0,17410.0,0.0204,1.0,37.0,17410.0,0.0204,8767
E. 40-99,PAYER,Chuck,count,Saga,1859,1592,85.64,20.55,19.09,4816.0,23437.0,2.5906,3.0251,4816.0,23437.0,2.5906,8767
E. 40-99,PAYER,Chuck,count,Season Pass (Free),1859,1115,59.98,15.73,15.57,3687.0,23437.0,1.9833,3.3067,3687.0,23437.0,1.9833,8767
E. 40-99,PAYER,Chuck,count,Rainbow Maker,1859,1358,73.05,13.31,14.19,3119.0,23437.0,1.6778,2.2968,3119.0,23437.0,1.6778,8767
E. 40-99,PAYER,Chuck,count,Other,1859,1366,73.48,10.71,10.73,2509.0,23437.0,1.3497,1.8367,2509.0,23437.0,1.3497,8767
E. 40-99,PAYER,Chuck,count,Core,1859,977,52.56,10.57,9.56,2477.0,23437.0,1.3324,2.5353,2477.0,23437.0,1.3324,8767
E. 40-99,PAYER,Chuck,count,Hatchling Hideaway,1859,1204,64.77,7.25,7.5,1699.0,23437.0,0.9139,1.4111,1699.0,23437.0,0.9139,8767
E. 40-99,PAYER,Chuck,count,Daily Night Sky Prize,1859,1010,54.33,6.02,7.53,1411.0,23437.0,0.759,1.397,1411.0,23437.0,0.759,8767
E. 40-99,PAYER,Chuck,count,Flock Flurry,1859,726,39.05,5.3,4.89,1241.0,23437.0,0.6676,1.7094,1241.0,23437.0,0.6676,8767
E. 40-99,PAYER,Chuck,count,Jigsaw,1859,553,29.75,2.5,2.58,587.0,23437.0,0.3158,1.0615,587.0,23437.0,0.3158,8767
E. 40-99,PAYER,Chuck,count,Bomb's Ballet,1859,547,29.42,2.4,2.74,562.0,23437.0,0.3023,1.0274,562.0,23437.0,0.3023,8767
E. 40-99,PAYER,Chuck,count,Photoshoot,1859,421,22.65,1.86,2.08,436.0,23437.0,0.2345,1.0356,436.0,23437.0,0.2345,8767
E. 40-99,PAYER,Chuck,count,Target Day,1859,283,15.22,1.49,1.42,349.0,23437.0,0.1877,1.2332,349.0,23437.0,0.1877,8767
E. 40-99,PAYER,Chuck,count,Flash Race,1859,235,12.64,1.11,0.97,261.0,23437.0,0.1404,1.1106,261.0,23437.0,0.1404,8767
E. 40-99,PAYER,Chuck,count,Team Race,1859,177,9.52,0.82,0.81,192.0,23437.0,0.1033,1.0847,192.0,23437.0,0.1033,8767
E. 40-99,PAYER,Chuck,count,Kite Festival,1859,85,4.57,0.38,0.32,88.0,23437.0,0.0473,1.0353,88.0,23437.0,0.0473,8767
E. 40-99,PAYER,Chuck,count,Chuck Challenge,1859,1,0.05,0.01,0.01,2.0,23437.0,0.0011,2.0,2.0,23437.0,0.0011,8767
E. 40-99,PAYER,Chuck,count,Ads,1859,1,0.05,0.0,0.0,1.0,23437.0,0.0005,1.0,1.0,23437.0,0.0005,8767
E. 40-99,PAYER,Comet,count,Rainbow Maker,1707,1220,71.47,18.32,19.53,2107.0,11503.0,1.2343,1.727,2107.0,11503.0,1.2343,8767
E. 40-99,PAYER,Comet,count,Core,1707,1037,60.75,15.07,18.35,1734.0,11503.0,1.0158,1.6721,1734.0,11503.0,1.0158,8767
E. 40-99,PAYER,Comet,count,Team Race,1707,815,47.74,13.3,13.47,1530.0,11503.0,0.8963,1.8773,1530.0,11503.0,0.8963,8767
E. 40-99,PAYER,Comet,count,Hatchling Hideaway,1707,1087,63.68,13.14,13.45,1511.0,11503.0,0.8852,1.3901,1511.0,11503.0,0.8852,8767
E. 40-99,PAYER,Comet,count,Flash Race,1707,567,33.22,6.73,8.09,774.0,11503.0,0.4534,1.3651,774.0,11503.0,0.4534,8767
E. 40-99,PAYER,Comet,count,Season Pass (Free),1707,236,13.83,5.48,4.26,630.0,11503.0,0.3691,2.6695,630.0,11503.0,0.3691,8767
E. 40-99,PAYER,Comet,count,Target Day,1707,457,26.77,5.31,4.61,611.0,11503.0,0.3579,1.337,611.0,11503.0,0.3579,8767
E. 40-99,PAYER,Comet,count,Other,1707,429,25.13,5.22,4.0,600.0,11503.0,0.3515,1.3986,600.0,11503.0,0.3515,8767
E. 40-99,PAYER,Comet,count,Ads,1707,254,14.88,3.5,2.81,403.0,11503.0,0.2361,1.5866,403.0,11503.0,0.2361,8767
E. 40-99,PAYER,Comet,count,Team Event,1707,288,16.87,3.29,3.25,379.0,11503.0,0.222,1.316,379.0,11503.0,0.222,8767
E. 40-99,PAYER,Comet,count,Daily Night Sky Prize,1707,204,11.95,3.08,1.41,354.0,11503.0,0.2074,1.7353,354.0,11503.0,0.2074,8767
E. 40-99,PAYER,Comet,count,Chuck Challenge,1707,179,10.49,1.71,1.67,197.0,11503.0,0.1154,1.1006,197.0,11503.0,0.1154,8767
E. 40-99,PAYER,Comet,count,Red Challenge,1707,169,9.9,1.68,1.73,193.0,11503.0,0.1131,1.142,193.0,11503.0,0.1131,8767
E. 40-99,PAYER,Comet,count,Bomb Challenge,1707,167,9.78,1.64,1.81,189.0,11503.0,0.1107,1.1317,189.0,11503.0,0.1107,8767
E. 40-99,PAYER,Comet,count,Daily Gift,1707,109,6.39,0.96,0.6,110.0,11503.0,0.0644,1.0092,110.0,11503.0,0.0644,8767
E. 40-99,PAYER,Comet,count,Jigsaw,1707,75,4.39,0.66,0.31,76.0,11503.0,0.0445,1.0133,76.0,11503.0,0.0445,8767
E. 40-99,PAYER,Comet,count,Kite Festival,1707,55,3.22,0.53,0.34,61.0,11503.0,0.0357,1.1091,61.0,11503.0,0.0357,8767
E. 40-99,PAYER,Comet,count,Bomb's Ballet,1707,37,2.17,0.32,0.18,37.0,11503.0,0.0217,1.0,37.0,11503.0,0.0217,8767
E. 40-99,PAYER,Comet,count,Saga,1707,6,0.35,0.05,0.13,6.0,11503.0,0.0035,1.0,6.0,11503.0,0.0035,8767
E. 40-99,PAYER,Comet,count,River Rush,1707,1,0.06,0.01,0.01,1.0,11503.0,0.0006,1.0,1.0,11503.0,0.0006,8767
E. 40-99,PAYER,HC,HC,Daily Night Sky Prize,1882,1534,81.51,20.72,16.57,516150.0,2490756.59,274.2561,336.4733,516150.0,2525047.0,274.2561,8767
E. 40-99,PAYER,HC,HC,Core,1882,1673,88.89,16.93,18.96,421640.0,2490756.59,224.0383,252.0263,421640.0,2525047.0,224.0383,8767
E. 40-99,PAYER,HC,HC,Saga,1882,1852,98.41,11.43,11.99,284750.0,2490756.59,151.3018,153.7527,284750.0,2525047.0,151.3018,8767
E. 40-99,PAYER,HC,HC,Daily Gift,1882,1630,86.61,5.22,5.61,130095.0,2490756.59,69.1259,79.8129,130095.0,2525047.0,69.1259,8767
E. 40-99,PAYER,HC,HC,Season Pass (Free),1882,1334,70.88,5.07,6.6,126210.0,2490756.59,67.0616,94.6102,126210.0,2525047.0,67.0616,8767
E. 40-99,PAYER,HC,HC,Other,1882,1027,54.57,4.71,4.37,117277.0,2490756.59,62.3151,114.1938,117277.0,2525047.0,62.3151,8767
E. 40-99,PAYER,HC,HC,Team Race,1882,818,43.46,4.69,5.46,116930.0,2490756.59,62.1307,142.9462,116930.0,2525047.0,62.1307,8767
E. 40-99,PAYER,HC,HC,Team Event,1882,791,42.03,4.45,4.15,110810.0,2490756.59,58.8789,140.0885,110810.0,2525047.0,58.8789,8767
E. 40-99,PAYER,HC,HC,Rainbow Maker,1882,1476,78.43,4.13,4.88,102989.59,2490756.59,54.7235,69.7761,137280.0,2525047.0,72.9437,8767
E. 40-99,PAYER,HC,HC,Target Day,1882,849,45.11,3.87,3.43,96500.0,2490756.59,51.2752,113.6631,96500.0,2525047.0,51.2752,8767
E. 40-99,PAYER,HC,HC,Hatchling Hideaway,1882,1316,69.93,2.86,2.94,71310.0,2490756.59,37.8905,54.1869,71310.0,2525047.0,37.8905,8767
E. 40-99,PAYER,HC,HC,Flash Race,1882,1061,56.38,2.5,2.87,62170.0,2490756.59,33.034,58.5957,62170.0,2525047.0,33.034,8767
E. 40-99,PAYER,HC,HC,Red Challenge,1882,380,20.19,2.45,2.43,60900.0,2490756.59,32.3592,160.2632,60900.0,2525047.0,32.3592,8767
E. 40-99,PAYER,HC,HC,Chuck Challenge,1882,359,19.08,2.44,1.91,60750.0,2490756.59,32.2795,169.2201,60750.0,2525047.0,32.2795,8767
E. 40-99,PAYER,HC,HC,Bomb Challenge,1882,360,19.13,2.35,2.15,58450.0,2490756.59,31.0574,162.3611,58450.0,2525047.0,31.0574,8767
E. 40-99,PAYER,HC,HC,Kite Festival,1882,294,15.62,2.14,1.66,53425.0,2490756.59,28.3874,181.7177,53425.0,2525047.0,28.3874,8767
E. 40-99,PAYER,HC,HC,Ads,1882,792,42.08,1.75,1.69,43630.0,2490756.59,23.1828,55.0884,43630.0,2525047.0,23.1828,8767
E. 40-99,PAYER,HC,HC,Jigsaw,1882,502,26.67,0.92,0.83,22825.0,2490756.59,12.1281,45.4681,22825.0,2525047.0,12.1281,8767
E. 40-99,PAYER,HC,HC,Bomb's Ballet,1882,507,26.94,0.77,0.78,19200.0,2490756.59,10.2019,37.8698,19200.0,2525047.0,10.2019,8767
E. 40-99,PAYER,HC,HC,Photoshoot,1882,357,18.97,0.58,0.71,14400.0,2490756.59,7.6514,40.3361,14400.0,2525047.0,7.6514,8767
E. 40-99,PAYER,HC,HC,River Rush,1882,4,0.21,0.01,0.02,345.0,2490756.59,0.1833,86.25,345.0,2525047.0,0.1833,8767
E. 40-99,PAYER,Red,count,Saga,1858,1584,85.25,21.02,19.36,4872.0,23180.0,2.6222,3.0758,4872.0,23180.0,2.6222,8767
E. 40-99,PAYER,Red,count,Rainbow Maker,1858,1429,76.91,15.84,15.91,3671.0,23180.0,1.9758,2.5689,3671.0,23180.0,1.9758,8767
E. 40-99,PAYER,Red,count,Season Pass (Free),1858,988,53.18,13.8,14.23,3199.0,23180.0,1.7217,3.2379,3199.0,23180.0,1.7217,8767
E. 40-99,PAYER,Red,count,Daily Night Sky Prize,1858,1332,71.69,11.94,12.52,2768.0,23180.0,1.4898,2.0781,2768.0,23180.0,1.4898,8767
E. 40-99,PAYER,Red,count,Other,1858,1369,73.68,10.24,11.33,2374.0,23180.0,1.2777,1.7341,2374.0,23180.0,1.2777,8767
E. 40-99,PAYER,Red,count,Hatchling Hideaway,1858,1270,68.35,7.83,8.6,1815.0,23180.0,0.9769,1.4291,1815.0,23180.0,0.9769,8767
E. 40-99,PAYER,Red,count,Core,1858,914,49.19,6.49,6.18,1505.0,23180.0,0.81,1.6466,1505.0,23180.0,0.81,8767
E. 40-99,PAYER,Red,count,Flock Flurry,1858,726,39.07,5.35,4.74,1241.0,23180.0,0.6679,1.7094,1241.0,23180.0,0.6679,8767
E. 40-99,PAYER,Red,count,Jigsaw,1858,400,21.53,1.84,1.53,426.0,23180.0,0.2293,1.065,426.0,23180.0,0.2293,8767
E. 40-99,PAYER,Red,count,Target Day,1858,319,17.17,1.64,1.78,379.0,23180.0,0.204,1.1881,379.0,23180.0,0.204,8767
E. 40-99,PAYER,Red,count,Bomb's Ballet,1858,361,19.43,1.58,1.29,366.0,23180.0,0.197,1.0139,366.0,23180.0,0.197,8767
E. 40-99,PAYER,Red,count,Photoshoot,1858,231,12.43,1.01,1.16,233.0,23180.0,0.1254,1.0087,233.0,23180.0,0.1254,8767
E. 40-99,PAYER,Red,count,Flash Race,1858,116,6.24,0.57,0.51,131.0,23180.0,0.0705,1.1293,131.0,23180.0,0.0705,8767
E. 40-99,PAYER,Red,count,Team Race,1858,95,5.11,0.45,0.51,104.0,23180.0,0.056,1.0947,104.0,23180.0,0.056,8767
E. 40-99,PAYER,Red,count,Kite Festival,1858,80,4.31,0.38,0.31,88.0,23180.0,0.0474,1.1,88.0,23180.0,0.0474,8767
E. 40-99,PAYER,Red,count,Ads,1858,5,0.27,0.02,0.03,5.0,23180.0,0.0027,1.0,5.0,23180.0,0.0027,8767
E. 40-99,PAYER,Red,count,River Rush,1858,3,0.16,0.01,0.01,3.0,23180.0,0.0016,1.0,3.0,23180.0,0.0016,8767
E. 40-99,PAYER,SPT,count,Core,1856,1708,92.03,74.15,68.22,3032329.0,4089492.3,1633.798,1775.3683,3032329.0,4146167.0,1633.798,8767
E. 40-99,PAYER,SPT,count,Rainbow Maker,1856,1468,79.09,15.81,18.28,646740.3,4089492.3,348.4592,440.5588,703415.0,4146167.0,378.9952,8767
E. 40-99,PAYER,SPT,count,Other,1856,1247,67.19,3.51,4.64,143735.0,4089492.3,77.4434,115.2646,143735.0,4146167.0,77.4434,8767
E. 40-99,PAYER,SPT,count,Flash Race,1856,1192,64.22,3.41,5.07,139285.0,4089492.3,75.0458,116.8498,139285.0,4146167.0,75.0458,8767
E. 40-99,PAYER,SPT,count,Kite Festival,1856,639,34.43,2.54,3.06,103940.0,4089492.3,56.0022,162.6604,103940.0,4146167.0,56.0022,8767
E. 40-99,PAYER,SPT,count,Flock Flurry,1856,690,37.18,0.56,0.7,22980.0,4089492.3,12.3815,33.3043,22980.0,4146167.0,12.3815,8767
E. 40-99,PAYER,SPT,count,Season Pass (Free),1856,11,0.59,0.01,0.03,483.0,4089492.3,0.2602,43.9091,483.0,4146167.0,0.2602,8767
E. 40-99,PAYER,SPTx2,minutes,Rainbow Maker,1083,1081,99.82,99.48,99.64,28540.0,28690.0,26.3527,26.4015,28540.0,28690.0,26.3527,8767
E. 40-99,PAYER,SPTx2,minutes,Daily Gift,1083,6,0.55,0.47,0.34,135.0,28690.0,0.1247,22.5,135.0,28690.0,0.1247,8767
E. 40-99,PAYER,SPTx2,minutes,River Rush,1083,1,0.09,0.05,0.01,15.0,28690.0,0.0139,15.0,15.0,28690.0,0.0139,8767
E. 40-99,PAYER,Shuffle,count,Saga,1844,1581,85.74,20.51,20.86,4774.0,23280.0,2.5889,3.0196,4774.0,23280.0,2.5889,8767
E. 40-99,PAYER,Shuffle,count,Core,1844,1382,74.95,19.02,19.28,4428.0,23280.0,2.4013,3.2041,4428.0,23280.0,2.4013,8767
E. 40-99,PAYER,Shuffle,count,Rainbow Maker,1844,1360,73.75,14.28,14.87,3324.0,23280.0,1.8026,2.4441,3324.0,23280.0,1.8026,8767
E. 40-99,PAYER,Shuffle,count,Season Pass (Free),1844,981,53.2,8.01,8.91,1864.0,23280.0,1.0108,1.9001,1864.0,23280.0,1.0108,8767
E. 40-99,PAYER,Shuffle,count,Hatchling Hideaway,1844,956,51.84,5.72,5.05,1331.0,23280.0,0.7218,1.3923,1331.0,23280.0,0.7218,8767
E. 40-99,PAYER,Shuffle,count,Daily Gift,1844,868,47.07,5.05,4.71,1176.0,23280.0,0.6377,1.3548,1176.0,23280.0,0.6377,8767
E. 40-99,PAYER,Shuffle,count,Other,1844,623,33.79,4.66,4.37,1086.0,23280.0,0.5889,1.7432,1086.0,23280.0,0.5889,8767
E. 40-99,PAYER,Shuffle,count,Team Race,1844,680,36.88,4.3,4.99,1001.0,23280.0,0.5428,1.4721,1001.0,23280.0,0.5428,8767
E. 40-99,PAYER,Shuffle,count,Ads,1844,437,23.7,3.9,3.1,908.0,23280.0,0.4924,2.0778,908.0,23280.0,0.4924,8767
E. 40-99,PAYER,Shuffle,count,Flash Race,1844,505,27.39,2.91,3.13,678.0,23280.0,0.3677,1.3426,678.0,23280.0,0.3677,8767
E. 40-99,PAYER,Shuffle,count,Team Event,1844,238,12.91,2.47,2.07,576.0,23280.0,0.3124,2.4202,576.0,23280.0,0.3124,8767
E. 40-99,PAYER,Shuffle,count,Target Day,1844,421,22.83,2.26,2.12,526.0,23280.0,0.2852,1.2494,526.0,23280.0,0.2852,8767
E. 40-99,PAYER,Shuffle,count,Red Challenge,1844,357,19.36,1.95,1.92,453.0,23280.0,0.2457,1.2689,453.0,23280.0,0.2457,8767
E. 40-99,PAYER,Shuffle,count,Chuck Challenge,1844,338,18.33,1.8,1.59,420.0,23280.0,0.2278,1.2426,420.0,23280.0,0.2278,8767
E. 40-99,PAYER,Shuffle,count,Bomb Challenge,1844,342,18.55,1.77,1.76,411.0,23280.0,0.2229,1.2018,411.0,23280.0,0.2229,8767
E. 40-99,PAYER,Shuffle,count,Kite Festival,1844,192,10.41,0.91,0.85,212.0,23280.0,0.115,1.1042,212.0,23280.0,0.115,8767
E. 40-99,PAYER,Shuffle,count,Photoshoot,1844,70,3.8,0.3,0.28,71.0,23280.0,0.0385,1.0143,71.0,23280.0,0.0385,8767
E. 40-99,PAYER,Shuffle,count,Bomb's Ballet,1844,38,2.06,0.16,0.1,38.0,23280.0,0.0206,1.0,38.0,23280.0,0.0206,8767
E. 40-99,PAYER,Shuffle,count,River Rush,1844,2,0.11,0.01,0.02,3.0,23280.0,0.0016,1.5,3.0,23280.0,0.0016,8767
E. 40-99,PAYER,Slingshot,count,Rainbow Maker,1866,1424,76.31,21.41,22.59,5645.0,26366.0,3.0252,3.9642,5645.0,26366.0,3.0252,8767
E. 40-99,PAYER,Slingshot,count,Saga,1866,1573,84.3,18.22,17.85,4805.0,26366.0,2.575,3.0547,4805.0,26366.0,2.575,8767
E. 40-99,PAYER,Slingshot,count,Core,1866,1213,65.01,12.6,12.82,3322.0,26366.0,1.7803,2.7387,3322.0,26366.0,1.7803,8767
E. 40-99,PAYER,Slingshot,count,Daily Night Sky Prize,1866,1108,59.38,6.69,9.61,1765.0,26366.0,0.9459,1.593,1765.0,26366.0,0.9459,8767
E. 40-99,PAYER,Slingshot,count,Daily Gift,1866,1007,53.97,5.8,5.45,1529.0,26366.0,0.8194,1.5184,1529.0,26366.0,0.8194,8767
E. 40-99,PAYER,Slingshot,count,Season Pass (Free),1866,650,34.83,4.76,4.33,1255.0,26366.0,0.6726,1.9308,1255.0,26366.0,0.6726,8767
E. 40-99,PAYER,Slingshot,count,Flock Flurry,1866,726,38.91,4.71,4.19,1241.0,26366.0,0.6651,1.7094,1241.0,26366.0,0.6651,8767
E. 40-99,PAYER,Slingshot,count,Team Event,1866,599,32.1,4.39,4.33,1157.0,26366.0,0.62,1.9316,1157.0,26366.0,0.62,8767
E. 40-99,PAYER,Slingshot,count,Hatchling Hideaway,1866,810,43.41,4.32,3.4,1138.0,26366.0,0.6099,1.4049,1138.0,26366.0,0.6099,8767
E. 40-99,PAYER,Slingshot,count,Other,1866,541,28.99,3.8,3.11,1002.0,26366.0,0.537,1.8521,1002.0,26366.0,0.537,8767
E. 40-99,PAYER,Slingshot,count,Ads,1866,472,25.29,3.68,2.93,970.0,26366.0,0.5198,2.0551,970.0,26366.0,0.5198,8767
E. 40-99,PAYER,Slingshot,count,Target Day,1866,393,21.06,1.95,1.73,513.0,26366.0,0.2749,1.3053,513.0,26366.0,0.2749,8767
E. 40-99,PAYER,Slingshot,count,Team Race,1866,376,20.15,1.82,2.05,480.0,26366.0,0.2572,1.2766,480.0,26366.0,0.2572,8767
E. 40-99,PAYER,Slingshot,count,Flash Race,1866,362,19.4,1.77,1.67,467.0,26366.0,0.2503,1.2901,467.0,26366.0,0.2503,8767
E. 40-99,PAYER,Slingshot,count,Kite Festival,1866,231,12.38,0.96,0.9,254.0,26366.0,0.1361,1.0996,254.0,26366.0,0.1361,8767
E. 40-99,PAYER,Slingshot,count,Bomb Challenge,1866,185,9.91,0.78,0.9,205.0,26366.0,0.1099,1.1081,205.0,26366.0,0.1099,8767
E. 40-99,PAYER,Slingshot,count,Chuck Challenge,1866,181,9.7,0.75,0.8,199.0,26366.0,0.1066,1.0994,199.0,26366.0,0.1066,8767
E. 40-99,PAYER,Slingshot,count,Red Challenge,1866,169,9.06,0.7,0.83,184.0,26366.0,0.0986,1.0888,184.0,26366.0,0.0986,8767
E. 40-99,PAYER,Slingshot,count,Jigsaw,1866,128,6.86,0.52,0.3,137.0,26366.0,0.0734,1.0703,137.0,26366.0,0.0734,8767
E. 40-99,PAYER,Slingshot,count,Bomb's Ballet,1866,96,5.14,0.37,0.21,97.0,26366.0,0.052,1.0104,97.0,26366.0,0.052,8767
E. 40-99,PAYER,Slingshot,count,River Rush,1866,1,0.05,0.0,0.0,1.0,26366.0,0.0005,1.0,1.0,26366.0,0.0005,8767
E. 40-99,PAYER,UL Bomb,minutes,Bomb's Ballet,908,440,48.46,25.97,32.1,6075.0,23395.0,6.6905,13.8068,6075.0,23395.0,6.6905,8767
E. 40-99,PAYER,UL Bomb,minutes,Jigsaw,908,411,45.26,22.8,29.5,5335.0,23395.0,5.8756,12.9805,5335.0,23395.0,5.8756,8767
E. 40-99,PAYER,UL Bomb,minutes,Season Pass (Free),908,242,26.65,22.61,19.21,5290.0,23395.0,5.826,21.8595,5290.0,23395.0,5.826,8767
E. 40-99,PAYER,UL Bomb,minutes,Daily Gift,908,162,17.84,20.9,11.5,4890.0,23395.0,5.3855,30.1852,4890.0,23395.0,5.3855,8767
E. 40-99,PAYER,UL Bomb,minutes,Photoshoot,908,95,10.46,6.16,6.65,1440.0,23395.0,1.5859,15.1579,1440.0,23395.0,1.5859,8767
E. 40-99,PAYER,UL Bomb,minutes,Other,908,9,0.99,1.47,0.94,345.0,23395.0,0.38,38.3333,345.0,23395.0,0.38,8767
E. 40-99,PAYER,UL Bomb,minutes,River Rush,908,1,0.11,0.09,0.11,20.0,23395.0,0.022,20.0,20.0,23395.0,0.022,8767
E. 40-99,PAYER,UL Chuck,minutes,Season Pass (Free),1503,735,48.9,28.64,30.84,18840.0,65785.0,12.5349,25.6327,18840.0,65785.0,12.5349,8767
E. 40-99,PAYER,UL Chuck,minutes,Hatchling Hideaway,1503,812,54.03,16.89,20.48,11110.0,65785.0,7.3919,13.6823,11110.0,65785.0,7.3919,8767
E. 40-99,PAYER,UL Chuck,minutes,Daily Gift,1503,183,12.18,16.69,7.02,10980.0,65785.0,7.3054,60.0,10980.0,65785.0,7.3054,8767
E. 40-99,PAYER,UL Chuck,minutes,Jigsaw,1503,558,37.13,12.62,14.25,8300.0,65785.0,5.5223,14.8746,8300.0,65785.0,5.5223,8767
E. 40-99,PAYER,UL Chuck,minutes,Bomb's Ballet,1503,547,36.39,11.61,14.49,7635.0,65785.0,5.0798,13.958,7635.0,65785.0,5.0798,8767
E. 40-99,PAYER,UL Chuck,minutes,Rainbow Maker,1503,391,26.01,8.8,7.06,5790.0,65785.0,3.8523,14.8082,5790.0,65785.0,3.8523,8767
E. 40-99,PAYER,UL Chuck,minutes,Photoshoot,1503,180,11.98,4.22,5.45,2775.0,65785.0,1.8463,15.4167,2775.0,65785.0,1.8463,8767
E. 40-99,PAYER,UL Chuck,minutes,Other,1503,8,0.53,0.5,0.39,330.0,65785.0,0.2196,41.25,330.0,65785.0,0.2196,8767
E. 40-99,PAYER,UL Chuck,minutes,River Rush,1503,1,0.07,0.04,0.02,25.0,65785.0,0.0166,25.0,25.0,65785.0,0.0166,8767
E. 40-99,PAYER,UL Red,minutes,Season Pass (Free),1721,1061,61.65,26.71,28.95,28250.0,105785.0,16.4149,26.6258,28250.0,105785.0,16.4149,8767
E. 40-99,PAYER,UL Red,minutes,Daily Gift,1721,334,19.41,19.0,10.39,20100.0,105785.0,11.6793,60.1796,20100.0,105785.0,11.6793,8767
E. 40-99,PAYER,UL Red,minutes,Rainbow Maker,1721,1176,68.33,18.87,22.06,19960.0,105785.0,11.5979,16.9728,19960.0,105785.0,11.5979,8767
E. 40-99,PAYER,UL Red,minutes,Hatchling Hideaway,1721,942,54.74,12.34,12.41,13050.0,105785.0,7.5828,13.8535,13050.0,105785.0,7.5828,8767
E. 40-99,PAYER,UL Red,minutes,Jigsaw,1721,597,34.69,9.95,10.43,10525.0,105785.0,6.1156,17.6298,10525.0,105785.0,6.1156,8767
E. 40-99,PAYER,UL Red,minutes,Bomb's Ballet,1721,581,33.76,8.86,9.89,9375.0,105785.0,5.4474,16.136,9375.0,105785.0,5.4474,8767
E. 40-99,PAYER,UL Red,minutes,Photoshoot,1721,273,15.86,3.91,5.54,4140.0,105785.0,2.4056,15.1648,4140.0,105785.0,2.4056,8767
E. 40-99,PAYER,UL Red,minutes,Other,1721,8,0.46,0.31,0.28,330.0,105785.0,0.1917,41.25,330.0,105785.0,0.1917,8767
E. 40-99,PAYER,UL Red,minutes,River Rush,1721,2,0.12,0.05,0.03,55.0,105785.0,0.032,27.5,55.0,105785.0,0.032,8767
E. 40-99,PAYER,Unlimited Lives,minutes,Saga,1880,1871,99.52,44.04,40.9,1241895.0,2819613.0,660.5824,663.76,1241895.0,2819613.0,660.5824,8767
E. 40-99,PAYER,Unlimited Lives,minutes,Core,1880,1490,79.26,9.04,9.11,254880.0,2819613.0,135.5745,171.0604,254880.0,2819613.0,135.5745,8767
E. 40-99,PAYER,Unlimited Lives,minutes,Flock Flurry,1880,1378,73.3,8.64,9.08,243580.0,2819613.0,129.5638,176.7634,243580.0,2819613.0,129.5638,8767
E. 40-99,PAYER,Unlimited Lives,minutes,Season Pass (Free),1880,1166,62.02,6.77,7.65,190810.0,2819613.0,101.4947,163.6449,190810.0,2819613.0,101.4947,8767
E. 40-99,PAYER,Unlimited Lives,minutes,Rainbow Maker,1880,1438,76.49,5.51,6.11,155245.0,2819613.0,82.5771,107.959,155245.0,2819613.0,82.5771,8767
E. 40-99,PAYER,Unlimited Lives,minutes,Hatchling Hideaway,1880,1323,70.37,5.48,6.42,154650.0,2819613.0,82.2606,116.8934,154650.0,2819613.0,82.2606,8767
E. 40-99,PAYER,Unlimited Lives,minutes,Daily Gift,1880,1434,76.28,5.36,5.1,151195.0,2819613.0,80.4229,105.4358,151195.0,2819613.0,80.4229,8767
E. 40-99,PAYER,Unlimited Lives,minutes,Daily Night Sky Prize,1880,1544,82.13,4.11,4.24,115920.0,2819613.0,61.6596,75.0777,115920.0,2819613.0,61.6596,8767
E. 40-99,PAYER,Unlimited Lives,minutes,Target Day,1880,1083,57.61,2.42,2.75,68250.0,2819613.0,36.3032,63.0194,68250.0,2819613.0,36.3032,8767
E. 40-99,PAYER,Unlimited Lives,minutes,Other,1880,571,30.37,1.91,1.48,53923.0,2819613.0,28.6824,94.4361,53923.0,2819613.0,28.6824,8767
E. 40-99,PAYER,Unlimited Lives,minutes,Kite Festival,1880,1038,55.21,1.89,2.33,53285.0,2819613.0,28.3431,51.3343,53285.0,2819613.0,28.3431,8767
E. 40-99,PAYER,Unlimited Lives,minutes,Jigsaw,1880,547,29.1,1.54,1.42,43290.0,2819613.0,23.0266,79.1408,43290.0,2819613.0,23.0266,8767
E. 40-99,PAYER,Unlimited Lives,minutes,Bomb's Ballet,1880,541,28.78,1.35,1.23,38160.0,2819613.0,20.2979,70.536,38160.0,2819613.0,20.2979,8767
E. 40-99,PAYER,Unlimited Lives,minutes,Photoshoot,1880,424,22.55,1.32,1.48,37350.0,2819613.0,19.867,88.0896,37350.0,2819613.0,19.867,8767
E. 40-99,PAYER,Unlimited Lives,minutes,Ads,1880,527,28.03,0.5,0.48,14080.0,2819613.0,7.4894,26.7173,14080.0,2819613.0,7.4894,8767
E. 40-99,PAYER,Unlimited Lives,minutes,Flash Race,1880,60,3.19,0.11,0.24,3100.0,2819613.0,1.6489,51.6667,3100.0,2819613.0,1.6489,8767
F. 100+,NONPAYER,Bomb,count,Saga,2826,2812,99.5,30.43,27.73,9006.0,29592.0,3.1868,3.2027,9006.0,29592.0,3.1868,7484
F. 100+,NONPAYER,Bomb,count,Core,2826,2612,92.43,27.47,36.6,8128.0,29592.0,2.8762,3.1118,8128.0,29592.0,2.8762,7484
F. 100+,NONPAYER,Bomb,count,Rainbow Maker,2826,1302,46.07,12.47,7.75,3690.0,29592.0,1.3057,2.8341,3690.0,29592.0,1.3057,7484
F. 100+,NONPAYER,Bomb,count,Other,2826,2111,74.7,9.81,10.96,2903.0,29592.0,1.0272,1.3752,2903.0,29592.0,1.0272,7484
F. 100+,NONPAYER,Bomb,count,Hatchling Hideaway,2826,1505,53.26,6.06,6.38,1794.0,29592.0,0.6348,1.192,1794.0,29592.0,0.6348,7484
F. 100+,NONPAYER,Bomb,count,Season Pass (Free),2826,974,34.47,4.94,4.75,1462.0,29592.0,0.5173,1.501,1462.0,29592.0,0.5173,7484
F. 100+,NONPAYER,Bomb,count,Flock Flurry,2826,529,18.72,3.4,2.15,1005.0,29592.0,0.3556,1.8998,1005.0,29592.0,0.3556,7484
F. 100+,NONPAYER,Bomb,count,Flash Race,2826,371,13.13,1.55,1.18,460.0,29592.0,0.1628,1.2399,460.0,29592.0,0.1628,7484
F. 100+,NONPAYER,Bomb,count,Team Race,2826,236,8.35,1.01,0.7,299.0,29592.0,0.1058,1.2669,299.0,29592.0,0.1058,7484
F. 100+,NONPAYER,Bomb,count,Jigsaw,2826,264,9.34,0.9,0.57,267.0,29592.0,0.0945,1.0114,267.0,29592.0,0.0945,7484
F. 100+,NONPAYER,Bomb,count,Target Day,2826,198,7.01,0.83,0.56,245.0,29592.0,0.0867,1.2374,245.0,29592.0,0.0867,7484
F. 100+,NONPAYER,Bomb,count,Bomb's Ballet,2826,161,5.7,0.55,0.28,164.0,29592.0,0.058,1.0186,164.0,29592.0,0.058,7484
F. 100+,NONPAYER,Bomb,count,Photoshoot,2826,118,4.18,0.41,0.3,121.0,29592.0,0.0428,1.0254,121.0,29592.0,0.0428,7484
F. 100+,NONPAYER,Bomb,count,Kite Festival,2826,40,1.42,0.14,0.07,42.0,29592.0,0.0149,1.05,42.0,29592.0,0.0149,7484
F. 100+,NONPAYER,Bomb,count,Ads,2826,6,0.21,0.02,0.03,6.0,29592.0,0.0021,1.0,6.0,29592.0,0.0021,7484
F. 100+,NONPAYER,Chuck,count,Core,2825,2602,92.11,25.67,28.86,10242.0,39900.0,3.6255,3.9362,10242.0,39900.0,3.6255,7484
F. 100+,NONPAYER,Chuck,count,Saga,2825,2793,98.87,22.9,20.5,9137.0,39900.0,3.2343,3.2714,9137.0,39900.0,3.2343,7484
F. 100+,NONPAYER,Chuck,count,Season Pass (Free),2825,1764,62.44,14.78,14.5,5898.0,39900.0,2.0878,3.3435,5898.0,39900.0,2.0878,7484
F. 100+,NONPAYER,Chuck,count,Rainbow Maker,2825,1873,66.3,10.08,9.13,4023.0,39900.0,1.4241,2.1479,4023.0,39900.0,1.4241,7484
F. 100+,NONPAYER,Chuck,count,Other,2825,2121,75.08,7.3,7.36,2913.0,39900.0,1.0312,1.3734,2913.0,39900.0,1.0312,7484
F. 100+,NONPAYER,Chuck,count,Daily Night Sky Prize,2825,2101,74.37,7.29,8.39,2910.0,39900.0,1.0301,1.3851,2910.0,39900.0,1.0301,7484
F. 100+,NONPAYER,Chuck,count,Hatchling Hideaway,2825,1556,55.08,4.64,4.68,1851.0,39900.0,0.6552,1.1896,1851.0,39900.0,0.6552,7484
F. 100+,NONPAYER,Chuck,count,Flock Flurry,2825,529,18.73,2.52,1.89,1005.0,39900.0,0.3558,1.8998,1005.0,39900.0,0.3558,7484
F. 100+,NONPAYER,Chuck,count,Jigsaw,2825,645,22.83,1.67,1.74,665.0,39900.0,0.2354,1.031,665.0,39900.0,0.2354,7484
F. 100+,NONPAYER,Chuck,count,Bomb's Ballet,2825,524,18.55,1.33,1.34,531.0,39900.0,0.188,1.0134,531.0,39900.0,0.188,7484
F. 100+,NONPAYER,Chuck,count,Photoshoot,2825,349,12.35,0.88,0.85,352.0,39900.0,0.1246,1.0086,352.0,39900.0,0.1246,7484
F. 100+,NONPAYER,Chuck,count,Flash Race,2825,155,5.49,0.41,0.35,165.0,39900.0,0.0584,1.0645,165.0,39900.0,0.0584,7484
F. 100+,NONPAYER,Chuck,count,Target Day,2825,80,2.83,0.22,0.16,87.0,39900.0,0.0308,1.0875,87.0,39900.0,0.0308,7484
F. 100+,NONPAYER,Chuck,count,Team Race,2825,62,2.19,0.17,0.12,67.0,39900.0,0.0237,1.0806,67.0,39900.0,0.0237,7484
F. 100+,NONPAYER,Chuck,count,Kite Festival,2825,32,1.13,0.08,0.05,32.0,39900.0,0.0113,1.0,32.0,39900.0,0.0113,7484
F. 100+,NONPAYER,Chuck,count,Ads,2825,22,0.78,0.06,0.07,22.0,39900.0,0.0078,1.0,22.0,39900.0,0.0078,7484
F. 100+,NONPAYER,Comet,count,Rainbow Maker,2773,1803,65.02,52.92,20.57,14047.0,26543.0,5.0656,7.7909,14047.0,26543.0,5.0656,7484
F. 100+,NONPAYER,Comet,count,Core,2773,2581,93.08,16.96,41.19,4502.0,26543.0,1.6235,1.7443,4502.0,26543.0,1.6235,7484
F. 100+,NONPAYER,Comet,count,Hatchling Hideaway,2773,1498,54.02,6.69,12.5,1777.0,26543.0,0.6408,1.1862,1777.0,26543.0,0.6408,7484
F. 100+,NONPAYER,Comet,count,Target Day,2773,641,23.12,4.12,4.44,1093.0,26543.0,0.3942,1.7051,1093.0,26543.0,0.3942,7484
F. 100+,NONPAYER,Comet,count,Flash Race,2773,746,26.9,3.85,6.89,1023.0,26543.0,0.3689,1.3713,1023.0,26543.0,0.3689,7484
F. 100+,NONPAYER,Comet,count,Team Race,2773,377,13.6,2.81,2.53,747.0,26543.0,0.2694,1.9814,747.0,26543.0,0.2694,7484
F. 100+,NONPAYER,Comet,count,Other,2773,347,12.51,2.15,1.86,571.0,26543.0,0.2059,1.6455,571.0,26543.0,0.2059,7484
F. 100+,NONPAYER,Comet,count,Daily Night Sky Prize,2773,293,10.57,1.7,1.63,452.0,26543.0,0.163,1.5427,452.0,26543.0,0.163,7484
F. 100+,NONPAYER,Comet,count,Ads,2773,201,7.25,1.42,1.34,376.0,26543.0,0.1356,1.8706,376.0,26543.0,0.1356,7484
F. 100+,NONPAYER,Comet,count,Red Challenge,2773,296,10.67,1.4,1.46,372.0,26543.0,0.1342,1.2568,372.0,26543.0,0.1342,7484
F. 100+,NONPAYER,Comet,count,Chuck Challenge,2773,271,9.77,1.27,1.34,337.0,26543.0,0.1215,1.2435,337.0,26543.0,0.1215,7484
F. 100+,NONPAYER,Comet,count,Bomb Challenge,2773,256,9.23,1.12,1.3,298.0,26543.0,0.1075,1.1641,298.0,26543.0,0.1075,7484
F. 100+,NONPAYER,Comet,count,Team Event,2773,217,7.83,1.04,0.92,276.0,26543.0,0.0995,1.2719,276.0,26543.0,0.0995,7484
F. 100+,NONPAYER,Comet,count,Jigsaw,2773,264,9.52,1.01,0.98,267.0,26543.0,0.0963,1.0114,267.0,26543.0,0.0963,7484
F. 100+,NONPAYER,Comet,count,Bomb's Ballet,2773,161,5.81,0.62,0.38,164.0,26543.0,0.0591,1.0186,164.0,26543.0,0.0591,7484
F. 100+,NONPAYER,Comet,count,Kite Festival,2773,126,4.54,0.58,0.3,153.0,26543.0,0.0552,1.2143,153.0,26543.0,0.0552,7484
F. 100+,NONPAYER,Comet,count,Daily Gift,2773,72,2.6,0.28,0.19,74.0,26543.0,0.0267,1.0278,74.0,26543.0,0.0267,7484
F. 100+,NONPAYER,Comet,count,Saga,2773,13,0.47,0.05,0.18,14.0,26543.0,0.005,1.0769,14.0,26543.0,0.005,7484
F. 100+,NONPAYER,HC,HC,Core,2838,2820,99.37,34.58,46.55,1312880.0,3796261.59,462.6075,465.5603,1312880.0,5284846.0,462.6075,7484
F. 100+,NONPAYER,HC,HC,Saga,2838,2830,99.72,14.96,15.21,568100.0,3796261.59,200.1762,200.742,568100.0,5284846.0,200.1762,7484
F. 100+,NONPAYER,HC,HC,Daily Night Sky Prize,2838,2594,91.4,13.98,8.57,530765.0,3796261.59,187.0208,204.6126,530765.0,5284846.0,187.0208,7484
F. 100+,NONPAYER,HC,HC,Rainbow Maker,2838,2013,70.93,5.16,4.09,196025.59,3796261.59,69.0717,97.3798,1684610.0,5284846.0,593.5906,7484
F. 100+,NONPAYER,HC,HC,Target Day,2838,885,31.18,3.61,2.34,136975.0,3796261.59,48.2646,154.774,136975.0,5284846.0,48.2646,7484
F. 100+,NONPAYER,HC,HC,Other,2838,1137,40.06,3.2,3.1,121491.0,3796261.59,42.8087,106.8522,121491.0,5284846.0,42.8087,7484
F. 100+,NONPAYER,HC,HC,Season Pass (Free),2838,1834,64.62,3.09,4.21,117330.0,3796261.59,41.3425,63.9749,117330.0,5284846.0,41.3425,7484
F. 100+,NONPAYER,HC,HC,Red Challenge,2838,389,13.71,2.31,1.5,87850.0,3796261.59,30.9549,225.8355,87850.0,5284846.0,30.9549,7484
F. 100+,NONPAYER,HC,HC,Daily Gift,2838,2463,86.79,2.31,1.93,87810.0,3796261.59,30.9408,35.6516,87810.0,5284846.0,30.9408,7484
F. 100+,NONPAYER,HC,HC,Chuck Challenge,2838,382,13.46,2.2,1.38,83500.0,3796261.59,29.4221,218.5864,83500.0,5284846.0,29.4221,7484
F. 100+,NONPAYER,HC,HC,Hatchling Hideaway,2838,1633,57.54,2.2,2.41,83670.0,3796261.59,29.482,51.237,83670.0,5284846.0,29.482,7484
F. 100+,NONPAYER,HC,HC,Bomb Challenge,2838,385,13.57,1.99,1.39,75500.0,3796261.59,26.6032,196.1039,75500.0,5284846.0,26.6032,7484
F. 100+,NONPAYER,HC,HC,Kite Festival,2838,289,10.18,1.91,0.79,72475.0,3796261.59,25.5374,250.7785,72475.0,5284846.0,25.5374,7484
F. 100+,NONPAYER,HC,HC,Team Event,2838,391,13.78,1.86,1.0,70625.0,3796261.59,24.8855,180.6266,70625.0,5284846.0,24.8855,7484
F. 100+,NONPAYER,HC,HC,Flash Race,2838,1190,41.93,1.85,1.77,70325.0,3796261.59,24.7798,59.0966,70325.0,5284846.0,24.7798,7484
F. 100+,NONPAYER,HC,HC,Team Race,2838,372,13.11,1.57,1.09,59450.0,3796261.59,20.9479,159.8118,59450.0,5284846.0,20.9479,7484
F. 100+,NONPAYER,HC,HC,Jigsaw,2838,618,21.78,1.01,0.91,38175.0,3796261.59,13.4514,61.7718,38175.0,5284846.0,13.4514,7484
F. 100+,NONPAYER,HC,HC,Ads,2838,784,27.63,0.95,0.73,36085.0,3796261.59,12.7149,46.0268,36085.0,5284846.0,12.7149,7484
F. 100+,NONPAYER,HC,HC,Bomb's Ballet,2838,515,18.15,0.74,0.61,28275.0,3796261.59,9.963,54.9029,28275.0,5284846.0,9.963,7484
F. 100+,NONPAYER,HC,HC,Photoshoot,2838,336,11.84,0.49,0.44,18725.0,3796261.59,6.598,55.7292,18725.0,5284846.0,6.598,7484
F. 100+,NONPAYER,HC,HC,River Rush,2838,3,0.11,0.01,0.01,230.0,3796261.59,0.081,76.6667,230.0,5284846.0,0.081,7484
F. 100+,NONPAYER,Red,count,Saga,2828,2795,98.83,27.78,25.88,9877.0,35554.0,3.4926,3.5338,9877.0,35554.0,3.4926,7484
F. 100+,NONPAYER,Red,count,Season Pass (Free),2828,1694,59.9,15.63,16.24,5557.0,35554.0,1.965,3.2804,5557.0,35554.0,1.965,7484
F. 100+,NONPAYER,Red,count,Rainbow Maker,2828,1942,68.67,12.66,11.5,4500.0,35554.0,1.5912,2.3172,4500.0,35554.0,1.5912,7484
F. 100+,NONPAYER,Red,count,Core,2828,2514,88.9,12.06,13.1,4289.0,35554.0,1.5166,1.706,4289.0,35554.0,1.5166,7484
F. 100+,NONPAYER,Red,count,Daily Night Sky Prize,2828,2486,87.91,10.97,12.76,3901.0,35554.0,1.3794,1.5692,3901.0,35554.0,1.3794,7484
F. 100+,NONPAYER,Red,count,Other,2828,2198,77.72,8.55,9.21,3040.0,35554.0,1.075,1.3831,3040.0,35554.0,1.075,7484
F. 100+,NONPAYER,Red,count,Hatchling Hideaway,2828,1614,57.07,5.38,5.49,1914.0,35554.0,0.6768,1.1859,1914.0,35554.0,0.6768,7484
F. 100+,NONPAYER,Red,count,Flock Flurry,2828,529,18.71,2.83,1.9,1005.0,35554.0,0.3554,1.8998,1005.0,35554.0,0.3554,7484
F. 100+,NONPAYER,Red,count,Jigsaw,2828,557,19.7,1.62,1.64,575.0,35554.0,0.2033,1.0323,575.0,35554.0,0.2033,7484
F. 100+,NONPAYER,Red,count,Bomb's Ballet,2828,446,15.77,1.26,1.17,449.0,35554.0,0.1588,1.0067,449.0,35554.0,0.1588,7484
F. 100+,NONPAYER,Red,count,Photoshoot,2828,242,8.56,0.69,0.62,245.0,35554.0,0.0866,1.0124,245.0,35554.0,0.0866,7484
F. 100+,NONPAYER,Red,count,Target Day,2828,72,2.55,0.21,0.17,73.0,35554.0,0.0258,1.0139,73.0,35554.0,0.0258,7484
F. 100+,NONPAYER,Red,count,Flash Race,2828,56,1.98,0.17,0.13,62.0,35554.0,0.0219,1.1071,62.0,35554.0,0.0219,7484
F. 100+,NONPAYER,Red,count,Team Race,2828,31,1.1,0.09,0.09,31.0,35554.0,0.011,1.0,31.0,35554.0,0.011,7484
F. 100+,NONPAYER,Red,count,Ads,2828,21,0.74,0.06,0.07,22.0,35554.0,0.0078,1.0476,22.0,35554.0,0.0078,7484
F. 100+,NONPAYER,Red,count,Kite Festival,2828,14,0.5,0.04,0.03,14.0,35554.0,0.005,1.0,14.0,35554.0,0.005,7484
F. 100+,NONPAYER,SPT,count,Core,2807,2670,95.12,82.12,80.45,6359710.0,7744152.2,2265.6608,2381.9139,6359710.0,7870135.0,2265.6608,7484
F. 100+,NONPAYER,SPT,count,Rainbow Maker,2807,1998,71.18,13.42,14.04,1039382.2,7744152.2,370.2822,520.2113,1165365.0,7870135.0,415.1639,7484
F. 100+,NONPAYER,SPT,count,Flash Race,2807,1294,46.1,1.64,2.19,126620.0,7744152.2,45.1087,97.8516,126620.0,7870135.0,45.1087,7484
F. 100+,NONPAYER,SPT,count,Kite Festival,2807,400,14.25,1.32,0.99,101940.0,7744152.2,36.3164,254.85,101940.0,7870135.0,36.3164,7484
F. 100+,NONPAYER,SPT,count,Other,2807,1997,71.14,1.26,2.09,97200.0,7744152.2,34.6277,48.673,97200.0,7870135.0,34.6277,7484
F. 100+,NONPAYER,SPT,count,Flock Flurry,2807,511,18.2,0.25,0.25,19140.0,7744152.2,6.8187,37.456,19140.0,7870135.0,6.8187,7484
F. 100+,NONPAYER,SPT,count,Season Pass (Free),2807,13,0.46,0.0,0.0,160.0,7744152.2,0.057,12.3077,160.0,7870135.0,0.057,7484
F. 100+,NONPAYER,SPTx2,minutes,Rainbow Maker,1350,1348,99.85,99.83,99.76,35290.0,35350.0,26.1407,26.1795,35290.0,35350.0,26.1407,7484
F. 100+,NONPAYER,SPTx2,minutes,Daily Gift,1350,4,0.3,0.17,0.24,60.0,35350.0,0.0444,15.0,60.0,35350.0,0.0444,7484
F. 100+,NONPAYER,Shuffle,count,Rainbow Maker,2834,1898,66.97,33.3,12.74,15535.0,46648.0,5.4817,8.1849,15535.0,46648.0,5.4817,7484
F. 100+,NONPAYER,Shuffle,count,Core,2834,2783,98.2,28.0,42.94,13063.0,46648.0,4.6094,4.6939,13063.0,46648.0,4.6094,7484
F. 100+,NONPAYER,Shuffle,count,Saga,2834,2789,98.41,19.3,22.99,9002.0,46648.0,3.1764,3.2277,9002.0,46648.0,3.1764,7484
F. 100+,NONPAYER,Shuffle,count,Season Pass (Free),2834,1344,47.42,3.82,5.71,1784.0,46648.0,0.6295,1.3274,1784.0,46648.0,0.6295,7484
F. 100+,NONPAYER,Shuffle,count,Hatchling Hideaway,2834,1374,48.48,3.53,4.5,1649.0,46648.0,0.5819,1.2001,1649.0,46648.0,0.5819,7484
F. 100+,NONPAYER,Shuffle,count,Other,2834,647,22.83,2.85,3.37,1331.0,46648.0,0.4697,2.0572,1331.0,46648.0,0.4697,7484
F. 100+,NONPAYER,Shuffle,count,Ads,2834,325,11.47,1.52,1.19,711.0,46648.0,0.2509,2.1877,711.0,46648.0,0.2509,7484
F. 100+,NONPAYER,Shuffle,count,Daily Gift,2834,460,16.23,1.32,0.87,618.0,46648.0,0.2181,1.3435,618.0,46648.0,0.2181,7484
F. 100+,NONPAYER,Shuffle,count,Flash Race,2834,454,16.02,1.23,1.36,575.0,46648.0,0.2029,1.2665,575.0,46648.0,0.2029,7484
F. 100+,NONPAYER,Shuffle,count,Team Race,2834,329,11.61,0.99,0.92,461.0,46648.0,0.1627,1.4012,461.0,46648.0,0.1627,7484
F. 100+,NONPAYER,Shuffle,count,Target Day,2834,325,11.47,0.9,0.78,419.0,46648.0,0.1478,1.2892,419.0,46648.0,0.1478,7484
F. 100+,NONPAYER,Shuffle,count,Team Event,2834,140,4.94,0.71,0.48,332.0,46648.0,0.1171,2.3714,332.0,46648.0,0.1171,7484
F. 100+,NONPAYER,Shuffle,count,Bomb Challenge,2834,229,8.08,0.57,0.55,266.0,46648.0,0.0939,1.1616,266.0,46648.0,0.0939,7484
F. 100+,NONPAYER,Shuffle,count,Chuck Challenge,2834,185,6.53,0.48,0.42,222.0,46648.0,0.0783,1.2,222.0,46648.0,0.0783,7484
F. 100+,NONPAYER,Shuffle,count,Red Challenge,2834,169,5.96,0.42,0.47,196.0,46648.0,0.0692,1.1598,196.0,46648.0,0.0692,7484
F. 100+,NONPAYER,Shuffle,count,Kite Festival,2834,151,5.33,0.37,0.24,174.0,46648.0,0.0614,1.1523,174.0,46648.0,0.0614,7484
F. 100+,NONPAYER,Shuffle,count,Bomb's Ballet,2834,161,5.68,0.35,0.21,164.0,46648.0,0.0579,1.0186,164.0,46648.0,0.0579,7484
F. 100+,NONPAYER,Shuffle,count,Photoshoot,2834,144,5.08,0.31,0.27,146.0,46648.0,0.0515,1.0139,146.0,46648.0,0.0515,7484
F. 100+,NONPAYER,Slingshot,count,Rainbow Maker,2835,1912,67.44,35.68,17.87,17783.0,49838.0,6.2727,9.3007,17783.0,49838.0,6.2727,7484
F. 100+,NONPAYER,Slingshot,count,Core,2835,2736,96.51,23.65,36.67,11786.0,49838.0,4.1573,4.3077,11786.0,49838.0,4.1573,7484
F. 100+,NONPAYER,Slingshot,count,Saga,2835,2784,98.2,18.64,21.03,9288.0,49838.0,3.2762,3.3362,9288.0,49838.0,3.2762,7484
F. 100+,NONPAYER,Slingshot,count,Daily Night Sky Prize,2835,2339,82.5,6.75,10.93,3362.0,49838.0,1.1859,1.4374,3362.0,49838.0,1.1859,7484
F. 100+,NONPAYER,Slingshot,count,Daily Gift,2835,1053,37.14,2.79,2.72,1389.0,49838.0,0.4899,1.3191,1389.0,49838.0,0.4899,7484
F. 100+,NONPAYER,Slingshot,count,Hatchling Hideaway,2835,1057,37.28,2.71,2.67,1350.0,49838.0,0.4762,1.2772,1350.0,49838.0,0.4762,7484
F. 100+,NONPAYER,Slingshot,count,Flock Flurry,2835,529,18.66,2.02,1.56,1005.0,49838.0,0.3545,1.8998,1005.0,49838.0,0.3545,7484
F. 100+,NONPAYER,Slingshot,count,Ads,2835,349,12.31,1.54,1.11,767.0,49838.0,0.2705,2.1977,767.0,49838.0,0.2705,7484
F. 100+,NONPAYER,Slingshot,count,Team Event,2835,277,9.77,1.25,0.91,621.0,49838.0,0.219,2.2419,621.0,49838.0,0.219,7484
F. 100+,NONPAYER,Slingshot,count,Other,2835,292,10.3,1.06,0.76,526.0,49838.0,0.1855,1.8014,526.0,49838.0,0.1855,7484
F. 100+,NONPAYER,Slingshot,count,Season Pass (Free),2835,471,16.61,1.03,1.08,512.0,49838.0,0.1806,1.087,512.0,49838.0,0.1806,7484
F. 100+,NONPAYER,Slingshot,count,Jigsaw,2835,303,10.69,0.63,0.56,312.0,49838.0,0.1101,1.0297,312.0,49838.0,0.1101,7484
F. 100+,NONPAYER,Slingshot,count,Flash Race,2835,245,8.64,0.6,0.61,297.0,49838.0,0.1048,1.2122,297.0,49838.0,0.1048,7484
F. 100+,NONPAYER,Slingshot,count,Target Day,2835,207,7.3,0.47,0.41,233.0,49838.0,0.0822,1.1256,233.0,49838.0,0.0822,7484
F. 100+,NONPAYER,Slingshot,count,Bomb's Ballet,2835,221,7.8,0.45,0.36,226.0,49838.0,0.0797,1.0226,226.0,49838.0,0.0797,7484
F. 100+,NONPAYER,Slingshot,count,Team Race,2835,139,4.9,0.3,0.28,149.0,49838.0,0.0526,1.0719,149.0,49838.0,0.0526,7484
F. 100+,NONPAYER,Slingshot,count,Kite Festival,2835,105,3.7,0.23,0.17,115.0,49838.0,0.0406,1.0952,115.0,49838.0,0.0406,7484
F. 100+,NONPAYER,Slingshot,count,Bomb Challenge,2835,57,2.01,0.12,0.15,62.0,49838.0,0.0219,1.0877,62.0,49838.0,0.0219,7484
F. 100+,NONPAYER,Slingshot,count,Chuck Challenge,2835,31,1.09,0.06,0.07,31.0,49838.0,0.0109,1.0,31.0,49838.0,0.0109,7484
F. 100+,NONPAYER,Slingshot,count,Red Challenge,2835,21,0.74,0.05,0.07,23.0,49838.0,0.0081,1.0952,23.0,49838.0,0.0081,7484
F. 100+,NONPAYER,Slingshot,count,River Rush,2835,1,0.04,0.0,0.01,1.0,49838.0,0.0004,1.0,1.0,49838.0,0.0004,7484
F. 100+,NONPAYER,UL Bomb,minutes,Jigsaw,1097,586,53.42,40.74,46.26,9705.0,23820.0,8.8469,16.5614,9705.0,23820.0,8.8469,7484
F. 100+,NONPAYER,UL Bomb,minutes,Bomb's Ballet,1097,495,45.12,36.15,38.27,8610.0,23820.0,7.8487,17.3939,8610.0,23820.0,7.8487,7484
F. 100+,NONPAYER,UL Bomb,minutes,Daily Gift,1097,96,8.75,12.09,4.6,2880.0,23820.0,2.6253,30.0,2880.0,23820.0,2.6253,7484
F. 100+,NONPAYER,UL Bomb,minutes,Photoshoot,1097,158,14.4,10.14,10.24,2415.0,23820.0,2.2015,15.2848,2415.0,23820.0,2.2015,7484
F. 100+,NONPAYER,UL Bomb,minutes,Season Pass (Free),1097,7,0.64,0.5,0.45,120.0,23820.0,0.1094,17.1429,120.0,23820.0,0.1094,7484
F. 100+,NONPAYER,UL Bomb,minutes,Other,1097,2,0.18,0.38,0.18,90.0,23820.0,0.082,45.0,90.0,23820.0,0.082,7484
F. 100+,NONPAYER,UL Chuck,minutes,Season Pass (Free),2282,1454,63.72,29.98,40.47,22425.0,74795.0,9.8269,15.423,22425.0,74795.0,9.8269,7484
F. 100+,NONPAYER,UL Chuck,minutes,Hatchling Hideaway,2282,1052,46.1,17.35,18.92,12980.0,74795.0,5.688,12.3384,12980.0,74795.0,5.688,7484
F. 100+,NONPAYER,UL Chuck,minutes,Jigsaw,2282,643,28.18,15.14,14.6,11325.0,74795.0,4.9628,17.6128,11325.0,74795.0,4.9628,7484
F. 100+,NONPAYER,UL Chuck,minutes,Rainbow Maker,2282,563,24.67,12.61,8.38,9430.0,74795.0,4.1323,16.7496,9430.0,74795.0,4.1323,7484
F. 100+,NONPAYER,UL Chuck,minutes,Bomb's Ballet,2282,527,23.09,12.28,11.17,9185.0,74795.0,4.025,17.4288,9185.0,74795.0,4.025,7484
F. 100+,NONPAYER,UL Chuck,minutes,Daily Gift,2282,101,4.43,8.1,2.05,6060.0,74795.0,2.6556,60.0,6060.0,74795.0,2.6556,7484
F. 100+,NONPAYER,UL Chuck,minutes,Photoshoot,2282,219,9.6,4.41,4.35,3300.0,74795.0,1.4461,15.0685,3300.0,74795.0,1.4461,7484
F. 100+,NONPAYER,UL Chuck,minutes,Other,2282,2,0.09,0.12,0.05,90.0,74795.0,0.0394,45.0,90.0,74795.0,0.0394,7484
F. 100+,NONPAYER,UL Red,minutes,Season Pass (Free),2568,1687,65.69,33.19,33.79,39140.0,117935.0,15.2414,23.2009,39140.0,117935.0,15.2414,7484
F. 100+,NONPAYER,UL Red,minutes,Rainbow Maker,2568,1725,67.17,21.76,25.86,25660.0,117935.0,9.9922,14.8754,25660.0,117935.0,9.9922,7484
F. 100+,NONPAYER,UL Red,minutes,Hatchling Hideaway,2568,1372,53.43,13.74,13.94,16210.0,117935.0,6.3123,11.8149,16210.0,117935.0,6.3123,7484
F. 100+,NONPAYER,UL Red,minutes,Jigsaw,2568,650,25.31,10.86,11.04,12810.0,117935.0,4.9883,19.7077,12810.0,117935.0,4.9883,7484
F. 100+,NONPAYER,UL Red,minutes,Bomb's Ballet,2568,520,20.25,8.85,8.48,10435.0,117935.0,4.0635,20.0673,10435.0,117935.0,4.0635,7484
F. 100+,NONPAYER,UL Red,minutes,Daily Gift,2568,154,6.0,7.94,2.67,9360.0,117935.0,3.6449,60.7792,9360.0,117935.0,3.6449,7484
F. 100+,NONPAYER,UL Red,minutes,Photoshoot,2568,279,10.86,3.56,4.14,4200.0,117935.0,1.6355,15.0538,4200.0,117935.0,1.6355,7484
F. 100+,NONPAYER,UL Red,minutes,Other,2568,2,0.08,0.08,0.04,90.0,117935.0,0.035,45.0,90.0,117935.0,0.035,7484
F. 100+,NONPAYER,UL Red,minutes,River Rush,2568,1,0.04,0.03,0.03,30.0,117935.0,0.0117,30.0,30.0,117935.0,0.0117,7484
F. 100+,NONPAYER,Unlimited Lives,minutes,Saga,2830,2829,99.96,54.04,50.45,2430610.0,4497935.0,858.8728,859.1764,2430610.0,4497935.0,858.8728,7484
F. 100+,NONPAYER,Unlimited Lives,minutes,Core,2830,2796,98.8,17.0,20.59,764490.0,4497935.0,270.1378,273.4227,764490.0,4497935.0,270.1378,7484
F. 100+,NONPAYER,Unlimited Lives,minutes,Rainbow Maker,2830,1974,69.75,4.9,4.43,220445.0,4497935.0,77.8958,111.6743,220445.0,4497935.0,77.8958,7484
F. 100+,NONPAYER,Unlimited Lives,minutes,Flock Flurry,2830,1617,57.14,4.43,4.11,199440.0,4497935.0,70.4735,123.3395,199440.0,4497935.0,70.4735,7484
F. 100+,NONPAYER,Unlimited Lives,minutes,Hatchling Hideaway,2830,1666,58.87,3.75,4.44,168660.0,4497935.0,59.5972,101.2365,168660.0,4497935.0,59.5972,7484
F. 100+,NONPAYER,Unlimited Lives,minutes,Season Pass (Free),2830,1623,57.35,3.71,5.12,167000.0,4497935.0,59.0106,102.8959,167000.0,4497935.0,59.0106,7484
F. 100+,NONPAYER,Unlimited Lives,minutes,Daily Night Sky Prize,2830,2621,92.61,3.64,3.38,163620.0,4497935.0,57.8163,62.4266,163620.0,4497935.0,57.8163,7484
F. 100+,NONPAYER,Unlimited Lives,minutes,Daily Gift,2830,1984,70.11,2.22,1.6,99910.0,4497935.0,35.3039,50.3579,99910.0,4497935.0,35.3039,7484
F. 100+,NONPAYER,Unlimited Lives,minutes,Jigsaw,2830,644,22.76,1.49,1.51,67080.0,4497935.0,23.7032,104.1615,67080.0,4497935.0,23.7032,7484
F. 100+,NONPAYER,Unlimited Lives,minutes,Bomb's Ballet,2830,532,18.8,1.15,1.03,51630.0,4497935.0,18.2438,97.0489,51630.0,4497935.0,18.2438,7484
F. 100+,NONPAYER,Unlimited Lives,minutes,Photoshoot,2830,364,12.86,1.1,0.9,49290.0,4497935.0,17.417,135.4121,49290.0,4497935.0,17.417,7484
F. 100+,NONPAYER,Unlimited Lives,minutes,Kite Festival,2830,1186,41.91,1.0,1.13,44780.0,4497935.0,15.8233,37.7572,44780.0,4497935.0,15.8233,7484
F. 100+,NONPAYER,Unlimited Lives,minutes,Target Day,2830,878,31.02,0.95,0.88,42930.0,4497935.0,15.1696,48.8952,42930.0,4497935.0,15.1696,7484
F. 100+,NONPAYER,Unlimited Lives,minutes,Other,2830,334,11.8,0.33,0.2,14840.0,4497935.0,5.2438,44.4311,14840.0,4497935.0,5.2438,7484
F. 100+,NONPAYER,Unlimited Lives,minutes,Ads,2830,485,17.14,0.27,0.21,12175.0,4497935.0,4.3021,25.1031,12175.0,4497935.0,4.3021,7484
F. 100+,NONPAYER,Unlimited Lives,minutes,Flash Race,2830,21,0.74,0.02,0.03,1035.0,4497935.0,0.3657,49.2857,1035.0,4497935.0,0.3657,7484
F. 100+,PAYER,Bomb,count,Saga,477,471,98.74,30.52,29.28,1853.0,6071.0,3.8847,3.9342,1853.0,6071.0,3.8847,1533
F. 100+,PAYER,Bomb,count,Core,477,375,78.62,17.9,22.01,1087.0,6071.0,2.2788,2.8987,1087.0,6071.0,2.2788,1533
F. 100+,PAYER,Bomb,count,Rainbow Maker,477,287,60.17,13.62,10.37,827.0,6071.0,1.7338,2.8815,827.0,6071.0,1.7338,1533
F. 100+,PAYER,Bomb,count,Season Pass (Free),477,256,53.67,10.76,10.73,653.0,6071.0,1.369,2.5508,653.0,6071.0,1.369,1533
F. 100+,PAYER,Bomb,count,Other,477,352,73.79,10.23,10.74,621.0,6071.0,1.3019,1.7642,621.0,6071.0,1.3019,1533
F. 100+,PAYER,Bomb,count,Hatchling Hideaway,477,301,63.1,5.73,6.8,348.0,6071.0,0.7296,1.1561,348.0,6071.0,0.7296,1533
F. 100+,PAYER,Bomb,count,Flock Flurry,477,152,31.87,4.46,4.03,271.0,6071.0,0.5681,1.7829,271.0,6071.0,0.5681,1533
F. 100+,PAYER,Bomb,count,Team Race,477,95,19.92,1.86,2.03,113.0,6071.0,0.2369,1.1895,113.0,6071.0,0.2369,1533
F. 100+,PAYER,Bomb,count,Flash Race,477,78,16.35,1.53,1.35,93.0,6071.0,0.195,1.1923,93.0,6071.0,0.195,1533
F. 100+,PAYER,Bomb,count,Jigsaw,477,66,13.84,1.1,0.96,67.0,6071.0,0.1405,1.0152,67.0,6071.0,0.1405,1533
F. 100+,PAYER,Bomb,count,Target Day,477,53,11.11,1.02,0.73,62.0,6071.0,0.13,1.1698,62.0,6071.0,0.13,1533
F. 100+,PAYER,Bomb,count,Bomb's Ballet,477,39,8.18,0.64,0.37,39.0,6071.0,0.0818,1.0,39.0,6071.0,0.0818,1533
F. 100+,PAYER,Bomb,count,Photoshoot,477,27,5.66,0.44,0.45,27.0,6071.0,0.0566,1.0,27.0,6071.0,0.0566,1533
F. 100+,PAYER,Bomb,count,Kite Festival,477,9,1.89,0.15,0.15,9.0,6071.0,0.0189,1.0,9.0,6071.0,0.0189,1533
F. 100+,PAYER,Bomb,count,Ads,477,1,0.21,0.02,0.02,1.0,6071.0,0.0021,1.0,1.0,6071.0,0.0021,1533
F. 100+,PAYER,Chuck,count,Saga,479,471,98.33,24.58,23.36,1851.0,7529.0,3.8643,3.9299,1851.0,7529.0,3.8643,1533
F. 100+,PAYER,Chuck,count,Core,479,380,79.33,18.58,18.63,1399.0,7529.0,2.9207,3.6816,1399.0,7529.0,2.9207,1533
F. 100+,PAYER,Chuck,count,Season Pass (Free),479,333,69.52,17.49,17.65,1317.0,7529.0,2.7495,3.955,1317.0,7529.0,2.7495,1533
F. 100+,PAYER,Chuck,count,Rainbow Maker,479,340,70.98,10.76,10.91,810.0,7529.0,1.691,2.3824,810.0,7529.0,1.691,1533
F. 100+,PAYER,Chuck,count,Other,479,354,73.9,8.27,7.93,623.0,7529.0,1.3006,1.7599,623.0,7529.0,1.3006,1533
F. 100+,PAYER,Chuck,count,Daily Night Sky Prize,479,307,64.09,6.32,6.93,476.0,7529.0,0.9937,1.5505,476.0,7529.0,0.9937,1533
F. 100+,PAYER,Chuck,count,Hatchling Hideaway,479,308,64.3,4.75,5.36,358.0,7529.0,0.7474,1.1623,358.0,7529.0,0.7474,1533
F. 100+,PAYER,Chuck,count,Flock Flurry,479,152,31.73,3.6,3.66,271.0,7529.0,0.5658,1.7829,271.0,7529.0,0.5658,1533
F. 100+,PAYER,Chuck,count,Jigsaw,479,126,26.3,1.71,1.96,129.0,7529.0,0.2693,1.0238,129.0,7529.0,0.2693,1533
F. 100+,PAYER,Chuck,count,Bomb's Ballet,479,106,22.13,1.45,1.39,109.0,7529.0,0.2276,1.0283,109.0,7529.0,0.2276,1533
F. 100+,PAYER,Chuck,count,Photoshoot,479,70,14.61,0.98,0.97,74.0,7529.0,0.1545,1.0571,74.0,7529.0,0.1545,1533
F. 100+,PAYER,Chuck,count,Flash Race,479,30,6.26,0.5,0.34,38.0,7529.0,0.0793,1.2667,38.0,7529.0,0.0793,1533
F. 100+,PAYER,Chuck,count,Target Day,479,29,6.05,0.4,0.34,30.0,7529.0,0.0626,1.0345,30.0,7529.0,0.0626,1533
F. 100+,PAYER,Chuck,count,Team Race,479,24,5.01,0.39,0.39,29.0,7529.0,0.0605,1.2083,29.0,7529.0,0.0605,1533
F. 100+,PAYER,Chuck,count,Kite Festival,479,9,1.88,0.12,0.1,9.0,7529.0,0.0188,1.0,9.0,7529.0,0.0188,1533
F. 100+,PAYER,Chuck,count,Ads,479,5,1.04,0.08,0.07,6.0,7529.0,0.0125,1.2,6.0,7529.0,0.0125,1533
F. 100+,PAYER,Comet,count,Rainbow Maker,470,341,72.55,53.66,20.35,3417.0,6368.0,7.2702,10.0205,3417.0,6368.0,7.2702,1533
F. 100+,PAYER,Comet,count,Core,470,390,82.98,11.84,26.2,754.0,6368.0,1.6043,1.9333,754.0,6368.0,1.6043,1533
F. 100+,PAYER,Comet,count,Hatchling Hideaway,470,300,63.83,5.46,11.59,348.0,6368.0,0.7404,1.16,348.0,6368.0,0.7404,1533
F. 100+,PAYER,Comet,count,Team Race,470,145,30.85,4.24,6.22,270.0,6368.0,0.5745,1.8621,270.0,6368.0,0.5745,1533
F. 100+,PAYER,Comet,count,Target Day,470,163,34.68,3.69,5.5,235.0,6368.0,0.5,1.4417,235.0,6368.0,0.5,1533
F. 100+,PAYER,Comet,count,Flash Race,470,162,34.47,3.66,6.8,233.0,6368.0,0.4957,1.4383,233.0,6368.0,0.4957,1533
F. 100+,PAYER,Comet,count,Season Pass (Free),470,66,14.04,3.33,4.66,212.0,6368.0,0.4511,3.2121,212.0,6368.0,0.4511,1533
F. 100+,PAYER,Comet,count,Other,470,124,26.38,2.92,3.98,186.0,6368.0,0.3957,1.5,186.0,6368.0,0.3957,1533
F. 100+,PAYER,Comet,count,Daily Night Sky Prize,470,97,20.64,2.32,3.58,148.0,6368.0,0.3149,1.5258,148.0,6368.0,0.3149,1533
F. 100+,PAYER,Comet,count,Ads,470,65,13.83,1.73,2.01,110.0,6368.0,0.234,1.6923,110.0,6368.0,0.234,1533
F. 100+,PAYER,Comet,count,Chuck Challenge,470,63,13.4,1.29,1.74,82.0,6368.0,0.1745,1.3016,82.0,6368.0,0.1745,1533
F. 100+,PAYER,Comet,count,Team Event,470,58,12.34,1.08,1.55,69.0,6368.0,0.1468,1.1897,69.0,6368.0,0.1468,1533
F. 100+,PAYER,Comet,count,Jigsaw,470,66,14.04,1.05,1.45,67.0,6368.0,0.1426,1.0152,67.0,6368.0,0.1426,1533
F. 100+,PAYER,Comet,count,Red Challenge,470,56,11.91,1.04,1.26,66.0,6368.0,0.1404,1.1786,66.0,6368.0,0.1404,1533
F. 100+,PAYER,Comet,count,Bomb Challenge,470,58,12.34,0.99,1.53,63.0,6368.0,0.134,1.0862,63.0,6368.0,0.134,1533
F. 100+,PAYER,Comet,count,Kite Festival,470,38,8.09,0.63,0.72,40.0,6368.0,0.0851,1.0526,40.0,6368.0,0.0851,1533
F. 100+,PAYER,Comet,count,Bomb's Ballet,470,39,8.3,0.61,0.47,39.0,6368.0,0.083,1.0,39.0,6368.0,0.083,1533
F. 100+,PAYER,Comet,count,Daily Gift,470,26,5.53,0.42,0.32,27.0,6368.0,0.0574,1.0385,27.0,6368.0,0.0574,1533
F. 100+,PAYER,Comet,count,Saga,470,2,0.43,0.03,0.08,2.0,6368.0,0.0043,1.0,2.0,6368.0,0.0043,1533
F. 100+,PAYER,HC,HC,Core,479,474,98.96,25.35,31.34,204080.0,805207.95,426.0543,430.5485,204080.0,1216708.0,426.0543,1533
F. 100+,PAYER,HC,HC,Daily Night Sky Prize,479,447,93.32,16.13,12.55,129850.0,805207.95,271.0856,290.4922,129850.0,1216708.0,271.0856,1533
F. 100+,PAYER,HC,HC,Saga,479,479,100.0,14.21,14.3,114420.0,805207.95,238.8727,238.8727,114420.0,1216708.0,238.8727,1533
F. 100+,PAYER,HC,HC,Rainbow Maker,479,364,75.99,5.92,4.95,47659.95,805207.95,99.4989,130.9339,459160.0,1216708.0,958.5804,1533
F. 100+,PAYER,HC,HC,Other,479,287,59.92,5.15,6.04,41488.0,805207.95,86.6138,144.5575,41488.0,1216708.0,86.6138,1533
F. 100+,PAYER,HC,HC,Season Pass (Free),479,347,72.44,5.08,6.35,40940.0,805207.95,85.4697,117.9827,40940.0,1216708.0,85.4697,1533
F. 100+,PAYER,HC,HC,Target Day,479,210,43.84,3.73,2.91,30000.0,805207.95,62.6305,142.8571,30000.0,1216708.0,62.6305,1533
F. 100+,PAYER,HC,HC,Kite Festival,479,102,21.29,2.68,1.83,21575.0,805207.95,45.0418,211.5196,21575.0,1216708.0,45.0418,1533
F. 100+,PAYER,HC,HC,Team Race,479,144,30.06,2.63,2.82,21145.0,805207.95,44.1441,146.8403,21145.0,1216708.0,44.1441,1533
F. 100+,PAYER,HC,HC,Chuck Challenge,479,93,19.42,2.47,1.81,19850.0,805207.95,41.4405,213.4409,19850.0,1216708.0,41.4405,1533
F. 100+,PAYER,HC,HC,Daily Gift,479,409,85.39,2.39,1.91,19275.0,805207.95,40.2401,47.1271,19275.0,1216708.0,40.2401,1533
F. 100+,PAYER,HC,HC,Team Event,479,112,23.38,2.29,1.56,18400.0,805207.95,38.4134,164.2857,18400.0,1216708.0,38.4134,1533
F. 100+,PAYER,HC,HC,Hatchling Hideaway,479,326,68.06,2.18,2.69,17535.0,805207.95,36.6075,53.7883,17535.0,1216708.0,36.6075,1533
F. 100+,PAYER,HC,HC,Flash Race,479,257,53.65,2.07,2.15,16630.0,805207.95,34.7182,64.7082,16630.0,1216708.0,34.7182,1533
F. 100+,PAYER,HC,HC,Red Challenge,479,75,15.66,2.03,1.57,16350.0,805207.95,34.1336,218.0,16350.0,1216708.0,34.1336,1533
F. 100+,PAYER,HC,HC,Bomb Challenge,479,87,18.16,1.97,1.65,15850.0,805207.95,33.0898,182.1839,15850.0,1216708.0,33.0898,1533
F. 100+,PAYER,HC,HC,Ads,479,205,42.8,1.24,1.07,10010.0,805207.95,20.8977,48.8293,10010.0,1216708.0,20.8977,1533
F. 100+,PAYER,HC,HC,Jigsaw,479,141,29.44,1.11,1.18,8975.0,805207.95,18.737,63.6525,8975.0,1216708.0,18.737,1533
F. 100+,PAYER,HC,HC,Bomb's Ballet,479,118,24.63,0.83,0.71,6650.0,805207.95,13.8831,56.3559,6650.0,1216708.0,13.8831,1533
F. 100+,PAYER,HC,HC,Photoshoot,479,76,15.87,0.56,0.62,4525.0,805207.95,9.4468,59.5395,4525.0,1216708.0,9.4468,1533
F. 100+,PAYER,Red,count,Saga,479,470,98.12,27.5,25.64,1955.0,7109.0,4.0814,4.1596,1955.0,7109.0,4.0814,1533
F. 100+,PAYER,Red,count,Season Pass (Free),479,318,66.39,17.63,18.25,1253.0,7109.0,2.6159,3.9403,1253.0,7109.0,2.6159,1533
F. 100+,PAYER,Red,count,Rainbow Maker,479,344,71.82,12.29,11.93,874.0,7109.0,1.8246,2.5407,874.0,7109.0,1.8246,1533
F. 100+,PAYER,Red,count,Daily Night Sky Prize,479,418,87.27,10.3,11.78,732.0,7109.0,1.5282,1.7512,732.0,7109.0,1.5282,1533
F. 100+,PAYER,Red,count,Core,479,357,74.53,9.87,9.64,702.0,7109.0,1.4656,1.9664,702.0,7109.0,1.4656,1533
F. 100+,PAYER,Red,count,Other,479,365,76.2,8.4,8.45,597.0,7109.0,1.2463,1.6356,597.0,7109.0,1.2463,1533
F. 100+,PAYER,Red,count,Hatchling Hideaway,479,319,66.6,5.3,6.11,377.0,7109.0,0.7871,1.1818,377.0,7109.0,0.7871,1533
F. 100+,PAYER,Red,count,Flock Flurry,479,152,31.73,3.81,3.4,271.0,7109.0,0.5658,1.7829,271.0,7109.0,0.5658,1533
F. 100+,PAYER,Red,count,Jigsaw,479,120,25.05,1.7,1.9,121.0,7109.0,0.2526,1.0083,121.0,7109.0,0.2526,1533
F. 100+,PAYER,Red,count,Bomb's Ballet,479,104,21.71,1.46,1.34,104.0,7109.0,0.2171,1.0,104.0,7109.0,0.2171,1533
F. 100+,PAYER,Red,count,Photoshoot,479,62,12.94,0.9,0.91,64.0,7109.0,0.1336,1.0323,64.0,7109.0,0.1336,1533
F. 100+,PAYER,Red,count,Target Day,479,19,3.97,0.28,0.19,20.0,7109.0,0.0418,1.0526,20.0,7109.0,0.0418,1533
F. 100+,PAYER,Red,count,Flash Race,479,17,3.55,0.24,0.2,17.0,7109.0,0.0355,1.0,17.0,7109.0,0.0355,1533
F. 100+,PAYER,Red,count,Team Race,479,10,2.09,0.17,0.14,12.0,7109.0,0.0251,1.2,12.0,7109.0,0.0251,1533
F. 100+,PAYER,Red,count,Kite Festival,479,8,1.67,0.11,0.09,8.0,7109.0,0.0167,1.0,8.0,7109.0,0.0167,1533
F. 100+,PAYER,Red,count,Ads,479,2,0.42,0.03,0.04,2.0,7109.0,0.0042,1.0,2.0,7109.0,0.0042,1533
F. 100+,PAYER,SPT,count,Core,472,416,88.14,78.26,71.74,1204278.0,1538886.67,2551.4364,2894.899,1204278.0,1562008.0,2551.4364,1533
F. 100+,PAYER,SPT,count,Rainbow Maker,472,357,75.64,15.05,18.2,231613.67,1538886.67,490.7069,648.7778,254735.0,1562008.0,539.6928,1533
F. 100+,PAYER,SPT,count,Other,472,324,68.64,2.62,4.0,40360.0,1538886.67,85.5085,124.5679,40360.0,1562008.0,85.5085,1533
F. 100+,PAYER,SPT,count,Kite Festival,472,128,27.12,1.87,1.96,28830.0,1538886.67,61.0805,225.2344,28830.0,1562008.0,61.0805,1533
F. 100+,PAYER,SPT,count,Flash Race,472,279,59.11,1.86,3.59,28550.0,1538886.67,60.4873,102.3297,28550.0,1562008.0,60.4873,1533
F. 100+,PAYER,SPT,count,Flock Flurry,472,144,30.51,0.34,0.5,5180.0,1538886.67,10.9746,35.9722,5180.0,1562008.0,10.9746,1533
F. 100+,PAYER,SPT,count,Season Pass (Free),472,5,1.06,0.0,0.01,75.0,1538886.67,0.1589,15.0,75.0,1562008.0,0.1589,1533
F. 100+,PAYER,SPTx2,minutes,Rainbow Maker,233,232,99.57,99.78,99.57,6830.0,6845.0,29.3133,29.4397,6830.0,6845.0,29.3133,1533
F. 100+,PAYER,SPTx2,minutes,Daily Gift,233,1,0.43,0.22,0.43,15.0,6845.0,0.0644,15.0,15.0,6845.0,0.0644,1533
F. 100+,PAYER,Shuffle,count,Rainbow Maker,479,355,74.11,36.67,14.98,3721.0,10148.0,7.7683,10.4817,3721.0,10148.0,7.7683,1533
F. 100+,PAYER,Shuffle,count,Core,479,446,93.11,20.53,30.45,2083.0,10148.0,4.3486,4.6704,2083.0,10148.0,4.3486,1533
F. 100+,PAYER,Shuffle,count,Saga,479,472,98.54,18.3,23.04,1857.0,10148.0,3.8768,3.9343,1857.0,10148.0,3.8768,1533
F. 100+,PAYER,Shuffle,count,Season Pass (Free),479,286,59.71,6.03,9.04,612.0,10148.0,1.2777,2.1399,612.0,10148.0,1.2777,1533
F. 100+,PAYER,Shuffle,count,Other,479,192,40.08,3.88,4.94,394.0,10148.0,0.8225,2.0521,394.0,10148.0,0.8225,1533
F. 100+,PAYER,Shuffle,count,Hatchling Hideaway,479,282,58.87,3.28,4.97,333.0,10148.0,0.6952,1.1809,333.0,10148.0,0.6952,1533
F. 100+,PAYER,Shuffle,count,Ads,479,104,21.71,1.97,1.96,200.0,10148.0,0.4175,1.9231,200.0,10148.0,0.4175,1533
F. 100+,PAYER,Shuffle,count,Team Race,479,122,25.47,1.62,2.33,164.0,10148.0,0.3424,1.3443,164.0,10148.0,0.3424,1533
F. 100+,PAYER,Shuffle,count,Flash Race,479,118,24.63,1.49,2.14,151.0,10148.0,0.3152,1.2797,151.0,10148.0,0.3152,1533
F. 100+,PAYER,Shuffle,count,Daily Gift,479,114,23.8,1.46,1.27,148.0,10148.0,0.309,1.2982,148.0,10148.0,0.309,1533
F. 100+,PAYER,Shuffle,count,Team Event,479,42,8.77,0.99,0.84,100.0,10148.0,0.2088,2.381,100.0,10148.0,0.2088,1533
F. 100+,PAYER,Shuffle,count,Target Day,479,79,16.49,0.99,0.98,100.0,10148.0,0.2088,1.2658,100.0,10148.0,0.2088,1533
F. 100+,PAYER,Shuffle,count,Kite Festival,479,52,10.86,0.54,0.49,55.0,10148.0,0.1148,1.0577,55.0,10148.0,0.1148,1533
F. 100+,PAYER,Shuffle,count,Chuck Challenge,479,44,9.19,0.52,0.63,53.0,10148.0,0.1106,1.2045,53.0,10148.0,0.1106,1533
F. 100+,PAYER,Shuffle,count,Bomb Challenge,479,44,9.19,0.48,0.52,49.0,10148.0,0.1023,1.1136,49.0,10148.0,0.1023,1533
F. 100+,PAYER,Shuffle,count,Red Challenge,479,42,8.77,0.47,0.63,48.0,10148.0,0.1002,1.1429,48.0,10148.0,0.1002,1533
F. 100+,PAYER,Shuffle,count,Photoshoot,479,40,8.35,0.39,0.52,40.0,10148.0,0.0835,1.0,40.0,10148.0,0.0835,1533
F. 100+,PAYER,Shuffle,count,Bomb's Ballet,479,39,8.14,0.39,0.29,40.0,10148.0,0.0835,1.0256,40.0,10148.0,0.0835,1533
F. 100+,PAYER,Slingshot,count,Rainbow Maker,479,348,72.65,38.44,19.42,4085.0,10627.0,8.5282,11.7385,4085.0,10627.0,8.5282,1533
F. 100+,PAYER,Slingshot,count,Saga,479,470,98.12,17.86,21.95,1898.0,10627.0,3.9624,4.0383,1898.0,10627.0,3.9624,1533
F. 100+,PAYER,Slingshot,count,Core,479,427,89.14,16.19,24.59,1721.0,10627.0,3.5929,4.0304,1721.0,10627.0,3.5929,1533
F. 100+,PAYER,Slingshot,count,Daily Night Sky Prize,479,391,81.63,5.87,10.01,624.0,10627.0,1.3027,1.5959,624.0,10627.0,1.3027,1533
F. 100+,PAYER,Slingshot,count,Season Pass (Free),479,165,34.45,3.52,4.18,374.0,10627.0,0.7808,2.2667,374.0,10627.0,0.7808,1533
F. 100+,PAYER,Slingshot,count,Daily Gift,479,255,53.24,3.16,3.77,336.0,10627.0,0.7015,1.3176,336.0,10627.0,0.7015,1533
F. 100+,PAYER,Slingshot,count,Hatchling Hideaway,479,239,49.9,2.79,3.35,297.0,10627.0,0.62,1.2427,297.0,10627.0,0.62,1533
F. 100+,PAYER,Slingshot,count,Other,479,143,29.85,2.7,2.48,287.0,10627.0,0.5992,2.007,287.0,10627.0,0.5992,1533
F. 100+,PAYER,Slingshot,count,Flock Flurry,479,152,31.73,2.55,2.94,271.0,10627.0,0.5658,1.7829,271.0,10627.0,0.5658,1533
F. 100+,PAYER,Slingshot,count,Ads,479,110,22.96,2.03,1.83,216.0,10627.0,0.4509,1.9636,216.0,10627.0,0.4509,1533
F. 100+,PAYER,Slingshot,count,Team Event,479,78,16.28,1.49,1.46,158.0,10627.0,0.3299,2.0256,158.0,10627.0,0.3299,1533
F. 100+,PAYER,Slingshot,count,Jigsaw,479,75,15.66,0.71,0.85,75.0,10627.0,0.1566,1.0,75.0,10627.0,0.1566,1533
F. 100+,PAYER,Slingshot,count,Flash Race,479,51,10.65,0.59,0.83,63.0,10627.0,0.1315,1.2353,63.0,10627.0,0.1315,1533
F. 100+,PAYER,Slingshot,count,Team Race,479,48,10.02,0.56,0.55,60.0,10627.0,0.1253,1.25,60.0,10627.0,0.1253,1533
F. 100+,PAYER,Slingshot,count,Bomb's Ballet,479,59,12.32,0.56,0.6,60.0,10627.0,0.1253,1.0169,60.0,10627.0,0.1253,1533
F. 100+,PAYER,Slingshot,count,Target Day,479,34,7.1,0.4,0.43,42.0,10627.0,0.0877,1.2353,42.0,10627.0,0.0877,1533
F. 100+,PAYER,Slingshot,count,Kite Festival,479,37,7.72,0.36,0.4,38.0,10627.0,0.0793,1.027,38.0,10627.0,0.0793,1533
F. 100+,PAYER,Slingshot,count,Bomb Challenge,479,9,1.88,0.08,0.15,9.0,10627.0,0.0188,1.0,9.0,10627.0,0.0188,1533
F. 100+,PAYER,Slingshot,count,Red Challenge,479,7,1.46,0.07,0.11,7.0,10627.0,0.0146,1.0,7.0,10627.0,0.0146,1533
F. 100+,PAYER,Slingshot,count,Chuck Challenge,479,6,1.25,0.06,0.1,6.0,10627.0,0.0125,1.0,6.0,10627.0,0.0125,1533
F. 100+,PAYER,UL Bomb,minutes,Jigsaw,270,128,47.41,30.57,36.54,2215.0,7245.0,8.2037,17.3047,2215.0,7245.0,8.2037,1533
F. 100+,PAYER,UL Bomb,minutes,Bomb's Ballet,270,115,42.59,28.85,33.4,2090.0,7245.0,7.7407,18.1739,2090.0,7245.0,7.7407,1533
F. 100+,PAYER,UL Bomb,minutes,Season Pass (Free),270,65,24.07,23.6,16.39,1710.0,7245.0,6.3333,26.3077,1710.0,7245.0,6.3333,1533
F. 100+,PAYER,UL Bomb,minutes,Photoshoot,270,44,16.3,9.11,10.41,660.0,7245.0,2.4444,15.0,660.0,7245.0,2.4444,1533
F. 100+,PAYER,UL Bomb,minutes,Daily Gift,270,18,6.67,7.45,2.98,540.0,7245.0,2.0,30.0,540.0,7245.0,2.0,1533
F. 100+,PAYER,UL Bomb,minutes,Other,270,1,0.37,0.41,0.28,30.0,7245.0,0.1111,30.0,30.0,7245.0,0.1111,1533
F. 100+,PAYER,UL Chuck,minutes,Season Pass (Free),434,261,60.14,36.26,34.59,6870.0,18945.0,15.8295,26.3218,6870.0,18945.0,15.8295,1533
F. 100+,PAYER,UL Chuck,minutes,Hatchling Hideaway,434,240,55.3,15.15,19.72,2870.0,18945.0,6.6129,11.9583,2870.0,18945.0,6.6129,1533
F. 100+,PAYER,UL Chuck,minutes,Jigsaw,434,141,32.49,13.64,15.0,2585.0,18945.0,5.9562,18.3333,2585.0,18945.0,5.9562,1533
F. 100+,PAYER,UL Chuck,minutes,Bomb's Ballet,434,119,27.42,11.59,12.23,2195.0,18945.0,5.0576,18.4454,2195.0,18945.0,5.0576,1533
F. 100+,PAYER,UL Chuck,minutes,Rainbow Maker,434,150,34.56,11.4,9.99,2160.0,18945.0,4.977,14.4,2160.0,18945.0,4.977,1533
F. 100+,PAYER,UL Chuck,minutes,Daily Gift,434,22,5.07,6.97,2.7,1320.0,18945.0,3.0415,60.0,1320.0,18945.0,3.0415,1533
F. 100+,PAYER,UL Chuck,minutes,Photoshoot,434,59,13.59,4.83,5.69,915.0,18945.0,2.1083,15.5085,915.0,18945.0,2.1083,1533
F. 100+,PAYER,UL Chuck,minutes,Other,434,1,0.23,0.16,0.09,30.0,18945.0,0.0691,30.0,30.0,18945.0,0.0691,1533
F. 100+,PAYER,UL Red,minutes,Season Pass (Free),461,317,68.76,38.25,35.47,9900.0,25880.0,21.4751,31.2303,9900.0,25880.0,21.4751,1533
F. 100+,PAYER,UL Red,minutes,Rainbow Maker,461,315,68.33,16.54,20.41,4280.0,25880.0,9.2842,13.5873,4280.0,25880.0,9.2842,1533
F. 100+,PAYER,UL Red,minutes,Hatchling Hideaway,461,280,60.74,12.67,15.14,3280.0,25880.0,7.115,11.7143,3280.0,25880.0,7.115,1533
F. 100+,PAYER,UL Red,minutes,Jigsaw,461,140,30.37,11.17,11.94,2890.0,25880.0,6.269,20.6429,2890.0,25880.0,6.269,1533
F. 100+,PAYER,UL Red,minutes,Bomb's Ballet,461,116,25.16,9.37,8.38,2425.0,25880.0,5.2603,20.9052,2425.0,25880.0,5.2603,1533
F. 100+,PAYER,UL Red,minutes,Daily Gift,461,34,7.38,7.88,3.47,2040.0,25880.0,4.4252,60.0,2040.0,25880.0,4.4252,1533
F. 100+,PAYER,UL Red,minutes,Photoshoot,461,66,14.32,4.0,5.14,1035.0,25880.0,2.2451,15.6818,1035.0,25880.0,2.2451,1533
F. 100+,PAYER,UL Red,minutes,Other,461,1,0.22,0.12,0.05,30.0,25880.0,0.0651,30.0,30.0,25880.0,0.0651,1533
F. 100+,PAYER,Unlimited Lives,minutes,Saga,479,479,100.0,52.99,50.13,497110.0,938192.0,1037.8079,1037.8079,497110.0,938192.0,1037.8079,1533
F. 100+,PAYER,Unlimited Lives,minutes,Core,479,456,95.2,12.91,14.61,121110.0,938192.0,252.8392,265.5921,121110.0,938192.0,252.8392,1533
F. 100+,PAYER,Unlimited Lives,minutes,Season Pass (Free),479,317,66.18,6.77,7.46,63480.0,938192.0,132.5261,200.2524,63480.0,938192.0,132.5261,1533
F. 100+,PAYER,Unlimited Lives,minutes,Rainbow Maker,479,356,74.32,5.15,5.22,48320.0,938192.0,100.8768,135.7303,48320.0,938192.0,100.8768,1533
F. 100+,PAYER,Unlimited Lives,minutes,Flock Flurry,479,316,65.97,4.62,4.67,43380.0,938192.0,90.5637,137.2785,43380.0,938192.0,90.5637,1533
F. 100+,PAYER,Unlimited Lives,minutes,Hatchling Hideaway,479,327,68.27,3.52,4.61,33060.0,938192.0,69.0188,101.1009,33060.0,938192.0,69.0188,1533
F. 100+,PAYER,Unlimited Lives,minutes,Daily Night Sky Prize,479,447,93.32,3.17,3.08,29770.0,938192.0,62.1503,66.5996,29770.0,938192.0,62.1503,1533
F. 100+,PAYER,Unlimited Lives,minutes,Daily Gift,479,355,74.11,2.36,1.83,22145.0,938192.0,46.2317,62.3803,22145.0,938192.0,46.2317,1533
F. 100+,PAYER,Unlimited Lives,minutes,Jigsaw,479,143,29.85,1.56,1.69,14670.0,938192.0,30.6263,102.5874,14670.0,938192.0,30.6263,1533
F. 100+,PAYER,Unlimited Lives,minutes,Other,479,155,32.36,1.52,1.15,14287.0,938192.0,29.8267,92.1742,14287.0,938192.0,29.8267,1533
F. 100+,PAYER,Unlimited Lives,minutes,Bomb's Ballet,479,122,25.47,1.29,1.2,12060.0,938192.0,25.1775,98.8525,12060.0,938192.0,25.1775,1533
F. 100+,PAYER,Unlimited Lives,minutes,Photoshoot,479,80,16.7,1.28,1.3,12000.0,938192.0,25.0522,150.0,12000.0,938192.0,25.0522,1533
F. 100+,PAYER,Unlimited Lives,minutes,Kite Festival,479,275,57.41,1.22,1.42,11405.0,938192.0,23.81,41.4727,11405.0,938192.0,23.81,1533
F. 100+,PAYER,Unlimited Lives,minutes,Target Day,479,200,41.75,1.13,1.09,10620.0,938192.0,22.1712,53.1,10620.0,938192.0,22.1712,1533
F. 100+,PAYER,Unlimited Lives,minutes,Ads,479,145,30.27,0.42,0.41,3935.0,938192.0,8.215,27.1379,3935.0,938192.0,8.215,1533
F. 100+,PAYER,Unlimited Lives,minutes,Flash Race,479,15,3.13,0.09,0.13,840.0,938192.0,1.7537,56.0,840.0,938192.0,1.7537,1533
