start_date,end_date,ab_group,segment,payer_flag,seg_rank,source,source_sort,resource,unit,resource_sort,segment_players,segment_player_days,gain_players,total_amount,amount_per_segment_player,amount_per_player_day,amount_per_gain_player,gain_player_rate_pct
2026-07-27,2026-08-16,Control,0-9,NONPAYER,1,Ads,1,HC,HC,1,31059,127141,5510,343410.0,11.0567,2.701,62.3249,17.74
2026-07-27,2026-08-16,Control,0-9,NONPAYER,1,Ads,1,Slingshot,count,2,31059,127141,3447,7758.0,0.2498,0.061,2.2507,11.1
2026-07-27,2026-08-16,Control,0-9,NONPAYER,1,Ads,1,Shuffle,count,3,31059,127141,3344,7497.0,0.2414,0.059,2.2419,10.77
2026-07-27,2026-08-16,Control,0-9,NONPAYER,1,Ads,1,Comet,count,4,31059,127141,2103,3517.0,0.1132,0.0277,1.6724,6.77
2026-07-27,2026-08-16,Control,0-9,NONPAYER,1,Ads,1,Red,count,5,31059,127141,0,0.0,0.0,0.0,0.0,0.0
2026-07-27,2026-08-16,Control,0-9,NONPAYER,1,Ads,1,Chuck,count,6,31059,127141,0,0.0,0.0,0.0,0.0,0.0
2026-07-27,2026-08-16,Control,0-9,NONPAYER,1,Ads,1,Bomb,count,7,31059,127141,0,0.0,0.0,0.0,0.0,0.0
2026-07-27,2026-08-16,Control,0-9,NONPAYER,1,Ads,1,UL Bomb,minutes,8,31059,127141,0,0.0,0.0,0.0,0.0,0.0
2026-07-27,2026-08-16,Control,0-9,NONPAYER,1,Ads,1,UL Chuck,minutes,9,31059,127141,0,0.0,0.0,0.0,0.0,0.0
2026-07-27,2026-08-16,Control,0-9,NONPAYER,1,Ads,1,UL Red,minutes,10,31059,127141,0,0.0,0.0,0.0,0.0,0.0
2026-07-27,2026-08-16,Control,0-9,NONPAYER,1,Ads,1,Unlimited Lives,minutes,11,31059,127141,3801,113235.0,3.6458,0.8906,29.7908,12.24
2026-07-27,2026-08-16,Control,0-9,NONPAYER,1,Ads,1,SPT,count,12,31059,127141,0,0.0,0.0,0.0,0.0,0.0
2026-07-27,2026-08-16,Control,0-9,NONPAYER,1,Ads,1,SPTx2,minutes,13,31059,127141,0,0.0,0.0,0.0,0.0,0.0
2026-07-27,2026-08-16,Control,0-9,NONPAYER,1,Bomb Challenge,2,HC,HC,1,31059,127141,289,27750.0,0.8935,0.2183,96.0208,0.93
2026-07-27,2026-08-16,Control,0-9,NONPAYER,1,Bomb Challenge,2,Slingshot,count,2,31059,127141,2416,2720.0,0.0876,0.0214,1.1258,7.78
2026-07-27,2026-08-16,Control,0-9,NONPAYER,1,Bomb Challenge,2,Shuffle,count,3,31059,127141,787,847.0,0.0273,0.0067,1.0762,2.53
2026-07-27,2026-08-16,Control,0-9,NONPAYER,1,Bomb Challenge,2,Comet,count,4,31059,127141,42,45.0,0.0014,0.0004,1.0714,0.14
2026-07-27,2026-08-16,Control,0-9,NONPAYER,1,Bomb Challenge,2,Red,count,5,31059,127141,2,2.0,0.0001,0.0,1.0,0.01
2026-07-27,2026-08-16,Control,0-9,NONPAYER,1,Bomb Challenge,2,Chuck,count,6,31059,127141,0,0.0,0.0,0.0,0.0,0.0
2026-07-27,2026-08-16,Control,0-9,NONPAYER,1,Bomb Challenge,2,Bomb,count,7,31059,127141,1,1.0,0.0,0.0,1.0,0.0
2026-07-27,2026-08-16,Control,0-9,NONPAYER,1,Bomb Challenge,2,UL Bomb,minutes,8,31059,127141,0,0.0,0.0,0.0,0.0,0.0
2026-07-27,2026-08-16,Control,0-9,NONPAYER,1,Bomb Challenge,2,UL Chuck,minutes,9,31059,127141,0,0.0,0.0,0.0,0.0,0.0
2026-07-27,2026-08-16,Control,0-9,NONPAYER,1,Bomb Challenge,2,UL Red,minutes,10,31059,127141,0,0.0,0.0,0.0,0.0,0.0
2026-07-27,2026-08-16,Control,0-9,NONPAYER,1,Bomb Challenge,2,Unlimited Lives,minutes,11,31059,127141,0,0.0,0.0,0.0,0.0,0.0
2026-07-27,2026-08-16,Control,0-9,NONPAYER,1,Bomb Challenge,2,SPT,count,12,31059,127141,0,0.0,0.0,0.0,0.0,0.0
2026-07-27,2026-08-16,Control,0-9,NONPAYER,1,Bomb Challenge,2,SPTx2,minutes,13,31059,127141,0,0.0,0.0,0.0,0.0,0.0
2026-07-27,2026-08-16,Control,0-9,NONPAYER,1,Bomb's Ballet,3,HC,HC,1,31059,127141,248,6475.0,0.2085,0.0509,26.1089,0.8
2026-07-27,2026-08-16,Control,0-9,NONPAYER,1,Bomb's Ballet,3,Slingshot,count,2,31059,127141,0,0.0,0.0,0.0,0.0,0.0
2026-07-27,2026-08-16,Control,0-9,NONPAYER,1,Bomb's Ballet,3,Shuffle,count,3,31059,127141,0,0.0,0.0,0.0,0.0,0.0
2026-07-27,2026-08-16,Control,0-9,NONPAYER,1,Bomb's Ballet,3,Comet,count,4,31059,127141,0,0.0,0.0,0.0,0.0,0.0
2026-07-27,2026-08-16,Control,0-9,NONPAYER,1,Bomb's Ballet,3,Red,count,5,31059,127141,17,17.0,0.0005,0.0001,1.0,0.05
2026-07-27,2026-08-16,Control,0-9,NONPAYER,1,Bomb's Ballet,3,Chuck,count,6,31059,127141,5711,5891.0,0.1897,0.0463,1.0315,18.39
2026-07-27,2026-08-16,Control,0-9,NONPAYER,1,Bomb's Ballet,3,Bomb,count,7,31059,127141,0,0.0,0.0,0.0,0.0,0.0
2026-07-27,2026-08-16,Control,0-9,NONPAYER,1,Bomb's Ballet,3,UL Bomb,minutes,8,31059,127141,51,520.0,0.0167,0.0041,10.1961,0.16
2026-07-27,2026-08-16,Control,0-9,NONPAYER,1,Bomb's Ballet,3,UL Chuck,minutes,9,31059,127141,1918,19460.0,0.6265,0.1531,10.146,6.18
2026-07-27,2026-08-16,Control,0-9,NONPAYER,1,Bomb's Ballet,3,UL Red,minutes,10,31059,127141,3429,34840.0,1.1217,0.274,10.1604,11.04
2026-07-27,2026-08-16,Control,0-9,NONPAYER,1,Bomb's Ballet,3,Unlimited Lives,minutes,11,31059,127141,860,27285.0,0.8785,0.2146,31.7267,2.77
2026-07-27,2026-08-16,Control,0-9,NONPAYER,1,Bomb's Ballet,3,SPT,count,12,31059,127141,0,0.0,0.0,0.0,0.0,0.0
2026-07-27,2026-08-16,Control,0-9,NONPAYER,1,Bomb's Ballet,3,SPTx2,minutes,13,31059,127141,0,0.0,0.0,0.0,0.0,0.0
2026-07-27,2026-08-16,Control,0-9,NONPAYER,1,Chuck Challenge,4,HC,HC,1,31059,127141,26,2750.0,0.0885,0.0216,105.7692,0.08
2026-07-27,2026-08-16,Control,0-9,NONPAYER,1,Chuck Challenge,4,Slingshot,count,2,31059,127141,47,54.0,0.0017,0.0004,1.1489,0.15
2026-07-27,2026-08-16,Control,0-9,NONPAYER,1,Chuck Challenge,4,Shuffle,count,3,31059,127141,45,46.0,0.0015,0.0004,1.0222,0.14
2026-07-27,2026-08-16,Control,0-9,NONPAYER,1,Chuck Challenge,4,Comet,count,4,31059,127141,5,5.0,0.0002,0.0,1.0,0.02
2026-07-27,2026-08-16,Control,0-9,NONPAYER,1,Chuck Challenge,4,Red,count,5,31059,127141,0,0.0,0.0,0.0,0.0,0.0
2026-07-27,2026-08-16,Control,0-9,NONPAYER,1,Chuck Challenge,4,Chuck,count,6,31059,127141,0,0.0,0.0,0.0,0.0,0.0
2026-07-27,2026-08-16,Control,0-9,NONPAYER,1,Chuck Challenge,4,Bomb,count,7,31059,127141,0,0.0,0.0,0.0,0.0,0.0
2026-07-27,2026-08-16,Control,0-9,NONPAYER,1,Chuck Challenge,4,UL Bomb,minutes,8,31059,127141,0,0.0,0.0,0.0,0.0,0.0
2026-07-27,2026-08-16,Control,0-9,NONPAYER,1,Chuck Challenge,4,UL Chuck,minutes,9,31059,127141,0,0.0,0.0,0.0,0.0,0.0
2026-07-27,2026-08-16,Control,0-9,NONPAYER,1,Chuck Challenge,4,UL Red,minutes,10,31059,127141,0,0.0,0.0,0.0,0.0,0.0
2026-07-27,2026-08-16,Control,0-9,NONPAYER,1,Chuck Challenge,4,Unlimited Lives,minutes,11,31059,127141,0,0.0,0.0,0.0,0.0,0.0
2026-07-27,2026-08-16,Control,0-9,NONPAYER,1,Chuck Challenge,4,SPT,count,12,31059,127141,0,0.0,0.0,0.0,0.0,0.0
2026-07-27,2026-08-16,Control,0-9,NONPAYER,1,Chuck Challenge,4,SPTx2,minutes,13,31059,127141,0,0.0,0.0,0.0,0.0,0.0
2026-07-27,2026-08-16,Control,0-9,NONPAYER,1,Core,5,HC,HC,1,31059,127141,9867,432210.0,13.9158,3.3995,43.8036,31.77
2026-07-27,2026-08-16,Control,0-9,NONPAYER,1,Core,5,Slingshot,count,2,31059,127141,2872,2982.0,0.096,0.0235,1.0383,9.25
2026-07-27,2026-08-16,Control,0-9,NONPAYER,1,Core,5,Shuffle,count,3,31059,127141,4534,4771.0,0.1536,0.0375,1.0523,14.6
2026-07-27,2026-08-16,Control,0-9,NONPAYER,1,Core,5,Comet,count,4,31059,127141,2146,2195.0,0.0707,0.0173,1.0228,6.91
2026-07-27,2026-08-16,Control,0-9,NONPAYER,1,Core,5,Red,count,5,31059,127141,1530,1591.0,0.0512,0.0125,1.0399,4.93
2026-07-27,2026-08-16,Control,0-9,NONPAYER,1,Core,5,Chuck,count,6,31059,127141,1621,1718.0,0.0553,0.0135,1.0598,5.22
2026-07-27,2026-08-16,Control,0-9,NONPAYER,1,Core,5,Bomb,count,7,31059,127141,1354,1399.0,0.045,0.011,1.0332,4.36
2026-07-27,2026-08-16,Control,0-9,NONPAYER,1,Core,5,UL Bomb,minutes,8,31059,127141,0,0.0,0.0,0.0,0.0,0.0
2026-07-27,2026-08-16,Control,0-9,NONPAYER,1,Core,5,UL Chuck,minutes,9,31059,127141,0,0.0,0.0,0.0,0.0,0.0
2026-07-27,2026-08-16,Control,0-9,NONPAYER,1,Core,5,UL Red,minutes,10,31059,127141,0,0.0,0.0,0.0,0.0,0.0
2026-07-27,2026-08-16,Control,0-9,NONPAYER,1,Core,5,Unlimited Lives,minutes,11,31059,127141,5674,266550.0,8.5821,2.0965,46.9774,18.27
2026-07-27,2026-08-16,Control,0-9,NONPAYER,1,Core,5,SPT,count,12,31059,127141,27241,8938853.0,287.8023,70.3066,328.1397,87.71
2026-07-27,2026-08-16,Control,0-9,NONPAYER,1,Core,5,SPTx2,minutes,13,31059,127141,0,0.0,0.0,0.0,0.0,0.0
2026-07-27,2026-08-16,Control,0-9,NONPAYER,1,Daily Gift,6,HC,HC,1,31059,127141,24366,2021495.0,65.0856,15.8996,82.9638,78.45
2026-07-27,2026-08-16,Control,0-9,NONPAYER,1,Daily Gift,6,Slingshot,count,2,31059,127141,10768,19642.0,0.6324,0.1545,1.8241,34.67
2026-07-27,2026-08-16,Control,0-9,NONPAYER,1,Daily Gift,6,Shuffle,count,3,31059,127141,8271,12467.0,0.4014,0.0981,1.5073,26.63
2026-07-27,2026-08-16,Control,0-9,NONPAYER,1,Daily Gift,6,Comet,count,4,31059,127141,1790,1848.0,0.0595,0.0145,1.0324,5.76
2026-07-27,2026-08-16,Control,0-9,NONPAYER,1,Daily Gift,6,Red,count,5,31059,127141,0,0.0,0.0,0.0,0.0,0.0
2026-07-27,2026-08-16,Control,0-9,NONPAYER,1,Daily Gift,6,Chuck,count,6,31059,127141,0,0.0,0.0,0.0,0.0,0.0
2026-07-27,2026-08-16,Control,0-9,NONPAYER,1,Daily Gift,6,Bomb,count,7,31059,127141,0,0.0,0.0,0.0,0.0,0.0
2026-07-27,2026-08-16,Control,0-9,NONPAYER,1,Daily Gift,6,UL Bomb,minutes,8,31059,127141,1692,51330.0,1.6527,0.4037,30.3369,5.45
2026-07-27,2026-08-16,Control,0-9,NONPAYER,1,Daily Gift,6,UL Chuck,minutes,9,31059,127141,1667,101220.0,3.259,0.7961,60.7199,5.37
2026-07-27,2026-08-16,Control,0-9,NONPAYER,1,Daily Gift,6,UL Red,minutes,10,31059,127141,1749,106320.0,3.4232,0.8362,60.789,5.63
2026-07-27,2026-08-16,Control,0-9,NONPAYER,1,Daily Gift,6,Unlimited Lives,minutes,11,31059,127141,21457,1875035.0,60.3701,14.7477,87.3857,69.08
2026-07-27,2026-08-16,Control,0-9,NONPAYER,1,Daily Gift,6,SPT,count,12,31059,127141,0,0.0,0.0,0.0,0.0,0.0
2026-07-27,2026-08-16,Control,0-9,NONPAYER,1,Daily Gift,6,SPTx2,minutes,13,31059,127141,39,675.0,0.0217,0.0053,17.3077,0.13
2026-07-27,2026-08-16,Control,0-9,NONPAYER,1,Daily Night Sky Prize,7,HC,HC,1,31059,127141,11500,374720.0,12.0648,2.9473,32.5843,37.03
2026-07-27,2026-08-16,Control,0-9,NONPAYER,1,Daily Night Sky Prize,7,Slingshot,count,2,31059,127141,4501,6705.0,0.2159,0.0527,1.4897,14.49
2026-07-27,2026-08-16,Control,0-9,NONPAYER,1,Daily Night Sky Prize,7,Shuffle,count,3,31059,127141,3,5.0,0.0002,0.0,1.6667,0.01
2026-07-27,2026-08-16,Control,0-9,NONPAYER,1,Daily Night Sky Prize,7,Comet,count,4,31059,127141,3,4.0,0.0001,0.0,1.3333,0.01
2026-07-27,2026-08-16,Control,0-9,NONPAYER,1,Daily Night Sky Prize,7,Red,count,5,31059,127141,10350,21936.0,0.7063,0.1725,2.1194,33.32
2026-07-27,2026-08-16,Control,0-9,NONPAYER,1,Daily Night Sky Prize,7,Chuck,count,6,31059,127141,4500,6704.0,0.2158,0.0527,1.4898,14.49
2026-07-27,2026-08-16,Control,0-9,NONPAYER,1,Daily Night Sky Prize,7,Bomb,count,7,31059,127141,1,2.0,0.0001,0.0,2.0,0.0
2026-07-27,2026-08-16,Control,0-9,NONPAYER,1,Daily Night Sky Prize,7,UL Bomb,minutes,8,31059,127141,0,0.0,0.0,0.0,0.0,0.0
2026-07-27,2026-08-16,Control,0-9,NONPAYER,1,Daily Night Sky Prize,7,UL Chuck,minutes,9,31059,127141,1,10.0,0.0003,0.0001,10.0,0.0
2026-07-27,2026-08-16,Control,0-9,NONPAYER,1,Daily Night Sky Prize,7,UL Red,minutes,10,31059,127141,0,0.0,0.0,0.0,0.0,0.0
2026-07-27,2026-08-16,Control,0-9,NONPAYER,1,Daily Night Sky Prize,7,Unlimited Lives,minutes,11,31059,127141,15475,955480.0,30.7634,7.5151,61.7435,49.82
2026-07-27,2026-08-16,Control,0-9,NONPAYER,1,Daily Night Sky Prize,7,SPT,count,12,31059,127141,0,0.0,0.0,0.0,0.0,0.0
2026-07-27,2026-08-16,Control,0-9,NONPAYER,1,Daily Night Sky Prize,7,SPTx2,minutes,13,31059,127141,0,0.0,0.0,0.0,0.0,0.0
2026-07-27,2026-08-16,Control,0-9,NONPAYER,1,Flock Flurry,8,HC,HC,1,31059,127141,0,0.0,0.0,0.0,0.0,0.0
2026-07-27,2026-08-16,Control,0-9,NONPAYER,1,Flock Flurry,8,Slingshot,count,2,31059,127141,2578,3164.0,0.1019,0.0249,1.2273,8.3
2026-07-27,2026-08-16,Control,0-9,NONPAYER,1,Flock Flurry,8,Shuffle,count,3,31059,127141,0,0.0,0.0,0.0,0.0,0.0
2026-07-27,2026-08-16,Control,0-9,NONPAYER,1,Flock Flurry,8,Comet,count,4,31059,127141,0,0.0,0.0,0.0,0.0,0.0
2026-07-27,2026-08-16,Control,0-9,NONPAYER,1,Flock Flurry,8,Red,count,5,31059,127141,2578,3164.0,0.1019,0.0249,1.2273,8.3
2026-07-27,2026-08-16,Control,0-9,NONPAYER,1,Flock Flurry,8,Chuck,count,6,31059,127141,2578,3164.0,0.1019,0.0249,1.2273,8.3
2026-07-27,2026-08-16,Control,0-9,NONPAYER,1,Flock Flurry,8,Bomb,count,7,31059,127141,2578,3164.0,0.1019,0.0249,1.2273,8.3
2026-07-27,2026-08-16,Control,0-9,NONPAYER,1,Flock Flurry,8,UL Bomb,minutes,8,31059,127141,0,0.0,0.0,0.0,0.0,0.0
2026-07-27,2026-08-16,Control,0-9,NONPAYER,1,Flock Flurry,8,UL Chuck,minutes,9,31059,127141,0,0.0,0.0,0.0,0.0,0.0
2026-07-27,2026-08-16,Control,0-9,NONPAYER,1,Flock Flurry,8,UL Red,minutes,10,31059,127141,0,0.0,0.0,0.0,0.0,0.0
2026-07-27,2026-08-16,Control,0-9,NONPAYER,1,Flock Flurry,8,Unlimited Lives,minutes,11,31059,127141,14575,2202960.0,70.9282,17.3269,151.1465,46.93
2026-07-27,2026-08-16,Control,0-9,NONPAYER,1,Flock Flurry,8,SPT,count,12,31059,127141,2199,54100.0,1.7418,0.4255,24.6021,7.08
2026-07-27,2026-08-16,Control,0-9,NONPAYER,1,Flock Flurry,8,SPTx2,minutes,13,31059,127141,0,0.0,0.0,0.0,0.0,0.0
2026-07-27,2026-08-16,Control,0-9,NONPAYER,1,Hatchling Hideaway,9,HC,HC,1,31059,127141,3043,41715.0,1.3431,0.3281,13.7085,9.8
2026-07-27,2026-08-16,Control,0-9,NONPAYER,1,Hatchling Hideaway,9,Slingshot,count,2,31059,127141,179,191.0,0.0061,0.0015,1.067,0.58
2026-07-27,2026-08-16,Control,0-9,NONPAYER,1,Hatchling Hideaway,9,Shuffle,count,3,31059,127141,525,565.0,0.0182,0.0044,1.0762,1.69
2026-07-27,2026-08-16,Control,0-9,NONPAYER,1,Hatchling Hideaway,9,Comet,count,4,31059,127141,88,91.0,0.0029,0.0007,1.0341,0.28
2026-07-27,2026-08-16,Control,0-9,NONPAYER,1,Hatchling Hideaway,9,Red,count,5,31059,127141,10269,14793.0,0.4763,0.1164,1.4405,33.06
2026-07-27,2026-08-16,Control,0-9,NONPAYER,1,Hatchling Hideaway,9,Chuck,count,6,31059,127141,2992,3521.0,0.1134,0.0277,1.1768,9.63
2026-07-27,2026-08-16,Control,0-9,NONPAYER,1,Hatchling Hideaway,9,Bomb,count,7,31059,127141,525,565.0,0.0182,0.0044,1.0762,1.69
2026-07-27,2026-08-16,Control,0-9,NONPAYER,1,Hatchling Hideaway,9,UL Bomb,minutes,8,31059,127141,0,0.0,0.0,0.0,0.0,0.0
2026-07-27,2026-08-16,Control,0-9,NONPAYER,1,Hatchling Hideaway,9,UL Chuck,minutes,9,31059,127141,88,910.0,0.0293,0.0072,10.3409,0.28
2026-07-27,2026-08-16,Control,0-9,NONPAYER,1,Hatchling Hideaway,9,UL Red,minutes,10,31059,127141,179,1910.0,0.0615,0.015,10.6704,0.58
2026-07-27,2026-08-16,Control,0-9,NONPAYER,1,Hatchling Hideaway,9,Unlimited Lives,minutes,11,31059,127141,10349,904530.0,29.123,7.1144,87.4026,33.32
2026-07-27,2026-08-16,Control,0-9,NONPAYER,1,Hatchling Hideaway,9,SPT,count,12,31059,127141,0,0.0,0.0,0.0,0.0,0.0
2026-07-27,2026-08-16,Control,0-9,NONPAYER,1,Hatchling Hideaway,9,SPTx2,minutes,13,31059,127141,0,0.0,0.0,0.0,0.0,0.0
2026-07-27,2026-08-16,Control,0-9,NONPAYER,1,Jigsaw,10,HC,HC,1,31059,127141,304,9075.0,0.2922,0.0714,29.852,0.98
2026-07-27,2026-08-16,Control,0-9,NONPAYER,1,Jigsaw,10,Slingshot,count,2,31059,127141,0,0.0,0.0,0.0,0.0,0.0
2026-07-27,2026-08-16,Control,0-9,NONPAYER,1,Jigsaw,10,Shuffle,count,3,31059,127141,0,0.0,0.0,0.0,0.0,0.0
2026-07-27,2026-08-16,Control,0-9,NONPAYER,1,Jigsaw,10,Comet,count,4,31059,127141,1,1.0,0.0,0.0,1.0,0.0
2026-07-27,2026-08-16,Control,0-9,NONPAYER,1,Jigsaw,10,Red,count,5,31059,127141,76,91.0,0.0029,0.0007,1.1974,0.24
2026-07-27,2026-08-16,Control,0-9,NONPAYER,1,Jigsaw,10,Chuck,count,6,31059,127141,7376,8798.0,0.2833,0.0692,1.1928,23.75
2026-07-27,2026-08-16,Control,0-9,NONPAYER,1,Jigsaw,10,Bomb,count,7,31059,127141,1,1.0,0.0,0.0,1.0,0.0
2026-07-27,2026-08-16,Control,0-9,NONPAYER,1,Jigsaw,10,UL Bomb,minutes,8,31059,127141,77,875.0,0.0282,0.0069,11.3636,0.25
2026-07-27,2026-08-16,Control,0-9,NONPAYER,1,Jigsaw,10,UL Chuck,minutes,9,31059,127141,2827,32130.0,1.0345,0.2527,11.3654,9.1
2026-07-27,2026-08-16,Control,0-9,NONPAYER,1,Jigsaw,10,UL Red,minutes,10,31059,127141,5062,57665.0,1.8566,0.4536,11.3917,16.3
2026-07-27,2026-08-16,Control,0-9,NONPAYER,1,Jigsaw,10,Unlimited Lives,minutes,11,31059,127141,1200,45060.0,1.4508,0.3544,37.55,3.86
2026-07-27,2026-08-16,Control,0-9,NONPAYER,1,Jigsaw,10,SPT,count,12,31059,127141,0,0.0,0.0,0.0,0.0,0.0
2026-07-27,2026-08-16,Control,0-9,NONPAYER,1,Jigsaw,10,SPTx2,minutes,13,31059,127141,0,0.0,0.0,0.0,0.0,0.0
2026-07-27,2026-08-16,Control,0-9,NONPAYER,1,Kite Festival,11,HC,HC,1,31059,127141,60,10000.0,0.322,0.0787,166.6667,0.19
2026-07-27,2026-08-16,Control,0-9,NONPAYER,1,Kite Festival,11,Slingshot,count,2,31059,127141,146,154.0,0.005,0.0012,1.0548,0.47
2026-07-27,2026-08-16,Control,0-9,NONPAYER,1,Kite Festival,11,Shuffle,count,3,31059,127141,60,62.0,0.002,0.0005,1.0333,0.19
2026-07-27,2026-08-16,Control,0-9,NONPAYER,1,Kite Festival,11,Comet,count,4,31059,127141,7,8.0,0.0003,0.0001,1.1429,0.02
2026-07-27,2026-08-16,Control,0-9,NONPAYER,1,Kite Festival,11,Red,count,5,31059,127141,120,123.0,0.004,0.001,1.025,0.39
2026-07-27,2026-08-16,Control,0-9,NONPAYER,1,Kite Festival,11,Chuck,count,6,31059,127141,81,82.0,0.0026,0.0006,1.0123,0.26
2026-07-27,2026-08-16,Control,0-9,NONPAYER,1,Kite Festival,11,Bomb,count,7,31059,127141,72,74.0,0.0024,0.0006,1.0278,0.23
2026-07-27,2026-08-16,Control,0-9,NONPAYER,1,Kite Festival,11,UL Bomb,minutes,8,31059,127141,0,0.0,0.0,0.0,0.0,0.0
2026-07-27,2026-08-16,Control,0-9,NONPAYER,1,Kite Festival,11,UL Chuck,minutes,9,31059,127141,0,0.0,0.0,0.0,0.0,0.0
2026-07-27,2026-08-16,Control,0-9,NONPAYER,1,Kite Festival,11,UL Red,minutes,10,31059,127141,0,0.0,0.0,0.0,0.0,0.0
2026-07-27,2026-08-16,Control,0-9,NONPAYER,1,Kite Festival,11,Unlimited Lives,minutes,11,31059,127141,3885,145795.0,4.6941,1.1467,37.5277,12.51
2026-07-27,2026-08-16,Control,0-9,NONPAYER,1,Kite Festival,11,SPT,count,12,31059,127141,878,75490.0,2.4305,0.5938,85.9795,2.83
2026-07-27,2026-08-16,Control,0-9,NONPAYER,1,Kite Festival,11,SPTx2,minutes,13,31059,127141,0,0.0,0.0,0.0,0.0,0.0
2026-07-27,2026-08-16,Control,0-9,NONPAYER,1,Level Race,12,HC,HC,1,31059,127141,0,0.0,0.0,0.0,0.0,0.0
2026-07-27,2026-08-16,Control,0-9,NONPAYER,1,Level Race,12,Slingshot,count,2,31059,127141,0,0.0,0.0,0.0,0.0,0.0
2026-07-27,2026-08-16,Control,0-9,NONPAYER,1,Level Race,12,Shuffle,count,3,31059,127141,0,0.0,0.0,0.0,0.0,0.0
2026-07-27,2026-08-16,Control,0-9,NONPAYER,1,Level Race,12,Comet,count,4,31059,127141,0,0.0,0.0,0.0,0.0,0.0
2026-07-27,2026-08-16,Control,0-9,NONPAYER,1,Level Race,12,Red,count,5,31059,127141,0,0.0,0.0,0.0,0.0,0.0
2026-07-27,2026-08-16,Control,0-9,NONPAYER,1,Level Race,12,Chuck,count,6,31059,127141,0,0.0,0.0,0.0,0.0,0.0
2026-07-27,2026-08-16,Control,0-9,NONPAYER,1,Level Race,12,Bomb,count,7,31059,127141,0,0.0,0.0,0.0,0.0,0.0
2026-07-27,2026-08-16,Control,0-9,NONPAYER,1,Level Race,12,UL Bomb,minutes,8,31059,127141,0,0.0,0.0,0.0,0.0,0.0
2026-07-27,2026-08-16,Control,0-9,NONPAYER,1,Level Race,12,UL Chuck,minutes,9,31059,127141,0,0.0,0.0,0.0,0.0,0.0
2026-07-27,2026-08-16,Control,0-9,NONPAYER,1,Level Race,12,UL Red,minutes,10,31059,127141,0,0.0,0.0,0.0,0.0,0.0
2026-07-27,2026-08-16,Control,0-9,NONPAYER,1,Level Race,12,Unlimited Lives,minutes,11,31059,127141,0,0.0,0.0,0.0,0.0,0.0
2026-07-27,2026-08-16,Control,0-9,NONPAYER,1,Level Race,12,SPT,count,12,31059,127141,0,0.0,0.0,0.0,0.0,0.0
2026-07-27,2026-08-16,Control,0-9,NONPAYER,1,Level Race,12,SPTx2,minutes,13,31059,127141,0,0.0,0.0,0.0,0.0,0.0
2026-07-27,2026-08-16,Control,0-9,NONPAYER,1,Other,13,HC,HC,1,31059,127141,3782,150488.0,4.8452,1.1836,39.7906,12.18
2026-07-27,2026-08-16,Control,0-9,NONPAYER,1,Other,13,Slingshot,count,2,31059,127141,3425,3964.0,0.1276,0.0312,1.1574,11.03
2026-07-27,2026-08-16,Control,0-9,NONPAYER,1,Other,13,Shuffle,count,3,31059,127141,1544,1861.0,0.0599,0.0146,1.2053,4.97
2026-07-27,2026-08-16,Control,0-9,NONPAYER,1,Other,13,Comet,count,4,31059,127141,642,677.0,0.0218,0.0053,1.0545,2.07
2026-07-27,2026-08-16,Control,0-9,NONPAYER,1,Other,13,Red,count,5,31059,127141,12919,18903.0,0.6086,0.1487,1.4632,41.6
2026-07-27,2026-08-16,Control,0-9,NONPAYER,1,Other,13,Chuck,count,6,31059,127141,12750,18605.0,0.599,0.1463,1.4592,41.05
2026-07-27,2026-08-16,Control,0-9,NONPAYER,1,Other,13,Bomb,count,7,31059,127141,12625,18459.0,0.5943,0.1452,1.4621,40.65
2026-07-27,2026-08-16,Control,0-9,NONPAYER,1,Other,13,UL Bomb,minutes,8,31059,127141,96,3180.0,0.1024,0.025,33.125,0.31
2026-07-27,2026-08-16,Control,0-9,NONPAYER,1,Other,13,UL Chuck,minutes,9,31059,127141,96,3180.0,0.1024,0.025,33.125,0.31
2026-07-27,2026-08-16,Control,0-9,NONPAYER,1,Other,13,UL Red,minutes,10,31059,127141,99,3195.0,0.1029,0.0251,32.2727,0.32
2026-07-27,2026-08-16,Control,0-9,NONPAYER,1,Other,13,Unlimited Lives,minutes,11,31059,127141,3141,127997.0,4.1211,1.0067,40.7504,10.11
2026-07-27,2026-08-16,Control,0-9,NONPAYER,1,Other,13,SPT,count,12,31059,127141,10676,613318.0,19.7469,4.8239,57.4483,34.37
2026-07-27,2026-08-16,Control,0-9,NONPAYER,1,Other,13,SPTx2,minutes,13,31059,127141,0,0.0,0.0,0.0,0.0,0.0
2026-07-27,2026-08-16,Control,0-9,NONPAYER,1,Photoshoot,14,HC,HC,1,31059,127141,300,7850.0,0.2527,0.0617,26.1667,0.97
2026-07-27,2026-08-16,Control,0-9,NONPAYER,1,Photoshoot,14,Slingshot,count,2,31059,127141,0,0.0,0.0,0.0,0.0,0.0
2026-07-27,2026-08-16,Control,0-9,NONPAYER,1,Photoshoot,14,Shuffle,count,3,31059,127141,1,1.0,0.0,0.0,1.0,0.0
2026-07-27,2026-08-16,Control,0-9,NONPAYER,1,Photoshoot,14,Comet,count,4,31059,127141,0,0.0,0.0,0.0,0.0,0.0
2026-07-27,2026-08-16,Control,0-9,NONPAYER,1,Photoshoot,14,Red,count,5,31059,127141,25,25.0,0.0008,0.0002,1.0,0.08
2026-07-27,2026-08-16,Control,0-9,NONPAYER,1,Photoshoot,14,Chuck,count,6,31059,127141,1829,1880.0,0.0605,0.0148,1.0279,5.89
2026-07-27,2026-08-16,Control,0-9,NONPAYER,1,Photoshoot,14,Bomb,count,7,31059,127141,0,0.0,0.0,0.0,0.0,0.0
2026-07-27,2026-08-16,Control,0-9,NONPAYER,1,Photoshoot,14,UL Bomb,minutes,8,31059,127141,1,15.0,0.0005,0.0001,15.0,0.0
2026-07-27,2026-08-16,Control,0-9,NONPAYER,1,Photoshoot,14,UL Chuck,minutes,9,31059,127141,10,150.0,0.0048,0.0012,15.0,0.03
2026-07-27,2026-08-16,Control,0-9,NONPAYER,1,Photoshoot,14,UL Red,minutes,10,31059,127141,76,1140.0,0.0367,0.009,15.0,0.24
2026-07-27,2026-08-16,Control,0-9,NONPAYER,1,Photoshoot,14,Unlimited Lives,minutes,11,31059,127141,865,28290.0,0.9108,0.2225,32.7052,2.79
2026-07-27,2026-08-16,Control,0-9,NONPAYER,1,Photoshoot,14,SPT,count,12,31059,127141,0,0.0,0.0,0.0,0.0,0.0
2026-07-27,2026-08-16,Control,0-9,NONPAYER,1,Photoshoot,14,SPTx2,minutes,13,31059,127141,0,0.0,0.0,0.0,0.0,0.0
2026-07-27,2026-08-16,Control,0-9,NONPAYER,1,Red Challenge,15,HC,HC,1,31059,127141,330,32500.0,1.0464,0.2556,98.4848,1.06
2026-07-27,2026-08-16,Control,0-9,NONPAYER,1,Red Challenge,15,Slingshot,count,2,31059,127141,2959,3303.0,0.1063,0.026,1.1163,9.53
2026-07-27,2026-08-16,Control,0-9,NONPAYER,1,Red Challenge,15,Shuffle,count,3,31059,127141,892,955.0,0.0307,0.0075,1.0706,2.87
2026-07-27,2026-08-16,Control,0-9,NONPAYER,1,Red Challenge,15,Comet,count,4,31059,127141,57,61.0,0.002,0.0005,1.0702,0.18
2026-07-27,2026-08-16,Control,0-9,NONPAYER,1,Red Challenge,15,Red,count,5,31059,127141,0,0.0,0.0,0.0,0.0,0.0
2026-07-27,2026-08-16,Control,0-9,NONPAYER,1,Red Challenge,15,Chuck,count,6,31059,127141,0,0.0,0.0,0.0,0.0,0.0
2026-07-27,2026-08-16,Control,0-9,NONPAYER,1,Red Challenge,15,Bomb,count,7,31059,127141,0,0.0,0.0,0.0,0.0,0.0
2026-07-27,2026-08-16,Control,0-9,NONPAYER,1,Red Challenge,15,UL Bomb,minutes,8,31059,127141,0,0.0,0.0,0.0,0.0,0.0
2026-07-27,2026-08-16,Control,0-9,NONPAYER,1,Red Challenge,15,UL Chuck,minutes,9,31059,127141,0,0.0,0.0,0.0,0.0,0.0
2026-07-27,2026-08-16,Control,0-9,NONPAYER,1,Red Challenge,15,UL Red,minutes,10,31059,127141,0,0.0,0.0,0.0,0.0,0.0
2026-07-27,2026-08-16,Control,0-9,NONPAYER,1,Red Challenge,15,Unlimited Lives,minutes,11,31059,127141,0,0.0,0.0,0.0,0.0,0.0
2026-07-27,2026-08-16,Control,0-9,NONPAYER,1,Red Challenge,15,SPT,count,12,31059,127141,0,0.0,0.0,0.0,0.0,0.0
2026-07-27,2026-08-16,Control,0-9,NONPAYER,1,Red Challenge,15,SPTx2,minutes,13,31059,127141,0,0.0,0.0,0.0,0.0,0.0
2026-07-27,2026-08-16,Control,0-9,NONPAYER,1,River Rush,16,HC,HC,1,31059,127141,2275,84640.0,2.7251,0.6657,37.2044,7.32
2026-07-27,2026-08-16,Control,0-9,NONPAYER,1,River Rush,16,Slingshot,count,2,31059,127141,25,26.0,0.0008,0.0002,1.04,0.08
2026-07-27,2026-08-16,Control,0-9,NONPAYER,1,River Rush,16,Shuffle,count,3,31059,127141,1537,1856.0,0.0598,0.0146,1.2075,4.95
2026-07-27,2026-08-16,Control,0-9,NONPAYER,1,River Rush,16,Comet,count,4,31059,127141,1103,1248.0,0.0402,0.0098,1.1315,3.55
2026-07-27,2026-08-16,Control,0-9,NONPAYER,1,River Rush,16,Red,count,5,31059,127141,242,269.0,0.0087,0.0021,1.1116,0.78
2026-07-27,2026-08-16,Control,0-9,NONPAYER,1,River Rush,16,Chuck,count,6,31059,127141,565,614.0,0.0198,0.0048,1.0867,1.82
2026-07-27,2026-08-16,Control,0-9,NONPAYER,1,River Rush,16,Bomb,count,7,31059,127141,595,644.0,0.0207,0.0051,1.0824,1.92
2026-07-27,2026-08-16,Control,0-9,NONPAYER,1,River Rush,16,UL Bomb,minutes,8,31059,127141,284,5825.0,0.1875,0.0458,20.5106,0.91
2026-07-27,2026-08-16,Control,0-9,NONPAYER,1,River Rush,16,UL Chuck,minutes,9,31059,127141,951,10510.0,0.3384,0.0827,11.0515,3.06
2026-07-27,2026-08-16,Control,0-9,NONPAYER,1,River Rush,16,UL Red,minutes,10,31059,127141,392,4560.0,0.1468,0.0359,11.6327,1.26
2026-07-27,2026-08-16,Control,0-9,NONPAYER,1,River Rush,16,Unlimited Lives,minutes,11,31059,127141,315,5335.0,0.1718,0.042,16.9365,1.01
2026-07-27,2026-08-16,Control,0-9,NONPAYER,1,River Rush,16,SPT,count,12,31059,127141,204,4460.0,0.1436,0.0351,21.8627,0.66
2026-07-27,2026-08-16,Control,0-9,NONPAYER,1,River Rush,16,SPTx2,minutes,13,31059,127141,468,4935.0,0.1589,0.0388,10.5449,1.51
2026-07-27,2026-08-16,Control,0-9,NONPAYER,1,Saga,17,HC,HC,1,31059,127141,21074,976175.0,31.4297,7.6779,46.3213,67.85
2026-07-27,2026-08-16,Control,0-9,NONPAYER,1,Saga,17,Slingshot,count,2,31059,127141,8082,10253.0,0.3301,0.0806,1.2686,26.02
2026-07-27,2026-08-16,Control,0-9,NONPAYER,1,Saga,17,Shuffle,count,3,31059,127141,10567,14361.0,0.4624,0.113,1.359,34.02
2026-07-27,2026-08-16,Control,0-9,NONPAYER,1,Saga,17,Comet,count,4,31059,127141,9294,11226.0,0.3614,0.0883,1.2079,29.92
2026-07-27,2026-08-16,Control,0-9,NONPAYER,1,Saga,17,Red,count,5,31059,127141,13360,24904.0,0.8018,0.1959,1.8641,43.01
2026-07-27,2026-08-16,Control,0-9,NONPAYER,1,Saga,17,Chuck,count,6,31059,127141,14176,24517.0,0.7894,0.1928,1.7295,45.64
2026-07-27,2026-08-16,Control,0-9,NONPAYER,1,Saga,17,Bomb,count,7,31059,127141,10387,15265.0,0.4915,0.1201,1.4696,33.44
2026-07-27,2026-08-16,Control,0-9,NONPAYER,1,Saga,17,UL Bomb,minutes,8,31059,127141,0,0.0,0.0,0.0,0.0,0.0
2026-07-27,2026-08-16,Control,0-9,NONPAYER,1,Saga,17,UL Chuck,minutes,9,31059,127141,0,0.0,0.0,0.0,0.0,0.0
2026-07-27,2026-08-16,Control,0-9,NONPAYER,1,Saga,17,UL Red,minutes,10,31059,127141,0,0.0,0.0,0.0,0.0,0.0
2026-07-27,2026-08-16,Control,0-9,NONPAYER,1,Saga,17,Unlimited Lives,minutes,11,31059,127141,20848,1563445.0,50.3379,12.2969,74.9926,67.12
2026-07-27,2026-08-16,Control,0-9,NONPAYER,1,Saga,17,SPT,count,12,31059,127141,0,0.0,0.0,0.0,0.0,0.0
2026-07-27,2026-08-16,Control,0-9,NONPAYER,1,Saga,17,SPTx2,minutes,13,31059,127141,0,0.0,0.0,0.0,0.0,0.0
2026-07-27,2026-08-16,Control,0-9,NONPAYER,1,Season Pass (Free),18,HC,HC,1,31059,127141,12100,293565.0,9.4518,2.309,24.2616,38.96
2026-07-27,2026-08-16,Control,0-9,NONPAYER,1,Season Pass (Free),18,Slingshot,count,2,31059,127141,794,850.0,0.0274,0.0067,1.0705,2.56
2026-07-27,2026-08-16,Control,0-9,NONPAYER,1,Season Pass (Free),18,Shuffle,count,3,31059,127141,3970,4357.0,0.1403,0.0343,1.0975,12.78
2026-07-27,2026-08-16,Control,0-9,NONPAYER,1,Season Pass (Free),18,Comet,count,4,31059,127141,0,0.0,0.0,0.0,0.0,0.0
2026-07-27,2026-08-16,Control,0-9,NONPAYER,1,Season Pass (Free),18,Red,count,5,31059,127141,8752,15076.0,0.4854,0.1186,1.7226,28.18
2026-07-27,2026-08-16,Control,0-9,NONPAYER,1,Season Pass (Free),18,Chuck,count,6,31059,127141,10599,16594.0,0.5343,0.1305,1.5656,34.13
2026-07-27,2026-08-16,Control,0-9,NONPAYER,1,Season Pass (Free),18,Bomb,count,7,31059,127141,2679,3020.0,0.0972,0.0238,1.1273,8.63
2026-07-27,2026-08-16,Control,0-9,NONPAYER,1,Season Pass (Free),18,UL Bomb,minutes,8,31059,127141,31,360.0,0.0116,0.0028,11.6129,0.1
2026-07-27,2026-08-16,Control,0-9,NONPAYER,1,Season Pass (Free),18,UL Chuck,minutes,9,31059,127141,4659,75360.0,2.4263,0.5927,16.1751,15.0
2026-07-27,2026-08-16,Control,0-9,NONPAYER,1,Season Pass (Free),18,UL Red,minutes,10,31059,127141,9042,119825.0,3.858,0.9425,13.252,29.11
2026-07-27,2026-08-16,Control,0-9,NONPAYER,1,Season Pass (Free),18,Unlimited Lives,minutes,11,31059,127141,10481,564150.0,18.1638,4.4372,53.826,33.75
2026-07-27,2026-08-16,Control,0-9,NONPAYER,1,Season Pass (Free),18,SPT,count,12,31059,127141,645,13070.0,0.4208,0.1028,20.2636,2.08
2026-07-27,2026-08-16,Control,0-9,NONPAYER,1,Season Pass (Free),18,SPTx2,minutes,13,31059,127141,0,0.0,0.0,0.0,0.0,0.0
2026-07-27,2026-08-16,Control,0-9,NONPAYER,1,Target Day,19,HC,HC,1,31059,127141,489,44690.0,1.4389,0.3515,91.3906,1.57
2026-07-27,2026-08-16,Control,0-9,NONPAYER,1,Target Day,19,Slingshot,count,2,31059,127141,4404,5035.0,0.1621,0.0396,1.1433,14.18
2026-07-27,2026-08-16,Control,0-9,NONPAYER,1,Target Day,19,Shuffle,count,3,31059,127141,1411,1505.0,0.0485,0.0118,1.0666,4.54
2026-07-27,2026-08-16,Control,0-9,NONPAYER,1,Target Day,19,Comet,count,4,31059,127141,65,68.0,0.0022,0.0005,1.0462,0.21
2026-07-27,2026-08-16,Control,0-9,NONPAYER,1,Target Day,19,Red,count,5,31059,127141,12,16.0,0.0005,0.0001,1.3333,0.04
2026-07-27,2026-08-16,Control,0-9,NONPAYER,1,Target Day,19,Chuck,count,6,31059,127141,11,15.0,0.0005,0.0001,1.3636,0.04
2026-07-27,2026-08-16,Control,0-9,NONPAYER,1,Target Day,19,Bomb,count,7,31059,127141,5,6.0,0.0002,0.0,1.2,0.02
2026-07-27,2026-08-16,Control,0-9,NONPAYER,1,Target Day,19,UL Bomb,minutes,8,31059,127141,0,0.0,0.0,0.0,0.0,0.0
2026-07-27,2026-08-16,Control,0-9,NONPAYER,1,Target Day,19,UL Chuck,minutes,9,31059,127141,0,0.0,0.0,0.0,0.0,0.0
2026-07-27,2026-08-16,Control,0-9,NONPAYER,1,Target Day,19,UL Red,minutes,10,31059,127141,0,0.0,0.0,0.0,0.0,0.0
2026-07-27,2026-08-16,Control,0-9,NONPAYER,1,Target Day,19,Unlimited Lives,minutes,11,31059,127141,7485,306840.0,9.8793,2.4134,40.994,24.1
2026-07-27,2026-08-16,Control,0-9,NONPAYER,1,Target Day,19,SPT,count,12,31059,127141,8,120.0,0.0039,0.0009,15.0,0.03
2026-07-27,2026-08-16,Control,0-9,NONPAYER,1,Target Day,19,SPTx2,minutes,13,31059,127141,0,0.0,0.0,0.0,0.0,0.0
2026-07-27,2026-08-16,Control,0-9,NONPAYER,1,Team Event,20,HC,HC,1,31059,127141,5177,691030.0,22.2489,5.4351,133.4808,16.67
2026-07-27,2026-08-16,Control,0-9,NONPAYER,1,Team Event,20,Slingshot,count,2,31059,127141,4111,8271.0,0.2663,0.0651,2.0119,13.24
2026-07-27,2026-08-16,Control,0-9,NONPAYER,1,Team Event,20,Shuffle,count,3,31059,127141,1471,4720.0,0.152,0.0371,3.2087,4.74
2026-07-27,2026-08-16,Control,0-9,NONPAYER,1,Team Event,20,Comet,count,4,31059,127141,849,1815.0,0.0584,0.0143,2.1378,2.73
2026-07-27,2026-08-16,Control,0-9,NONPAYER,1,Team Event,20,Red,count,5,31059,127141,0,0.0,0.0,0.0,0.0,0.0
2026-07-27,2026-08-16,Control,0-9,NONPAYER,1,Team Event,20,Chuck,count,6,31059,127141,0,0.0,0.0,0.0,0.0,0.0
2026-07-27,2026-08-16,Control,0-9,NONPAYER,1,Team Event,20,Bomb,count,7,31059,127141,0,0.0,0.0,0.0,0.0,0.0
2026-07-27,2026-08-16,Control,0-9,NONPAYER,1,Team Event,20,UL Bomb,minutes,8,31059,127141,0,0.0,0.0,0.0,0.0,0.0
2026-07-27,2026-08-16,Control,0-9,NONPAYER,1,Team Event,20,UL Chuck,minutes,9,31059,127141,0,0.0,0.0,0.0,0.0,0.0
2026-07-27,2026-08-16,Control,0-9,NONPAYER,1,Team Event,20,UL Red,minutes,10,31059,127141,0,0.0,0.0,0.0,0.0,0.0
2026-07-27,2026-08-16,Control,0-9,NONPAYER,1,Team Event,20,Unlimited Lives,minutes,11,31059,127141,2,125.0,0.004,0.001,62.5,0.01
2026-07-27,2026-08-16,Control,0-9,NONPAYER,1,Team Event,20,SPT,count,12,31059,127141,0,0.0,0.0,0.0,0.0,0.0
2026-07-27,2026-08-16,Control,0-9,NONPAYER,1,Team Event,20,SPTx2,minutes,13,31059,127141,0,0.0,0.0,0.0,0.0,0.0
2026-07-27,2026-08-16,Control,0-9,NONPAYER,1,Team Race,21,HC,HC,1,31059,127141,8889,896020.0,28.849,7.0475,100.801,28.62
2026-07-27,2026-08-16,Control,0-9,NONPAYER,1,Team Race,21,Slingshot,count,2,31059,127141,4396,5840.0,0.188,0.0459,1.3285,14.15
2026-07-27,2026-08-16,Control,0-9,NONPAYER,1,Team Race,21,Shuffle,count,3,31059,127141,5432,7879.0,0.2537,0.062,1.4505,17.49
2026-07-27,2026-08-16,Control,0-9,NONPAYER,1,Team Race,21,Comet,count,4,31059,127141,8343,12516.0,0.403,0.0984,1.5002,26.86
2026-07-27,2026-08-16,Control,0-9,NONPAYER,1,Team Race,21,Red,count,5,31059,127141,1157,1318.0,0.0424,0.0104,1.1392,3.73
2026-07-27,2026-08-16,Control,0-9,NONPAYER,1,Team Race,21,Chuck,count,6,31059,127141,2044,2557.0,0.0823,0.0201,1.251,6.58
2026-07-27,2026-08-16,Control,0-9,NONPAYER,1,Team Race,21,Bomb,count,7,31059,127141,4781,6999.0,0.2253,0.055,1.4639,15.39
2026-07-27,2026-08-16,Control,0-9,NONPAYER,1,Team Race,21,UL Bomb,minutes,8,31059,127141,0,0.0,0.0,0.0,0.0,0.0
2026-07-27,2026-08-16,Control,0-9,NONPAYER,1,Team Race,21,UL Chuck,minutes,9,31059,127141,0,0.0,0.0,0.0,0.0,0.0
2026-07-27,2026-08-16,Control,0-9,NONPAYER,1,Team Race,21,UL Red,minutes,10,31059,127141,1,15.0,0.0005,0.0001,15.0,0.0
2026-07-27,2026-08-16,Control,0-9,NONPAYER,1,Team Race,21,Unlimited Lives,minutes,11,31059,127141,0,0.0,0.0,0.0,0.0,0.0
2026-07-27,2026-08-16,Control,0-9,NONPAYER,1,Team Race,21,SPT,count,12,31059,127141,1,60.0,0.0019,0.0005,60.0,0.0
2026-07-27,2026-08-16,Control,0-9,NONPAYER,1,Team Race,21,SPTx2,minutes,13,31059,127141,0,0.0,0.0,0.0,0.0,0.0
2026-07-27,2026-08-16,Control,0-9,NONPAYER,1,Flash Race,22,HC,HC,1,31059,127141,2868,186425.0,6.0023,1.4663,65.0017,9.23
2026-07-27,2026-08-16,Control,0-9,NONPAYER,1,Flash Race,22,Slingshot,count,2,31059,127141,1257,1387.0,0.0447,0.0109,1.1034,4.05
2026-07-27,2026-08-16,Control,0-9,NONPAYER,1,Flash Race,22,Shuffle,count,3,31059,127141,1207,1371.0,0.0441,0.0108,1.1359,3.89
2026-07-27,2026-08-16,Control,0-9,NONPAYER,1,Flash Race,22,Comet,count,4,31059,127141,732,832.0,0.0268,0.0065,1.1366,2.36
2026-07-27,2026-08-16,Control,0-9,NONPAYER,1,Flash Race,22,Red,count,5,31059,127141,281,295.0,0.0095,0.0023,1.0498,0.9
2026-07-27,2026-08-16,Control,0-9,NONPAYER,1,Flash Race,22,Chuck,count,6,31059,127141,587,620.0,0.02,0.0049,1.0562,1.89
2026-07-27,2026-08-16,Control,0-9,NONPAYER,1,Flash Race,22,Bomb,count,7,31059,127141,1028,1116.0,0.0359,0.0088,1.0856,3.31
2026-07-27,2026-08-16,Control,0-9,NONPAYER,1,Flash Race,22,UL Bomb,minutes,8,31059,127141,0,0.0,0.0,0.0,0.0,0.0
2026-07-27,2026-08-16,Control,0-9,NONPAYER,1,Flash Race,22,UL Chuck,minutes,9,31059,127141,0,0.0,0.0,0.0,0.0,0.0
2026-07-27,2026-08-16,Control,0-9,NONPAYER,1,Flash Race,22,UL Red,minutes,10,31059,127141,0,0.0,0.0,0.0,0.0,0.0
2026-07-27,2026-08-16,Control,0-9,NONPAYER,1,Flash Race,22,Unlimited Lives,minutes,11,31059,127141,623,32555.0,1.0482,0.2561,52.2552,2.01
2026-07-27,2026-08-16,Control,0-9,NONPAYER,1,Flash Race,22,SPT,count,12,31059,127141,3743,242345.0,7.8027,1.9061,64.7462,12.05
2026-07-27,2026-08-16,Control,0-9,NONPAYER,1,Flash Race,22,SPTx2,minutes,13,31059,127141,0,0.0,0.0,0.0,0.0,0.0
2026-07-27,2026-08-16,Control,0-9,NONPAYER,1,FlowerCoop,23,HC,HC,1,31059,127141,0,0.0,0.0,0.0,0.0,0.0
2026-07-27,2026-08-16,Control,0-9,NONPAYER,1,FlowerCoop,23,Slingshot,count,2,31059,127141,0,0.0,0.0,0.0,0.0,0.0
2026-07-27,2026-08-16,Control,0-9,NONPAYER,1,FlowerCoop,23,Shuffle,count,3,31059,127141,0,0.0,0.0,0.0,0.0,0.0
2026-07-27,2026-08-16,Control,0-9,NONPAYER,1,FlowerCoop,23,Comet,count,4,31059,127141,0,0.0,0.0,0.0,0.0,0.0
2026-07-27,2026-08-16,Control,0-9,NONPAYER,1,FlowerCoop,23,Red,count,5,31059,127141,0,0.0,0.0,0.0,0.0,0.0
2026-07-27,2026-08-16,Control,0-9,NONPAYER,1,FlowerCoop,23,Chuck,count,6,31059,127141,0,0.0,0.0,0.0,0.0,0.0
2026-07-27,2026-08-16,Control,0-9,NONPAYER,1,FlowerCoop,23,Bomb,count,7,31059,127141,1,2.0,0.0001,0.0,2.0,0.0
2026-07-27,2026-08-16,Control,0-9,NONPAYER,1,FlowerCoop,23,UL Bomb,minutes,8,31059,127141,0,0.0,0.0,0.0,0.0,0.0
2026-07-27,2026-08-16,Control,0-9,NONPAYER,1,FlowerCoop,23,UL Chuck,minutes,9,31059,127141,0,0.0,0.0,0.0,0.0,0.0
2026-07-27,2026-08-16,Control,0-9,NONPAYER,1,FlowerCoop,23,UL Red,minutes,10,31059,127141,3,30.0,0.001,0.0002,10.0,0.01
2026-07-27,2026-08-16,Control,0-9,NONPAYER,1,FlowerCoop,23,Unlimited Lives,minutes,11,31059,127141,0,0.0,0.0,0.0,0.0,0.0
2026-07-27,2026-08-16,Control,0-9,NONPAYER,1,FlowerCoop,23,SPT,count,12,31059,127141,0,0.0,0.0,0.0,0.0,0.0
2026-07-27,2026-08-16,Control,0-9,NONPAYER,1,FlowerCoop,23,SPTx2,minutes,13,31059,127141,0,0.0,0.0,0.0,0.0,0.0
2026-07-27,2026-08-16,Control,0-9,NONPAYER,1,Rainbow Maker,24,HC,HC,1,31059,127141,0,0.0,0.0,0.0,0.0,0.0
2026-07-27,2026-08-16,Control,0-9,NONPAYER,1,Rainbow Maker,24,Slingshot,count,2,31059,127141,0,0.0,0.0,0.0,0.0,0.0
2026-07-27,2026-08-16,Control,0-9,NONPAYER,1,Rainbow Maker,24,Shuffle,count,3,31059,127141,2,2.0,0.0001,0.0,1.0,0.01
2026-07-27,2026-08-16,Control,0-9,NONPAYER,1,Rainbow Maker,24,Comet,count,4,31059,127141,1,1.0,0.0,0.0,1.0,0.0
2026-07-27,2026-08-16,Control,0-9,NONPAYER,1,Rainbow Maker,24,Red,count,5,31059,127141,0,0.0,0.0,0.0,0.0,0.0
2026-07-27,2026-08-16,Control,0-9,NONPAYER,1,Rainbow Maker,24,Chuck,count,6,31059,127141,0,0.0,0.0,0.0,0.0,0.0
2026-07-27,2026-08-16,Control,0-9,NONPAYER,1,Rainbow Maker,24,Bomb,count,7,31059,127141,0,0.0,0.0,0.0,0.0,0.0
2026-07-27,2026-08-16,Control,0-9,NONPAYER,1,Rainbow Maker,24,UL Bomb,minutes,8,31059,127141,0,0.0,0.0,0.0,0.0,0.0
2026-07-27,2026-08-16,Control,0-9,NONPAYER,1,Rainbow Maker,24,UL Chuck,minutes,9,31059,127141,0,0.0,0.0,0.0,0.0,0.0
2026-07-27,2026-08-16,Control,0-9,NONPAYER,1,Rainbow Maker,24,UL Red,minutes,10,31059,127141,0,0.0,0.0,0.0,0.0,0.0
2026-07-27,2026-08-16,Control,0-9,NONPAYER,1,Rainbow Maker,24,Unlimited Lives,minutes,11,31059,127141,1,30.0,0.001,0.0002,30.0,0.0
2026-07-27,2026-08-16,Control,0-9,NONPAYER,1,Rainbow Maker,24,SPT,count,12,31059,127141,1,50.0,0.0016,0.0004,50.0,0.0
2026-07-27,2026-08-16,Control,0-9,NONPAYER,1,Rainbow Maker,24,SPTx2,minutes,13,31059,127141,0,0.0,0.0,0.0,0.0,0.0
2026-07-27,2026-08-16,Control,0-9,NONPAYER,1,IAPs,25,HC,HC,1,31059,127141,0,0.0,0.0,0.0,0.0,0.0
2026-07-27,2026-08-16,Control,0-9,NONPAYER,1,IAPs,25,Slingshot,count,2,31059,127141,0,0.0,0.0,0.0,0.0,0.0
2026-07-27,2026-08-16,Control,0-9,NONPAYER,1,IAPs,25,Shuffle,count,3,31059,127141,0,0.0,0.0,0.0,0.0,0.0
2026-07-27,2026-08-16,Control,0-9,NONPAYER,1,IAPs,25,Comet,count,4,31059,127141,0,0.0,0.0,0.0,0.0,0.0
2026-07-27,2026-08-16,Control,0-9,NONPAYER,1,IAPs,25,Red,count,5,31059,127141,0,0.0,0.0,0.0,0.0,0.0
2026-07-27,2026-08-16,Control,0-9,NONPAYER,1,IAPs,25,Chuck,count,6,31059,127141,0,0.0,0.0,0.0,0.0,0.0
2026-07-27,2026-08-16,Control,0-9,NONPAYER,1,IAPs,25,Bomb,count,7,31059,127141,0,0.0,0.0,0.0,0.0,0.0
2026-07-27,2026-08-16,Control,0-9,NONPAYER,1,IAPs,25,UL Bomb,minutes,8,31059,127141,0,0.0,0.0,0.0,0.0,0.0
2026-07-27,2026-08-16,Control,0-9,NONPAYER,1,IAPs,25,UL Chuck,minutes,9,31059,127141,0,0.0,0.0,0.0,0.0,0.0
2026-07-27,2026-08-16,Control,0-9,NONPAYER,1,IAPs,25,UL Red,minutes,10,31059,127141,0,0.0,0.0,0.0,0.0,0.0
2026-07-27,2026-08-16,Control,0-9,NONPAYER,1,IAPs,25,Unlimited Lives,minutes,11,31059,127141,0,0.0,0.0,0.0,0.0,0.0
2026-07-27,2026-08-16,Control,0-9,NONPAYER,1,IAPs,25,SPT,count,12,31059,127141,0,0.0,0.0,0.0,0.0,0.0
2026-07-27,2026-08-16,Control,0-9,NONPAYER,1,IAPs,25,SPTx2,minutes,13,31059,127141,0,0.0,0.0,0.0,0.0,0.0
2026-07-27,2026-08-16,Control,0-9,PAYER,1,Ads,1,HC,HC,1,8725,49817,3102,251665.0,28.8441,5.0518,81.1299,35.55
2026-07-27,2026-08-16,Control,0-9,PAYER,1,Ads,1,Slingshot,count,2,8725,49817,2118,5497.0,0.63,0.1103,2.5954,24.28
2026-07-27,2026-08-16,Control,0-9,PAYER,1,Ads,1,Shuffle,count,3,8725,49817,2109,5535.0,0.6344,0.1111,2.6245,24.17
2026-07-27,2026-08-16,Control,0-9,PAYER,1,Ads,1,Comet,count,4,8725,49817,1399,2573.0,0.2949,0.0516,1.8392,16.03
2026-07-27,2026-08-16,Control,0-9,PAYER,1,Ads,1,Red,count,5,8725,49817,0,0.0,0.0,0.0,0.0,0.0
2026-07-27,2026-08-16,Control,0-9,PAYER,1,Ads,1,Chuck,count,6,8725,49817,0,0.0,0.0,0.0,0.0,0.0
2026-07-27,2026-08-16,Control,0-9,PAYER,1,Ads,1,Bomb,count,7,8725,49817,0,0.0,0.0,0.0,0.0,0.0
2026-07-27,2026-08-16,Control,0-9,PAYER,1,Ads,1,UL Bomb,minutes,8,8725,49817,0,0.0,0.0,0.0,0.0,0.0
2026-07-27,2026-08-16,Control,0-9,PAYER,1,Ads,1,UL Chuck,minutes,9,8725,49817,0,0.0,0.0,0.0,0.0,0.0
2026-07-27,2026-08-16,Control,0-9,PAYER,1,Ads,1,UL Red,minutes,10,8725,49817,0,0.0,0.0,0.0,0.0,0.0
2026-07-27,2026-08-16,Control,0-9,PAYER,1,Ads,1,Unlimited Lives,minutes,11,8725,49817,2328,84735.0,9.7117,1.7009,36.3982,26.68
2026-07-27,2026-08-16,Control,0-9,PAYER,1,Ads,1,SPT,count,12,8725,49817,0,0.0,0.0,0.0,0.0,0.0
2026-07-27,2026-08-16,Control,0-9,PAYER,1,Ads,1,SPTx2,minutes,13,8725,49817,0,0.0,0.0,0.0,0.0,0.0
2026-07-27,2026-08-16,Control,0-9,PAYER,1,Bomb Challenge,2,HC,HC,1,8725,49817,116,10300.0,1.1805,0.2068,88.7931,1.33
2026-07-27,2026-08-16,Control,0-9,PAYER,1,Bomb Challenge,2,Slingshot,count,2,8725,49817,833,937.0,0.1074,0.0188,1.1248,9.55
2026-07-27,2026-08-16,Control,0-9,PAYER,1,Bomb Challenge,2,Shuffle,count,3,8725,49817,287,306.0,0.0351,0.0061,1.0662,3.29
2026-07-27,2026-08-16,Control,0-9,PAYER,1,Bomb Challenge,2,Comet,count,4,8725,49817,14,14.0,0.0016,0.0003,1.0,0.16
2026-07-27,2026-08-16,Control,0-9,PAYER,1,Bomb Challenge,2,Red,count,5,8725,49817,0,0.0,0.0,0.0,0.0,0.0
2026-07-27,2026-08-16,Control,0-9,PAYER,1,Bomb Challenge,2,Chuck,count,6,8725,49817,0,0.0,0.0,0.0,0.0,0.0
2026-07-27,2026-08-16,Control,0-9,PAYER,1,Bomb Challenge,2,Bomb,count,7,8725,49817,0,0.0,0.0,0.0,0.0,0.0
2026-07-27,2026-08-16,Control,0-9,PAYER,1,Bomb Challenge,2,UL Bomb,minutes,8,8725,49817,0,0.0,0.0,0.0,0.0,0.0
2026-07-27,2026-08-16,Control,0-9,PAYER,1,Bomb Challenge,2,UL Chuck,minutes,9,8725,49817,0,0.0,0.0,0.0,0.0,0.0
2026-07-27,2026-08-16,Control,0-9,PAYER,1,Bomb Challenge,2,UL Red,minutes,10,8725,49817,0,0.0,0.0,0.0,0.0,0.0
2026-07-27,2026-08-16,Control,0-9,PAYER,1,Bomb Challenge,2,Unlimited Lives,minutes,11,8725,49817,0,0.0,0.0,0.0,0.0,0.0
2026-07-27,2026-08-16,Control,0-9,PAYER,1,Bomb Challenge,2,SPT,count,12,8725,49817,0,0.0,0.0,0.0,0.0,0.0
2026-07-27,2026-08-16,Control,0-9,PAYER,1,Bomb Challenge,2,SPTx2,minutes,13,8725,49817,0,0.0,0.0,0.0,0.0,0.0
2026-07-27,2026-08-16,Control,0-9,PAYER,1,Bomb's Ballet,3,HC,HC,1,8725,49817,75,2025.0,0.2321,0.0406,27.0,0.86
2026-07-27,2026-08-16,Control,0-9,PAYER,1,Bomb's Ballet,3,Slingshot,count,2,8725,49817,0,0.0,0.0,0.0,0.0,0.0
2026-07-27,2026-08-16,Control,0-9,PAYER,1,Bomb's Ballet,3,Shuffle,count,3,8725,49817,0,0.0,0.0,0.0,0.0,0.0
2026-07-27,2026-08-16,Control,0-9,PAYER,1,Bomb's Ballet,3,Comet,count,4,8725,49817,0,0.0,0.0,0.0,0.0,0.0
2026-07-27,2026-08-16,Control,0-9,PAYER,1,Bomb's Ballet,3,Red,count,5,8725,49817,3,3.0,0.0003,0.0001,1.0,0.03
2026-07-27,2026-08-16,Control,0-9,PAYER,1,Bomb's Ballet,3,Chuck,count,6,8725,49817,2210,2280.0,0.2613,0.0458,1.0317,25.33
2026-07-27,2026-08-16,Control,0-9,PAYER,1,Bomb's Ballet,3,Bomb,count,7,8725,49817,0,0.0,0.0,0.0,0.0,0.0
2026-07-27,2026-08-16,Control,0-9,PAYER,1,Bomb's Ballet,3,UL Bomb,minutes,8,8725,49817,5,50.0,0.0057,0.001,10.0,0.06
2026-07-27,2026-08-16,Control,0-9,PAYER,1,Bomb's Ballet,3,UL Chuck,minutes,9,8725,49817,666,6780.0,0.7771,0.1361,10.1802,7.63
2026-07-27,2026-08-16,Control,0-9,PAYER,1,Bomb's Ballet,3,UL Red,minutes,10,8725,49817,1327,13520.0,1.5496,0.2714,10.1884,15.21
2026-07-27,2026-08-16,Control,0-9,PAYER,1,Bomb's Ballet,3,Unlimited Lives,minutes,11,8725,49817,276,8670.0,0.9937,0.174,31.413,3.16
2026-07-27,2026-08-16,Control,0-9,PAYER,1,Bomb's Ballet,3,SPT,count,12,8725,49817,0,0.0,0.0,0.0,0.0,0.0
2026-07-27,2026-08-16,Control,0-9,PAYER,1,Bomb's Ballet,3,SPTx2,minutes,13,8725,49817,0,0.0,0.0,0.0,0.0,0.0
2026-07-27,2026-08-16,Control,0-9,PAYER,1,Chuck Challenge,4,HC,HC,1,8725,49817,1,100.0,0.0115,0.002,100.0,0.01
2026-07-27,2026-08-16,Control,0-9,PAYER,1,Chuck Challenge,4,Slingshot,count,2,8725,49817,11,12.0,0.0014,0.0002,1.0909,0.13
2026-07-27,2026-08-16,Control,0-9,PAYER,1,Chuck Challenge,4,Shuffle,count,3,8725,49817,5,5.0,0.0006,0.0001,1.0,0.06
2026-07-27,2026-08-16,Control,0-9,PAYER,1,Chuck Challenge,4,Comet,count,4,8725,49817,0,0.0,0.0,0.0,0.0,0.0
2026-07-27,2026-08-16,Control,0-9,PAYER,1,Chuck Challenge,4,Red,count,5,8725,49817,0,0.0,0.0,0.0,0.0,0.0
2026-07-27,2026-08-16,Control,0-9,PAYER,1,Chuck Challenge,4,Chuck,count,6,8725,49817,0,0.0,0.0,0.0,0.0,0.0
2026-07-27,2026-08-16,Control,0-9,PAYER,1,Chuck Challenge,4,Bomb,count,7,8725,49817,0,0.0,0.0,0.0,0.0,0.0
2026-07-27,2026-08-16,Control,0-9,PAYER,1,Chuck Challenge,4,UL Bomb,minutes,8,8725,49817,0,0.0,0.0,0.0,0.0,0.0
2026-07-27,2026-08-16,Control,0-9,PAYER,1,Chuck Challenge,4,UL Chuck,minutes,9,8725,49817,0,0.0,0.0,0.0,0.0,0.0
2026-07-27,2026-08-16,Control,0-9,PAYER,1,Chuck Challenge,4,UL Red,minutes,10,8725,49817,0,0.0,0.0,0.0,0.0,0.0
2026-07-27,2026-08-16,Control,0-9,PAYER,1,Chuck Challenge,4,Unlimited Lives,minutes,11,8725,49817,0,0.0,0.0,0.0,0.0,0.0
2026-07-27,2026-08-16,Control,0-9,PAYER,1,Chuck Challenge,4,SPT,count,12,8725,49817,0,0.0,0.0,0.0,0.0,0.0
2026-07-27,2026-08-16,Control,0-9,PAYER,1,Chuck Challenge,4,SPTx2,minutes,13,8725,49817,0,0.0,0.0,0.0,0.0,0.0
2026-07-27,2026-08-16,Control,0-9,PAYER,1,Core,5,HC,HC,1,8725,49817,2797,114295.0,13.0997,2.2943,40.8634,32.06
2026-07-27,2026-08-16,Control,0-9,PAYER,1,Core,5,Slingshot,count,2,8725,49817,842,861.0,0.0987,0.0173,1.0226,9.65
2026-07-27,2026-08-16,Control,0-9,PAYER,1,Core,5,Shuffle,count,3,8725,49817,1273,1313.0,0.1505,0.0264,1.0314,14.59
2026-07-27,2026-08-16,Control,0-9,PAYER,1,Core,5,Comet,count,4,8725,49817,500,509.0,0.0583,0.0102,1.018,5.73
2026-07-27,2026-08-16,Control,0-9,PAYER,1,Core,5,Red,count,5,8725,49817,398,408.0,0.0468,0.0082,1.0251,4.56
2026-07-27,2026-08-16,Control,0-9,PAYER,1,Core,5,Chuck,count,6,8725,49817,461,479.0,0.0549,0.0096,1.039,5.28
2026-07-27,2026-08-16,Control,0-9,PAYER,1,Core,5,Bomb,count,7,8725,49817,355,360.0,0.0413,0.0072,1.0141,4.07
2026-07-27,2026-08-16,Control,0-9,PAYER,1,Core,5,UL Bomb,minutes,8,8725,49817,0,0.0,0.0,0.0,0.0,0.0
2026-07-27,2026-08-16,Control,0-9,PAYER,1,Core,5,UL Chuck,minutes,9,8725,49817,0,0.0,0.0,0.0,0.0,0.0
2026-07-27,2026-08-16,Control,0-9,PAYER,1,Core,5,UL Red,minutes,10,8725,49817,0,0.0,0.0,0.0,0.0,0.0
2026-07-27,2026-08-16,Control,0-9,PAYER,1,Core,5,Unlimited Lives,minutes,11,8725,49817,1532,70800.0,8.1146,1.4212,46.2141,17.56
2026-07-27,2026-08-16,Control,0-9,PAYER,1,Core,5,SPT,count,12,8725,49817,7914,3572412.0,409.4455,71.7107,451.4041,90.7
2026-07-27,2026-08-16,Control,0-9,PAYER,1,Core,5,SPTx2,minutes,13,8725,49817,0,0.0,0.0,0.0,0.0,0.0
2026-07-27,2026-08-16,Control,0-9,PAYER,1,Daily Gift,6,HC,HC,1,8725,49817,7387,889130.0,101.906,17.8479,120.3642,84.66
2026-07-27,2026-08-16,Control,0-9,PAYER,1,Daily Gift,6,Slingshot,count,2,8725,49817,4222,8816.0,1.0104,0.177,2.0881,48.39
2026-07-27,2026-08-16,Control,0-9,PAYER,1,Daily Gift,6,Shuffle,count,3,8725,49817,3450,5710.0,0.6544,0.1146,1.6551,39.54
2026-07-27,2026-08-16,Control,0-9,PAYER,1,Daily Gift,6,Comet,count,4,8725,49817,914,942.0,0.108,0.0189,1.0306,10.48
2026-07-27,2026-08-16,Control,0-9,PAYER,1,Daily Gift,6,Red,count,5,8725,49817,0,0.0,0.0,0.0,0.0,0.0
2026-07-27,2026-08-16,Control,0-9,PAYER,1,Daily Gift,6,Chuck,count,6,8725,49817,0,0.0,0.0,0.0,0.0,0.0
2026-07-27,2026-08-16,Control,0-9,PAYER,1,Daily Gift,6,Bomb,count,7,8725,49817,0,0.0,0.0,0.0,0.0,0.0
2026-07-27,2026-08-16,Control,0-9,PAYER,1,Daily Gift,6,UL Bomb,minutes,8,8725,49817,857,26070.0,2.988,0.5233,30.4201,9.82
2026-07-27,2026-08-16,Control,0-9,PAYER,1,Daily Gift,6,UL Chuck,minutes,9,8725,49817,907,55380.0,6.3473,1.1117,61.0584,10.4
2026-07-27,2026-08-16,Control,0-9,PAYER,1,Daily Gift,6,UL Red,minutes,10,8725,49817,883,53340.0,6.1135,1.0707,60.4077,10.12
2026-07-27,2026-08-16,Control,0-9,PAYER,1,Daily Gift,6,Unlimited Lives,minutes,11,8725,49817,6707,844455.0,96.7857,16.9511,125.9065,76.87
2026-07-27,2026-08-16,Control,0-9,PAYER,1,Daily Gift,6,SPT,count,12,8725,49817,0,0.0,0.0,0.0,0.0,0.0
2026-07-27,2026-08-16,Control,0-9,PAYER,1,Daily Gift,6,SPTx2,minutes,13,8725,49817,5,105.0,0.012,0.0021,21.0,0.06
2026-07-27,2026-08-16,Control,0-9,PAYER,1,Daily Night Sky Prize,7,HC,HC,1,8725,49817,3809,129110.0,14.7977,2.5917,33.896,43.66
2026-07-27,2026-08-16,Control,0-9,PAYER,1,Daily Night Sky Prize,7,Slingshot,count,2,8725,49817,1652,2449.0,0.2807,0.0492,1.4824,18.93
2026-07-27,2026-08-16,Control,0-9,PAYER,1,Daily Night Sky Prize,7,Shuffle,count,3,8725,49817,0,0.0,0.0,0.0,0.0,0.0
2026-07-27,2026-08-16,Control,0-9,PAYER,1,Daily Night Sky Prize,7,Comet,count,4,8725,49817,3,4.0,0.0005,0.0001,1.3333,0.03
2026-07-27,2026-08-16,Control,0-9,PAYER,1,Daily Night Sky Prize,7,Red,count,5,8725,49817,3473,7563.0,0.8668,0.1518,2.1777,39.81
2026-07-27,2026-08-16,Control,0-9,PAYER,1,Daily Night Sky Prize,7,Chuck,count,6,8725,49817,1648,2443.0,0.28,0.049,1.4824,18.89
2026-07-27,2026-08-16,Control,0-9,PAYER,1,Daily Night Sky Prize,7,Bomb,count,7,8725,49817,1,2.0,0.0002,0.0,2.0,0.01
2026-07-27,2026-08-16,Control,0-9,PAYER,1,Daily Night Sky Prize,7,UL Bomb,minutes,8,8725,49817,0,0.0,0.0,0.0,0.0,0.0
2026-07-27,2026-08-16,Control,0-9,PAYER,1,Daily Night Sky Prize,7,UL Chuck,minutes,9,8725,49817,0,0.0,0.0,0.0,0.0,0.0
2026-07-27,2026-08-16,Control,0-9,PAYER,1,Daily Night Sky Prize,7,UL Red,minutes,10,8725,49817,0,0.0,0.0,0.0,0.0,0.0
2026-07-27,2026-08-16,Control,0-9,PAYER,1,Daily Night Sky Prize,7,Unlimited Lives,minutes,11,8725,49817,5216,364770.0,41.8074,7.3222,69.9329,59.78
2026-07-27,2026-08-16,Control,0-9,PAYER,1,Daily Night Sky Prize,7,SPT,count,12,8725,49817,0,0.0,0.0,0.0,0.0,0.0
2026-07-27,2026-08-16,Control,0-9,PAYER,1,Daily Night Sky Prize,7,SPTx2,minutes,13,8725,49817,0,0.0,0.0,0.0,0.0,0.0
2026-07-27,2026-08-16,Control,0-9,PAYER,1,Flock Flurry,8,HC,HC,1,8725,49817,0,0.0,0.0,0.0,0.0,0.0
2026-07-27,2026-08-16,Control,0-9,PAYER,1,Flock Flurry,8,Slingshot,count,2,8725,49817,1010,1247.0,0.1429,0.025,1.2347,11.58
2026-07-27,2026-08-16,Control,0-9,PAYER,1,Flock Flurry,8,Shuffle,count,3,8725,49817,0,0.0,0.0,0.0,0.0,0.0
2026-07-27,2026-08-16,Control,0-9,PAYER,1,Flock Flurry,8,Comet,count,4,8725,49817,0,0.0,0.0,0.0,0.0,0.0
2026-07-27,2026-08-16,Control,0-9,PAYER,1,Flock Flurry,8,Red,count,5,8725,49817,1010,1247.0,0.1429,0.025,1.2347,11.58
2026-07-27,2026-08-16,Control,0-9,PAYER,1,Flock Flurry,8,Chuck,count,6,8725,49817,1010,1247.0,0.1429,0.025,1.2347,11.58
2026-07-27,2026-08-16,Control,0-9,PAYER,1,Flock Flurry,8,Bomb,count,7,8725,49817,1010,1247.0,0.1429,0.025,1.2347,11.58
2026-07-27,2026-08-16,Control,0-9,PAYER,1,Flock Flurry,8,UL Bomb,minutes,8,8725,49817,0,0.0,0.0,0.0,0.0,0.0
2026-07-27,2026-08-16,Control,0-9,PAYER,1,Flock Flurry,8,UL Chuck,minutes,9,8725,49817,0,0.0,0.0,0.0,0.0,0.0
2026-07-27,2026-08-16,Control,0-9,PAYER,1,Flock Flurry,8,UL Red,minutes,10,8725,49817,0,0.0,0.0,0.0,0.0,0.0
2026-07-27,2026-08-16,Control,0-9,PAYER,1,Flock Flurry,8,Unlimited Lives,minutes,11,8725,49817,5130,976960.0,111.9725,19.611,190.4405,58.8
2026-07-27,2026-08-16,Control,0-9,PAYER,1,Flock Flurry,8,SPT,count,12,8725,49817,893,21900.0,2.51,0.4396,24.5241,10.23
2026-07-27,2026-08-16,Control,0-9,PAYER,1,Flock Flurry,8,SPTx2,minutes,13,8725,49817,0,0.0,0.0,0.0,0.0,0.0
2026-07-27,2026-08-16,Control,0-9,PAYER,1,Hatchling Hideaway,9,HC,HC,1,8725,49817,1324,18305.0,2.098,0.3674,13.8255,15.17
2026-07-27,2026-08-16,Control,0-9,PAYER,1,Hatchling Hideaway,9,Slingshot,count,2,8725,49817,66,77.0,0.0088,0.0015,1.1667,0.76
2026-07-27,2026-08-16,Control,0-9,PAYER,1,Hatchling Hideaway,9,Shuffle,count,3,8725,49817,233,253.0,0.029,0.0051,1.0858,2.67
2026-07-27,2026-08-16,Control,0-9,PAYER,1,Hatchling Hideaway,9,Comet,count,4,8725,49817,25,28.0,0.0032,0.0006,1.12,0.29
2026-07-27,2026-08-16,Control,0-9,PAYER,1,Hatchling Hideaway,9,Red,count,5,8725,49817,3785,5903.0,0.6766,0.1185,1.5596,43.38
2026-07-27,2026-08-16,Control,0-9,PAYER,1,Hatchling Hideaway,9,Chuck,count,6,8725,49817,1300,1603.0,0.1837,0.0322,1.2331,14.9
2026-07-27,2026-08-16,Control,0-9,PAYER,1,Hatchling Hideaway,9,Bomb,count,7,8725,49817,233,253.0,0.029,0.0051,1.0858,2.67
2026-07-27,2026-08-16,Control,0-9,PAYER,1,Hatchling Hideaway,9,UL Bomb,minutes,8,8725,49817,0,0.0,0.0,0.0,0.0,0.0
2026-07-27,2026-08-16,Control,0-9,PAYER,1,Hatchling Hideaway,9,UL Chuck,minutes,9,8725,49817,25,280.0,0.0321,0.0056,11.2,0.29
2026-07-27,2026-08-16,Control,0-9,PAYER,1,Hatchling Hideaway,9,UL Red,minutes,10,8725,49817,66,750.0,0.086,0.0151,11.3636,0.76
2026-07-27,2026-08-16,Control,0-9,PAYER,1,Hatchling Hideaway,9,Unlimited Lives,minutes,11,8725,49817,3817,361770.0,41.4636,7.262,94.7786,43.75
2026-07-27,2026-08-16,Control,0-9,PAYER,1,Hatchling Hideaway,9,SPT,count,12,8725,49817,0,0.0,0.0,0.0,0.0,0.0
2026-07-27,2026-08-16,Control,0-9,PAYER,1,Hatchling Hideaway,9,SPTx2,minutes,13,8725,49817,0,0.0,0.0,0.0,0.0,0.0
2026-07-27,2026-08-16,Control,0-9,PAYER,1,Jigsaw,10,HC,HC,1,8725,49817,80,2275.0,0.2607,0.0457,28.4375,0.92
2026-07-27,2026-08-16,Control,0-9,PAYER,1,Jigsaw,10,Slingshot,count,2,8725,49817,1,1.0,0.0001,0.0,1.0,0.01
2026-07-27,2026-08-16,Control,0-9,PAYER,1,Jigsaw,10,Shuffle,count,3,8725,49817,0,0.0,0.0,0.0,0.0,0.0
2026-07-27,2026-08-16,Control,0-9,PAYER,1,Jigsaw,10,Comet,count,4,8725,49817,1,1.0,0.0001,0.0,1.0,0.01
2026-07-27,2026-08-16,Control,0-9,PAYER,1,Jigsaw,10,Red,count,5,8725,49817,14,19.0,0.0022,0.0004,1.3571,0.16
2026-07-27,2026-08-16,Control,0-9,PAYER,1,Jigsaw,10,Chuck,count,6,8725,49817,2866,3339.0,0.3827,0.067,1.165,32.85
2026-07-27,2026-08-16,Control,0-9,PAYER,1,Jigsaw,10,Bomb,count,7,8725,49817,1,1.0,0.0001,0.0,1.0,0.01
2026-07-27,2026-08-16,Control,0-9,PAYER,1,Jigsaw,10,UL Bomb,minutes,8,8725,49817,14,195.0,0.0223,0.0039,13.9286,0.16
2026-07-27,2026-08-16,Control,0-9,PAYER,1,Jigsaw,10,UL Chuck,minutes,9,8725,49817,993,10985.0,1.259,0.2205,11.0624,11.38
2026-07-27,2026-08-16,Control,0-9,PAYER,1,Jigsaw,10,UL Red,minutes,10,8725,49817,1908,21205.0,2.4304,0.4257,11.1137,21.87
2026-07-27,2026-08-16,Control,0-9,PAYER,1,Jigsaw,10,Unlimited Lives,minutes,11,8725,49817,380,13830.0,1.5851,0.2776,36.3947,4.36
2026-07-27,2026-08-16,Control,0-9,PAYER,1,Jigsaw,10,SPT,count,12,8725,49817,0,0.0,0.0,0.0,0.0,0.0
2026-07-27,2026-08-16,Control,0-9,PAYER,1,Jigsaw,10,SPTx2,minutes,13,8725,49817,0,0.0,0.0,0.0,0.0,0.0
2026-07-27,2026-08-16,Control,0-9,PAYER,1,Kite Festival,11,HC,HC,1,8725,49817,26,4575.0,0.5244,0.0918,175.9615,0.3
2026-07-27,2026-08-16,Control,0-9,PAYER,1,Kite Festival,11,Slingshot,count,2,8725,49817,60,62.0,0.0071,0.0012,1.0333,0.69
2026-07-27,2026-08-16,Control,0-9,PAYER,1,Kite Festival,11,Shuffle,count,3,8725,49817,22,24.0,0.0028,0.0005,1.0909,0.25
2026-07-27,2026-08-16,Control,0-9,PAYER,1,Kite Festival,11,Comet,count,4,8725,49817,4,4.0,0.0005,0.0001,1.0,0.05
2026-07-27,2026-08-16,Control,0-9,PAYER,1,Kite Festival,11,Red,count,5,8725,49817,46,48.0,0.0055,0.001,1.0435,0.53
2026-07-27,2026-08-16,Control,0-9,PAYER,1,Kite Festival,11,Chuck,count,6,8725,49817,30,32.0,0.0037,0.0006,1.0667,0.34
2026-07-27,2026-08-16,Control,0-9,PAYER,1,Kite Festival,11,Bomb,count,7,8725,49817,27,28.0,0.0032,0.0006,1.037,0.31
2026-07-27,2026-08-16,Control,0-9,PAYER,1,Kite Festival,11,UL Bomb,minutes,8,8725,49817,0,0.0,0.0,0.0,0.0,0.0
2026-07-27,2026-08-16,Control,0-9,PAYER,1,Kite Festival,11,UL Chuck,minutes,9,8725,49817,0,0.0,0.0,0.0,0.0,0.0
2026-07-27,2026-08-16,Control,0-9,PAYER,1,Kite Festival,11,UL Red,minutes,10,8725,49817,0,0.0,0.0,0.0,0.0,0.0
2026-07-27,2026-08-16,Control,0-9,PAYER,1,Kite Festival,11,Unlimited Lives,minutes,11,8725,49817,1697,62360.0,7.1473,1.2518,36.7472,19.45
2026-07-27,2026-08-16,Control,0-9,PAYER,1,Kite Festival,11,SPT,count,12,8725,49817,366,31345.0,3.5926,0.6292,85.6421,4.19
2026-07-27,2026-08-16,Control,0-9,PAYER,1,Kite Festival,11,SPTx2,minutes,13,8725,49817,0,0.0,0.0,0.0,0.0,0.0
2026-07-27,2026-08-16,Control,0-9,PAYER,1,Level Race,12,HC,HC,1,8725,49817,0,0.0,0.0,0.0,0.0,0.0
2026-07-27,2026-08-16,Control,0-9,PAYER,1,Level Race,12,Slingshot,count,2,8725,49817,0,0.0,0.0,0.0,0.0,0.0
2026-07-27,2026-08-16,Control,0-9,PAYER,1,Level Race,12,Shuffle,count,3,8725,49817,0,0.0,0.0,0.0,0.0,0.0
2026-07-27,2026-08-16,Control,0-9,PAYER,1,Level Race,12,Comet,count,4,8725,49817,0,0.0,0.0,0.0,0.0,0.0
2026-07-27,2026-08-16,Control,0-9,PAYER,1,Level Race,12,Red,count,5,8725,49817,0,0.0,0.0,0.0,0.0,0.0
2026-07-27,2026-08-16,Control,0-9,PAYER,1,Level Race,12,Chuck,count,6,8725,49817,0,0.0,0.0,0.0,0.0,0.0
2026-07-27,2026-08-16,Control,0-9,PAYER,1,Level Race,12,Bomb,count,7,8725,49817,0,0.0,0.0,0.0,0.0,0.0
2026-07-27,2026-08-16,Control,0-9,PAYER,1,Level Race,12,UL Bomb,minutes,8,8725,49817,0,0.0,0.0,0.0,0.0,0.0
2026-07-27,2026-08-16,Control,0-9,PAYER,1,Level Race,12,UL Chuck,minutes,9,8725,49817,0,0.0,0.0,0.0,0.0,0.0
2026-07-27,2026-08-16,Control,0-9,PAYER,1,Level Race,12,UL Red,minutes,10,8725,49817,0,0.0,0.0,0.0,0.0,0.0
2026-07-27,2026-08-16,Control,0-9,PAYER,1,Level Race,12,Unlimited Lives,minutes,11,8725,49817,0,0.0,0.0,0.0,0.0,0.0
2026-07-27,2026-08-16,Control,0-9,PAYER,1,Level Race,12,SPT,count,12,8725,49817,0,0.0,0.0,0.0,0.0,0.0
2026-07-27,2026-08-16,Control,0-9,PAYER,1,Level Race,12,SPTx2,minutes,13,8725,49817,0,0.0,0.0,0.0,0.0,0.0
2026-07-27,2026-08-16,Control,0-9,PAYER,1,Other,13,HC,HC,1,8725,49817,3218,78817.0,9.0335,1.5821,24.4925,36.88
2026-07-27,2026-08-16,Control,0-9,PAYER,1,Other,13,Slingshot,count,2,8725,49817,1335,1651.0,0.1892,0.0331,1.2367,15.3
2026-07-27,2026-08-16,Control,0-9,PAYER,1,Other,13,Shuffle,count,3,8725,49817,658,811.0,0.093,0.0163,1.2325,7.54
2026-07-27,2026-08-16,Control,0-9,PAYER,1,Other,13,Comet,count,4,8725,49817,321,339.0,0.0389,0.0068,1.0561,3.68
2026-07-27,2026-08-16,Control,0-9,PAYER,1,Other,13,Red,count,5,8725,49817,5062,8740.0,1.0017,0.1754,1.7266,58.02
2026-07-27,2026-08-16,Control,0-9,PAYER,1,Other,13,Chuck,count,6,8725,49817,5056,8791.0,1.0076,0.1765,1.7387,57.95
2026-07-27,2026-08-16,Control,0-9,PAYER,1,Other,13,Bomb,count,7,8725,49817,5043,8784.0,1.0068,0.1763,1.7418,57.8
2026-07-27,2026-08-16,Control,0-9,PAYER,1,Other,13,UL Bomb,minutes,8,8725,49817,12,480.0,0.055,0.0096,40.0,0.14
2026-07-27,2026-08-16,Control,0-9,PAYER,1,Other,13,UL Chuck,minutes,9,8725,49817,12,480.0,0.055,0.0096,40.0,0.14
2026-07-27,2026-08-16,Control,0-9,PAYER,1,Other,13,UL Red,minutes,10,8725,49817,13,495.0,0.0567,0.0099,38.0769,0.15
2026-07-27,2026-08-16,Control,0-9,PAYER,1,Other,13,Unlimited Lives,minutes,11,8725,49817,1149,50988.0,5.8439,1.0235,44.376,13.17
2026-07-27,2026-08-16,Control,0-9,PAYER,1,Other,13,SPT,count,12,8725,49817,4550,334947.0,38.3893,6.7235,73.6147,52.15
2026-07-27,2026-08-16,Control,0-9,PAYER,1,Other,13,SPTx2,minutes,13,8725,49817,0,0.0,0.0,0.0,0.0,0.0
2026-07-27,2026-08-16,Control,0-9,PAYER,1,Photoshoot,14,HC,HC,1,8725,49817,120,3100.0,0.3553,0.0622,25.8333,1.38
2026-07-27,2026-08-16,Control,0-9,PAYER,1,Photoshoot,14,Slingshot,count,2,8725,49817,0,0.0,0.0,0.0,0.0,0.0
2026-07-27,2026-08-16,Control,0-9,PAYER,1,Photoshoot,14,Shuffle,count,3,8725,49817,0,0.0,0.0,0.0,0.0,0.0
2026-07-27,2026-08-16,Control,0-9,PAYER,1,Photoshoot,14,Comet,count,4,8725,49817,0,0.0,0.0,0.0,0.0,0.0
2026-07-27,2026-08-16,Control,0-9,PAYER,1,Photoshoot,14,Red,count,5,8725,49817,5,5.0,0.0006,0.0001,1.0,0.06
2026-07-27,2026-08-16,Control,0-9,PAYER,1,Photoshoot,14,Chuck,count,6,8725,49817,843,871.0,0.0998,0.0175,1.0332,9.66
2026-07-27,2026-08-16,Control,0-9,PAYER,1,Photoshoot,14,Bomb,count,7,8725,49817,0,0.0,0.0,0.0,0.0,0.0
2026-07-27,2026-08-16,Control,0-9,PAYER,1,Photoshoot,14,UL Bomb,minutes,8,8725,49817,0,0.0,0.0,0.0,0.0,0.0
2026-07-27,2026-08-16,Control,0-9,PAYER,1,Photoshoot,14,UL Chuck,minutes,9,8725,49817,0,0.0,0.0,0.0,0.0,0.0
2026-07-27,2026-08-16,Control,0-9,PAYER,1,Photoshoot,14,UL Red,minutes,10,8725,49817,21,330.0,0.0378,0.0066,15.7143,0.24
2026-07-27,2026-08-16,Control,0-9,PAYER,1,Photoshoot,14,Unlimited Lives,minutes,11,8725,49817,344,11280.0,1.2928,0.2264,32.7907,3.94
2026-07-27,2026-08-16,Control,0-9,PAYER,1,Photoshoot,14,SPT,count,12,8725,49817,0,0.0,0.0,0.0,0.0,0.0
2026-07-27,2026-08-16,Control,0-9,PAYER,1,Photoshoot,14,SPTx2,minutes,13,8725,49817,0,0.0,0.0,0.0,0.0,0.0
2026-07-27,2026-08-16,Control,0-9,PAYER,1,Red Challenge,15,HC,HC,1,8725,49817,83,7950.0,0.9112,0.1596,95.7831,0.95
2026-07-27,2026-08-16,Control,0-9,PAYER,1,Red Challenge,15,Slingshot,count,2,8725,49817,1118,1281.0,0.1468,0.0257,1.1458,12.81
2026-07-27,2026-08-16,Control,0-9,PAYER,1,Red Challenge,15,Shuffle,count,3,8725,49817,296,315.0,0.0361,0.0063,1.0642,3.39
2026-07-27,2026-08-16,Control,0-9,PAYER,1,Red Challenge,15,Comet,count,4,8725,49817,11,12.0,0.0014,0.0002,1.0909,0.13
2026-07-27,2026-08-16,Control,0-9,PAYER,1,Red Challenge,15,Red,count,5,8725,49817,0,0.0,0.0,0.0,0.0,0.0
2026-07-27,2026-08-16,Control,0-9,PAYER,1,Red Challenge,15,Chuck,count,6,8725,49817,0,0.0,0.0,0.0,0.0,0.0
2026-07-27,2026-08-16,Control,0-9,PAYER,1,Red Challenge,15,Bomb,count,7,8725,49817,0,0.0,0.0,0.0,0.0,0.0
2026-07-27,2026-08-16,Control,0-9,PAYER,1,Red Challenge,15,UL Bomb,minutes,8,8725,49817,0,0.0,0.0,0.0,0.0,0.0
2026-07-27,2026-08-16,Control,0-9,PAYER,1,Red Challenge,15,UL Chuck,minutes,9,8725,49817,0,0.0,0.0,0.0,0.0,0.0
2026-07-27,2026-08-16,Control,0-9,PAYER,1,Red Challenge,15,UL Red,minutes,10,8725,49817,0,0.0,0.0,0.0,0.0,0.0
2026-07-27,2026-08-16,Control,0-9,PAYER,1,Red Challenge,15,Unlimited Lives,minutes,11,8725,49817,0,0.0,0.0,0.0,0.0,0.0
2026-07-27,2026-08-16,Control,0-9,PAYER,1,Red Challenge,15,SPT,count,12,8725,49817,0,0.0,0.0,0.0,0.0,0.0
2026-07-27,2026-08-16,Control,0-9,PAYER,1,Red Challenge,15,SPTx2,minutes,13,8725,49817,0,0.0,0.0,0.0,0.0,0.0
2026-07-27,2026-08-16,Control,0-9,PAYER,1,River Rush,16,HC,HC,1,8725,49817,952,36400.0,4.1719,0.7307,38.2353,10.91
2026-07-27,2026-08-16,Control,0-9,PAYER,1,River Rush,16,Slingshot,count,2,8725,49817,10,23.0,0.0026,0.0005,2.3,0.11
2026-07-27,2026-08-16,Control,0-9,PAYER,1,River Rush,16,Shuffle,count,3,8725,49817,425,515.0,0.059,0.0103,1.2118,4.87
2026-07-27,2026-08-16,Control,0-9,PAYER,1,River Rush,16,Comet,count,4,8725,49817,425,481.0,0.0551,0.0097,1.1318,4.87
2026-07-27,2026-08-16,Control,0-9,PAYER,1,River Rush,16,Red,count,5,8725,49817,99,107.0,0.0123,0.0021,1.0808,1.13
2026-07-27,2026-08-16,Control,0-9,PAYER,1,River Rush,16,Chuck,count,6,8725,49817,147,174.0,0.0199,0.0035,1.1837,1.68
2026-07-27,2026-08-16,Control,0-9,PAYER,1,River Rush,16,Bomb,count,7,8725,49817,185,197.0,0.0226,0.004,1.0649,2.12
2026-07-27,2026-08-16,Control,0-9,PAYER,1,River Rush,16,UL Bomb,minutes,8,8725,49817,133,2745.0,0.3146,0.0551,20.6391,1.52
2026-07-27,2026-08-16,Control,0-9,PAYER,1,River Rush,16,UL Chuck,minutes,9,8725,49817,402,4565.0,0.5232,0.0916,11.3557,4.61
2026-07-27,2026-08-16,Control,0-9,PAYER,1,River Rush,16,UL Red,minutes,10,8725,49817,187,2290.0,0.2625,0.046,12.246,2.14
2026-07-27,2026-08-16,Control,0-9,PAYER,1,River Rush,16,Unlimited Lives,minutes,11,8725,49817,36,590.0,0.0676,0.0118,16.3889,0.41
2026-07-27,2026-08-16,Control,0-9,PAYER,1,River Rush,16,SPT,count,12,8725,49817,44,930.0,0.1066,0.0187,21.1364,0.5
2026-07-27,2026-08-16,Control,0-9,PAYER,1,River Rush,16,SPTx2,minutes,13,8725,49817,186,2010.0,0.2304,0.0403,10.8065,2.13
2026-07-27,2026-08-16,Control,0-9,PAYER,1,Saga,17,HC,HC,1,8725,49817,6530,370110.0,42.4195,7.4294,56.6784,74.84
2026-07-27,2026-08-16,Control,0-9,PAYER,1,Saga,17,Slingshot,count,2,8725,49817,2924,3890.0,0.4458,0.0781,1.3304,33.51
2026-07-27,2026-08-16,Control,0-9,PAYER,1,Saga,17,Shuffle,count,3,8725,49817,3842,5592.0,0.6409,0.1123,1.4555,44.03
2026-07-27,2026-08-16,Control,0-9,PAYER,1,Saga,17,Comet,count,4,8725,49817,3384,4309.0,0.4939,0.0865,1.2733,38.79
2026-07-27,2026-08-16,Control,0-9,PAYER,1,Saga,17,Red,count,5,8725,49817,4618,9659.0,1.107,0.1939,2.0916,52.93
2026-07-27,2026-08-16,Control,0-9,PAYER,1,Saga,17,Chuck,count,6,8725,49817,4884,9455.0,1.0837,0.1898,1.9359,55.98
2026-07-27,2026-08-16,Control,0-9,PAYER,1,Saga,17,Bomb,count,7,8725,49817,3691,5856.0,0.6712,0.1176,1.5866,42.3
2026-07-27,2026-08-16,Control,0-9,PAYER,1,Saga,17,UL Bomb,minutes,8,8725,49817,0,0.0,0.0,0.0,0.0,0.0
2026-07-27,2026-08-16,Control,0-9,PAYER,1,Saga,17,UL Chuck,minutes,9,8725,49817,0,0.0,0.0,0.0,0.0,0.0
2026-07-27,2026-08-16,Control,0-9,PAYER,1,Saga,17,UL Red,minutes,10,8725,49817,0,0.0,0.0,0.0,0.0,0.0
2026-07-27,2026-08-16,Control,0-9,PAYER,1,Saga,17,Unlimited Lives,minutes,11,8725,49817,6572,598150.0,68.5559,12.0069,91.0149,75.32
2026-07-27,2026-08-16,Control,0-9,PAYER,1,Saga,17,SPT,count,12,8725,49817,0,0.0,0.0,0.0,0.0,0.0
2026-07-27,2026-08-16,Control,0-9,PAYER,1,Saga,17,SPTx2,minutes,13,8725,49817,0,0.0,0.0,0.0,0.0,0.0
2026-07-27,2026-08-16,Control,0-9,PAYER,1,Season Pass (Free),18,HC,HC,1,8725,49817,4597,150210.0,17.216,3.0152,32.6757,52.69
2026-07-27,2026-08-16,Control,0-9,PAYER,1,Season Pass (Free),18,Slingshot,count,2,8725,49817,573,919.0,0.1053,0.0184,1.6038,6.57
2026-07-27,2026-08-16,Control,0-9,PAYER,1,Season Pass (Free),18,Shuffle,count,3,8725,49817,2059,2565.0,0.294,0.0515,1.2458,23.6
2026-07-27,2026-08-16,Control,0-9,PAYER,1,Season Pass (Free),18,Comet,count,4,8725,49817,326,483.0,0.0554,0.0097,1.4816,3.74
2026-07-27,2026-08-16,Control,0-9,PAYER,1,Season Pass (Free),18,Red,count,5,8725,49817,3812,7590.0,0.8699,0.1524,1.9911,43.69
2026-07-27,2026-08-16,Control,0-9,PAYER,1,Season Pass (Free),18,Chuck,count,6,8725,49817,4044,6780.0,0.7771,0.1361,1.6766,46.35
2026-07-27,2026-08-16,Control,0-9,PAYER,1,Season Pass (Free),18,Bomb,count,7,8725,49817,1497,2231.0,0.2557,0.0448,1.4903,17.16
2026-07-27,2026-08-16,Control,0-9,PAYER,1,Season Pass (Free),18,UL Bomb,minutes,8,8725,49817,249,3180.0,0.3645,0.0638,12.7711,2.85
2026-07-27,2026-08-16,Control,0-9,PAYER,1,Season Pass (Free),18,UL Chuck,minutes,9,8725,49817,1644,28940.0,3.3169,0.5809,17.6034,18.84
2026-07-27,2026-08-16,Control,0-9,PAYER,1,Season Pass (Free),18,UL Red,minutes,10,8725,49817,3405,47755.0,5.4734,0.9586,14.025,39.03
2026-07-27,2026-08-16,Control,0-9,PAYER,1,Season Pass (Free),18,Unlimited Lives,minutes,11,8725,49817,4043,247265.0,28.3398,4.9635,61.1588,46.34
2026-07-27,2026-08-16,Control,0-9,PAYER,1,Season Pass (Free),18,SPT,count,12,8725,49817,118,2228.0,0.2554,0.0447,18.8814,1.35
2026-07-27,2026-08-16,Control,0-9,PAYER,1,Season Pass (Free),18,SPTx2,minutes,13,8725,49817,0,0.0,0.0,0.0,0.0,0.0
2026-07-27,2026-08-16,Control,0-9,PAYER,1,Target Day,19,HC,HC,1,8725,49817,164,13700.0,1.5702,0.275,83.5366,1.88
2026-07-27,2026-08-16,Control,0-9,PAYER,1,Target Day,19,Slingshot,count,2,8725,49817,1465,1694.0,0.1942,0.034,1.1563,16.79
2026-07-27,2026-08-16,Control,0-9,PAYER,1,Target Day,19,Shuffle,count,3,8725,49817,463,490.0,0.0562,0.0098,1.0583,5.31
2026-07-27,2026-08-16,Control,0-9,PAYER,1,Target Day,19,Comet,count,4,8725,49817,15,15.0,0.0017,0.0003,1.0,0.17
2026-07-27,2026-08-16,Control,0-9,PAYER,1,Target Day,19,Red,count,5,8725,49817,2,2.0,0.0002,0.0,1.0,0.02
2026-07-27,2026-08-16,Control,0-9,PAYER,1,Target Day,19,Chuck,count,6,8725,49817,1,2.0,0.0002,0.0,2.0,0.01
2026-07-27,2026-08-16,Control,0-9,PAYER,1,Target Day,19,Bomb,count,7,8725,49817,1,2.0,0.0002,0.0,2.0,0.01
2026-07-27,2026-08-16,Control,0-9,PAYER,1,Target Day,19,UL Bomb,minutes,8,8725,49817,0,0.0,0.0,0.0,0.0,0.0
2026-07-27,2026-08-16,Control,0-9,PAYER,1,Target Day,19,UL Chuck,minutes,9,8725,49817,0,0.0,0.0,0.0,0.0,0.0
2026-07-27,2026-08-16,Control,0-9,PAYER,1,Target Day,19,UL Red,minutes,10,8725,49817,0,0.0,0.0,0.0,0.0,0.0
2026-07-27,2026-08-16,Control,0-9,PAYER,1,Target Day,19,Unlimited Lives,minutes,11,8725,49817,3117,140430.0,16.0951,2.8189,45.0529,35.72
2026-07-27,2026-08-16,Control,0-9,PAYER,1,Target Day,19,SPT,count,12,8725,49817,1,10.0,0.0011,0.0002,10.0,0.01
2026-07-27,2026-08-16,Control,0-9,PAYER,1,Target Day,19,SPTx2,minutes,13,8725,49817,0,0.0,0.0,0.0,0.0,0.0
2026-07-27,2026-08-16,Control,0-9,PAYER,1,Team Event,20,HC,HC,1,8725,49817,2674,496830.0,56.9433,9.9731,185.8003,30.65
2026-07-27,2026-08-16,Control,0-9,PAYER,1,Team Event,20,Slingshot,count,2,8725,49817,2160,5459.0,0.6257,0.1096,2.5273,24.76
2026-07-27,2026-08-16,Control,0-9,PAYER,1,Team Event,20,Shuffle,count,3,8725,49817,780,2828.0,0.3241,0.0568,3.6256,8.94
2026-07-27,2026-08-16,Control,0-9,PAYER,1,Team Event,20,Comet,count,4,8725,49817,644,1571.0,0.1801,0.0315,2.4394,7.38
2026-07-27,2026-08-16,Control,0-9,PAYER,1,Team Event,20,Red,count,5,8725,49817,0,0.0,0.0,0.0,0.0,0.0
2026-07-27,2026-08-16,Control,0-9,PAYER,1,Team Event,20,Chuck,count,6,8725,49817,0,0.0,0.0,0.0,0.0,0.0
2026-07-27,2026-08-16,Control,0-9,PAYER,1,Team Event,20,Bomb,count,7,8725,49817,0,0.0,0.0,0.0,0.0,0.0
2026-07-27,2026-08-16,Control,0-9,PAYER,1,Team Event,20,UL Bomb,minutes,8,8725,49817,0,0.0,0.0,0.0,0.0,0.0
2026-07-27,2026-08-16,Control,0-9,PAYER,1,Team Event,20,UL Chuck,minutes,9,8725,49817,0,0.0,0.0,0.0,0.0,0.0
2026-07-27,2026-08-16,Control,0-9,PAYER,1,Team Event,20,UL Red,minutes,10,8725,49817,0,0.0,0.0,0.0,0.0,0.0
2026-07-27,2026-08-16,Control,0-9,PAYER,1,Team Event,20,Unlimited Lives,minutes,11,8725,49817,0,0.0,0.0,0.0,0.0,0.0
2026-07-27,2026-08-16,Control,0-9,PAYER,1,Team Event,20,SPT,count,12,8725,49817,0,0.0,0.0,0.0,0.0,0.0
2026-07-27,2026-08-16,Control,0-9,PAYER,1,Team Event,20,SPTx2,minutes,13,8725,49817,0,0.0,0.0,0.0,0.0,0.0
2026-07-27,2026-08-16,Control,0-9,PAYER,1,Team Race,21,HC,HC,1,8725,49817,3972,441570.0,50.6097,8.8638,111.1707,45.52
2026-07-27,2026-08-16,Control,0-9,PAYER,1,Team Race,21,Slingshot,count,2,8725,49817,2076,2918.0,0.3344,0.0586,1.4056,23.79
2026-07-27,2026-08-16,Control,0-9,PAYER,1,Team Race,21,Shuffle,count,3,8725,49817,2648,4034.0,0.4623,0.081,1.5234,30.35
2026-07-27,2026-08-16,Control,0-9,PAYER,1,Team Race,21,Comet,count,4,8725,49817,3831,6160.0,0.706,0.1237,1.6079,43.91
2026-07-27,2026-08-16,Control,0-9,PAYER,1,Team Race,21,Red,count,5,8725,49817,557,656.0,0.0752,0.0132,1.1777,6.38
2026-07-27,2026-08-16,Control,0-9,PAYER,1,Team Race,21,Chuck,count,6,8725,49817,828,1068.0,0.1224,0.0214,1.2899,9.49
2026-07-27,2026-08-16,Control,0-9,PAYER,1,Team Race,21,Bomb,count,7,8725,49817,1872,2982.0,0.3418,0.0599,1.5929,21.46
2026-07-27,2026-08-16,Control,0-9,PAYER,1,Team Race,21,UL Bomb,minutes,8,8725,49817,0,0.0,0.0,0.0,0.0,0.0
2026-07-27,2026-08-16,Control,0-9,PAYER,1,Team Race,21,UL Chuck,minutes,9,8725,49817,0,0.0,0.0,0.0,0.0,0.0
2026-07-27,2026-08-16,Control,0-9,PAYER,1,Team Race,21,UL Red,minutes,10,8725,49817,0,0.0,0.0,0.0,0.0,0.0
2026-07-27,2026-08-16,Control,0-9,PAYER,1,Team Race,21,Unlimited Lives,minutes,11,8725,49817,0,0.0,0.0,0.0,0.0,0.0
2026-07-27,2026-08-16,Control,0-9,PAYER,1,Team Race,21,SPT,count,12,8725,49817,0,0.0,0.0,0.0,0.0,0.0
2026-07-27,2026-08-16,Control,0-9,PAYER,1,Team Race,21,SPTx2,minutes,13,8725,49817,0,0.0,0.0,0.0,0.0,0.0
2026-07-27,2026-08-16,Control,0-9,PAYER,1,Flash Race,22,HC,HC,1,8725,49817,1178,78325.0,8.9771,1.5723,66.4898,13.5
2026-07-27,2026-08-16,Control,0-9,PAYER,1,Flash Race,22,Slingshot,count,2,8725,49817,503,551.0,0.0632,0.0111,1.0954,5.77
2026-07-27,2026-08-16,Control,0-9,PAYER,1,Flash Race,22,Shuffle,count,3,8725,49817,470,525.0,0.0602,0.0105,1.117,5.39
2026-07-27,2026-08-16,Control,0-9,PAYER,1,Flash Race,22,Comet,count,4,8725,49817,345,383.0,0.0439,0.0077,1.1101,3.95
2026-07-27,2026-08-16,Control,0-9,PAYER,1,Flash Race,22,Red,count,5,8725,49817,150,155.0,0.0178,0.0031,1.0333,1.72
2026-07-27,2026-08-16,Control,0-9,PAYER,1,Flash Race,22,Chuck,count,6,8725,49817,242,257.0,0.0295,0.0052,1.062,2.77
2026-07-27,2026-08-16,Control,0-9,PAYER,1,Flash Race,22,Bomb,count,7,8725,49817,387,417.0,0.0478,0.0084,1.0775,4.44
2026-07-27,2026-08-16,Control,0-9,PAYER,1,Flash Race,22,UL Bomb,minutes,8,8725,49817,0,0.0,0.0,0.0,0.0,0.0
2026-07-27,2026-08-16,Control,0-9,PAYER,1,Flash Race,22,UL Chuck,minutes,9,8725,49817,0,0.0,0.0,0.0,0.0,0.0
2026-07-27,2026-08-16,Control,0-9,PAYER,1,Flash Race,22,UL Red,minutes,10,8725,49817,0,0.0,0.0,0.0,0.0,0.0
2026-07-27,2026-08-16,Control,0-9,PAYER,1,Flash Race,22,Unlimited Lives,minutes,11,8725,49817,191,9750.0,1.1175,0.1957,51.0471,2.19
2026-07-27,2026-08-16,Control,0-9,PAYER,1,Flash Race,22,SPT,count,12,8725,49817,1583,101815.0,11.6693,2.0438,64.3178,18.14
2026-07-27,2026-08-16,Control,0-9,PAYER,1,Flash Race,22,SPTx2,minutes,13,8725,49817,0,0.0,0.0,0.0,0.0,0.0
2026-07-27,2026-08-16,Control,0-9,PAYER,1,FlowerCoop,23,HC,HC,1,8725,49817,0,0.0,0.0,0.0,0.0,0.0
2026-07-27,2026-08-16,Control,0-9,PAYER,1,FlowerCoop,23,Slingshot,count,2,8725,49817,0,0.0,0.0,0.0,0.0,0.0
2026-07-27,2026-08-16,Control,0-9,PAYER,1,FlowerCoop,23,Shuffle,count,3,8725,49817,0,0.0,0.0,0.0,0.0,0.0
2026-07-27,2026-08-16,Control,0-9,PAYER,1,FlowerCoop,23,Comet,count,4,8725,49817,0,0.0,0.0,0.0,0.0,0.0
2026-07-27,2026-08-16,Control,0-9,PAYER,1,FlowerCoop,23,Red,count,5,8725,49817,0,0.0,0.0,0.0,0.0,0.0
2026-07-27,2026-08-16,Control,0-9,PAYER,1,FlowerCoop,23,Chuck,count,6,8725,49817,0,0.0,0.0,0.0,0.0,0.0
2026-07-27,2026-08-16,Control,0-9,PAYER,1,FlowerCoop,23,Bomb,count,7,8725,49817,0,0.0,0.0,0.0,0.0,0.0
2026-07-27,2026-08-16,Control,0-9,PAYER,1,FlowerCoop,23,UL Bomb,minutes,8,8725,49817,0,0.0,0.0,0.0,0.0,0.0
2026-07-27,2026-08-16,Control,0-9,PAYER,1,FlowerCoop,23,UL Chuck,minutes,9,8725,49817,0,0.0,0.0,0.0,0.0,0.0
2026-07-27,2026-08-16,Control,0-9,PAYER,1,FlowerCoop,23,UL Red,minutes,10,8725,49817,0,0.0,0.0,0.0,0.0,0.0
2026-07-27,2026-08-16,Control,0-9,PAYER,1,FlowerCoop,23,Unlimited Lives,minutes,11,8725,49817,0,0.0,0.0,0.0,0.0,0.0
2026-07-27,2026-08-16,Control,0-9,PAYER,1,FlowerCoop,23,SPT,count,12,8725,49817,0,0.0,0.0,0.0,0.0,0.0
2026-07-27,2026-08-16,Control,0-9,PAYER,1,FlowerCoop,23,SPTx2,minutes,13,8725,49817,0,0.0,0.0,0.0,0.0,0.0
2026-07-27,2026-08-16,Control,0-9,PAYER,1,Rainbow Maker,24,HC,HC,1,8725,49817,0,0.0,0.0,0.0,0.0,0.0
2026-07-27,2026-08-16,Control,0-9,PAYER,1,Rainbow Maker,24,Slingshot,count,2,8725,49817,1,2.0,0.0002,0.0,2.0,0.01
2026-07-27,2026-08-16,Control,0-9,PAYER,1,Rainbow Maker,24,Shuffle,count,3,8725,49817,0,0.0,0.0,0.0,0.0,0.0
2026-07-27,2026-08-16,Control,0-9,PAYER,1,Rainbow Maker,24,Comet,count,4,8725,49817,0,0.0,0.0,0.0,0.0,0.0
2026-07-27,2026-08-16,Control,0-9,PAYER,1,Rainbow Maker,24,Red,count,5,8725,49817,0,0.0,0.0,0.0,0.0,0.0
2026-07-27,2026-08-16,Control,0-9,PAYER,1,Rainbow Maker,24,Chuck,count,6,8725,49817,1,1.0,0.0001,0.0,1.0,0.01
2026-07-27,2026-08-16,Control,0-9,PAYER,1,Rainbow Maker,24,Bomb,count,7,8725,49817,0,0.0,0.0,0.0,0.0,0.0
2026-07-27,2026-08-16,Control,0-9,PAYER,1,Rainbow Maker,24,UL Bomb,minutes,8,8725,49817,0,0.0,0.0,0.0,0.0,0.0
2026-07-27,2026-08-16,Control,0-9,PAYER,1,Rainbow Maker,24,UL Chuck,minutes,9,8725,49817,0,0.0,0.0,0.0,0.0,0.0
2026-07-27,2026-08-16,Control,0-9,PAYER,1,Rainbow Maker,24,UL Red,minutes,10,8725,49817,0,0.0,0.0,0.0,0.0,0.0
2026-07-27,2026-08-16,Control,0-9,PAYER,1,Rainbow Maker,24,Unlimited Lives,minutes,11,8725,49817,1,10.0,0.0011,0.0002,10.0,0.01
2026-07-27,2026-08-16,Control,0-9,PAYER,1,Rainbow Maker,24,SPT,count,12,8725,49817,1,50.0,0.0057,0.001,50.0,0.01
2026-07-27,2026-08-16,Control,0-9,PAYER,1,Rainbow Maker,24,SPTx2,minutes,13,8725,49817,1,10.0,0.0011,0.0002,10.0,0.01
2026-07-27,2026-08-16,Control,0-9,PAYER,1,IAPs,25,HC,HC,1,8725,49817,0,0.0,0.0,0.0,0.0,0.0
2026-07-27,2026-08-16,Control,0-9,PAYER,1,IAPs,25,Slingshot,count,2,8725,49817,0,0.0,0.0,0.0,0.0,0.0
2026-07-27,2026-08-16,Control,0-9,PAYER,1,IAPs,25,Shuffle,count,3,8725,49817,0,0.0,0.0,0.0,0.0,0.0
2026-07-27,2026-08-16,Control,0-9,PAYER,1,IAPs,25,Comet,count,4,8725,49817,0,0.0,0.0,0.0,0.0,0.0
2026-07-27,2026-08-16,Control,0-9,PAYER,1,IAPs,25,Red,count,5,8725,49817,0,0.0,0.0,0.0,0.0,0.0
2026-07-27,2026-08-16,Control,0-9,PAYER,1,IAPs,25,Chuck,count,6,8725,49817,0,0.0,0.0,0.0,0.0,0.0
2026-07-27,2026-08-16,Control,0-9,PAYER,1,IAPs,25,Bomb,count,7,8725,49817,0,0.0,0.0,0.0,0.0,0.0
2026-07-27,2026-08-16,Control,0-9,PAYER,1,IAPs,25,UL Bomb,minutes,8,8725,49817,0,0.0,0.0,0.0,0.0,0.0
2026-07-27,2026-08-16,Control,0-9,PAYER,1,IAPs,25,UL Chuck,minutes,9,8725,49817,0,0.0,0.0,0.0,0.0,0.0
2026-07-27,2026-08-16,Control,0-9,PAYER,1,IAPs,25,UL Red,minutes,10,8725,49817,0,0.0,0.0,0.0,0.0,0.0
2026-07-27,2026-08-16,Control,0-9,PAYER,1,IAPs,25,Unlimited Lives,minutes,11,8725,49817,0,0.0,0.0,0.0,0.0,0.0
2026-07-27,2026-08-16,Control,0-9,PAYER,1,IAPs,25,SPT,count,12,8725,49817,0,0.0,0.0,0.0,0.0,0.0
2026-07-27,2026-08-16,Control,0-9,PAYER,1,IAPs,25,SPTx2,minutes,13,8725,49817,0,0.0,0.0,0.0,0.0,0.0
2026-07-27,2026-08-16,Control,10-19,NONPAYER,2,Ads,1,HC,HC,1,27703,114072,6390,421165.0,15.2029,3.6921,65.91,23.07
2026-07-27,2026-08-16,Control,10-19,NONPAYER,2,Ads,1,Slingshot,count,2,27703,114072,3953,9329.0,0.3368,0.0818,2.36,14.27
2026-07-27,2026-08-16,Control,10-19,NONPAYER,2,Ads,1,Shuffle,count,3,27703,114072,3957,9277.0,0.3349,0.0813,2.3445,14.28
2026-07-27,2026-08-16,Control,10-19,NONPAYER,2,Ads,1,Comet,count,4,27703,114072,2511,4273.0,0.1542,0.0375,1.7017,9.06
2026-07-27,2026-08-16,Control,10-19,NONPAYER,2,Ads,1,Red,count,5,27703,114072,0,0.0,0.0,0.0,0.0,0.0
2026-07-27,2026-08-16,Control,10-19,NONPAYER,2,Ads,1,Chuck,count,6,27703,114072,0,0.0,0.0,0.0,0.0,0.0
2026-07-27,2026-08-16,Control,10-19,NONPAYER,2,Ads,1,Bomb,count,7,27703,114072,0,0.0,0.0,0.0,0.0,0.0
2026-07-27,2026-08-16,Control,10-19,NONPAYER,2,Ads,1,UL Bomb,minutes,8,27703,114072,0,0.0,0.0,0.0,0.0,0.0
2026-07-27,2026-08-16,Control,10-19,NONPAYER,2,Ads,1,UL Chuck,minutes,9,27703,114072,0,0.0,0.0,0.0,0.0,0.0
2026-07-27,2026-08-16,Control,10-19,NONPAYER,2,Ads,1,UL Red,minutes,10,27703,114072,0,0.0,0.0,0.0,0.0,0.0
2026-07-27,2026-08-16,Control,10-19,NONPAYER,2,Ads,1,Unlimited Lives,minutes,11,27703,114072,4424,140965.0,5.0884,1.2358,31.8637,15.97
2026-07-27,2026-08-16,Control,10-19,NONPAYER,2,Ads,1,SPT,count,12,27703,114072,0,0.0,0.0,0.0,0.0,0.0
2026-07-27,2026-08-16,Control,10-19,NONPAYER,2,Ads,1,SPTx2,minutes,13,27703,114072,0,0.0,0.0,0.0,0.0,0.0
2026-07-27,2026-08-16,Control,10-19,NONPAYER,2,Bomb Challenge,2,HC,HC,1,27703,114072,1198,124100.0,4.4797,1.0879,103.5893,4.32
2026-07-27,2026-08-16,Control,10-19,NONPAYER,2,Bomb Challenge,2,Slingshot,count,2,27703,114072,3898,4448.0,0.1606,0.039,1.1411,14.07
2026-07-27,2026-08-16,Control,10-19,NONPAYER,2,Bomb Challenge,2,Shuffle,count,3,27703,114072,2390,2711.0,0.0979,0.0238,1.1343,8.63
2026-07-27,2026-08-16,Control,10-19,NONPAYER,2,Bomb Challenge,2,Comet,count,4,27703,114072,219,233.0,0.0084,0.002,1.0639,0.79
2026-07-27,2026-08-16,Control,10-19,NONPAYER,2,Bomb Challenge,2,Red,count,5,27703,114072,0,0.0,0.0,0.0,0.0,0.0
2026-07-27,2026-08-16,Control,10-19,NONPAYER,2,Bomb Challenge,2,Chuck,count,6,27703,114072,0,0.0,0.0,0.0,0.0,0.0
2026-07-27,2026-08-16,Control,10-19,NONPAYER,2,Bomb Challenge,2,Bomb,count,7,27703,114072,0,0.0,0.0,0.0,0.0,0.0
2026-07-27,2026-08-16,Control,10-19,NONPAYER,2,Bomb Challenge,2,UL Bomb,minutes,8,27703,114072,0,0.0,0.0,0.0,0.0,0.0
2026-07-27,2026-08-16,Control,10-19,NONPAYER,2,Bomb Challenge,2,UL Chuck,minutes,9,27703,114072,0,0.0,0.0,0.0,0.0,0.0
2026-07-27,2026-08-16,Control,10-19,NONPAYER,2,Bomb Challenge,2,UL Red,minutes,10,27703,114072,0,0.0,0.0,0.0,0.0,0.0
2026-07-27,2026-08-16,Control,10-19,NONPAYER,2,Bomb Challenge,2,Unlimited Lives,minutes,11,27703,114072,0,0.0,0.0,0.0,0.0,0.0
2026-07-27,2026-08-16,Control,10-19,NONPAYER,2,Bomb Challenge,2,SPT,count,12,27703,114072,0,0.0,0.0,0.0,0.0,0.0
2026-07-27,2026-08-16,Control,10-19,NONPAYER,2,Bomb Challenge,2,SPTx2,minutes,13,27703,114072,0,0.0,0.0,0.0,0.0,0.0
2026-07-27,2026-08-16,Control,10-19,NONPAYER,2,Bomb's Ballet,3,HC,HC,1,27703,114072,2937,76025.0,2.7443,0.6665,25.8853,10.6
2026-07-27,2026-08-16,Control,10-19,NONPAYER,2,Bomb's Ballet,3,Slingshot,count,2,27703,114072,8,8.0,0.0003,0.0001,1.0,0.03
2026-07-27,2026-08-16,Control,10-19,NONPAYER,2,Bomb's Ballet,3,Shuffle,count,3,27703,114072,2,2.0,0.0001,0.0,1.0,0.01
2026-07-27,2026-08-16,Control,10-19,NONPAYER,2,Bomb's Ballet,3,Comet,count,4,27703,114072,3,3.0,0.0001,0.0,1.0,0.01
2026-07-27,2026-08-16,Control,10-19,NONPAYER,2,Bomb's Ballet,3,Red,count,5,27703,114072,833,860.0,0.031,0.0075,1.0324,3.01
2026-07-27,2026-08-16,Control,10-19,NONPAYER,2,Bomb's Ballet,3,Chuck,count,6,27703,114072,6941,7115.0,0.2568,0.0624,1.0251,25.06
2026-07-27,2026-08-16,Control,10-19,NONPAYER,2,Bomb's Ballet,3,Bomb,count,7,27703,114072,3,3.0,0.0001,0.0,1.0,0.01
2026-07-27,2026-08-16,Control,10-19,NONPAYER,2,Bomb's Ballet,3,UL Bomb,minutes,8,27703,114072,1594,16225.0,0.5857,0.1422,10.1788,5.75
2026-07-27,2026-08-16,Control,10-19,NONPAYER,2,Bomb's Ballet,3,UL Chuck,minutes,9,27703,114072,5365,54490.0,1.9669,0.4777,10.1566,19.37
2026-07-27,2026-08-16,Control,10-19,NONPAYER,2,Bomb's Ballet,3,UL Red,minutes,10,27703,114072,6340,65150.0,2.3517,0.5711,10.276,22.89
2026-07-27,2026-08-16,Control,10-19,NONPAYER,2,Bomb's Ballet,3,Unlimited Lives,minutes,11,27703,114072,4300,149400.0,5.3929,1.3097,34.7442,15.52
2026-07-27,2026-08-16,Control,10-19,NONPAYER,2,Bomb's Ballet,3,SPT,count,12,27703,114072,0,0.0,0.0,0.0,0.0,0.0
2026-07-27,2026-08-16,Control,10-19,NONPAYER,2,Bomb's Ballet,3,SPTx2,minutes,13,27703,114072,0,0.0,0.0,0.0,0.0,0.0
2026-07-27,2026-08-16,Control,10-19,NONPAYER,2,Chuck Challenge,4,HC,HC,1,27703,114072,13,1150.0,0.0415,0.0101,88.4615,0.05
2026-07-27,2026-08-16,Control,10-19,NONPAYER,2,Chuck Challenge,4,Slingshot,count,2,27703,114072,36,38.0,0.0014,0.0003,1.0556,0.13
2026-07-27,2026-08-16,Control,10-19,NONPAYER,2,Chuck Challenge,4,Shuffle,count,3,27703,114072,24,25.0,0.0009,0.0002,1.0417,0.09
2026-07-27,2026-08-16,Control,10-19,NONPAYER,2,Chuck Challenge,4,Comet,count,4,27703,114072,2,2.0,0.0001,0.0,1.0,0.01
2026-07-27,2026-08-16,Control,10-19,NONPAYER,2,Chuck Challenge,4,Red,count,5,27703,114072,0,0.0,0.0,0.0,0.0,0.0
2026-07-27,2026-08-16,Control,10-19,NONPAYER,2,Chuck Challenge,4,Chuck,count,6,27703,114072,0,0.0,0.0,0.0,0.0,0.0
2026-07-27,2026-08-16,Control,10-19,NONPAYER,2,Chuck Challenge,4,Bomb,count,7,27703,114072,0,0.0,0.0,0.0,0.0,0.0
2026-07-27,2026-08-16,Control,10-19,NONPAYER,2,Chuck Challenge,4,UL Bomb,minutes,8,27703,114072,0,0.0,0.0,0.0,0.0,0.0
2026-07-27,2026-08-16,Control,10-19,NONPAYER,2,Chuck Challenge,4,UL Chuck,minutes,9,27703,114072,0,0.0,0.0,0.0,0.0,0.0
2026-07-27,2026-08-16,Control,10-19,NONPAYER,2,Chuck Challenge,4,UL Red,minutes,10,27703,114072,0,0.0,0.0,0.0,0.0,0.0
2026-07-27,2026-08-16,Control,10-19,NONPAYER,2,Chuck Challenge,4,Unlimited Lives,minutes,11,27703,114072,0,0.0,0.0,0.0,0.0,0.0
2026-07-27,2026-08-16,Control,10-19,NONPAYER,2,Chuck Challenge,4,SPT,count,12,27703,114072,0,0.0,0.0,0.0,0.0,0.0
2026-07-27,2026-08-16,Control,10-19,NONPAYER,2,Chuck Challenge,4,SPTx2,minutes,13,27703,114072,0,0.0,0.0,0.0,0.0,0.0
2026-07-27,2026-08-16,Control,10-19,NONPAYER,2,Core,5,HC,HC,1,27703,114072,16126,1010165.0,36.4641,8.8555,62.642,58.21
2026-07-27,2026-08-16,Control,10-19,NONPAYER,2,Core,5,Slingshot,count,2,27703,114072,6410,7127.0,0.2573,0.0625,1.1119,23.14
2026-07-27,2026-08-16,Control,10-19,NONPAYER,2,Core,5,Shuffle,count,3,27703,114072,9303,11093.0,0.4004,0.0972,1.1924,33.58
2026-07-27,2026-08-16,Control,10-19,NONPAYER,2,Core,5,Comet,count,4,27703,114072,4595,4790.0,0.1729,0.042,1.0424,16.59
2026-07-27,2026-08-16,Control,10-19,NONPAYER,2,Core,5,Red,count,5,27703,114072,3701,3939.0,0.1422,0.0345,1.0643,13.36
2026-07-27,2026-08-16,Control,10-19,NONPAYER,2,Core,5,Chuck,count,6,27703,114072,3621,4021.0,0.1451,0.0352,1.1105,13.07
2026-07-27,2026-08-16,Control,10-19,NONPAYER,2,Core,5,Bomb,count,7,27703,114072,3334,3412.0,0.1232,0.0299,1.0234,12.03
2026-07-27,2026-08-16,Control,10-19,NONPAYER,2,Core,5,UL Bomb,minutes,8,27703,114072,0,0.0,0.0,0.0,0.0,0.0
2026-07-27,2026-08-16,Control,10-19,NONPAYER,2,Core,5,UL Chuck,minutes,9,27703,114072,0,0.0,0.0,0.0,0.0,0.0
2026-07-27,2026-08-16,Control,10-19,NONPAYER,2,Core,5,UL Red,minutes,10,27703,114072,0,0.0,0.0,0.0,0.0,0.0
2026-07-27,2026-08-16,Control,10-19,NONPAYER,2,Core,5,Unlimited Lives,minutes,11,27703,114072,10899,618090.0,22.3113,5.4184,56.7107,39.34
2026-07-27,2026-08-16,Control,10-19,NONPAYER,2,Core,5,SPT,count,12,27703,114072,24964,18426790.0,665.155,161.5365,738.1345,90.11
2026-07-27,2026-08-16,Control,10-19,NONPAYER,2,Core,5,SPTx2,minutes,13,27703,114072,0,0.0,0.0,0.0,0.0,0.0
2026-07-27,2026-08-16,Control,10-19,NONPAYER,2,Daily Gift,6,HC,HC,1,27703,114072,22274,1949250.0,70.3624,17.0879,87.5123,80.4
2026-07-27,2026-08-16,Control,10-19,NONPAYER,2,Daily Gift,6,Slingshot,count,2,27703,114072,11731,19746.0,0.7128,0.1731,1.6832,42.35
2026-07-27,2026-08-16,Control,10-19,NONPAYER,2,Daily Gift,6,Shuffle,count,3,27703,114072,9295,13039.0,0.4707,0.1143,1.4028,33.55
2026-07-27,2026-08-16,Control,10-19,NONPAYER,2,Daily Gift,6,Comet,count,4,27703,114072,1865,1915.0,0.0691,0.0168,1.0268,6.73
2026-07-27,2026-08-16,Control,10-19,NONPAYER,2,Daily Gift,6,Red,count,5,27703,114072,0,0.0,0.0,0.0,0.0,0.0
2026-07-27,2026-08-16,Control,10-19,NONPAYER,2,Daily Gift,6,Chuck,count,6,27703,114072,0,0.0,0.0,0.0,0.0,0.0
2026-07-27,2026-08-16,Control,10-19,NONPAYER,2,Daily Gift,6,Bomb,count,7,27703,114072,0,0.0,0.0,0.0,0.0,0.0
2026-07-27,2026-08-16,Control,10-19,NONPAYER,2,Daily Gift,6,UL Bomb,minutes,8,27703,114072,2078,63075.0,2.2768,0.5529,30.3537,7.5
2026-07-27,2026-08-16,Control,10-19,NONPAYER,2,Daily Gift,6,UL Chuck,minutes,9,27703,114072,2021,122595.0,4.4253,1.0747,60.6606,7.3
2026-07-27,2026-08-16,Control,10-19,NONPAYER,2,Daily Gift,6,UL Red,minutes,10,27703,114072,1688,102375.0,3.6954,0.8975,60.6487,6.09
2026-07-27,2026-08-16,Control,10-19,NONPAYER,2,Daily Gift,6,Unlimited Lives,minutes,11,27703,114072,19408,1814375.0,65.4938,15.9055,93.4859,70.06
2026-07-27,2026-08-16,Control,10-19,NONPAYER,2,Daily Gift,6,SPT,count,12,27703,114072,0,0.0,0.0,0.0,0.0,0.0
2026-07-27,2026-08-16,Control,10-19,NONPAYER,2,Daily Gift,6,SPTx2,minutes,13,27703,114072,20,375.0,0.0135,0.0033,18.75,0.07
2026-07-27,2026-08-16,Control,10-19,NONPAYER,2,Daily Night Sky Prize,7,HC,HC,1,27703,114072,15451,1159165.0,41.8426,10.1617,75.022,55.77
2026-07-27,2026-08-16,Control,10-19,NONPAYER,2,Daily Night Sky Prize,7,Slingshot,count,2,27703,114072,8217,11827.0,0.4269,0.1037,1.4393,29.66
2026-07-27,2026-08-16,Control,10-19,NONPAYER,2,Daily Night Sky Prize,7,Shuffle,count,3,27703,114072,1,1.0,0.0,0.0,1.0,0.0
2026-07-27,2026-08-16,Control,10-19,NONPAYER,2,Daily Night Sky Prize,7,Comet,count,4,27703,114072,34,40.0,0.0014,0.0004,1.1765,0.12
2026-07-27,2026-08-16,Control,10-19,NONPAYER,2,Daily Night Sky Prize,7,Red,count,5,27703,114072,12437,24990.0,0.9021,0.2191,2.0093,44.89
2026-07-27,2026-08-16,Control,10-19,NONPAYER,2,Daily Night Sky Prize,7,Chuck,count,6,27703,114072,8185,11787.0,0.4255,0.1033,1.4401,29.55
2026-07-27,2026-08-16,Control,10-19,NONPAYER,2,Daily Night Sky Prize,7,Bomb,count,7,27703,114072,0,0.0,0.0,0.0,0.0,0.0
2026-07-27,2026-08-16,Control,10-19,NONPAYER,2,Daily Night Sky Prize,7,UL Bomb,minutes,8,27703,114072,0,0.0,0.0,0.0,0.0,0.0
2026-07-27,2026-08-16,Control,10-19,NONPAYER,2,Daily Night Sky Prize,7,UL Chuck,minutes,9,27703,114072,0,0.0,0.0,0.0,0.0,0.0
2026-07-27,2026-08-16,Control,10-19,NONPAYER,2,Daily Night Sky Prize,7,UL Red,minutes,10,27703,114072,0,0.0,0.0,0.0,0.0,0.0
2026-07-27,2026-08-16,Control,10-19,NONPAYER,2,Daily Night Sky Prize,7,Unlimited Lives,minutes,11,27703,114072,15829,872720.0,31.5027,7.6506,55.1342,57.14
2026-07-27,2026-08-16,Control,10-19,NONPAYER,2,Daily Night Sky Prize,7,SPT,count,12,27703,114072,0,0.0,0.0,0.0,0.0,0.0
2026-07-27,2026-08-16,Control,10-19,NONPAYER,2,Daily Night Sky Prize,7,SPTx2,minutes,13,27703,114072,0,0.0,0.0,0.0,0.0,0.0
2026-07-27,2026-08-16,Control,10-19,NONPAYER,2,Flock Flurry,8,HC,HC,1,27703,114072,0,0.0,0.0,0.0,0.0,0.0
2026-07-27,2026-08-16,Control,10-19,NONPAYER,2,Flock Flurry,8,Slingshot,count,2,27703,114072,5665,8149.0,0.2942,0.0714,1.4385,20.45
2026-07-27,2026-08-16,Control,10-19,NONPAYER,2,Flock Flurry,8,Shuffle,count,3,27703,114072,0,0.0,0.0,0.0,0.0,0.0
2026-07-27,2026-08-16,Control,10-19,NONPAYER,2,Flock Flurry,8,Comet,count,4,27703,114072,0,0.0,0.0,0.0,0.0,0.0
2026-07-27,2026-08-16,Control,10-19,NONPAYER,2,Flock Flurry,8,Red,count,5,27703,114072,5665,8149.0,0.2942,0.0714,1.4385,20.45
2026-07-27,2026-08-16,Control,10-19,NONPAYER,2,Flock Flurry,8,Chuck,count,6,27703,114072,5665,8149.0,0.2942,0.0714,1.4385,20.45
2026-07-27,2026-08-16,Control,10-19,NONPAYER,2,Flock Flurry,8,Bomb,count,7,27703,114072,5665,8149.0,0.2942,0.0714,1.4385,20.45
2026-07-27,2026-08-16,Control,10-19,NONPAYER,2,Flock Flurry,8,UL Bomb,minutes,8,27703,114072,0,0.0,0.0,0.0,0.0,0.0
2026-07-27,2026-08-16,Control,10-19,NONPAYER,2,Flock Flurry,8,UL Chuck,minutes,9,27703,114072,0,0.0,0.0,0.0,0.0,0.0
2026-07-27,2026-08-16,Control,10-19,NONPAYER,2,Flock Flurry,8,UL Red,minutes,10,27703,114072,0,0.0,0.0,0.0,0.0,0.0
2026-07-27,2026-08-16,Control,10-19,NONPAYER,2,Flock Flurry,8,Unlimited Lives,minutes,11,27703,114072,16746,2569220.0,92.7416,22.5228,153.4229,60.45
2026-07-27,2026-08-16,Control,10-19,NONPAYER,2,Flock Flurry,8,SPT,count,12,27703,114072,5181,147660.0,5.3301,1.2944,28.5003,18.7
2026-07-27,2026-08-16,Control,10-19,NONPAYER,2,Flock Flurry,8,SPTx2,minutes,13,27703,114072,0,0.0,0.0,0.0,0.0,0.0
2026-07-27,2026-08-16,Control,10-19,NONPAYER,2,Hatchling Hideaway,9,HC,HC,1,27703,114072,8726,144540.0,5.2175,1.2671,16.5643,31.5
2026-07-27,2026-08-16,Control,10-19,NONPAYER,2,Hatchling Hideaway,9,Slingshot,count,2,27703,114072,1106,1240.0,0.0448,0.0109,1.1212,3.99
2026-07-27,2026-08-16,Control,10-19,NONPAYER,2,Hatchling Hideaway,9,Shuffle,count,3,27703,114072,4332,5284.0,0.1907,0.0463,1.2198,15.64
2026-07-27,2026-08-16,Control,10-19,NONPAYER,2,Hatchling Hideaway,9,Comet,count,4,27703,114072,253,294.0,0.0106,0.0026,1.1621,0.91
2026-07-27,2026-08-16,Control,10-19,NONPAYER,2,Hatchling Hideaway,9,Red,count,5,27703,114072,13000,18285.0,0.66,0.1603,1.4065,46.93
2026-07-27,2026-08-16,Control,10-19,NONPAYER,2,Hatchling Hideaway,9,Chuck,count,6,27703,114072,8532,11418.0,0.4122,0.1001,1.3383,30.8
2026-07-27,2026-08-16,Control,10-19,NONPAYER,2,Hatchling Hideaway,9,Bomb,count,7,27703,114072,4332,5284.0,0.1907,0.0463,1.2198,15.64
2026-07-27,2026-08-16,Control,10-19,NONPAYER,2,Hatchling Hideaway,9,UL Bomb,minutes,8,27703,114072,0,0.0,0.0,0.0,0.0,0.0
2026-07-27,2026-08-16,Control,10-19,NONPAYER,2,Hatchling Hideaway,9,UL Chuck,minutes,9,27703,114072,253,2920.0,0.1054,0.0256,11.5415,0.91
2026-07-27,2026-08-16,Control,10-19,NONPAYER,2,Hatchling Hideaway,9,UL Red,minutes,10,27703,114072,1106,12330.0,0.4451,0.1081,11.1483,3.99
2026-07-27,2026-08-16,Control,10-19,NONPAYER,2,Hatchling Hideaway,9,Unlimited Lives,minutes,11,27703,114072,13491,1255620.0,45.3243,11.0073,93.0709,48.7
2026-07-27,2026-08-16,Control,10-19,NONPAYER,2,Hatchling Hideaway,9,SPT,count,12,27703,114072,0,0.0,0.0,0.0,0.0,0.0
2026-07-27,2026-08-16,Control,10-19,NONPAYER,2,Hatchling Hideaway,9,SPTx2,minutes,13,27703,114072,0,0.0,0.0,0.0,0.0,0.0
2026-07-27,2026-08-16,Control,10-19,NONPAYER,2,Jigsaw,10,HC,HC,1,27703,114072,3116,89850.0,3.2433,0.7877,28.835,11.25
2026-07-27,2026-08-16,Control,10-19,NONPAYER,2,Jigsaw,10,Slingshot,count,2,27703,114072,14,14.0,0.0005,0.0001,1.0,0.05
2026-07-27,2026-08-16,Control,10-19,NONPAYER,2,Jigsaw,10,Shuffle,count,3,27703,114072,0,0.0,0.0,0.0,0.0,0.0
2026-07-27,2026-08-16,Control,10-19,NONPAYER,2,Jigsaw,10,Comet,count,4,27703,114072,3,3.0,0.0001,0.0,1.0,0.01
2026-07-27,2026-08-16,Control,10-19,NONPAYER,2,Jigsaw,10,Red,count,5,27703,114072,1485,1684.0,0.0608,0.0148,1.134,5.36
2026-07-27,2026-08-16,Control,10-19,NONPAYER,2,Jigsaw,10,Chuck,count,6,27703,114072,7576,8546.0,0.3085,0.0749,1.128,27.35
2026-07-27,2026-08-16,Control,10-19,NONPAYER,2,Jigsaw,10,Bomb,count,7,27703,114072,3,3.0,0.0001,0.0,1.0,0.01
2026-07-27,2026-08-16,Control,10-19,NONPAYER,2,Jigsaw,10,UL Bomb,minutes,8,27703,114072,1485,16515.0,0.5961,0.1448,11.1212,5.36
2026-07-27,2026-08-16,Control,10-19,NONPAYER,2,Jigsaw,10,UL Chuck,minutes,9,27703,114072,6050,67425.0,2.4339,0.5911,11.1446,21.84
2026-07-27,2026-08-16,Control,10-19,NONPAYER,2,Jigsaw,10,UL Red,minutes,10,27703,114072,7049,78875.0,2.8472,0.6914,11.1895,25.44
2026-07-27,2026-08-16,Control,10-19,NONPAYER,2,Jigsaw,10,Unlimited Lives,minutes,11,27703,114072,4798,199260.0,7.1927,1.7468,41.5298,17.32
2026-07-27,2026-08-16,Control,10-19,NONPAYER,2,Jigsaw,10,SPT,count,12,27703,114072,0,0.0,0.0,0.0,0.0,0.0
2026-07-27,2026-08-16,Control,10-19,NONPAYER,2,Jigsaw,10,SPTx2,minutes,13,27703,114072,0,0.0,0.0,0.0,0.0,0.0
2026-07-27,2026-08-16,Control,10-19,NONPAYER,2,Kite Festival,11,HC,HC,1,27703,114072,187,27650.0,0.9981,0.2424,147.861,0.68
2026-07-27,2026-08-16,Control,10-19,NONPAYER,2,Kite Festival,11,Slingshot,count,2,27703,114072,481,505.0,0.0182,0.0044,1.0499,1.74
2026-07-27,2026-08-16,Control,10-19,NONPAYER,2,Kite Festival,11,Shuffle,count,3,27703,114072,190,196.0,0.0071,0.0017,1.0316,0.69
2026-07-27,2026-08-16,Control,10-19,NONPAYER,2,Kite Festival,11,Comet,count,4,27703,114072,16,16.0,0.0006,0.0001,1.0,0.06
2026-07-27,2026-08-16,Control,10-19,NONPAYER,2,Kite Festival,11,Red,count,5,27703,114072,328,338.0,0.0122,0.003,1.0305,1.18
2026-07-27,2026-08-16,Control,10-19,NONPAYER,2,Kite Festival,11,Chuck,count,6,27703,114072,317,328.0,0.0118,0.0029,1.0347,1.14
2026-07-27,2026-08-16,Control,10-19,NONPAYER,2,Kite Festival,11,Bomb,count,7,27703,114072,306,320.0,0.0116,0.0028,1.0458,1.1
2026-07-27,2026-08-16,Control,10-19,NONPAYER,2,Kite Festival,11,UL Bomb,minutes,8,27703,114072,0,0.0,0.0,0.0,0.0,0.0
2026-07-27,2026-08-16,Control,10-19,NONPAYER,2,Kite Festival,11,UL Chuck,minutes,9,27703,114072,0,0.0,0.0,0.0,0.0,0.0
2026-07-27,2026-08-16,Control,10-19,NONPAYER,2,Kite Festival,11,UL Red,minutes,10,27703,114072,0,0.0,0.0,0.0,0.0,0.0
2026-07-27,2026-08-16,Control,10-19,NONPAYER,2,Kite Festival,11,Unlimited Lives,minutes,11,27703,114072,5577,210450.0,7.5967,1.8449,37.7353,20.13
2026-07-27,2026-08-16,Control,10-19,NONPAYER,2,Kite Festival,11,SPT,count,12,27703,114072,2474,238040.0,8.5926,2.0868,96.2167,8.93
2026-07-27,2026-08-16,Control,10-19,NONPAYER,2,Kite Festival,11,SPTx2,minutes,13,27703,114072,0,0.0,0.0,0.0,0.0,0.0
2026-07-27,2026-08-16,Control,10-19,NONPAYER,2,Level Race,12,HC,HC,1,27703,114072,0,0.0,0.0,0.0,0.0,0.0
2026-07-27,2026-08-16,Control,10-19,NONPAYER,2,Level Race,12,Slingshot,count,2,27703,114072,0,0.0,0.0,0.0,0.0,0.0
2026-07-27,2026-08-16,Control,10-19,NONPAYER,2,Level Race,12,Shuffle,count,3,27703,114072,0,0.0,0.0,0.0,0.0,0.0
2026-07-27,2026-08-16,Control,10-19,NONPAYER,2,Level Race,12,Comet,count,4,27703,114072,0,0.0,0.0,0.0,0.0,0.0
2026-07-27,2026-08-16,Control,10-19,NONPAYER,2,Level Race,12,Red,count,5,27703,114072,0,0.0,0.0,0.0,0.0,0.0
2026-07-27,2026-08-16,Control,10-19,NONPAYER,2,Level Race,12,Chuck,count,6,27703,114072,0,0.0,0.0,0.0,0.0,0.0
2026-07-27,2026-08-16,Control,10-19,NONPAYER,2,Level Race,12,Bomb,count,7,27703,114072,0,0.0,0.0,0.0,0.0,0.0
2026-07-27,2026-08-16,Control,10-19,NONPAYER,2,Level Race,12,UL Bomb,minutes,8,27703,114072,0,0.0,0.0,0.0,0.0,0.0
2026-07-27,2026-08-16,Control,10-19,NONPAYER,2,Level Race,12,UL Chuck,minutes,9,27703,114072,0,0.0,0.0,0.0,0.0,0.0
2026-07-27,2026-08-16,Control,10-19,NONPAYER,2,Level Race,12,UL Red,minutes,10,27703,114072,0,0.0,0.0,0.0,0.0,0.0
2026-07-27,2026-08-16,Control,10-19,NONPAYER,2,Level Race,12,Unlimited Lives,minutes,11,27703,114072,0,0.0,0.0,0.0,0.0,0.0
2026-07-27,2026-08-16,Control,10-19,NONPAYER,2,Level Race,12,SPT,count,12,27703,114072,0,0.0,0.0,0.0,0.0,0.0
2026-07-27,2026-08-16,Control,10-19,NONPAYER,2,Level Race,12,SPTx2,minutes,13,27703,114072,0,0.0,0.0,0.0,0.0,0.0
2026-07-27,2026-08-16,Control,10-19,NONPAYER,2,Other,13,HC,HC,1,27703,114072,5901,429194.0,15.4927,3.7625,72.7324,21.3
2026-07-27,2026-08-16,Control,10-19,NONPAYER,2,Other,13,Slingshot,count,2,27703,114072,5946,7441.0,0.2686,0.0652,1.2514,21.46
2026-07-27,2026-08-16,Control,10-19,NONPAYER,2,Other,13,Shuffle,count,3,27703,114072,4412,5684.0,0.2052,0.0498,1.2883,15.93
2026-07-27,2026-08-16,Control,10-19,NONPAYER,2,Other,13,Comet,count,4,27703,114072,1593,1743.0,0.0629,0.0153,1.0942,5.75
2026-07-27,2026-08-16,Control,10-19,NONPAYER,2,Other,13,Red,count,5,27703,114072,12825,18018.0,0.6504,0.158,1.4049,46.29
2026-07-27,2026-08-16,Control,10-19,NONPAYER,2,Other,13,Chuck,count,6,27703,114072,12741,17882.0,0.6455,0.1568,1.4035,45.99
2026-07-27,2026-08-16,Control,10-19,NONPAYER,2,Other,13,Bomb,count,7,27703,114072,12632,17636.0,0.6366,0.1546,1.3961,45.6
2026-07-27,2026-08-16,Control,10-19,NONPAYER,2,Other,13,UL Bomb,minutes,8,27703,114072,62,2160.0,0.078,0.0189,34.8387,0.22
2026-07-27,2026-08-16,Control,10-19,NONPAYER,2,Other,13,UL Chuck,minutes,9,27703,114072,63,2175.0,0.0785,0.0191,34.5238,0.23
2026-07-27,2026-08-16,Control,10-19,NONPAYER,2,Other,13,UL Red,minutes,10,27703,114072,67,2265.0,0.0818,0.0199,33.806,0.24
2026-07-27,2026-08-16,Control,10-19,NONPAYER,2,Other,13,Unlimited Lives,minutes,11,27703,114072,2990,114919.0,4.1483,1.0074,38.4344,10.79
2026-07-27,2026-08-16,Control,10-19,NONPAYER,2,Other,13,SPT,count,12,27703,114072,10924,586968.0,21.1879,5.1456,53.732,39.43
2026-07-27,2026-08-16,Control,10-19,NONPAYER,2,Other,13,SPTx2,minutes,13,27703,114072,0,0.0,0.0,0.0,0.0,0.0
2026-07-27,2026-08-16,Control,10-19,NONPAYER,2,Photoshoot,14,HC,HC,1,27703,114072,2115,55775.0,2.0133,0.4889,26.3712,7.63
2026-07-27,2026-08-16,Control,10-19,NONPAYER,2,Photoshoot,14,Slingshot,count,2,27703,114072,0,0.0,0.0,0.0,0.0,0.0
2026-07-27,2026-08-16,Control,10-19,NONPAYER,2,Photoshoot,14,Shuffle,count,3,27703,114072,15,15.0,0.0005,0.0001,1.0,0.05
2026-07-27,2026-08-16,Control,10-19,NONPAYER,2,Photoshoot,14,Comet,count,4,27703,114072,0,0.0,0.0,0.0,0.0,0.0
2026-07-27,2026-08-16,Control,10-19,NONPAYER,2,Photoshoot,14,Red,count,5,27703,114072,624,639.0,0.0231,0.0056,1.024,2.25
2026-07-27,2026-08-16,Control,10-19,NONPAYER,2,Photoshoot,14,Chuck,count,6,27703,114072,4346,4428.0,0.1598,0.0388,1.0189,15.69
2026-07-27,2026-08-16,Control,10-19,NONPAYER,2,Photoshoot,14,Bomb,count,7,27703,114072,3,3.0,0.0001,0.0,1.0,0.01
2026-07-27,2026-08-16,Control,10-19,NONPAYER,2,Photoshoot,14,UL Bomb,minutes,8,27703,114072,27,405.0,0.0146,0.0036,15.0,0.1
2026-07-27,2026-08-16,Control,10-19,NONPAYER,2,Photoshoot,14,UL Chuck,minutes,9,27703,114072,232,3525.0,0.1272,0.0309,15.194,0.84
2026-07-27,2026-08-16,Control,10-19,NONPAYER,2,Photoshoot,14,UL Red,minutes,10,27703,114072,1212,18330.0,0.6617,0.1607,15.1238,4.37
2026-07-27,2026-08-16,Control,10-19,NONPAYER,2,Photoshoot,14,Unlimited Lives,minutes,11,27703,114072,3356,141960.0,5.1244,1.2445,42.3004,12.11
2026-07-27,2026-08-16,Control,10-19,NONPAYER,2,Photoshoot,14,SPT,count,12,27703,114072,0,0.0,0.0,0.0,0.0,0.0
2026-07-27,2026-08-16,Control,10-19,NONPAYER,2,Photoshoot,14,SPTx2,minutes,13,27703,114072,0,0.0,0.0,0.0,0.0,0.0
2026-07-27,2026-08-16,Control,10-19,NONPAYER,2,Red Challenge,15,HC,HC,1,27703,114072,1613,168250.0,6.0733,1.4749,104.3087,5.82
2026-07-27,2026-08-16,Control,10-19,NONPAYER,2,Red Challenge,15,Slingshot,count,2,27703,114072,4976,5819.0,0.21,0.051,1.1694,17.96
2026-07-27,2026-08-16,Control,10-19,NONPAYER,2,Red Challenge,15,Shuffle,count,3,27703,114072,3240,3687.0,0.1331,0.0323,1.138,11.7
2026-07-27,2026-08-16,Control,10-19,NONPAYER,2,Red Challenge,15,Comet,count,4,27703,114072,310,325.0,0.0117,0.0028,1.0484,1.12
2026-07-27,2026-08-16,Control,10-19,NONPAYER,2,Red Challenge,15,Red,count,5,27703,114072,0,0.0,0.0,0.0,0.0,0.0
2026-07-27,2026-08-16,Control,10-19,NONPAYER,2,Red Challenge,15,Chuck,count,6,27703,114072,0,0.0,0.0,0.0,0.0,0.0
2026-07-27,2026-08-16,Control,10-19,NONPAYER,2,Red Challenge,15,Bomb,count,7,27703,114072,0,0.0,0.0,0.0,0.0,0.0
2026-07-27,2026-08-16,Control,10-19,NONPAYER,2,Red Challenge,15,UL Bomb,minutes,8,27703,114072,0,0.0,0.0,0.0,0.0,0.0
2026-07-27,2026-08-16,Control,10-19,NONPAYER,2,Red Challenge,15,UL Chuck,minutes,9,27703,114072,0,0.0,0.0,0.0,0.0,0.0
2026-07-27,2026-08-16,Control,10-19,NONPAYER,2,Red Challenge,15,UL Red,minutes,10,27703,114072,0,0.0,0.0,0.0,0.0,0.0
2026-07-27,2026-08-16,Control,10-19,NONPAYER,2,Red Challenge,15,Unlimited Lives,minutes,11,27703,114072,0,0.0,0.0,0.0,0.0,0.0
2026-07-27,2026-08-16,Control,10-19,NONPAYER,2,Red Challenge,15,SPT,count,12,27703,114072,0,0.0,0.0,0.0,0.0,0.0
2026-07-27,2026-08-16,Control,10-19,NONPAYER,2,Red Challenge,15,SPTx2,minutes,13,27703,114072,0,0.0,0.0,0.0,0.0,0.0
2026-07-27,2026-08-16,Control,10-19,NONPAYER,2,River Rush,16,HC,HC,1,27703,114072,4251,217660.0,7.8569,1.9081,51.2021,15.34
2026-07-27,2026-08-16,Control,10-19,NONPAYER,2,River Rush,16,Slingshot,count,2,27703,114072,448,540.0,0.0195,0.0047,1.2054,1.62
2026-07-27,2026-08-16,Control,10-19,NONPAYER,2,River Rush,16,Shuffle,count,3,27703,114072,3116,4384.0,0.1583,0.0384,1.4069,11.25
2026-07-27,2026-08-16,Control,10-19,NONPAYER,2,River Rush,16,Comet,count,4,27703,114072,3059,3739.0,0.135,0.0328,1.2223,11.04
2026-07-27,2026-08-16,Control,10-19,NONPAYER,2,River Rush,16,Red,count,5,27703,114072,1423,1723.0,0.0622,0.0151,1.2108,5.14
2026-07-27,2026-08-16,Control,10-19,NONPAYER,2,River Rush,16,Chuck,count,6,27703,114072,1364,1680.0,0.0606,0.0147,1.2317,4.92
2026-07-27,2026-08-16,Control,10-19,NONPAYER,2,River Rush,16,Bomb,count,7,27703,114072,1125,1248.0,0.045,0.0109,1.1093,4.06
2026-07-27,2026-08-16,Control,10-19,NONPAYER,2,River Rush,16,UL Bomb,minutes,8,27703,114072,1349,28390.0,1.0248,0.2489,21.0452,4.87
2026-07-27,2026-08-16,Control,10-19,NONPAYER,2,River Rush,16,UL Chuck,minutes,9,27703,114072,2355,30590.0,1.1042,0.2682,12.9894,8.5
2026-07-27,2026-08-16,Control,10-19,NONPAYER,2,River Rush,16,UL Red,minutes,10,27703,114072,1546,22675.0,0.8185,0.1988,14.6669,5.58
2026-07-27,2026-08-16,Control,10-19,NONPAYER,2,River Rush,16,Unlimited Lives,minutes,11,27703,114072,757,16515.0,0.5961,0.1448,21.8164,2.73
2026-07-27,2026-08-16,Control,10-19,NONPAYER,2,River Rush,16,SPT,count,12,27703,114072,788,22170.0,0.8003,0.1944,28.1345,2.84
2026-07-27,2026-08-16,Control,10-19,NONPAYER,2,River Rush,16,SPTx2,minutes,13,27703,114072,1455,18115.0,0.6539,0.1588,12.4502,5.25
2026-07-27,2026-08-16,Control,10-19,NONPAYER,2,Saga,17,HC,HC,1,27703,114072,25213,2137305.0,77.1507,18.7365,84.77,91.01
2026-07-27,2026-08-16,Control,10-19,NONPAYER,2,Saga,17,Slingshot,count,2,27703,114072,13304,21901.0,0.7906,0.192,1.6462,48.02
2026-07-27,2026-08-16,Control,10-19,NONPAYER,2,Saga,17,Shuffle,count,3,27703,114072,16161,30907.0,1.1157,0.2709,1.9124,58.34
2026-07-27,2026-08-16,Control,10-19,NONPAYER,2,Saga,17,Comet,count,4,27703,114072,15286,25109.0,0.9064,0.2201,1.6426,55.18
2026-07-27,2026-08-16,Control,10-19,NONPAYER,2,Saga,17,Red,count,5,27703,114072,19090,55505.0,2.0036,0.4866,2.9075,68.91
2026-07-27,2026-08-16,Control,10-19,NONPAYER,2,Saga,17,Chuck,count,6,27703,114072,19740,54718.0,1.9752,0.4797,2.7719,71.26
2026-07-27,2026-08-16,Control,10-19,NONPAYER,2,Saga,17,Bomb,count,7,27703,114072,16096,34190.0,1.2342,0.2997,2.1241,58.1
2026-07-27,2026-08-16,Control,10-19,NONPAYER,2,Saga,17,UL Bomb,minutes,8,27703,114072,0,0.0,0.0,0.0,0.0,0.0
2026-07-27,2026-08-16,Control,10-19,NONPAYER,2,Saga,17,UL Chuck,minutes,9,27703,114072,0,0.0,0.0,0.0,0.0,0.0
2026-07-27,2026-08-16,Control,10-19,NONPAYER,2,Saga,17,UL Red,minutes,10,27703,114072,0,0.0,0.0,0.0,0.0,0.0
2026-07-27,2026-08-16,Control,10-19,NONPAYER,2,Saga,17,Unlimited Lives,minutes,11,27703,114072,24890,3409795.0,123.084,29.8916,136.9946,89.85
2026-07-27,2026-08-16,Control,10-19,NONPAYER,2,Saga,17,SPT,count,12,27703,114072,0,0.0,0.0,0.0,0.0,0.0
2026-07-27,2026-08-16,Control,10-19,NONPAYER,2,Saga,17,SPTx2,minutes,13,27703,114072,0,0.0,0.0,0.0,0.0,0.0
2026-07-27,2026-08-16,Control,10-19,NONPAYER,2,Season Pass (Free),18,HC,HC,1,27703,114072,13352,469070.0,16.9321,4.1121,35.1311,48.2
2026-07-27,2026-08-16,Control,10-19,NONPAYER,2,Season Pass (Free),18,Slingshot,count,2,27703,114072,2822,2989.0,0.1079,0.0262,1.0592,10.19
2026-07-27,2026-08-16,Control,10-19,NONPAYER,2,Season Pass (Free),18,Shuffle,count,3,27703,114072,6166,7166.0,0.2587,0.0628,1.1622,22.26
2026-07-27,2026-08-16,Control,10-19,NONPAYER,2,Season Pass (Free),18,Comet,count,4,27703,114072,0,0.0,0.0,0.0,0.0,0.0
2026-07-27,2026-08-16,Control,10-19,NONPAYER,2,Season Pass (Free),18,Red,count,5,27703,114072,9962,18425.0,0.6651,0.1615,1.8495,35.96
2026-07-27,2026-08-16,Control,10-19,NONPAYER,2,Season Pass (Free),18,Chuck,count,6,27703,114072,11392,22184.0,0.8008,0.1945,1.9473,41.12
2026-07-27,2026-08-16,Control,10-19,NONPAYER,2,Season Pass (Free),18,Bomb,count,7,27703,114072,5842,7559.0,0.2729,0.0663,1.2939,21.09
2026-07-27,2026-08-16,Control,10-19,NONPAYER,2,Season Pass (Free),18,UL Bomb,minutes,8,27703,114072,14,140.0,0.0051,0.0012,10.0,0.05
2026-07-27,2026-08-16,Control,10-19,NONPAYER,2,Season Pass (Free),18,UL Chuck,minutes,9,27703,114072,4028,65775.0,2.3743,0.5766,16.3294,14.54
2026-07-27,2026-08-16,Control,10-19,NONPAYER,2,Season Pass (Free),18,UL Red,minutes,10,27703,114072,9348,138825.0,5.0112,1.217,14.8508,33.74
2026-07-27,2026-08-16,Control,10-19,NONPAYER,2,Season Pass (Free),18,Unlimited Lives,minutes,11,27703,114072,11118,623535.0,22.5079,5.4662,56.0834,40.13
2026-07-27,2026-08-16,Control,10-19,NONPAYER,2,Season Pass (Free),18,SPT,count,12,27703,114072,265,10986.0,0.3966,0.0963,41.4566,0.96
2026-07-27,2026-08-16,Control,10-19,NONPAYER,2,Season Pass (Free),18,SPTx2,minutes,13,27703,114072,0,0.0,0.0,0.0,0.0,0.0
2026-07-27,2026-08-16,Control,10-19,NONPAYER,2,Target Day,19,HC,HC,1,27703,114072,1993,197970.0,7.1462,1.7355,99.3327,7.19
2026-07-27,2026-08-16,Control,10-19,NONPAYER,2,Target Day,19,Slingshot,count,2,27703,114072,4979,5824.0,0.2102,0.0511,1.1697,17.97
2026-07-27,2026-08-16,Control,10-19,NONPAYER,2,Target Day,19,Shuffle,count,3,27703,114072,3859,4350.0,0.157,0.0381,1.1272,13.93
2026-07-27,2026-08-16,Control,10-19,NONPAYER,2,Target Day,19,Comet,count,4,27703,114072,344,354.0,0.0128,0.0031,1.0291,1.24
2026-07-27,2026-08-16,Control,10-19,NONPAYER,2,Target Day,19,Red,count,5,27703,114072,10,13.0,0.0005,0.0001,1.3,0.04
2026-07-27,2026-08-16,Control,10-19,NONPAYER,2,Target Day,19,Chuck,count,6,27703,114072,6,8.0,0.0003,0.0001,1.3333,0.02
2026-07-27,2026-08-16,Control,10-19,NONPAYER,2,Target Day,19,Bomb,count,7,27703,114072,3,4.0,0.0001,0.0,1.3333,0.01
2026-07-27,2026-08-16,Control,10-19,NONPAYER,2,Target Day,19,UL Bomb,minutes,8,27703,114072,0,0.0,0.0,0.0,0.0,0.0
2026-07-27,2026-08-16,Control,10-19,NONPAYER,2,Target Day,19,UL Chuck,minutes,9,27703,114072,0,0.0,0.0,0.0,0.0,0.0
2026-07-27,2026-08-16,Control,10-19,NONPAYER,2,Target Day,19,UL Red,minutes,10,27703,114072,0,0.0,0.0,0.0,0.0,0.0
2026-07-27,2026-08-16,Control,10-19,NONPAYER,2,Target Day,19,Unlimited Lives,minutes,11,27703,114072,7893,310900.0,11.2226,2.7255,39.3893,28.49
2026-07-27,2026-08-16,Control,10-19,NONPAYER,2,Target Day,19,SPT,count,12,27703,114072,4,40.0,0.0014,0.0004,10.0,0.01
2026-07-27,2026-08-16,Control,10-19,NONPAYER,2,Target Day,19,SPTx2,minutes,13,27703,114072,0,0.0,0.0,0.0,0.0,0.0
2026-07-27,2026-08-16,Control,10-19,NONPAYER,2,Team Event,20,HC,HC,1,27703,114072,6035,713540.0,25.7568,6.2552,118.2336,21.78
2026-07-27,2026-08-16,Control,10-19,NONPAYER,2,Team Event,20,Slingshot,count,2,27703,114072,4667,8542.0,0.3083,0.0749,1.8303,16.85
2026-07-27,2026-08-16,Control,10-19,NONPAYER,2,Team Event,20,Shuffle,count,3,27703,114072,1781,4810.0,0.1736,0.0422,2.7007,6.43
2026-07-27,2026-08-16,Control,10-19,NONPAYER,2,Team Event,20,Comet,count,4,27703,114072,1071,1892.0,0.0683,0.0166,1.7666,3.87
2026-07-27,2026-08-16,Control,10-19,NONPAYER,2,Team Event,20,Red,count,5,27703,114072,0,0.0,0.0,0.0,0.0,0.0
2026-07-27,2026-08-16,Control,10-19,NONPAYER,2,Team Event,20,Chuck,count,6,27703,114072,0,0.0,0.0,0.0,0.0,0.0
2026-07-27,2026-08-16,Control,10-19,NONPAYER,2,Team Event,20,Bomb,count,7,27703,114072,0,0.0,0.0,0.0,0.0,0.0
2026-07-27,2026-08-16,Control,10-19,NONPAYER,2,Team Event,20,UL Bomb,minutes,8,27703,114072,0,0.0,0.0,0.0,0.0,0.0
2026-07-27,2026-08-16,Control,10-19,NONPAYER,2,Team Event,20,UL Chuck,minutes,9,27703,114072,0,0.0,0.0,0.0,0.0,0.0
2026-07-27,2026-08-16,Control,10-19,NONPAYER,2,Team Event,20,UL Red,minutes,10,27703,114072,0,0.0,0.0,0.0,0.0,0.0
2026-07-27,2026-08-16,Control,10-19,NONPAYER,2,Team Event,20,Unlimited Lives,minutes,11,27703,114072,0,0.0,0.0,0.0,0.0,0.0
2026-07-27,2026-08-16,Control,10-19,NONPAYER,2,Team Event,20,SPT,count,12,27703,114072,0,0.0,0.0,0.0,0.0,0.0
2026-07-27,2026-08-16,Control,10-19,NONPAYER,2,Team Event,20,SPTx2,minutes,13,27703,114072,0,0.0,0.0,0.0,0.0,0.0
2026-07-27,2026-08-16,Control,10-19,NONPAYER,2,Team Race,21,HC,HC,1,27703,114072,8918,954500.0,34.4548,8.3675,107.0307,32.19
2026-07-27,2026-08-16,Control,10-19,NONPAYER,2,Team Race,21,Slingshot,count,2,27703,114072,5119,6686.0,0.2413,0.0586,1.3061,18.48
2026-07-27,2026-08-16,Control,10-19,NONPAYER,2,Team Race,21,Shuffle,count,3,27703,114072,6116,8736.0,0.3153,0.0766,1.4284,22.08
2026-07-27,2026-08-16,Control,10-19,NONPAYER,2,Team Race,21,Comet,count,4,27703,114072,8608,13727.0,0.4955,0.1203,1.5947,31.07
2026-07-27,2026-08-16,Control,10-19,NONPAYER,2,Team Race,21,Red,count,5,27703,114072,1191,1311.0,0.0473,0.0115,1.1008,4.3
2026-07-27,2026-08-16,Control,10-19,NONPAYER,2,Team Race,21,Chuck,count,6,27703,114072,1900,2209.0,0.0797,0.0194,1.1626,6.86
2026-07-27,2026-08-16,Control,10-19,NONPAYER,2,Team Race,21,Bomb,count,7,27703,114072,4771,6546.0,0.2363,0.0574,1.372,17.22
2026-07-27,2026-08-16,Control,10-19,NONPAYER,2,Team Race,21,UL Bomb,minutes,8,27703,114072,0,0.0,0.0,0.0,0.0,0.0
2026-07-27,2026-08-16,Control,10-19,NONPAYER,2,Team Race,21,UL Chuck,minutes,9,27703,114072,0,0.0,0.0,0.0,0.0,0.0
2026-07-27,2026-08-16,Control,10-19,NONPAYER,2,Team Race,21,UL Red,minutes,10,27703,114072,0,0.0,0.0,0.0,0.0,0.0
2026-07-27,2026-08-16,Control,10-19,NONPAYER,2,Team Race,21,Unlimited Lives,minutes,11,27703,114072,0,0.0,0.0,0.0,0.0,0.0
2026-07-27,2026-08-16,Control,10-19,NONPAYER,2,Team Race,21,SPT,count,12,27703,114072,0,0.0,0.0,0.0,0.0,0.0
2026-07-27,2026-08-16,Control,10-19,NONPAYER,2,Team Race,21,SPTx2,minutes,13,27703,114072,0,0.0,0.0,0.0,0.0,0.0
2026-07-27,2026-08-16,Control,10-19,NONPAYER,2,Flash Race,22,HC,HC,1,27703,114072,8782,722125.0,26.0667,6.3304,82.2279,31.7
2026-07-27,2026-08-16,Control,10-19,NONPAYER,2,Flash Race,22,Slingshot,count,2,27703,114072,3895,4763.0,0.1719,0.0418,1.2228,14.06
2026-07-27,2026-08-16,Control,10-19,NONPAYER,2,Flash Race,22,Shuffle,count,3,27703,114072,4067,4983.0,0.1799,0.0437,1.2252,14.68
2026-07-27,2026-08-16,Control,10-19,NONPAYER,2,Flash Race,22,Comet,count,4,27703,114072,2918,3539.0,0.1277,0.031,1.2128,10.53
2026-07-27,2026-08-16,Control,10-19,NONPAYER,2,Flash Race,22,Red,count,5,27703,114072,855,940.0,0.0339,0.0082,1.0994,3.09
2026-07-27,2026-08-16,Control,10-19,NONPAYER,2,Flash Race,22,Chuck,count,6,27703,114072,1803,2056.0,0.0742,0.018,1.1403,6.51
2026-07-27,2026-08-16,Control,10-19,NONPAYER,2,Flash Race,22,Bomb,count,7,27703,114072,2991,3557.0,0.1284,0.0312,1.1892,10.8
2026-07-27,2026-08-16,Control,10-19,NONPAYER,2,Flash Race,22,UL Bomb,minutes,8,27703,114072,0,0.0,0.0,0.0,0.0,0.0
2026-07-27,2026-08-16,Control,10-19,NONPAYER,2,Flash Race,22,UL Chuck,minutes,9,27703,114072,0,0.0,0.0,0.0,0.0,0.0
2026-07-27,2026-08-16,Control,10-19,NONPAYER,2,Flash Race,22,UL Red,minutes,10,27703,114072,0,0.0,0.0,0.0,0.0,0.0
2026-07-27,2026-08-16,Control,10-19,NONPAYER,2,Flash Race,22,Unlimited Lives,minutes,11,27703,114072,1734,91220.0,3.2928,0.7997,52.6067,6.26
2026-07-27,2026-08-16,Control,10-19,NONPAYER,2,Flash Race,22,SPT,count,12,27703,114072,10319,881000.0,31.8016,7.7232,85.3765,37.25
2026-07-27,2026-08-16,Control,10-19,NONPAYER,2,Flash Race,22,SPTx2,minutes,13,27703,114072,0,0.0,0.0,0.0,0.0,0.0
2026-07-27,2026-08-16,Control,10-19,NONPAYER,2,FlowerCoop,23,HC,HC,1,27703,114072,0,0.0,0.0,0.0,0.0,0.0
2026-07-27,2026-08-16,Control,10-19,NONPAYER,2,FlowerCoop,23,Slingshot,count,2,27703,114072,0,0.0,0.0,0.0,0.0,0.0
2026-07-27,2026-08-16,Control,10-19,NONPAYER,2,FlowerCoop,23,Shuffle,count,3,27703,114072,0,0.0,0.0,0.0,0.0,0.0
2026-07-27,2026-08-16,Control,10-19,NONPAYER,2,FlowerCoop,23,Comet,count,4,27703,114072,1,4.0,0.0001,0.0,4.0,0.0
2026-07-27,2026-08-16,Control,10-19,NONPAYER,2,FlowerCoop,23,Red,count,5,27703,114072,0,0.0,0.0,0.0,0.0,0.0
2026-07-27,2026-08-16,Control,10-19,NONPAYER,2,FlowerCoop,23,Chuck,count,6,27703,114072,1,4.0,0.0001,0.0,4.0,0.0
2026-07-27,2026-08-16,Control,10-19,NONPAYER,2,FlowerCoop,23,Bomb,count,7,27703,114072,1,2.0,0.0001,0.0,2.0,0.0
2026-07-27,2026-08-16,Control,10-19,NONPAYER,2,FlowerCoop,23,UL Bomb,minutes,8,27703,114072,0,0.0,0.0,0.0,0.0,0.0
2026-07-27,2026-08-16,Control,10-19,NONPAYER,2,FlowerCoop,23,UL Chuck,minutes,9,27703,114072,0,0.0,0.0,0.0,0.0,0.0
2026-07-27,2026-08-16,Control,10-19,NONPAYER,2,FlowerCoop,23,UL Red,minutes,10,27703,114072,1,10.0,0.0004,0.0001,10.0,0.0
2026-07-27,2026-08-16,Control,10-19,NONPAYER,2,FlowerCoop,23,Unlimited Lives,minutes,11,27703,114072,1,30.0,0.0011,0.0003,30.0,0.0
2026-07-27,2026-08-16,Control,10-19,NONPAYER,2,FlowerCoop,23,SPT,count,12,27703,114072,0,0.0,0.0,0.0,0.0,0.0
2026-07-27,2026-08-16,Control,10-19,NONPAYER,2,FlowerCoop,23,SPTx2,minutes,13,27703,114072,0,0.0,0.0,0.0,0.0,0.0
2026-07-27,2026-08-16,Control,10-19,NONPAYER,2,Rainbow Maker,24,HC,HC,1,27703,114072,1,20.0,0.0007,0.0002,20.0,0.0
2026-07-27,2026-08-16,Control,10-19,NONPAYER,2,Rainbow Maker,24,Slingshot,count,2,27703,114072,0,0.0,0.0,0.0,0.0,0.0
2026-07-27,2026-08-16,Control,10-19,NONPAYER,2,Rainbow Maker,24,Shuffle,count,3,27703,114072,1,1.0,0.0,0.0,1.0,0.0
2026-07-27,2026-08-16,Control,10-19,NONPAYER,2,Rainbow Maker,24,Comet,count,4,27703,114072,0,0.0,0.0,0.0,0.0,0.0
2026-07-27,2026-08-16,Control,10-19,NONPAYER,2,Rainbow Maker,24,Red,count,5,27703,114072,0,0.0,0.0,0.0,0.0,0.0
2026-07-27,2026-08-16,Control,10-19,NONPAYER,2,Rainbow Maker,24,Chuck,count,6,27703,114072,0,0.0,0.0,0.0,0.0,0.0
2026-07-27,2026-08-16,Control,10-19,NONPAYER,2,Rainbow Maker,24,Bomb,count,7,27703,114072,0,0.0,0.0,0.0,0.0,0.0
2026-07-27,2026-08-16,Control,10-19,NONPAYER,2,Rainbow Maker,24,UL Bomb,minutes,8,27703,114072,0,0.0,0.0,0.0,0.0,0.0
2026-07-27,2026-08-16,Control,10-19,NONPAYER,2,Rainbow Maker,24,UL Chuck,minutes,9,27703,114072,0,0.0,0.0,0.0,0.0,0.0
2026-07-27,2026-08-16,Control,10-19,NONPAYER,2,Rainbow Maker,24,UL Red,minutes,10,27703,114072,0,0.0,0.0,0.0,0.0,0.0
2026-07-27,2026-08-16,Control,10-19,NONPAYER,2,Rainbow Maker,24,Unlimited Lives,minutes,11,27703,114072,0,0.0,0.0,0.0,0.0,0.0
2026-07-27,2026-08-16,Control,10-19,NONPAYER,2,Rainbow Maker,24,SPT,count,12,27703,114072,1,50.0,0.0018,0.0004,50.0,0.0
2026-07-27,2026-08-16,Control,10-19,NONPAYER,2,Rainbow Maker,24,SPTx2,minutes,13,27703,114072,0,0.0,0.0,0.0,0.0,0.0
2026-07-27,2026-08-16,Control,10-19,NONPAYER,2,IAPs,25,HC,HC,1,27703,114072,0,0.0,0.0,0.0,0.0,0.0
2026-07-27,2026-08-16,Control,10-19,NONPAYER,2,IAPs,25,Slingshot,count,2,27703,114072,0,0.0,0.0,0.0,0.0,0.0
2026-07-27,2026-08-16,Control,10-19,NONPAYER,2,IAPs,25,Shuffle,count,3,27703,114072,0,0.0,0.0,0.0,0.0,0.0
2026-07-27,2026-08-16,Control,10-19,NONPAYER,2,IAPs,25,Comet,count,4,27703,114072,0,0.0,0.0,0.0,0.0,0.0
2026-07-27,2026-08-16,Control,10-19,NONPAYER,2,IAPs,25,Red,count,5,27703,114072,0,0.0,0.0,0.0,0.0,0.0
2026-07-27,2026-08-16,Control,10-19,NONPAYER,2,IAPs,25,Chuck,count,6,27703,114072,0,0.0,0.0,0.0,0.0,0.0
2026-07-27,2026-08-16,Control,10-19,NONPAYER,2,IAPs,25,Bomb,count,7,27703,114072,0,0.0,0.0,0.0,0.0,0.0
2026-07-27,2026-08-16,Control,10-19,NONPAYER,2,IAPs,25,UL Bomb,minutes,8,27703,114072,1,30.0,0.0011,0.0003,30.0,0.0
2026-07-27,2026-08-16,Control,10-19,NONPAYER,2,IAPs,25,UL Chuck,minutes,9,27703,114072,0,0.0,0.0,0.0,0.0,0.0
2026-07-27,2026-08-16,Control,10-19,NONPAYER,2,IAPs,25,UL Red,minutes,10,27703,114072,0,0.0,0.0,0.0,0.0,0.0
2026-07-27,2026-08-16,Control,10-19,NONPAYER,2,IAPs,25,Unlimited Lives,minutes,11,27703,114072,1,90.0,0.0032,0.0008,90.0,0.0
2026-07-27,2026-08-16,Control,10-19,NONPAYER,2,IAPs,25,SPT,count,12,27703,114072,0,0.0,0.0,0.0,0.0,0.0
2026-07-27,2026-08-16,Control,10-19,NONPAYER,2,IAPs,25,SPTx2,minutes,13,27703,114072,0,0.0,0.0,0.0,0.0,0.0
2026-07-27,2026-08-16,Control,10-19,PAYER,2,Ads,1,HC,HC,1,7240,30452,2684,164315.0,22.6954,5.3959,61.2202,37.07
2026-07-27,2026-08-16,Control,10-19,PAYER,2,Ads,1,Slingshot,count,2,7240,30452,1717,3722.0,0.5141,0.1222,2.1677,23.72
2026-07-27,2026-08-16,Control,10-19,PAYER,2,Ads,1,Shuffle,count,3,7240,30452,1684,3605.0,0.4979,0.1184,2.1407,23.26
2026-07-27,2026-08-16,Control,10-19,PAYER,2,Ads,1,Comet,count,4,7240,30452,1045,1742.0,0.2406,0.0572,1.667,14.43
2026-07-27,2026-08-16,Control,10-19,PAYER,2,Ads,1,Red,count,5,7240,30452,0,0.0,0.0,0.0,0.0,0.0
2026-07-27,2026-08-16,Control,10-19,PAYER,2,Ads,1,Chuck,count,6,7240,30452,0,0.0,0.0,0.0,0.0,0.0
2026-07-27,2026-08-16,Control,10-19,PAYER,2,Ads,1,Bomb,count,7,7240,30452,0,0.0,0.0,0.0,0.0,0.0
2026-07-27,2026-08-16,Control,10-19,PAYER,2,Ads,1,UL Bomb,minutes,8,7240,30452,0,0.0,0.0,0.0,0.0,0.0
2026-07-27,2026-08-16,Control,10-19,PAYER,2,Ads,1,UL Chuck,minutes,9,7240,30452,0,0.0,0.0,0.0,0.0,0.0
2026-07-27,2026-08-16,Control,10-19,PAYER,2,Ads,1,UL Red,minutes,10,7240,30452,0,0.0,0.0,0.0,0.0,0.0
2026-07-27,2026-08-16,Control,10-19,PAYER,2,Ads,1,Unlimited Lives,minutes,11,7240,30452,1862,55145.0,7.6167,1.8109,29.616,25.72
2026-07-27,2026-08-16,Control,10-19,PAYER,2,Ads,1,SPT,count,12,7240,30452,0,0.0,0.0,0.0,0.0,0.0
2026-07-27,2026-08-16,Control,10-19,PAYER,2,Ads,1,SPTx2,minutes,13,7240,30452,0,0.0,0.0,0.0,0.0,0.0
2026-07-27,2026-08-16,Control,10-19,PAYER,2,Bomb Challenge,2,HC,HC,1,7240,30452,389,42300.0,5.8425,1.3891,108.7404,5.37
2026-07-27,2026-08-16,Control,10-19,PAYER,2,Bomb Challenge,2,Slingshot,count,2,7240,30452,926,1028.0,0.142,0.0338,1.1102,12.79
2026-07-27,2026-08-16,Control,10-19,PAYER,2,Bomb Challenge,2,Shuffle,count,3,7240,30452,696,774.0,0.1069,0.0254,1.1121,9.61
2026-07-27,2026-08-16,Control,10-19,PAYER,2,Bomb Challenge,2,Comet,count,4,7240,30452,83,88.0,0.0122,0.0029,1.0602,1.15
2026-07-27,2026-08-16,Control,10-19,PAYER,2,Bomb Challenge,2,Red,count,5,7240,30452,0,0.0,0.0,0.0,0.0,0.0
2026-07-27,2026-08-16,Control,10-19,PAYER,2,Bomb Challenge,2,Chuck,count,6,7240,30452,0,0.0,0.0,0.0,0.0,0.0
2026-07-27,2026-08-16,Control,10-19,PAYER,2,Bomb Challenge,2,Bomb,count,7,7240,30452,0,0.0,0.0,0.0,0.0,0.0
2026-07-27,2026-08-16,Control,10-19,PAYER,2,Bomb Challenge,2,UL Bomb,minutes,8,7240,30452,0,0.0,0.0,0.0,0.0,0.0
2026-07-27,2026-08-16,Control,10-19,PAYER,2,Bomb Challenge,2,UL Chuck,minutes,9,7240,30452,0,0.0,0.0,0.0,0.0,0.0
2026-07-27,2026-08-16,Control,10-19,PAYER,2,Bomb Challenge,2,UL Red,minutes,10,7240,30452,0,0.0,0.0,0.0,0.0,0.0
2026-07-27,2026-08-16,Control,10-19,PAYER,2,Bomb Challenge,2,Unlimited Lives,minutes,11,7240,30452,0,0.0,0.0,0.0,0.0,0.0
2026-07-27,2026-08-16,Control,10-19,PAYER,2,Bomb Challenge,2,SPT,count,12,7240,30452,0,0.0,0.0,0.0,0.0,0.0
2026-07-27,2026-08-16,Control,10-19,PAYER,2,Bomb Challenge,2,SPTx2,minutes,13,7240,30452,0,0.0,0.0,0.0,0.0,0.0
2026-07-27,2026-08-16,Control,10-19,PAYER,2,Bomb's Ballet,3,HC,HC,1,7240,30452,764,20075.0,2.7728,0.6592,26.2762,10.55
2026-07-27,2026-08-16,Control,10-19,PAYER,2,Bomb's Ballet,3,Slingshot,count,2,7240,30452,3,3.0,0.0004,0.0001,1.0,0.04
2026-07-27,2026-08-16,Control,10-19,PAYER,2,Bomb's Ballet,3,Shuffle,count,3,7240,30452,1,1.0,0.0001,0.0,1.0,0.01
2026-07-27,2026-08-16,Control,10-19,PAYER,2,Bomb's Ballet,3,Comet,count,4,7240,30452,1,1.0,0.0001,0.0,1.0,0.01
2026-07-27,2026-08-16,Control,10-19,PAYER,2,Bomb's Ballet,3,Red,count,5,7240,30452,202,206.0,0.0285,0.0068,1.0198,2.79
2026-07-27,2026-08-16,Control,10-19,PAYER,2,Bomb's Ballet,3,Chuck,count,6,7240,30452,2031,2092.0,0.289,0.0687,1.03,28.05
2026-07-27,2026-08-16,Control,10-19,PAYER,2,Bomb's Ballet,3,Bomb,count,7,7240,30452,1,1.0,0.0001,0.0,1.0,0.01
2026-07-27,2026-08-16,Control,10-19,PAYER,2,Bomb's Ballet,3,UL Bomb,minutes,8,7240,30452,381,3910.0,0.5401,0.1284,10.2625,5.26
2026-07-27,2026-08-16,Control,10-19,PAYER,2,Bomb's Ballet,3,UL Chuck,minutes,9,7240,30452,1509,15300.0,2.1133,0.5024,10.1392,20.84
2026-07-27,2026-08-16,Control,10-19,PAYER,2,Bomb's Ballet,3,UL Red,minutes,10,7240,30452,1801,18520.0,2.558,0.6082,10.2832,24.88
2026-07-27,2026-08-16,Control,10-19,PAYER,2,Bomb's Ballet,3,Unlimited Lives,minutes,11,7240,30452,1179,40770.0,5.6312,1.3388,34.5802,16.28
2026-07-27,2026-08-16,Control,10-19,PAYER,2,Bomb's Ballet,3,SPT,count,12,7240,30452,0,0.0,0.0,0.0,0.0,0.0
2026-07-27,2026-08-16,Control,10-19,PAYER,2,Bomb's Ballet,3,SPTx2,minutes,13,7240,30452,0,0.0,0.0,0.0,0.0,0.0
2026-07-27,2026-08-16,Control,10-19,PAYER,2,Chuck Challenge,4,HC,HC,1,7240,30452,9,1050.0,0.145,0.0345,116.6667,0.12
2026-07-27,2026-08-16,Control,10-19,PAYER,2,Chuck Challenge,4,Slingshot,count,2,7240,30452,8,8.0,0.0011,0.0003,1.0,0.11
2026-07-27,2026-08-16,Control,10-19,PAYER,2,Chuck Challenge,4,Shuffle,count,3,7240,30452,8,8.0,0.0011,0.0003,1.0,0.11
2026-07-27,2026-08-16,Control,10-19,PAYER,2,Chuck Challenge,4,Comet,count,4,7240,30452,3,3.0,0.0004,0.0001,1.0,0.04
2026-07-27,2026-08-16,Control,10-19,PAYER,2,Chuck Challenge,4,Red,count,5,7240,30452,0,0.0,0.0,0.0,0.0,0.0
2026-07-27,2026-08-16,Control,10-19,PAYER,2,Chuck Challenge,4,Chuck,count,6,7240,30452,1,2.0,0.0003,0.0001,2.0,0.01
2026-07-27,2026-08-16,Control,10-19,PAYER,2,Chuck Challenge,4,Bomb,count,7,7240,30452,0,0.0,0.0,0.0,0.0,0.0
2026-07-27,2026-08-16,Control,10-19,PAYER,2,Chuck Challenge,4,UL Bomb,minutes,8,7240,30452,0,0.0,0.0,0.0,0.0,0.0
2026-07-27,2026-08-16,Control,10-19,PAYER,2,Chuck Challenge,4,UL Chuck,minutes,9,7240,30452,0,0.0,0.0,0.0,0.0,0.0
2026-07-27,2026-08-16,Control,10-19,PAYER,2,Chuck Challenge,4,UL Red,minutes,10,7240,30452,0,0.0,0.0,0.0,0.0,0.0
2026-07-27,2026-08-16,Control,10-19,PAYER,2,Chuck Challenge,4,Unlimited Lives,minutes,11,7240,30452,0,0.0,0.0,0.0,0.0,0.0
2026-07-27,2026-08-16,Control,10-19,PAYER,2,Chuck Challenge,4,SPT,count,12,7240,30452,0,0.0,0.0,0.0,0.0,0.0
2026-07-27,2026-08-16,Control,10-19,PAYER,2,Chuck Challenge,4,SPTx2,minutes,13,7240,30452,0,0.0,0.0,0.0,0.0,0.0
2026-07-27,2026-08-16,Control,10-19,PAYER,2,Core,5,HC,HC,1,7240,30452,3659,200245.0,27.6581,6.5758,54.7267,50.54
2026-07-27,2026-08-16,Control,10-19,PAYER,2,Core,5,Slingshot,count,2,7240,30452,1387,1497.0,0.2068,0.0492,1.0793,19.16
2026-07-27,2026-08-16,Control,10-19,PAYER,2,Core,5,Shuffle,count,3,7240,30452,2018,2254.0,0.3113,0.074,1.1169,27.87
2026-07-27,2026-08-16,Control,10-19,PAYER,2,Core,5,Comet,count,4,7240,30452,875,899.0,0.1242,0.0295,1.0274,12.09
2026-07-27,2026-08-16,Control,10-19,PAYER,2,Core,5,Red,count,5,7240,30452,646,674.0,0.0931,0.0221,1.0433,8.92
2026-07-27,2026-08-16,Control,10-19,PAYER,2,Core,5,Chuck,count,6,7240,30452,777,857.0,0.1184,0.0281,1.103,10.73
2026-07-27,2026-08-16,Control,10-19,PAYER,2,Core,5,Bomb,count,7,7240,30452,625,631.0,0.0872,0.0207,1.0096,8.63
2026-07-27,2026-08-16,Control,10-19,PAYER,2,Core,5,UL Bomb,minutes,8,7240,30452,0,0.0,0.0,0.0,0.0,0.0
2026-07-27,2026-08-16,Control,10-19,PAYER,2,Core,5,UL Chuck,minutes,9,7240,30452,0,0.0,0.0,0.0,0.0,0.0
2026-07-27,2026-08-16,Control,10-19,PAYER,2,Core,5,UL Red,minutes,10,7240,30452,0,0.0,0.0,0.0,0.0,0.0
2026-07-27,2026-08-16,Control,10-19,PAYER,2,Core,5,Unlimited Lives,minutes,11,7240,30452,2414,125970.0,17.3992,4.1367,52.1831,33.34
2026-07-27,2026-08-16,Control,10-19,PAYER,2,Core,5,SPT,count,12,7240,30452,6434,4715966.0,651.3765,154.8656,732.9758,88.87
2026-07-27,2026-08-16,Control,10-19,PAYER,2,Core,5,SPTx2,minutes,13,7240,30452,0,0.0,0.0,0.0,0.0,0.0
2026-07-27,2026-08-16,Control,10-19,PAYER,2,Daily Gift,6,HC,HC,1,7240,30452,5946,555770.0,76.7638,18.2507,93.4696,82.13
2026-07-27,2026-08-16,Control,10-19,PAYER,2,Daily Gift,6,Slingshot,count,2,7240,30452,3313,5509.0,0.7609,0.1809,1.6628,45.76
2026-07-27,2026-08-16,Control,10-19,PAYER,2,Daily Gift,6,Shuffle,count,3,7240,30452,2672,3713.0,0.5128,0.1219,1.3896,36.91
2026-07-27,2026-08-16,Control,10-19,PAYER,2,Daily Gift,6,Comet,count,4,7240,30452,560,580.0,0.0801,0.019,1.0357,7.73
2026-07-27,2026-08-16,Control,10-19,PAYER,2,Daily Gift,6,Red,count,5,7240,30452,0,0.0,0.0,0.0,0.0,0.0
2026-07-27,2026-08-16,Control,10-19,PAYER,2,Daily Gift,6,Chuck,count,6,7240,30452,0,0.0,0.0,0.0,0.0,0.0
2026-07-27,2026-08-16,Control,10-19,PAYER,2,Daily Gift,6,Bomb,count,7,7240,30452,0,0.0,0.0,0.0,0.0,0.0
2026-07-27,2026-08-16,Control,10-19,PAYER,2,Daily Gift,6,UL Bomb,minutes,8,7240,30452,640,19350.0,2.6727,0.6354,30.2344,8.84
2026-07-27,2026-08-16,Control,10-19,PAYER,2,Daily Gift,6,UL Chuck,minutes,9,7240,30452,587,35460.0,4.8978,1.1645,60.4089,8.11
2026-07-27,2026-08-16,Control,10-19,PAYER,2,Daily Gift,6,UL Red,minutes,10,7240,30452,533,32340.0,4.4669,1.062,60.6754,7.36
2026-07-27,2026-08-16,Control,10-19,PAYER,2,Daily Gift,6,Unlimited Lives,minutes,11,7240,30452,5244,524640.0,72.4641,17.2284,100.0458,72.43
2026-07-27,2026-08-16,Control,10-19,PAYER,2,Daily Gift,6,SPT,count,12,7240,30452,0,0.0,0.0,0.0,0.0,0.0
2026-07-27,2026-08-16,Control,10-19,PAYER,2,Daily Gift,6,SPTx2,minutes,13,7240,30452,5,210.0,0.029,0.0069,42.0,0.07
2026-07-27,2026-08-16,Control,10-19,PAYER,2,Daily Night Sky Prize,7,HC,HC,1,7240,30452,4034,290885.0,40.1775,9.5522,72.1083,55.72
2026-07-27,2026-08-16,Control,10-19,PAYER,2,Daily Night Sky Prize,7,Slingshot,count,2,7240,30452,2325,3307.0,0.4568,0.1086,1.4224,32.11
2026-07-27,2026-08-16,Control,10-19,PAYER,2,Daily Night Sky Prize,7,Shuffle,count,3,7240,30452,0,0.0,0.0,0.0,0.0,0.0
2026-07-27,2026-08-16,Control,10-19,PAYER,2,Daily Night Sky Prize,7,Comet,count,4,7240,30452,11,13.0,0.0018,0.0004,1.1818,0.15
2026-07-27,2026-08-16,Control,10-19,PAYER,2,Daily Night Sky Prize,7,Red,count,5,7240,30452,3329,6395.0,0.8833,0.21,1.921,45.98
2026-07-27,2026-08-16,Control,10-19,PAYER,2,Daily Night Sky Prize,7,Chuck,count,6,7240,30452,2316,3294.0,0.455,0.1082,1.4223,31.99
2026-07-27,2026-08-16,Control,10-19,PAYER,2,Daily Night Sky Prize,7,Bomb,count,7,7240,30452,0,0.0,0.0,0.0,0.0,0.0
2026-07-27,2026-08-16,Control,10-19,PAYER,2,Daily Night Sky Prize,7,UL Bomb,minutes,8,7240,30452,0,0.0,0.0,0.0,0.0,0.0
2026-07-27,2026-08-16,Control,10-19,PAYER,2,Daily Night Sky Prize,7,UL Chuck,minutes,9,7240,30452,0,0.0,0.0,0.0,0.0,0.0
2026-07-27,2026-08-16,Control,10-19,PAYER,2,Daily Night Sky Prize,7,UL Red,minutes,10,7240,30452,0,0.0,0.0,0.0,0.0,0.0
2026-07-27,2026-08-16,Control,10-19,PAYER,2,Daily Night Sky Prize,7,Unlimited Lives,minutes,11,7240,30452,4176,218730.0,30.2113,7.1828,52.3779,57.68
2026-07-27,2026-08-16,Control,10-19,PAYER,2,Daily Night Sky Prize,7,SPT,count,12,7240,30452,0,0.0,0.0,0.0,0.0,0.0
2026-07-27,2026-08-16,Control,10-19,PAYER,2,Daily Night Sky Prize,7,SPTx2,minutes,13,7240,30452,0,0.0,0.0,0.0,0.0,0.0
2026-07-27,2026-08-16,Control,10-19,PAYER,2,Flock Flurry,8,HC,HC,1,7240,30452,0,0.0,0.0,0.0,0.0,0.0
2026-07-27,2026-08-16,Control,10-19,PAYER,2,Flock Flurry,8,Slingshot,count,2,7240,30452,1668,2306.0,0.3185,0.0757,1.3825,23.04
2026-07-27,2026-08-16,Control,10-19,PAYER,2,Flock Flurry,8,Shuffle,count,3,7240,30452,0,0.0,0.0,0.0,0.0,0.0
2026-07-27,2026-08-16,Control,10-19,PAYER,2,Flock Flurry,8,Comet,count,4,7240,30452,0,0.0,0.0,0.0,0.0,0.0
2026-07-27,2026-08-16,Control,10-19,PAYER,2,Flock Flurry,8,Red,count,5,7240,30452,1668,2306.0,0.3185,0.0757,1.3825,23.04
2026-07-27,2026-08-16,Control,10-19,PAYER,2,Flock Flurry,8,Chuck,count,6,7240,30452,1668,2306.0,0.3185,0.0757,1.3825,23.04
2026-07-27,2026-08-16,Control,10-19,PAYER,2,Flock Flurry,8,Bomb,count,7,7240,30452,1668,2306.0,0.3185,0.0757,1.3825,23.04
2026-07-27,2026-08-16,Control,10-19,PAYER,2,Flock Flurry,8,UL Bomb,minutes,8,7240,30452,0,0.0,0.0,0.0,0.0,0.0
2026-07-27,2026-08-16,Control,10-19,PAYER,2,Flock Flurry,8,UL Chuck,minutes,9,7240,30452,0,0.0,0.0,0.0,0.0,0.0
2026-07-27,2026-08-16,Control,10-19,PAYER,2,Flock Flurry,8,UL Red,minutes,10,7240,30452,0,0.0,0.0,0.0,0.0,0.0
2026-07-27,2026-08-16,Control,10-19,PAYER,2,Flock Flurry,8,Unlimited Lives,minutes,11,7240,30452,4756,722840.0,99.8398,23.737,151.9849,65.69
2026-07-27,2026-08-16,Control,10-19,PAYER,2,Flock Flurry,8,SPT,count,12,7240,30452,1529,41900.0,5.7873,1.3759,27.4035,21.12
2026-07-27,2026-08-16,Control,10-19,PAYER,2,Flock Flurry,8,SPTx2,minutes,13,7240,30452,0,0.0,0.0,0.0,0.0,0.0
2026-07-27,2026-08-16,Control,10-19,PAYER,2,Hatchling Hideaway,9,HC,HC,1,7240,30452,2642,43200.0,5.9669,1.4186,16.3512,36.49
2026-07-27,2026-08-16,Control,10-19,PAYER,2,Hatchling Hideaway,9,Slingshot,count,2,7240,30452,388,428.0,0.0591,0.0141,1.1031,5.36
2026-07-27,2026-08-16,Control,10-19,PAYER,2,Hatchling Hideaway,9,Shuffle,count,3,7240,30452,1352,1644.0,0.2271,0.054,1.216,18.67
2026-07-27,2026-08-16,Control,10-19,PAYER,2,Hatchling Hideaway,9,Comet,count,4,7240,30452,76,80.0,0.011,0.0026,1.0526,1.05
2026-07-27,2026-08-16,Control,10-19,PAYER,2,Hatchling Hideaway,9,Red,count,5,7240,30452,3702,5136.0,0.7094,0.1687,1.3874,51.13
2026-07-27,2026-08-16,Control,10-19,PAYER,2,Hatchling Hideaway,9,Chuck,count,6,7240,30452,2562,3358.0,0.4638,0.1103,1.3107,35.39
2026-07-27,2026-08-16,Control,10-19,PAYER,2,Hatchling Hideaway,9,Bomb,count,7,7240,30452,1352,1644.0,0.2271,0.054,1.216,18.67
2026-07-27,2026-08-16,Control,10-19,PAYER,2,Hatchling Hideaway,9,UL Bomb,minutes,8,7240,30452,0,0.0,0.0,0.0,0.0,0.0
2026-07-27,2026-08-16,Control,10-19,PAYER,2,Hatchling Hideaway,9,UL Chuck,minutes,9,7240,30452,76,800.0,0.1105,0.0263,10.5263,1.05
2026-07-27,2026-08-16,Control,10-19,PAYER,2,Hatchling Hideaway,9,UL Red,minutes,10,7240,30452,388,4270.0,0.5898,0.1402,11.0052,5.36
2026-07-27,2026-08-16,Control,10-19,PAYER,2,Hatchling Hideaway,9,Unlimited Lives,minutes,11,7240,30452,3863,357480.0,49.3757,11.7391,92.5395,53.36
2026-07-27,2026-08-16,Control,10-19,PAYER,2,Hatchling Hideaway,9,SPT,count,12,7240,30452,0,0.0,0.0,0.0,0.0,0.0
2026-07-27,2026-08-16,Control,10-19,PAYER,2,Hatchling Hideaway,9,SPTx2,minutes,13,7240,30452,0,0.0,0.0,0.0,0.0,0.0
2026-07-27,2026-08-16,Control,10-19,PAYER,2,Jigsaw,10,HC,HC,1,7240,30452,838,24475.0,3.3805,0.8037,29.2064,11.57
2026-07-27,2026-08-16,Control,10-19,PAYER,2,Jigsaw,10,Slingshot,count,2,7240,30452,5,5.0,0.0007,0.0002,1.0,0.07
2026-07-27,2026-08-16,Control,10-19,PAYER,2,Jigsaw,10,Shuffle,count,3,7240,30452,0,0.0,0.0,0.0,0.0,0.0
2026-07-27,2026-08-16,Control,10-19,PAYER,2,Jigsaw,10,Comet,count,4,7240,30452,3,3.0,0.0004,0.0001,1.0,0.04
2026-07-27,2026-08-16,Control,10-19,PAYER,2,Jigsaw,10,Red,count,5,7240,30452,367,414.0,0.0572,0.0136,1.1281,5.07
2026-07-27,2026-08-16,Control,10-19,PAYER,2,Jigsaw,10,Chuck,count,6,7240,30452,2100,2295.0,0.317,0.0754,1.0929,29.01
2026-07-27,2026-08-16,Control,10-19,PAYER,2,Jigsaw,10,Bomb,count,7,7240,30452,3,3.0,0.0004,0.0001,1.0,0.04
2026-07-27,2026-08-16,Control,10-19,PAYER,2,Jigsaw,10,UL Bomb,minutes,8,7240,30452,367,3985.0,0.5504,0.1309,10.8583,5.07
2026-07-27,2026-08-16,Control,10-19,PAYER,2,Jigsaw,10,UL Chuck,minutes,9,7240,30452,1697,18490.0,2.5539,0.6072,10.8957,23.44
2026-07-27,2026-08-16,Control,10-19,PAYER,2,Jigsaw,10,UL Red,minutes,10,7240,30452,1954,21330.0,2.9461,0.7004,10.9161,26.99
2026-07-27,2026-08-16,Control,10-19,PAYER,2,Jigsaw,10,Unlimited Lives,minutes,11,7240,30452,1326,53010.0,7.3218,1.7408,39.9774,18.31
2026-07-27,2026-08-16,Control,10-19,PAYER,2,Jigsaw,10,SPT,count,12,7240,30452,0,0.0,0.0,0.0,0.0,0.0
2026-07-27,2026-08-16,Control,10-19,PAYER,2,Jigsaw,10,SPTx2,minutes,13,7240,30452,0,0.0,0.0,0.0,0.0,0.0
2026-07-27,2026-08-16,Control,10-19,PAYER,2,Kite Festival,11,HC,HC,1,7240,30452,62,8875.0,1.2258,0.2914,143.1452,0.86
2026-07-27,2026-08-16,Control,10-19,PAYER,2,Kite Festival,11,Slingshot,count,2,7240,30452,158,167.0,0.0231,0.0055,1.057,2.18
2026-07-27,2026-08-16,Control,10-19,PAYER,2,Kite Festival,11,Shuffle,count,3,7240,30452,60,62.0,0.0086,0.002,1.0333,0.83
2026-07-27,2026-08-16,Control,10-19,PAYER,2,Kite Festival,11,Comet,count,4,7240,30452,3,3.0,0.0004,0.0001,1.0,0.04
2026-07-27,2026-08-16,Control,10-19,PAYER,2,Kite Festival,11,Red,count,5,7240,30452,106,112.0,0.0155,0.0037,1.0566,1.46
2026-07-27,2026-08-16,Control,10-19,PAYER,2,Kite Festival,11,Chuck,count,6,7240,30452,104,110.0,0.0152,0.0036,1.0577,1.44
2026-07-27,2026-08-16,Control,10-19,PAYER,2,Kite Festival,11,Bomb,count,7,7240,30452,100,101.0,0.014,0.0033,1.01,1.38
2026-07-27,2026-08-16,Control,10-19,PAYER,2,Kite Festival,11,UL Bomb,minutes,8,7240,30452,0,0.0,0.0,0.0,0.0,0.0
2026-07-27,2026-08-16,Control,10-19,PAYER,2,Kite Festival,11,UL Chuck,minutes,9,7240,30452,0,0.0,0.0,0.0,0.0,0.0
2026-07-27,2026-08-16,Control,10-19,PAYER,2,Kite Festival,11,UL Red,minutes,10,7240,30452,0,0.0,0.0,0.0,0.0,0.0
2026-07-27,2026-08-16,Control,10-19,PAYER,2,Kite Festival,11,Unlimited Lives,minutes,11,7240,30452,1810,68220.0,9.4227,2.2402,37.6906,25.0
2026-07-27,2026-08-16,Control,10-19,PAYER,2,Kite Festival,11,SPT,count,12,7240,30452,795,77640.0,10.7238,2.5496,97.6604,10.98
2026-07-27,2026-08-16,Control,10-19,PAYER,2,Kite Festival,11,SPTx2,minutes,13,7240,30452,0,0.0,0.0,0.0,0.0,0.0
2026-07-27,2026-08-16,Control,10-19,PAYER,2,Level Race,12,HC,HC,1,7240,30452,0,0.0,0.0,0.0,0.0,0.0
2026-07-27,2026-08-16,Control,10-19,PAYER,2,Level Race,12,Slingshot,count,2,7240,30452,0,0.0,0.0,0.0,0.0,0.0
2026-07-27,2026-08-16,Control,10-19,PAYER,2,Level Race,12,Shuffle,count,3,7240,30452,0,0.0,0.0,0.0,0.0,0.0
2026-07-27,2026-08-16,Control,10-19,PAYER,2,Level Race,12,Comet,count,4,7240,30452,0,0.0,0.0,0.0,0.0,0.0
2026-07-27,2026-08-16,Control,10-19,PAYER,2,Level Race,12,Red,count,5,7240,30452,0,0.0,0.0,0.0,0.0,0.0
2026-07-27,2026-08-16,Control,10-19,PAYER,2,Level Race,12,Chuck,count,6,7240,30452,0,0.0,0.0,0.0,0.0,0.0
2026-07-27,2026-08-16,Control,10-19,PAYER,2,Level Race,12,Bomb,count,7,7240,30452,0,0.0,0.0,0.0,0.0,0.0
2026-07-27,2026-08-16,Control,10-19,PAYER,2,Level Race,12,UL Bomb,minutes,8,7240,30452,0,0.0,0.0,0.0,0.0,0.0
2026-07-27,2026-08-16,Control,10-19,PAYER,2,Level Race,12,UL Chuck,minutes,9,7240,30452,0,0.0,0.0,0.0,0.0,0.0
2026-07-27,2026-08-16,Control,10-19,PAYER,2,Level Race,12,UL Red,minutes,10,7240,30452,0,0.0,0.0,0.0,0.0,0.0
2026-07-27,2026-08-16,Control,10-19,PAYER,2,Level Race,12,Unlimited Lives,minutes,11,7240,30452,0,0.0,0.0,0.0,0.0,0.0
2026-07-27,2026-08-16,Control,10-19,PAYER,2,Level Race,12,SPT,count,12,7240,30452,0,0.0,0.0,0.0,0.0,0.0
2026-07-27,2026-08-16,Control,10-19,PAYER,2,Level Race,12,SPTx2,minutes,13,7240,30452,0,0.0,0.0,0.0,0.0,0.0
2026-07-27,2026-08-16,Control,10-19,PAYER,2,Other,13,HC,HC,1,7240,30452,3599,151400.0,20.9116,4.9718,42.0672,49.71
2026-07-27,2026-08-16,Control,10-19,PAYER,2,Other,13,Slingshot,count,2,7240,30452,1905,2665.0,0.3681,0.0875,1.399,26.31
2026-07-27,2026-08-16,Control,10-19,PAYER,2,Other,13,Shuffle,count,3,7240,30452,1315,1827.0,0.2523,0.06,1.3894,18.16
2026-07-27,2026-08-16,Control,10-19,PAYER,2,Other,13,Comet,count,4,7240,30452,573,668.0,0.0923,0.0219,1.1658,7.91
2026-07-27,2026-08-16,Control,10-19,PAYER,2,Other,13,Red,count,5,7240,30452,3950,5815.0,0.8032,0.191,1.4722,54.56
2026-07-27,2026-08-16,Control,10-19,PAYER,2,Other,13,Chuck,count,6,7240,30452,3982,6108.0,0.8436,0.2006,1.5339,55.0
2026-07-27,2026-08-16,Control,10-19,PAYER,2,Other,13,Bomb,count,7,7240,30452,3962,6059.0,0.8369,0.199,1.5293,54.72
2026-07-27,2026-08-16,Control,10-19,PAYER,2,Other,13,UL Bomb,minutes,8,7240,30452,11,330.0,0.0456,0.0108,30.0,0.15
2026-07-27,2026-08-16,Control,10-19,PAYER,2,Other,13,UL Chuck,minutes,9,7240,30452,12,345.0,0.0477,0.0113,28.75,0.17
2026-07-27,2026-08-16,Control,10-19,PAYER,2,Other,13,UL Red,minutes,10,7240,30452,12,345.0,0.0477,0.0113,28.75,0.17
2026-07-27,2026-08-16,Control,10-19,PAYER,2,Other,13,Unlimited Lives,minutes,11,7240,30452,1134,68734.0,9.4936,2.2571,60.612,15.66
2026-07-27,2026-08-16,Control,10-19,PAYER,2,Other,13,SPT,count,12,7240,30452,3536,287530.0,39.7141,9.4421,81.315,48.84
2026-07-27,2026-08-16,Control,10-19,PAYER,2,Other,13,SPTx2,minutes,13,7240,30452,0,0.0,0.0,0.0,0.0,0.0
2026-07-27,2026-08-16,Control,10-19,PAYER,2,Photoshoot,14,HC,HC,1,7240,30452,598,15925.0,2.1996,0.523,26.6304,8.26
2026-07-27,2026-08-16,Control,10-19,PAYER,2,Photoshoot,14,Slingshot,count,2,7240,30452,0,0.0,0.0,0.0,0.0,0.0
2026-07-27,2026-08-16,Control,10-19,PAYER,2,Photoshoot,14,Shuffle,count,3,7240,30452,3,3.0,0.0004,0.0001,1.0,0.04
2026-07-27,2026-08-16,Control,10-19,PAYER,2,Photoshoot,14,Comet,count,4,7240,30452,0,0.0,0.0,0.0,0.0,0.0
2026-07-27,2026-08-16,Control,10-19,PAYER,2,Photoshoot,14,Red,count,5,7240,30452,162,164.0,0.0227,0.0054,1.0123,2.24
2026-07-27,2026-08-16,Control,10-19,PAYER,2,Photoshoot,14,Chuck,count,6,7240,30452,1407,1441.0,0.199,0.0473,1.0242,19.43
2026-07-27,2026-08-16,Control,10-19,PAYER,2,Photoshoot,14,Bomb,count,7,7240,30452,1,1.0,0.0001,0.0,1.0,0.01
2026-07-27,2026-08-16,Control,10-19,PAYER,2,Photoshoot,14,UL Bomb,minutes,8,7240,30452,8,120.0,0.0166,0.0039,15.0,0.11
2026-07-27,2026-08-16,Control,10-19,PAYER,2,Photoshoot,14,UL Chuck,minutes,9,7240,30452,54,840.0,0.116,0.0276,15.5556,0.75
2026-07-27,2026-08-16,Control,10-19,PAYER,2,Photoshoot,14,UL Red,minutes,10,7240,30452,331,5040.0,0.6961,0.1655,15.2266,4.57
2026-07-27,2026-08-16,Control,10-19,PAYER,2,Photoshoot,14,Unlimited Lives,minutes,11,7240,30452,990,41100.0,5.6768,1.3497,41.5152,13.67
2026-07-27,2026-08-16,Control,10-19,PAYER,2,Photoshoot,14,SPT,count,12,7240,30452,0,0.0,0.0,0.0,0.0,0.0
2026-07-27,2026-08-16,Control,10-19,PAYER,2,Photoshoot,14,SPTx2,minutes,13,7240,30452,0,0.0,0.0,0.0,0.0,0.0
2026-07-27,2026-08-16,Control,10-19,PAYER,2,Red Challenge,15,HC,HC,1,7240,30452,410,43300.0,5.9807,1.4219,105.6098,5.66
2026-07-27,2026-08-16,Control,10-19,PAYER,2,Red Challenge,15,Slingshot,count,2,7240,30452,1367,1585.0,0.2189,0.052,1.1595,18.88
2026-07-27,2026-08-16,Control,10-19,PAYER,2,Red Challenge,15,Shuffle,count,3,7240,30452,814,928.0,0.1282,0.0305,1.14,11.24
2026-07-27,2026-08-16,Control,10-19,PAYER,2,Red Challenge,15,Comet,count,4,7240,30452,82,87.0,0.012,0.0029,1.061,1.13
2026-07-27,2026-08-16,Control,10-19,PAYER,2,Red Challenge,15,Red,count,5,7240,30452,0,0.0,0.0,0.0,0.0,0.0
2026-07-27,2026-08-16,Control,10-19,PAYER,2,Red Challenge,15,Chuck,count,6,7240,30452,0,0.0,0.0,0.0,0.0,0.0
2026-07-27,2026-08-16,Control,10-19,PAYER,2,Red Challenge,15,Bomb,count,7,7240,30452,0,0.0,0.0,0.0,0.0,0.0
2026-07-27,2026-08-16,Control,10-19,PAYER,2,Red Challenge,15,UL Bomb,minutes,8,7240,30452,0,0.0,0.0,0.0,0.0,0.0
2026-07-27,2026-08-16,Control,10-19,PAYER,2,Red Challenge,15,UL Chuck,minutes,9,7240,30452,0,0.0,0.0,0.0,0.0,0.0
2026-07-27,2026-08-16,Control,10-19,PAYER,2,Red Challenge,15,UL Red,minutes,10,7240,30452,0,0.0,0.0,0.0,0.0,0.0
2026-07-27,2026-08-16,Control,10-19,PAYER,2,Red Challenge,15,Unlimited Lives,minutes,11,7240,30452,0,0.0,0.0,0.0,0.0,0.0
2026-07-27,2026-08-16,Control,10-19,PAYER,2,Red Challenge,15,SPT,count,12,7240,30452,0,0.0,0.0,0.0,0.0,0.0
2026-07-27,2026-08-16,Control,10-19,PAYER,2,Red Challenge,15,SPTx2,minutes,13,7240,30452,0,0.0,0.0,0.0,0.0,0.0
2026-07-27,2026-08-16,Control,10-19,PAYER,2,River Rush,16,HC,HC,1,7240,30452,1410,78225.0,10.8046,2.5688,55.4787,19.48
2026-07-27,2026-08-16,Control,10-19,PAYER,2,River Rush,16,Slingshot,count,2,7240,30452,102,136.0,0.0188,0.0045,1.3333,1.41
2026-07-27,2026-08-16,Control,10-19,PAYER,2,River Rush,16,Shuffle,count,3,7240,30452,685,909.0,0.1256,0.0299,1.327,9.46
2026-07-27,2026-08-16,Control,10-19,PAYER,2,River Rush,16,Comet,count,4,7240,30452,918,1125.0,0.1554,0.0369,1.2255,12.68
2026-07-27,2026-08-16,Control,10-19,PAYER,2,River Rush,16,Red,count,5,7240,30452,498,579.0,0.08,0.019,1.1627,6.88
2026-07-27,2026-08-16,Control,10-19,PAYER,2,River Rush,16,Chuck,count,6,7240,30452,301,340.0,0.047,0.0112,1.1296,4.16
2026-07-27,2026-08-16,Control,10-19,PAYER,2,River Rush,16,Bomb,count,7,7240,30452,252,275.0,0.038,0.009,1.0913,3.48
2026-07-27,2026-08-16,Control,10-19,PAYER,2,River Rush,16,UL Bomb,minutes,8,7240,30452,542,11485.0,1.5863,0.3772,21.19,7.49
2026-07-27,2026-08-16,Control,10-19,PAYER,2,River Rush,16,UL Chuck,minutes,9,7240,30452,814,10785.0,1.4896,0.3542,13.2494,11.24
2026-07-27,2026-08-16,Control,10-19,PAYER,2,River Rush,16,UL Red,minutes,10,7240,30452,512,7780.0,1.0746,0.2555,15.1953,7.07
2026-07-27,2026-08-16,Control,10-19,PAYER,2,River Rush,16,Unlimited Lives,minutes,11,7240,30452,138,2975.0,0.4109,0.0977,21.558,1.91
2026-07-27,2026-08-16,Control,10-19,PAYER,2,River Rush,16,SPT,count,12,7240,30452,189,5320.0,0.7348,0.1747,28.1481,2.61
2026-07-27,2026-08-16,Control,10-19,PAYER,2,River Rush,16,SPTx2,minutes,13,7240,30452,384,4900.0,0.6768,0.1609,12.7604,5.3
2026-07-27,2026-08-16,Control,10-19,PAYER,2,Saga,17,HC,HC,1,7240,30452,6545,555830.0,76.7721,18.2527,84.9244,90.4
2026-07-27,2026-08-16,Control,10-19,PAYER,2,Saga,17,Slingshot,count,2,7240,30452,3615,5913.0,0.8167,0.1942,1.6357,49.93
2026-07-27,2026-08-16,Control,10-19,PAYER,2,Saga,17,Shuffle,count,3,7240,30452,4393,8295.0,1.1457,0.2724,1.8882,60.68
2026-07-27,2026-08-16,Control,10-19,PAYER,2,Saga,17,Comet,count,4,7240,30452,4030,6436.0,0.889,0.2113,1.597,55.66
2026-07-27,2026-08-16,Control,10-19,PAYER,2,Saga,17,Red,count,5,7240,30452,5052,14627.0,2.0203,0.4803,2.8953,69.78
2026-07-27,2026-08-16,Control,10-19,PAYER,2,Saga,17,Chuck,count,6,7240,30452,5295,14386.0,1.987,0.4724,2.7169,73.14
2026-07-27,2026-08-16,Control,10-19,PAYER,2,Saga,17,Bomb,count,7,7240,30452,4259,8787.0,1.2137,0.2886,2.0632,58.83
2026-07-27,2026-08-16,Control,10-19,PAYER,2,Saga,17,UL Bomb,minutes,8,7240,30452,0,0.0,0.0,0.0,0.0,0.0
2026-07-27,2026-08-16,Control,10-19,PAYER,2,Saga,17,UL Chuck,minutes,9,7240,30452,0,0.0,0.0,0.0,0.0,0.0
2026-07-27,2026-08-16,Control,10-19,PAYER,2,Saga,17,UL Red,minutes,10,7240,30452,0,0.0,0.0,0.0,0.0,0.0
2026-07-27,2026-08-16,Control,10-19,PAYER,2,Saga,17,Unlimited Lives,minutes,11,7240,30452,6517,900575.0,124.3888,29.5736,138.1886,90.01
2026-07-27,2026-08-16,Control,10-19,PAYER,2,Saga,17,SPT,count,12,7240,30452,0,0.0,0.0,0.0,0.0,0.0
2026-07-27,2026-08-16,Control,10-19,PAYER,2,Saga,17,SPTx2,minutes,13,7240,30452,0,0.0,0.0,0.0,0.0,0.0
2026-07-27,2026-08-16,Control,10-19,PAYER,2,Season Pass (Free),18,HC,HC,1,7240,30452,4182,224205.0,30.9675,7.3626,53.6119,57.76
2026-07-27,2026-08-16,Control,10-19,PAYER,2,Season Pass (Free),18,Slingshot,count,2,7240,30452,1287,2168.0,0.2994,0.0712,1.6845,17.78
2026-07-27,2026-08-16,Control,10-19,PAYER,2,Season Pass (Free),18,Shuffle,count,3,7240,30452,2236,3394.0,0.4688,0.1115,1.5179,30.88
2026-07-27,2026-08-16,Control,10-19,PAYER,2,Season Pass (Free),18,Comet,count,4,7240,30452,577,1077.0,0.1488,0.0354,1.8666,7.97
2026-07-27,2026-08-16,Control,10-19,PAYER,2,Season Pass (Free),18,Red,count,5,7240,30452,3298,6857.0,0.9471,0.2252,2.0791,45.55
2026-07-27,2026-08-16,Control,10-19,PAYER,2,Season Pass (Free),18,Chuck,count,6,7240,30452,3579,7478.0,1.0329,0.2456,2.0894,49.43
2026-07-27,2026-08-16,Control,10-19,PAYER,2,Season Pass (Free),18,Bomb,count,7,7240,30452,2181,4053.0,0.5598,0.1331,1.8583,30.12
2026-07-27,2026-08-16,Control,10-19,PAYER,2,Season Pass (Free),18,UL Bomb,minutes,8,7240,30452,502,8430.0,1.1644,0.2768,16.7928,6.93
2026-07-27,2026-08-16,Control,10-19,PAYER,2,Season Pass (Free),18,UL Chuck,minutes,9,7240,30452,1573,33815.0,4.6706,1.1104,21.4971,21.73
2026-07-27,2026-08-16,Control,10-19,PAYER,2,Season Pass (Free),18,UL Red,minutes,10,7240,30452,2978,53095.0,7.3336,1.7436,17.8291,41.13
2026-07-27,2026-08-16,Control,10-19,PAYER,2,Season Pass (Free),18,Unlimited Lives,minutes,11,7240,30452,3603,338465.0,46.7493,11.1147,93.9398,49.77
2026-07-27,2026-08-16,Control,10-19,PAYER,2,Season Pass (Free),18,SPT,count,12,7240,30452,43,1311.0,0.1811,0.0431,30.4884,0.59
2026-07-27,2026-08-16,Control,10-19,PAYER,2,Season Pass (Free),18,SPTx2,minutes,13,7240,30452,0,0.0,0.0,0.0,0.0,0.0
2026-07-27,2026-08-16,Control,10-19,PAYER,2,Target Day,19,HC,HC,1,7240,30452,501,50420.0,6.9641,1.6557,100.6387,6.92
2026-07-27,2026-08-16,Control,10-19,PAYER,2,Target Day,19,Slingshot,count,2,7240,30452,1250,1441.0,0.199,0.0473,1.1528,17.27
2026-07-27,2026-08-16,Control,10-19,PAYER,2,Target Day,19,Shuffle,count,3,7240,30452,904,980.0,0.1354,0.0322,1.0841,12.49
2026-07-27,2026-08-16,Control,10-19,PAYER,2,Target Day,19,Comet,count,4,7240,30452,94,100.0,0.0138,0.0033,1.0638,1.3
2026-07-27,2026-08-16,Control,10-19,PAYER,2,Target Day,19,Red,count,5,7240,30452,3,3.0,0.0004,0.0001,1.0,0.04
2026-07-27,2026-08-16,Control,10-19,PAYER,2,Target Day,19,Chuck,count,6,7240,30452,1,1.0,0.0001,0.0,1.0,0.01
2026-07-27,2026-08-16,Control,10-19,PAYER,2,Target Day,19,Bomb,count,7,7240,30452,1,2.0,0.0003,0.0001,2.0,0.01
2026-07-27,2026-08-16,Control,10-19,PAYER,2,Target Day,19,UL Bomb,minutes,8,7240,30452,0,0.0,0.0,0.0,0.0,0.0
2026-07-27,2026-08-16,Control,10-19,PAYER,2,Target Day,19,UL Chuck,minutes,9,7240,30452,0,0.0,0.0,0.0,0.0,0.0
2026-07-27,2026-08-16,Control,10-19,PAYER,2,Target Day,19,UL Red,minutes,10,7240,30452,0,0.0,0.0,0.0,0.0,0.0
2026-07-27,2026-08-16,Control,10-19,PAYER,2,Target Day,19,Unlimited Lives,minutes,11,7240,30452,2308,89010.0,12.2942,2.923,38.5659,31.88
2026-07-27,2026-08-16,Control,10-19,PAYER,2,Target Day,19,SPT,count,12,7240,30452,1,10.0,0.0014,0.0003,10.0,0.01
2026-07-27,2026-08-16,Control,10-19,PAYER,2,Target Day,19,SPTx2,minutes,13,7240,30452,0,0.0,0.0,0.0,0.0,0.0
2026-07-27,2026-08-16,Control,10-19,PAYER,2,Team Event,20,HC,HC,1,7240,30452,2181,322170.0,44.4986,10.5796,147.7166,30.12
2026-07-27,2026-08-16,Control,10-19,PAYER,2,Team Event,20,Slingshot,count,2,7240,30452,1749,3675.0,0.5076,0.1207,2.1012,24.16
2026-07-27,2026-08-16,Control,10-19,PAYER,2,Team Event,20,Shuffle,count,3,7240,30452,579,1546.0,0.2135,0.0508,2.6701,8.0
2026-07-27,2026-08-16,Control,10-19,PAYER,2,Team Event,20,Comet,count,4,7240,30452,556,1072.0,0.1481,0.0352,1.9281,7.68
2026-07-27,2026-08-16,Control,10-19,PAYER,2,Team Event,20,Red,count,5,7240,30452,0,0.0,0.0,0.0,0.0,0.0
2026-07-27,2026-08-16,Control,10-19,PAYER,2,Team Event,20,Chuck,count,6,7240,30452,0,0.0,0.0,0.0,0.0,0.0
2026-07-27,2026-08-16,Control,10-19,PAYER,2,Team Event,20,Bomb,count,7,7240,30452,0,0.0,0.0,0.0,0.0,0.0
2026-07-27,2026-08-16,Control,10-19,PAYER,2,Team Event,20,UL Bomb,minutes,8,7240,30452,0,0.0,0.0,0.0,0.0,0.0
2026-07-27,2026-08-16,Control,10-19,PAYER,2,Team Event,20,UL Chuck,minutes,9,7240,30452,0,0.0,0.0,0.0,0.0,0.0
2026-07-27,2026-08-16,Control,10-19,PAYER,2,Team Event,20,UL Red,minutes,10,7240,30452,0,0.0,0.0,0.0,0.0,0.0
2026-07-27,2026-08-16,Control,10-19,PAYER,2,Team Event,20,Unlimited Lives,minutes,11,7240,30452,0,0.0,0.0,0.0,0.0,0.0
2026-07-27,2026-08-16,Control,10-19,PAYER,2,Team Event,20,SPT,count,12,7240,30452,0,0.0,0.0,0.0,0.0,0.0
2026-07-27,2026-08-16,Control,10-19,PAYER,2,Team Event,20,SPTx2,minutes,13,7240,30452,0,0.0,0.0,0.0,0.0,0.0
2026-07-27,2026-08-16,Control,10-19,PAYER,2,Team Race,21,HC,HC,1,7240,30452,3256,344910.0,47.6395,11.3263,105.9306,44.97
2026-07-27,2026-08-16,Control,10-19,PAYER,2,Team Race,21,Slingshot,count,2,7240,30452,1782,2281.0,0.3151,0.0749,1.28,24.61
2026-07-27,2026-08-16,Control,10-19,PAYER,2,Team Race,21,Shuffle,count,3,7240,30452,2317,3267.0,0.4512,0.1073,1.41,32.0
2026-07-27,2026-08-16,Control,10-19,PAYER,2,Team Race,21,Comet,count,4,7240,30452,3157,4835.0,0.6678,0.1588,1.5315,43.6
2026-07-27,2026-08-16,Control,10-19,PAYER,2,Team Race,21,Red,count,5,7240,30452,414,448.0,0.0619,0.0147,1.0821,5.72
2026-07-27,2026-08-16,Control,10-19,PAYER,2,Team Race,21,Chuck,count,6,7240,30452,662,760.0,0.105,0.025,1.148,9.14
2026-07-27,2026-08-16,Control,10-19,PAYER,2,Team Race,21,Bomb,count,7,7240,30452,1619,2109.0,0.2913,0.0693,1.3027,22.36
2026-07-27,2026-08-16,Control,10-19,PAYER,2,Team Race,21,UL Bomb,minutes,8,7240,30452,0,0.0,0.0,0.0,0.0,0.0
2026-07-27,2026-08-16,Control,10-19,PAYER,2,Team Race,21,UL Chuck,minutes,9,7240,30452,0,0.0,0.0,0.0,0.0,0.0
2026-07-27,2026-08-16,Control,10-19,PAYER,2,Team Race,21,UL Red,minutes,10,7240,30452,0,0.0,0.0,0.0,0.0,0.0
2026-07-27,2026-08-16,Control,10-19,PAYER,2,Team Race,21,Unlimited Lives,minutes,11,7240,30452,0,0.0,0.0,0.0,0.0,0.0
2026-07-27,2026-08-16,Control,10-19,PAYER,2,Team Race,21,SPT,count,12,7240,30452,0,0.0,0.0,0.0,0.0,0.0
2026-07-27,2026-08-16,Control,10-19,PAYER,2,Team Race,21,SPTx2,minutes,13,7240,30452,0,0.0,0.0,0.0,0.0,0.0
2026-07-27,2026-08-16,Control,10-19,PAYER,2,Flash Race,22,HC,HC,1,7240,30452,2646,231075.0,31.9164,7.5882,87.3299,36.55
2026-07-27,2026-08-16,Control,10-19,PAYER,2,Flash Race,22,Slingshot,count,2,7240,30452,1054,1259.0,0.1739,0.0413,1.1945,14.56
2026-07-27,2026-08-16,Control,10-19,PAYER,2,Flash Race,22,Shuffle,count,3,7240,30452,1179,1390.0,0.192,0.0456,1.179,16.28
2026-07-27,2026-08-16,Control,10-19,PAYER,2,Flash Race,22,Comet,count,4,7240,30452,1039,1301.0,0.1797,0.0427,1.2522,14.35
2026-07-27,2026-08-16,Control,10-19,PAYER,2,Flash Race,22,Red,count,5,7240,30452,257,280.0,0.0387,0.0092,1.0895,3.55
2026-07-27,2026-08-16,Control,10-19,PAYER,2,Flash Race,22,Chuck,count,6,7240,30452,448,502.0,0.0693,0.0165,1.1205,6.19
2026-07-27,2026-08-16,Control,10-19,PAYER,2,Flash Race,22,Bomb,count,7,7240,30452,777,906.0,0.1251,0.0298,1.166,10.73
2026-07-27,2026-08-16,Control,10-19,PAYER,2,Flash Race,22,UL Bomb,minutes,8,7240,30452,0,0.0,0.0,0.0,0.0,0.0
2026-07-27,2026-08-16,Control,10-19,PAYER,2,Flash Race,22,UL Chuck,minutes,9,7240,30452,0,0.0,0.0,0.0,0.0,0.0
2026-07-27,2026-08-16,Control,10-19,PAYER,2,Flash Race,22,UL Red,minutes,10,7240,30452,0,0.0,0.0,0.0,0.0,0.0
2026-07-27,2026-08-16,Control,10-19,PAYER,2,Flash Race,22,Unlimited Lives,minutes,11,7240,30452,447,23450.0,3.239,0.7701,52.4609,6.17
2026-07-27,2026-08-16,Control,10-19,PAYER,2,Flash Race,22,SPT,count,12,7240,30452,3080,253140.0,34.9641,8.3128,82.1883,42.54
2026-07-27,2026-08-16,Control,10-19,PAYER,2,Flash Race,22,SPTx2,minutes,13,7240,30452,0,0.0,0.0,0.0,0.0,0.0
2026-07-27,2026-08-16,Control,10-19,PAYER,2,FlowerCoop,23,HC,HC,1,7240,30452,0,0.0,0.0,0.0,0.0,0.0
2026-07-27,2026-08-16,Control,10-19,PAYER,2,FlowerCoop,23,Slingshot,count,2,7240,30452,0,0.0,0.0,0.0,0.0,0.0
2026-07-27,2026-08-16,Control,10-19,PAYER,2,FlowerCoop,23,Shuffle,count,3,7240,30452,0,0.0,0.0,0.0,0.0,0.0
2026-07-27,2026-08-16,Control,10-19,PAYER,2,FlowerCoop,23,Comet,count,4,7240,30452,0,0.0,0.0,0.0,0.0,0.0
2026-07-27,2026-08-16,Control,10-19,PAYER,2,FlowerCoop,23,Red,count,5,7240,30452,0,0.0,0.0,0.0,0.0,0.0
2026-07-27,2026-08-16,Control,10-19,PAYER,2,FlowerCoop,23,Chuck,count,6,7240,30452,0,0.0,0.0,0.0,0.0,0.0
2026-07-27,2026-08-16,Control,10-19,PAYER,2,FlowerCoop,23,Bomb,count,7,7240,30452,0,0.0,0.0,0.0,0.0,0.0
2026-07-27,2026-08-16,Control,10-19,PAYER,2,FlowerCoop,23,UL Bomb,minutes,8,7240,30452,0,0.0,0.0,0.0,0.0,0.0
2026-07-27,2026-08-16,Control,10-19,PAYER,2,FlowerCoop,23,UL Chuck,minutes,9,7240,30452,0,0.0,0.0,0.0,0.0,0.0
2026-07-27,2026-08-16,Control,10-19,PAYER,2,FlowerCoop,23,UL Red,minutes,10,7240,30452,0,0.0,0.0,0.0,0.0,0.0
2026-07-27,2026-08-16,Control,10-19,PAYER,2,FlowerCoop,23,Unlimited Lives,minutes,11,7240,30452,0,0.0,0.0,0.0,0.0,0.0
2026-07-27,2026-08-16,Control,10-19,PAYER,2,FlowerCoop,23,SPT,count,12,7240,30452,0,0.0,0.0,0.0,0.0,0.0
2026-07-27,2026-08-16,Control,10-19,PAYER,2,FlowerCoop,23,SPTx2,minutes,13,7240,30452,0,0.0,0.0,0.0,0.0,0.0
2026-07-27,2026-08-16,Control,10-19,PAYER,2,Rainbow Maker,24,HC,HC,1,7240,30452,1,40.0,0.0055,0.0013,40.0,0.01
2026-07-27,2026-08-16,Control,10-19,PAYER,2,Rainbow Maker,24,Slingshot,count,2,7240,30452,1,2.0,0.0003,0.0001,2.0,0.01
2026-07-27,2026-08-16,Control,10-19,PAYER,2,Rainbow Maker,24,Shuffle,count,3,7240,30452,1,1.0,0.0001,0.0,1.0,0.01
2026-07-27,2026-08-16,Control,10-19,PAYER,2,Rainbow Maker,24,Comet,count,4,7240,30452,1,1.0,0.0001,0.0,1.0,0.01
2026-07-27,2026-08-16,Control,10-19,PAYER,2,Rainbow Maker,24,Red,count,5,7240,30452,0,0.0,0.0,0.0,0.0,0.0
2026-07-27,2026-08-16,Control,10-19,PAYER,2,Rainbow Maker,24,Chuck,count,6,7240,30452,0,0.0,0.0,0.0,0.0,0.0
2026-07-27,2026-08-16,Control,10-19,PAYER,2,Rainbow Maker,24,Bomb,count,7,7240,30452,1,1.0,0.0001,0.0,1.0,0.01
2026-07-27,2026-08-16,Control,10-19,PAYER,2,Rainbow Maker,24,UL Bomb,minutes,8,7240,30452,0,0.0,0.0,0.0,0.0,0.0
2026-07-27,2026-08-16,Control,10-19,PAYER,2,Rainbow Maker,24,UL Chuck,minutes,9,7240,30452,0,0.0,0.0,0.0,0.0,0.0
2026-07-27,2026-08-16,Control,10-19,PAYER,2,Rainbow Maker,24,UL Red,minutes,10,7240,30452,1,10.0,0.0014,0.0003,10.0,0.01
2026-07-27,2026-08-16,Control,10-19,PAYER,2,Rainbow Maker,24,Unlimited Lives,minutes,11,7240,30452,1,30.0,0.0041,0.001,30.0,0.01
2026-07-27,2026-08-16,Control,10-19,PAYER,2,Rainbow Maker,24,SPT,count,12,7240,30452,1,200.0,0.0276,0.0066,200.0,0.01
2026-07-27,2026-08-16,Control,10-19,PAYER,2,Rainbow Maker,24,SPTx2,minutes,13,7240,30452,0,0.0,0.0,0.0,0.0,0.0
2026-07-27,2026-08-16,Control,10-19,PAYER,2,IAPs,25,HC,HC,1,7240,30452,0,0.0,0.0,0.0,0.0,0.0
2026-07-27,2026-08-16,Control,10-19,PAYER,2,IAPs,25,Slingshot,count,2,7240,30452,0,0.0,0.0,0.0,0.0,0.0
2026-07-27,2026-08-16,Control,10-19,PAYER,2,IAPs,25,Shuffle,count,3,7240,30452,0,0.0,0.0,0.0,0.0,0.0
2026-07-27,2026-08-16,Control,10-19,PAYER,2,IAPs,25,Comet,count,4,7240,30452,0,0.0,0.0,0.0,0.0,0.0
2026-07-27,2026-08-16,Control,10-19,PAYER,2,IAPs,25,Red,count,5,7240,30452,0,0.0,0.0,0.0,0.0,0.0
2026-07-27,2026-08-16,Control,10-19,PAYER,2,IAPs,25,Chuck,count,6,7240,30452,0,0.0,0.0,0.0,0.0,0.0
2026-07-27,2026-08-16,Control,10-19,PAYER,2,IAPs,25,Bomb,count,7,7240,30452,0,0.0,0.0,0.0,0.0,0.0
2026-07-27,2026-08-16,Control,10-19,PAYER,2,IAPs,25,UL Bomb,minutes,8,7240,30452,0,0.0,0.0,0.0,0.0,0.0
2026-07-27,2026-08-16,Control,10-19,PAYER,2,IAPs,25,UL Chuck,minutes,9,7240,30452,0,0.0,0.0,0.0,0.0,0.0
2026-07-27,2026-08-16,Control,10-19,PAYER,2,IAPs,25,UL Red,minutes,10,7240,30452,0,0.0,0.0,0.0,0.0,0.0
2026-07-27,2026-08-16,Control,10-19,PAYER,2,IAPs,25,Unlimited Lives,minutes,11,7240,30452,1,60.0,0.0083,0.002,60.0,0.01
2026-07-27,2026-08-16,Control,10-19,PAYER,2,IAPs,25,SPT,count,12,7240,30452,0,0.0,0.0,0.0,0.0,0.0
2026-07-27,2026-08-16,Control,10-19,PAYER,2,IAPs,25,SPTx2,minutes,13,7240,30452,0,0.0,0.0,0.0,0.0,0.0
2026-07-27,2026-08-16,Control,20-39,NONPAYER,3,Ads,1,HC,HC,1,21100,88055,5248,323010.0,15.3085,3.6683,61.5492,24.87
2026-07-27,2026-08-16,Control,20-39,NONPAYER,3,Ads,1,Slingshot,count,2,21100,88055,3204,7322.0,0.347,0.0832,2.2853,15.18
2026-07-27,2026-08-16,Control,20-39,NONPAYER,3,Ads,1,Shuffle,count,3,21100,88055,3086,7180.0,0.3403,0.0815,2.3266,14.63
2026-07-27,2026-08-16,Control,20-39,NONPAYER,3,Ads,1,Comet,count,4,21100,88055,1927,3266.0,0.1548,0.0371,1.6949,9.13
2026-07-27,2026-08-16,Control,20-39,NONPAYER,3,Ads,1,Red,count,5,21100,88055,0,0.0,0.0,0.0,0.0,0.0
2026-07-27,2026-08-16,Control,20-39,NONPAYER,3,Ads,1,Chuck,count,6,21100,88055,2,2.0,0.0001,0.0,1.0,0.01
2026-07-27,2026-08-16,Control,20-39,NONPAYER,3,Ads,1,Bomb,count,7,21100,88055,0,0.0,0.0,0.0,0.0,0.0
2026-07-27,2026-08-16,Control,20-39,NONPAYER,3,Ads,1,UL Bomb,minutes,8,21100,88055,0,0.0,0.0,0.0,0.0,0.0
2026-07-27,2026-08-16,Control,20-39,NONPAYER,3,Ads,1,UL Chuck,minutes,9,21100,88055,0,0.0,0.0,0.0,0.0,0.0
2026-07-27,2026-08-16,Control,20-39,NONPAYER,3,Ads,1,UL Red,minutes,10,21100,88055,0,0.0,0.0,0.0,0.0,0.0
2026-07-27,2026-08-16,Control,20-39,NONPAYER,3,Ads,1,Unlimited Lives,minutes,11,21100,88055,3552,109475.0,5.1884,1.2433,30.8207,16.83
2026-07-27,2026-08-16,Control,20-39,NONPAYER,3,Ads,1,SPT,count,12,21100,88055,0,0.0,0.0,0.0,0.0,0.0
2026-07-27,2026-08-16,Control,20-39,NONPAYER,3,Ads,1,SPTx2,minutes,13,21100,88055,0,0.0,0.0,0.0,0.0,0.0
2026-07-27,2026-08-16,Control,20-39,NONPAYER,3,Bomb Challenge,2,HC,HC,1,21100,88055,2412,297950.0,14.1209,3.3837,123.5282,11.43
2026-07-27,2026-08-16,Control,20-39,NONPAYER,3,Bomb Challenge,2,Slingshot,count,2,21100,88055,3338,3837.0,0.1818,0.0436,1.1495,15.82
2026-07-27,2026-08-16,Control,20-39,NONPAYER,3,Bomb Challenge,2,Shuffle,count,3,21100,88055,3531,4121.0,0.1953,0.0468,1.1671,16.73
2026-07-27,2026-08-16,Control,20-39,NONPAYER,3,Bomb Challenge,2,Comet,count,4,21100,88055,648,712.0,0.0337,0.0081,1.0988,3.07
2026-07-27,2026-08-16,Control,20-39,NONPAYER,3,Bomb Challenge,2,Red,count,5,21100,88055,0,0.0,0.0,0.0,0.0,0.0
2026-07-27,2026-08-16,Control,20-39,NONPAYER,3,Bomb Challenge,2,Chuck,count,6,21100,88055,0,0.0,0.0,0.0,0.0,0.0
2026-07-27,2026-08-16,Control,20-39,NONPAYER,3,Bomb Challenge,2,Bomb,count,7,21100,88055,0,0.0,0.0,0.0,0.0,0.0
2026-07-27,2026-08-16,Control,20-39,NONPAYER,3,Bomb Challenge,2,UL Bomb,minutes,8,21100,88055,0,0.0,0.0,0.0,0.0,0.0
2026-07-27,2026-08-16,Control,20-39,NONPAYER,3,Bomb Challenge,2,UL Chuck,minutes,9,21100,88055,0,0.0,0.0,0.0,0.0,0.0
2026-07-27,2026-08-16,Control,20-39,NONPAYER,3,Bomb Challenge,2,UL Red,minutes,10,21100,88055,0,0.0,0.0,0.0,0.0,0.0
2026-07-27,2026-08-16,Control,20-39,NONPAYER,3,Bomb Challenge,2,Unlimited Lives,minutes,11,21100,88055,0,0.0,0.0,0.0,0.0,0.0
2026-07-27,2026-08-16,Control,20-39,NONPAYER,3,Bomb Challenge,2,SPT,count,12,21100,88055,0,0.0,0.0,0.0,0.0,0.0
2026-07-27,2026-08-16,Control,20-39,NONPAYER,3,Bomb Challenge,2,SPTx2,minutes,13,21100,88055,0,0.0,0.0,0.0,0.0,0.0
2026-07-27,2026-08-16,Control,20-39,NONPAYER,3,Bomb's Ballet,3,HC,HC,1,21100,88055,4314,125425.0,5.9443,1.4244,29.0739,20.45
2026-07-27,2026-08-16,Control,20-39,NONPAYER,3,Bomb's Ballet,3,Slingshot,count,2,21100,88055,36,38.0,0.0018,0.0004,1.0556,0.17
2026-07-27,2026-08-16,Control,20-39,NONPAYER,3,Bomb's Ballet,3,Shuffle,count,3,21100,88055,9,9.0,0.0004,0.0001,1.0,0.04
2026-07-27,2026-08-16,Control,20-39,NONPAYER,3,Bomb's Ballet,3,Comet,count,4,21100,88055,9,9.0,0.0004,0.0001,1.0,0.04
2026-07-27,2026-08-16,Control,20-39,NONPAYER,3,Bomb's Ballet,3,Red,count,5,21100,88055,2892,2962.0,0.1404,0.0336,1.0242,13.71
2026-07-27,2026-08-16,Control,20-39,NONPAYER,3,Bomb's Ballet,3,Chuck,count,6,21100,88055,5494,5636.0,0.2671,0.064,1.0258,26.04
2026-07-27,2026-08-16,Control,20-39,NONPAYER,3,Bomb's Ballet,3,Bomb,count,7,21100,88055,9,9.0,0.0004,0.0001,1.0,0.04
2026-07-27,2026-08-16,Control,20-39,NONPAYER,3,Bomb's Ballet,3,UL Bomb,minutes,8,21100,88055,3558,37010.0,1.754,0.4203,10.4019,16.86
2026-07-27,2026-08-16,Control,20-39,NONPAYER,3,Bomb's Ballet,3,UL Chuck,minutes,9,21100,88055,5170,55475.0,2.6291,0.63,10.7302,24.5
2026-07-27,2026-08-16,Control,20-39,NONPAYER,3,Bomb's Ballet,3,UL Red,minutes,10,21100,88055,5639,73475.0,3.4822,0.8344,13.0298,26.73
2026-07-27,2026-08-16,Control,20-39,NONPAYER,3,Bomb's Ballet,3,Unlimited Lives,minutes,11,21100,88055,5046,269490.0,12.772,3.0605,53.4067,23.91
2026-07-27,2026-08-16,Control,20-39,NONPAYER,3,Bomb's Ballet,3,SPT,count,12,21100,88055,0,0.0,0.0,0.0,0.0,0.0
2026-07-27,2026-08-16,Control,20-39,NONPAYER,3,Bomb's Ballet,3,SPTx2,minutes,13,21100,88055,0,0.0,0.0,0.0,0.0,0.0
2026-07-27,2026-08-16,Control,20-39,NONPAYER,3,Chuck Challenge,4,HC,HC,1,21100,88055,21,2350.0,0.1114,0.0267,111.9048,0.1
2026-07-27,2026-08-16,Control,20-39,NONPAYER,3,Chuck Challenge,4,Slingshot,count,2,21100,88055,25,26.0,0.0012,0.0003,1.04,0.12
2026-07-27,2026-08-16,Control,20-39,NONPAYER,3,Chuck Challenge,4,Shuffle,count,3,21100,88055,29,30.0,0.0014,0.0003,1.0345,0.14
2026-07-27,2026-08-16,Control,20-39,NONPAYER,3,Chuck Challenge,4,Comet,count,4,21100,88055,5,5.0,0.0002,0.0001,1.0,0.02
2026-07-27,2026-08-16,Control,20-39,NONPAYER,3,Chuck Challenge,4,Red,count,5,21100,88055,0,0.0,0.0,0.0,0.0,0.0
2026-07-27,2026-08-16,Control,20-39,NONPAYER,3,Chuck Challenge,4,Chuck,count,6,21100,88055,1,2.0,0.0001,0.0,2.0,0.0
2026-07-27,2026-08-16,Control,20-39,NONPAYER,3,Chuck Challenge,4,Bomb,count,7,21100,88055,0,0.0,0.0,0.0,0.0,0.0
2026-07-27,2026-08-16,Control,20-39,NONPAYER,3,Chuck Challenge,4,UL Bomb,minutes,8,21100,88055,0,0.0,0.0,0.0,0.0,0.0
2026-07-27,2026-08-16,Control,20-39,NONPAYER,3,Chuck Challenge,4,UL Chuck,minutes,9,21100,88055,0,0.0,0.0,0.0,0.0,0.0
2026-07-27,2026-08-16,Control,20-39,NONPAYER,3,Chuck Challenge,4,UL Red,minutes,10,21100,88055,0,0.0,0.0,0.0,0.0,0.0
2026-07-27,2026-08-16,Control,20-39,NONPAYER,3,Chuck Challenge,4,Unlimited Lives,minutes,11,21100,88055,0,0.0,0.0,0.0,0.0,0.0
2026-07-27,2026-08-16,Control,20-39,NONPAYER,3,Chuck Challenge,4,SPT,count,12,21100,88055,0,0.0,0.0,0.0,0.0,0.0
2026-07-27,2026-08-16,Control,20-39,NONPAYER,3,Chuck Challenge,4,SPTx2,minutes,13,21100,88055,0,0.0,0.0,0.0,0.0,0.0
2026-07-27,2026-08-16,Control,20-39,NONPAYER,3,Core,5,HC,HC,1,21100,88055,16077,1730680.0,82.0227,19.6545,107.6494,76.19
2026-07-27,2026-08-16,Control,20-39,NONPAYER,3,Core,5,Slingshot,count,2,21100,88055,8720,12160.0,0.5763,0.1381,1.3945,41.33
2026-07-27,2026-08-16,Control,20-39,NONPAYER,3,Core,5,Shuffle,count,3,21100,88055,11507,19055.0,0.9031,0.2164,1.6559,54.54
2026-07-27,2026-08-16,Control,20-39,NONPAYER,3,Core,5,Comet,count,4,21100,88055,6664,7896.0,0.3742,0.0897,1.1849,31.58
2026-07-27,2026-08-16,Control,20-39,NONPAYER,3,Core,5,Red,count,5,21100,88055,5906,6957.0,0.3297,0.079,1.178,27.99
2026-07-27,2026-08-16,Control,20-39,NONPAYER,3,Core,5,Chuck,count,6,21100,88055,4941,6273.0,0.2973,0.0712,1.2696,23.42
2026-07-27,2026-08-16,Control,20-39,NONPAYER,3,Core,5,Bomb,count,7,21100,88055,5999,6448.0,0.3056,0.0732,1.0748,28.43
2026-07-27,2026-08-16,Control,20-39,NONPAYER,3,Core,5,UL Bomb,minutes,8,21100,88055,0,0.0,0.0,0.0,0.0,0.0
2026-07-27,2026-08-16,Control,20-39,NONPAYER,3,Core,5,UL Chuck,minutes,9,21100,88055,0,0.0,0.0,0.0,0.0,0.0
2026-07-27,2026-08-16,Control,20-39,NONPAYER,3,Core,5,UL Red,minutes,10,21100,88055,0,0.0,0.0,0.0,0.0,0.0
2026-07-27,2026-08-16,Control,20-39,NONPAYER,3,Core,5,Unlimited Lives,minutes,11,21100,88055,12604,1074360.0,50.9175,12.201,85.2396,59.73
2026-07-27,2026-08-16,Control,20-39,NONPAYER,3,Core,5,SPT,count,12,21100,88055,18935,23478597.0,1112.7297,266.6356,1239.9576,89.74
2026-07-27,2026-08-16,Control,20-39,NONPAYER,3,Core,5,SPTx2,minutes,13,21100,88055,0,0.0,0.0,0.0,0.0,0.0
2026-07-27,2026-08-16,Control,20-39,NONPAYER,3,Daily Gift,6,HC,HC,1,21100,88055,17197,1611325.0,76.3661,18.2991,93.698,81.5
2026-07-27,2026-08-16,Control,20-39,NONPAYER,3,Daily Gift,6,Slingshot,count,2,21100,88055,9503,15734.0,0.7457,0.1787,1.6557,45.04
2026-07-27,2026-08-16,Control,20-39,NONPAYER,3,Daily Gift,6,Shuffle,count,3,21100,88055,7445,10477.0,0.4965,0.119,1.4073,35.28
2026-07-27,2026-08-16,Control,20-39,NONPAYER,3,Daily Gift,6,Comet,count,4,21100,88055,1406,1435.0,0.068,0.0163,1.0206,6.66
2026-07-27,2026-08-16,Control,20-39,NONPAYER,3,Daily Gift,6,Red,count,5,21100,88055,0,0.0,0.0,0.0,0.0,0.0
2026-07-27,2026-08-16,Control,20-39,NONPAYER,3,Daily Gift,6,Chuck,count,6,21100,88055,0,0.0,0.0,0.0,0.0,0.0
2026-07-27,2026-08-16,Control,20-39,NONPAYER,3,Daily Gift,6,Bomb,count,7,21100,88055,0,0.0,0.0,0.0,0.0,0.0
2026-07-27,2026-08-16,Control,20-39,NONPAYER,3,Daily Gift,6,UL Bomb,minutes,8,21100,88055,1704,53055.0,2.5145,0.6025,31.1356,8.08
2026-07-27,2026-08-16,Control,20-39,NONPAYER,3,Daily Gift,6,UL Chuck,minutes,9,21100,88055,1822,110475.0,5.2358,1.2546,60.6339,8.64
2026-07-27,2026-08-16,Control,20-39,NONPAYER,3,Daily Gift,6,UL Red,minutes,10,21100,88055,1852,111855.0,5.3012,1.2703,60.3969,8.78
2026-07-27,2026-08-16,Control,20-39,NONPAYER,3,Daily Gift,6,Unlimited Lives,minutes,11,21100,88055,14987,1485420.0,70.3991,16.8692,99.1139,71.03
2026-07-27,2026-08-16,Control,20-39,NONPAYER,3,Daily Gift,6,SPT,count,12,21100,88055,0,0.0,0.0,0.0,0.0,0.0
2026-07-27,2026-08-16,Control,20-39,NONPAYER,3,Daily Gift,6,SPTx2,minutes,13,21100,88055,16,330.0,0.0156,0.0037,20.625,0.08
2026-07-27,2026-08-16,Control,20-39,NONPAYER,3,Daily Night Sky Prize,7,HC,HC,1,21100,88055,11409,1698125.0,80.4799,19.2848,148.8408,54.07
2026-07-27,2026-08-16,Control,20-39,NONPAYER,3,Daily Night Sky Prize,7,Slingshot,count,2,21100,88055,6079,9098.0,0.4312,0.1033,1.4966,28.81
2026-07-27,2026-08-16,Control,20-39,NONPAYER,3,Daily Night Sky Prize,7,Shuffle,count,3,21100,88055,1,7.0,0.0003,0.0001,7.0,0.0
2026-07-27,2026-08-16,Control,20-39,NONPAYER,3,Daily Night Sky Prize,7,Comet,count,4,21100,88055,94,126.0,0.006,0.0014,1.3404,0.45
2026-07-27,2026-08-16,Control,20-39,NONPAYER,3,Daily Night Sky Prize,7,Red,count,5,21100,88055,8956,17335.0,0.8216,0.1969,1.9356,42.45
2026-07-27,2026-08-16,Control,20-39,NONPAYER,3,Daily Night Sky Prize,7,Chuck,count,6,21100,88055,5991,8979.0,0.4255,0.102,1.4987,28.39
2026-07-27,2026-08-16,Control,20-39,NONPAYER,3,Daily Night Sky Prize,7,Bomb,count,7,21100,88055,0,0.0,0.0,0.0,0.0,0.0
2026-07-27,2026-08-16,Control,20-39,NONPAYER,3,Daily Night Sky Prize,7,UL Bomb,minutes,8,21100,88055,0,0.0,0.0,0.0,0.0,0.0
2026-07-27,2026-08-16,Control,20-39,NONPAYER,3,Daily Night Sky Prize,7,UL Chuck,minutes,9,21100,88055,1,10.0,0.0005,0.0001,10.0,0.0
2026-07-27,2026-08-16,Control,20-39,NONPAYER,3,Daily Night Sky Prize,7,UL Red,minutes,10,21100,88055,0,0.0,0.0,0.0,0.0,0.0
2026-07-27,2026-08-16,Control,20-39,NONPAYER,3,Daily Night Sky Prize,7,Unlimited Lives,minutes,11,21100,88055,11432,637860.0,30.2303,7.2439,55.796,54.18
2026-07-27,2026-08-16,Control,20-39,NONPAYER,3,Daily Night Sky Prize,7,SPT,count,12,21100,88055,0,0.0,0.0,0.0,0.0,0.0
2026-07-27,2026-08-16,Control,20-39,NONPAYER,3,Daily Night Sky Prize,7,SPTx2,minutes,13,21100,88055,0,0.0,0.0,0.0,0.0,0.0
2026-07-27,2026-08-16,Control,20-39,NONPAYER,3,Flock Flurry,8,HC,HC,1,21100,88055,0,0.0,0.0,0.0,0.0,0.0
2026-07-27,2026-08-16,Control,20-39,NONPAYER,3,Flock Flurry,8,Slingshot,count,2,21100,88055,6463,10367.0,0.4913,0.1177,1.6041,30.63
2026-07-27,2026-08-16,Control,20-39,NONPAYER,3,Flock Flurry,8,Shuffle,count,3,21100,88055,0,0.0,0.0,0.0,0.0,0.0
2026-07-27,2026-08-16,Control,20-39,NONPAYER,3,Flock Flurry,8,Comet,count,4,21100,88055,0,0.0,0.0,0.0,0.0,0.0
2026-07-27,2026-08-16,Control,20-39,NONPAYER,3,Flock Flurry,8,Red,count,5,21100,88055,6463,10367.0,0.4913,0.1177,1.6041,30.63
2026-07-27,2026-08-16,Control,20-39,NONPAYER,3,Flock Flurry,8,Chuck,count,6,21100,88055,6463,10367.0,0.4913,0.1177,1.6041,30.63
2026-07-27,2026-08-16,Control,20-39,NONPAYER,3,Flock Flurry,8,Bomb,count,7,21100,88055,6463,10367.0,0.4913,0.1177,1.6041,30.63
2026-07-27,2026-08-16,Control,20-39,NONPAYER,3,Flock Flurry,8,UL Bomb,minutes,8,21100,88055,0,0.0,0.0,0.0,0.0,0.0
2026-07-27,2026-08-16,Control,20-39,NONPAYER,3,Flock Flurry,8,UL Chuck,minutes,9,21100,88055,0,0.0,0.0,0.0,0.0,0.0
2026-07-27,2026-08-16,Control,20-39,NONPAYER,3,Flock Flurry,8,UL Red,minutes,10,21100,88055,0,0.0,0.0,0.0,0.0,0.0
2026-07-27,2026-08-16,Control,20-39,NONPAYER,3,Flock Flurry,8,Unlimited Lives,minutes,11,21100,88055,14096,2200700.0,104.2986,24.9923,156.1223,66.81
2026-07-27,2026-08-16,Control,20-39,NONPAYER,3,Flock Flurry,8,SPT,count,12,21100,88055,6088,192080.0,9.1033,2.1814,31.5506,28.85
2026-07-27,2026-08-16,Control,20-39,NONPAYER,3,Flock Flurry,8,SPTx2,minutes,13,21100,88055,0,0.0,0.0,0.0,0.0,0.0
2026-07-27,2026-08-16,Control,20-39,NONPAYER,3,Hatchling Hideaway,9,HC,HC,1,21100,88055,9610,299870.0,14.2118,3.4055,31.204,45.55
2026-07-27,2026-08-16,Control,20-39,NONPAYER,3,Hatchling Hideaway,9,Slingshot,count,2,21100,88055,4738,5842.0,0.2769,0.0663,1.233,22.45
2026-07-27,2026-08-16,Control,20-39,NONPAYER,3,Hatchling Hideaway,9,Shuffle,count,3,21100,88055,7071,9386.0,0.4448,0.1066,1.3274,33.51
2026-07-27,2026-08-16,Control,20-39,NONPAYER,3,Hatchling Hideaway,9,Comet,count,4,21100,88055,2006,2301.0,0.1091,0.0261,1.1471,9.51
2026-07-27,2026-08-16,Control,20-39,NONPAYER,3,Hatchling Hideaway,9,Red,count,5,21100,88055,10591,14635.0,0.6936,0.1662,1.3818,50.19
2026-07-27,2026-08-16,Control,20-39,NONPAYER,3,Hatchling Hideaway,9,Chuck,count,6,21100,88055,8815,12020.0,0.5697,0.1365,1.3636,41.78
2026-07-27,2026-08-16,Control,20-39,NONPAYER,3,Hatchling Hideaway,9,Bomb,count,7,21100,88055,7071,9386.0,0.4448,0.1066,1.3274,33.51
2026-07-27,2026-08-16,Control,20-39,NONPAYER,3,Hatchling Hideaway,9,UL Bomb,minutes,8,21100,88055,0,0.0,0.0,0.0,0.0,0.0
2026-07-27,2026-08-16,Control,20-39,NONPAYER,3,Hatchling Hideaway,9,UL Chuck,minutes,9,21100,88055,2006,22770.0,1.0791,0.2586,11.3509,9.51
2026-07-27,2026-08-16,Control,20-39,NONPAYER,3,Hatchling Hideaway,9,UL Red,minutes,10,21100,88055,4738,58000.0,2.7488,0.6587,12.2415,22.45
2026-07-27,2026-08-16,Control,20-39,NONPAYER,3,Hatchling Hideaway,9,Unlimited Lives,minutes,11,21100,88055,11442,1159680.0,54.9611,13.17,101.3529,54.23
2026-07-27,2026-08-16,Control,20-39,NONPAYER,3,Hatchling Hideaway,9,SPT,count,12,21100,88055,0,0.0,0.0,0.0,0.0,0.0
2026-07-27,2026-08-16,Control,20-39,NONPAYER,3,Hatchling Hideaway,9,SPTx2,minutes,13,21100,88055,0,0.0,0.0,0.0,0.0,0.0
2026-07-27,2026-08-16,Control,20-39,NONPAYER,3,Jigsaw,10,HC,HC,1,21100,88055,4784,159325.0,7.5509,1.8094,33.3037,22.67
2026-07-27,2026-08-16,Control,20-39,NONPAYER,3,Jigsaw,10,Slingshot,count,2,21100,88055,148,165.0,0.0078,0.0019,1.1149,0.7
2026-07-27,2026-08-16,Control,20-39,NONPAYER,3,Jigsaw,10,Shuffle,count,3,21100,88055,0,0.0,0.0,0.0,0.0,0.0
2026-07-27,2026-08-16,Control,20-39,NONPAYER,3,Jigsaw,10,Comet,count,4,21100,88055,37,37.0,0.0018,0.0004,1.0,0.18
2026-07-27,2026-08-16,Control,20-39,NONPAYER,3,Jigsaw,10,Red,count,5,21100,88055,3860,4316.0,0.2045,0.049,1.1181,18.29
2026-07-27,2026-08-16,Control,20-39,NONPAYER,3,Jigsaw,10,Chuck,count,6,21100,88055,5814,6352.0,0.301,0.0721,1.0925,27.55
2026-07-27,2026-08-16,Control,20-39,NONPAYER,3,Jigsaw,10,Bomb,count,7,21100,88055,37,37.0,0.0018,0.0004,1.0,0.18
2026-07-27,2026-08-16,Control,20-39,NONPAYER,3,Jigsaw,10,UL Bomb,minutes,8,21100,88055,3864,42825.0,2.0296,0.4863,11.0831,18.31
2026-07-27,2026-08-16,Control,20-39,NONPAYER,3,Jigsaw,10,UL Chuck,minutes,9,21100,88055,5587,65790.0,3.118,0.7471,11.7756,26.48
2026-07-27,2026-08-16,Control,20-39,NONPAYER,3,Jigsaw,10,UL Red,minutes,10,21100,88055,6164,91850.0,4.3531,1.0431,14.901,29.21
2026-07-27,2026-08-16,Control,20-39,NONPAYER,3,Jigsaw,10,Unlimited Lives,minutes,11,21100,88055,5579,371700.0,17.6161,4.2212,66.6248,26.44
2026-07-27,2026-08-16,Control,20-39,NONPAYER,3,Jigsaw,10,SPT,count,12,21100,88055,0,0.0,0.0,0.0,0.0,0.0
2026-07-27,2026-08-16,Control,20-39,NONPAYER,3,Jigsaw,10,SPTx2,minutes,13,21100,88055,0,0.0,0.0,0.0,0.0,0.0
2026-07-27,2026-08-16,Control,20-39,NONPAYER,3,Kite Festival,11,HC,HC,1,21100,88055,796,133475.0,6.3258,1.5158,167.6822,3.77
2026-07-27,2026-08-16,Control,20-39,NONPAYER,3,Kite Festival,11,Slingshot,count,2,21100,88055,1181,1268.0,0.0601,0.0144,1.0737,5.6
2026-07-27,2026-08-16,Control,20-39,NONPAYER,3,Kite Festival,11,Shuffle,count,3,21100,88055,800,862.0,0.0409,0.0098,1.0775,3.79
2026-07-27,2026-08-16,Control,20-39,NONPAYER,3,Kite Festival,11,Comet,count,4,21100,88055,87,88.0,0.0042,0.001,1.0115,0.41
2026-07-27,2026-08-16,Control,20-39,NONPAYER,3,Kite Festival,11,Red,count,5,21100,88055,404,418.0,0.0198,0.0047,1.0347,1.91
2026-07-27,2026-08-16,Control,20-39,NONPAYER,3,Kite Festival,11,Chuck,count,6,21100,88055,396,413.0,0.0196,0.0047,1.0429,1.88
2026-07-27,2026-08-16,Control,20-39,NONPAYER,3,Kite Festival,11,Bomb,count,7,21100,88055,481,505.0,0.0239,0.0057,1.0499,2.28
2026-07-27,2026-08-16,Control,20-39,NONPAYER,3,Kite Festival,11,UL Bomb,minutes,8,21100,88055,0,0.0,0.0,0.0,0.0,0.0
2026-07-27,2026-08-16,Control,20-39,NONPAYER,3,Kite Festival,11,UL Chuck,minutes,9,21100,88055,0,0.0,0.0,0.0,0.0,0.0
2026-07-27,2026-08-16,Control,20-39,NONPAYER,3,Kite Festival,11,UL Red,minutes,10,21100,88055,0,0.0,0.0,0.0,0.0,0.0
2026-07-27,2026-08-16,Control,20-39,NONPAYER,3,Kite Festival,11,Unlimited Lives,minutes,11,21100,88055,5283,230030.0,10.9019,2.6123,43.5415,25.04
2026-07-27,2026-08-16,Control,20-39,NONPAYER,3,Kite Festival,11,SPT,count,12,21100,88055,3839,516380.0,24.473,5.8643,134.509,18.19
2026-07-27,2026-08-16,Control,20-39,NONPAYER,3,Kite Festival,11,SPTx2,minutes,13,21100,88055,0,0.0,0.0,0.0,0.0,0.0
2026-07-27,2026-08-16,Control,20-39,NONPAYER,3,Level Race,12,HC,HC,1,21100,88055,0,0.0,0.0,0.0,0.0,0.0
2026-07-27,2026-08-16,Control,20-39,NONPAYER,3,Level Race,12,Slingshot,count,2,21100,88055,0,0.0,0.0,0.0,0.0,0.0
2026-07-27,2026-08-16,Control,20-39,NONPAYER,3,Level Race,12,Shuffle,count,3,21100,88055,0,0.0,0.0,0.0,0.0,0.0
2026-07-27,2026-08-16,Control,20-39,NONPAYER,3,Level Race,12,Comet,count,4,21100,88055,0,0.0,0.0,0.0,0.0,0.0
2026-07-27,2026-08-16,Control,20-39,NONPAYER,3,Level Race,12,Red,count,5,21100,88055,0,0.0,0.0,0.0,0.0,0.0
2026-07-27,2026-08-16,Control,20-39,NONPAYER,3,Level Race,12,Chuck,count,6,21100,88055,0,0.0,0.0,0.0,0.0,0.0
2026-07-27,2026-08-16,Control,20-39,NONPAYER,3,Level Race,12,Bomb,count,7,21100,88055,0,0.0,0.0,0.0,0.0,0.0
2026-07-27,2026-08-16,Control,20-39,NONPAYER,3,Level Race,12,UL Bomb,minutes,8,21100,88055,0,0.0,0.0,0.0,0.0,0.0
2026-07-27,2026-08-16,Control,20-39,NONPAYER,3,Level Race,12,UL Chuck,minutes,9,21100,88055,0,0.0,0.0,0.0,0.0,0.0
2026-07-27,2026-08-16,Control,20-39,NONPAYER,3,Level Race,12,UL Red,minutes,10,21100,88055,0,0.0,0.0,0.0,0.0,0.0
2026-07-27,2026-08-16,Control,20-39,NONPAYER,3,Level Race,12,Unlimited Lives,minutes,11,21100,88055,0,0.0,0.0,0.0,0.0,0.0
2026-07-27,2026-08-16,Control,20-39,NONPAYER,3,Level Race,12,SPT,count,12,21100,88055,0,0.0,0.0,0.0,0.0,0.0
2026-07-27,2026-08-16,Control,20-39,NONPAYER,3,Level Race,12,SPTx2,minutes,13,21100,88055,0,0.0,0.0,0.0,0.0,0.0
2026-07-27,2026-08-16,Control,20-39,NONPAYER,3,Other,13,HC,HC,1,21100,88055,7021,771750.0,36.5758,8.7644,109.9202,33.27
2026-07-27,2026-08-16,Control,20-39,NONPAYER,3,Other,13,Slingshot,count,2,21100,88055,4897,6293.0,0.2982,0.0715,1.2851,23.21
2026-07-27,2026-08-16,Control,20-39,NONPAYER,3,Other,13,Shuffle,count,3,21100,88055,5766,8087.0,0.3833,0.0918,1.4025,27.33
2026-07-27,2026-08-16,Control,20-39,NONPAYER,3,Other,13,Comet,count,4,21100,88055,2693,3085.0,0.1462,0.035,1.1456,12.76
2026-07-27,2026-08-16,Control,20-39,NONPAYER,3,Other,13,Red,count,5,21100,88055,10831,15548.0,0.7369,0.1766,1.4355,51.33
2026-07-27,2026-08-16,Control,20-39,NONPAYER,3,Other,13,Chuck,count,6,21100,88055,10728,15373.0,0.7286,0.1746,1.433,50.84
2026-07-27,2026-08-16,Control,20-39,NONPAYER,3,Other,13,Bomb,count,7,21100,88055,10647,15183.0,0.7196,0.1724,1.426,50.46
2026-07-27,2026-08-16,Control,20-39,NONPAYER,3,Other,13,UL Bomb,minutes,8,21100,88055,57,1725.0,0.0818,0.0196,30.2632,0.27
2026-07-27,2026-08-16,Control,20-39,NONPAYER,3,Other,13,UL Chuck,minutes,9,21100,88055,65,1840.0,0.0872,0.0209,28.3077,0.31
2026-07-27,2026-08-16,Control,20-39,NONPAYER,3,Other,13,UL Red,minutes,10,21100,88055,85,2155.0,0.1021,0.0245,25.3529,0.4
2026-07-27,2026-08-16,Control,20-39,NONPAYER,3,Other,13,Unlimited Lives,minutes,11,21100,88055,3055,112970.0,5.354,1.2829,36.9787,14.48
2026-07-27,2026-08-16,Control,20-39,NONPAYER,3,Other,13,SPT,count,12,21100,88055,9186,485026.0,22.987,5.5082,52.8006,43.54
2026-07-27,2026-08-16,Control,20-39,NONPAYER,3,Other,13,SPTx2,minutes,13,21100,88055,0,0.0,0.0,0.0,0.0,0.0
2026-07-27,2026-08-16,Control,20-39,NONPAYER,3,Photoshoot,14,HC,HC,1,21100,88055,3243,100525.0,4.7642,1.1416,30.9975,15.37
2026-07-27,2026-08-16,Control,20-39,NONPAYER,3,Photoshoot,14,Slingshot,count,2,21100,88055,0,0.0,0.0,0.0,0.0,0.0
2026-07-27,2026-08-16,Control,20-39,NONPAYER,3,Photoshoot,14,Shuffle,count,3,21100,88055,131,137.0,0.0065,0.0016,1.0458,0.62
2026-07-27,2026-08-16,Control,20-39,NONPAYER,3,Photoshoot,14,Comet,count,4,21100,88055,0,0.0,0.0,0.0,0.0,0.0
2026-07-27,2026-08-16,Control,20-39,NONPAYER,3,Photoshoot,14,Red,count,5,21100,88055,1876,1920.0,0.091,0.0218,1.0235,8.89
2026-07-27,2026-08-16,Control,20-39,NONPAYER,3,Photoshoot,14,Chuck,count,6,21100,88055,4091,4155.0,0.1969,0.0472,1.0156,19.39
2026-07-27,2026-08-16,Control,20-39,NONPAYER,3,Photoshoot,14,Bomb,count,7,21100,88055,31,32.0,0.0015,0.0004,1.0323,0.15
2026-07-27,2026-08-16,Control,20-39,NONPAYER,3,Photoshoot,14,UL Bomb,minutes,8,21100,88055,351,5295.0,0.2509,0.0601,15.0855,1.66
2026-07-27,2026-08-16,Control,20-39,NONPAYER,3,Photoshoot,14,UL Chuck,minutes,9,21100,88055,1292,19665.0,0.932,0.2233,15.2206,6.12
2026-07-27,2026-08-16,Control,20-39,NONPAYER,3,Photoshoot,14,UL Red,minutes,10,21100,88055,2455,37350.0,1.7701,0.4242,15.2138,11.64
2026-07-27,2026-08-16,Control,20-39,NONPAYER,3,Photoshoot,14,Unlimited Lives,minutes,11,21100,88055,4186,250710.0,11.882,2.8472,59.8925,19.84
2026-07-27,2026-08-16,Control,20-39,NONPAYER,3,Photoshoot,14,SPT,count,12,21100,88055,0,0.0,0.0,0.0,0.0,0.0
2026-07-27,2026-08-16,Control,20-39,NONPAYER,3,Photoshoot,14,SPTx2,minutes,13,21100,88055,0,0.0,0.0,0.0,0.0,0.0
2026-07-27,2026-08-16,Control,20-39,NONPAYER,3,Red Challenge,15,HC,HC,1,21100,88055,3238,403025.0,19.1007,4.577,124.4673,15.35
2026-07-27,2026-08-16,Control,20-39,NONPAYER,3,Red Challenge,15,Slingshot,count,2,21100,88055,3547,4059.0,0.1924,0.0461,1.1443,16.81
2026-07-27,2026-08-16,Control,20-39,NONPAYER,3,Red Challenge,15,Shuffle,count,3,21100,88055,4460,5373.0,0.2546,0.061,1.2047,21.14
2026-07-27,2026-08-16,Control,20-39,NONPAYER,3,Red Challenge,15,Comet,count,4,21100,88055,913,997.0,0.0473,0.0113,1.092,4.33
2026-07-27,2026-08-16,Control,20-39,NONPAYER,3,Red Challenge,15,Red,count,5,21100,88055,1,2.0,0.0001,0.0,2.0,0.0
2026-07-27,2026-08-16,Control,20-39,NONPAYER,3,Red Challenge,15,Chuck,count,6,21100,88055,0,0.0,0.0,0.0,0.0,0.0
2026-07-27,2026-08-16,Control,20-39,NONPAYER,3,Red Challenge,15,Bomb,count,7,21100,88055,0,0.0,0.0,0.0,0.0,0.0
2026-07-27,2026-08-16,Control,20-39,NONPAYER,3,Red Challenge,15,UL Bomb,minutes,8,21100,88055,0,0.0,0.0,0.0,0.0,0.0
2026-07-27,2026-08-16,Control,20-39,NONPAYER,3,Red Challenge,15,UL Chuck,minutes,9,21100,88055,0,0.0,0.0,0.0,0.0,0.0
2026-07-27,2026-08-16,Control,20-39,NONPAYER,3,Red Challenge,15,UL Red,minutes,10,21100,88055,0,0.0,0.0,0.0,0.0,0.0
2026-07-27,2026-08-16,Control,20-39,NONPAYER,3,Red Challenge,15,Unlimited Lives,minutes,11,21100,88055,0,0.0,0.0,0.0,0.0,0.0
2026-07-27,2026-08-16,Control,20-39,NONPAYER,3,Red Challenge,15,SPT,count,12,21100,88055,0,0.0,0.0,0.0,0.0,0.0
2026-07-27,2026-08-16,Control,20-39,NONPAYER,3,Red Challenge,15,SPTx2,minutes,13,21100,88055,0,0.0,0.0,0.0,0.0,0.0
2026-07-27,2026-08-16,Control,20-39,NONPAYER,3,River Rush,16,HC,HC,1,21100,88055,4582,338450.0,16.0403,3.8436,73.8651,21.72
2026-07-27,2026-08-16,Control,20-39,NONPAYER,3,River Rush,16,Slingshot,count,2,21100,88055,1363,2094.0,0.0992,0.0238,1.5363,6.46
2026-07-27,2026-08-16,Control,20-39,NONPAYER,3,River Rush,16,Shuffle,count,3,21100,88055,3726,6032.0,0.2859,0.0685,1.6189,17.66
2026-07-27,2026-08-16,Control,20-39,NONPAYER,3,River Rush,16,Comet,count,4,21100,88055,3777,5311.0,0.2517,0.0603,1.4061,17.9
2026-07-27,2026-08-16,Control,20-39,NONPAYER,3,River Rush,16,Red,count,5,21100,88055,2524,3519.0,0.1668,0.04,1.3942,11.96
2026-07-27,2026-08-16,Control,20-39,NONPAYER,3,River Rush,16,Chuck,count,6,21100,88055,1778,2333.0,0.1106,0.0265,1.3121,8.43
2026-07-27,2026-08-16,Control,20-39,NONPAYER,3,River Rush,16,Bomb,count,7,21100,88055,1731,2208.0,0.1046,0.0251,1.2756,8.2
2026-07-27,2026-08-16,Control,20-39,NONPAYER,3,River Rush,16,UL Bomb,minutes,8,21100,88055,2244,48730.0,2.3095,0.5534,21.7157,10.64
2026-07-27,2026-08-16,Control,20-39,NONPAYER,3,River Rush,16,UL Chuck,minutes,9,21100,88055,3035,51860.0,2.4578,0.589,17.0873,14.38
2026-07-27,2026-08-16,Control,20-39,NONPAYER,3,River Rush,16,UL Red,minutes,10,21100,88055,2301,49525.0,2.3472,0.5624,21.5233,10.91
2026-07-27,2026-08-16,Control,20-39,NONPAYER,3,River Rush,16,Unlimited Lives,minutes,11,21100,88055,1422,38335.0,1.8168,0.4354,26.9585,6.74
2026-07-27,2026-08-16,Control,20-39,NONPAYER,3,River Rush,16,SPT,count,12,21100,88055,1663,63600.0,3.0142,0.7223,38.2441,7.88
2026-07-27,2026-08-16,Control,20-39,NONPAYER,3,River Rush,16,SPTx2,minutes,13,21100,88055,1946,30145.0,1.4287,0.3423,15.4908,9.22
2026-07-27,2026-08-16,Control,20-39,NONPAYER,3,Saga,17,HC,HC,1,21100,88055,20335,3229215.0,153.0434,36.6727,158.8008,96.37
2026-07-27,2026-08-16,Control,20-39,NONPAYER,3,Saga,17,Slingshot,count,2,21100,88055,13666,33444.0,1.585,0.3798,2.4472,64.77
2026-07-27,2026-08-16,Control,20-39,NONPAYER,3,Saga,17,Shuffle,count,3,21100,88055,15645,46251.0,2.192,0.5253,2.9563,74.15
2026-07-27,2026-08-16,Control,20-39,NONPAYER,3,Saga,17,Comet,count,4,21100,88055,15089,36831.0,1.7455,0.4183,2.4409,71.51
2026-07-27,2026-08-16,Control,20-39,NONPAYER,3,Saga,17,Red,count,5,21100,88055,17301,81838.0,3.8786,0.9294,4.7302,82.0
2026-07-27,2026-08-16,Control,20-39,NONPAYER,3,Saga,17,Chuck,count,6,21100,88055,17932,81848.0,3.8791,0.9295,4.5644,84.99
2026-07-27,2026-08-16,Control,20-39,NONPAYER,3,Saga,17,Bomb,count,7,21100,88055,15360,49538.0,2.3478,0.5626,3.2251,72.8
2026-07-27,2026-08-16,Control,20-39,NONPAYER,3,Saga,17,UL Bomb,minutes,8,21100,88055,0,0.0,0.0,0.0,0.0,0.0
2026-07-27,2026-08-16,Control,20-39,NONPAYER,3,Saga,17,UL Chuck,minutes,9,21100,88055,0,0.0,0.0,0.0,0.0,0.0
2026-07-27,2026-08-16,Control,20-39,NONPAYER,3,Saga,17,UL Red,minutes,10,21100,88055,1,30.0,0.0014,0.0003,30.0,0.0
2026-07-27,2026-08-16,Control,20-39,NONPAYER,3,Saga,17,Unlimited Lives,minutes,11,21100,88055,20111,4997575.0,236.8519,56.7552,248.4996,95.31
2026-07-27,2026-08-16,Control,20-39,NONPAYER,3,Saga,17,SPT,count,12,21100,88055,0,0.0,0.0,0.0,0.0,0.0
2026-07-27,2026-08-16,Control,20-39,NONPAYER,3,Saga,17,SPTx2,minutes,13,21100,88055,0,0.0,0.0,0.0,0.0,0.0
2026-07-27,2026-08-16,Control,20-39,NONPAYER,3,Season Pass (Free),18,HC,HC,1,21100,88055,10826,466210.0,22.0953,5.2945,43.0639,51.31
2026-07-27,2026-08-16,Control,20-39,NONPAYER,3,Season Pass (Free),18,Slingshot,count,2,21100,88055,3832,4117.0,0.1951,0.0468,1.0744,18.16
2026-07-27,2026-08-16,Control,20-39,NONPAYER,3,Season Pass (Free),18,Shuffle,count,3,21100,88055,5751,6756.0,0.3202,0.0767,1.1748,27.26
2026-07-27,2026-08-16,Control,20-39,NONPAYER,3,Season Pass (Free),18,Comet,count,4,21100,88055,0,0.0,0.0,0.0,0.0,0.0
2026-07-27,2026-08-16,Control,20-39,NONPAYER,3,Season Pass (Free),18,Red,count,5,21100,88055,6430,13141.0,0.6228,0.1492,2.0437,30.47
2026-07-27,2026-08-16,Control,20-39,NONPAYER,3,Season Pass (Free),18,Chuck,count,6,21100,88055,9033,19739.0,0.9355,0.2242,2.1852,42.81
2026-07-27,2026-08-16,Control,20-39,NONPAYER,3,Season Pass (Free),18,Bomb,count,7,21100,88055,5954,7847.0,0.3719,0.0891,1.3179,28.22
2026-07-27,2026-08-16,Control,20-39,NONPAYER,3,Season Pass (Free),18,UL Bomb,minutes,8,21100,88055,14,250.0,0.0118,0.0028,17.8571,0.07
2026-07-27,2026-08-16,Control,20-39,NONPAYER,3,Season Pass (Free),18,UL Chuck,minutes,9,21100,88055,2994,50130.0,2.3758,0.5693,16.7435,14.19
2026-07-27,2026-08-16,Control,20-39,NONPAYER,3,Season Pass (Free),18,UL Red,minutes,10,21100,88055,7685,125505.0,5.9481,1.4253,16.3312,36.42
2026-07-27,2026-08-16,Control,20-39,NONPAYER,3,Season Pass (Free),18,Unlimited Lives,minutes,11,21100,88055,8798,562995.0,26.6822,6.3937,63.9912,41.7
2026-07-27,2026-08-16,Control,20-39,NONPAYER,3,Season Pass (Free),18,SPT,count,12,21100,88055,171,11826.0,0.5605,0.1343,69.1579,0.81
2026-07-27,2026-08-16,Control,20-39,NONPAYER,3,Season Pass (Free),18,SPTx2,minutes,13,21100,88055,0,0.0,0.0,0.0,0.0,0.0
2026-07-27,2026-08-16,Control,20-39,NONPAYER,3,Target Day,19,HC,HC,1,21100,88055,3418,425800.0,20.1801,4.8356,124.5758,16.2
2026-07-27,2026-08-16,Control,20-39,NONPAYER,3,Target Day,19,Slingshot,count,2,21100,88055,3172,3595.0,0.1704,0.0408,1.1334,15.03
2026-07-27,2026-08-16,Control,20-39,NONPAYER,3,Target Day,19,Shuffle,count,3,21100,88055,4530,5394.0,0.2556,0.0613,1.1907,21.47
2026-07-27,2026-08-16,Control,20-39,NONPAYER,3,Target Day,19,Comet,count,4,21100,88055,992,1059.0,0.0502,0.012,1.0675,4.7
2026-07-27,2026-08-16,Control,20-39,NONPAYER,3,Target Day,19,Red,count,5,21100,88055,6,7.0,0.0003,0.0001,1.1667,0.03
2026-07-27,2026-08-16,Control,20-39,NONPAYER,3,Target Day,19,Chuck,count,6,21100,88055,3,3.0,0.0001,0.0,1.0,0.01
2026-07-27,2026-08-16,Control,20-39,NONPAYER,3,Target Day,19,Bomb,count,7,21100,88055,2,3.0,0.0001,0.0,1.5,0.01
2026-07-27,2026-08-16,Control,20-39,NONPAYER,3,Target Day,19,UL Bomb,minutes,8,21100,88055,0,0.0,0.0,0.0,0.0,0.0
2026-07-27,2026-08-16,Control,20-39,NONPAYER,3,Target Day,19,UL Chuck,minutes,9,21100,88055,0,0.0,0.0,0.0,0.0,0.0
2026-07-27,2026-08-16,Control,20-39,NONPAYER,3,Target Day,19,UL Red,minutes,10,21100,88055,0,0.0,0.0,0.0,0.0,0.0
2026-07-27,2026-08-16,Control,20-39,NONPAYER,3,Target Day,19,Unlimited Lives,minutes,11,21100,88055,5722,218910.0,10.3749,2.4861,38.2576,27.12
2026-07-27,2026-08-16,Control,20-39,NONPAYER,3,Target Day,19,SPT,count,12,21100,88055,2,20.0,0.0009,0.0002,10.0,0.01
2026-07-27,2026-08-16,Control,20-39,NONPAYER,3,Target Day,19,SPTx2,minutes,13,21100,88055,0,0.0,0.0,0.0,0.0,0.0
2026-07-27,2026-08-16,Control,20-39,NONPAYER,3,Team Event,20,HC,HC,1,21100,88055,5889,710310.0,33.664,8.0667,120.6164,27.91
2026-07-27,2026-08-16,Control,20-39,NONPAYER,3,Team Event,20,Slingshot,count,2,21100,88055,4653,8676.0,0.4112,0.0985,1.8646,22.05
2026-07-27,2026-08-16,Control,20-39,NONPAYER,3,Team Event,20,Shuffle,count,3,21100,88055,1611,4059.0,0.1924,0.0461,2.5196,7.64
2026-07-27,2026-08-16,Control,20-39,NONPAYER,3,Team Event,20,Comet,count,4,21100,88055,1269,2055.0,0.0974,0.0233,1.6194,6.01
2026-07-27,2026-08-16,Control,20-39,NONPAYER,3,Team Event,20,Red,count,5,21100,88055,0,0.0,0.0,0.0,0.0,0.0
2026-07-27,2026-08-16,Control,20-39,NONPAYER,3,Team Event,20,Chuck,count,6,21100,88055,0,0.0,0.0,0.0,0.0,0.0
2026-07-27,2026-08-16,Control,20-39,NONPAYER,3,Team Event,20,Bomb,count,7,21100,88055,0,0.0,0.0,0.0,0.0,0.0
2026-07-27,2026-08-16,Control,20-39,NONPAYER,3,Team Event,20,UL Bomb,minutes,8,21100,88055,0,0.0,0.0,0.0,0.0,0.0
2026-07-27,2026-08-16,Control,20-39,NONPAYER,3,Team Event,20,UL Chuck,minutes,9,21100,88055,0,0.0,0.0,0.0,0.0,0.0
2026-07-27,2026-08-16,Control,20-39,NONPAYER,3,Team Event,20,UL Red,minutes,10,21100,88055,0,0.0,0.0,0.0,0.0,0.0
2026-07-27,2026-08-16,Control,20-39,NONPAYER,3,Team Event,20,Unlimited Lives,minutes,11,21100,88055,0,0.0,0.0,0.0,0.0,0.0
2026-07-27,2026-08-16,Control,20-39,NONPAYER,3,Team Event,20,SPT,count,12,21100,88055,0,0.0,0.0,0.0,0.0,0.0
2026-07-27,2026-08-16,Control,20-39,NONPAYER,3,Team Event,20,SPTx2,minutes,13,21100,88055,0,0.0,0.0,0.0,0.0,0.0
2026-07-27,2026-08-16,Control,20-39,NONPAYER,3,Team Race,21,HC,HC,1,21100,88055,6933,825940.0,39.1441,9.3798,119.1317,32.86
2026-07-27,2026-08-16,Control,20-39,NONPAYER,3,Team Race,21,Slingshot,count,2,21100,88055,4021,5119.0,0.2426,0.0581,1.2731,19.06
2026-07-27,2026-08-16,Control,20-39,NONPAYER,3,Team Race,21,Shuffle,count,3,21100,88055,5266,7590.0,0.3597,0.0862,1.4413,24.96
2026-07-27,2026-08-16,Control,20-39,NONPAYER,3,Team Race,21,Comet,count,4,21100,88055,6798,11628.0,0.5511,0.1321,1.7105,32.22
2026-07-27,2026-08-16,Control,20-39,NONPAYER,3,Team Race,21,Red,count,5,21100,88055,863,932.0,0.0442,0.0106,1.08,4.09
2026-07-27,2026-08-16,Control,20-39,NONPAYER,3,Team Race,21,Chuck,count,6,21100,88055,1528,1735.0,0.0822,0.0197,1.1355,7.24
2026-07-27,2026-08-16,Control,20-39,NONPAYER,3,Team Race,21,Bomb,count,7,21100,88055,3771,4967.0,0.2354,0.0564,1.3172,17.87
2026-07-27,2026-08-16,Control,20-39,NONPAYER,3,Team Race,21,UL Bomb,minutes,8,21100,88055,0,0.0,0.0,0.0,0.0,0.0
2026-07-27,2026-08-16,Control,20-39,NONPAYER,3,Team Race,21,UL Chuck,minutes,9,21100,88055,1,15.0,0.0007,0.0002,15.0,0.0
2026-07-27,2026-08-16,Control,20-39,NONPAYER,3,Team Race,21,UL Red,minutes,10,21100,88055,0,0.0,0.0,0.0,0.0,0.0
2026-07-27,2026-08-16,Control,20-39,NONPAYER,3,Team Race,21,Unlimited Lives,minutes,11,21100,88055,1,60.0,0.0028,0.0007,60.0,0.0
2026-07-27,2026-08-16,Control,20-39,NONPAYER,3,Team Race,21,SPT,count,12,21100,88055,0,0.0,0.0,0.0,0.0,0.0
2026-07-27,2026-08-16,Control,20-39,NONPAYER,3,Team Race,21,SPTx2,minutes,13,21100,88055,0,0.0,0.0,0.0,0.0,0.0
2026-07-27,2026-08-16,Control,20-39,NONPAYER,3,Flash Race,22,HC,HC,1,21100,88055,9543,946125.0,44.84,10.7447,99.1434,45.23
2026-07-27,2026-08-16,Control,20-39,NONPAYER,3,Flash Race,22,Slingshot,count,2,21100,88055,4219,5329.0,0.2526,0.0605,1.2631,20.0
2026-07-27,2026-08-16,Control,20-39,NONPAYER,3,Flash Race,22,Shuffle,count,3,21100,88055,4625,6004.0,0.2845,0.0682,1.2982,21.92
2026-07-27,2026-08-16,Control,20-39,NONPAYER,3,Flash Race,22,Comet,count,4,21100,88055,4030,5127.0,0.243,0.0582,1.2722,19.1
2026-07-27,2026-08-16,Control,20-39,NONPAYER,3,Flash Race,22,Red,count,5,21100,88055,859,946.0,0.0448,0.0107,1.1013,4.07
2026-07-27,2026-08-16,Control,20-39,NONPAYER,3,Flash Race,22,Chuck,count,6,21100,88055,1845,2136.0,0.1012,0.0243,1.1577,8.74
2026-07-27,2026-08-16,Control,20-39,NONPAYER,3,Flash Race,22,Bomb,count,7,21100,88055,3134,3913.0,0.1855,0.0444,1.2486,14.85
2026-07-27,2026-08-16,Control,20-39,NONPAYER,3,Flash Race,22,UL Bomb,minutes,8,21100,88055,0,0.0,0.0,0.0,0.0,0.0
2026-07-27,2026-08-16,Control,20-39,NONPAYER,3,Flash Race,22,UL Chuck,minutes,9,21100,88055,0,0.0,0.0,0.0,0.0,0.0
2026-07-27,2026-08-16,Control,20-39,NONPAYER,3,Flash Race,22,UL Red,minutes,10,21100,88055,0,0.0,0.0,0.0,0.0,0.0
2026-07-27,2026-08-16,Control,20-39,NONPAYER,3,Flash Race,22,Unlimited Lives,minutes,11,21100,88055,1728,90730.0,4.3,1.0304,52.5058,8.19
2026-07-27,2026-08-16,Control,20-39,NONPAYER,3,Flash Race,22,SPT,count,12,21100,88055,10734,1061830.0,50.3237,12.0587,98.9221,50.87
2026-07-27,2026-08-16,Control,20-39,NONPAYER,3,Flash Race,22,SPTx2,minutes,13,21100,88055,0,0.0,0.0,0.0,0.0,0.0
2026-07-27,2026-08-16,Control,20-39,NONPAYER,3,FlowerCoop,23,HC,HC,1,21100,88055,0,0.0,0.0,0.0,0.0,0.0
2026-07-27,2026-08-16,Control,20-39,NONPAYER,3,FlowerCoop,23,Slingshot,count,2,21100,88055,0,0.0,0.0,0.0,0.0,0.0
2026-07-27,2026-08-16,Control,20-39,NONPAYER,3,FlowerCoop,23,Shuffle,count,3,21100,88055,0,0.0,0.0,0.0,0.0,0.0
2026-07-27,2026-08-16,Control,20-39,NONPAYER,3,FlowerCoop,23,Comet,count,4,21100,88055,0,0.0,0.0,0.0,0.0,0.0
2026-07-27,2026-08-16,Control,20-39,NONPAYER,3,FlowerCoop,23,Red,count,5,21100,88055,0,0.0,0.0,0.0,0.0,0.0
2026-07-27,2026-08-16,Control,20-39,NONPAYER,3,FlowerCoop,23,Chuck,count,6,21100,88055,0,0.0,0.0,0.0,0.0,0.0
2026-07-27,2026-08-16,Control,20-39,NONPAYER,3,FlowerCoop,23,Bomb,count,7,21100,88055,0,0.0,0.0,0.0,0.0,0.0
2026-07-27,2026-08-16,Control,20-39,NONPAYER,3,FlowerCoop,23,UL Bomb,minutes,8,21100,88055,0,0.0,0.0,0.0,0.0,0.0
2026-07-27,2026-08-16,Control,20-39,NONPAYER,3,FlowerCoop,23,UL Chuck,minutes,9,21100,88055,0,0.0,0.0,0.0,0.0,0.0
2026-07-27,2026-08-16,Control,20-39,NONPAYER,3,FlowerCoop,23,UL Red,minutes,10,21100,88055,0,0.0,0.0,0.0,0.0,0.0
2026-07-27,2026-08-16,Control,20-39,NONPAYER,3,FlowerCoop,23,Unlimited Lives,minutes,11,21100,88055,0,0.0,0.0,0.0,0.0,0.0
2026-07-27,2026-08-16,Control,20-39,NONPAYER,3,FlowerCoop,23,SPT,count,12,21100,88055,0,0.0,0.0,0.0,0.0,0.0
2026-07-27,2026-08-16,Control,20-39,NONPAYER,3,FlowerCoop,23,SPTx2,minutes,13,21100,88055,0,0.0,0.0,0.0,0.0,0.0
2026-07-27,2026-08-16,Control,20-39,NONPAYER,3,Rainbow Maker,24,HC,HC,1,21100,88055,2,60.0,0.0028,0.0007,30.0,0.01
2026-07-27,2026-08-16,Control,20-39,NONPAYER,3,Rainbow Maker,24,Slingshot,count,2,21100,88055,5,10.0,0.0005,0.0001,2.0,0.02
2026-07-27,2026-08-16,Control,20-39,NONPAYER,3,Rainbow Maker,24,Shuffle,count,3,21100,88055,2,2.0,0.0001,0.0,1.0,0.01
2026-07-27,2026-08-16,Control,20-39,NONPAYER,3,Rainbow Maker,24,Comet,count,4,21100,88055,1,2.0,0.0001,0.0,2.0,0.0
2026-07-27,2026-08-16,Control,20-39,NONPAYER,3,Rainbow Maker,24,Red,count,5,21100,88055,0,0.0,0.0,0.0,0.0,0.0
2026-07-27,2026-08-16,Control,20-39,NONPAYER,3,Rainbow Maker,24,Chuck,count,6,21100,88055,1,1.0,0.0,0.0,1.0,0.0
2026-07-27,2026-08-16,Control,20-39,NONPAYER,3,Rainbow Maker,24,Bomb,count,7,21100,88055,3,3.0,0.0001,0.0,1.0,0.01
2026-07-27,2026-08-16,Control,20-39,NONPAYER,3,Rainbow Maker,24,UL Bomb,minutes,8,21100,88055,0,0.0,0.0,0.0,0.0,0.0
2026-07-27,2026-08-16,Control,20-39,NONPAYER,3,Rainbow Maker,24,UL Chuck,minutes,9,21100,88055,0,0.0,0.0,0.0,0.0,0.0
2026-07-27,2026-08-16,Control,20-39,NONPAYER,3,Rainbow Maker,24,UL Red,minutes,10,21100,88055,2,20.0,0.0009,0.0002,10.0,0.01
2026-07-27,2026-08-16,Control,20-39,NONPAYER,3,Rainbow Maker,24,Unlimited Lives,minutes,11,21100,88055,3,210.0,0.01,0.0024,70.0,0.01
2026-07-27,2026-08-16,Control,20-39,NONPAYER,3,Rainbow Maker,24,SPT,count,12,21100,88055,4,595.0,0.0282,0.0068,148.75,0.02
2026-07-27,2026-08-16,Control,20-39,NONPAYER,3,Rainbow Maker,24,SPTx2,minutes,13,21100,88055,0,0.0,0.0,0.0,0.0,0.0
2026-07-27,2026-08-16,Control,20-39,NONPAYER,3,IAPs,25,HC,HC,1,21100,88055,0,0.0,0.0,0.0,0.0,0.0
2026-07-27,2026-08-16,Control,20-39,NONPAYER,3,IAPs,25,Slingshot,count,2,21100,88055,0,0.0,0.0,0.0,0.0,0.0
2026-07-27,2026-08-16,Control,20-39,NONPAYER,3,IAPs,25,Shuffle,count,3,21100,88055,0,0.0,0.0,0.0,0.0,0.0
2026-07-27,2026-08-16,Control,20-39,NONPAYER,3,IAPs,25,Comet,count,4,21100,88055,0,0.0,0.0,0.0,0.0,0.0
2026-07-27,2026-08-16,Control,20-39,NONPAYER,3,IAPs,25,Red,count,5,21100,88055,0,0.0,0.0,0.0,0.0,0.0
2026-07-27,2026-08-16,Control,20-39,NONPAYER,3,IAPs,25,Chuck,count,6,21100,88055,0,0.0,0.0,0.0,0.0,0.0
2026-07-27,2026-08-16,Control,20-39,NONPAYER,3,IAPs,25,Bomb,count,7,21100,88055,0,0.0,0.0,0.0,0.0,0.0
2026-07-27,2026-08-16,Control,20-39,NONPAYER,3,IAPs,25,UL Bomb,minutes,8,21100,88055,0,0.0,0.0,0.0,0.0,0.0
2026-07-27,2026-08-16,Control,20-39,NONPAYER,3,IAPs,25,UL Chuck,minutes,9,21100,88055,0,0.0,0.0,0.0,0.0,0.0
2026-07-27,2026-08-16,Control,20-39,NONPAYER,3,IAPs,25,UL Red,minutes,10,21100,88055,0,0.0,0.0,0.0,0.0,0.0
2026-07-27,2026-08-16,Control,20-39,NONPAYER,3,IAPs,25,Unlimited Lives,minutes,11,21100,88055,0,0.0,0.0,0.0,0.0,0.0
2026-07-27,2026-08-16,Control,20-39,NONPAYER,3,IAPs,25,SPT,count,12,21100,88055,0,0.0,0.0,0.0,0.0,0.0
2026-07-27,2026-08-16,Control,20-39,NONPAYER,3,IAPs,25,SPTx2,minutes,13,21100,88055,0,0.0,0.0,0.0,0.0,0.0
2026-07-27,2026-08-16,Control,20-39,PAYER,3,Ads,1,HC,HC,1,5203,20798,1880,111120.0,21.3569,5.3428,59.1064,36.13
2026-07-27,2026-08-16,Control,20-39,PAYER,3,Ads,1,Slingshot,count,2,5203,20798,1125,2436.0,0.4682,0.1171,2.1653,21.62
2026-07-27,2026-08-16,Control,20-39,PAYER,3,Ads,1,Shuffle,count,3,5203,20798,1100,2446.0,0.4701,0.1176,2.2236,21.14
2026-07-27,2026-08-16,Control,20-39,PAYER,3,Ads,1,Comet,count,4,5203,20798,749,1221.0,0.2347,0.0587,1.6302,14.4
2026-07-27,2026-08-16,Control,20-39,PAYER,3,Ads,1,Red,count,5,5203,20798,0,0.0,0.0,0.0,0.0,0.0
2026-07-27,2026-08-16,Control,20-39,PAYER,3,Ads,1,Chuck,count,6,5203,20798,0,0.0,0.0,0.0,0.0,0.0
2026-07-27,2026-08-16,Control,20-39,PAYER,3,Ads,1,Bomb,count,7,5203,20798,0,0.0,0.0,0.0,0.0,0.0
2026-07-27,2026-08-16,Control,20-39,PAYER,3,Ads,1,UL Bomb,minutes,8,5203,20798,0,0.0,0.0,0.0,0.0,0.0
2026-07-27,2026-08-16,Control,20-39,PAYER,3,Ads,1,UL Chuck,minutes,9,5203,20798,0,0.0,0.0,0.0,0.0,0.0
2026-07-27,2026-08-16,Control,20-39,PAYER,3,Ads,1,UL Red,minutes,10,5203,20798,0,0.0,0.0,0.0,0.0,0.0
2026-07-27,2026-08-16,Control,20-39,PAYER,3,Ads,1,Unlimited Lives,minutes,11,5203,20798,1299,37845.0,7.2737,1.8196,29.1339,24.97
2026-07-27,2026-08-16,Control,20-39,PAYER,3,Ads,1,SPT,count,12,5203,20798,0,0.0,0.0,0.0,0.0,0.0
2026-07-27,2026-08-16,Control,20-39,PAYER,3,Ads,1,SPTx2,minutes,13,5203,20798,0,0.0,0.0,0.0,0.0,0.0
2026-07-27,2026-08-16,Control,20-39,PAYER,3,Bomb Challenge,2,HC,HC,1,5203,20798,671,86050.0,16.5385,4.1374,128.2414,12.9
2026-07-27,2026-08-16,Control,20-39,PAYER,3,Bomb Challenge,2,Slingshot,count,2,5203,20798,710,802.0,0.1541,0.0386,1.1296,13.65
2026-07-27,2026-08-16,Control,20-39,PAYER,3,Bomb Challenge,2,Shuffle,count,3,5203,20798,844,960.0,0.1845,0.0462,1.1374,16.22
2026-07-27,2026-08-16,Control,20-39,PAYER,3,Bomb Challenge,2,Comet,count,4,5203,20798,207,224.0,0.0431,0.0108,1.0821,3.98
2026-07-27,2026-08-16,Control,20-39,PAYER,3,Bomb Challenge,2,Red,count,5,5203,20798,0,0.0,0.0,0.0,0.0,0.0
2026-07-27,2026-08-16,Control,20-39,PAYER,3,Bomb Challenge,2,Chuck,count,6,5203,20798,0,0.0,0.0,0.0,0.0,0.0
2026-07-27,2026-08-16,Control,20-39,PAYER,3,Bomb Challenge,2,Bomb,count,7,5203,20798,0,0.0,0.0,0.0,0.0,0.0
2026-07-27,2026-08-16,Control,20-39,PAYER,3,Bomb Challenge,2,UL Bomb,minutes,8,5203,20798,0,0.0,0.0,0.0,0.0,0.0
2026-07-27,2026-08-16,Control,20-39,PAYER,3,Bomb Challenge,2,UL Chuck,minutes,9,5203,20798,0,0.0,0.0,0.0,0.0,0.0
2026-07-27,2026-08-16,Control,20-39,PAYER,3,Bomb Challenge,2,UL Red,minutes,10,5203,20798,0,0.0,0.0,0.0,0.0,0.0
2026-07-27,2026-08-16,Control,20-39,PAYER,3,Bomb Challenge,2,Unlimited Lives,minutes,11,5203,20798,0,0.0,0.0,0.0,0.0,0.0
2026-07-27,2026-08-16,Control,20-39,PAYER,3,Bomb Challenge,2,SPT,count,12,5203,20798,0,0.0,0.0,0.0,0.0,0.0
2026-07-27,2026-08-16,Control,20-39,PAYER,3,Bomb Challenge,2,SPTx2,minutes,13,5203,20798,0,0.0,0.0,0.0,0.0,0.0
2026-07-27,2026-08-16,Control,20-39,PAYER,3,Bomb's Ballet,3,HC,HC,1,5203,20798,1044,30025.0,5.7707,1.4436,28.7596,20.07
2026-07-27,2026-08-16,Control,20-39,PAYER,3,Bomb's Ballet,3,Slingshot,count,2,5203,20798,8,8.0,0.0015,0.0004,1.0,0.15
2026-07-27,2026-08-16,Control,20-39,PAYER,3,Bomb's Ballet,3,Shuffle,count,3,5203,20798,2,2.0,0.0004,0.0001,1.0,0.04
2026-07-27,2026-08-16,Control,20-39,PAYER,3,Bomb's Ballet,3,Comet,count,4,5203,20798,2,2.0,0.0004,0.0001,1.0,0.04
2026-07-27,2026-08-16,Control,20-39,PAYER,3,Bomb's Ballet,3,Red,count,5,5203,20798,656,672.0,0.1292,0.0323,1.0244,12.61
2026-07-27,2026-08-16,Control,20-39,PAYER,3,Bomb's Ballet,3,Chuck,count,6,5203,20798,1391,1452.0,0.2791,0.0698,1.0439,26.73
2026-07-27,2026-08-16,Control,20-39,PAYER,3,Bomb's Ballet,3,Bomb,count,7,5203,20798,2,2.0,0.0004,0.0001,1.0,0.04
2026-07-27,2026-08-16,Control,20-39,PAYER,3,Bomb's Ballet,3,UL Bomb,minutes,8,5203,20798,826,8625.0,1.6577,0.4147,10.4419,15.88
2026-07-27,2026-08-16,Control,20-39,PAYER,3,Bomb's Ballet,3,UL Chuck,minutes,9,5203,20798,1332,14225.0,2.734,0.684,10.6794,25.6
2026-07-27,2026-08-16,Control,20-39,PAYER,3,Bomb's Ballet,3,UL Red,minutes,10,5203,20798,1428,17680.0,3.398,0.8501,12.381,27.45
2026-07-27,2026-08-16,Control,20-39,PAYER,3,Bomb's Ballet,3,Unlimited Lives,minutes,11,5203,20798,1281,64470.0,12.3909,3.0998,50.3279,24.62
2026-07-27,2026-08-16,Control,20-39,PAYER,3,Bomb's Ballet,3,SPT,count,12,5203,20798,0,0.0,0.0,0.0,0.0,0.0
2026-07-27,2026-08-16,Control,20-39,PAYER,3,Bomb's Ballet,3,SPTx2,minutes,13,5203,20798,0,0.0,0.0,0.0,0.0,0.0
2026-07-27,2026-08-16,Control,20-39,PAYER,3,Chuck Challenge,4,HC,HC,1,5203,20798,5,650.0,0.1249,0.0313,130.0,0.1
2026-07-27,2026-08-16,Control,20-39,PAYER,3,Chuck Challenge,4,Slingshot,count,2,5203,20798,7,8.0,0.0015,0.0004,1.1429,0.13
2026-07-27,2026-08-16,Control,20-39,PAYER,3,Chuck Challenge,4,Shuffle,count,3,5203,20798,8,9.0,0.0017,0.0004,1.125,0.15
2026-07-27,2026-08-16,Control,20-39,PAYER,3,Chuck Challenge,4,Comet,count,4,5203,20798,1,1.0,0.0002,0.0,1.0,0.02
2026-07-27,2026-08-16,Control,20-39,PAYER,3,Chuck Challenge,4,Red,count,5,5203,20798,0,0.0,0.0,0.0,0.0,0.0
2026-07-27,2026-08-16,Control,20-39,PAYER,3,Chuck Challenge,4,Chuck,count,6,5203,20798,0,0.0,0.0,0.0,0.0,0.0
2026-07-27,2026-08-16,Control,20-39,PAYER,3,Chuck Challenge,4,Bomb,count,7,5203,20798,0,0.0,0.0,0.0,0.0,0.0
2026-07-27,2026-08-16,Control,20-39,PAYER,3,Chuck Challenge,4,UL Bomb,minutes,8,5203,20798,0,0.0,0.0,0.0,0.0,0.0
2026-07-27,2026-08-16,Control,20-39,PAYER,3,Chuck Challenge,4,UL Chuck,minutes,9,5203,20798,0,0.0,0.0,0.0,0.0,0.0
2026-07-27,2026-08-16,Control,20-39,PAYER,3,Chuck Challenge,4,UL Red,minutes,10,5203,20798,0,0.0,0.0,0.0,0.0,0.0
2026-07-27,2026-08-16,Control,20-39,PAYER,3,Chuck Challenge,4,Unlimited Lives,minutes,11,5203,20798,0,0.0,0.0,0.0,0.0,0.0
2026-07-27,2026-08-16,Control,20-39,PAYER,3,Chuck Challenge,4,SPT,count,12,5203,20798,0,0.0,0.0,0.0,0.0,0.0
2026-07-27,2026-08-16,Control,20-39,PAYER,3,Chuck Challenge,4,SPTx2,minutes,13,5203,20798,0,0.0,0.0,0.0,0.0,0.0
2026-07-27,2026-08-16,Control,20-39,PAYER,3,Core,5,HC,HC,1,5203,20798,3513,308905.0,59.3706,14.8526,87.932,67.52
2026-07-27,2026-08-16,Control,20-39,PAYER,3,Core,5,Slingshot,count,2,5203,20798,1793,2374.0,0.4563,0.1141,1.324,34.46
2026-07-27,2026-08-16,Control,20-39,PAYER,3,Core,5,Shuffle,count,3,5203,20798,2235,3391.0,0.6517,0.163,1.5172,42.96
2026-07-27,2026-08-16,Control,20-39,PAYER,3,Core,5,Comet,count,4,5203,20798,1232,1383.0,0.2658,0.0665,1.1226,23.68
2026-07-27,2026-08-16,Control,20-39,PAYER,3,Core,5,Red,count,5,5203,20798,930,1081.0,0.2078,0.052,1.1624,17.87
2026-07-27,2026-08-16,Control,20-39,PAYER,3,Core,5,Chuck,count,6,5203,20798,1020,1253.0,0.2408,0.0602,1.2284,19.6
2026-07-27,2026-08-16,Control,20-39,PAYER,3,Core,5,Bomb,count,7,5203,20798,962,1023.0,0.1966,0.0492,1.0634,18.49
2026-07-27,2026-08-16,Control,20-39,PAYER,3,Core,5,UL Bomb,minutes,8,5203,20798,0,0.0,0.0,0.0,0.0,0.0
2026-07-27,2026-08-16,Control,20-39,PAYER,3,Core,5,UL Chuck,minutes,9,5203,20798,0,0.0,0.0,0.0,0.0,0.0
2026-07-27,2026-08-16,Control,20-39,PAYER,3,Core,5,UL Red,minutes,10,5203,20798,0,0.0,0.0,0.0,0.0,0.0
2026-07-27,2026-08-16,Control,20-39,PAYER,3,Core,5,Unlimited Lives,minutes,11,5203,20798,2620,194610.0,37.4034,9.3571,74.2786,50.36
2026-07-27,2026-08-16,Control,20-39,PAYER,3,Core,5,SPT,count,12,5203,20798,4481,5123075.0,984.6387,246.3254,1143.2883,86.12
2026-07-27,2026-08-16,Control,20-39,PAYER,3,Core,5,SPTx2,minutes,13,5203,20798,0,0.0,0.0,0.0,0.0,0.0
2026-07-27,2026-08-16,Control,20-39,PAYER,3,Daily Gift,6,HC,HC,1,5203,20798,4221,378720.0,72.7888,18.2094,89.7228,81.13
2026-07-27,2026-08-16,Control,20-39,PAYER,3,Daily Gift,6,Slingshot,count,2,5203,20798,2365,3795.0,0.7294,0.1825,1.6047,45.45
2026-07-27,2026-08-16,Control,20-39,PAYER,3,Daily Gift,6,Shuffle,count,3,5203,20798,1865,2476.0,0.4759,0.119,1.3276,35.84
2026-07-27,2026-08-16,Control,20-39,PAYER,3,Daily Gift,6,Comet,count,4,5203,20798,340,356.0,0.0684,0.0171,1.0471,6.53
2026-07-27,2026-08-16,Control,20-39,PAYER,3,Daily Gift,6,Red,count,5,5203,20798,0,0.0,0.0,0.0,0.0,0.0
2026-07-27,2026-08-16,Control,20-39,PAYER,3,Daily Gift,6,Chuck,count,6,5203,20798,0,0.0,0.0,0.0,0.0,0.0
2026-07-27,2026-08-16,Control,20-39,PAYER,3,Daily Gift,6,Bomb,count,7,5203,20798,0,0.0,0.0,0.0,0.0,0.0
2026-07-27,2026-08-16,Control,20-39,PAYER,3,Daily Gift,6,UL Bomb,minutes,8,5203,20798,429,13035.0,2.5053,0.6267,30.3846,8.25
2026-07-27,2026-08-16,Control,20-39,PAYER,3,Daily Gift,6,UL Chuck,minutes,9,5203,20798,424,25695.0,4.9385,1.2355,60.6014,8.15
2026-07-27,2026-08-16,Control,20-39,PAYER,3,Daily Gift,6,UL Red,minutes,10,5203,20798,385,23145.0,4.4484,1.1128,60.1169,7.4
2026-07-27,2026-08-16,Control,20-39,PAYER,3,Daily Gift,6,Unlimited Lives,minutes,11,5203,20798,3701,355450.0,68.3164,17.0906,96.0416,71.13
2026-07-27,2026-08-16,Control,20-39,PAYER,3,Daily Gift,6,SPT,count,12,5203,20798,0,0.0,0.0,0.0,0.0,0.0
2026-07-27,2026-08-16,Control,20-39,PAYER,3,Daily Gift,6,SPTx2,minutes,13,5203,20798,7,105.0,0.0202,0.005,15.0,0.13
2026-07-27,2026-08-16,Control,20-39,PAYER,3,Daily Night Sky Prize,7,HC,HC,1,5203,20798,2957,417960.0,80.3306,20.0962,141.346,56.83
2026-07-27,2026-08-16,Control,20-39,PAYER,3,Daily Night Sky Prize,7,Slingshot,count,2,5203,20798,1733,2567.0,0.4934,0.1234,1.4812,33.31
2026-07-27,2026-08-16,Control,20-39,PAYER,3,Daily Night Sky Prize,7,Shuffle,count,3,5203,20798,0,0.0,0.0,0.0,0.0,0.0
2026-07-27,2026-08-16,Control,20-39,PAYER,3,Daily Night Sky Prize,7,Comet,count,4,5203,20798,24,28.0,0.0054,0.0013,1.1667,0.46
2026-07-27,2026-08-16,Control,20-39,PAYER,3,Daily Night Sky Prize,7,Red,count,5,5203,20798,2362,4429.0,0.8512,0.213,1.8751,45.4
2026-07-27,2026-08-16,Control,20-39,PAYER,3,Daily Night Sky Prize,7,Chuck,count,6,5203,20798,1712,2539.0,0.488,0.1221,1.4831,32.9
2026-07-27,2026-08-16,Control,20-39,PAYER,3,Daily Night Sky Prize,7,Bomb,count,7,5203,20798,0,0.0,0.0,0.0,0.0,0.0
2026-07-27,2026-08-16,Control,20-39,PAYER,3,Daily Night Sky Prize,7,UL Bomb,minutes,8,5203,20798,0,0.0,0.0,0.0,0.0,0.0
2026-07-27,2026-08-16,Control,20-39,PAYER,3,Daily Night Sky Prize,7,UL Chuck,minutes,9,5203,20798,0,0.0,0.0,0.0,0.0,0.0
2026-07-27,2026-08-16,Control,20-39,PAYER,3,Daily Night Sky Prize,7,UL Red,minutes,10,5203,20798,0,0.0,0.0,0.0,0.0,0.0
2026-07-27,2026-08-16,Control,20-39,PAYER,3,Daily Night Sky Prize,7,Unlimited Lives,minutes,11,5203,20798,2959,151270.0,29.0736,7.2733,51.122,56.87
2026-07-27,2026-08-16,Control,20-39,PAYER,3,Daily Night Sky Prize,7,SPT,count,12,5203,20798,0,0.0,0.0,0.0,0.0,0.0
2026-07-27,2026-08-16,Control,20-39,PAYER,3,Daily Night Sky Prize,7,SPTx2,minutes,13,5203,20798,0,0.0,0.0,0.0,0.0,0.0
2026-07-27,2026-08-16,Control,20-39,PAYER,3,Flock Flurry,8,HC,HC,1,5203,20798,0,0.0,0.0,0.0,0.0,0.0
2026-07-27,2026-08-16,Control,20-39,PAYER,3,Flock Flurry,8,Slingshot,count,2,5203,20798,1770,2720.0,0.5228,0.1308,1.5367,34.02
2026-07-27,2026-08-16,Control,20-39,PAYER,3,Flock Flurry,8,Shuffle,count,3,5203,20798,0,0.0,0.0,0.0,0.0,0.0
2026-07-27,2026-08-16,Control,20-39,PAYER,3,Flock Flurry,8,Comet,count,4,5203,20798,0,0.0,0.0,0.0,0.0,0.0
2026-07-27,2026-08-16,Control,20-39,PAYER,3,Flock Flurry,8,Red,count,5,5203,20798,1770,2720.0,0.5228,0.1308,1.5367,34.02
2026-07-27,2026-08-16,Control,20-39,PAYER,3,Flock Flurry,8,Chuck,count,6,5203,20798,1770,2720.0,0.5228,0.1308,1.5367,34.02
2026-07-27,2026-08-16,Control,20-39,PAYER,3,Flock Flurry,8,Bomb,count,7,5203,20798,1770,2720.0,0.5228,0.1308,1.5367,34.02
2026-07-27,2026-08-16,Control,20-39,PAYER,3,Flock Flurry,8,UL Bomb,minutes,8,5203,20798,0,0.0,0.0,0.0,0.0,0.0
2026-07-27,2026-08-16,Control,20-39,PAYER,3,Flock Flurry,8,UL Chuck,minutes,9,5203,20798,0,0.0,0.0,0.0,0.0,0.0
2026-07-27,2026-08-16,Control,20-39,PAYER,3,Flock Flurry,8,UL Red,minutes,10,5203,20798,0,0.0,0.0,0.0,0.0,0.0
2026-07-27,2026-08-16,Control,20-39,PAYER,3,Flock Flurry,8,Unlimited Lives,minutes,11,5203,20798,3685,543000.0,104.3629,26.1083,147.3541,70.82
2026-07-27,2026-08-16,Control,20-39,PAYER,3,Flock Flurry,8,SPT,count,12,5203,20798,1658,50440.0,9.6944,2.4252,30.4222,31.87
2026-07-27,2026-08-16,Control,20-39,PAYER,3,Flock Flurry,8,SPTx2,minutes,13,5203,20798,0,0.0,0.0,0.0,0.0,0.0
2026-07-27,2026-08-16,Control,20-39,PAYER,3,Hatchling Hideaway,9,HC,HC,1,5203,20798,2562,78875.0,15.1595,3.7924,30.7865,49.24
2026-07-27,2026-08-16,Control,20-39,PAYER,3,Hatchling Hideaway,9,Slingshot,count,2,5203,20798,1236,1469.0,0.2823,0.0706,1.1885,23.76
2026-07-27,2026-08-16,Control,20-39,PAYER,3,Hatchling Hideaway,9,Shuffle,count,3,5203,20798,1875,2359.0,0.4534,0.1134,1.2581,36.04
2026-07-27,2026-08-16,Control,20-39,PAYER,3,Hatchling Hideaway,9,Comet,count,4,5203,20798,570,644.0,0.1238,0.031,1.1298,10.96
2026-07-27,2026-08-16,Control,20-39,PAYER,3,Hatchling Hideaway,9,Red,count,5,5203,20798,2772,3741.0,0.719,0.1799,1.3496,53.28
2026-07-27,2026-08-16,Control,20-39,PAYER,3,Hatchling Hideaway,9,Chuck,count,6,5203,20798,2364,3108.0,0.5973,0.1494,1.3147,45.44
2026-07-27,2026-08-16,Control,20-39,PAYER,3,Hatchling Hideaway,9,Bomb,count,7,5203,20798,1875,2359.0,0.4534,0.1134,1.2581,36.04
2026-07-27,2026-08-16,Control,20-39,PAYER,3,Hatchling Hideaway,9,UL Bomb,minutes,8,5203,20798,0,0.0,0.0,0.0,0.0,0.0
2026-07-27,2026-08-16,Control,20-39,PAYER,3,Hatchling Hideaway,9,UL Chuck,minutes,9,5203,20798,570,6330.0,1.2166,0.3044,11.1053,10.96
2026-07-27,2026-08-16,Control,20-39,PAYER,3,Hatchling Hideaway,9,UL Red,minutes,10,5203,20798,1236,14600.0,2.8061,0.702,11.8123,23.76
2026-07-27,2026-08-16,Control,20-39,PAYER,3,Hatchling Hideaway,9,Unlimited Lives,minutes,11,5203,20798,3016,295230.0,56.7423,14.1951,97.8879,57.97
2026-07-27,2026-08-16,Control,20-39,PAYER,3,Hatchling Hideaway,9,SPT,count,12,5203,20798,0,0.0,0.0,0.0,0.0,0.0
2026-07-27,2026-08-16,Control,20-39,PAYER,3,Hatchling Hideaway,9,SPTx2,minutes,13,5203,20798,0,0.0,0.0,0.0,0.0,0.0
2026-07-27,2026-08-16,Control,20-39,PAYER,3,Jigsaw,10,HC,HC,1,5203,20798,1154,37900.0,7.2843,1.8223,32.8423,22.18
2026-07-27,2026-08-16,Control,20-39,PAYER,3,Jigsaw,10,Slingshot,count,2,5203,20798,44,47.0,0.009,0.0023,1.0682,0.85
2026-07-27,2026-08-16,Control,20-39,PAYER,3,Jigsaw,10,Shuffle,count,3,5203,20798,0,0.0,0.0,0.0,0.0,0.0
2026-07-27,2026-08-16,Control,20-39,PAYER,3,Jigsaw,10,Comet,count,4,5203,20798,21,21.0,0.004,0.001,1.0,0.4
2026-07-27,2026-08-16,Control,20-39,PAYER,3,Jigsaw,10,Red,count,5,5203,20798,902,971.0,0.1866,0.0467,1.0765,17.34
2026-07-27,2026-08-16,Control,20-39,PAYER,3,Jigsaw,10,Chuck,count,6,5203,20798,1528,1631.0,0.3135,0.0784,1.0674,29.37
2026-07-27,2026-08-16,Control,20-39,PAYER,3,Jigsaw,10,Bomb,count,7,5203,20798,21,21.0,0.004,0.001,1.0,0.4
2026-07-27,2026-08-16,Control,20-39,PAYER,3,Jigsaw,10,UL Bomb,minutes,8,5203,20798,902,9825.0,1.8883,0.4724,10.8925,17.34
2026-07-27,2026-08-16,Control,20-39,PAYER,3,Jigsaw,10,UL Chuck,minutes,9,5203,20798,1432,16535.0,3.178,0.795,11.5468,27.52
2026-07-27,2026-08-16,Control,20-39,PAYER,3,Jigsaw,10,UL Red,minutes,10,5203,20798,1614,22950.0,4.4109,1.1035,14.2193,31.02
2026-07-27,2026-08-16,Control,20-39,PAYER,3,Jigsaw,10,Unlimited Lives,minutes,11,5203,20798,1413,89490.0,17.1997,4.3028,63.3333,27.16
2026-07-27,2026-08-16,Control,20-39,PAYER,3,Jigsaw,10,SPT,count,12,5203,20798,0,0.0,0.0,0.0,0.0,0.0
2026-07-27,2026-08-16,Control,20-39,PAYER,3,Jigsaw,10,SPTx2,minutes,13,5203,20798,0,0.0,0.0,0.0,0.0,0.0
2026-07-27,2026-08-16,Control,20-39,PAYER,3,Kite Festival,11,HC,HC,1,5203,20798,203,31750.0,6.1022,1.5266,156.4039,3.9
2026-07-27,2026-08-16,Control,20-39,PAYER,3,Kite Festival,11,Slingshot,count,2,5203,20798,352,373.0,0.0717,0.0179,1.0597,6.77
2026-07-27,2026-08-16,Control,20-39,PAYER,3,Kite Festival,11,Shuffle,count,3,5203,20798,188,198.0,0.0381,0.0095,1.0532,3.61
2026-07-27,2026-08-16,Control,20-39,PAYER,3,Kite Festival,11,Comet,count,4,5203,20798,23,23.0,0.0044,0.0011,1.0,0.44
2026-07-27,2026-08-16,Control,20-39,PAYER,3,Kite Festival,11,Red,count,5,5203,20798,121,126.0,0.0242,0.0061,1.0413,2.33
2026-07-27,2026-08-16,Control,20-39,PAYER,3,Kite Festival,11,Chuck,count,6,5203,20798,114,117.0,0.0225,0.0056,1.0263,2.19
2026-07-27,2026-08-16,Control,20-39,PAYER,3,Kite Festival,11,Bomb,count,7,5203,20798,118,120.0,0.0231,0.0058,1.0169,2.27
2026-07-27,2026-08-16,Control,20-39,PAYER,3,Kite Festival,11,UL Bomb,minutes,8,5203,20798,0,0.0,0.0,0.0,0.0,0.0
2026-07-27,2026-08-16,Control,20-39,PAYER,3,Kite Festival,11,UL Chuck,minutes,9,5203,20798,0,0.0,0.0,0.0,0.0,0.0
2026-07-27,2026-08-16,Control,20-39,PAYER,3,Kite Festival,11,UL Red,minutes,10,5203,20798,0,0.0,0.0,0.0,0.0,0.0
2026-07-27,2026-08-16,Control,20-39,PAYER,3,Kite Festival,11,Unlimited Lives,minutes,11,5203,20798,1485,60180.0,11.5664,2.8935,40.5253,28.54
2026-07-27,2026-08-16,Control,20-39,PAYER,3,Kite Festival,11,SPT,count,12,5203,20798,1025,133375.0,25.6342,6.4129,130.122,19.7
2026-07-27,2026-08-16,Control,20-39,PAYER,3,Kite Festival,11,SPTx2,minutes,13,5203,20798,0,0.0,0.0,0.0,0.0,0.0
2026-07-27,2026-08-16,Control,20-39,PAYER,3,Level Race,12,HC,HC,1,5203,20798,0,0.0,0.0,0.0,0.0,0.0
2026-07-27,2026-08-16,Control,20-39,PAYER,3,Level Race,12,Slingshot,count,2,5203,20798,0,0.0,0.0,0.0,0.0,0.0
2026-07-27,2026-08-16,Control,20-39,PAYER,3,Level Race,12,Shuffle,count,3,5203,20798,0,0.0,0.0,0.0,0.0,0.0
2026-07-27,2026-08-16,Control,20-39,PAYER,3,Level Race,12,Comet,count,4,5203,20798,0,0.0,0.0,0.0,0.0,0.0
2026-07-27,2026-08-16,Control,20-39,PAYER,3,Level Race,12,Red,count,5,5203,20798,0,0.0,0.0,0.0,0.0,0.0
2026-07-27,2026-08-16,Control,20-39,PAYER,3,Level Race,12,Chuck,count,6,5203,20798,0,0.0,0.0,0.0,0.0,0.0
2026-07-27,2026-08-16,Control,20-39,PAYER,3,Level Race,12,Bomb,count,7,5203,20798,0,0.0,0.0,0.0,0.0,0.0
2026-07-27,2026-08-16,Control,20-39,PAYER,3,Level Race,12,UL Bomb,minutes,8,5203,20798,0,0.0,0.0,0.0,0.0,0.0
2026-07-27,2026-08-16,Control,20-39,PAYER,3,Level Race,12,UL Chuck,minutes,9,5203,20798,0,0.0,0.0,0.0,0.0,0.0
2026-07-27,2026-08-16,Control,20-39,PAYER,3,Level Race,12,UL Red,minutes,10,5203,20798,0,0.0,0.0,0.0,0.0,0.0
2026-07-27,2026-08-16,Control,20-39,PAYER,3,Level Race,12,Unlimited Lives,minutes,11,5203,20798,0,0.0,0.0,0.0,0.0,0.0
2026-07-27,2026-08-16,Control,20-39,PAYER,3,Level Race,12,SPT,count,12,5203,20798,0,0.0,0.0,0.0,0.0,0.0
2026-07-27,2026-08-16,Control,20-39,PAYER,3,Level Race,12,SPTx2,minutes,13,5203,20798,0,0.0,0.0,0.0,0.0,0.0
2026-07-27,2026-08-16,Control,20-39,PAYER,3,Other,13,HC,HC,1,5203,20798,3158,228326.0,43.8835,10.9783,72.3008,60.7
2026-07-27,2026-08-16,Control,20-39,PAYER,3,Other,13,Slingshot,count,2,5203,20798,1486,2491.0,0.4788,0.1198,1.6763,28.56
2026-07-27,2026-08-16,Control,20-39,PAYER,3,Other,13,Shuffle,count,3,5203,20798,1524,2431.0,0.4672,0.1169,1.5951,29.29
2026-07-27,2026-08-16,Control,20-39,PAYER,3,Other,13,Comet,count,4,5203,20798,836,1079.0,0.2074,0.0519,1.2907,16.07
2026-07-27,2026-08-16,Control,20-39,PAYER,3,Other,13,Red,count,5,5203,20798,3010,4596.0,0.8833,0.221,1.5269,57.85
2026-07-27,2026-08-16,Control,20-39,PAYER,3,Other,13,Chuck,count,6,5203,20798,3044,4977.0,0.9566,0.2393,1.635,58.5
2026-07-27,2026-08-16,Control,20-39,PAYER,3,Other,13,Bomb,count,7,5203,20798,3030,4937.0,0.9489,0.2374,1.6294,58.24
2026-07-27,2026-08-16,Control,20-39,PAYER,3,Other,13,UL Bomb,minutes,8,5203,20798,15,510.0,0.098,0.0245,34.0,0.29
2026-07-27,2026-08-16,Control,20-39,PAYER,3,Other,13,UL Chuck,minutes,9,5203,20798,15,510.0,0.098,0.0245,34.0,0.29
2026-07-27,2026-08-16,Control,20-39,PAYER,3,Other,13,UL Red,minutes,10,5203,20798,19,570.0,0.1096,0.0274,30.0,0.37
2026-07-27,2026-08-16,Control,20-39,PAYER,3,Other,13,Unlimited Lives,minutes,11,5203,20798,1132,95614.0,18.3767,4.5973,84.4647,21.76
2026-07-27,2026-08-16,Control,20-39,PAYER,3,Other,13,SPT,count,12,5203,20798,2684,272244.0,52.3244,13.0899,101.4322,51.59
2026-07-27,2026-08-16,Control,20-39,PAYER,3,Other,13,SPTx2,minutes,13,5203,20798,0,0.0,0.0,0.0,0.0,0.0
2026-07-27,2026-08-16,Control,20-39,PAYER,3,Photoshoot,14,HC,HC,1,5203,20798,899,28000.0,5.3815,1.3463,31.1457,17.28
2026-07-27,2026-08-16,Control,20-39,PAYER,3,Photoshoot,14,Slingshot,count,2,5203,20798,0,0.0,0.0,0.0,0.0,0.0
2026-07-27,2026-08-16,Control,20-39,PAYER,3,Photoshoot,14,Shuffle,count,3,5203,20798,38,40.0,0.0077,0.0019,1.0526,0.73
2026-07-27,2026-08-16,Control,20-39,PAYER,3,Photoshoot,14,Comet,count,4,5203,20798,0,0.0,0.0,0.0,0.0,0.0
2026-07-27,2026-08-16,Control,20-39,PAYER,3,Photoshoot,14,Red,count,5,5203,20798,511,525.0,0.1009,0.0252,1.0274,9.82
2026-07-27,2026-08-16,Control,20-39,PAYER,3,Photoshoot,14,Chuck,count,6,5203,20798,1167,1193.0,0.2293,0.0574,1.0223,22.43
2026-07-27,2026-08-16,Control,20-39,PAYER,3,Photoshoot,14,Bomb,count,7,5203,20798,9,10.0,0.0019,0.0005,1.1111,0.17
2026-07-27,2026-08-16,Control,20-39,PAYER,3,Photoshoot,14,UL Bomb,minutes,8,5203,20798,100,1560.0,0.2998,0.075,15.6,1.92
2026-07-27,2026-08-16,Control,20-39,PAYER,3,Photoshoot,14,UL Chuck,minutes,9,5203,20798,347,5235.0,1.0062,0.2517,15.0865,6.67
2026-07-27,2026-08-16,Control,20-39,PAYER,3,Photoshoot,14,UL Red,minutes,10,5203,20798,681,10380.0,1.995,0.4991,15.2423,13.09
2026-07-27,2026-08-16,Control,20-39,PAYER,3,Photoshoot,14,Unlimited Lives,minutes,11,5203,20798,1208,71070.0,13.6594,3.4172,58.8328,23.22
2026-07-27,2026-08-16,Control,20-39,PAYER,3,Photoshoot,14,SPT,count,12,5203,20798,0,0.0,0.0,0.0,0.0,0.0
2026-07-27,2026-08-16,Control,20-39,PAYER,3,Photoshoot,14,SPTx2,minutes,13,5203,20798,0,0.0,0.0,0.0,0.0,0.0
2026-07-27,2026-08-16,Control,20-39,PAYER,3,Red Challenge,15,HC,HC,1,5203,20798,834,106400.0,20.4497,5.1159,127.5779,16.03
2026-07-27,2026-08-16,Control,20-39,PAYER,3,Red Challenge,15,Slingshot,count,2,5203,20798,762,884.0,0.1699,0.0425,1.1601,14.65
2026-07-27,2026-08-16,Control,20-39,PAYER,3,Red Challenge,15,Shuffle,count,3,5203,20798,1105,1295.0,0.2489,0.0623,1.1719,21.24
2026-07-27,2026-08-16,Control,20-39,PAYER,3,Red Challenge,15,Comet,count,4,5203,20798,250,269.0,0.0517,0.0129,1.076,4.8
2026-07-27,2026-08-16,Control,20-39,PAYER,3,Red Challenge,15,Red,count,5,5203,20798,0,0.0,0.0,0.0,0.0,0.0
2026-07-27,2026-08-16,Control,20-39,PAYER,3,Red Challenge,15,Chuck,count,6,5203,20798,0,0.0,0.0,0.0,0.0,0.0
2026-07-27,2026-08-16,Control,20-39,PAYER,3,Red Challenge,15,Bomb,count,7,5203,20798,0,0.0,0.0,0.0,0.0,0.0
2026-07-27,2026-08-16,Control,20-39,PAYER,3,Red Challenge,15,UL Bomb,minutes,8,5203,20798,0,0.0,0.0,0.0,0.0,0.0
2026-07-27,2026-08-16,Control,20-39,PAYER,3,Red Challenge,15,UL Chuck,minutes,9,5203,20798,0,0.0,0.0,0.0,0.0,0.0
2026-07-27,2026-08-16,Control,20-39,PAYER,3,Red Challenge,15,UL Red,minutes,10,5203,20798,0,0.0,0.0,0.0,0.0,0.0
2026-07-27,2026-08-16,Control,20-39,PAYER,3,Red Challenge,15,Unlimited Lives,minutes,11,5203,20798,0,0.0,0.0,0.0,0.0,0.0
2026-07-27,2026-08-16,Control,20-39,PAYER,3,Red Challenge,15,SPT,count,12,5203,20798,0,0.0,0.0,0.0,0.0,0.0
2026-07-27,2026-08-16,Control,20-39,PAYER,3,Red Challenge,15,SPTx2,minutes,13,5203,20798,0,0.0,0.0,0.0,0.0,0.0
2026-07-27,2026-08-16,Control,20-39,PAYER,3,River Rush,16,HC,HC,1,5203,20798,1480,114215.0,21.9518,5.4916,77.1723,28.45
2026-07-27,2026-08-16,Control,20-39,PAYER,3,River Rush,16,Slingshot,count,2,5203,20798,306,491.0,0.0944,0.0236,1.6046,5.88
2026-07-27,2026-08-16,Control,20-39,PAYER,3,River Rush,16,Shuffle,count,3,5203,20798,840,1255.0,0.2412,0.0603,1.494,16.14
2026-07-27,2026-08-16,Control,20-39,PAYER,3,River Rush,16,Comet,count,4,5203,20798,1066,1411.0,0.2712,0.0678,1.3236,20.49
2026-07-27,2026-08-16,Control,20-39,PAYER,3,River Rush,16,Red,count,5,5203,20798,771,1011.0,0.1943,0.0486,1.3113,14.82
2026-07-27,2026-08-16,Control,20-39,PAYER,3,River Rush,16,Chuck,count,6,5203,20798,373,463.0,0.089,0.0223,1.2413,7.17
2026-07-27,2026-08-16,Control,20-39,PAYER,3,River Rush,16,Bomb,count,7,5203,20798,356,461.0,0.0886,0.0222,1.2949,6.84
2026-07-27,2026-08-16,Control,20-39,PAYER,3,River Rush,16,UL Bomb,minutes,8,5203,20798,793,17245.0,3.3144,0.8292,21.7465,15.24
2026-07-27,2026-08-16,Control,20-39,PAYER,3,River Rush,16,UL Chuck,minutes,9,5203,20798,956,16270.0,3.127,0.7823,17.0188,18.37
2026-07-27,2026-08-16,Control,20-39,PAYER,3,River Rush,16,UL Red,minutes,10,5203,20798,745,15415.0,2.9627,0.7412,20.6913,14.32
2026-07-27,2026-08-16,Control,20-39,PAYER,3,River Rush,16,Unlimited Lives,minutes,11,5203,20798,261,7205.0,1.3848,0.3464,27.6054,5.02
2026-07-27,2026-08-16,Control,20-39,PAYER,3,River Rush,16,SPT,count,12,5203,20798,432,15470.0,2.9733,0.7438,35.8102,8.3
2026-07-27,2026-08-16,Control,20-39,PAYER,3,River Rush,16,SPTx2,minutes,13,5203,20798,540,8390.0,1.6125,0.4034,15.537,10.38
2026-07-27,2026-08-16,Control,20-39,PAYER,3,Saga,17,HC,HC,1,5203,20798,5004,740785.0,142.3765,35.6181,148.0386,96.18
2026-07-27,2026-08-16,Control,20-39,PAYER,3,Saga,17,Slingshot,count,2,5203,20798,3455,7941.0,1.5262,0.3818,2.2984,66.4
2026-07-27,2026-08-16,Control,20-39,PAYER,3,Saga,17,Shuffle,count,3,5203,20798,3921,11134.0,2.1399,0.5353,2.8396,75.36
2026-07-27,2026-08-16,Control,20-39,PAYER,3,Saga,17,Comet,count,4,5203,20798,3744,8818.0,1.6948,0.424,2.3552,71.96
2026-07-27,2026-08-16,Control,20-39,PAYER,3,Saga,17,Red,count,5,5203,20798,4252,19365.0,3.7219,0.9311,4.5543,81.72
2026-07-27,2026-08-16,Control,20-39,PAYER,3,Saga,17,Chuck,count,6,5203,20798,4455,19300.0,3.7094,0.928,4.3322,85.62
2026-07-27,2026-08-16,Control,20-39,PAYER,3,Saga,17,Bomb,count,7,5203,20798,3811,12037.0,2.3135,0.5788,3.1585,73.25
2026-07-27,2026-08-16,Control,20-39,PAYER,3,Saga,17,UL Bomb,minutes,8,5203,20798,0,0.0,0.0,0.0,0.0,0.0
2026-07-27,2026-08-16,Control,20-39,PAYER,3,Saga,17,UL Chuck,minutes,9,5203,20798,0,0.0,0.0,0.0,0.0,0.0
2026-07-27,2026-08-16,Control,20-39,PAYER,3,Saga,17,UL Red,minutes,10,5203,20798,1,15.0,0.0029,0.0007,15.0,0.02
2026-07-27,2026-08-16,Control,20-39,PAYER,3,Saga,17,Unlimited Lives,minutes,11,5203,20798,4988,1208205.0,232.2131,58.0924,242.2223,95.87
2026-07-27,2026-08-16,Control,20-39,PAYER,3,Saga,17,SPT,count,12,5203,20798,0,0.0,0.0,0.0,0.0,0.0
2026-07-27,2026-08-16,Control,20-39,PAYER,3,Saga,17,SPTx2,minutes,13,5203,20798,0,0.0,0.0,0.0,0.0,0.0
2026-07-27,2026-08-16,Control,20-39,PAYER,3,Season Pass (Free),18,HC,HC,1,5203,20798,3147,229500.0,44.1092,11.0347,72.9266,60.48
2026-07-27,2026-08-16,Control,20-39,PAYER,3,Season Pass (Free),18,Slingshot,count,2,5203,20798,1344,2387.0,0.4588,0.1148,1.776,25.83
2026-07-27,2026-08-16,Control,20-39,PAYER,3,Season Pass (Free),18,Shuffle,count,3,5203,20798,1903,3212.0,0.6173,0.1544,1.6879,36.58
2026-07-27,2026-08-16,Control,20-39,PAYER,3,Season Pass (Free),18,Comet,count,4,5203,20798,588,1263.0,0.2427,0.0607,2.148,11.3
2026-07-27,2026-08-16,Control,20-39,PAYER,3,Season Pass (Free),18,Red,count,5,5203,20798,2179,5019.0,0.9646,0.2413,2.3034,41.88
2026-07-27,2026-08-16,Control,20-39,PAYER,3,Season Pass (Free),18,Chuck,count,6,5203,20798,2568,6300.0,1.2108,0.3029,2.4533,49.36
2026-07-27,2026-08-16,Control,20-39,PAYER,3,Season Pass (Free),18,Bomb,count,7,5203,20798,1848,3684.0,0.7081,0.1771,1.9935,35.52
2026-07-27,2026-08-16,Control,20-39,PAYER,3,Season Pass (Free),18,UL Bomb,minutes,8,5203,20798,570,11105.0,2.1343,0.5339,19.4825,10.96
2026-07-27,2026-08-16,Control,20-39,PAYER,3,Season Pass (Free),18,UL Chuck,minutes,9,5203,20798,1376,32265.0,6.2012,1.5514,23.4484,26.45
2026-07-27,2026-08-16,Control,20-39,PAYER,3,Season Pass (Free),18,UL Red,minutes,10,5203,20798,2320,48850.0,9.3888,2.3488,21.056,44.59
2026-07-27,2026-08-16,Control,20-39,PAYER,3,Season Pass (Free),18,Unlimited Lives,minutes,11,5203,20798,2661,341425.0,65.6208,16.4162,128.307,51.14
2026-07-27,2026-08-16,Control,20-39,PAYER,3,Season Pass (Free),18,SPT,count,12,5203,20798,39,1326.0,0.2549,0.0638,34.0,0.75
2026-07-27,2026-08-16,Control,20-39,PAYER,3,Season Pass (Free),18,SPTx2,minutes,13,5203,20798,0,0.0,0.0,0.0,0.0,0.0
2026-07-27,2026-08-16,Control,20-39,PAYER,3,Target Day,19,HC,HC,1,5203,20798,772,96345.0,18.5172,4.6324,124.7992,14.84
2026-07-27,2026-08-16,Control,20-39,PAYER,3,Target Day,19,Slingshot,count,2,5203,20798,737,823.0,0.1582,0.0396,1.1167,14.16
2026-07-27,2026-08-16,Control,20-39,PAYER,3,Target Day,19,Shuffle,count,3,5203,20798,979,1113.0,0.2139,0.0535,1.1369,18.82
2026-07-27,2026-08-16,Control,20-39,PAYER,3,Target Day,19,Comet,count,4,5203,20798,242,258.0,0.0496,0.0124,1.0661,4.65
2026-07-27,2026-08-16,Control,20-39,PAYER,3,Target Day,19,Red,count,5,5203,20798,1,1.0,0.0002,0.0,1.0,0.02
2026-07-27,2026-08-16,Control,20-39,PAYER,3,Target Day,19,Chuck,count,6,5203,20798,0,0.0,0.0,0.0,0.0,0.0
2026-07-27,2026-08-16,Control,20-39,PAYER,3,Target Day,19,Bomb,count,7,5203,20798,1,1.0,0.0002,0.0,1.0,0.02
2026-07-27,2026-08-16,Control,20-39,PAYER,3,Target Day,19,UL Bomb,minutes,8,5203,20798,0,0.0,0.0,0.0,0.0,0.0
2026-07-27,2026-08-16,Control,20-39,PAYER,3,Target Day,19,UL Chuck,minutes,9,5203,20798,0,0.0,0.0,0.0,0.0,0.0
2026-07-27,2026-08-16,Control,20-39,PAYER,3,Target Day,19,UL Red,minutes,10,5203,20798,0,0.0,0.0,0.0,0.0,0.0
2026-07-27,2026-08-16,Control,20-39,PAYER,3,Target Day,19,Unlimited Lives,minutes,11,5203,20798,1508,58320.0,11.2089,2.8041,38.6737,28.98
2026-07-27,2026-08-16,Control,20-39,PAYER,3,Target Day,19,SPT,count,12,5203,20798,0,0.0,0.0,0.0,0.0,0.0
2026-07-27,2026-08-16,Control,20-39,PAYER,3,Target Day,19,SPTx2,minutes,13,5203,20798,0,0.0,0.0,0.0,0.0,0.0
2026-07-27,2026-08-16,Control,20-39,PAYER,3,Team Event,20,HC,HC,1,5203,20798,1878,229960.0,44.1976,11.0568,122.4494,36.09
2026-07-27,2026-08-16,Control,20-39,PAYER,3,Team Event,20,Slingshot,count,2,5203,20798,1498,2738.0,0.5262,0.1316,1.8278,28.79
2026-07-27,2026-08-16,Control,20-39,PAYER,3,Team Event,20,Shuffle,count,3,5203,20798,491,1284.0,0.2468,0.0617,2.6151,9.44
2026-07-27,2026-08-16,Control,20-39,PAYER,3,Team Event,20,Comet,count,4,5203,20798,419,689.0,0.1324,0.0331,1.6444,8.05
2026-07-27,2026-08-16,Control,20-39,PAYER,3,Team Event,20,Red,count,5,5203,20798,0,0.0,0.0,0.0,0.0,0.0
2026-07-27,2026-08-16,Control,20-39,PAYER,3,Team Event,20,Chuck,count,6,5203,20798,0,0.0,0.0,0.0,0.0,0.0
2026-07-27,2026-08-16,Control,20-39,PAYER,3,Team Event,20,Bomb,count,7,5203,20798,0,0.0,0.0,0.0,0.0,0.0
2026-07-27,2026-08-16,Control,20-39,PAYER,3,Team Event,20,UL Bomb,minutes,8,5203,20798,0,0.0,0.0,0.0,0.0,0.0
2026-07-27,2026-08-16,Control,20-39,PAYER,3,Team Event,20,UL Chuck,minutes,9,5203,20798,0,0.0,0.0,0.0,0.0,0.0
2026-07-27,2026-08-16,Control,20-39,PAYER,3,Team Event,20,UL Red,minutes,10,5203,20798,0,0.0,0.0,0.0,0.0,0.0
2026-07-27,2026-08-16,Control,20-39,PAYER,3,Team Event,20,Unlimited Lives,minutes,11,5203,20798,0,0.0,0.0,0.0,0.0,0.0
2026-07-27,2026-08-16,Control,20-39,PAYER,3,Team Event,20,SPT,count,12,5203,20798,0,0.0,0.0,0.0,0.0,0.0
2026-07-27,2026-08-16,Control,20-39,PAYER,3,Team Event,20,SPTx2,minutes,13,5203,20798,0,0.0,0.0,0.0,0.0,0.0
2026-07-27,2026-08-16,Control,20-39,PAYER,3,Team Race,21,HC,HC,1,5203,20798,2305,271970.0,52.2718,13.0767,117.9913,44.3
2026-07-27,2026-08-16,Control,20-39,PAYER,3,Team Race,21,Slingshot,count,2,5203,20798,1268,1607.0,0.3089,0.0773,1.2674,24.37
2026-07-27,2026-08-16,Control,20-39,PAYER,3,Team Race,21,Shuffle,count,3,5203,20798,1767,2524.0,0.4851,0.1214,1.4284,33.96
2026-07-27,2026-08-16,Control,20-39,PAYER,3,Team Race,21,Comet,count,4,5203,20798,2280,3740.0,0.7188,0.1798,1.6404,43.82
2026-07-27,2026-08-16,Control,20-39,PAYER,3,Team Race,21,Red,count,5,5203,20798,297,316.0,0.0607,0.0152,1.064,5.71
2026-07-27,2026-08-16,Control,20-39,PAYER,3,Team Race,21,Chuck,count,6,5203,20798,466,532.0,0.1022,0.0256,1.1416,8.96
2026-07-27,2026-08-16,Control,20-39,PAYER,3,Team Race,21,Bomb,count,7,5203,20798,1237,1540.0,0.296,0.074,1.2449,23.77
2026-07-27,2026-08-16,Control,20-39,PAYER,3,Team Race,21,UL Bomb,minutes,8,5203,20798,0,0.0,0.0,0.0,0.0,0.0
2026-07-27,2026-08-16,Control,20-39,PAYER,3,Team Race,21,UL Chuck,minutes,9,5203,20798,0,0.0,0.0,0.0,0.0,0.0
2026-07-27,2026-08-16,Control,20-39,PAYER,3,Team Race,21,UL Red,minutes,10,5203,20798,0,0.0,0.0,0.0,0.0,0.0
2026-07-27,2026-08-16,Control,20-39,PAYER,3,Team Race,21,Unlimited Lives,minutes,11,5203,20798,1,20.0,0.0038,0.001,20.0,0.02
2026-07-27,2026-08-16,Control,20-39,PAYER,3,Team Race,21,SPT,count,12,5203,20798,0,0.0,0.0,0.0,0.0,0.0
2026-07-27,2026-08-16,Control,20-39,PAYER,3,Team Race,21,SPTx2,minutes,13,5203,20798,0,0.0,0.0,0.0,0.0,0.0
2026-07-27,2026-08-16,Control,20-39,PAYER,3,Flash Race,22,HC,HC,1,5203,20798,2525,254575.0,48.9285,12.2404,100.8218,48.53
2026-07-27,2026-08-16,Control,20-39,PAYER,3,Flash Race,22,Slingshot,count,2,5203,20798,981,1213.0,0.2331,0.0583,1.2365,18.85
2026-07-27,2026-08-16,Control,20-39,PAYER,3,Flash Race,22,Shuffle,count,3,5203,20798,1159,1433.0,0.2754,0.0689,1.2364,22.28
2026-07-27,2026-08-16,Control,20-39,PAYER,3,Flash Race,22,Comet,count,4,5203,20798,1187,1526.0,0.2933,0.0734,1.2856,22.81
2026-07-27,2026-08-16,Control,20-39,PAYER,3,Flash Race,22,Red,count,5,5203,20798,191,206.0,0.0396,0.0099,1.0785,3.67
2026-07-27,2026-08-16,Control,20-39,PAYER,3,Flash Race,22,Chuck,count,6,5203,20798,405,468.0,0.0899,0.0225,1.1556,7.78
2026-07-27,2026-08-16,Control,20-39,PAYER,3,Flash Race,22,Bomb,count,7,5203,20798,690,838.0,0.1611,0.0403,1.2145,13.26
2026-07-27,2026-08-16,Control,20-39,PAYER,3,Flash Race,22,UL Bomb,minutes,8,5203,20798,0,0.0,0.0,0.0,0.0,0.0
2026-07-27,2026-08-16,Control,20-39,PAYER,3,Flash Race,22,UL Chuck,minutes,9,5203,20798,0,0.0,0.0,0.0,0.0,0.0
2026-07-27,2026-08-16,Control,20-39,PAYER,3,Flash Race,22,UL Red,minutes,10,5203,20798,0,0.0,0.0,0.0,0.0,0.0
2026-07-27,2026-08-16,Control,20-39,PAYER,3,Flash Race,22,Unlimited Lives,minutes,11,5203,20798,397,20855.0,4.0083,1.0027,52.5315,7.63
2026-07-27,2026-08-16,Control,20-39,PAYER,3,Flash Race,22,SPT,count,12,5203,20798,2788,258945.0,49.7684,12.4505,92.8784,53.58
2026-07-27,2026-08-16,Control,20-39,PAYER,3,Flash Race,22,SPTx2,minutes,13,5203,20798,0,0.0,0.0,0.0,0.0,0.0
2026-07-27,2026-08-16,Control,20-39,PAYER,3,FlowerCoop,23,HC,HC,1,5203,20798,0,0.0,0.0,0.0,0.0,0.0
2026-07-27,2026-08-16,Control,20-39,PAYER,3,FlowerCoop,23,Slingshot,count,2,5203,20798,0,0.0,0.0,0.0,0.0,0.0
2026-07-27,2026-08-16,Control,20-39,PAYER,3,FlowerCoop,23,Shuffle,count,3,5203,20798,0,0.0,0.0,0.0,0.0,0.0
2026-07-27,2026-08-16,Control,20-39,PAYER,3,FlowerCoop,23,Comet,count,4,5203,20798,0,0.0,0.0,0.0,0.0,0.0
2026-07-27,2026-08-16,Control,20-39,PAYER,3,FlowerCoop,23,Red,count,5,5203,20798,0,0.0,0.0,0.0,0.0,0.0
2026-07-27,2026-08-16,Control,20-39,PAYER,3,FlowerCoop,23,Chuck,count,6,5203,20798,0,0.0,0.0,0.0,0.0,0.0
2026-07-27,2026-08-16,Control,20-39,PAYER,3,FlowerCoop,23,Bomb,count,7,5203,20798,0,0.0,0.0,0.0,0.0,0.0
2026-07-27,2026-08-16,Control,20-39,PAYER,3,FlowerCoop,23,UL Bomb,minutes,8,5203,20798,0,0.0,0.0,0.0,0.0,0.0
2026-07-27,2026-08-16,Control,20-39,PAYER,3,FlowerCoop,23,UL Chuck,minutes,9,5203,20798,0,0.0,0.0,0.0,0.0,0.0
2026-07-27,2026-08-16,Control,20-39,PAYER,3,FlowerCoop,23,UL Red,minutes,10,5203,20798,0,0.0,0.0,0.0,0.0,0.0
2026-07-27,2026-08-16,Control,20-39,PAYER,3,FlowerCoop,23,Unlimited Lives,minutes,11,5203,20798,0,0.0,0.0,0.0,0.0,0.0
2026-07-27,2026-08-16,Control,20-39,PAYER,3,FlowerCoop,23,SPT,count,12,5203,20798,0,0.0,0.0,0.0,0.0,0.0
2026-07-27,2026-08-16,Control,20-39,PAYER,3,FlowerCoop,23,SPTx2,minutes,13,5203,20798,0,0.0,0.0,0.0,0.0,0.0
2026-07-27,2026-08-16,Control,20-39,PAYER,3,Rainbow Maker,24,HC,HC,1,5203,20798,2,130.0,0.025,0.0063,65.0,0.04
2026-07-27,2026-08-16,Control,20-39,PAYER,3,Rainbow Maker,24,Slingshot,count,2,5203,20798,2,3.0,0.0006,0.0001,1.5,0.04
2026-07-27,2026-08-16,Control,20-39,PAYER,3,Rainbow Maker,24,Shuffle,count,3,5203,20798,2,3.0,0.0006,0.0001,1.5,0.04
2026-07-27,2026-08-16,Control,20-39,PAYER,3,Rainbow Maker,24,Comet,count,4,5203,20798,2,2.0,0.0004,0.0001,1.0,0.04
2026-07-27,2026-08-16,Control,20-39,PAYER,3,Rainbow Maker,24,Red,count,5,5203,20798,0,0.0,0.0,0.0,0.0,0.0
2026-07-27,2026-08-16,Control,20-39,PAYER,3,Rainbow Maker,24,Chuck,count,6,5203,20798,0,0.0,0.0,0.0,0.0,0.0
2026-07-27,2026-08-16,Control,20-39,PAYER,3,Rainbow Maker,24,Bomb,count,7,5203,20798,1,1.0,0.0002,0.0,1.0,0.02
2026-07-27,2026-08-16,Control,20-39,PAYER,3,Rainbow Maker,24,UL Bomb,minutes,8,5203,20798,0,0.0,0.0,0.0,0.0,0.0
2026-07-27,2026-08-16,Control,20-39,PAYER,3,Rainbow Maker,24,UL Chuck,minutes,9,5203,20798,0,0.0,0.0,0.0,0.0,0.0
2026-07-27,2026-08-16,Control,20-39,PAYER,3,Rainbow Maker,24,UL Red,minutes,10,5203,20798,2,20.0,0.0038,0.001,10.0,0.04
2026-07-27,2026-08-16,Control,20-39,PAYER,3,Rainbow Maker,24,Unlimited Lives,minutes,11,5203,20798,2,60.0,0.0115,0.0029,30.0,0.04
2026-07-27,2026-08-16,Control,20-39,PAYER,3,Rainbow Maker,24,SPT,count,12,5203,20798,3,560.0,0.1076,0.0269,186.6667,0.06
2026-07-27,2026-08-16,Control,20-39,PAYER,3,Rainbow Maker,24,SPTx2,minutes,13,5203,20798,1,20.0,0.0038,0.001,20.0,0.02
2026-07-27,2026-08-16,Control,20-39,PAYER,3,IAPs,25,HC,HC,1,5203,20798,0,0.0,0.0,0.0,0.0,0.0
2026-07-27,2026-08-16,Control,20-39,PAYER,3,IAPs,25,Slingshot,count,2,5203,20798,0,0.0,0.0,0.0,0.0,0.0
2026-07-27,2026-08-16,Control,20-39,PAYER,3,IAPs,25,Shuffle,count,3,5203,20798,0,0.0,0.0,0.0,0.0,0.0
2026-07-27,2026-08-16,Control,20-39,PAYER,3,IAPs,25,Comet,count,4,5203,20798,0,0.0,0.0,0.0,0.0,0.0
2026-07-27,2026-08-16,Control,20-39,PAYER,3,IAPs,25,Red,count,5,5203,20798,0,0.0,0.0,0.0,0.0,0.0
2026-07-27,2026-08-16,Control,20-39,PAYER,3,IAPs,25,Chuck,count,6,5203,20798,0,0.0,0.0,0.0,0.0,0.0
2026-07-27,2026-08-16,Control,20-39,PAYER,3,IAPs,25,Bomb,count,7,5203,20798,0,0.0,0.0,0.0,0.0,0.0
2026-07-27,2026-08-16,Control,20-39,PAYER,3,IAPs,25,UL Bomb,minutes,8,5203,20798,0,0.0,0.0,0.0,0.0,0.0
2026-07-27,2026-08-16,Control,20-39,PAYER,3,IAPs,25,UL Chuck,minutes,9,5203,20798,0,0.0,0.0,0.0,0.0,0.0
2026-07-27,2026-08-16,Control,20-39,PAYER,3,IAPs,25,UL Red,minutes,10,5203,20798,0,0.0,0.0,0.0,0.0,0.0
2026-07-27,2026-08-16,Control,20-39,PAYER,3,IAPs,25,Unlimited Lives,minutes,11,5203,20798,0,0.0,0.0,0.0,0.0,0.0
2026-07-27,2026-08-16,Control,20-39,PAYER,3,IAPs,25,SPT,count,12,5203,20798,0,0.0,0.0,0.0,0.0,0.0
2026-07-27,2026-08-16,Control,20-39,PAYER,3,IAPs,25,SPTx2,minutes,13,5203,20798,0,0.0,0.0,0.0,0.0,0.0
2026-07-27,2026-08-16,Control,40-99,NONPAYER,4,Ads,1,HC,HC,1,11584,57196,3451,262915.0,22.6964,4.5967,76.1852,29.79
2026-07-27,2026-08-16,Control,40-99,NONPAYER,4,Ads,1,Slingshot,count,2,11584,57196,2092,5691.0,0.4913,0.0995,2.7204,18.06
2026-07-27,2026-08-16,Control,40-99,NONPAYER,4,Ads,1,Shuffle,count,3,11584,57196,2093,5757.0,0.497,0.1007,2.7506,18.07
2026-07-27,2026-08-16,Control,40-99,NONPAYER,4,Ads,1,Comet,count,4,11584,57196,1390,2783.0,0.2402,0.0487,2.0022,12.0
2026-07-27,2026-08-16,Control,40-99,NONPAYER,4,Ads,1,Red,count,5,11584,57196,0,0.0,0.0,0.0,0.0,0.0
2026-07-27,2026-08-16,Control,40-99,NONPAYER,4,Ads,1,Chuck,count,6,11584,57196,1,1.0,0.0001,0.0,1.0,0.01
2026-07-27,2026-08-16,Control,40-99,NONPAYER,4,Ads,1,Bomb,count,7,11584,57196,0,0.0,0.0,0.0,0.0,0.0
2026-07-27,2026-08-16,Control,40-99,NONPAYER,4,Ads,1,UL Bomb,minutes,8,11584,57196,0,0.0,0.0,0.0,0.0,0.0
2026-07-27,2026-08-16,Control,40-99,NONPAYER,4,Ads,1,UL Chuck,minutes,9,11584,57196,0,0.0,0.0,0.0,0.0,0.0
2026-07-27,2026-08-16,Control,40-99,NONPAYER,4,Ads,1,UL Red,minutes,10,11584,57196,0,0.0,0.0,0.0,0.0,0.0
2026-07-27,2026-08-16,Control,40-99,NONPAYER,4,Ads,1,Unlimited Lives,minutes,11,11584,57196,2364,87485.0,7.5522,1.5296,37.0072,20.41
2026-07-27,2026-08-16,Control,40-99,NONPAYER,4,Ads,1,SPT,count,12,11584,57196,0,0.0,0.0,0.0,0.0,0.0
2026-07-27,2026-08-16,Control,40-99,NONPAYER,4,Ads,1,SPTx2,minutes,13,11584,57196,0,0.0,0.0,0.0,0.0,0.0
2026-07-27,2026-08-16,Control,40-99,NONPAYER,4,Bomb Challenge,2,HC,HC,1,11584,57196,2827,454650.0,39.2481,7.949,160.8242,24.4
2026-07-27,2026-08-16,Control,40-99,NONPAYER,4,Bomb Challenge,2,Slingshot,count,2,11584,57196,1663,1923.0,0.166,0.0336,1.1563,14.36
2026-07-27,2026-08-16,Control,40-99,NONPAYER,4,Bomb Challenge,2,Shuffle,count,3,11584,57196,3012,3795.0,0.3276,0.0664,1.26,26.0
2026-07-27,2026-08-16,Control,40-99,NONPAYER,4,Bomb Challenge,2,Comet,count,4,11584,57196,1166,1370.0,0.1183,0.024,1.175,10.07
2026-07-27,2026-08-16,Control,40-99,NONPAYER,4,Bomb Challenge,2,Red,count,5,11584,57196,0,0.0,0.0,0.0,0.0,0.0
2026-07-27,2026-08-16,Control,40-99,NONPAYER,4,Bomb Challenge,2,Chuck,count,6,11584,57196,0,0.0,0.0,0.0,0.0,0.0
2026-07-27,2026-08-16,Control,40-99,NONPAYER,4,Bomb Challenge,2,Bomb,count,7,11584,57196,0,0.0,0.0,0.0,0.0,0.0
2026-07-27,2026-08-16,Control,40-99,NONPAYER,4,Bomb Challenge,2,UL Bomb,minutes,8,11584,57196,0,0.0,0.0,0.0,0.0,0.0
2026-07-27,2026-08-16,Control,40-99,NONPAYER,4,Bomb Challenge,2,UL Chuck,minutes,9,11584,57196,0,0.0,0.0,0.0,0.0,0.0
2026-07-27,2026-08-16,Control,40-99,NONPAYER,4,Bomb Challenge,2,UL Red,minutes,10,11584,57196,0,0.0,0.0,0.0,0.0,0.0
2026-07-27,2026-08-16,Control,40-99,NONPAYER,4,Bomb Challenge,2,Unlimited Lives,minutes,11,11584,57196,0,0.0,0.0,0.0,0.0,0.0
2026-07-27,2026-08-16,Control,40-99,NONPAYER,4,Bomb Challenge,2,SPT,count,12,11584,57196,0,0.0,0.0,0.0,0.0,0.0
2026-07-27,2026-08-16,Control,40-99,NONPAYER,4,Bomb Challenge,2,SPTx2,minutes,13,11584,57196,0,0.0,0.0,0.0,0.0,0.0
2026-07-27,2026-08-16,Control,40-99,NONPAYER,4,Bomb's Ballet,3,HC,HC,1,11584,57196,3551,163475.0,14.1121,2.8582,46.0363,30.65
2026-07-27,2026-08-16,Control,40-99,NONPAYER,4,Bomb's Ballet,3,Slingshot,count,2,11584,57196,1130,1160.0,0.1001,0.0203,1.0265,9.75
2026-07-27,2026-08-16,Control,40-99,NONPAYER,4,Bomb's Ballet,3,Shuffle,count,3,11584,57196,560,569.0,0.0491,0.0099,1.0161,4.83
2026-07-27,2026-08-16,Control,40-99,NONPAYER,4,Bomb's Ballet,3,Comet,count,4,11584,57196,562,632.0,0.0546,0.011,1.1246,4.85
2026-07-27,2026-08-16,Control,40-99,NONPAYER,4,Bomb's Ballet,3,Red,count,5,11584,57196,2736,2796.0,0.2414,0.0489,1.0219,23.62
2026-07-27,2026-08-16,Control,40-99,NONPAYER,4,Bomb's Ballet,3,Chuck,count,6,11584,57196,3325,3399.0,0.2934,0.0594,1.0223,28.7
2026-07-27,2026-08-16,Control,40-99,NONPAYER,4,Bomb's Ballet,3,Bomb,count,7,11584,57196,562,632.0,0.0546,0.011,1.1246,4.85
2026-07-27,2026-08-16,Control,40-99,NONPAYER,4,Bomb's Ballet,3,UL Bomb,minutes,8,11584,57196,3214,51360.0,4.4337,0.898,15.9801,27.75
2026-07-27,2026-08-16,Control,40-99,NONPAYER,4,Bomb's Ballet,3,UL Chuck,minutes,9,11584,57196,3698,59635.0,5.148,1.0426,16.1263,31.92
2026-07-27,2026-08-16,Control,40-99,NONPAYER,4,Bomb's Ballet,3,UL Red,minutes,10,11584,57196,3803,68190.0,5.8866,1.1922,17.9306,32.83
2026-07-27,2026-08-16,Control,40-99,NONPAYER,4,Bomb's Ballet,3,Unlimited Lives,minutes,11,11584,57196,3663,302670.0,26.1283,5.2918,82.629,31.62
2026-07-27,2026-08-16,Control,40-99,NONPAYER,4,Bomb's Ballet,3,SPT,count,12,11584,57196,0,0.0,0.0,0.0,0.0,0.0
2026-07-27,2026-08-16,Control,40-99,NONPAYER,4,Bomb's Ballet,3,SPTx2,minutes,13,11584,57196,0,0.0,0.0,0.0,0.0,0.0
2026-07-27,2026-08-16,Control,40-99,NONPAYER,4,Chuck Challenge,4,HC,HC,1,11584,57196,11,1500.0,0.1295,0.0262,136.3636,0.09
2026-07-27,2026-08-16,Control,40-99,NONPAYER,4,Chuck Challenge,4,Slingshot,count,2,11584,57196,12,12.0,0.001,0.0002,1.0,0.1
2026-07-27,2026-08-16,Control,40-99,NONPAYER,4,Chuck Challenge,4,Shuffle,count,3,11584,57196,14,15.0,0.0013,0.0003,1.0714,0.12
2026-07-27,2026-08-16,Control,40-99,NONPAYER,4,Chuck Challenge,4,Comet,count,4,11584,57196,5,5.0,0.0004,0.0001,1.0,0.04
2026-07-27,2026-08-16,Control,40-99,NONPAYER,4,Chuck Challenge,4,Red,count,5,11584,57196,0,0.0,0.0,0.0,0.0,0.0
2026-07-27,2026-08-16,Control,40-99,NONPAYER,4,Chuck Challenge,4,Chuck,count,6,11584,57196,0,0.0,0.0,0.0,0.0,0.0
2026-07-27,2026-08-16,Control,40-99,NONPAYER,4,Chuck Challenge,4,Bomb,count,7,11584,57196,0,0.0,0.0,0.0,0.0,0.0
2026-07-27,2026-08-16,Control,40-99,NONPAYER,4,Chuck Challenge,4,UL Bomb,minutes,8,11584,57196,0,0.0,0.0,0.0,0.0,0.0
2026-07-27,2026-08-16,Control,40-99,NONPAYER,4,Chuck Challenge,4,UL Chuck,minutes,9,11584,57196,0,0.0,0.0,0.0,0.0,0.0
2026-07-27,2026-08-16,Control,40-99,NONPAYER,4,Chuck Challenge,4,UL Red,minutes,10,11584,57196,0,0.0,0.0,0.0,0.0,0.0
2026-07-27,2026-08-16,Control,40-99,NONPAYER,4,Chuck Challenge,4,Unlimited Lives,minutes,11,11584,57196,0,0.0,0.0,0.0,0.0,0.0
2026-07-27,2026-08-16,Control,40-99,NONPAYER,4,Chuck Challenge,4,SPT,count,12,11584,57196,0,0.0,0.0,0.0,0.0,0.0
2026-07-27,2026-08-16,Control,40-99,NONPAYER,4,Chuck Challenge,4,SPTx2,minutes,13,11584,57196,0,0.0,0.0,0.0,0.0,0.0
2026-07-27,2026-08-16,Control,40-99,NONPAYER,4,Core,5,HC,HC,1,11584,57196,10598,2527340.0,218.1751,44.1874,238.4733,91.49
2026-07-27,2026-08-16,Control,40-99,NONPAYER,4,Core,5,Slingshot,count,2,11584,57196,7803,17995.0,1.5534,0.3146,2.3062,67.36
2026-07-27,2026-08-16,Control,40-99,NONPAYER,4,Core,5,Shuffle,count,3,11584,57196,9139,27793.0,2.3993,0.4859,3.0411,78.89
2026-07-27,2026-08-16,Control,40-99,NONPAYER,4,Core,5,Comet,count,4,11584,57196,6596,11293.0,0.9749,0.1974,1.7121,56.94
2026-07-27,2026-08-16,Control,40-99,NONPAYER,4,Core,5,Red,count,5,11584,57196,6349,9866.0,0.8517,0.1725,1.5539,54.81
2026-07-27,2026-08-16,Control,40-99,NONPAYER,4,Core,5,Chuck,count,6,11584,57196,5439,9768.0,0.8432,0.1708,1.7959,46.95
2026-07-27,2026-08-16,Control,40-99,NONPAYER,4,Core,5,Bomb,count,7,11584,57196,6447,8882.0,0.7667,0.1553,1.3777,55.65
2026-07-27,2026-08-16,Control,40-99,NONPAYER,4,Core,5,UL Bomb,minutes,8,11584,57196,0,0.0,0.0,0.0,0.0,0.0
2026-07-27,2026-08-16,Control,40-99,NONPAYER,4,Core,5,UL Chuck,minutes,9,11584,57196,0,0.0,0.0,0.0,0.0,0.0
2026-07-27,2026-08-16,Control,40-99,NONPAYER,4,Core,5,UL Red,minutes,10,11584,57196,0,0.0,0.0,0.0,0.0,0.0
2026-07-27,2026-08-16,Control,40-99,NONPAYER,4,Core,5,Unlimited Lives,minutes,11,11584,57196,9577,1576020.0,136.0515,27.5547,164.563,82.67
2026-07-27,2026-08-16,Control,40-99,NONPAYER,4,Core,5,SPT,count,12,11584,57196,10139,25826842.0,2229.5271,451.5498,2547.277,87.53
2026-07-27,2026-08-16,Control,40-99,NONPAYER,4,Core,5,SPTx2,minutes,13,11584,57196,0,0.0,0.0,0.0,0.0,0.0
2026-07-27,2026-08-16,Control,40-99,NONPAYER,4,Daily Gift,6,HC,HC,1,11584,57196,9694,1162720.0,100.3729,20.3287,119.9422,83.68
2026-07-27,2026-08-16,Control,40-99,NONPAYER,4,Daily Gift,6,Slingshot,count,2,11584,57196,5825,10129.0,0.8744,0.1771,1.7389,50.28
2026-07-27,2026-08-16,Control,40-99,NONPAYER,4,Daily Gift,6,Shuffle,count,3,11584,57196,5768,8211.0,0.7088,0.1436,1.4235,49.79
2026-07-27,2026-08-16,Control,40-99,NONPAYER,4,Daily Gift,6,Comet,count,4,11584,57196,921,939.0,0.0811,0.0164,1.0195,7.95
2026-07-27,2026-08-16,Control,40-99,NONPAYER,4,Daily Gift,6,Red,count,5,11584,57196,0,0.0,0.0,0.0,0.0,0.0
2026-07-27,2026-08-16,Control,40-99,NONPAYER,4,Daily Gift,6,Chuck,count,6,11584,57196,0,0.0,0.0,0.0,0.0,0.0
2026-07-27,2026-08-16,Control,40-99,NONPAYER,4,Daily Gift,6,Bomb,count,7,11584,57196,0,0.0,0.0,0.0,0.0,0.0
2026-07-27,2026-08-16,Control,40-99,NONPAYER,4,Daily Gift,6,UL Bomb,minutes,8,11584,57196,1067,32250.0,2.784,0.5639,30.2249,9.21
2026-07-27,2026-08-16,Control,40-99,NONPAYER,4,Daily Gift,6,UL Chuck,minutes,9,11584,57196,1203,72840.0,6.288,1.2735,60.5486,10.39
2026-07-27,2026-08-16,Control,40-99,NONPAYER,4,Daily Gift,6,UL Red,minutes,10,11584,57196,2164,130680.0,11.2811,2.2848,60.3882,18.68
2026-07-27,2026-08-16,Control,40-99,NONPAYER,4,Daily Gift,6,Unlimited Lives,minutes,11,11584,57196,8057,1030110.0,88.9252,18.0102,127.8528,69.55
2026-07-27,2026-08-16,Control,40-99,NONPAYER,4,Daily Gift,6,SPT,count,12,11584,57196,0,0.0,0.0,0.0,0.0,0.0
2026-07-27,2026-08-16,Control,40-99,NONPAYER,4,Daily Gift,6,SPTx2,minutes,13,11584,57196,10,195.0,0.0168,0.0034,19.5,0.09
2026-07-27,2026-08-16,Control,40-99,NONPAYER,4,Daily Night Sky Prize,7,HC,HC,1,11584,57196,5485,2021030.0,174.4674,35.3352,368.4649,47.35
2026-07-27,2026-08-16,Control,40-99,NONPAYER,4,Daily Night Sky Prize,7,Slingshot,count,2,11584,57196,3055,4933.0,0.4258,0.0862,1.6147,26.37
2026-07-27,2026-08-16,Control,40-99,NONPAYER,4,Daily Night Sky Prize,7,Shuffle,count,3,11584,57196,2,3.0,0.0003,0.0001,1.5,0.02
2026-07-27,2026-08-16,Control,40-99,NONPAYER,4,Daily Night Sky Prize,7,Comet,count,4,11584,57196,857,1639.0,0.1415,0.0287,1.9125,7.4
2026-07-27,2026-08-16,Control,40-99,NONPAYER,4,Daily Night Sky Prize,7,Red,count,5,11584,57196,4106,8855.0,0.7644,0.1548,2.1566,35.45
2026-07-27,2026-08-16,Control,40-99,NONPAYER,4,Daily Night Sky Prize,7,Chuck,count,6,11584,57196,2443,3296.0,0.2845,0.0576,1.3492,21.09
2026-07-27,2026-08-16,Control,40-99,NONPAYER,4,Daily Night Sky Prize,7,Bomb,count,7,11584,57196,1,1.0,0.0001,0.0,1.0,0.01
2026-07-27,2026-08-16,Control,40-99,NONPAYER,4,Daily Night Sky Prize,7,UL Bomb,minutes,8,11584,57196,0,0.0,0.0,0.0,0.0,0.0
2026-07-27,2026-08-16,Control,40-99,NONPAYER,4,Daily Night Sky Prize,7,UL Chuck,minutes,9,11584,57196,0,0.0,0.0,0.0,0.0,0.0
2026-07-27,2026-08-16,Control,40-99,NONPAYER,4,Daily Night Sky Prize,7,UL Red,minutes,10,11584,57196,0,0.0,0.0,0.0,0.0,0.0
2026-07-27,2026-08-16,Control,40-99,NONPAYER,4,Daily Night Sky Prize,7,Unlimited Lives,minutes,11,11584,57196,5485,435380.0,37.5846,7.6121,79.3765,47.35
2026-07-27,2026-08-16,Control,40-99,NONPAYER,4,Daily Night Sky Prize,7,SPT,count,12,11584,57196,0,0.0,0.0,0.0,0.0,0.0
2026-07-27,2026-08-16,Control,40-99,NONPAYER,4,Daily Night Sky Prize,7,SPTx2,minutes,13,11584,57196,0,0.0,0.0,0.0,0.0,0.0
2026-07-27,2026-08-16,Control,40-99,NONPAYER,4,Flock Flurry,8,HC,HC,1,11584,57196,0,0.0,0.0,0.0,0.0,0.0
2026-07-27,2026-08-16,Control,40-99,NONPAYER,4,Flock Flurry,8,Slingshot,count,2,11584,57196,4832,9673.0,0.835,0.1691,2.0019,41.71
2026-07-27,2026-08-16,Control,40-99,NONPAYER,4,Flock Flurry,8,Shuffle,count,3,11584,57196,0,0.0,0.0,0.0,0.0,0.0
2026-07-27,2026-08-16,Control,40-99,NONPAYER,4,Flock Flurry,8,Comet,count,4,11584,57196,0,0.0,0.0,0.0,0.0,0.0
2026-07-27,2026-08-16,Control,40-99,NONPAYER,4,Flock Flurry,8,Red,count,5,11584,57196,4832,9673.0,0.835,0.1691,2.0019,41.71
2026-07-27,2026-08-16,Control,40-99,NONPAYER,4,Flock Flurry,8,Chuck,count,6,11584,57196,4832,9673.0,0.835,0.1691,2.0019,41.71
2026-07-27,2026-08-16,Control,40-99,NONPAYER,4,Flock Flurry,8,Bomb,count,7,11584,57196,4832,9673.0,0.835,0.1691,2.0019,41.71
2026-07-27,2026-08-16,Control,40-99,NONPAYER,4,Flock Flurry,8,UL Bomb,minutes,8,11584,57196,0,0.0,0.0,0.0,0.0,0.0
2026-07-27,2026-08-16,Control,40-99,NONPAYER,4,Flock Flurry,8,UL Chuck,minutes,9,11584,57196,0,0.0,0.0,0.0,0.0,0.0
2026-07-27,2026-08-16,Control,40-99,NONPAYER,4,Flock Flurry,8,UL Red,minutes,10,11584,57196,0,0.0,0.0,0.0,0.0,0.0
2026-07-27,2026-08-16,Control,40-99,NONPAYER,4,Flock Flurry,8,Unlimited Lives,minutes,11,11584,57196,8728,1563340.0,134.9568,27.333,179.1178,75.35
2026-07-27,2026-08-16,Control,40-99,NONPAYER,4,Flock Flurry,8,SPT,count,12,11584,57196,4649,182980.0,15.7959,3.1992,39.359,40.13
2026-07-27,2026-08-16,Control,40-99,NONPAYER,4,Flock Flurry,8,SPTx2,minutes,13,11584,57196,0,0.0,0.0,0.0,0.0,0.0
2026-07-27,2026-08-16,Control,40-99,NONPAYER,4,Hatchling Hideaway,9,HC,HC,1,11584,57196,6826,430750.0,37.1849,7.5311,63.1043,58.93
2026-07-27,2026-08-16,Control,40-99,NONPAYER,4,Hatchling Hideaway,9,Slingshot,count,2,11584,57196,4988,7124.0,0.615,0.1246,1.4282,43.06
2026-07-27,2026-08-16,Control,40-99,NONPAYER,4,Hatchling Hideaway,9,Shuffle,count,3,11584,57196,5630,8055.0,0.6954,0.1408,1.4307,48.6
2026-07-27,2026-08-16,Control,40-99,NONPAYER,4,Hatchling Hideaway,9,Comet,count,4,11584,57196,4165,5916.0,0.5107,0.1034,1.4204,35.95
2026-07-27,2026-08-16,Control,40-99,NONPAYER,4,Hatchling Hideaway,9,Red,count,5,11584,57196,6547,9434.0,0.8144,0.1649,1.441,56.52
2026-07-27,2026-08-16,Control,40-99,NONPAYER,4,Hatchling Hideaway,9,Chuck,count,6,11584,57196,6105,8725.0,0.7532,0.1525,1.4292,52.7
2026-07-27,2026-08-16,Control,40-99,NONPAYER,4,Hatchling Hideaway,9,Bomb,count,7,11584,57196,5630,8055.0,0.6954,0.1408,1.4307,48.6
2026-07-27,2026-08-16,Control,40-99,NONPAYER,4,Hatchling Hideaway,9,UL Bomb,minutes,8,11584,57196,0,0.0,0.0,0.0,0.0,0.0
2026-07-27,2026-08-16,Control,40-99,NONPAYER,4,Hatchling Hideaway,9,UL Chuck,minutes,9,11584,57196,4165,58190.0,5.0233,1.0174,13.9712,35.95
2026-07-27,2026-08-16,Control,40-99,NONPAYER,4,Hatchling Hideaway,9,UL Red,minutes,10,11584,57196,4988,70440.0,6.0808,1.2316,14.1219,43.06
2026-07-27,2026-08-16,Control,40-99,NONPAYER,4,Hatchling Hideaway,9,Unlimited Lives,minutes,11,11584,57196,6971,807690.0,69.7246,14.1214,115.8643,60.18
2026-07-27,2026-08-16,Control,40-99,NONPAYER,4,Hatchling Hideaway,9,SPT,count,12,11584,57196,0,0.0,0.0,0.0,0.0,0.0
2026-07-27,2026-08-16,Control,40-99,NONPAYER,4,Hatchling Hideaway,9,SPTx2,minutes,13,11584,57196,0,0.0,0.0,0.0,0.0,0.0
2026-07-27,2026-08-16,Control,40-99,NONPAYER,4,Jigsaw,10,HC,HC,1,11584,57196,3625,212325.0,18.3292,3.7122,58.5724,31.29
2026-07-27,2026-08-16,Control,40-99,NONPAYER,4,Jigsaw,10,Slingshot,count,2,11584,57196,1682,1781.0,0.1537,0.0311,1.0589,14.52
2026-07-27,2026-08-16,Control,40-99,NONPAYER,4,Jigsaw,10,Shuffle,count,3,11584,57196,0,0.0,0.0,0.0,0.0,0.0
2026-07-27,2026-08-16,Control,40-99,NONPAYER,4,Jigsaw,10,Comet,count,4,11584,57196,1248,1266.0,0.1093,0.0221,1.0144,10.77
2026-07-27,2026-08-16,Control,40-99,NONPAYER,4,Jigsaw,10,Red,count,5,11584,57196,2918,3139.0,0.271,0.0549,1.0757,25.19
2026-07-27,2026-08-16,Control,40-99,NONPAYER,4,Jigsaw,10,Chuck,count,6,11584,57196,3459,3653.0,0.3153,0.0639,1.0561,29.86
2026-07-27,2026-08-16,Control,40-99,NONPAYER,4,Jigsaw,10,Bomb,count,7,11584,57196,1248,1266.0,0.1093,0.0221,1.0144,10.77
2026-07-27,2026-08-16,Control,40-99,NONPAYER,4,Jigsaw,10,UL Bomb,minutes,8,11584,57196,3113,49645.0,4.2857,0.868,15.9476,26.87
2026-07-27,2026-08-16,Control,40-99,NONPAYER,4,Jigsaw,10,UL Chuck,minutes,9,11584,57196,3820,68190.0,5.8866,1.1922,17.8508,32.98
2026-07-27,2026-08-16,Control,40-99,NONPAYER,4,Jigsaw,10,UL Red,minutes,10,11584,57196,3901,76785.0,6.6285,1.3425,19.6834,33.68
2026-07-27,2026-08-16,Control,40-99,NONPAYER,4,Jigsaw,10,Unlimited Lives,minutes,11,11584,57196,3720,358560.0,30.953,6.269,96.3871,32.11
2026-07-27,2026-08-16,Control,40-99,NONPAYER,4,Jigsaw,10,SPT,count,12,11584,57196,0,0.0,0.0,0.0,0.0,0.0
2026-07-27,2026-08-16,Control,40-99,NONPAYER,4,Jigsaw,10,SPTx2,minutes,13,11584,57196,0,0.0,0.0,0.0,0.0,0.0
2026-07-27,2026-08-16,Control,40-99,NONPAYER,4,Kite Festival,11,HC,HC,1,11584,57196,1687,361900.0,31.2414,6.3274,214.5228,14.56
2026-07-27,2026-08-16,Control,40-99,NONPAYER,4,Kite Festival,11,Slingshot,count,2,11584,57196,895,972.0,0.0839,0.017,1.086,7.73
2026-07-27,2026-08-16,Control,40-99,NONPAYER,4,Kite Festival,11,Shuffle,count,3,11584,57196,1446,1629.0,0.1406,0.0285,1.1266,12.48
2026-07-27,2026-08-16,Control,40-99,NONPAYER,4,Kite Festival,11,Comet,count,4,11584,57196,438,473.0,0.0408,0.0083,1.0799,3.78
2026-07-27,2026-08-16,Control,40-99,NONPAYER,4,Kite Festival,11,Red,count,5,11584,57196,154,161.0,0.0139,0.0028,1.0455,1.33
2026-07-27,2026-08-16,Control,40-99,NONPAYER,4,Kite Festival,11,Chuck,count,6,11584,57196,205,210.0,0.0181,0.0037,1.0244,1.77
2026-07-27,2026-08-16,Control,40-99,NONPAYER,4,Kite Festival,11,Bomb,count,7,11584,57196,241,248.0,0.0214,0.0043,1.029,2.08
2026-07-27,2026-08-16,Control,40-99,NONPAYER,4,Kite Festival,11,UL Bomb,minutes,8,11584,57196,0,0.0,0.0,0.0,0.0,0.0
2026-07-27,2026-08-16,Control,40-99,NONPAYER,4,Kite Festival,11,UL Chuck,minutes,9,11584,57196,0,0.0,0.0,0.0,0.0,0.0
2026-07-27,2026-08-16,Control,40-99,NONPAYER,4,Kite Festival,11,UL Red,minutes,10,11584,57196,0,0.0,0.0,0.0,0.0,0.0
2026-07-27,2026-08-16,Control,40-99,NONPAYER,4,Kite Festival,11,Unlimited Lives,minutes,11,11584,57196,3317,163845.0,14.1441,2.8646,49.3955,28.63
2026-07-27,2026-08-16,Control,40-99,NONPAYER,4,Kite Festival,11,SPT,count,12,11584,57196,3185,723005.0,62.4141,12.6408,227.0031,27.49
2026-07-27,2026-08-16,Control,40-99,NONPAYER,4,Kite Festival,11,SPTx2,minutes,13,11584,57196,0,0.0,0.0,0.0,0.0,0.0
2026-07-27,2026-08-16,Control,40-99,NONPAYER,4,Level Race,12,HC,HC,1,11584,57196,0,0.0,0.0,0.0,0.0,0.0
2026-07-27,2026-08-16,Control,40-99,NONPAYER,4,Level Race,12,Slingshot,count,2,11584,57196,0,0.0,0.0,0.0,0.0,0.0
2026-07-27,2026-08-16,Control,40-99,NONPAYER,4,Level Race,12,Shuffle,count,3,11584,57196,0,0.0,0.0,0.0,0.0,0.0
2026-07-27,2026-08-16,Control,40-99,NONPAYER,4,Level Race,12,Comet,count,4,11584,57196,0,0.0,0.0,0.0,0.0,0.0
2026-07-27,2026-08-16,Control,40-99,NONPAYER,4,Level Race,12,Red,count,5,11584,57196,0,0.0,0.0,0.0,0.0,0.0
2026-07-27,2026-08-16,Control,40-99,NONPAYER,4,Level Race,12,Chuck,count,6,11584,57196,0,0.0,0.0,0.0,0.0,0.0
2026-07-27,2026-08-16,Control,40-99,NONPAYER,4,Level Race,12,Bomb,count,7,11584,57196,0,0.0,0.0,0.0,0.0,0.0
2026-07-27,2026-08-16,Control,40-99,NONPAYER,4,Level Race,12,UL Bomb,minutes,8,11584,57196,0,0.0,0.0,0.0,0.0,0.0
2026-07-27,2026-08-16,Control,40-99,NONPAYER,4,Level Race,12,UL Chuck,minutes,9,11584,57196,0,0.0,0.0,0.0,0.0,0.0
2026-07-27,2026-08-16,Control,40-99,NONPAYER,4,Level Race,12,UL Red,minutes,10,11584,57196,0,0.0,0.0,0.0,0.0,0.0
2026-07-27,2026-08-16,Control,40-99,NONPAYER,4,Level Race,12,Unlimited Lives,minutes,11,11584,57196,0,0.0,0.0,0.0,0.0,0.0
2026-07-27,2026-08-16,Control,40-99,NONPAYER,4,Level Race,12,SPT,count,12,11584,57196,0,0.0,0.0,0.0,0.0,0.0
2026-07-27,2026-08-16,Control,40-99,NONPAYER,4,Level Race,12,SPTx2,minutes,13,11584,57196,0,0.0,0.0,0.0,0.0,0.0
2026-07-27,2026-08-16,Control,40-99,NONPAYER,4,Other,13,HC,HC,1,11584,57196,5685,978462.0,84.4667,17.1072,172.1129,49.08
2026-07-27,2026-08-16,Control,40-99,NONPAYER,4,Other,13,Slingshot,count,2,11584,57196,3112,4101.0,0.354,0.0717,1.3178,26.86
2026-07-27,2026-08-16,Control,40-99,NONPAYER,4,Other,13,Shuffle,count,3,11584,57196,4437,7253.0,0.6261,0.1268,1.6347,38.3
2026-07-27,2026-08-16,Control,40-99,NONPAYER,4,Other,13,Comet,count,4,11584,57196,3111,4515.0,0.3898,0.0789,1.4513,26.86
2026-07-27,2026-08-16,Control,40-99,NONPAYER,4,Other,13,Red,count,5,11584,57196,6868,11349.0,0.9797,0.1984,1.6524,59.29
2026-07-27,2026-08-16,Control,40-99,NONPAYER,4,Other,13,Chuck,count,6,11584,57196,6768,11235.0,0.9699,0.1964,1.66,58.43
2026-07-27,2026-08-16,Control,40-99,NONPAYER,4,Other,13,Bomb,count,7,11584,57196,6723,11095.0,0.9578,0.194,1.6503,58.04
2026-07-27,2026-08-16,Control,40-99,NONPAYER,4,Other,13,UL Bomb,minutes,8,11584,57196,39,980.0,0.0846,0.0171,25.1282,0.34
2026-07-27,2026-08-16,Control,40-99,NONPAYER,4,Other,13,UL Chuck,minutes,9,11584,57196,41,990.0,0.0855,0.0173,24.1463,0.35
2026-07-27,2026-08-16,Control,40-99,NONPAYER,4,Other,13,UL Red,minutes,10,11584,57196,52,1155.0,0.0997,0.0202,22.2115,0.45
2026-07-27,2026-08-16,Control,40-99,NONPAYER,4,Other,13,Unlimited Lives,minutes,11,11584,57196,2645,100108.0,8.6419,1.7503,37.848,22.83
2026-07-27,2026-08-16,Control,40-99,NONPAYER,4,Other,13,SPT,count,12,11584,57196,5898,327179.0,28.244,5.7203,55.4729,50.92
2026-07-27,2026-08-16,Control,40-99,NONPAYER,4,Other,13,SPTx2,minutes,13,11584,57196,0,0.0,0.0,0.0,0.0,0.0
2026-07-27,2026-08-16,Control,40-99,NONPAYER,4,Photoshoot,14,HC,HC,1,11584,57196,2835,152525.0,13.1669,2.6667,53.8007,24.47
2026-07-27,2026-08-16,Control,40-99,NONPAYER,4,Photoshoot,14,Slingshot,count,2,11584,57196,0,0.0,0.0,0.0,0.0,0.0
2026-07-27,2026-08-16,Control,40-99,NONPAYER,4,Photoshoot,14,Shuffle,count,3,11584,57196,1171,1195.0,0.1032,0.0209,1.0205,10.11
2026-07-27,2026-08-16,Control,40-99,NONPAYER,4,Photoshoot,14,Comet,count,4,11584,57196,0,0.0,0.0,0.0,0.0,0.0
2026-07-27,2026-08-16,Control,40-99,NONPAYER,4,Photoshoot,14,Red,count,5,11584,57196,2135,2178.0,0.188,0.0381,1.0201,18.43
2026-07-27,2026-08-16,Control,40-99,NONPAYER,4,Photoshoot,14,Chuck,count,6,11584,57196,2723,2822.0,0.2436,0.0493,1.0364,23.51
2026-07-27,2026-08-16,Control,40-99,NONPAYER,4,Photoshoot,14,Bomb,count,7,11584,57196,878,902.0,0.0779,0.0158,1.0273,7.58
2026-07-27,2026-08-16,Control,40-99,NONPAYER,4,Photoshoot,14,UL Bomb,minutes,8,11584,57196,1437,21840.0,1.8854,0.3818,15.1983,12.41
2026-07-27,2026-08-16,Control,40-99,NONPAYER,4,Photoshoot,14,UL Chuck,minutes,9,11584,57196,1943,29580.0,2.5535,0.5172,15.2239,16.77
2026-07-27,2026-08-16,Control,40-99,NONPAYER,4,Photoshoot,14,UL Red,minutes,10,11584,57196,2315,35505.0,3.065,0.6208,15.3369,19.98
2026-07-27,2026-08-16,Control,40-99,NONPAYER,4,Photoshoot,14,Unlimited Lives,minutes,11,11584,57196,3208,407520.0,35.1796,7.125,127.0324,27.69
2026-07-27,2026-08-16,Control,40-99,NONPAYER,4,Photoshoot,14,SPT,count,12,11584,57196,0,0.0,0.0,0.0,0.0,0.0
2026-07-27,2026-08-16,Control,40-99,NONPAYER,4,Photoshoot,14,SPTx2,minutes,13,11584,57196,0,0.0,0.0,0.0,0.0,0.0
2026-07-27,2026-08-16,Control,40-99,NONPAYER,4,Red Challenge,15,HC,HC,1,11584,57196,3466,599250.0,51.7308,10.4771,172.8938,29.92
2026-07-27,2026-08-16,Control,40-99,NONPAYER,4,Red Challenge,15,Slingshot,count,2,11584,57196,1306,1438.0,0.1241,0.0251,1.1011,11.27
2026-07-27,2026-08-16,Control,40-99,NONPAYER,4,Red Challenge,15,Shuffle,count,3,11584,57196,3210,4080.0,0.3522,0.0713,1.271,27.71
2026-07-27,2026-08-16,Control,40-99,NONPAYER,4,Red Challenge,15,Comet,count,4,11584,57196,1633,1945.0,0.1679,0.034,1.1911,14.1
2026-07-27,2026-08-16,Control,40-99,NONPAYER,4,Red Challenge,15,Red,count,5,11584,57196,0,0.0,0.0,0.0,0.0,0.0
2026-07-27,2026-08-16,Control,40-99,NONPAYER,4,Red Challenge,15,Chuck,count,6,11584,57196,0,0.0,0.0,0.0,0.0,0.0
2026-07-27,2026-08-16,Control,40-99,NONPAYER,4,Red Challenge,15,Bomb,count,7,11584,57196,0,0.0,0.0,0.0,0.0,0.0
2026-07-27,2026-08-16,Control,40-99,NONPAYER,4,Red Challenge,15,UL Bomb,minutes,8,11584,57196,0,0.0,0.0,0.0,0.0,0.0
2026-07-27,2026-08-16,Control,40-99,NONPAYER,4,Red Challenge,15,UL Chuck,minutes,9,11584,57196,0,0.0,0.0,0.0,0.0,0.0
2026-07-27,2026-08-16,Control,40-99,NONPAYER,4,Red Challenge,15,UL Red,minutes,10,11584,57196,0,0.0,0.0,0.0,0.0,0.0
2026-07-27,2026-08-16,Control,40-99,NONPAYER,4,Red Challenge,15,Unlimited Lives,minutes,11,11584,57196,0,0.0,0.0,0.0,0.0,0.0
2026-07-27,2026-08-16,Control,40-99,NONPAYER,4,Red Challenge,15,SPT,count,12,11584,57196,0,0.0,0.0,0.0,0.0,0.0
2026-07-27,2026-08-16,Control,40-99,NONPAYER,4,Red Challenge,15,SPTx2,minutes,13,11584,57196,0,0.0,0.0,0.0,0.0,0.0
2026-07-27,2026-08-16,Control,40-99,NONPAYER,4,River Rush,16,HC,HC,1,11584,57196,3347,481955.0,41.6052,8.4264,143.9961,28.89
2026-07-27,2026-08-16,Control,40-99,NONPAYER,4,River Rush,16,Slingshot,count,2,11584,57196,1806,4808.0,0.4151,0.0841,2.6622,15.59
2026-07-27,2026-08-16,Control,40-99,NONPAYER,4,River Rush,16,Shuffle,count,3,11584,57196,2798,6357.0,0.5488,0.1111,2.272,24.15
2026-07-27,2026-08-16,Control,40-99,NONPAYER,4,River Rush,16,Comet,count,4,11584,57196,2845,5883.0,0.5079,0.1029,2.0678,24.56
2026-07-27,2026-08-16,Control,40-99,NONPAYER,4,River Rush,16,Red,count,5,11584,57196,2411,4110.0,0.3548,0.0719,1.7047,20.81
2026-07-27,2026-08-16,Control,40-99,NONPAYER,4,River Rush,16,Chuck,count,6,11584,57196,1596,2478.0,0.2139,0.0433,1.5526,13.78
2026-07-27,2026-08-16,Control,40-99,NONPAYER,4,River Rush,16,Bomb,count,7,11584,57196,1704,3107.0,0.2682,0.0543,1.8234,14.71
2026-07-27,2026-08-16,Control,40-99,NONPAYER,4,River Rush,16,UL Bomb,minutes,8,11584,57196,1948,45365.0,3.9162,0.7931,23.288,16.82
2026-07-27,2026-08-16,Control,40-99,NONPAYER,4,River Rush,16,UL Chuck,minutes,9,11584,57196,2460,79545.0,6.8668,1.3907,32.3354,21.24
2026-07-27,2026-08-16,Control,40-99,NONPAYER,4,River Rush,16,UL Red,minutes,10,11584,57196,2228,91975.0,7.9398,1.6081,41.2814,19.23
2026-07-27,2026-08-16,Control,40-99,NONPAYER,4,River Rush,16,Unlimited Lives,minutes,11,11584,57196,1358,55565.0,4.7967,0.9715,40.9168,11.72
2026-07-27,2026-08-16,Control,40-99,NONPAYER,4,River Rush,16,SPT,count,12,11584,57196,1794,111870.0,9.6573,1.9559,62.3579,15.49
2026-07-27,2026-08-16,Control,40-99,NONPAYER,4,River Rush,16,SPTx2,minutes,13,11584,57196,1715,42195.0,3.6425,0.7377,24.6035,14.8
2026-07-27,2026-08-16,Control,40-99,NONPAYER,4,Saga,17,HC,HC,1,11584,57196,11454,4418160.0,381.4019,77.246,385.7307,98.88
2026-07-27,2026-08-16,Control,40-99,NONPAYER,4,Saga,17,Slingshot,count,2,11584,57196,9617,45984.0,3.9696,0.804,4.7815,83.02
2026-07-27,2026-08-16,Control,40-99,NONPAYER,4,Saga,17,Shuffle,count,3,11584,57196,10351,61630.0,5.3203,1.0775,5.954,89.36
2026-07-27,2026-08-16,Control,40-99,NONPAYER,4,Saga,17,Comet,count,4,11584,57196,10233,47142.0,4.0696,0.8242,4.6069,88.34
2026-07-27,2026-08-16,Control,40-99,NONPAYER,4,Saga,17,Red,count,5,11584,57196,10857,108247.0,9.3445,1.8926,9.9702,93.72
2026-07-27,2026-08-16,Control,40-99,NONPAYER,4,Saga,17,Chuck,count,6,11584,57196,11062,108679.0,9.3818,1.9001,9.8245,95.49
2026-07-27,2026-08-16,Control,40-99,NONPAYER,4,Saga,17,Bomb,count,7,11584,57196,10218,62869.0,5.4272,1.0992,6.1528,88.21
2026-07-27,2026-08-16,Control,40-99,NONPAYER,4,Saga,17,UL Bomb,minutes,8,11584,57196,0,0.0,0.0,0.0,0.0,0.0
2026-07-27,2026-08-16,Control,40-99,NONPAYER,4,Saga,17,UL Chuck,minutes,9,11584,57196,0,0.0,0.0,0.0,0.0,0.0
2026-07-27,2026-08-16,Control,40-99,NONPAYER,4,Saga,17,UL Red,minutes,10,11584,57196,0,0.0,0.0,0.0,0.0,0.0
2026-07-27,2026-08-16,Control,40-99,NONPAYER,4,Saga,17,Unlimited Lives,minutes,11,11584,57196,11415,6461720.0,557.8142,112.975,566.0727,98.54
2026-07-27,2026-08-16,Control,40-99,NONPAYER,4,Saga,17,SPT,count,12,11584,57196,0,0.0,0.0,0.0,0.0,0.0
2026-07-27,2026-08-16,Control,40-99,NONPAYER,4,Saga,17,SPTx2,minutes,13,11584,57196,0,0.0,0.0,0.0,0.0,0.0
2026-07-27,2026-08-16,Control,40-99,NONPAYER,4,Season Pass (Free),18,HC,HC,1,11584,57196,5969,329675.0,28.4595,5.764,55.2312,51.53
2026-07-27,2026-08-16,Control,40-99,NONPAYER,4,Season Pass (Free),18,Slingshot,count,2,11584,57196,2946,3158.0,0.2726,0.0552,1.072,25.43
2026-07-27,2026-08-16,Control,40-99,NONPAYER,4,Season Pass (Free),18,Shuffle,count,3,11584,57196,3870,4885.0,0.4217,0.0854,1.2623,33.41
2026-07-27,2026-08-16,Control,40-99,NONPAYER,4,Season Pass (Free),18,Comet,count,4,11584,57196,0,0.0,0.0,0.0,0.0,0.0
2026-07-27,2026-08-16,Control,40-99,NONPAYER,4,Season Pass (Free),18,Red,count,5,11584,57196,3177,8555.0,0.7385,0.1496,2.6928,27.43
2026-07-27,2026-08-16,Control,40-99,NONPAYER,4,Season Pass (Free),18,Chuck,count,6,11584,57196,4764,12879.0,1.1118,0.2252,2.7034,41.13
2026-07-27,2026-08-16,Control,40-99,NONPAYER,4,Season Pass (Free),18,Bomb,count,7,11584,57196,4011,5633.0,0.4863,0.0985,1.4044,34.63
2026-07-27,2026-08-16,Control,40-99,NONPAYER,4,Season Pass (Free),18,UL Bomb,minutes,8,11584,57196,11,150.0,0.0129,0.0026,13.6364,0.09
2026-07-27,2026-08-16,Control,40-99,NONPAYER,4,Season Pass (Free),18,UL Chuck,minutes,9,11584,57196,1759,28905.0,2.4953,0.5054,16.4326,15.18
2026-07-27,2026-08-16,Control,40-99,NONPAYER,4,Season Pass (Free),18,UL Red,minutes,10,11584,57196,4276,81775.0,7.0593,1.4297,19.1242,36.91
2026-07-27,2026-08-16,Control,40-99,NONPAYER,4,Season Pass (Free),18,Unlimited Lives,minutes,11,11584,57196,5006,381075.0,32.8967,6.6626,76.1237,43.21
2026-07-27,2026-08-16,Control,40-99,NONPAYER,4,Season Pass (Free),18,SPT,count,12,11584,57196,64,3390.0,0.2926,0.0593,52.9688,0.55
2026-07-27,2026-08-16,Control,40-99,NONPAYER,4,Season Pass (Free),18,SPTx2,minutes,13,11584,57196,0,0.0,0.0,0.0,0.0,0.0
2026-07-27,2026-08-16,Control,40-99,NONPAYER,4,Target Day,19,HC,HC,1,11584,57196,3621,626550.0,54.0875,10.9544,173.0323,31.26
2026-07-27,2026-08-16,Control,40-99,NONPAYER,4,Target Day,19,Slingshot,count,2,11584,57196,1296,1406.0,0.1214,0.0246,1.0849,11.19
2026-07-27,2026-08-16,Control,40-99,NONPAYER,4,Target Day,19,Shuffle,count,3,11584,57196,3309,4101.0,0.354,0.0717,1.2393,28.57
2026-07-27,2026-08-16,Control,40-99,NONPAYER,4,Target Day,19,Comet,count,4,11584,57196,1745,2067.0,0.1784,0.0361,1.1845,15.06
2026-07-27,2026-08-16,Control,40-99,NONPAYER,4,Target Day,19,Red,count,5,11584,57196,1,1.0,0.0001,0.0,1.0,0.01
2026-07-27,2026-08-16,Control,40-99,NONPAYER,4,Target Day,19,Chuck,count,6,11584,57196,1,1.0,0.0001,0.0,1.0,0.01
2026-07-27,2026-08-16,Control,40-99,NONPAYER,4,Target Day,19,Bomb,count,7,11584,57196,0,0.0,0.0,0.0,0.0,0.0
2026-07-27,2026-08-16,Control,40-99,NONPAYER,4,Target Day,19,UL Bomb,minutes,8,11584,57196,0,0.0,0.0,0.0,0.0,0.0
2026-07-27,2026-08-16,Control,40-99,NONPAYER,4,Target Day,19,UL Chuck,minutes,9,11584,57196,0,0.0,0.0,0.0,0.0,0.0
2026-07-27,2026-08-16,Control,40-99,NONPAYER,4,Target Day,19,UL Red,minutes,10,11584,57196,0,0.0,0.0,0.0,0.0,0.0
2026-07-27,2026-08-16,Control,40-99,NONPAYER,4,Target Day,19,Unlimited Lives,minutes,11,11584,57196,3510,136200.0,11.7576,2.3813,38.8034,30.3
2026-07-27,2026-08-16,Control,40-99,NONPAYER,4,Target Day,19,SPT,count,12,11584,57196,0,0.0,0.0,0.0,0.0,0.0
2026-07-27,2026-08-16,Control,40-99,NONPAYER,4,Target Day,19,SPTx2,minutes,13,11584,57196,0,0.0,0.0,0.0,0.0,0.0
2026-07-27,2026-08-16,Control,40-99,NONPAYER,4,Team Event,20,HC,HC,1,11584,57196,3835,603520.0,52.0994,10.5518,157.3716,33.11
2026-07-27,2026-08-16,Control,40-99,NONPAYER,4,Team Event,20,Slingshot,count,2,11584,57196,3005,6330.0,0.5464,0.1107,2.1065,25.94
2026-07-27,2026-08-16,Control,40-99,NONPAYER,4,Team Event,20,Shuffle,count,3,11584,57196,1212,3216.0,0.2776,0.0562,2.6535,10.46
2026-07-27,2026-08-16,Control,40-99,NONPAYER,4,Team Event,20,Comet,count,4,11584,57196,1399,2036.0,0.1758,0.0356,1.4553,12.08
2026-07-27,2026-08-16,Control,40-99,NONPAYER,4,Team Event,20,Red,count,5,11584,57196,0,0.0,0.0,0.0,0.0,0.0
2026-07-27,2026-08-16,Control,40-99,NONPAYER,4,Team Event,20,Chuck,count,6,11584,57196,0,0.0,0.0,0.0,0.0,0.0
2026-07-27,2026-08-16,Control,40-99,NONPAYER,4,Team Event,20,Bomb,count,7,11584,57196,0,0.0,0.0,0.0,0.0,0.0
2026-07-27,2026-08-16,Control,40-99,NONPAYER,4,Team Event,20,UL Bomb,minutes,8,11584,57196,0,0.0,0.0,0.0,0.0,0.0
2026-07-27,2026-08-16,Control,40-99,NONPAYER,4,Team Event,20,UL Chuck,minutes,9,11584,57196,0,0.0,0.0,0.0,0.0,0.0
2026-07-27,2026-08-16,Control,40-99,NONPAYER,4,Team Event,20,UL Red,minutes,10,11584,57196,0,0.0,0.0,0.0,0.0,0.0
2026-07-27,2026-08-16,Control,40-99,NONPAYER,4,Team Event,20,Unlimited Lives,minutes,11,11584,57196,0,0.0,0.0,0.0,0.0,0.0
2026-07-27,2026-08-16,Control,40-99,NONPAYER,4,Team Event,20,SPT,count,12,11584,57196,0,0.0,0.0,0.0,0.0,0.0
2026-07-27,2026-08-16,Control,40-99,NONPAYER,4,Team Event,20,SPTx2,minutes,13,11584,57196,0,0.0,0.0,0.0,0.0,0.0
2026-07-27,2026-08-16,Control,40-99,NONPAYER,4,Team Race,21,HC,HC,1,11584,57196,3982,596915.0,51.5293,10.4363,149.9033,34.38
2026-07-27,2026-08-16,Control,40-99,NONPAYER,4,Team Race,21,Slingshot,count,2,11584,57196,2072,2688.0,0.232,0.047,1.2973,17.89
2026-07-27,2026-08-16,Control,40-99,NONPAYER,4,Team Race,21,Shuffle,count,3,11584,57196,3311,5144.0,0.4441,0.0899,1.5536,28.58
2026-07-27,2026-08-16,Control,40-99,NONPAYER,4,Team Race,21,Comet,count,4,11584,57196,3951,7941.0,0.6855,0.1388,2.0099,34.11
2026-07-27,2026-08-16,Control,40-99,NONPAYER,4,Team Race,21,Red,count,5,11584,57196,491,537.0,0.0464,0.0094,1.0937,4.24
2026-07-27,2026-08-16,Control,40-99,NONPAYER,4,Team Race,21,Chuck,count,6,11584,57196,858,990.0,0.0855,0.0173,1.1538,7.41
2026-07-27,2026-08-16,Control,40-99,NONPAYER,4,Team Race,21,Bomb,count,7,11584,57196,2277,3225.0,0.2784,0.0564,1.4163,19.66
2026-07-27,2026-08-16,Control,40-99,NONPAYER,4,Team Race,21,UL Bomb,minutes,8,11584,57196,0,0.0,0.0,0.0,0.0,0.0
2026-07-27,2026-08-16,Control,40-99,NONPAYER,4,Team Race,21,UL Chuck,minutes,9,11584,57196,1,15.0,0.0013,0.0003,15.0,0.01
2026-07-27,2026-08-16,Control,40-99,NONPAYER,4,Team Race,21,UL Red,minutes,10,11584,57196,0,0.0,0.0,0.0,0.0,0.0
2026-07-27,2026-08-16,Control,40-99,NONPAYER,4,Team Race,21,Unlimited Lives,minutes,11,11584,57196,0,0.0,0.0,0.0,0.0,0.0
2026-07-27,2026-08-16,Control,40-99,NONPAYER,4,Team Race,21,SPT,count,12,11584,57196,1,60.0,0.0052,0.001,60.0,0.01
2026-07-27,2026-08-16,Control,40-99,NONPAYER,4,Team Race,21,SPTx2,minutes,13,11584,57196,0,0.0,0.0,0.0,0.0,0.0
2026-07-27,2026-08-16,Control,40-99,NONPAYER,4,Flash Race,22,HC,HC,1,11584,57196,6578,877475.0,75.7489,15.3415,133.3954,56.79
2026-07-27,2026-08-16,Control,40-99,NONPAYER,4,Flash Race,22,Slingshot,count,2,11584,57196,2957,4035.0,0.3483,0.0705,1.3646,25.53
2026-07-27,2026-08-16,Control,40-99,NONPAYER,4,Flash Race,22,Shuffle,count,3,11584,57196,3404,4918.0,0.4246,0.086,1.4448,29.39
2026-07-27,2026-08-16,Control,40-99,NONPAYER,4,Flash Race,22,Comet,count,4,11584,57196,3457,5307.0,0.4581,0.0928,1.5351,29.84
2026-07-27,2026-08-16,Control,40-99,NONPAYER,4,Flash Race,22,Red,count,5,11584,57196,565,625.0,0.054,0.0109,1.1062,4.88
2026-07-27,2026-08-16,Control,40-99,NONPAYER,4,Flash Race,22,Chuck,count,6,11584,57196,1205,1420.0,0.1226,0.0248,1.1784,10.4
2026-07-27,2026-08-16,Control,40-99,NONPAYER,4,Flash Race,22,Bomb,count,7,11584,57196,2186,2815.0,0.243,0.0492,1.2877,18.87
2026-07-27,2026-08-16,Control,40-99,NONPAYER,4,Flash Race,22,UL Bomb,minutes,8,11584,57196,0,0.0,0.0,0.0,0.0,0.0
2026-07-27,2026-08-16,Control,40-99,NONPAYER,4,Flash Race,22,UL Chuck,minutes,9,11584,57196,0,0.0,0.0,0.0,0.0,0.0
2026-07-27,2026-08-16,Control,40-99,NONPAYER,4,Flash Race,22,UL Red,minutes,10,11584,57196,0,0.0,0.0,0.0,0.0,0.0
2026-07-27,2026-08-16,Control,40-99,NONPAYER,4,Flash Race,22,Unlimited Lives,minutes,11,11584,57196,960,51415.0,4.4384,0.8989,53.5573,8.29
2026-07-27,2026-08-16,Control,40-99,NONPAYER,4,Flash Race,22,SPT,count,12,11584,57196,7233,891235.0,76.9367,15.5821,123.2179,62.44
2026-07-27,2026-08-16,Control,40-99,NONPAYER,4,Flash Race,22,SPTx2,minutes,13,11584,57196,0,0.0,0.0,0.0,0.0,0.0
2026-07-27,2026-08-16,Control,40-99,NONPAYER,4,FlowerCoop,23,HC,HC,1,11584,57196,0,0.0,0.0,0.0,0.0,0.0
2026-07-27,2026-08-16,Control,40-99,NONPAYER,4,FlowerCoop,23,Slingshot,count,2,11584,57196,0,0.0,0.0,0.0,0.0,0.0
2026-07-27,2026-08-16,Control,40-99,NONPAYER,4,FlowerCoop,23,Shuffle,count,3,11584,57196,0,0.0,0.0,0.0,0.0,0.0
2026-07-27,2026-08-16,Control,40-99,NONPAYER,4,FlowerCoop,23,Comet,count,4,11584,57196,0,0.0,0.0,0.0,0.0,0.0
2026-07-27,2026-08-16,Control,40-99,NONPAYER,4,FlowerCoop,23,Red,count,5,11584,57196,0,0.0,0.0,0.0,0.0,0.0
2026-07-27,2026-08-16,Control,40-99,NONPAYER,4,FlowerCoop,23,Chuck,count,6,11584,57196,0,0.0,0.0,0.0,0.0,0.0
2026-07-27,2026-08-16,Control,40-99,NONPAYER,4,FlowerCoop,23,Bomb,count,7,11584,57196,0,0.0,0.0,0.0,0.0,0.0
2026-07-27,2026-08-16,Control,40-99,NONPAYER,4,FlowerCoop,23,UL Bomb,minutes,8,11584,57196,0,0.0,0.0,0.0,0.0,0.0
2026-07-27,2026-08-16,Control,40-99,NONPAYER,4,FlowerCoop,23,UL Chuck,minutes,9,11584,57196,0,0.0,0.0,0.0,0.0,0.0
2026-07-27,2026-08-16,Control,40-99,NONPAYER,4,FlowerCoop,23,UL Red,minutes,10,11584,57196,0,0.0,0.0,0.0,0.0,0.0
2026-07-27,2026-08-16,Control,40-99,NONPAYER,4,FlowerCoop,23,Unlimited Lives,minutes,11,11584,57196,0,0.0,0.0,0.0,0.0,0.0
2026-07-27,2026-08-16,Control,40-99,NONPAYER,4,FlowerCoop,23,SPT,count,12,11584,57196,0,0.0,0.0,0.0,0.0,0.0
2026-07-27,2026-08-16,Control,40-99,NONPAYER,4,FlowerCoop,23,SPTx2,minutes,13,11584,57196,0,0.0,0.0,0.0,0.0,0.0
2026-07-27,2026-08-16,Control,40-99,NONPAYER,4,Rainbow Maker,24,HC,HC,1,11584,57196,1,60.0,0.0052,0.001,60.0,0.01
2026-07-27,2026-08-16,Control,40-99,NONPAYER,4,Rainbow Maker,24,Slingshot,count,2,11584,57196,2,3.0,0.0003,0.0001,1.5,0.02
2026-07-27,2026-08-16,Control,40-99,NONPAYER,4,Rainbow Maker,24,Shuffle,count,3,11584,57196,1,2.0,0.0002,0.0,2.0,0.01
2026-07-27,2026-08-16,Control,40-99,NONPAYER,4,Rainbow Maker,24,Comet,count,4,11584,57196,0,0.0,0.0,0.0,0.0,0.0
2026-07-27,2026-08-16,Control,40-99,NONPAYER,4,Rainbow Maker,24,Red,count,5,11584,57196,0,0.0,0.0,0.0,0.0,0.0
2026-07-27,2026-08-16,Control,40-99,NONPAYER,4,Rainbow Maker,24,Chuck,count,6,11584,57196,0,0.0,0.0,0.0,0.0,0.0
2026-07-27,2026-08-16,Control,40-99,NONPAYER,4,Rainbow Maker,24,Bomb,count,7,11584,57196,2,2.0,0.0002,0.0,1.0,0.02
2026-07-27,2026-08-16,Control,40-99,NONPAYER,4,Rainbow Maker,24,UL Bomb,minutes,8,11584,57196,0,0.0,0.0,0.0,0.0,0.0
2026-07-27,2026-08-16,Control,40-99,NONPAYER,4,Rainbow Maker,24,UL Chuck,minutes,9,11584,57196,0,0.0,0.0,0.0,0.0,0.0
2026-07-27,2026-08-16,Control,40-99,NONPAYER,4,Rainbow Maker,24,UL Red,minutes,10,11584,57196,0,0.0,0.0,0.0,0.0,0.0
2026-07-27,2026-08-16,Control,40-99,NONPAYER,4,Rainbow Maker,24,Unlimited Lives,minutes,11,11584,57196,0,0.0,0.0,0.0,0.0,0.0
2026-07-27,2026-08-16,Control,40-99,NONPAYER,4,Rainbow Maker,24,SPT,count,12,11584,57196,2,250.0,0.0216,0.0044,125.0,0.02
2026-07-27,2026-08-16,Control,40-99,NONPAYER,4,Rainbow Maker,24,SPTx2,minutes,13,11584,57196,0,0.0,0.0,0.0,0.0,0.0
2026-07-27,2026-08-16,Control,40-99,NONPAYER,4,IAPs,25,HC,HC,1,11584,57196,0,0.0,0.0,0.0,0.0,0.0
2026-07-27,2026-08-16,Control,40-99,NONPAYER,4,IAPs,25,Slingshot,count,2,11584,57196,0,0.0,0.0,0.0,0.0,0.0
2026-07-27,2026-08-16,Control,40-99,NONPAYER,4,IAPs,25,Shuffle,count,3,11584,57196,0,0.0,0.0,0.0,0.0,0.0
2026-07-27,2026-08-16,Control,40-99,NONPAYER,4,IAPs,25,Comet,count,4,11584,57196,0,0.0,0.0,0.0,0.0,0.0
2026-07-27,2026-08-16,Control,40-99,NONPAYER,4,IAPs,25,Red,count,5,11584,57196,0,0.0,0.0,0.0,0.0,0.0
2026-07-27,2026-08-16,Control,40-99,NONPAYER,4,IAPs,25,Chuck,count,6,11584,57196,0,0.0,0.0,0.0,0.0,0.0
2026-07-27,2026-08-16,Control,40-99,NONPAYER,4,IAPs,25,Bomb,count,7,11584,57196,0,0.0,0.0,0.0,0.0,0.0
2026-07-27,2026-08-16,Control,40-99,NONPAYER,4,IAPs,25,UL Bomb,minutes,8,11584,57196,0,0.0,0.0,0.0,0.0,0.0
2026-07-27,2026-08-16,Control,40-99,NONPAYER,4,IAPs,25,UL Chuck,minutes,9,11584,57196,0,0.0,0.0,0.0,0.0,0.0
2026-07-27,2026-08-16,Control,40-99,NONPAYER,4,IAPs,25,UL Red,minutes,10,11584,57196,0,0.0,0.0,0.0,0.0,0.0
2026-07-27,2026-08-16,Control,40-99,NONPAYER,4,IAPs,25,Unlimited Lives,minutes,11,11584,57196,0,0.0,0.0,0.0,0.0,0.0
2026-07-27,2026-08-16,Control,40-99,NONPAYER,4,IAPs,25,SPT,count,12,11584,57196,0,0.0,0.0,0.0,0.0,0.0
2026-07-27,2026-08-16,Control,40-99,NONPAYER,4,IAPs,25,SPTx2,minutes,13,11584,57196,0,0.0,0.0,0.0,0.0,0.0
2026-07-27,2026-08-16,Control,40-99,PAYER,4,Ads,1,HC,HC,1,2882,14604,1239,78010.0,27.068,5.3417,62.9621,42.99
2026-07-27,2026-08-16,Control,40-99,PAYER,4,Ads,1,Slingshot,count,2,2882,14604,748,1678.0,0.5822,0.1149,2.2433,25.95
2026-07-27,2026-08-16,Control,40-99,PAYER,4,Ads,1,Shuffle,count,3,2882,14604,752,1666.0,0.5781,0.1141,2.2154,26.09
2026-07-27,2026-08-16,Control,40-99,PAYER,4,Ads,1,Comet,count,4,2882,14604,489,815.0,0.2828,0.0558,1.6667,16.97
2026-07-27,2026-08-16,Control,40-99,PAYER,4,Ads,1,Red,count,5,2882,14604,0,0.0,0.0,0.0,0.0,0.0
2026-07-27,2026-08-16,Control,40-99,PAYER,4,Ads,1,Chuck,count,6,2882,14604,0,0.0,0.0,0.0,0.0,0.0
2026-07-27,2026-08-16,Control,40-99,PAYER,4,Ads,1,Bomb,count,7,2882,14604,0,0.0,0.0,0.0,0.0,0.0
2026-07-27,2026-08-16,Control,40-99,PAYER,4,Ads,1,UL Bomb,minutes,8,2882,14604,0,0.0,0.0,0.0,0.0,0.0
2026-07-27,2026-08-16,Control,40-99,PAYER,4,Ads,1,UL Chuck,minutes,9,2882,14604,0,0.0,0.0,0.0,0.0,0.0
2026-07-27,2026-08-16,Control,40-99,PAYER,4,Ads,1,UL Red,minutes,10,2882,14604,0,0.0,0.0,0.0,0.0,0.0
2026-07-27,2026-08-16,Control,40-99,PAYER,4,Ads,1,Unlimited Lives,minutes,11,2882,14604,859,25915.0,8.992,1.7745,30.1688,29.81
2026-07-27,2026-08-16,Control,40-99,PAYER,4,Ads,1,SPT,count,12,2882,14604,0,0.0,0.0,0.0,0.0,0.0
2026-07-27,2026-08-16,Control,40-99,PAYER,4,Ads,1,SPTx2,minutes,13,2882,14604,0,0.0,0.0,0.0,0.0,0.0
2026-07-27,2026-08-16,Control,40-99,PAYER,4,Bomb Challenge,2,HC,HC,1,2882,14604,728,121700.0,42.2276,8.3333,167.1703,25.26
2026-07-27,2026-08-16,Control,40-99,PAYER,4,Bomb Challenge,2,Slingshot,count,2,2882,14604,374,431.0,0.1495,0.0295,1.1524,12.98
2026-07-27,2026-08-16,Control,40-99,PAYER,4,Bomb Challenge,2,Shuffle,count,3,2882,14604,713,837.0,0.2904,0.0573,1.1739,24.74
2026-07-27,2026-08-16,Control,40-99,PAYER,4,Bomb Challenge,2,Comet,count,4,2882,14604,358,412.0,0.143,0.0282,1.1508,12.42
2026-07-27,2026-08-16,Control,40-99,PAYER,4,Bomb Challenge,2,Red,count,5,2882,14604,0,0.0,0.0,0.0,0.0,0.0
2026-07-27,2026-08-16,Control,40-99,PAYER,4,Bomb Challenge,2,Chuck,count,6,2882,14604,0,0.0,0.0,0.0,0.0,0.0
2026-07-27,2026-08-16,Control,40-99,PAYER,4,Bomb Challenge,2,Bomb,count,7,2882,14604,0,0.0,0.0,0.0,0.0,0.0
2026-07-27,2026-08-16,Control,40-99,PAYER,4,Bomb Challenge,2,UL Bomb,minutes,8,2882,14604,0,0.0,0.0,0.0,0.0,0.0
2026-07-27,2026-08-16,Control,40-99,PAYER,4,Bomb Challenge,2,UL Chuck,minutes,9,2882,14604,0,0.0,0.0,0.0,0.0,0.0
2026-07-27,2026-08-16,Control,40-99,PAYER,4,Bomb Challenge,2,UL Red,minutes,10,2882,14604,0,0.0,0.0,0.0,0.0,0.0
2026-07-27,2026-08-16,Control,40-99,PAYER,4,Bomb Challenge,2,Unlimited Lives,minutes,11,2882,14604,0,0.0,0.0,0.0,0.0,0.0
2026-07-27,2026-08-16,Control,40-99,PAYER,4,Bomb Challenge,2,SPT,count,12,2882,14604,0,0.0,0.0,0.0,0.0,0.0
2026-07-27,2026-08-16,Control,40-99,PAYER,4,Bomb Challenge,2,SPTx2,minutes,13,2882,14604,0,0.0,0.0,0.0,0.0,0.0
2026-07-27,2026-08-16,Control,40-99,PAYER,4,Bomb's Ballet,3,HC,HC,1,2882,14604,976,41625.0,14.4431,2.8502,42.6486,33.87
2026-07-27,2026-08-16,Control,40-99,PAYER,4,Bomb's Ballet,3,Slingshot,count,2,2882,14604,266,273.0,0.0947,0.0187,1.0263,9.23
2026-07-27,2026-08-16,Control,40-99,PAYER,4,Bomb's Ballet,3,Shuffle,count,3,2882,14604,125,129.0,0.0448,0.0088,1.032,4.34
2026-07-27,2026-08-16,Control,40-99,PAYER,4,Bomb's Ballet,3,Comet,count,4,2882,14604,125,127.0,0.0441,0.0087,1.016,4.34
2026-07-27,2026-08-16,Control,40-99,PAYER,4,Bomb's Ballet,3,Red,count,5,2882,14604,755,767.0,0.2661,0.0525,1.0159,26.2
2026-07-27,2026-08-16,Control,40-99,PAYER,4,Bomb's Ballet,3,Chuck,count,6,2882,14604,976,998.0,0.3463,0.0683,1.0225,33.87
2026-07-27,2026-08-16,Control,40-99,PAYER,4,Bomb's Ballet,3,Bomb,count,7,2882,14604,125,127.0,0.0441,0.0087,1.016,4.34
2026-07-27,2026-08-16,Control,40-99,PAYER,4,Bomb's Ballet,3,UL Bomb,minutes,8,2882,14604,878,13225.0,4.5888,0.9056,15.0626,30.46
2026-07-27,2026-08-16,Control,40-99,PAYER,4,Bomb's Ballet,3,UL Chuck,minutes,9,2882,14604,1063,16095.0,5.5847,1.1021,15.1411,36.88
2026-07-27,2026-08-16,Control,40-99,PAYER,4,Bomb's Ballet,3,UL Red,minutes,10,2882,14604,1087,18715.0,6.4938,1.2815,17.2171,37.72
2026-07-27,2026-08-16,Control,40-99,PAYER,4,Bomb's Ballet,3,Unlimited Lives,minutes,11,2882,14604,1041,81780.0,28.3761,5.5998,78.5591,36.12
2026-07-27,2026-08-16,Control,40-99,PAYER,4,Bomb's Ballet,3,SPT,count,12,2882,14604,0,0.0,0.0,0.0,0.0,0.0
2026-07-27,2026-08-16,Control,40-99,PAYER,4,Bomb's Ballet,3,SPTx2,minutes,13,2882,14604,0,0.0,0.0,0.0,0.0,0.0
2026-07-27,2026-08-16,Control,40-99,PAYER,4,Chuck Challenge,4,HC,HC,1,2882,14604,3,600.0,0.2082,0.0411,200.0,0.1
2026-07-27,2026-08-16,Control,40-99,PAYER,4,Chuck Challenge,4,Slingshot,count,2,2882,14604,5,5.0,0.0017,0.0003,1.0,0.17
2026-07-27,2026-08-16,Control,40-99,PAYER,4,Chuck Challenge,4,Shuffle,count,3,2882,14604,3,4.0,0.0014,0.0003,1.3333,0.1
2026-07-27,2026-08-16,Control,40-99,PAYER,4,Chuck Challenge,4,Comet,count,4,2882,14604,3,3.0,0.001,0.0002,1.0,0.1
2026-07-27,2026-08-16,Control,40-99,PAYER,4,Chuck Challenge,4,Red,count,5,2882,14604,0,0.0,0.0,0.0,0.0,0.0
2026-07-27,2026-08-16,Control,40-99,PAYER,4,Chuck Challenge,4,Chuck,count,6,2882,14604,0,0.0,0.0,0.0,0.0,0.0
2026-07-27,2026-08-16,Control,40-99,PAYER,4,Chuck Challenge,4,Bomb,count,7,2882,14604,0,0.0,0.0,0.0,0.0,0.0
2026-07-27,2026-08-16,Control,40-99,PAYER,4,Chuck Challenge,4,UL Bomb,minutes,8,2882,14604,0,0.0,0.0,0.0,0.0,0.0
2026-07-27,2026-08-16,Control,40-99,PAYER,4,Chuck Challenge,4,UL Chuck,minutes,9,2882,14604,0,0.0,0.0,0.0,0.0,0.0
2026-07-27,2026-08-16,Control,40-99,PAYER,4,Chuck Challenge,4,UL Red,minutes,10,2882,14604,0,0.0,0.0,0.0,0.0,0.0
2026-07-27,2026-08-16,Control,40-99,PAYER,4,Chuck Challenge,4,Unlimited Lives,minutes,11,2882,14604,0,0.0,0.0,0.0,0.0,0.0
2026-07-27,2026-08-16,Control,40-99,PAYER,4,Chuck Challenge,4,SPT,count,12,2882,14604,0,0.0,0.0,0.0,0.0,0.0
2026-07-27,2026-08-16,Control,40-99,PAYER,4,Chuck Challenge,4,SPTx2,minutes,13,2882,14604,0,0.0,0.0,0.0,0.0,0.0
2026-07-27,2026-08-16,Control,40-99,PAYER,4,Core,5,HC,HC,1,2882,14604,2489,517565.0,179.5854,35.4399,207.9409,86.36
2026-07-27,2026-08-16,Control,40-99,PAYER,4,Core,5,Slingshot,count,2,2882,14604,1677,3734.0,1.2956,0.2557,2.2266,58.19
2026-07-27,2026-08-16,Control,40-99,PAYER,4,Core,5,Shuffle,count,3,2882,14604,2021,5716.0,1.9833,0.3914,2.8283,70.12
2026-07-27,2026-08-16,Control,40-99,PAYER,4,Core,5,Comet,count,4,2882,14604,1413,2355.0,0.8171,0.1613,1.6667,49.03
2026-07-27,2026-08-16,Control,40-99,PAYER,4,Core,5,Red,count,5,2882,14604,1224,1939.0,0.6728,0.1328,1.5842,42.47
2026-07-27,2026-08-16,Control,40-99,PAYER,4,Core,5,Chuck,count,6,2882,14604,1173,2072.0,0.7189,0.1419,1.7664,40.7
2026-07-27,2026-08-16,Control,40-99,PAYER,4,Core,5,Bomb,count,7,2882,14604,1250,1737.0,0.6027,0.1189,1.3896,43.37
2026-07-27,2026-08-16,Control,40-99,PAYER,4,Core,5,UL Bomb,minutes,8,2882,14604,0,0.0,0.0,0.0,0.0,0.0
2026-07-27,2026-08-16,Control,40-99,PAYER,4,Core,5,UL Chuck,minutes,9,2882,14604,0,0.0,0.0,0.0,0.0,0.0
2026-07-27,2026-08-16,Control,40-99,PAYER,4,Core,5,UL Red,minutes,10,2882,14604,0,0.0,0.0,0.0,0.0,0.0
2026-07-27,2026-08-16,Control,40-99,PAYER,4,Core,5,Unlimited Lives,minutes,11,2882,14604,2144,325470.0,112.932,22.2864,151.805,74.39
2026-07-27,2026-08-16,Control,40-99,PAYER,4,Core,5,SPT,count,12,2882,14604,2352,5626273.0,1952.2113,385.2556,2392.1229,81.61
2026-07-27,2026-08-16,Control,40-99,PAYER,4,Core,5,SPTx2,minutes,13,2882,14604,0,0.0,0.0,0.0,0.0,0.0
2026-07-27,2026-08-16,Control,40-99,PAYER,4,Daily Gift,6,HC,HC,1,2882,14604,2437,293640.0,101.8876,20.1068,120.4924,84.56
2026-07-27,2026-08-16,Control,40-99,PAYER,4,Daily Gift,6,Slingshot,count,2,2882,14604,1520,2668.0,0.9257,0.1827,1.7553,52.74
2026-07-27,2026-08-16,Control,40-99,PAYER,4,Daily Gift,6,Shuffle,count,3,2882,14604,1343,1922.0,0.6669,0.1316,1.4311,46.6
2026-07-27,2026-08-16,Control,40-99,PAYER,4,Daily Gift,6,Comet,count,4,2882,14604,276,281.0,0.0975,0.0192,1.0181,9.58
2026-07-27,2026-08-16,Control,40-99,PAYER,4,Daily Gift,6,Red,count,5,2882,14604,0,0.0,0.0,0.0,0.0,0.0
2026-07-27,2026-08-16,Control,40-99,PAYER,4,Daily Gift,6,Chuck,count,6,2882,14604,0,0.0,0.0,0.0,0.0,0.0
2026-07-27,2026-08-16,Control,40-99,PAYER,4,Daily Gift,6,Bomb,count,7,2882,14604,0,0.0,0.0,0.0,0.0,0.0
2026-07-27,2026-08-16,Control,40-99,PAYER,4,Daily Gift,6,UL Bomb,minutes,8,2882,14604,270,8190.0,2.8418,0.5608,30.3333,9.37
2026-07-27,2026-08-16,Control,40-99,PAYER,4,Daily Gift,6,UL Chuck,minutes,9,2882,14604,310,18720.0,6.4955,1.2818,60.3871,10.76
2026-07-27,2026-08-16,Control,40-99,PAYER,4,Daily Gift,6,UL Red,minutes,10,2882,14604,469,28500.0,9.889,1.9515,60.7676,16.27
2026-07-27,2026-08-16,Control,40-99,PAYER,4,Daily Gift,6,Unlimited Lives,minutes,11,2882,14604,2166,271210.0,94.1048,18.5709,125.2124,75.16
2026-07-27,2026-08-16,Control,40-99,PAYER,4,Daily Gift,6,SPT,count,12,2882,14604,0,0.0,0.0,0.0,0.0,0.0
2026-07-27,2026-08-16,Control,40-99,PAYER,4,Daily Gift,6,SPTx2,minutes,13,2882,14604,2,30.0,0.0104,0.0021,15.0,0.07
2026-07-27,2026-08-16,Control,40-99,PAYER,4,Daily Night Sky Prize,7,HC,HC,1,2882,14604,1586,553020.0,191.8876,37.8677,348.6885,55.03
2026-07-27,2026-08-16,Control,40-99,PAYER,4,Daily Night Sky Prize,7,Slingshot,count,2,2882,14604,1001,1584.0,0.5496,0.1085,1.5824,34.73
2026-07-27,2026-08-16,Control,40-99,PAYER,4,Daily Night Sky Prize,7,Shuffle,count,3,2882,14604,0,0.0,0.0,0.0,0.0,0.0
2026-07-27,2026-08-16,Control,40-99,PAYER,4,Daily Night Sky Prize,7,Comet,count,4,2882,14604,263,442.0,0.1534,0.0303,1.6806,9.13
2026-07-27,2026-08-16,Control,40-99,PAYER,4,Daily Night Sky Prize,7,Red,count,5,2882,14604,1279,2593.0,0.8997,0.1776,2.0274,44.38
2026-07-27,2026-08-16,Control,40-99,PAYER,4,Daily Night Sky Prize,7,Chuck,count,6,2882,14604,849,1142.0,0.3963,0.0782,1.3451,29.46
2026-07-27,2026-08-16,Control,40-99,PAYER,4,Daily Night Sky Prize,7,Bomb,count,7,2882,14604,0,0.0,0.0,0.0,0.0,0.0
2026-07-27,2026-08-16,Control,40-99,PAYER,4,Daily Night Sky Prize,7,UL Bomb,minutes,8,2882,14604,0,0.0,0.0,0.0,0.0,0.0
2026-07-27,2026-08-16,Control,40-99,PAYER,4,Daily Night Sky Prize,7,UL Chuck,minutes,9,2882,14604,0,0.0,0.0,0.0,0.0,0.0
2026-07-27,2026-08-16,Control,40-99,PAYER,4,Daily Night Sky Prize,7,UL Red,minutes,10,2882,14604,0,0.0,0.0,0.0,0.0,0.0
2026-07-27,2026-08-16,Control,40-99,PAYER,4,Daily Night Sky Prize,7,Unlimited Lives,minutes,11,2882,14604,1585,115230.0,39.9827,7.8903,72.7003,55.0
2026-07-27,2026-08-16,Control,40-99,PAYER,4,Daily Night Sky Prize,7,SPT,count,12,2882,14604,0,0.0,0.0,0.0,0.0,0.0
2026-07-27,2026-08-16,Control,40-99,PAYER,4,Daily Night Sky Prize,7,SPTx2,minutes,13,2882,14604,0,0.0,0.0,0.0,0.0,0.0
2026-07-27,2026-08-16,Control,40-99,PAYER,4,Flock Flurry,8,HC,HC,1,2882,14604,0,0.0,0.0,0.0,0.0,0.0
2026-07-27,2026-08-16,Control,40-99,PAYER,4,Flock Flurry,8,Slingshot,count,2,2882,14604,1455,2895.0,1.0045,0.1982,1.9897,50.49
2026-07-27,2026-08-16,Control,40-99,PAYER,4,Flock Flurry,8,Shuffle,count,3,2882,14604,0,0.0,0.0,0.0,0.0,0.0
2026-07-27,2026-08-16,Control,40-99,PAYER,4,Flock Flurry,8,Comet,count,4,2882,14604,0,0.0,0.0,0.0,0.0,0.0
2026-07-27,2026-08-16,Control,40-99,PAYER,4,Flock Flurry,8,Red,count,5,2882,14604,1455,2895.0,1.0045,0.1982,1.9897,50.49
2026-07-27,2026-08-16,Control,40-99,PAYER,4,Flock Flurry,8,Chuck,count,6,2882,14604,1455,2895.0,1.0045,0.1982,1.9897,50.49
2026-07-27,2026-08-16,Control,40-99,PAYER,4,Flock Flurry,8,Bomb,count,7,2882,14604,1455,2895.0,1.0045,0.1982,1.9897,50.49
2026-07-27,2026-08-16,Control,40-99,PAYER,4,Flock Flurry,8,UL Bomb,minutes,8,2882,14604,0,0.0,0.0,0.0,0.0,0.0
2026-07-27,2026-08-16,Control,40-99,PAYER,4,Flock Flurry,8,UL Chuck,minutes,9,2882,14604,0,0.0,0.0,0.0,0.0,0.0
2026-07-27,2026-08-16,Control,40-99,PAYER,4,Flock Flurry,8,UL Red,minutes,10,2882,14604,0,0.0,0.0,0.0,0.0,0.0
2026-07-27,2026-08-16,Control,40-99,PAYER,4,Flock Flurry,8,Unlimited Lives,minutes,11,2882,14604,2267,429480.0,149.0215,29.4084,189.4486,78.66
2026-07-27,2026-08-16,Control,40-99,PAYER,4,Flock Flurry,8,SPT,count,12,2882,14604,1404,54900.0,19.0493,3.7592,39.1026,48.72
2026-07-27,2026-08-16,Control,40-99,PAYER,4,Flock Flurry,8,SPTx2,minutes,13,2882,14604,0,0.0,0.0,0.0,0.0,0.0
2026-07-27,2026-08-16,Control,40-99,PAYER,4,Hatchling Hideaway,9,HC,HC,1,2882,14604,1809,112120.0,38.9035,7.6773,61.979,62.77
2026-07-27,2026-08-16,Control,40-99,PAYER,4,Hatchling Hideaway,9,Slingshot,count,2,2882,14604,1327,1870.0,0.6489,0.128,1.4092,46.04
2026-07-27,2026-08-16,Control,40-99,PAYER,4,Hatchling Hideaway,9,Shuffle,count,3,2882,14604,1486,2130.0,0.7391,0.1459,1.4334,51.56
2026-07-27,2026-08-16,Control,40-99,PAYER,4,Hatchling Hideaway,9,Comet,count,4,2882,14604,1108,1518.0,0.5267,0.1039,1.37,38.45
2026-07-27,2026-08-16,Control,40-99,PAYER,4,Hatchling Hideaway,9,Red,count,5,2882,14604,1768,2570.0,0.8917,0.176,1.4536,61.35
2026-07-27,2026-08-16,Control,40-99,PAYER,4,Hatchling Hideaway,9,Chuck,count,6,2882,14604,1632,2335.0,0.8102,0.1599,1.4308,56.63
2026-07-27,2026-08-16,Control,40-99,PAYER,4,Hatchling Hideaway,9,Bomb,count,7,2882,14604,1486,2130.0,0.7391,0.1459,1.4334,51.56
2026-07-27,2026-08-16,Control,40-99,PAYER,4,Hatchling Hideaway,9,UL Bomb,minutes,8,2882,14604,0,0.0,0.0,0.0,0.0,0.0
2026-07-27,2026-08-16,Control,40-99,PAYER,4,Hatchling Hideaway,9,UL Chuck,minutes,9,2882,14604,1108,15020.0,5.2117,1.0285,13.556,38.45
2026-07-27,2026-08-16,Control,40-99,PAYER,4,Hatchling Hideaway,9,UL Red,minutes,10,2882,14604,1327,18490.0,6.4157,1.2661,13.9337,46.04
2026-07-27,2026-08-16,Control,40-99,PAYER,4,Hatchling Hideaway,9,Unlimited Lives,minutes,11,2882,14604,1850,218100.0,75.6766,14.9343,117.8919,64.19
2026-07-27,2026-08-16,Control,40-99,PAYER,4,Hatchling Hideaway,9,SPT,count,12,2882,14604,0,0.0,0.0,0.0,0.0,0.0
2026-07-27,2026-08-16,Control,40-99,PAYER,4,Hatchling Hideaway,9,SPTx2,minutes,13,2882,14604,0,0.0,0.0,0.0,0.0,0.0
2026-07-27,2026-08-16,Control,40-99,PAYER,4,Jigsaw,10,HC,HC,1,2882,14604,963,53225.0,18.4681,3.6445,55.27,33.41
2026-07-27,2026-08-16,Control,40-99,PAYER,4,Jigsaw,10,Slingshot,count,2,2882,14604,417,438.0,0.152,0.03,1.0504,14.47
2026-07-27,2026-08-16,Control,40-99,PAYER,4,Jigsaw,10,Shuffle,count,3,2882,14604,0,0.0,0.0,0.0,0.0,0.0
2026-07-27,2026-08-16,Control,40-99,PAYER,4,Jigsaw,10,Comet,count,4,2882,14604,315,318.0,0.1103,0.0218,1.0095,10.93
2026-07-27,2026-08-16,Control,40-99,PAYER,4,Jigsaw,10,Red,count,5,2882,14604,775,808.0,0.2804,0.0553,1.0426,26.89
2026-07-27,2026-08-16,Control,40-99,PAYER,4,Jigsaw,10,Chuck,count,6,2882,14604,963,1006.0,0.3491,0.0689,1.0447,33.41
2026-07-27,2026-08-16,Control,40-99,PAYER,4,Jigsaw,10,Bomb,count,7,2882,14604,315,318.0,0.1103,0.0218,1.0095,10.93
2026-07-27,2026-08-16,Control,40-99,PAYER,4,Jigsaw,10,UL Bomb,minutes,8,2882,14604,832,12705.0,4.4084,0.87,15.2704,28.87
2026-07-27,2026-08-16,Control,40-99,PAYER,4,Jigsaw,10,UL Chuck,minutes,9,2882,14604,1041,17395.0,6.0357,1.1911,16.7099,36.12
2026-07-27,2026-08-16,Control,40-99,PAYER,4,Jigsaw,10,UL Red,minutes,10,2882,14604,1052,19665.0,6.8234,1.3465,18.693,36.5
2026-07-27,2026-08-16,Control,40-99,PAYER,4,Jigsaw,10,Unlimited Lives,minutes,11,2882,14604,1004,90900.0,31.5406,6.2243,90.5378,34.84
2026-07-27,2026-08-16,Control,40-99,PAYER,4,Jigsaw,10,SPT,count,12,2882,14604,0,0.0,0.0,0.0,0.0,0.0
2026-07-27,2026-08-16,Control,40-99,PAYER,4,Jigsaw,10,SPTx2,minutes,13,2882,14604,0,0.0,0.0,0.0,0.0,0.0
2026-07-27,2026-08-16,Control,40-99,PAYER,4,Kite Festival,11,HC,HC,1,2882,14604,512,106400.0,36.9188,7.2857,207.8125,17.77
2026-07-27,2026-08-16,Control,40-99,PAYER,4,Kite Festival,11,Slingshot,count,2,2882,14604,302,329.0,0.1142,0.0225,1.0894,10.48
2026-07-27,2026-08-16,Control,40-99,PAYER,4,Kite Festival,11,Shuffle,count,3,2882,14604,423,465.0,0.1613,0.0318,1.0993,14.68
2026-07-27,2026-08-16,Control,40-99,PAYER,4,Kite Festival,11,Comet,count,4,2882,14604,132,139.0,0.0482,0.0095,1.053,4.58
2026-07-27,2026-08-16,Control,40-99,PAYER,4,Kite Festival,11,Red,count,5,2882,14604,44,45.0,0.0156,0.0031,1.0227,1.53
2026-07-27,2026-08-16,Control,40-99,PAYER,4,Kite Festival,11,Chuck,count,6,2882,14604,67,68.0,0.0236,0.0047,1.0149,2.32
2026-07-27,2026-08-16,Control,40-99,PAYER,4,Kite Festival,11,Bomb,count,7,2882,14604,80,84.0,0.0291,0.0058,1.05,2.78
2026-07-27,2026-08-16,Control,40-99,PAYER,4,Kite Festival,11,UL Bomb,minutes,8,2882,14604,0,0.0,0.0,0.0,0.0,0.0
2026-07-27,2026-08-16,Control,40-99,PAYER,4,Kite Festival,11,UL Chuck,minutes,9,2882,14604,0,0.0,0.0,0.0,0.0,0.0
2026-07-27,2026-08-16,Control,40-99,PAYER,4,Kite Festival,11,UL Red,minutes,10,2882,14604,0,0.0,0.0,0.0,0.0,0.0
2026-07-27,2026-08-16,Control,40-99,PAYER,4,Kite Festival,11,Unlimited Lives,minutes,11,2882,14604,1017,50050.0,17.3664,3.4271,49.2134,35.29
2026-07-27,2026-08-16,Control,40-99,PAYER,4,Kite Festival,11,SPT,count,12,2882,14604,969,213235.0,73.9885,14.6011,220.0568,33.62
2026-07-27,2026-08-16,Control,40-99,PAYER,4,Kite Festival,11,SPTx2,minutes,13,2882,14604,0,0.0,0.0,0.0,0.0,0.0
2026-07-27,2026-08-16,Control,40-99,PAYER,4,Level Race,12,HC,HC,1,2882,14604,0,0.0,0.0,0.0,0.0,0.0
2026-07-27,2026-08-16,Control,40-99,PAYER,4,Level Race,12,Slingshot,count,2,2882,14604,0,0.0,0.0,0.0,0.0,0.0
2026-07-27,2026-08-16,Control,40-99,PAYER,4,Level Race,12,Shuffle,count,3,2882,14604,0,0.0,0.0,0.0,0.0,0.0
2026-07-27,2026-08-16,Control,40-99,PAYER,4,Level Race,12,Comet,count,4,2882,14604,0,0.0,0.0,0.0,0.0,0.0
2026-07-27,2026-08-16,Control,40-99,PAYER,4,Level Race,12,Red,count,5,2882,14604,0,0.0,0.0,0.0,0.0,0.0
2026-07-27,2026-08-16,Control,40-99,PAYER,4,Level Race,12,Chuck,count,6,2882,14604,0,0.0,0.0,0.0,0.0,0.0
2026-07-27,2026-08-16,Control,40-99,PAYER,4,Level Race,12,Bomb,count,7,2882,14604,0,0.0,0.0,0.0,0.0,0.0
2026-07-27,2026-08-16,Control,40-99,PAYER,4,Level Race,12,UL Bomb,minutes,8,2882,14604,0,0.0,0.0,0.0,0.0,0.0
2026-07-27,2026-08-16,Control,40-99,PAYER,4,Level Race,12,UL Chuck,minutes,9,2882,14604,0,0.0,0.0,0.0,0.0,0.0
2026-07-27,2026-08-16,Control,40-99,PAYER,4,Level Race,12,UL Red,minutes,10,2882,14604,0,0.0,0.0,0.0,0.0,0.0
2026-07-27,2026-08-16,Control,40-99,PAYER,4,Level Race,12,Unlimited Lives,minutes,11,2882,14604,0,0.0,0.0,0.0,0.0,0.0
2026-07-27,2026-08-16,Control,40-99,PAYER,4,Level Race,12,SPT,count,12,2882,14604,0,0.0,0.0,0.0,0.0,0.0
2026-07-27,2026-08-16,Control,40-99,PAYER,4,Level Race,12,SPTx2,minutes,13,2882,14604,0,0.0,0.0,0.0,0.0,0.0
2026-07-27,2026-08-16,Control,40-99,PAYER,4,Other,13,HC,HC,1,2882,14604,2215,338516.0,117.4587,23.1797,152.8289,76.86
2026-07-27,2026-08-16,Control,40-99,PAYER,4,Other,13,Slingshot,count,2,2882,14604,1069,2404.0,0.8341,0.1646,2.2488,37.09
2026-07-27,2026-08-16,Control,40-99,PAYER,4,Other,13,Shuffle,count,3,2882,14604,1292,2754.0,0.9556,0.1886,2.1316,44.83
2026-07-27,2026-08-16,Control,40-99,PAYER,4,Other,13,Comet,count,4,2882,14604,1010,1785.0,0.6194,0.1222,1.7673,35.05
2026-07-27,2026-08-16,Control,40-99,PAYER,4,Other,13,Red,count,5,2882,14604,1970,3856.0,1.338,0.264,1.9574,68.36
2026-07-27,2026-08-16,Control,40-99,PAYER,4,Other,13,Chuck,count,6,2882,14604,1970,4174.0,1.4483,0.2858,2.1188,68.36
2026-07-27,2026-08-16,Control,40-99,PAYER,4,Other,13,Bomb,count,7,2882,14604,1966,4139.0,1.4362,0.2834,2.1053,68.22
2026-07-27,2026-08-16,Control,40-99,PAYER,4,Other,13,UL Bomb,minutes,8,2882,14604,8,240.0,0.0833,0.0164,30.0,0.28
2026-07-27,2026-08-16,Control,40-99,PAYER,4,Other,13,UL Chuck,minutes,9,2882,14604,9,255.0,0.0885,0.0175,28.3333,0.31
2026-07-27,2026-08-16,Control,40-99,PAYER,4,Other,13,UL Red,minutes,10,2882,14604,11,285.0,0.0989,0.0195,25.9091,0.38
2026-07-27,2026-08-16,Control,40-99,PAYER,4,Other,13,Unlimited Lives,minutes,11,2882,14604,1026,130916.0,45.4254,8.9644,127.5984,35.6
2026-07-27,2026-08-16,Control,40-99,PAYER,4,Other,13,SPT,count,12,2882,14604,1764,256086.0,88.857,17.5353,145.1735,61.21
2026-07-27,2026-08-16,Control,40-99,PAYER,4,Other,13,SPTx2,minutes,13,2882,14604,0,0.0,0.0,0.0,0.0,0.0
2026-07-27,2026-08-16,Control,40-99,PAYER,4,Photoshoot,14,HC,HC,1,2882,14604,868,45275.0,15.7096,3.1002,52.1601,30.12
2026-07-27,2026-08-16,Control,40-99,PAYER,4,Photoshoot,14,Slingshot,count,2,2882,14604,0,0.0,0.0,0.0,0.0,0.0
2026-07-27,2026-08-16,Control,40-99,PAYER,4,Photoshoot,14,Shuffle,count,3,2882,14604,329,335.0,0.1162,0.0229,1.0182,11.42
2026-07-27,2026-08-16,Control,40-99,PAYER,4,Photoshoot,14,Comet,count,4,2882,14604,0,0.0,0.0,0.0,0.0,0.0
2026-07-27,2026-08-16,Control,40-99,PAYER,4,Photoshoot,14,Red,count,5,2882,14604,634,655.0,0.2273,0.0449,1.0331,22.0
2026-07-27,2026-08-16,Control,40-99,PAYER,4,Photoshoot,14,Chuck,count,6,2882,14604,846,880.0,0.3053,0.0603,1.0402,29.35
2026-07-27,2026-08-16,Control,40-99,PAYER,4,Photoshoot,14,Bomb,count,7,2882,14604,242,256.0,0.0888,0.0175,1.0579,8.4
2026-07-27,2026-08-16,Control,40-99,PAYER,4,Photoshoot,14,UL Bomb,minutes,8,2882,14604,416,6315.0,2.1912,0.4324,15.1803,14.43
2026-07-27,2026-08-16,Control,40-99,PAYER,4,Photoshoot,14,UL Chuck,minutes,9,2882,14604,556,8415.0,2.9198,0.5762,15.1349,19.29
2026-07-27,2026-08-16,Control,40-99,PAYER,4,Photoshoot,14,UL Red,minutes,10,2882,14604,705,10920.0,3.789,0.7477,15.4894,24.46
2026-07-27,2026-08-16,Control,40-99,PAYER,4,Photoshoot,14,Unlimited Lives,minutes,11,2882,14604,985,120570.0,41.8355,8.256,122.4061,34.18
2026-07-27,2026-08-16,Control,40-99,PAYER,4,Photoshoot,14,SPT,count,12,2882,14604,0,0.0,0.0,0.0,0.0,0.0
2026-07-27,2026-08-16,Control,40-99,PAYER,4,Photoshoot,14,SPTx2,minutes,13,2882,14604,0,0.0,0.0,0.0,0.0,0.0
2026-07-27,2026-08-16,Control,40-99,PAYER,4,Red Challenge,15,HC,HC,1,2882,14604,910,159300.0,55.2741,10.908,175.0549,31.58
2026-07-27,2026-08-16,Control,40-99,PAYER,4,Red Challenge,15,Slingshot,count,2,2882,14604,313,342.0,0.1187,0.0234,1.0927,10.86
2026-07-27,2026-08-16,Control,40-99,PAYER,4,Red Challenge,15,Shuffle,count,3,2882,14604,782,970.0,0.3366,0.0664,1.2404,27.13
2026-07-27,2026-08-16,Control,40-99,PAYER,4,Red Challenge,15,Comet,count,4,2882,14604,460,543.0,0.1884,0.0372,1.1804,15.96
2026-07-27,2026-08-16,Control,40-99,PAYER,4,Red Challenge,15,Red,count,5,2882,14604,0,0.0,0.0,0.0,0.0,0.0
2026-07-27,2026-08-16,Control,40-99,PAYER,4,Red Challenge,15,Chuck,count,6,2882,14604,0,0.0,0.0,0.0,0.0,0.0
2026-07-27,2026-08-16,Control,40-99,PAYER,4,Red Challenge,15,Bomb,count,7,2882,14604,0,0.0,0.0,0.0,0.0,0.0
2026-07-27,2026-08-16,Control,40-99,PAYER,4,Red Challenge,15,UL Bomb,minutes,8,2882,14604,0,0.0,0.0,0.0,0.0,0.0
2026-07-27,2026-08-16,Control,40-99,PAYER,4,Red Challenge,15,UL Chuck,minutes,9,2882,14604,0,0.0,0.0,0.0,0.0,0.0
2026-07-27,2026-08-16,Control,40-99,PAYER,4,Red Challenge,15,UL Red,minutes,10,2882,14604,0,0.0,0.0,0.0,0.0,0.0
2026-07-27,2026-08-16,Control,40-99,PAYER,4,Red Challenge,15,Unlimited Lives,minutes,11,2882,14604,0,0.0,0.0,0.0,0.0,0.0
2026-07-27,2026-08-16,Control,40-99,PAYER,4,Red Challenge,15,SPT,count,12,2882,14604,0,0.0,0.0,0.0,0.0,0.0
2026-07-27,2026-08-16,Control,40-99,PAYER,4,Red Challenge,15,SPTx2,minutes,13,2882,14604,0,0.0,0.0,0.0,0.0,0.0
2026-07-27,2026-08-16,Control,40-99,PAYER,4,River Rush,16,HC,HC,1,2882,14604,1180,168605.0,58.5028,11.5451,142.8856,40.94
2026-07-27,2026-08-16,Control,40-99,PAYER,4,River Rush,16,Slingshot,count,2,2882,14604,569,1302.0,0.4518,0.0892,2.2882,19.74
2026-07-27,2026-08-16,Control,40-99,PAYER,4,River Rush,16,Shuffle,count,3,2882,14604,802,1611.0,0.559,0.1103,2.0087,27.83
2026-07-27,2026-08-16,Control,40-99,PAYER,4,River Rush,16,Comet,count,4,2882,14604,949,1863.0,0.6464,0.1276,1.9631,32.93
2026-07-27,2026-08-16,Control,40-99,PAYER,4,River Rush,16,Red,count,5,2882,14604,843,1323.0,0.4591,0.0906,1.5694,29.25
2026-07-27,2026-08-16,Control,40-99,PAYER,4,River Rush,16,Chuck,count,6,2882,14604,429,590.0,0.2047,0.0404,1.3753,14.89
2026-07-27,2026-08-16,Control,40-99,PAYER,4,River Rush,16,Bomb,count,7,2882,14604,507,833.0,0.289,0.057,1.643,17.59
2026-07-27,2026-08-16,Control,40-99,PAYER,4,River Rush,16,UL Bomb,minutes,8,2882,14604,712,16950.0,5.8813,1.1606,23.8062,24.71
2026-07-27,2026-08-16,Control,40-99,PAYER,4,River Rush,16,UL Chuck,minutes,9,2882,14604,913,27125.0,9.4119,1.8574,29.7097,31.68
2026-07-27,2026-08-16,Control,40-99,PAYER,4,River Rush,16,UL Red,minutes,10,2882,14604,780,31095.0,10.7894,2.1292,39.8654,27.06
2026-07-27,2026-08-16,Control,40-99,PAYER,4,River Rush,16,Unlimited Lives,minutes,11,2882,14604,351,14275.0,4.9532,0.9775,40.6695,12.18
2026-07-27,2026-08-16,Control,40-99,PAYER,4,River Rush,16,SPT,count,12,2882,14604,532,30930.0,10.7321,2.1179,58.1391,18.46
2026-07-27,2026-08-16,Control,40-99,PAYER,4,River Rush,16,SPTx2,minutes,13,2882,14604,517,12885.0,4.4709,0.8823,24.9226,17.94
2026-07-27,2026-08-16,Control,40-99,PAYER,4,Saga,17,HC,HC,1,2882,14604,2847,1108825.0,384.7415,75.9261,389.4714,98.79
2026-07-27,2026-08-16,Control,40-99,PAYER,4,Saga,17,Slingshot,count,2,2882,14604,2409,11721.0,4.067,0.8026,4.8655,83.59
2026-07-27,2026-08-16,Control,40-99,PAYER,4,Saga,17,Shuffle,count,3,2882,14604,2632,16095.0,5.5847,1.1021,6.1151,91.33
2026-07-27,2026-08-16,Control,40-99,PAYER,4,Saga,17,Comet,count,4,2882,14604,2532,12490.0,4.3338,0.8552,4.9329,87.86
2026-07-27,2026-08-16,Control,40-99,PAYER,4,Saga,17,Red,count,5,2882,14604,2711,27992.0,9.7127,1.9167,10.3253,94.07
2026-07-27,2026-08-16,Control,40-99,PAYER,4,Saga,17,Chuck,count,6,2882,14604,2754,28063.0,9.7373,1.9216,10.1899,95.56
2026-07-27,2026-08-16,Control,40-99,PAYER,4,Saga,17,Bomb,count,7,2882,14604,2550,16959.0,5.8845,1.1613,6.6506,88.48
2026-07-27,2026-08-16,Control,40-99,PAYER,4,Saga,17,UL Bomb,minutes,8,2882,14604,0,0.0,0.0,0.0,0.0,0.0
2026-07-27,2026-08-16,Control,40-99,PAYER,4,Saga,17,UL Chuck,minutes,9,2882,14604,0,0.0,0.0,0.0,0.0,0.0
2026-07-27,2026-08-16,Control,40-99,PAYER,4,Saga,17,UL Red,minutes,10,2882,14604,0,0.0,0.0,0.0,0.0,0.0
2026-07-27,2026-08-16,Control,40-99,PAYER,4,Saga,17,Unlimited Lives,minutes,11,2882,14604,2842,1712460.0,594.1915,117.2597,602.5545,98.61
2026-07-27,2026-08-16,Control,40-99,PAYER,4,Saga,17,SPT,count,12,2882,14604,0,0.0,0.0,0.0,0.0,0.0
2026-07-27,2026-08-16,Control,40-99,PAYER,4,Saga,17,SPTx2,minutes,13,2882,14604,0,0.0,0.0,0.0,0.0,0.0
2026-07-27,2026-08-16,Control,40-99,PAYER,4,Season Pass (Free),18,HC,HC,1,2882,14604,1710,167325.0,58.0586,11.4575,97.8509,59.33
2026-07-27,2026-08-16,Control,40-99,PAYER,4,Season Pass (Free),18,Slingshot,count,2,2882,14604,957,1778.0,0.6169,0.1217,1.8579,33.21
2026-07-27,2026-08-16,Control,40-99,PAYER,4,Season Pass (Free),18,Shuffle,count,3,2882,14604,1281,2433.0,0.8442,0.1666,1.8993,44.45
2026-07-27,2026-08-16,Control,40-99,PAYER,4,Season Pass (Free),18,Comet,count,4,2882,14604,368,974.0,0.338,0.0667,2.6467,12.77
2026-07-27,2026-08-16,Control,40-99,PAYER,4,Season Pass (Free),18,Red,count,5,2882,14604,1118,3498.0,1.2137,0.2395,3.1288,38.79
2026-07-27,2026-08-16,Control,40-99,PAYER,4,Season Pass (Free),18,Chuck,count,6,2882,14604,1343,4052.0,1.406,0.2775,3.0171,46.6
2026-07-27,2026-08-16,Control,40-99,PAYER,4,Season Pass (Free),18,Bomb,count,7,2882,14604,1212,2690.0,0.9334,0.1842,2.2195,42.05
2026-07-27,2026-08-16,Control,40-99,PAYER,4,Season Pass (Free),18,UL Bomb,minutes,8,2882,14604,353,9095.0,3.1558,0.6228,25.7649,12.25
2026-07-27,2026-08-16,Control,40-99,PAYER,4,Season Pass (Free),18,UL Chuck,minutes,9,2882,14604,842,23690.0,8.22,1.6222,28.1354,29.22
2026-07-27,2026-08-16,Control,40-99,PAYER,4,Season Pass (Free),18,UL Red,minutes,10,2882,14604,1306,33125.0,11.4938,2.2682,25.3637,45.32
2026-07-27,2026-08-16,Control,40-99,PAYER,4,Season Pass (Free),18,Unlimited Lives,minutes,11,2882,14604,1511,255445.0,88.6346,17.4914,169.0569,52.43
2026-07-27,2026-08-16,Control,40-99,PAYER,4,Season Pass (Free),18,SPT,count,12,2882,14604,19,1372.0,0.4761,0.0939,72.2105,0.66
2026-07-27,2026-08-16,Control,40-99,PAYER,4,Season Pass (Free),18,SPTx2,minutes,13,2882,14604,0,0.0,0.0,0.0,0.0,0.0
2026-07-27,2026-08-16,Control,40-99,PAYER,4,Target Day,19,HC,HC,1,2882,14604,908,150550.0,52.238,10.3088,165.804,31.51
2026-07-27,2026-08-16,Control,40-99,PAYER,4,Target Day,19,Slingshot,count,2,2882,14604,352,398.0,0.1381,0.0273,1.1307,12.21
2026-07-27,2026-08-16,Control,40-99,PAYER,4,Target Day,19,Shuffle,count,3,2882,14604,756,919.0,0.3189,0.0629,1.2156,26.23
2026-07-27,2026-08-16,Control,40-99,PAYER,4,Target Day,19,Comet,count,4,2882,14604,464,519.0,0.1801,0.0355,1.1185,16.1
2026-07-27,2026-08-16,Control,40-99,PAYER,4,Target Day,19,Red,count,5,2882,14604,1,1.0,0.0003,0.0001,1.0,0.03
2026-07-27,2026-08-16,Control,40-99,PAYER,4,Target Day,19,Chuck,count,6,2882,14604,1,1.0,0.0003,0.0001,1.0,0.03
2026-07-27,2026-08-16,Control,40-99,PAYER,4,Target Day,19,Bomb,count,7,2882,14604,0,0.0,0.0,0.0,0.0,0.0
2026-07-27,2026-08-16,Control,40-99,PAYER,4,Target Day,19,UL Bomb,minutes,8,2882,14604,0,0.0,0.0,0.0,0.0,0.0
2026-07-27,2026-08-16,Control,40-99,PAYER,4,Target Day,19,UL Chuck,minutes,9,2882,14604,0,0.0,0.0,0.0,0.0,0.0
2026-07-27,2026-08-16,Control,40-99,PAYER,4,Target Day,19,UL Red,minutes,10,2882,14604,0,0.0,0.0,0.0,0.0,0.0
2026-07-27,2026-08-16,Control,40-99,PAYER,4,Target Day,19,Unlimited Lives,minutes,11,2882,14604,1025,40680.0,14.1152,2.7855,39.6878,35.57
2026-07-27,2026-08-16,Control,40-99,PAYER,4,Target Day,19,SPT,count,12,2882,14604,1,10.0,0.0035,0.0007,10.0,0.03
2026-07-27,2026-08-16,Control,40-99,PAYER,4,Target Day,19,SPTx2,minutes,13,2882,14604,0,0.0,0.0,0.0,0.0,0.0
2026-07-27,2026-08-16,Control,40-99,PAYER,4,Team Event,20,HC,HC,1,2882,14604,1260,188640.0,65.4545,12.917,149.7143,43.72
2026-07-27,2026-08-16,Control,40-99,PAYER,4,Team Event,20,Slingshot,count,2,2882,14604,991,2014.0,0.6988,0.1379,2.0323,34.39
2026-07-27,2026-08-16,Control,40-99,PAYER,4,Team Event,20,Shuffle,count,3,2882,14604,380,1004.0,0.3484,0.0687,2.6421,13.19
2026-07-27,2026-08-16,Control,40-99,PAYER,4,Team Event,20,Comet,count,4,2882,14604,416,629.0,0.2183,0.0431,1.512,14.43
2026-07-27,2026-08-16,Control,40-99,PAYER,4,Team Event,20,Red,count,5,2882,14604,0,0.0,0.0,0.0,0.0,0.0
2026-07-27,2026-08-16,Control,40-99,PAYER,4,Team Event,20,Chuck,count,6,2882,14604,0,0.0,0.0,0.0,0.0,0.0
2026-07-27,2026-08-16,Control,40-99,PAYER,4,Team Event,20,Bomb,count,7,2882,14604,0,0.0,0.0,0.0,0.0,0.0
2026-07-27,2026-08-16,Control,40-99,PAYER,4,Team Event,20,UL Bomb,minutes,8,2882,14604,0,0.0,0.0,0.0,0.0,0.0
2026-07-27,2026-08-16,Control,40-99,PAYER,4,Team Event,20,UL Chuck,minutes,9,2882,14604,0,0.0,0.0,0.0,0.0,0.0
2026-07-27,2026-08-16,Control,40-99,PAYER,4,Team Event,20,UL Red,minutes,10,2882,14604,0,0.0,0.0,0.0,0.0,0.0
2026-07-27,2026-08-16,Control,40-99,PAYER,4,Team Event,20,Unlimited Lives,minutes,11,2882,14604,0,0.0,0.0,0.0,0.0,0.0
2026-07-27,2026-08-16,Control,40-99,PAYER,4,Team Event,20,SPT,count,12,2882,14604,0,0.0,0.0,0.0,0.0,0.0
2026-07-27,2026-08-16,Control,40-99,PAYER,4,Team Event,20,SPTx2,minutes,13,2882,14604,0,0.0,0.0,0.0,0.0,0.0
2026-07-27,2026-08-16,Control,40-99,PAYER,4,Team Race,21,HC,HC,1,2882,14604,1445,215385.0,74.7346,14.7484,149.0554,50.14
2026-07-27,2026-08-16,Control,40-99,PAYER,4,Team Race,21,Slingshot,count,2,2882,14604,738,930.0,0.3227,0.0637,1.2602,25.61
2026-07-27,2026-08-16,Control,40-99,PAYER,4,Team Race,21,Shuffle,count,3,2882,14604,1162,1829.0,0.6346,0.1252,1.574,40.32
2026-07-27,2026-08-16,Control,40-99,PAYER,4,Team Race,21,Comet,count,4,2882,14604,1427,2847.0,0.9879,0.1949,1.9951,49.51
2026-07-27,2026-08-16,Control,40-99,PAYER,4,Team Race,21,Red,count,5,2882,14604,189,208.0,0.0722,0.0142,1.1005,6.56
2026-07-27,2026-08-16,Control,40-99,PAYER,4,Team Race,21,Chuck,count,6,2882,14604,322,376.0,0.1305,0.0257,1.1677,11.17
2026-07-27,2026-08-16,Control,40-99,PAYER,4,Team Race,21,Bomb,count,7,2882,14604,860,1154.0,0.4004,0.079,1.3419,29.84
2026-07-27,2026-08-16,Control,40-99,PAYER,4,Team Race,21,UL Bomb,minutes,8,2882,14604,0,0.0,0.0,0.0,0.0,0.0
2026-07-27,2026-08-16,Control,40-99,PAYER,4,Team Race,21,UL Chuck,minutes,9,2882,14604,0,0.0,0.0,0.0,0.0,0.0
2026-07-27,2026-08-16,Control,40-99,PAYER,4,Team Race,21,UL Red,minutes,10,2882,14604,0,0.0,0.0,0.0,0.0,0.0
2026-07-27,2026-08-16,Control,40-99,PAYER,4,Team Race,21,Unlimited Lives,minutes,11,2882,14604,0,0.0,0.0,0.0,0.0,0.0
2026-07-27,2026-08-16,Control,40-99,PAYER,4,Team Race,21,SPT,count,12,2882,14604,0,0.0,0.0,0.0,0.0,0.0
2026-07-27,2026-08-16,Control,40-99,PAYER,4,Team Race,21,SPTx2,minutes,13,2882,14604,0,0.0,0.0,0.0,0.0,0.0
2026-07-27,2026-08-16,Control,40-99,PAYER,4,Flash Race,22,HC,HC,1,2882,14604,1781,242025.0,83.9781,16.5725,135.8928,61.8
2026-07-27,2026-08-16,Control,40-99,PAYER,4,Flash Race,22,Slingshot,count,2,2882,14604,757,1025.0,0.3557,0.0702,1.354,26.27
2026-07-27,2026-08-16,Control,40-99,PAYER,4,Flash Race,22,Shuffle,count,3,2882,14604,900,1238.0,0.4296,0.0848,1.3756,31.23
2026-07-27,2026-08-16,Control,40-99,PAYER,4,Flash Race,22,Comet,count,4,2882,14604,1014,1545.0,0.5361,0.1058,1.5237,35.18
2026-07-27,2026-08-16,Control,40-99,PAYER,4,Flash Race,22,Red,count,5,2882,14604,134,142.0,0.0493,0.0097,1.0597,4.65
2026-07-27,2026-08-16,Control,40-99,PAYER,4,Flash Race,22,Chuck,count,6,2882,14604,334,392.0,0.136,0.0268,1.1737,11.59
2026-07-27,2026-08-16,Control,40-99,PAYER,4,Flash Race,22,Bomb,count,7,2882,14604,493,617.0,0.2141,0.0422,1.2515,17.11
2026-07-27,2026-08-16,Control,40-99,PAYER,4,Flash Race,22,UL Bomb,minutes,8,2882,14604,0,0.0,0.0,0.0,0.0,0.0
2026-07-27,2026-08-16,Control,40-99,PAYER,4,Flash Race,22,UL Chuck,minutes,9,2882,14604,0,0.0,0.0,0.0,0.0,0.0
2026-07-27,2026-08-16,Control,40-99,PAYER,4,Flash Race,22,UL Red,minutes,10,2882,14604,0,0.0,0.0,0.0,0.0,0.0
2026-07-27,2026-08-16,Control,40-99,PAYER,4,Flash Race,22,Unlimited Lives,minutes,11,2882,14604,246,12675.0,4.398,0.8679,51.5244,8.54
2026-07-27,2026-08-16,Control,40-99,PAYER,4,Flash Race,22,SPT,count,12,2882,14604,1890,231895.0,80.4632,15.8789,122.6958,65.58
2026-07-27,2026-08-16,Control,40-99,PAYER,4,Flash Race,22,SPTx2,minutes,13,2882,14604,0,0.0,0.0,0.0,0.0,0.0
2026-07-27,2026-08-16,Control,40-99,PAYER,4,FlowerCoop,23,HC,HC,1,2882,14604,0,0.0,0.0,0.0,0.0,0.0
2026-07-27,2026-08-16,Control,40-99,PAYER,4,FlowerCoop,23,Slingshot,count,2,2882,14604,0,0.0,0.0,0.0,0.0,0.0
2026-07-27,2026-08-16,Control,40-99,PAYER,4,FlowerCoop,23,Shuffle,count,3,2882,14604,0,0.0,0.0,0.0,0.0,0.0
2026-07-27,2026-08-16,Control,40-99,PAYER,4,FlowerCoop,23,Comet,count,4,2882,14604,1,4.0,0.0014,0.0003,4.0,0.03
2026-07-27,2026-08-16,Control,40-99,PAYER,4,FlowerCoop,23,Red,count,5,2882,14604,0,0.0,0.0,0.0,0.0,0.0
2026-07-27,2026-08-16,Control,40-99,PAYER,4,FlowerCoop,23,Chuck,count,6,2882,14604,1,4.0,0.0014,0.0003,4.0,0.03
2026-07-27,2026-08-16,Control,40-99,PAYER,4,FlowerCoop,23,Bomb,count,7,2882,14604,1,4.0,0.0014,0.0003,4.0,0.03
2026-07-27,2026-08-16,Control,40-99,PAYER,4,FlowerCoop,23,UL Bomb,minutes,8,2882,14604,0,0.0,0.0,0.0,0.0,0.0
2026-07-27,2026-08-16,Control,40-99,PAYER,4,FlowerCoop,23,UL Chuck,minutes,9,2882,14604,0,0.0,0.0,0.0,0.0,0.0
2026-07-27,2026-08-16,Control,40-99,PAYER,4,FlowerCoop,23,UL Red,minutes,10,2882,14604,1,20.0,0.0069,0.0014,20.0,0.03
2026-07-27,2026-08-16,Control,40-99,PAYER,4,FlowerCoop,23,Unlimited Lives,minutes,11,2882,14604,1,30.0,0.0104,0.0021,30.0,0.03
2026-07-27,2026-08-16,Control,40-99,PAYER,4,FlowerCoop,23,SPT,count,12,2882,14604,0,0.0,0.0,0.0,0.0,0.0
2026-07-27,2026-08-16,Control,40-99,PAYER,4,FlowerCoop,23,SPTx2,minutes,13,2882,14604,0,0.0,0.0,0.0,0.0,0.0
2026-07-27,2026-08-16,Control,40-99,PAYER,4,Rainbow Maker,24,HC,HC,1,2882,14604,1,70.0,0.0243,0.0048,70.0,0.03
2026-07-27,2026-08-16,Control,40-99,PAYER,4,Rainbow Maker,24,Slingshot,count,2,2882,14604,1,2.0,0.0007,0.0001,2.0,0.03
2026-07-27,2026-08-16,Control,40-99,PAYER,4,Rainbow Maker,24,Shuffle,count,3,2882,14604,1,2.0,0.0007,0.0001,2.0,0.03
2026-07-27,2026-08-16,Control,40-99,PAYER,4,Rainbow Maker,24,Comet,count,4,2882,14604,1,1.0,0.0003,0.0001,1.0,0.03
2026-07-27,2026-08-16,Control,40-99,PAYER,4,Rainbow Maker,24,Red,count,5,2882,14604,0,0.0,0.0,0.0,0.0,0.0
2026-07-27,2026-08-16,Control,40-99,PAYER,4,Rainbow Maker,24,Chuck,count,6,2882,14604,0,0.0,0.0,0.0,0.0,0.0
2026-07-27,2026-08-16,Control,40-99,PAYER,4,Rainbow Maker,24,Bomb,count,7,2882,14604,0,0.0,0.0,0.0,0.0,0.0
2026-07-27,2026-08-16,Control,40-99,PAYER,4,Rainbow Maker,24,UL Bomb,minutes,8,2882,14604,0,0.0,0.0,0.0,0.0,0.0
2026-07-27,2026-08-16,Control,40-99,PAYER,4,Rainbow Maker,24,UL Chuck,minutes,9,2882,14604,0,0.0,0.0,0.0,0.0,0.0
2026-07-27,2026-08-16,Control,40-99,PAYER,4,Rainbow Maker,24,UL Red,minutes,10,2882,14604,1,10.0,0.0035,0.0007,10.0,0.03
2026-07-27,2026-08-16,Control,40-99,PAYER,4,Rainbow Maker,24,Unlimited Lives,minutes,11,2882,14604,1,30.0,0.0104,0.0021,30.0,0.03
2026-07-27,2026-08-16,Control,40-99,PAYER,4,Rainbow Maker,24,SPT,count,12,2882,14604,1,325.0,0.1128,0.0223,325.0,0.03
2026-07-27,2026-08-16,Control,40-99,PAYER,4,Rainbow Maker,24,SPTx2,minutes,13,2882,14604,0,0.0,0.0,0.0,0.0,0.0
2026-07-27,2026-08-16,Control,40-99,PAYER,4,IAPs,25,HC,HC,1,2882,14604,0,0.0,0.0,0.0,0.0,0.0
2026-07-27,2026-08-16,Control,40-99,PAYER,4,IAPs,25,Slingshot,count,2,2882,14604,0,0.0,0.0,0.0,0.0,0.0
2026-07-27,2026-08-16,Control,40-99,PAYER,4,IAPs,25,Shuffle,count,3,2882,14604,0,0.0,0.0,0.0,0.0,0.0
2026-07-27,2026-08-16,Control,40-99,PAYER,4,IAPs,25,Comet,count,4,2882,14604,0,0.0,0.0,0.0,0.0,0.0
2026-07-27,2026-08-16,Control,40-99,PAYER,4,IAPs,25,Red,count,5,2882,14604,0,0.0,0.0,0.0,0.0,0.0
2026-07-27,2026-08-16,Control,40-99,PAYER,4,IAPs,25,Chuck,count,6,2882,14604,0,0.0,0.0,0.0,0.0,0.0
2026-07-27,2026-08-16,Control,40-99,PAYER,4,IAPs,25,Bomb,count,7,2882,14604,0,0.0,0.0,0.0,0.0,0.0
2026-07-27,2026-08-16,Control,40-99,PAYER,4,IAPs,25,UL Bomb,minutes,8,2882,14604,0,0.0,0.0,0.0,0.0,0.0
2026-07-27,2026-08-16,Control,40-99,PAYER,4,IAPs,25,UL Chuck,minutes,9,2882,14604,0,0.0,0.0,0.0,0.0,0.0
2026-07-27,2026-08-16,Control,40-99,PAYER,4,IAPs,25,UL Red,minutes,10,2882,14604,0,0.0,0.0,0.0,0.0,0.0
2026-07-27,2026-08-16,Control,40-99,PAYER,4,IAPs,25,Unlimited Lives,minutes,11,2882,14604,0,0.0,0.0,0.0,0.0,0.0
2026-07-27,2026-08-16,Control,40-99,PAYER,4,IAPs,25,SPT,count,12,2882,14604,0,0.0,0.0,0.0,0.0,0.0
2026-07-27,2026-08-16,Control,40-99,PAYER,4,IAPs,25,SPTx2,minutes,13,2882,14604,0,0.0,0.0,0.0,0.0,0.0
2026-07-27,2026-08-16,Control,100+,NONPAYER,5,Ads,1,HC,HC,1,2342,8613,812,54495.0,23.2686,6.3271,67.1121,34.67
2026-07-27,2026-08-16,Control,100+,NONPAYER,5,Ads,1,Slingshot,count,2,2342,8613,436,1194.0,0.5098,0.1386,2.7385,18.62
2026-07-27,2026-08-16,Control,100+,NONPAYER,5,Ads,1,Shuffle,count,3,2342,8613,468,1238.0,0.5286,0.1437,2.6453,19.98
2026-07-27,2026-08-16,Control,100+,NONPAYER,5,Ads,1,Comet,count,4,2342,8613,292,581.0,0.2481,0.0675,1.9897,12.47
2026-07-27,2026-08-16,Control,100+,NONPAYER,5,Ads,1,Red,count,5,2342,8613,8,8.0,0.0034,0.0009,1.0,0.34
2026-07-27,2026-08-16,Control,100+,NONPAYER,5,Ads,1,Chuck,count,6,2342,8613,6,6.0,0.0026,0.0007,1.0,0.26
2026-07-27,2026-08-16,Control,100+,NONPAYER,5,Ads,1,Bomb,count,7,2342,8613,0,0.0,0.0,0.0,0.0,0.0
2026-07-27,2026-08-16,Control,100+,NONPAYER,5,Ads,1,UL Bomb,minutes,8,2342,8613,0,0.0,0.0,0.0,0.0,0.0
2026-07-27,2026-08-16,Control,100+,NONPAYER,5,Ads,1,UL Chuck,minutes,9,2342,8613,0,0.0,0.0,0.0,0.0,0.0
2026-07-27,2026-08-16,Control,100+,NONPAYER,5,Ads,1,UL Red,minutes,10,2342,8613,0,0.0,0.0,0.0,0.0,0.0
2026-07-27,2026-08-16,Control,100+,NONPAYER,5,Ads,1,Unlimited Lives,minutes,11,2342,8613,516,18510.0,7.9035,2.1491,35.8721,22.03
2026-07-27,2026-08-16,Control,100+,NONPAYER,5,Ads,1,SPT,count,12,2342,8613,0,0.0,0.0,0.0,0.0,0.0
2026-07-27,2026-08-16,Control,100+,NONPAYER,5,Ads,1,SPTx2,minutes,13,2342,8613,0,0.0,0.0,0.0,0.0,0.0
2026-07-27,2026-08-16,Control,100+,NONPAYER,5,Bomb Challenge,2,HC,HC,1,2342,8613,679,132350.0,56.5115,15.3663,194.919,28.99
2026-07-27,2026-08-16,Control,100+,NONPAYER,5,Bomb Challenge,2,Slingshot,count,2,2342,8613,118,124.0,0.0529,0.0144,1.0508,5.04
2026-07-27,2026-08-16,Control,100+,NONPAYER,5,Bomb Challenge,2,Shuffle,count,3,2342,8613,440,509.0,0.2173,0.0591,1.1568,18.79
2026-07-27,2026-08-16,Control,100+,NONPAYER,5,Bomb Challenge,2,Comet,count,4,2342,8613,420,510.0,0.2178,0.0592,1.2143,17.93
2026-07-27,2026-08-16,Control,100+,NONPAYER,5,Bomb Challenge,2,Red,count,5,2342,8613,0,0.0,0.0,0.0,0.0,0.0
2026-07-27,2026-08-16,Control,100+,NONPAYER,5,Bomb Challenge,2,Chuck,count,6,2342,8613,0,0.0,0.0,0.0,0.0,0.0
2026-07-27,2026-08-16,Control,100+,NONPAYER,5,Bomb Challenge,2,Bomb,count,7,2342,8613,0,0.0,0.0,0.0,0.0,0.0
2026-07-27,2026-08-16,Control,100+,NONPAYER,5,Bomb Challenge,2,UL Bomb,minutes,8,2342,8613,0,0.0,0.0,0.0,0.0,0.0
2026-07-27,2026-08-16,Control,100+,NONPAYER,5,Bomb Challenge,2,UL Chuck,minutes,9,2342,8613,0,0.0,0.0,0.0,0.0,0.0
2026-07-27,2026-08-16,Control,100+,NONPAYER,5,Bomb Challenge,2,UL Red,minutes,10,2342,8613,0,0.0,0.0,0.0,0.0,0.0
2026-07-27,2026-08-16,Control,100+,NONPAYER,5,Bomb Challenge,2,Unlimited Lives,minutes,11,2342,8613,0,0.0,0.0,0.0,0.0,0.0
2026-07-27,2026-08-16,Control,100+,NONPAYER,5,Bomb Challenge,2,SPT,count,12,2342,8613,0,0.0,0.0,0.0,0.0,0.0
2026-07-27,2026-08-16,Control,100+,NONPAYER,5,Bomb Challenge,2,SPTx2,minutes,13,2342,8613,0,0.0,0.0,0.0,0.0,0.0
2026-07-27,2026-08-16,Control,100+,NONPAYER,5,Bomb's Ballet,3,HC,HC,1,2342,8613,726,46650.0,19.9189,5.4162,64.2562,31.0
2026-07-27,2026-08-16,Control,100+,NONPAYER,5,Bomb's Ballet,3,Slingshot,count,2,2342,8613,458,469.0,0.2003,0.0545,1.024,19.56
2026-07-27,2026-08-16,Control,100+,NONPAYER,5,Bomb's Ballet,3,Shuffle,count,3,2342,8613,349,350.0,0.1494,0.0406,1.0029,14.9
2026-07-27,2026-08-16,Control,100+,NONPAYER,5,Bomb's Ballet,3,Comet,count,4,2342,8613,348,355.0,0.1516,0.0412,1.0201,14.86
2026-07-27,2026-08-16,Control,100+,NONPAYER,5,Bomb's Ballet,3,Red,count,5,2342,8613,577,588.0,0.2511,0.0683,1.0191,24.64
2026-07-27,2026-08-16,Control,100+,NONPAYER,5,Bomb's Ballet,3,Chuck,count,6,2342,8613,581,590.0,0.2519,0.0685,1.0155,24.81
2026-07-27,2026-08-16,Control,100+,NONPAYER,5,Bomb's Ballet,3,Bomb,count,7,2342,8613,348,355.0,0.1516,0.0412,1.0201,14.86
2026-07-27,2026-08-16,Control,100+,NONPAYER,5,Bomb's Ballet,3,UL Bomb,minutes,8,2342,8613,697,13525.0,5.775,1.5703,19.4046,29.76
2026-07-27,2026-08-16,Control,100+,NONPAYER,5,Bomb's Ballet,3,UL Chuck,minutes,9,2342,8613,726,14140.0,6.0376,1.6417,19.4766,31.0
2026-07-27,2026-08-16,Control,100+,NONPAYER,5,Bomb's Ballet,3,UL Red,minutes,10,2342,8613,705,14595.0,6.2319,1.6945,20.7021,30.1
2026-07-27,2026-08-16,Control,100+,NONPAYER,5,Bomb's Ballet,3,Unlimited Lives,minutes,11,2342,8613,721,77340.0,33.0231,8.9794,107.2677,30.79
2026-07-27,2026-08-16,Control,100+,NONPAYER,5,Bomb's Ballet,3,SPT,count,12,2342,8613,0,0.0,0.0,0.0,0.0,0.0
2026-07-27,2026-08-16,Control,100+,NONPAYER,5,Bomb's Ballet,3,SPTx2,minutes,13,2342,8613,0,0.0,0.0,0.0,0.0,0.0
2026-07-27,2026-08-16,Control,100+,NONPAYER,5,Chuck Challenge,4,HC,HC,1,2342,8613,2,300.0,0.1281,0.0348,150.0,0.09
2026-07-27,2026-08-16,Control,100+,NONPAYER,5,Chuck Challenge,4,Slingshot,count,2,2342,8613,1,1.0,0.0004,0.0001,1.0,0.04
2026-07-27,2026-08-16,Control,100+,NONPAYER,5,Chuck Challenge,4,Shuffle,count,3,2342,8613,2,2.0,0.0009,0.0002,1.0,0.09
2026-07-27,2026-08-16,Control,100+,NONPAYER,5,Chuck Challenge,4,Comet,count,4,2342,8613,1,1.0,0.0004,0.0001,1.0,0.04
2026-07-27,2026-08-16,Control,100+,NONPAYER,5,Chuck Challenge,4,Red,count,5,2342,8613,0,0.0,0.0,0.0,0.0,0.0
2026-07-27,2026-08-16,Control,100+,NONPAYER,5,Chuck Challenge,4,Chuck,count,6,2342,8613,0,0.0,0.0,0.0,0.0,0.0
2026-07-27,2026-08-16,Control,100+,NONPAYER,5,Chuck Challenge,4,Bomb,count,7,2342,8613,0,0.0,0.0,0.0,0.0,0.0
2026-07-27,2026-08-16,Control,100+,NONPAYER,5,Chuck Challenge,4,UL Bomb,minutes,8,2342,8613,0,0.0,0.0,0.0,0.0,0.0
2026-07-27,2026-08-16,Control,100+,NONPAYER,5,Chuck Challenge,4,UL Chuck,minutes,9,2342,8613,0,0.0,0.0,0.0,0.0,0.0
2026-07-27,2026-08-16,Control,100+,NONPAYER,5,Chuck Challenge,4,UL Red,minutes,10,2342,8613,0,0.0,0.0,0.0,0.0,0.0
2026-07-27,2026-08-16,Control,100+,NONPAYER,5,Chuck Challenge,4,Unlimited Lives,minutes,11,2342,8613,0,0.0,0.0,0.0,0.0,0.0
2026-07-27,2026-08-16,Control,100+,NONPAYER,5,Chuck Challenge,4,SPT,count,12,2342,8613,0,0.0,0.0,0.0,0.0,0.0
2026-07-27,2026-08-16,Control,100+,NONPAYER,5,Chuck Challenge,4,SPTx2,minutes,13,2342,8613,0,0.0,0.0,0.0,0.0,0.0
2026-07-27,2026-08-16,Control,100+,NONPAYER,5,Core,5,HC,HC,1,2342,8613,2321,1021490.0,436.1614,118.5986,440.1077,99.1
2026-07-27,2026-08-16,Control,100+,NONPAYER,5,Core,5,Slingshot,count,2,2342,8613,2137,8065.0,3.4436,0.9364,3.774,91.25
2026-07-27,2026-08-16,Control,100+,NONPAYER,5,Core,5,Shuffle,count,3,2342,8613,2247,10984.0,4.69,1.2753,4.8883,95.94
2026-07-27,2026-08-16,Control,100+,NONPAYER,5,Core,5,Comet,count,4,2342,8613,1690,3902.0,1.6661,0.453,2.3089,72.16
2026-07-27,2026-08-16,Control,100+,NONPAYER,5,Core,5,Red,count,5,2342,8613,1701,3470.0,1.4816,0.4029,2.04,72.63
2026-07-27,2026-08-16,Control,100+,NONPAYER,5,Core,5,Chuck,count,6,2342,8613,1777,5479.0,2.3395,0.6361,3.0833,75.88
2026-07-27,2026-08-16,Control,100+,NONPAYER,5,Core,5,Bomb,count,7,2342,8613,1966,4198.0,1.7925,0.4874,2.1353,83.95
2026-07-27,2026-08-16,Control,100+,NONPAYER,5,Core,5,UL Bomb,minutes,8,2342,8613,0,0.0,0.0,0.0,0.0,0.0
2026-07-27,2026-08-16,Control,100+,NONPAYER,5,Core,5,UL Chuck,minutes,9,2342,8613,0,0.0,0.0,0.0,0.0,0.0
2026-07-27,2026-08-16,Control,100+,NONPAYER,5,Core,5,UL Red,minutes,10,2342,8613,0,0.0,0.0,0.0,0.0,0.0
2026-07-27,2026-08-16,Control,100+,NONPAYER,5,Core,5,Unlimited Lives,minutes,11,2342,8613,2278,627300.0,267.848,72.8318,275.3731,97.27
2026-07-27,2026-08-16,Control,100+,NONPAYER,5,Core,5,SPT,count,12,2342,8613,2017,8990028.0,3838.6114,1043.7743,4457.1284,86.12
2026-07-27,2026-08-16,Control,100+,NONPAYER,5,Core,5,SPTx2,minutes,13,2342,8613,0,0.0,0.0,0.0,0.0,0.0
2026-07-27,2026-08-16,Control,100+,NONPAYER,5,Daily Gift,6,HC,HC,1,2342,8613,1438,154180.0,65.8326,17.9008,107.2184,61.4
2026-07-27,2026-08-16,Control,100+,NONPAYER,5,Daily Gift,6,Slingshot,count,2,2342,8613,1321,1891.0,0.8074,0.2196,1.4315,56.4
2026-07-27,2026-08-16,Control,100+,NONPAYER,5,Daily Gift,6,Shuffle,count,3,2342,8613,711,1020.0,0.4355,0.1184,1.4346,30.36
2026-07-27,2026-08-16,Control,100+,NONPAYER,5,Daily Gift,6,Comet,count,4,2342,8613,152,157.0,0.067,0.0182,1.0329,6.49
2026-07-27,2026-08-16,Control,100+,NONPAYER,5,Daily Gift,6,Red,count,5,2342,8613,0,0.0,0.0,0.0,0.0,0.0
2026-07-27,2026-08-16,Control,100+,NONPAYER,5,Daily Gift,6,Chuck,count,6,2342,8613,0,0.0,0.0,0.0,0.0,0.0
2026-07-27,2026-08-16,Control,100+,NONPAYER,5,Daily Gift,6,Bomb,count,7,2342,8613,0,0.0,0.0,0.0,0.0,0.0
2026-07-27,2026-08-16,Control,100+,NONPAYER,5,Daily Gift,6,UL Bomb,minutes,8,2342,8613,129,3900.0,1.6652,0.4528,30.2326,5.51
2026-07-27,2026-08-16,Control,100+,NONPAYER,5,Daily Gift,6,UL Chuck,minutes,9,2342,8613,150,9060.0,3.8685,1.0519,60.4,6.4
2026-07-27,2026-08-16,Control,100+,NONPAYER,5,Daily Gift,6,UL Red,minutes,10,2342,8613,251,15060.0,6.4304,1.7485,60.0,10.72
2026-07-27,2026-08-16,Control,100+,NONPAYER,5,Daily Gift,6,Unlimited Lives,minutes,11,2342,8613,1613,143955.0,61.4667,16.7137,89.2467,68.87
2026-07-27,2026-08-16,Control,100+,NONPAYER,5,Daily Gift,6,SPT,count,12,2342,8613,0,0.0,0.0,0.0,0.0,0.0
2026-07-27,2026-08-16,Control,100+,NONPAYER,5,Daily Gift,6,SPTx2,minutes,13,2342,8613,2,45.0,0.0192,0.0052,22.5,0.09
2026-07-27,2026-08-16,Control,100+,NONPAYER,5,Daily Night Sky Prize,7,HC,HC,1,2342,8613,995,488705.0,208.6699,56.7404,491.1608,42.49
2026-07-27,2026-08-16,Control,100+,NONPAYER,5,Daily Night Sky Prize,7,Slingshot,count,2,2342,8613,728,1024.0,0.4372,0.1189,1.4066,31.08
2026-07-27,2026-08-16,Control,100+,NONPAYER,5,Daily Night Sky Prize,7,Shuffle,count,3,2342,8613,0,0.0,0.0,0.0,0.0,0.0
2026-07-27,2026-08-16,Control,100+,NONPAYER,5,Daily Night Sky Prize,7,Comet,count,4,2342,8613,338,522.0,0.2229,0.0606,1.5444,14.43
2026-07-27,2026-08-16,Control,100+,NONPAYER,5,Daily Night Sky Prize,7,Red,count,5,2342,8613,851,1463.0,0.6247,0.1699,1.7192,36.34
2026-07-27,2026-08-16,Control,100+,NONPAYER,5,Daily Night Sky Prize,7,Chuck,count,6,2342,8613,410,502.0,0.2143,0.0583,1.2244,17.51
2026-07-27,2026-08-16,Control,100+,NONPAYER,5,Daily Night Sky Prize,7,Bomb,count,7,2342,8613,0,0.0,0.0,0.0,0.0,0.0
2026-07-27,2026-08-16,Control,100+,NONPAYER,5,Daily Night Sky Prize,7,UL Bomb,minutes,8,2342,8613,0,0.0,0.0,0.0,0.0,0.0
2026-07-27,2026-08-16,Control,100+,NONPAYER,5,Daily Night Sky Prize,7,UL Chuck,minutes,9,2342,8613,0,0.0,0.0,0.0,0.0,0.0
2026-07-27,2026-08-16,Control,100+,NONPAYER,5,Daily Night Sky Prize,7,UL Red,minutes,10,2342,8613,0,0.0,0.0,0.0,0.0,0.0
2026-07-27,2026-08-16,Control,100+,NONPAYER,5,Daily Night Sky Prize,7,Unlimited Lives,minutes,11,2342,8613,998,103880.0,44.3553,12.0608,104.0882,42.61
2026-07-27,2026-08-16,Control,100+,NONPAYER,5,Daily Night Sky Prize,7,SPT,count,12,2342,8613,0,0.0,0.0,0.0,0.0,0.0
2026-07-27,2026-08-16,Control,100+,NONPAYER,5,Daily Night Sky Prize,7,SPTx2,minutes,13,2342,8613,0,0.0,0.0,0.0,0.0,0.0
2026-07-27,2026-08-16,Control,100+,NONPAYER,5,Flock Flurry,8,HC,HC,1,2342,8613,0,0.0,0.0,0.0,0.0,0.0
2026-07-27,2026-08-16,Control,100+,NONPAYER,5,Flock Flurry,8,Slingshot,count,2,2342,8613,913,1916.0,0.8181,0.2225,2.0986,38.98
2026-07-27,2026-08-16,Control,100+,NONPAYER,5,Flock Flurry,8,Shuffle,count,3,2342,8613,0,0.0,0.0,0.0,0.0,0.0
2026-07-27,2026-08-16,Control,100+,NONPAYER,5,Flock Flurry,8,Comet,count,4,2342,8613,0,0.0,0.0,0.0,0.0,0.0
2026-07-27,2026-08-16,Control,100+,NONPAYER,5,Flock Flurry,8,Red,count,5,2342,8613,913,1916.0,0.8181,0.2225,2.0986,38.98
2026-07-27,2026-08-16,Control,100+,NONPAYER,5,Flock Flurry,8,Chuck,count,6,2342,8613,913,1916.0,0.8181,0.2225,2.0986,38.98
2026-07-27,2026-08-16,Control,100+,NONPAYER,5,Flock Flurry,8,Bomb,count,7,2342,8613,913,1916.0,0.8181,0.2225,2.0986,38.98
2026-07-27,2026-08-16,Control,100+,NONPAYER,5,Flock Flurry,8,UL Bomb,minutes,8,2342,8613,0,0.0,0.0,0.0,0.0,0.0
2026-07-27,2026-08-16,Control,100+,NONPAYER,5,Flock Flurry,8,UL Chuck,minutes,9,2342,8613,0,0.0,0.0,0.0,0.0,0.0
2026-07-27,2026-08-16,Control,100+,NONPAYER,5,Flock Flurry,8,UL Red,minutes,10,2342,8613,0,0.0,0.0,0.0,0.0,0.0
2026-07-27,2026-08-16,Control,100+,NONPAYER,5,Flock Flurry,8,Unlimited Lives,minutes,11,2342,8613,1657,245440.0,104.7993,28.4965,148.1231,70.75
2026-07-27,2026-08-16,Control,100+,NONPAYER,5,Flock Flurry,8,SPT,count,12,2342,8613,884,36780.0,15.7045,4.2703,41.6063,37.75
2026-07-27,2026-08-16,Control,100+,NONPAYER,5,Flock Flurry,8,SPTx2,minutes,13,2342,8613,0,0.0,0.0,0.0,0.0,0.0
2026-07-27,2026-08-16,Control,100+,NONPAYER,5,Hatchling Hideaway,9,HC,HC,1,2342,8613,1281,90455.0,38.623,10.5021,70.6128,54.7
2026-07-27,2026-08-16,Control,100+,NONPAYER,5,Hatchling Hideaway,9,Slingshot,count,2,2342,8613,1082,1403.0,0.5991,0.1629,1.2967,46.2
2026-07-27,2026-08-16,Control,100+,NONPAYER,5,Hatchling Hideaway,9,Shuffle,count,3,2342,8613,1113,1441.0,0.6153,0.1673,1.2947,47.52
2026-07-27,2026-08-16,Control,100+,NONPAYER,5,Hatchling Hideaway,9,Comet,count,4,2342,8613,1054,1368.0,0.5841,0.1588,1.2979,45.0
2026-07-27,2026-08-16,Control,100+,NONPAYER,5,Hatchling Hideaway,9,Red,count,5,2342,8613,1149,1502.0,0.6413,0.1744,1.3072,49.06
2026-07-27,2026-08-16,Control,100+,NONPAYER,5,Hatchling Hideaway,9,Chuck,count,6,2342,8613,1129,1469.0,0.6272,0.1706,1.3012,48.21
2026-07-27,2026-08-16,Control,100+,NONPAYER,5,Hatchling Hideaway,9,Bomb,count,7,2342,8613,1113,1441.0,0.6153,0.1673,1.2947,47.52
2026-07-27,2026-08-16,Control,100+,NONPAYER,5,Hatchling Hideaway,9,UL Bomb,minutes,8,2342,8613,0,0.0,0.0,0.0,0.0,0.0
2026-07-27,2026-08-16,Control,100+,NONPAYER,5,Hatchling Hideaway,9,UL Chuck,minutes,9,2342,8613,1054,13430.0,5.7344,1.5593,12.7419,45.0
2026-07-27,2026-08-16,Control,100+,NONPAYER,5,Hatchling Hideaway,9,UL Red,minutes,10,2342,8613,1082,13870.0,5.9223,1.6104,12.8189,46.2
2026-07-27,2026-08-16,Control,100+,NONPAYER,5,Hatchling Hideaway,9,Unlimited Lives,minutes,11,2342,8613,1217,133350.0,56.9385,15.4824,109.5727,51.96
2026-07-27,2026-08-16,Control,100+,NONPAYER,5,Hatchling Hideaway,9,SPT,count,12,2342,8613,0,0.0,0.0,0.0,0.0,0.0
2026-07-27,2026-08-16,Control,100+,NONPAYER,5,Hatchling Hideaway,9,SPTx2,minutes,13,2342,8613,0,0.0,0.0,0.0,0.0,0.0
2026-07-27,2026-08-16,Control,100+,NONPAYER,5,Jigsaw,10,HC,HC,1,2342,8613,617,46025.0,19.652,5.3437,74.5948,26.35
2026-07-27,2026-08-16,Control,100+,NONPAYER,5,Jigsaw,10,Slingshot,count,2,2342,8613,428,440.0,0.1879,0.0511,1.028,18.27
2026-07-27,2026-08-16,Control,100+,NONPAYER,5,Jigsaw,10,Shuffle,count,3,2342,8613,0,0.0,0.0,0.0,0.0,0.0
2026-07-27,2026-08-16,Control,100+,NONPAYER,5,Jigsaw,10,Comet,count,4,2342,8613,403,407.0,0.1738,0.0473,1.0099,17.21
2026-07-27,2026-08-16,Control,100+,NONPAYER,5,Jigsaw,10,Red,count,5,2342,8613,508,544.0,0.2323,0.0632,1.0709,21.69
2026-07-27,2026-08-16,Control,100+,NONPAYER,5,Jigsaw,10,Chuck,count,6,2342,8613,499,521.0,0.2225,0.0605,1.0441,21.31
2026-07-27,2026-08-16,Control,100+,NONPAYER,5,Jigsaw,10,Bomb,count,7,2342,8613,403,407.0,0.1738,0.0473,1.0099,17.21
2026-07-27,2026-08-16,Control,100+,NONPAYER,5,Jigsaw,10,UL Bomb,minutes,8,2342,8613,579,11400.0,4.8676,1.3236,19.6891,24.72
2026-07-27,2026-08-16,Control,100+,NONPAYER,5,Jigsaw,10,UL Chuck,minutes,9,2342,8613,609,12225.0,5.2199,1.4194,20.0739,26.0
2026-07-27,2026-08-16,Control,100+,NONPAYER,5,Jigsaw,10,UL Red,minutes,10,2342,8613,591,12950.0,5.5295,1.5035,21.912,25.23
2026-07-27,2026-08-16,Control,100+,NONPAYER,5,Jigsaw,10,Unlimited Lives,minutes,11,2342,8613,625,73050.0,31.1913,8.4814,116.88,26.69
2026-07-27,2026-08-16,Control,100+,NONPAYER,5,Jigsaw,10,SPT,count,12,2342,8613,0,0.0,0.0,0.0,0.0,0.0
2026-07-27,2026-08-16,Control,100+,NONPAYER,5,Jigsaw,10,SPTx2,minutes,13,2342,8613,0,0.0,0.0,0.0,0.0,0.0
2026-07-27,2026-08-16,Control,100+,NONPAYER,5,Kite Festival,11,HC,HC,1,2342,8613,387,106475.0,45.4633,12.3621,275.1292,16.52
2026-07-27,2026-08-16,Control,100+,NONPAYER,5,Kite Festival,11,Slingshot,count,2,2342,8613,62,65.0,0.0278,0.0075,1.0484,2.65
2026-07-27,2026-08-16,Control,100+,NONPAYER,5,Kite Festival,11,Shuffle,count,3,2342,8613,240,261.0,0.1114,0.0303,1.0875,10.25
2026-07-27,2026-08-16,Control,100+,NONPAYER,5,Kite Festival,11,Comet,count,4,2342,8613,187,219.0,0.0935,0.0254,1.1711,7.98
2026-07-27,2026-08-16,Control,100+,NONPAYER,5,Kite Festival,11,Red,count,5,2342,8613,17,17.0,0.0073,0.002,1.0,0.73
2026-07-27,2026-08-16,Control,100+,NONPAYER,5,Kite Festival,11,Chuck,count,6,2342,8613,15,15.0,0.0064,0.0017,1.0,0.64
2026-07-27,2026-08-16,Control,100+,NONPAYER,5,Kite Festival,11,Bomb,count,7,2342,8613,11,11.0,0.0047,0.0013,1.0,0.47
2026-07-27,2026-08-16,Control,100+,NONPAYER,5,Kite Festival,11,UL Bomb,minutes,8,2342,8613,0,0.0,0.0,0.0,0.0,0.0
2026-07-27,2026-08-16,Control,100+,NONPAYER,5,Kite Festival,11,UL Chuck,minutes,9,2342,8613,0,0.0,0.0,0.0,0.0,0.0
2026-07-27,2026-08-16,Control,100+,NONPAYER,5,Kite Festival,11,UL Red,minutes,10,2342,8613,0,0.0,0.0,0.0,0.0,0.0
2026-07-27,2026-08-16,Control,100+,NONPAYER,5,Kite Festival,11,Unlimited Lives,minutes,11,2342,8613,784,30270.0,12.9249,3.5145,38.6097,33.48
2026-07-27,2026-08-16,Control,100+,NONPAYER,5,Kite Festival,11,SPT,count,12,2342,8613,477,160935.0,68.7169,18.6851,337.3899,20.37
2026-07-27,2026-08-16,Control,100+,NONPAYER,5,Kite Festival,11,SPTx2,minutes,13,2342,8613,0,0.0,0.0,0.0,0.0,0.0
2026-07-27,2026-08-16,Control,100+,NONPAYER,5,Level Race,12,HC,HC,1,2342,8613,0,0.0,0.0,0.0,0.0,0.0
2026-07-27,2026-08-16,Control,100+,NONPAYER,5,Level Race,12,Slingshot,count,2,2342,8613,0,0.0,0.0,0.0,0.0,0.0
2026-07-27,2026-08-16,Control,100+,NONPAYER,5,Level Race,12,Shuffle,count,3,2342,8613,0,0.0,0.0,0.0,0.0,0.0
2026-07-27,2026-08-16,Control,100+,NONPAYER,5,Level Race,12,Comet,count,4,2342,8613,0,0.0,0.0,0.0,0.0,0.0
2026-07-27,2026-08-16,Control,100+,NONPAYER,5,Level Race,12,Red,count,5,2342,8613,0,0.0,0.0,0.0,0.0,0.0
2026-07-27,2026-08-16,Control,100+,NONPAYER,5,Level Race,12,Chuck,count,6,2342,8613,0,0.0,0.0,0.0,0.0,0.0
2026-07-27,2026-08-16,Control,100+,NONPAYER,5,Level Race,12,Bomb,count,7,2342,8613,0,0.0,0.0,0.0,0.0,0.0
2026-07-27,2026-08-16,Control,100+,NONPAYER,5,Level Race,12,UL Bomb,minutes,8,2342,8613,0,0.0,0.0,0.0,0.0,0.0
2026-07-27,2026-08-16,Control,100+,NONPAYER,5,Level Race,12,UL Chuck,minutes,9,2342,8613,0,0.0,0.0,0.0,0.0,0.0
2026-07-27,2026-08-16,Control,100+,NONPAYER,5,Level Race,12,UL Red,minutes,10,2342,8613,0,0.0,0.0,0.0,0.0,0.0
2026-07-27,2026-08-16,Control,100+,NONPAYER,5,Level Race,12,Unlimited Lives,minutes,11,2342,8613,0,0.0,0.0,0.0,0.0,0.0
2026-07-27,2026-08-16,Control,100+,NONPAYER,5,Level Race,12,SPT,count,12,2342,8613,0,0.0,0.0,0.0,0.0,0.0
2026-07-27,2026-08-16,Control,100+,NONPAYER,5,Level Race,12,SPTx2,minutes,13,2342,8613,0,0.0,0.0,0.0,0.0,0.0
2026-07-27,2026-08-16,Control,100+,NONPAYER,5,Other,13,HC,HC,1,2342,8613,1307,276902.0,118.2331,32.1493,211.8607,55.81
2026-07-27,2026-08-16,Control,100+,NONPAYER,5,Other,13,Slingshot,count,2,2342,8613,581,929.0,0.3967,0.1079,1.599,24.81
2026-07-27,2026-08-16,Control,100+,NONPAYER,5,Other,13,Shuffle,count,3,2342,8613,811,1561.0,0.6665,0.1812,1.9248,34.63
2026-07-27,2026-08-16,Control,100+,NONPAYER,5,Other,13,Comet,count,4,2342,8613,817,1526.0,0.6516,0.1772,1.8678,34.88
2026-07-27,2026-08-16,Control,100+,NONPAYER,5,Other,13,Red,count,5,2342,8613,1296,2371.0,1.0124,0.2753,1.8295,55.34
2026-07-27,2026-08-16,Control,100+,NONPAYER,5,Other,13,Chuck,count,6,2342,8613,1271,2317.0,0.9893,0.269,1.823,54.27
2026-07-27,2026-08-16,Control,100+,NONPAYER,5,Other,13,Bomb,count,7,2342,8613,1272,2300.0,0.9821,0.267,1.8082,54.31
2026-07-27,2026-08-16,Control,100+,NONPAYER,5,Other,13,UL Bomb,minutes,8,2342,8613,0,0.0,0.0,0.0,0.0,0.0
2026-07-27,2026-08-16,Control,100+,NONPAYER,5,Other,13,UL Chuck,minutes,9,2342,8613,1,15.0,0.0064,0.0017,15.0,0.04
2026-07-27,2026-08-16,Control,100+,NONPAYER,5,Other,13,UL Red,minutes,10,2342,8613,3,45.0,0.0192,0.0052,15.0,0.13
2026-07-27,2026-08-16,Control,100+,NONPAYER,5,Other,13,Unlimited Lives,minutes,11,2342,8613,574,25740.0,10.9906,2.9885,44.8432,24.51
2026-07-27,2026-08-16,Control,100+,NONPAYER,5,Other,13,SPT,count,12,2342,8613,1110,59012.0,25.1973,6.8515,53.164,47.4
2026-07-27,2026-08-16,Control,100+,NONPAYER,5,Other,13,SPTx2,minutes,13,2342,8613,0,0.0,0.0,0.0,0.0,0.0
2026-07-27,2026-08-16,Control,100+,NONPAYER,5,Photoshoot,14,HC,HC,1,2342,8613,545,39825.0,17.0047,4.6238,73.0734,23.27
2026-07-27,2026-08-16,Control,100+,NONPAYER,5,Photoshoot,14,Slingshot,count,2,2342,8613,0,0.0,0.0,0.0,0.0,0.0
2026-07-27,2026-08-16,Control,100+,NONPAYER,5,Photoshoot,14,Shuffle,count,3,2342,8613,344,358.0,0.1529,0.0416,1.0407,14.69
2026-07-27,2026-08-16,Control,100+,NONPAYER,5,Photoshoot,14,Comet,count,4,2342,8613,0,0.0,0.0,0.0,0.0,0.0
2026-07-27,2026-08-16,Control,100+,NONPAYER,5,Photoshoot,14,Red,count,5,2342,8613,429,475.0,0.2028,0.0551,1.1072,18.32
2026-07-27,2026-08-16,Control,100+,NONPAYER,5,Photoshoot,14,Chuck,count,6,2342,8613,448,502.0,0.2143,0.0583,1.1205,19.13
2026-07-27,2026-08-16,Control,100+,NONPAYER,5,Photoshoot,14,Bomb,count,7,2342,8613,320,328.0,0.1401,0.0381,1.025,13.66
2026-07-27,2026-08-16,Control,100+,NONPAYER,5,Photoshoot,14,UL Bomb,minutes,8,2342,8613,374,5910.0,2.5235,0.6862,15.8021,15.97
2026-07-27,2026-08-16,Control,100+,NONPAYER,5,Photoshoot,14,UL Chuck,minutes,9,2342,8613,418,6945.0,2.9654,0.8063,16.6148,17.85
2026-07-27,2026-08-16,Control,100+,NONPAYER,5,Photoshoot,14,UL Red,minutes,10,2342,8613,441,7350.0,3.1383,0.8534,16.6667,18.83
2026-07-27,2026-08-16,Control,100+,NONPAYER,5,Photoshoot,14,Unlimited Lives,minutes,11,2342,8613,576,106680.0,45.5508,12.3859,185.2083,24.59
2026-07-27,2026-08-16,Control,100+,NONPAYER,5,Photoshoot,14,SPT,count,12,2342,8613,0,0.0,0.0,0.0,0.0,0.0
2026-07-27,2026-08-16,Control,100+,NONPAYER,5,Photoshoot,14,SPTx2,minutes,13,2342,8613,0,0.0,0.0,0.0,0.0,0.0
2026-07-27,2026-08-16,Control,100+,NONPAYER,5,Red Challenge,15,HC,HC,1,2342,8613,791,170850.0,72.9505,19.8363,215.9924,33.77
2026-07-27,2026-08-16,Control,100+,NONPAYER,5,Red Challenge,15,Slingshot,count,2,2342,8613,63,68.0,0.029,0.0079,1.0794,2.69
2026-07-27,2026-08-16,Control,100+,NONPAYER,5,Red Challenge,15,Shuffle,count,3,2342,8613,424,483.0,0.2062,0.0561,1.1392,18.1
2026-07-27,2026-08-16,Control,100+,NONPAYER,5,Red Challenge,15,Comet,count,4,2342,8613,526,685.0,0.2925,0.0795,1.3023,22.46
2026-07-27,2026-08-16,Control,100+,NONPAYER,5,Red Challenge,15,Red,count,5,2342,8613,0,0.0,0.0,0.0,0.0,0.0
2026-07-27,2026-08-16,Control,100+,NONPAYER,5,Red Challenge,15,Chuck,count,6,2342,8613,0,0.0,0.0,0.0,0.0,0.0
2026-07-27,2026-08-16,Control,100+,NONPAYER,5,Red Challenge,15,Bomb,count,7,2342,8613,0,0.0,0.0,0.0,0.0,0.0
2026-07-27,2026-08-16,Control,100+,NONPAYER,5,Red Challenge,15,UL Bomb,minutes,8,2342,8613,0,0.0,0.0,0.0,0.0,0.0
2026-07-27,2026-08-16,Control,100+,NONPAYER,5,Red Challenge,15,UL Chuck,minutes,9,2342,8613,0,0.0,0.0,0.0,0.0,0.0
2026-07-27,2026-08-16,Control,100+,NONPAYER,5,Red Challenge,15,UL Red,minutes,10,2342,8613,0,0.0,0.0,0.0,0.0,0.0
2026-07-27,2026-08-16,Control,100+,NONPAYER,5,Red Challenge,15,Unlimited Lives,minutes,11,2342,8613,0,0.0,0.0,0.0,0.0,0.0
2026-07-27,2026-08-16,Control,100+,NONPAYER,5,Red Challenge,15,SPT,count,12,2342,8613,0,0.0,0.0,0.0,0.0,0.0
2026-07-27,2026-08-16,Control,100+,NONPAYER,5,Red Challenge,15,SPTx2,minutes,13,2342,8613,0,0.0,0.0,0.0,0.0,0.0
2026-07-27,2026-08-16,Control,100+,NONPAYER,5,River Rush,16,HC,HC,1,2342,8613,567,193300.0,82.5363,22.4428,340.9171,24.21
2026-07-27,2026-08-16,Control,100+,NONPAYER,5,River Rush,16,Slingshot,count,2,2342,8613,430,2178.0,0.93,0.2529,5.0651,18.36
2026-07-27,2026-08-16,Control,100+,NONPAYER,5,River Rush,16,Shuffle,count,3,2342,8613,472,1704.0,0.7276,0.1978,3.6102,20.15
2026-07-27,2026-08-16,Control,100+,NONPAYER,5,River Rush,16,Comet,count,4,2342,8613,516,1913.0,0.8168,0.2221,3.7074,22.03
2026-07-27,2026-08-16,Control,100+,NONPAYER,5,River Rush,16,Red,count,5,2342,8613,426,892.0,0.3809,0.1036,2.0939,18.19
2026-07-27,2026-08-16,Control,100+,NONPAYER,5,River Rush,16,Chuck,count,6,2342,8613,322,654.0,0.2792,0.0759,2.0311,13.75
2026-07-27,2026-08-16,Control,100+,NONPAYER,5,River Rush,16,Bomb,count,7,2342,8613,387,1032.0,0.4406,0.1198,2.6667,16.52
2026-07-27,2026-08-16,Control,100+,NONPAYER,5,River Rush,16,UL Bomb,minutes,8,2342,8613,335,8140.0,3.4757,0.9451,24.2985,14.3
2026-07-27,2026-08-16,Control,100+,NONPAYER,5,River Rush,16,UL Chuck,minutes,9,2342,8613,450,28780.0,12.2886,3.3415,63.9556,19.21
2026-07-27,2026-08-16,Control,100+,NONPAYER,5,River Rush,16,UL Red,minutes,10,2342,8613,483,42340.0,18.0786,4.9158,87.6605,20.62
2026-07-27,2026-08-16,Control,100+,NONPAYER,5,River Rush,16,Unlimited Lives,minutes,11,2342,8613,284,17265.0,7.3719,2.0045,60.7923,12.13
2026-07-27,2026-08-16,Control,100+,NONPAYER,5,River Rush,16,SPT,count,12,2342,8613,366,38250.0,16.3322,4.441,104.5082,15.63
2026-07-27,2026-08-16,Control,100+,NONPAYER,5,River Rush,16,SPTx2,minutes,13,2342,8613,315,13685.0,5.8433,1.5889,43.4444,13.45
2026-07-27,2026-08-16,Control,100+,NONPAYER,5,Saga,17,HC,HC,1,2342,8613,2333,1608860.0,686.9599,186.7944,689.6099,99.62
2026-07-27,2026-08-16,Control,100+,NONPAYER,5,Saga,17,Slingshot,count,2,2342,8613,2248,16513.0,7.0508,1.9172,7.3456,95.99
2026-07-27,2026-08-16,Control,100+,NONPAYER,5,Saga,17,Shuffle,count,3,2342,8613,2254,21479.0,9.1712,2.4938,9.5293,96.24
2026-07-27,2026-08-16,Control,100+,NONPAYER,5,Saga,17,Comet,count,4,2342,8613,2307,15852.0,6.7686,1.8405,6.8713,98.51
2026-07-27,2026-08-16,Control,100+,NONPAYER,5,Saga,17,Red,count,5,2342,8613,2320,38566.0,16.4671,4.4777,16.6233,99.06
2026-07-27,2026-08-16,Control,100+,NONPAYER,5,Saga,17,Chuck,count,6,2342,8613,2327,38617.0,16.4889,4.4836,16.5952,99.36
2026-07-27,2026-08-16,Control,100+,NONPAYER,5,Saga,17,Bomb,count,7,2342,8613,2298,20783.0,8.874,2.413,9.044,98.12
2026-07-27,2026-08-16,Control,100+,NONPAYER,5,Saga,17,UL Bomb,minutes,8,2342,8613,0,0.0,0.0,0.0,0.0,0.0
2026-07-27,2026-08-16,Control,100+,NONPAYER,5,Saga,17,UL Chuck,minutes,9,2342,8613,0,0.0,0.0,0.0,0.0,0.0
2026-07-27,2026-08-16,Control,100+,NONPAYER,5,Saga,17,UL Red,minutes,10,2342,8613,0,0.0,0.0,0.0,0.0,0.0
2026-07-27,2026-08-16,Control,100+,NONPAYER,5,Saga,17,Unlimited Lives,minutes,11,2342,8613,2331,2199035.0,938.956,255.3158,943.387,99.53
2026-07-27,2026-08-16,Control,100+,NONPAYER,5,Saga,17,SPT,count,12,2342,8613,0,0.0,0.0,0.0,0.0,0.0
2026-07-27,2026-08-16,Control,100+,NONPAYER,5,Saga,17,SPTx2,minutes,13,2342,8613,0,0.0,0.0,0.0,0.0,0.0
2026-07-27,2026-08-16,Control,100+,NONPAYER,5,Season Pass (Free),18,HC,HC,1,2342,8613,1269,99735.0,42.5854,11.5796,78.5934,54.18
2026-07-27,2026-08-16,Control,100+,NONPAYER,5,Season Pass (Free),18,Slingshot,count,2,2342,8613,662,714.0,0.3049,0.0829,1.0785,28.27
2026-07-27,2026-08-16,Control,100+,NONPAYER,5,Season Pass (Free),18,Shuffle,count,3,2342,8613,983,1456.0,0.6217,0.169,1.4812,41.97
2026-07-27,2026-08-16,Control,100+,NONPAYER,5,Season Pass (Free),18,Comet,count,4,2342,8613,0,0.0,0.0,0.0,0.0,0.0
2026-07-27,2026-08-16,Control,100+,NONPAYER,5,Season Pass (Free),18,Red,count,5,2342,8613,1036,3466.0,1.4799,0.4024,3.3456,44.24
2026-07-27,2026-08-16,Control,100+,NONPAYER,5,Season Pass (Free),18,Chuck,count,6,2342,8613,1211,4419.0,1.8868,0.5131,3.6491,51.71
2026-07-27,2026-08-16,Control,100+,NONPAYER,5,Season Pass (Free),18,Bomb,count,7,2342,8613,1085,1725.0,0.7365,0.2003,1.5899,46.33
2026-07-27,2026-08-16,Control,100+,NONPAYER,5,Season Pass (Free),18,UL Bomb,minutes,8,2342,8613,2,30.0,0.0128,0.0035,15.0,0.09
2026-07-27,2026-08-16,Control,100+,NONPAYER,5,Season Pass (Free),18,UL Chuck,minutes,9,2342,8613,593,9465.0,4.0414,1.0989,15.9612,25.32
2026-07-27,2026-08-16,Control,100+,NONPAYER,5,Season Pass (Free),18,UL Red,minutes,10,2342,8613,1106,26035.0,11.1166,3.0228,23.5398,47.22
2026-07-27,2026-08-16,Control,100+,NONPAYER,5,Season Pass (Free),18,Unlimited Lives,minutes,11,2342,8613,1124,109415.0,46.7186,12.7035,97.3443,47.99
2026-07-27,2026-08-16,Control,100+,NONPAYER,5,Season Pass (Free),18,SPT,count,12,2342,8613,9,1296.0,0.5534,0.1505,144.0,0.38
2026-07-27,2026-08-16,Control,100+,NONPAYER,5,Season Pass (Free),18,SPTx2,minutes,13,2342,8613,0,0.0,0.0,0.0,0.0,0.0
2026-07-27,2026-08-16,Control,100+,NONPAYER,5,Target Day,19,HC,HC,1,2342,8613,803,166650.0,71.1571,19.3487,207.5342,34.29
2026-07-27,2026-08-16,Control,100+,NONPAYER,5,Target Day,19,Slingshot,count,2,2342,8613,63,63.0,0.0269,0.0073,1.0,2.69
2026-07-27,2026-08-16,Control,100+,NONPAYER,5,Target Day,19,Shuffle,count,3,2342,8613,407,446.0,0.1904,0.0518,1.0958,17.38
2026-07-27,2026-08-16,Control,100+,NONPAYER,5,Target Day,19,Comet,count,4,2342,8613,554,683.0,0.2916,0.0793,1.2329,23.65
2026-07-27,2026-08-16,Control,100+,NONPAYER,5,Target Day,19,Red,count,5,2342,8613,0,0.0,0.0,0.0,0.0,0.0
2026-07-27,2026-08-16,Control,100+,NONPAYER,5,Target Day,19,Chuck,count,6,2342,8613,0,0.0,0.0,0.0,0.0,0.0
2026-07-27,2026-08-16,Control,100+,NONPAYER,5,Target Day,19,Bomb,count,7,2342,8613,0,0.0,0.0,0.0,0.0,0.0
2026-07-27,2026-08-16,Control,100+,NONPAYER,5,Target Day,19,UL Bomb,minutes,8,2342,8613,0,0.0,0.0,0.0,0.0,0.0
2026-07-27,2026-08-16,Control,100+,NONPAYER,5,Target Day,19,UL Chuck,minutes,9,2342,8613,0,0.0,0.0,0.0,0.0,0.0
2026-07-27,2026-08-16,Control,100+,NONPAYER,5,Target Day,19,UL Red,minutes,10,2342,8613,0,0.0,0.0,0.0,0.0,0.0
2026-07-27,2026-08-16,Control,100+,NONPAYER,5,Target Day,19,Unlimited Lives,minutes,11,2342,8613,515,18660.0,7.9675,2.1665,36.233,21.99
2026-07-27,2026-08-16,Control,100+,NONPAYER,5,Target Day,19,SPT,count,12,2342,8613,0,0.0,0.0,0.0,0.0,0.0
2026-07-27,2026-08-16,Control,100+,NONPAYER,5,Target Day,19,SPTx2,minutes,13,2342,8613,0,0.0,0.0,0.0,0.0,0.0
2026-07-27,2026-08-16,Control,100+,NONPAYER,5,Team Event,20,HC,HC,1,2342,8613,613,112490.0,48.0316,13.0605,183.5073,26.17
2026-07-27,2026-08-16,Control,100+,NONPAYER,5,Team Event,20,Slingshot,count,2,2342,8613,412,953.0,0.4069,0.1106,2.3131,17.59
2026-07-27,2026-08-16,Control,100+,NONPAYER,5,Team Event,20,Shuffle,count,3,2342,8613,249,624.0,0.2664,0.0724,2.506,10.63
2026-07-27,2026-08-16,Control,100+,NONPAYER,5,Team Event,20,Comet,count,4,2342,8613,314,421.0,0.1798,0.0489,1.3408,13.41
2026-07-27,2026-08-16,Control,100+,NONPAYER,5,Team Event,20,Red,count,5,2342,8613,0,0.0,0.0,0.0,0.0,0.0
2026-07-27,2026-08-16,Control,100+,NONPAYER,5,Team Event,20,Chuck,count,6,2342,8613,0,0.0,0.0,0.0,0.0,0.0
2026-07-27,2026-08-16,Control,100+,NONPAYER,5,Team Event,20,Bomb,count,7,2342,8613,0,0.0,0.0,0.0,0.0,0.0
2026-07-27,2026-08-16,Control,100+,NONPAYER,5,Team Event,20,UL Bomb,minutes,8,2342,8613,0,0.0,0.0,0.0,0.0,0.0
2026-07-27,2026-08-16,Control,100+,NONPAYER,5,Team Event,20,UL Chuck,minutes,9,2342,8613,0,0.0,0.0,0.0,0.0,0.0
2026-07-27,2026-08-16,Control,100+,NONPAYER,5,Team Event,20,UL Red,minutes,10,2342,8613,0,0.0,0.0,0.0,0.0,0.0
2026-07-27,2026-08-16,Control,100+,NONPAYER,5,Team Event,20,Unlimited Lives,minutes,11,2342,8613,0,0.0,0.0,0.0,0.0,0.0
2026-07-27,2026-08-16,Control,100+,NONPAYER,5,Team Event,20,SPT,count,12,2342,8613,0,0.0,0.0,0.0,0.0,0.0
2026-07-27,2026-08-16,Control,100+,NONPAYER,5,Team Event,20,SPTx2,minutes,13,2342,8613,0,0.0,0.0,0.0,0.0,0.0
2026-07-27,2026-08-16,Control,100+,NONPAYER,5,Team Race,21,HC,HC,1,2342,8613,631,103115.0,44.0286,11.972,163.4152,26.94
2026-07-27,2026-08-16,Control,100+,NONPAYER,5,Team Race,21,Slingshot,count,2,2342,8613,271,318.0,0.1358,0.0369,1.1734,11.57
2026-07-27,2026-08-16,Control,100+,NONPAYER,5,Team Race,21,Shuffle,count,3,2342,8613,554,745.0,0.3181,0.0865,1.3448,23.65
2026-07-27,2026-08-16,Control,100+,NONPAYER,5,Team Race,21,Comet,count,4,2342,8613,641,1370.0,0.585,0.1591,2.1373,27.37
2026-07-27,2026-08-16,Control,100+,NONPAYER,5,Team Race,21,Red,count,5,2342,8613,52,53.0,0.0226,0.0062,1.0192,2.22
2026-07-27,2026-08-16,Control,100+,NONPAYER,5,Team Race,21,Chuck,count,6,2342,8613,96,100.0,0.0427,0.0116,1.0417,4.1
2026-07-27,2026-08-16,Control,100+,NONPAYER,5,Team Race,21,Bomb,count,7,2342,8613,446,602.0,0.257,0.0699,1.3498,19.04
2026-07-27,2026-08-16,Control,100+,NONPAYER,5,Team Race,21,UL Bomb,minutes,8,2342,8613,0,0.0,0.0,0.0,0.0,0.0
2026-07-27,2026-08-16,Control,100+,NONPAYER,5,Team Race,21,UL Chuck,minutes,9,2342,8613,0,0.0,0.0,0.0,0.0,0.0
2026-07-27,2026-08-16,Control,100+,NONPAYER,5,Team Race,21,UL Red,minutes,10,2342,8613,0,0.0,0.0,0.0,0.0,0.0
2026-07-27,2026-08-16,Control,100+,NONPAYER,5,Team Race,21,Unlimited Lives,minutes,11,2342,8613,0,0.0,0.0,0.0,0.0,0.0
2026-07-27,2026-08-16,Control,100+,NONPAYER,5,Team Race,21,SPT,count,12,2342,8613,0,0.0,0.0,0.0,0.0,0.0
2026-07-27,2026-08-16,Control,100+,NONPAYER,5,Team Race,21,SPTx2,minutes,13,2342,8613,0,0.0,0.0,0.0,0.0,0.0
2026-07-27,2026-08-16,Control,100+,NONPAYER,5,Flash Race,22,HC,HC,1,2342,8613,1329,179800.0,76.772,20.8754,135.2897,56.75
2026-07-27,2026-08-16,Control,100+,NONPAYER,5,Flash Race,22,Slingshot,count,2,2342,8613,478,618.0,0.2639,0.0718,1.2929,20.41
2026-07-27,2026-08-16,Control,100+,NONPAYER,5,Flash Race,22,Shuffle,count,3,2342,8613,570,793.0,0.3386,0.0921,1.3912,24.34
2026-07-27,2026-08-16,Control,100+,NONPAYER,5,Flash Race,22,Comet,count,4,2342,8613,803,1247.0,0.5325,0.1448,1.5529,34.29
2026-07-27,2026-08-16,Control,100+,NONPAYER,5,Flash Race,22,Red,count,5,2342,8613,71,75.0,0.032,0.0087,1.0563,3.03
2026-07-27,2026-08-16,Control,100+,NONPAYER,5,Flash Race,22,Chuck,count,6,2342,8613,160,174.0,0.0743,0.0202,1.0875,6.83
2026-07-27,2026-08-16,Control,100+,NONPAYER,5,Flash Race,22,Bomb,count,7,2342,8613,332,397.0,0.1695,0.0461,1.1958,14.18
2026-07-27,2026-08-16,Control,100+,NONPAYER,5,Flash Race,22,UL Bomb,minutes,8,2342,8613,0,0.0,0.0,0.0,0.0,0.0
2026-07-27,2026-08-16,Control,100+,NONPAYER,5,Flash Race,22,UL Chuck,minutes,9,2342,8613,0,0.0,0.0,0.0,0.0,0.0
2026-07-27,2026-08-16,Control,100+,NONPAYER,5,Flash Race,22,UL Red,minutes,10,2342,8613,0,0.0,0.0,0.0,0.0,0.0
2026-07-27,2026-08-16,Control,100+,NONPAYER,5,Flash Race,22,Unlimited Lives,minutes,11,2342,8613,97,5040.0,2.152,0.5852,51.9588,4.14
2026-07-27,2026-08-16,Control,100+,NONPAYER,5,Flash Race,22,SPT,count,12,2342,8613,1472,158540.0,67.6943,18.4071,107.7038,62.85
2026-07-27,2026-08-16,Control,100+,NONPAYER,5,Flash Race,22,SPTx2,minutes,13,2342,8613,0,0.0,0.0,0.0,0.0,0.0
2026-07-27,2026-08-16,Control,100+,NONPAYER,5,FlowerCoop,23,HC,HC,1,2342,8613,0,0.0,0.0,0.0,0.0,0.0
2026-07-27,2026-08-16,Control,100+,NONPAYER,5,FlowerCoop,23,Slingshot,count,2,2342,8613,0,0.0,0.0,0.0,0.0,0.0
2026-07-27,2026-08-16,Control,100+,NONPAYER,5,FlowerCoop,23,Shuffle,count,3,2342,8613,0,0.0,0.0,0.0,0.0,0.0
2026-07-27,2026-08-16,Control,100+,NONPAYER,5,FlowerCoop,23,Comet,count,4,2342,8613,0,0.0,0.0,0.0,0.0,0.0
2026-07-27,2026-08-16,Control,100+,NONPAYER,5,FlowerCoop,23,Red,count,5,2342,8613,0,0.0,0.0,0.0,0.0,0.0
2026-07-27,2026-08-16,Control,100+,NONPAYER,5,FlowerCoop,23,Chuck,count,6,2342,8613,0,0.0,0.0,0.0,0.0,0.0
2026-07-27,2026-08-16,Control,100+,NONPAYER,5,FlowerCoop,23,Bomb,count,7,2342,8613,0,0.0,0.0,0.0,0.0,0.0
2026-07-27,2026-08-16,Control,100+,NONPAYER,5,FlowerCoop,23,UL Bomb,minutes,8,2342,8613,0,0.0,0.0,0.0,0.0,0.0
2026-07-27,2026-08-16,Control,100+,NONPAYER,5,FlowerCoop,23,UL Chuck,minutes,9,2342,8613,0,0.0,0.0,0.0,0.0,0.0
2026-07-27,2026-08-16,Control,100+,NONPAYER,5,FlowerCoop,23,UL Red,minutes,10,2342,8613,0,0.0,0.0,0.0,0.0,0.0
2026-07-27,2026-08-16,Control,100+,NONPAYER,5,FlowerCoop,23,Unlimited Lives,minutes,11,2342,8613,0,0.0,0.0,0.0,0.0,0.0
2026-07-27,2026-08-16,Control,100+,NONPAYER,5,FlowerCoop,23,SPT,count,12,2342,8613,0,0.0,0.0,0.0,0.0,0.0
2026-07-27,2026-08-16,Control,100+,NONPAYER,5,FlowerCoop,23,SPTx2,minutes,13,2342,8613,0,0.0,0.0,0.0,0.0,0.0
2026-07-27,2026-08-16,Control,100+,NONPAYER,5,Rainbow Maker,24,HC,HC,1,2342,8613,0,0.0,0.0,0.0,0.0,0.0
2026-07-27,2026-08-16,Control,100+,NONPAYER,5,Rainbow Maker,24,Slingshot,count,2,2342,8613,0,0.0,0.0,0.0,0.0,0.0
2026-07-27,2026-08-16,Control,100+,NONPAYER,5,Rainbow Maker,24,Shuffle,count,3,2342,8613,0,0.0,0.0,0.0,0.0,0.0
2026-07-27,2026-08-16,Control,100+,NONPAYER,5,Rainbow Maker,24,Comet,count,4,2342,8613,0,0.0,0.0,0.0,0.0,0.0
2026-07-27,2026-08-16,Control,100+,NONPAYER,5,Rainbow Maker,24,Red,count,5,2342,8613,0,0.0,0.0,0.0,0.0,0.0
2026-07-27,2026-08-16,Control,100+,NONPAYER,5,Rainbow Maker,24,Chuck,count,6,2342,8613,0,0.0,0.0,0.0,0.0,0.0
2026-07-27,2026-08-16,Control,100+,NONPAYER,5,Rainbow Maker,24,Bomb,count,7,2342,8613,0,0.0,0.0,0.0,0.0,0.0
2026-07-27,2026-08-16,Control,100+,NONPAYER,5,Rainbow Maker,24,UL Bomb,minutes,8,2342,8613,0,0.0,0.0,0.0,0.0,0.0
2026-07-27,2026-08-16,Control,100+,NONPAYER,5,Rainbow Maker,24,UL Chuck,minutes,9,2342,8613,0,0.0,0.0,0.0,0.0,0.0
2026-07-27,2026-08-16,Control,100+,NONPAYER,5,Rainbow Maker,24,UL Red,minutes,10,2342,8613,0,0.0,0.0,0.0,0.0,0.0
2026-07-27,2026-08-16,Control,100+,NONPAYER,5,Rainbow Maker,24,Unlimited Lives,minutes,11,2342,8613,0,0.0,0.0,0.0,0.0,0.0
2026-07-27,2026-08-16,Control,100+,NONPAYER,5,Rainbow Maker,24,SPT,count,12,2342,8613,0,0.0,0.0,0.0,0.0,0.0
2026-07-27,2026-08-16,Control,100+,NONPAYER,5,Rainbow Maker,24,SPTx2,minutes,13,2342,8613,0,0.0,0.0,0.0,0.0,0.0
2026-07-27,2026-08-16,Control,100+,NONPAYER,5,IAPs,25,HC,HC,1,2342,8613,0,0.0,0.0,0.0,0.0,0.0
2026-07-27,2026-08-16,Control,100+,NONPAYER,5,IAPs,25,Slingshot,count,2,2342,8613,0,0.0,0.0,0.0,0.0,0.0
2026-07-27,2026-08-16,Control,100+,NONPAYER,5,IAPs,25,Shuffle,count,3,2342,8613,0,0.0,0.0,0.0,0.0,0.0
2026-07-27,2026-08-16,Control,100+,NONPAYER,5,IAPs,25,Comet,count,4,2342,8613,0,0.0,0.0,0.0,0.0,0.0
2026-07-27,2026-08-16,Control,100+,NONPAYER,5,IAPs,25,Red,count,5,2342,8613,0,0.0,0.0,0.0,0.0,0.0
2026-07-27,2026-08-16,Control,100+,NONPAYER,5,IAPs,25,Chuck,count,6,2342,8613,0,0.0,0.0,0.0,0.0,0.0
2026-07-27,2026-08-16,Control,100+,NONPAYER,5,IAPs,25,Bomb,count,7,2342,8613,0,0.0,0.0,0.0,0.0,0.0
2026-07-27,2026-08-16,Control,100+,NONPAYER,5,IAPs,25,UL Bomb,minutes,8,2342,8613,0,0.0,0.0,0.0,0.0,0.0
2026-07-27,2026-08-16,Control,100+,NONPAYER,5,IAPs,25,UL Chuck,minutes,9,2342,8613,0,0.0,0.0,0.0,0.0,0.0
2026-07-27,2026-08-16,Control,100+,NONPAYER,5,IAPs,25,UL Red,minutes,10,2342,8613,0,0.0,0.0,0.0,0.0,0.0
2026-07-27,2026-08-16,Control,100+,NONPAYER,5,IAPs,25,Unlimited Lives,minutes,11,2342,8613,0,0.0,0.0,0.0,0.0,0.0
2026-07-27,2026-08-16,Control,100+,NONPAYER,5,IAPs,25,SPT,count,12,2342,8613,0,0.0,0.0,0.0,0.0,0.0
2026-07-27,2026-08-16,Control,100+,NONPAYER,5,IAPs,25,SPTx2,minutes,13,2342,8613,0,0.0,0.0,0.0,0.0,0.0
2026-07-27,2026-08-16,Control,100+,PAYER,5,Ads,1,HC,HC,1,594,2337,262,17005.0,28.6279,7.2764,64.9046,44.11
2026-07-27,2026-08-16,Control,100+,PAYER,5,Ads,1,Slingshot,count,2,594,2337,157,364.0,0.6128,0.1558,2.3185,26.43
2026-07-27,2026-08-16,Control,100+,PAYER,5,Ads,1,Shuffle,count,3,594,2337,152,357.0,0.601,0.1528,2.3487,25.59
2026-07-27,2026-08-16,Control,100+,PAYER,5,Ads,1,Comet,count,4,594,2337,84,157.0,0.2643,0.0672,1.869,14.14
2026-07-27,2026-08-16,Control,100+,PAYER,5,Ads,1,Red,count,5,594,2337,2,2.0,0.0034,0.0009,1.0,0.34
2026-07-27,2026-08-16,Control,100+,PAYER,5,Ads,1,Chuck,count,6,594,2337,2,2.0,0.0034,0.0009,1.0,0.34
2026-07-27,2026-08-16,Control,100+,PAYER,5,Ads,1,Bomb,count,7,594,2337,2,2.0,0.0034,0.0009,1.0,0.34
2026-07-27,2026-08-16,Control,100+,PAYER,5,Ads,1,UL Bomb,minutes,8,594,2337,0,0.0,0.0,0.0,0.0,0.0
2026-07-27,2026-08-16,Control,100+,PAYER,5,Ads,1,UL Chuck,minutes,9,594,2337,0,0.0,0.0,0.0,0.0,0.0
2026-07-27,2026-08-16,Control,100+,PAYER,5,Ads,1,UL Red,minutes,10,594,2337,0,0.0,0.0,0.0,0.0,0.0
2026-07-27,2026-08-16,Control,100+,PAYER,5,Ads,1,Unlimited Lives,minutes,11,594,2337,191,5430.0,9.1414,2.3235,28.4293,32.15
2026-07-27,2026-08-16,Control,100+,PAYER,5,Ads,1,SPT,count,12,594,2337,0,0.0,0.0,0.0,0.0,0.0
2026-07-27,2026-08-16,Control,100+,PAYER,5,Ads,1,SPTx2,minutes,13,594,2337,0,0.0,0.0,0.0,0.0,0.0
2026-07-27,2026-08-16,Control,100+,PAYER,5,Bomb Challenge,2,HC,HC,1,594,2337,188,35600.0,59.9327,15.2332,189.3617,31.65
2026-07-27,2026-08-16,Control,100+,PAYER,5,Bomb Challenge,2,Slingshot,count,2,594,2337,27,28.0,0.0471,0.012,1.037,4.55
2026-07-27,2026-08-16,Control,100+,PAYER,5,Bomb Challenge,2,Shuffle,count,3,594,2337,119,139.0,0.234,0.0595,1.1681,20.03
2026-07-27,2026-08-16,Control,100+,PAYER,5,Bomb Challenge,2,Comet,count,4,594,2337,119,141.0,0.2374,0.0603,1.1849,20.03
2026-07-27,2026-08-16,Control,100+,PAYER,5,Bomb Challenge,2,Red,count,5,594,2337,0,0.0,0.0,0.0,0.0,0.0
2026-07-27,2026-08-16,Control,100+,PAYER,5,Bomb Challenge,2,Chuck,count,6,594,2337,0,0.0,0.0,0.0,0.0,0.0
2026-07-27,2026-08-16,Control,100+,PAYER,5,Bomb Challenge,2,Bomb,count,7,594,2337,0,0.0,0.0,0.0,0.0,0.0
2026-07-27,2026-08-16,Control,100+,PAYER,5,Bomb Challenge,2,UL Bomb,minutes,8,594,2337,0,0.0,0.0,0.0,0.0,0.0
2026-07-27,2026-08-16,Control,100+,PAYER,5,Bomb Challenge,2,UL Chuck,minutes,9,594,2337,0,0.0,0.0,0.0,0.0,0.0
2026-07-27,2026-08-16,Control,100+,PAYER,5,Bomb Challenge,2,UL Red,minutes,10,594,2337,0,0.0,0.0,0.0,0.0,0.0
2026-07-27,2026-08-16,Control,100+,PAYER,5,Bomb Challenge,2,Unlimited Lives,minutes,11,594,2337,0,0.0,0.0,0.0,0.0,0.0
2026-07-27,2026-08-16,Control,100+,PAYER,5,Bomb Challenge,2,SPT,count,12,594,2337,0,0.0,0.0,0.0,0.0,0.0
2026-07-27,2026-08-16,Control,100+,PAYER,5,Bomb Challenge,2,SPTx2,minutes,13,594,2337,0,0.0,0.0,0.0,0.0,0.0
2026-07-27,2026-08-16,Control,100+,PAYER,5,Bomb's Ballet,3,HC,HC,1,594,2337,181,11700.0,19.697,5.0064,64.6409,30.47
2026-07-27,2026-08-16,Control,100+,PAYER,5,Bomb's Ballet,3,Slingshot,count,2,594,2337,114,117.0,0.197,0.0501,1.0263,19.19
2026-07-27,2026-08-16,Control,100+,PAYER,5,Bomb's Ballet,3,Shuffle,count,3,594,2337,91,93.0,0.1566,0.0398,1.022,15.32
2026-07-27,2026-08-16,Control,100+,PAYER,5,Bomb's Ballet,3,Comet,count,4,594,2337,91,92.0,0.1549,0.0394,1.011,15.32
2026-07-27,2026-08-16,Control,100+,PAYER,5,Bomb's Ballet,3,Red,count,5,594,2337,147,151.0,0.2542,0.0646,1.0272,24.75
2026-07-27,2026-08-16,Control,100+,PAYER,5,Bomb's Ballet,3,Chuck,count,6,594,2337,162,166.0,0.2795,0.071,1.0247,27.27
2026-07-27,2026-08-16,Control,100+,PAYER,5,Bomb's Ballet,3,Bomb,count,7,594,2337,91,92.0,0.1549,0.0394,1.011,15.32
2026-07-27,2026-08-16,Control,100+,PAYER,5,Bomb's Ballet,3,UL Bomb,minutes,8,594,2337,172,3310.0,5.5724,1.4163,19.2442,28.96
2026-07-27,2026-08-16,Control,100+,PAYER,5,Bomb's Ballet,3,UL Chuck,minutes,9,594,2337,183,3480.0,5.8586,1.4891,19.0164,30.81
2026-07-27,2026-08-16,Control,100+,PAYER,5,Bomb's Ballet,3,UL Red,minutes,10,594,2337,176,3630.0,6.1111,1.5533,20.625,29.63
2026-07-27,2026-08-16,Control,100+,PAYER,5,Bomb's Ballet,3,Unlimited Lives,minutes,11,594,2337,181,19290.0,32.4747,8.2542,106.5746,30.47
2026-07-27,2026-08-16,Control,100+,PAYER,5,Bomb's Ballet,3,SPT,count,12,594,2337,0,0.0,0.0,0.0,0.0,0.0
2026-07-27,2026-08-16,Control,100+,PAYER,5,Bomb's Ballet,3,SPTx2,minutes,13,594,2337,0,0.0,0.0,0.0,0.0,0.0
2026-07-27,2026-08-16,Control,100+,PAYER,5,Chuck Challenge,4,HC,HC,1,594,2337,2,150.0,0.2525,0.0642,75.0,0.34
2026-07-27,2026-08-16,Control,100+,PAYER,5,Chuck Challenge,4,Slingshot,count,2,594,2337,1,1.0,0.0017,0.0004,1.0,0.17
2026-07-27,2026-08-16,Control,100+,PAYER,5,Chuck Challenge,4,Shuffle,count,3,594,2337,2,2.0,0.0034,0.0009,1.0,0.34
2026-07-27,2026-08-16,Control,100+,PAYER,5,Chuck Challenge,4,Comet,count,4,594,2337,0,0.0,0.0,0.0,0.0,0.0
2026-07-27,2026-08-16,Control,100+,PAYER,5,Chuck Challenge,4,Red,count,5,594,2337,0,0.0,0.0,0.0,0.0,0.0
2026-07-27,2026-08-16,Control,100+,PAYER,5,Chuck Challenge,4,Chuck,count,6,594,2337,0,0.0,0.0,0.0,0.0,0.0
2026-07-27,2026-08-16,Control,100+,PAYER,5,Chuck Challenge,4,Bomb,count,7,594,2337,0,0.0,0.0,0.0,0.0,0.0
2026-07-27,2026-08-16,Control,100+,PAYER,5,Chuck Challenge,4,UL Bomb,minutes,8,594,2337,0,0.0,0.0,0.0,0.0,0.0
2026-07-27,2026-08-16,Control,100+,PAYER,5,Chuck Challenge,4,UL Chuck,minutes,9,594,2337,0,0.0,0.0,0.0,0.0,0.0
2026-07-27,2026-08-16,Control,100+,PAYER,5,Chuck Challenge,4,UL Red,minutes,10,594,2337,0,0.0,0.0,0.0,0.0,0.0
2026-07-27,2026-08-16,Control,100+,PAYER,5,Chuck Challenge,4,Unlimited Lives,minutes,11,594,2337,0,0.0,0.0,0.0,0.0,0.0
2026-07-27,2026-08-16,Control,100+,PAYER,5,Chuck Challenge,4,SPT,count,12,594,2337,0,0.0,0.0,0.0,0.0,0.0
2026-07-27,2026-08-16,Control,100+,PAYER,5,Chuck Challenge,4,SPTx2,minutes,13,594,2337,0,0.0,0.0,0.0,0.0,0.0
2026-07-27,2026-08-16,Control,100+,PAYER,5,Core,5,HC,HC,1,594,2337,583,234310.0,394.4613,100.261,401.9039,98.15
2026-07-27,2026-08-16,Control,100+,PAYER,5,Core,5,Slingshot,count,2,594,2337,486,1804.0,3.037,0.7719,3.7119,81.82
2026-07-27,2026-08-16,Control,100+,PAYER,5,Core,5,Shuffle,count,3,594,2337,534,2536.0,4.2694,1.0852,4.7491,89.9
2026-07-27,2026-08-16,Control,100+,PAYER,5,Core,5,Comet,count,4,594,2337,427,974.0,1.6397,0.4168,2.281,71.89
2026-07-27,2026-08-16,Control,100+,PAYER,5,Core,5,Red,count,5,594,2337,390,821.0,1.3822,0.3513,2.1051,65.66
2026-07-27,2026-08-16,Control,100+,PAYER,5,Core,5,Chuck,count,6,594,2337,395,1161.0,1.9545,0.4968,2.9392,66.5
2026-07-27,2026-08-16,Control,100+,PAYER,5,Core,5,Bomb,count,7,594,2337,410,861.0,1.4495,0.3684,2.1,69.02
2026-07-27,2026-08-16,Control,100+,PAYER,5,Core,5,UL Bomb,minutes,8,594,2337,0,0.0,0.0,0.0,0.0,0.0
2026-07-27,2026-08-16,Control,100+,PAYER,5,Core,5,UL Chuck,minutes,9,594,2337,0,0.0,0.0,0.0,0.0,0.0
2026-07-27,2026-08-16,Control,100+,PAYER,5,Core,5,UL Red,minutes,10,594,2337,0,0.0,0.0,0.0,0.0,0.0
2026-07-27,2026-08-16,Control,100+,PAYER,5,Core,5,Unlimited Lives,minutes,11,594,2337,547,145140.0,244.3434,62.1053,265.3382,92.09
2026-07-27,2026-08-16,Control,100+,PAYER,5,Core,5,SPT,count,12,594,2337,462,2031456.0,3419.9596,869.258,4397.0909,77.78
2026-07-27,2026-08-16,Control,100+,PAYER,5,Core,5,SPTx2,minutes,13,594,2337,0,0.0,0.0,0.0,0.0,0.0
2026-07-27,2026-08-16,Control,100+,PAYER,5,Daily Gift,6,HC,HC,1,594,2337,447,43770.0,73.6869,18.7291,97.9195,75.25
2026-07-27,2026-08-16,Control,100+,PAYER,5,Daily Gift,6,Slingshot,count,2,594,2337,348,503.0,0.8468,0.2152,1.4454,58.59
2026-07-27,2026-08-16,Control,100+,PAYER,5,Daily Gift,6,Shuffle,count,3,594,2337,224,292.0,0.4916,0.1249,1.3036,37.71
2026-07-27,2026-08-16,Control,100+,PAYER,5,Daily Gift,6,Comet,count,4,594,2337,44,45.0,0.0758,0.0193,1.0227,7.41
2026-07-27,2026-08-16,Control,100+,PAYER,5,Daily Gift,6,Red,count,5,594,2337,0,0.0,0.0,0.0,0.0,0.0
2026-07-27,2026-08-16,Control,100+,PAYER,5,Daily Gift,6,Chuck,count,6,594,2337,0,0.0,0.0,0.0,0.0,0.0
2026-07-27,2026-08-16,Control,100+,PAYER,5,Daily Gift,6,Bomb,count,7,594,2337,0,0.0,0.0,0.0,0.0,0.0
2026-07-27,2026-08-16,Control,100+,PAYER,5,Daily Gift,6,UL Bomb,minutes,8,594,2337,44,1320.0,2.2222,0.5648,30.0,7.41
2026-07-27,2026-08-16,Control,100+,PAYER,5,Daily Gift,6,UL Chuck,minutes,9,594,2337,47,2820.0,4.7475,1.2067,60.0,7.91
2026-07-27,2026-08-16,Control,100+,PAYER,5,Daily Gift,6,UL Red,minutes,10,594,2337,63,3840.0,6.4646,1.6431,60.9524,10.61
2026-07-27,2026-08-16,Control,100+,PAYER,5,Daily Gift,6,Unlimited Lives,minutes,11,594,2337,425,39675.0,66.7929,16.9769,93.3529,71.55
2026-07-27,2026-08-16,Control,100+,PAYER,5,Daily Gift,6,SPT,count,12,594,2337,0,0.0,0.0,0.0,0.0,0.0
2026-07-27,2026-08-16,Control,100+,PAYER,5,Daily Gift,6,SPTx2,minutes,13,594,2337,0,0.0,0.0,0.0,0.0,0.0
2026-07-27,2026-08-16,Control,100+,PAYER,5,Daily Night Sky Prize,7,HC,HC,1,594,2337,235,123290.0,207.5589,52.7557,524.6383,39.56
2026-07-27,2026-08-16,Control,100+,PAYER,5,Daily Night Sky Prize,7,Slingshot,count,2,594,2337,168,257.0,0.4327,0.11,1.5298,28.28
2026-07-27,2026-08-16,Control,100+,PAYER,5,Daily Night Sky Prize,7,Shuffle,count,3,594,2337,0,0.0,0.0,0.0,0.0,0.0
2026-07-27,2026-08-16,Control,100+,PAYER,5,Daily Night Sky Prize,7,Comet,count,4,594,2337,93,152.0,0.2559,0.065,1.6344,15.66
2026-07-27,2026-08-16,Control,100+,PAYER,5,Daily Night Sky Prize,7,Red,count,5,594,2337,191,349.0,0.5875,0.1493,1.8272,32.15
2026-07-27,2026-08-16,Control,100+,PAYER,5,Daily Night Sky Prize,7,Chuck,count,6,594,2337,82,105.0,0.1768,0.0449,1.2805,13.8
2026-07-27,2026-08-16,Control,100+,PAYER,5,Daily Night Sky Prize,7,Bomb,count,7,594,2337,0,0.0,0.0,0.0,0.0,0.0
2026-07-27,2026-08-16,Control,100+,PAYER,5,Daily Night Sky Prize,7,UL Bomb,minutes,8,594,2337,0,0.0,0.0,0.0,0.0,0.0
2026-07-27,2026-08-16,Control,100+,PAYER,5,Daily Night Sky Prize,7,UL Chuck,minutes,9,594,2337,0,0.0,0.0,0.0,0.0,0.0
2026-07-27,2026-08-16,Control,100+,PAYER,5,Daily Night Sky Prize,7,UL Red,minutes,10,594,2337,0,0.0,0.0,0.0,0.0,0.0
2026-07-27,2026-08-16,Control,100+,PAYER,5,Daily Night Sky Prize,7,Unlimited Lives,minutes,11,594,2337,235,23300.0,39.2256,9.97,99.1489,39.56
2026-07-27,2026-08-16,Control,100+,PAYER,5,Daily Night Sky Prize,7,SPT,count,12,594,2337,0,0.0,0.0,0.0,0.0,0.0
2026-07-27,2026-08-16,Control,100+,PAYER,5,Daily Night Sky Prize,7,SPTx2,minutes,13,594,2337,0,0.0,0.0,0.0,0.0,0.0
2026-07-27,2026-08-16,Control,100+,PAYER,5,Flock Flurry,8,HC,HC,1,594,2337,0,0.0,0.0,0.0,0.0,0.0
2026-07-27,2026-08-16,Control,100+,PAYER,5,Flock Flurry,8,Slingshot,count,2,594,2337,308,619.0,1.0421,0.2649,2.0097,51.85
2026-07-27,2026-08-16,Control,100+,PAYER,5,Flock Flurry,8,Shuffle,count,3,594,2337,0,0.0,0.0,0.0,0.0,0.0
2026-07-27,2026-08-16,Control,100+,PAYER,5,Flock Flurry,8,Comet,count,4,594,2337,0,0.0,0.0,0.0,0.0,0.0
2026-07-27,2026-08-16,Control,100+,PAYER,5,Flock Flurry,8,Red,count,5,594,2337,308,619.0,1.0421,0.2649,2.0097,51.85
2026-07-27,2026-08-16,Control,100+,PAYER,5,Flock Flurry,8,Chuck,count,6,594,2337,308,619.0,1.0421,0.2649,2.0097,51.85
2026-07-27,2026-08-16,Control,100+,PAYER,5,Flock Flurry,8,Bomb,count,7,594,2337,308,619.0,1.0421,0.2649,2.0097,51.85
2026-07-27,2026-08-16,Control,100+,PAYER,5,Flock Flurry,8,UL Bomb,minutes,8,594,2337,0,0.0,0.0,0.0,0.0,0.0
2026-07-27,2026-08-16,Control,100+,PAYER,5,Flock Flurry,8,UL Chuck,minutes,9,594,2337,0,0.0,0.0,0.0,0.0,0.0
2026-07-27,2026-08-16,Control,100+,PAYER,5,Flock Flurry,8,UL Red,minutes,10,594,2337,0,0.0,0.0,0.0,0.0,0.0
2026-07-27,2026-08-16,Control,100+,PAYER,5,Flock Flurry,8,Unlimited Lives,minutes,11,594,2337,478,72020.0,121.2458,30.8173,150.6695,80.47
2026-07-27,2026-08-16,Control,100+,PAYER,5,Flock Flurry,8,SPT,count,12,594,2337,295,11760.0,19.798,5.0321,39.8644,49.66
2026-07-27,2026-08-16,Control,100+,PAYER,5,Flock Flurry,8,SPTx2,minutes,13,594,2337,0,0.0,0.0,0.0,0.0,0.0
2026-07-27,2026-08-16,Control,100+,PAYER,5,Hatchling Hideaway,9,HC,HC,1,594,2337,354,23990.0,40.3872,10.2653,67.7684,59.6
2026-07-27,2026-08-16,Control,100+,PAYER,5,Hatchling Hideaway,9,Slingshot,count,2,594,2337,297,374.0,0.6296,0.16,1.2593,50.0
2026-07-27,2026-08-16,Control,100+,PAYER,5,Hatchling Hideaway,9,Shuffle,count,3,594,2337,311,390.0,0.6566,0.1669,1.254,52.36
2026-07-27,2026-08-16,Control,100+,PAYER,5,Hatchling Hideaway,9,Comet,count,4,594,2337,282,359.0,0.6044,0.1536,1.273,47.47
2026-07-27,2026-08-16,Control,100+,PAYER,5,Hatchling Hideaway,9,Red,count,5,594,2337,321,412.0,0.6936,0.1763,1.2835,54.04
2026-07-27,2026-08-16,Control,100+,PAYER,5,Hatchling Hideaway,9,Chuck,count,6,594,2337,321,402.0,0.6768,0.172,1.2523,54.04
2026-07-27,2026-08-16,Control,100+,PAYER,5,Hatchling Hideaway,9,Bomb,count,7,594,2337,311,390.0,0.6566,0.1669,1.254,52.36
2026-07-27,2026-08-16,Control,100+,PAYER,5,Hatchling Hideaway,9,UL Bomb,minutes,8,594,2337,0,0.0,0.0,0.0,0.0,0.0
2026-07-27,2026-08-16,Control,100+,PAYER,5,Hatchling Hideaway,9,UL Chuck,minutes,9,594,2337,282,3470.0,5.8418,1.4848,12.305,47.47
2026-07-27,2026-08-16,Control,100+,PAYER,5,Hatchling Hideaway,9,UL Red,minutes,10,594,2337,297,3710.0,6.2458,1.5875,12.4916,50.0
2026-07-27,2026-08-16,Control,100+,PAYER,5,Hatchling Hideaway,9,Unlimited Lives,minutes,11,594,2337,337,36420.0,61.3131,15.5841,108.0712,56.73
2026-07-27,2026-08-16,Control,100+,PAYER,5,Hatchling Hideaway,9,SPT,count,12,594,2337,0,0.0,0.0,0.0,0.0,0.0
2026-07-27,2026-08-16,Control,100+,PAYER,5,Hatchling Hideaway,9,SPTx2,minutes,13,594,2337,0,0.0,0.0,0.0,0.0,0.0
2026-07-27,2026-08-16,Control,100+,PAYER,5,Jigsaw,10,HC,HC,1,594,2337,179,13375.0,22.5168,5.7231,74.7207,30.13
2026-07-27,2026-08-16,Control,100+,PAYER,5,Jigsaw,10,Slingshot,count,2,594,2337,126,126.0,0.2121,0.0539,1.0,21.21
2026-07-27,2026-08-16,Control,100+,PAYER,5,Jigsaw,10,Shuffle,count,3,594,2337,0,0.0,0.0,0.0,0.0,0.0
2026-07-27,2026-08-16,Control,100+,PAYER,5,Jigsaw,10,Comet,count,4,594,2337,124,124.0,0.2088,0.0531,1.0,20.88
2026-07-27,2026-08-16,Control,100+,PAYER,5,Jigsaw,10,Red,count,5,594,2337,146,149.0,0.2508,0.0638,1.0205,24.58
2026-07-27,2026-08-16,Control,100+,PAYER,5,Jigsaw,10,Chuck,count,6,594,2337,148,153.0,0.2576,0.0655,1.0338,24.92
2026-07-27,2026-08-16,Control,100+,PAYER,5,Jigsaw,10,Bomb,count,7,594,2337,124,124.0,0.2088,0.0531,1.0,20.88
2026-07-27,2026-08-16,Control,100+,PAYER,5,Jigsaw,10,UL Bomb,minutes,8,594,2337,174,3350.0,5.6397,1.4335,19.2529,29.29
2026-07-27,2026-08-16,Control,100+,PAYER,5,Jigsaw,10,UL Chuck,minutes,9,594,2337,175,3445.0,5.7997,1.4741,19.6857,29.46
2026-07-27,2026-08-16,Control,100+,PAYER,5,Jigsaw,10,UL Red,minutes,10,594,2337,170,3600.0,6.0606,1.5404,21.1765,28.62
2026-07-27,2026-08-16,Control,100+,PAYER,5,Jigsaw,10,Unlimited Lives,minutes,11,594,2337,185,20940.0,35.2525,8.9602,113.1892,31.14
2026-07-27,2026-08-16,Control,100+,PAYER,5,Jigsaw,10,SPT,count,12,594,2337,0,0.0,0.0,0.0,0.0,0.0
2026-07-27,2026-08-16,Control,100+,PAYER,5,Jigsaw,10,SPTx2,minutes,13,594,2337,0,0.0,0.0,0.0,0.0,0.0
2026-07-27,2026-08-16,Control,100+,PAYER,5,Kite Festival,11,HC,HC,1,594,2337,125,32450.0,54.6296,13.8853,259.6,21.04
2026-07-27,2026-08-16,Control,100+,PAYER,5,Kite Festival,11,Slingshot,count,2,594,2337,21,21.0,0.0354,0.009,1.0,3.54
2026-07-27,2026-08-16,Control,100+,PAYER,5,Kite Festival,11,Shuffle,count,3,594,2337,75,81.0,0.1364,0.0347,1.08,12.63
2026-07-27,2026-08-16,Control,100+,PAYER,5,Kite Festival,11,Comet,count,4,594,2337,57,64.0,0.1077,0.0274,1.1228,9.6
2026-07-27,2026-08-16,Control,100+,PAYER,5,Kite Festival,11,Red,count,5,594,2337,3,3.0,0.0051,0.0013,1.0,0.51
2026-07-27,2026-08-16,Control,100+,PAYER,5,Kite Festival,11,Chuck,count,6,594,2337,4,5.0,0.0084,0.0021,1.25,0.67
2026-07-27,2026-08-16,Control,100+,PAYER,5,Kite Festival,11,Bomb,count,7,594,2337,4,5.0,0.0084,0.0021,1.25,0.67
2026-07-27,2026-08-16,Control,100+,PAYER,5,Kite Festival,11,UL Bomb,minutes,8,594,2337,0,0.0,0.0,0.0,0.0,0.0
2026-07-27,2026-08-16,Control,100+,PAYER,5,Kite Festival,11,UL Chuck,minutes,9,594,2337,0,0.0,0.0,0.0,0.0,0.0
2026-07-27,2026-08-16,Control,100+,PAYER,5,Kite Festival,11,UL Red,minutes,10,594,2337,0,0.0,0.0,0.0,0.0,0.0
2026-07-27,2026-08-16,Control,100+,PAYER,5,Kite Festival,11,Unlimited Lives,minutes,11,594,2337,217,9535.0,16.0522,4.08,43.9401,36.53
2026-07-27,2026-08-16,Control,100+,PAYER,5,Kite Festival,11,SPT,count,12,594,2337,147,47650.0,80.2189,20.3894,324.1497,24.75
2026-07-27,2026-08-16,Control,100+,PAYER,5,Kite Festival,11,SPTx2,minutes,13,594,2337,0,0.0,0.0,0.0,0.0,0.0
2026-07-27,2026-08-16,Control,100+,PAYER,5,Level Race,12,HC,HC,1,594,2337,0,0.0,0.0,0.0,0.0,0.0
2026-07-27,2026-08-16,Control,100+,PAYER,5,Level Race,12,Slingshot,count,2,594,2337,0,0.0,0.0,0.0,0.0,0.0
2026-07-27,2026-08-16,Control,100+,PAYER,5,Level Race,12,Shuffle,count,3,594,2337,0,0.0,0.0,0.0,0.0,0.0
2026-07-27,2026-08-16,Control,100+,PAYER,5,Level Race,12,Comet,count,4,594,2337,0,0.0,0.0,0.0,0.0,0.0
2026-07-27,2026-08-16,Control,100+,PAYER,5,Level Race,12,Red,count,5,594,2337,0,0.0,0.0,0.0,0.0,0.0
2026-07-27,2026-08-16,Control,100+,PAYER,5,Level Race,12,Chuck,count,6,594,2337,0,0.0,0.0,0.0,0.0,0.0
2026-07-27,2026-08-16,Control,100+,PAYER,5,Level Race,12,Bomb,count,7,594,2337,0,0.0,0.0,0.0,0.0,0.0
2026-07-27,2026-08-16,Control,100+,PAYER,5,Level Race,12,UL Bomb,minutes,8,594,2337,0,0.0,0.0,0.0,0.0,0.0
2026-07-27,2026-08-16,Control,100+,PAYER,5,Level Race,12,UL Chuck,minutes,9,594,2337,0,0.0,0.0,0.0,0.0,0.0
2026-07-27,2026-08-16,Control,100+,PAYER,5,Level Race,12,UL Red,minutes,10,594,2337,0,0.0,0.0,0.0,0.0,0.0
2026-07-27,2026-08-16,Control,100+,PAYER,5,Level Race,12,Unlimited Lives,minutes,11,594,2337,0,0.0,0.0,0.0,0.0,0.0
2026-07-27,2026-08-16,Control,100+,PAYER,5,Level Race,12,SPT,count,12,594,2337,0,0.0,0.0,0.0,0.0,0.0
2026-07-27,2026-08-16,Control,100+,PAYER,5,Level Race,12,SPTx2,minutes,13,594,2337,0,0.0,0.0,0.0,0.0,0.0
2026-07-27,2026-08-16,Control,100+,PAYER,5,Other,13,HC,HC,1,594,2337,497,87344.0,147.0438,37.3744,175.7425,83.67
2026-07-27,2026-08-16,Control,100+,PAYER,5,Other,13,Slingshot,count,2,594,2337,246,606.0,1.0202,0.2593,2.4634,41.41
2026-07-27,2026-08-16,Control,100+,PAYER,5,Other,13,Shuffle,count,3,594,2337,277,659.0,1.1094,0.282,2.3791,46.63
2026-07-27,2026-08-16,Control,100+,PAYER,5,Other,13,Comet,count,4,594,2337,267,545.0,0.9175,0.2332,2.0412,44.95
2026-07-27,2026-08-16,Control,100+,PAYER,5,Other,13,Red,count,5,594,2337,402,852.0,1.4343,0.3646,2.1194,67.68
2026-07-27,2026-08-16,Control,100+,PAYER,5,Other,13,Chuck,count,6,594,2337,408,937.0,1.5774,0.4009,2.2966,68.69
2026-07-27,2026-08-16,Control,100+,PAYER,5,Other,13,Bomb,count,7,594,2337,409,930.0,1.5657,0.3979,2.2738,68.86
2026-07-27,2026-08-16,Control,100+,PAYER,5,Other,13,UL Bomb,minutes,8,594,2337,0,0.0,0.0,0.0,0.0,0.0
2026-07-27,2026-08-16,Control,100+,PAYER,5,Other,13,UL Chuck,minutes,9,594,2337,0,0.0,0.0,0.0,0.0,0.0
2026-07-27,2026-08-16,Control,100+,PAYER,5,Other,13,UL Red,minutes,10,594,2337,0,0.0,0.0,0.0,0.0,0.0
2026-07-27,2026-08-16,Control,100+,PAYER,5,Other,13,Unlimited Lives,minutes,11,594,2337,260,38220.0,64.3434,16.3543,147.0,43.77
2026-07-27,2026-08-16,Control,100+,PAYER,5,Other,13,SPT,count,12,594,2337,365,61540.0,103.6027,26.3329,168.6027,61.45
2026-07-27,2026-08-16,Control,100+,PAYER,5,Other,13,SPTx2,minutes,13,594,2337,0,0.0,0.0,0.0,0.0,0.0
2026-07-27,2026-08-16,Control,100+,PAYER,5,Photoshoot,14,HC,HC,1,594,2337,170,11725.0,19.7391,5.0171,68.9706,28.62
2026-07-27,2026-08-16,Control,100+,PAYER,5,Photoshoot,14,Slingshot,count,2,594,2337,0,0.0,0.0,0.0,0.0,0.0
2026-07-27,2026-08-16,Control,100+,PAYER,5,Photoshoot,14,Shuffle,count,3,594,2337,107,111.0,0.1869,0.0475,1.0374,18.01
2026-07-27,2026-08-16,Control,100+,PAYER,5,Photoshoot,14,Comet,count,4,594,2337,0,0.0,0.0,0.0,0.0,0.0
2026-07-27,2026-08-16,Control,100+,PAYER,5,Photoshoot,14,Red,count,5,594,2337,133,138.0,0.2323,0.0591,1.0376,22.39
2026-07-27,2026-08-16,Control,100+,PAYER,5,Photoshoot,14,Chuck,count,6,594,2337,139,141.0,0.2374,0.0603,1.0144,23.4
2026-07-27,2026-08-16,Control,100+,PAYER,5,Photoshoot,14,Bomb,count,7,594,2337,99,101.0,0.17,0.0432,1.0202,16.67
2026-07-27,2026-08-16,Control,100+,PAYER,5,Photoshoot,14,UL Bomb,minutes,8,594,2337,112,1710.0,2.8788,0.7317,15.2679,18.86
2026-07-27,2026-08-16,Control,100+,PAYER,5,Photoshoot,14,UL Chuck,minutes,9,594,2337,132,2025.0,3.4091,0.8665,15.3409,22.22
2026-07-27,2026-08-16,Control,100+,PAYER,5,Photoshoot,14,UL Red,minutes,10,594,2337,134,2040.0,3.4343,0.8729,15.2239,22.56
2026-07-27,2026-08-16,Control,100+,PAYER,5,Photoshoot,14,Unlimited Lives,minutes,11,594,2337,178,31380.0,52.8283,13.4275,176.2921,29.97
2026-07-27,2026-08-16,Control,100+,PAYER,5,Photoshoot,14,SPT,count,12,594,2337,0,0.0,0.0,0.0,0.0,0.0
2026-07-27,2026-08-16,Control,100+,PAYER,5,Photoshoot,14,SPTx2,minutes,13,594,2337,0,0.0,0.0,0.0,0.0,0.0
2026-07-27,2026-08-16,Control,100+,PAYER,5,Red Challenge,15,HC,HC,1,594,2337,236,48950.0,82.4074,20.9457,207.4153,39.73
2026-07-27,2026-08-16,Control,100+,PAYER,5,Red Challenge,15,Slingshot,count,2,594,2337,23,25.0,0.0421,0.0107,1.087,3.87
2026-07-27,2026-08-16,Control,100+,PAYER,5,Red Challenge,15,Shuffle,count,3,594,2337,108,127.0,0.2138,0.0543,1.1759,18.18
2026-07-27,2026-08-16,Control,100+,PAYER,5,Red Challenge,15,Comet,count,4,594,2337,170,204.0,0.3434,0.0873,1.2,28.62
2026-07-27,2026-08-16,Control,100+,PAYER,5,Red Challenge,15,Red,count,5,594,2337,0,0.0,0.0,0.0,0.0,0.0
2026-07-27,2026-08-16,Control,100+,PAYER,5,Red Challenge,15,Chuck,count,6,594,2337,0,0.0,0.0,0.0,0.0,0.0
2026-07-27,2026-08-16,Control,100+,PAYER,5,Red Challenge,15,Bomb,count,7,594,2337,0,0.0,0.0,0.0,0.0,0.0
2026-07-27,2026-08-16,Control,100+,PAYER,5,Red Challenge,15,UL Bomb,minutes,8,594,2337,0,0.0,0.0,0.0,0.0,0.0
2026-07-27,2026-08-16,Control,100+,PAYER,5,Red Challenge,15,UL Chuck,minutes,9,594,2337,0,0.0,0.0,0.0,0.0,0.0
2026-07-27,2026-08-16,Control,100+,PAYER,5,Red Challenge,15,UL Red,minutes,10,594,2337,0,0.0,0.0,0.0,0.0,0.0
2026-07-27,2026-08-16,Control,100+,PAYER,5,Red Challenge,15,Unlimited Lives,minutes,11,594,2337,0,0.0,0.0,0.0,0.0,0.0
2026-07-27,2026-08-16,Control,100+,PAYER,5,Red Challenge,15,SPT,count,12,594,2337,0,0.0,0.0,0.0,0.0,0.0
2026-07-27,2026-08-16,Control,100+,PAYER,5,Red Challenge,15,SPTx2,minutes,13,594,2337,0,0.0,0.0,0.0,0.0,0.0
2026-07-27,2026-08-16,Control,100+,PAYER,5,River Rush,16,HC,HC,1,594,2337,225,78745.0,132.5673,33.6949,349.9778,37.88
2026-07-27,2026-08-16,Control,100+,PAYER,5,River Rush,16,Slingshot,count,2,594,2337,159,710.0,1.1953,0.3038,4.4654,26.77
2026-07-27,2026-08-16,Control,100+,PAYER,5,River Rush,16,Shuffle,count,3,594,2337,153,484.0,0.8148,0.2071,3.1634,25.76
2026-07-27,2026-08-16,Control,100+,PAYER,5,River Rush,16,Comet,count,4,594,2337,193,763.0,1.2845,0.3265,3.9534,32.49
2026-07-27,2026-08-16,Control,100+,PAYER,5,River Rush,16,Red,count,5,594,2337,162,302.0,0.5084,0.1292,1.8642,27.27
2026-07-27,2026-08-16,Control,100+,PAYER,5,River Rush,16,Chuck,count,6,594,2337,83,144.0,0.2424,0.0616,1.7349,13.97
2026-07-27,2026-08-16,Control,100+,PAYER,5,River Rush,16,Bomb,count,7,594,2337,135,308.0,0.5185,0.1318,2.2815,22.73
2026-07-27,2026-08-16,Control,100+,PAYER,5,River Rush,16,UL Bomb,minutes,8,594,2337,138,3180.0,5.3535,1.3607,23.0435,23.23
2026-07-27,2026-08-16,Control,100+,PAYER,5,River Rush,16,UL Chuck,minutes,9,594,2337,181,11125.0,18.729,4.7604,61.4641,30.47
2026-07-27,2026-08-16,Control,100+,PAYER,5,River Rush,16,UL Red,minutes,10,594,2337,183,17050.0,28.7037,7.2957,93.1694,30.81
2026-07-27,2026-08-16,Control,100+,PAYER,5,River Rush,16,Unlimited Lives,minutes,11,594,2337,91,5335.0,8.9815,2.2828,58.6264,15.32
2026-07-27,2026-08-16,Control,100+,PAYER,5,River Rush,16,SPT,count,12,594,2337,140,11830.0,19.9158,5.062,84.5,23.57
2026-07-27,2026-08-16,Control,100+,PAYER,5,River Rush,16,SPTx2,minutes,13,594,2337,113,4880.0,8.2155,2.0881,43.1858,19.02
2026-07-27,2026-08-16,Control,100+,PAYER,5,Saga,17,HC,HC,1,594,2337,592,454665.0,765.4293,194.5507,768.0152,99.66
2026-07-27,2026-08-16,Control,100+,PAYER,5,Saga,17,Slingshot,count,2,594,2337,580,4652.0,7.8316,1.9906,8.0207,97.64
2026-07-27,2026-08-16,Control,100+,PAYER,5,Saga,17,Shuffle,count,3,594,2337,584,5868.0,9.8788,2.5109,10.0479,98.32
2026-07-27,2026-08-16,Control,100+,PAYER,5,Saga,17,Comet,count,4,594,2337,583,4206.0,7.0808,1.7997,7.2144,98.15
2026-07-27,2026-08-16,Control,100+,PAYER,5,Saga,17,Red,count,5,594,2337,587,10602.0,17.8485,4.5366,18.0613,98.82
2026-07-27,2026-08-16,Control,100+,PAYER,5,Saga,17,Chuck,count,6,594,2337,589,10660.0,17.9461,4.5614,18.0985,99.16
2026-07-27,2026-08-16,Control,100+,PAYER,5,Saga,17,Bomb,count,7,594,2337,584,5440.0,9.1582,2.3278,9.3151,98.32
2026-07-27,2026-08-16,Control,100+,PAYER,5,Saga,17,UL Bomb,minutes,8,594,2337,0,0.0,0.0,0.0,0.0,0.0
2026-07-27,2026-08-16,Control,100+,PAYER,5,Saga,17,UL Chuck,minutes,9,594,2337,0,0.0,0.0,0.0,0.0,0.0
2026-07-27,2026-08-16,Control,100+,PAYER,5,Saga,17,UL Red,minutes,10,594,2337,0,0.0,0.0,0.0,0.0,0.0
2026-07-27,2026-08-16,Control,100+,PAYER,5,Saga,17,Unlimited Lives,minutes,11,594,2337,592,584925.0,984.7222,250.2888,988.049,99.66
2026-07-27,2026-08-16,Control,100+,PAYER,5,Saga,17,SPT,count,12,594,2337,0,0.0,0.0,0.0,0.0,0.0
2026-07-27,2026-08-16,Control,100+,PAYER,5,Saga,17,SPTx2,minutes,13,594,2337,0,0.0,0.0,0.0,0.0,0.0
2026-07-27,2026-08-16,Control,100+,PAYER,5,Season Pass (Free),18,HC,HC,1,594,2337,363,47975.0,80.766,20.5285,132.1625,61.11
2026-07-27,2026-08-16,Control,100+,PAYER,5,Season Pass (Free),18,Slingshot,count,2,594,2337,237,509.0,0.8569,0.2178,2.1477,39.9
2026-07-27,2026-08-16,Control,100+,PAYER,5,Season Pass (Free),18,Shuffle,count,3,594,2337,311,718.0,1.2088,0.3072,2.3087,52.36
2026-07-27,2026-08-16,Control,100+,PAYER,5,Season Pass (Free),18,Comet,count,4,594,2337,74,265.0,0.4461,0.1134,3.5811,12.46
2026-07-27,2026-08-16,Control,100+,PAYER,5,Season Pass (Free),18,Red,count,5,594,2337,302,1240.0,2.0875,0.5306,4.106,50.84
2026-07-27,2026-08-16,Control,100+,PAYER,5,Season Pass (Free),18,Chuck,count,6,594,2337,335,1402.0,2.3603,0.5999,4.1851,56.4
2026-07-27,2026-08-16,Control,100+,PAYER,5,Season Pass (Free),18,Bomb,count,7,594,2337,319,850.0,1.431,0.3637,2.6646,53.7
2026-07-27,2026-08-16,Control,100+,PAYER,5,Season Pass (Free),18,UL Bomb,minutes,8,594,2337,82,2150.0,3.6195,0.92,26.2195,13.8
2026-07-27,2026-08-16,Control,100+,PAYER,5,Season Pass (Free),18,UL Chuck,minutes,9,594,2337,225,6790.0,11.431,2.9054,30.1778,37.88
2026-07-27,2026-08-16,Control,100+,PAYER,5,Season Pass (Free),18,UL Red,minutes,10,594,2337,337,10630.0,17.8956,4.5486,31.543,56.73
2026-07-27,2026-08-16,Control,100+,PAYER,5,Season Pass (Free),18,Unlimited Lives,minutes,11,594,2337,351,70900.0,119.3603,30.338,201.9943,59.09
2026-07-27,2026-08-16,Control,100+,PAYER,5,Season Pass (Free),18,SPT,count,12,594,2337,4,110.0,0.1852,0.0471,27.5,0.67
2026-07-27,2026-08-16,Control,100+,PAYER,5,Season Pass (Free),18,SPTx2,minutes,13,594,2337,0,0.0,0.0,0.0,0.0,0.0
2026-07-27,2026-08-16,Control,100+,PAYER,5,Target Day,19,HC,HC,1,594,2337,213,40950.0,68.9394,17.5225,192.2535,35.86
2026-07-27,2026-08-16,Control,100+,PAYER,5,Target Day,19,Slingshot,count,2,594,2337,25,26.0,0.0438,0.0111,1.04,4.21
2026-07-27,2026-08-16,Control,100+,PAYER,5,Target Day,19,Shuffle,count,3,594,2337,117,127.0,0.2138,0.0543,1.0855,19.7
2026-07-27,2026-08-16,Control,100+,PAYER,5,Target Day,19,Comet,count,4,594,2337,137,162.0,0.2727,0.0693,1.1825,23.06
2026-07-27,2026-08-16,Control,100+,PAYER,5,Target Day,19,Red,count,5,594,2337,0,0.0,0.0,0.0,0.0,0.0
2026-07-27,2026-08-16,Control,100+,PAYER,5,Target Day,19,Chuck,count,6,594,2337,0,0.0,0.0,0.0,0.0,0.0
2026-07-27,2026-08-16,Control,100+,PAYER,5,Target Day,19,Bomb,count,7,594,2337,0,0.0,0.0,0.0,0.0,0.0
2026-07-27,2026-08-16,Control,100+,PAYER,5,Target Day,19,UL Bomb,minutes,8,594,2337,0,0.0,0.0,0.0,0.0,0.0
2026-07-27,2026-08-16,Control,100+,PAYER,5,Target Day,19,UL Chuck,minutes,9,594,2337,0,0.0,0.0,0.0,0.0,0.0
2026-07-27,2026-08-16,Control,100+,PAYER,5,Target Day,19,UL Red,minutes,10,594,2337,0,0.0,0.0,0.0,0.0,0.0
2026-07-27,2026-08-16,Control,100+,PAYER,5,Target Day,19,Unlimited Lives,minutes,11,594,2337,176,6570.0,11.0606,2.8113,37.3295,29.63
2026-07-27,2026-08-16,Control,100+,PAYER,5,Target Day,19,SPT,count,12,594,2337,0,0.0,0.0,0.0,0.0,0.0
2026-07-27,2026-08-16,Control,100+,PAYER,5,Target Day,19,SPTx2,minutes,13,594,2337,0,0.0,0.0,0.0,0.0,0.0
2026-07-27,2026-08-16,Control,100+,PAYER,5,Team Event,20,HC,HC,1,594,2337,222,36320.0,61.1448,15.5413,163.6036,37.37
2026-07-27,2026-08-16,Control,100+,PAYER,5,Team Event,20,Slingshot,count,2,594,2337,147,318.0,0.5354,0.1361,2.1633,24.75
2026-07-27,2026-08-16,Control,100+,PAYER,5,Team Event,20,Shuffle,count,3,594,2337,88,204.0,0.3434,0.0873,2.3182,14.81
2026-07-27,2026-08-16,Control,100+,PAYER,5,Team Event,20,Comet,count,4,594,2337,102,133.0,0.2239,0.0569,1.3039,17.17
2026-07-27,2026-08-16,Control,100+,PAYER,5,Team Event,20,Red,count,5,594,2337,0,0.0,0.0,0.0,0.0,0.0
2026-07-27,2026-08-16,Control,100+,PAYER,5,Team Event,20,Chuck,count,6,594,2337,0,0.0,0.0,0.0,0.0,0.0
2026-07-27,2026-08-16,Control,100+,PAYER,5,Team Event,20,Bomb,count,7,594,2337,0,0.0,0.0,0.0,0.0,0.0
2026-07-27,2026-08-16,Control,100+,PAYER,5,Team Event,20,UL Bomb,minutes,8,594,2337,0,0.0,0.0,0.0,0.0,0.0
2026-07-27,2026-08-16,Control,100+,PAYER,5,Team Event,20,UL Chuck,minutes,9,594,2337,0,0.0,0.0,0.0,0.0,0.0
2026-07-27,2026-08-16,Control,100+,PAYER,5,Team Event,20,UL Red,minutes,10,594,2337,0,0.0,0.0,0.0,0.0,0.0
2026-07-27,2026-08-16,Control,100+,PAYER,5,Team Event,20,Unlimited Lives,minutes,11,594,2337,0,0.0,0.0,0.0,0.0,0.0
2026-07-27,2026-08-16,Control,100+,PAYER,5,Team Event,20,SPT,count,12,594,2337,0,0.0,0.0,0.0,0.0,0.0
2026-07-27,2026-08-16,Control,100+,PAYER,5,Team Event,20,SPTx2,minutes,13,594,2337,0,0.0,0.0,0.0,0.0,0.0
2026-07-27,2026-08-16,Control,100+,PAYER,5,Team Race,21,HC,HC,1,594,2337,220,34690.0,58.4007,14.8438,157.6818,37.04
2026-07-27,2026-08-16,Control,100+,PAYER,5,Team Race,21,Slingshot,count,2,594,2337,81,90.0,0.1515,0.0385,1.1111,13.64
2026-07-27,2026-08-16,Control,100+,PAYER,5,Team Race,21,Shuffle,count,3,594,2337,180,259.0,0.436,0.1108,1.4389,30.3
2026-07-27,2026-08-16,Control,100+,PAYER,5,Team Race,21,Comet,count,4,594,2337,220,446.0,0.7508,0.1908,2.0273,37.04
2026-07-27,2026-08-16,Control,100+,PAYER,5,Team Race,21,Red,count,5,594,2337,14,14.0,0.0236,0.006,1.0,2.36
2026-07-27,2026-08-16,Control,100+,PAYER,5,Team Race,21,Chuck,count,6,594,2337,42,43.0,0.0724,0.0184,1.0238,7.07
2026-07-27,2026-08-16,Control,100+,PAYER,5,Team Race,21,Bomb,count,7,594,2337,159,198.0,0.3333,0.0847,1.2453,26.77
2026-07-27,2026-08-16,Control,100+,PAYER,5,Team Race,21,UL Bomb,minutes,8,594,2337,0,0.0,0.0,0.0,0.0,0.0
2026-07-27,2026-08-16,Control,100+,PAYER,5,Team Race,21,UL Chuck,minutes,9,594,2337,0,0.0,0.0,0.0,0.0,0.0
2026-07-27,2026-08-16,Control,100+,PAYER,5,Team Race,21,UL Red,minutes,10,594,2337,0,0.0,0.0,0.0,0.0,0.0
2026-07-27,2026-08-16,Control,100+,PAYER,5,Team Race,21,Unlimited Lives,minutes,11,594,2337,0,0.0,0.0,0.0,0.0,0.0
2026-07-27,2026-08-16,Control,100+,PAYER,5,Team Race,21,SPT,count,12,594,2337,0,0.0,0.0,0.0,0.0,0.0
2026-07-27,2026-08-16,Control,100+,PAYER,5,Team Race,21,SPTx2,minutes,13,594,2337,0,0.0,0.0,0.0,0.0,0.0
2026-07-27,2026-08-16,Control,100+,PAYER,5,Flash Race,22,HC,HC,1,594,2337,410,51975.0,87.5,22.2401,126.7683,69.02
2026-07-27,2026-08-16,Control,100+,PAYER,5,Flash Race,22,Slingshot,count,2,594,2337,129,161.0,0.271,0.0689,1.2481,21.72
2026-07-27,2026-08-16,Control,100+,PAYER,5,Flash Race,22,Shuffle,count,3,594,2337,184,251.0,0.4226,0.1074,1.3641,30.98
2026-07-27,2026-08-16,Control,100+,PAYER,5,Flash Race,22,Comet,count,4,594,2337,250,354.0,0.596,0.1515,1.416,42.09
2026-07-27,2026-08-16,Control,100+,PAYER,5,Flash Race,22,Red,count,5,594,2337,24,25.0,0.0421,0.0107,1.0417,4.04
2026-07-27,2026-08-16,Control,100+,PAYER,5,Flash Race,22,Chuck,count,6,594,2337,50,56.0,0.0943,0.024,1.12,8.42
2026-07-27,2026-08-16,Control,100+,PAYER,5,Flash Race,22,Bomb,count,7,594,2337,88,111.0,0.1869,0.0475,1.2614,14.81
2026-07-27,2026-08-16,Control,100+,PAYER,5,Flash Race,22,UL Bomb,minutes,8,594,2337,0,0.0,0.0,0.0,0.0,0.0
2026-07-27,2026-08-16,Control,100+,PAYER,5,Flash Race,22,UL Chuck,minutes,9,594,2337,0,0.0,0.0,0.0,0.0,0.0
2026-07-27,2026-08-16,Control,100+,PAYER,5,Flash Race,22,UL Red,minutes,10,594,2337,0,0.0,0.0,0.0,0.0,0.0
2026-07-27,2026-08-16,Control,100+,PAYER,5,Flash Race,22,Unlimited Lives,minutes,11,594,2337,32,1580.0,2.6599,0.6761,49.375,5.39
2026-07-27,2026-08-16,Control,100+,PAYER,5,Flash Race,22,SPT,count,12,594,2337,433,45790.0,77.0875,19.5935,105.7506,72.9
2026-07-27,2026-08-16,Control,100+,PAYER,5,Flash Race,22,SPTx2,minutes,13,594,2337,0,0.0,0.0,0.0,0.0,0.0
2026-07-27,2026-08-16,Control,100+,PAYER,5,FlowerCoop,23,HC,HC,1,594,2337,0,0.0,0.0,0.0,0.0,0.0
2026-07-27,2026-08-16,Control,100+,PAYER,5,FlowerCoop,23,Slingshot,count,2,594,2337,0,0.0,0.0,0.0,0.0,0.0
2026-07-27,2026-08-16,Control,100+,PAYER,5,FlowerCoop,23,Shuffle,count,3,594,2337,0,0.0,0.0,0.0,0.0,0.0
2026-07-27,2026-08-16,Control,100+,PAYER,5,FlowerCoop,23,Comet,count,4,594,2337,0,0.0,0.0,0.0,0.0,0.0
2026-07-27,2026-08-16,Control,100+,PAYER,5,FlowerCoop,23,Red,count,5,594,2337,0,0.0,0.0,0.0,0.0,0.0
2026-07-27,2026-08-16,Control,100+,PAYER,5,FlowerCoop,23,Chuck,count,6,594,2337,0,0.0,0.0,0.0,0.0,0.0
2026-07-27,2026-08-16,Control,100+,PAYER,5,FlowerCoop,23,Bomb,count,7,594,2337,0,0.0,0.0,0.0,0.0,0.0
2026-07-27,2026-08-16,Control,100+,PAYER,5,FlowerCoop,23,UL Bomb,minutes,8,594,2337,0,0.0,0.0,0.0,0.0,0.0
2026-07-27,2026-08-16,Control,100+,PAYER,5,FlowerCoop,23,UL Chuck,minutes,9,594,2337,0,0.0,0.0,0.0,0.0,0.0
2026-07-27,2026-08-16,Control,100+,PAYER,5,FlowerCoop,23,UL Red,minutes,10,594,2337,0,0.0,0.0,0.0,0.0,0.0
2026-07-27,2026-08-16,Control,100+,PAYER,5,FlowerCoop,23,Unlimited Lives,minutes,11,594,2337,0,0.0,0.0,0.0,0.0,0.0
2026-07-27,2026-08-16,Control,100+,PAYER,5,FlowerCoop,23,SPT,count,12,594,2337,0,0.0,0.0,0.0,0.0,0.0
2026-07-27,2026-08-16,Control,100+,PAYER,5,FlowerCoop,23,SPTx2,minutes,13,594,2337,0,0.0,0.0,0.0,0.0,0.0
2026-07-27,2026-08-16,Control,100+,PAYER,5,Rainbow Maker,24,HC,HC,1,594,2337,0,0.0,0.0,0.0,0.0,0.0
2026-07-27,2026-08-16,Control,100+,PAYER,5,Rainbow Maker,24,Slingshot,count,2,594,2337,0,0.0,0.0,0.0,0.0,0.0
2026-07-27,2026-08-16,Control,100+,PAYER,5,Rainbow Maker,24,Shuffle,count,3,594,2337,0,0.0,0.0,0.0,0.0,0.0
2026-07-27,2026-08-16,Control,100+,PAYER,5,Rainbow Maker,24,Comet,count,4,594,2337,0,0.0,0.0,0.0,0.0,0.0
2026-07-27,2026-08-16,Control,100+,PAYER,5,Rainbow Maker,24,Red,count,5,594,2337,0,0.0,0.0,0.0,0.0,0.0
2026-07-27,2026-08-16,Control,100+,PAYER,5,Rainbow Maker,24,Chuck,count,6,594,2337,0,0.0,0.0,0.0,0.0,0.0
2026-07-27,2026-08-16,Control,100+,PAYER,5,Rainbow Maker,24,Bomb,count,7,594,2337,0,0.0,0.0,0.0,0.0,0.0
2026-07-27,2026-08-16,Control,100+,PAYER,5,Rainbow Maker,24,UL Bomb,minutes,8,594,2337,0,0.0,0.0,0.0,0.0,0.0
2026-07-27,2026-08-16,Control,100+,PAYER,5,Rainbow Maker,24,UL Chuck,minutes,9,594,2337,0,0.0,0.0,0.0,0.0,0.0
2026-07-27,2026-08-16,Control,100+,PAYER,5,Rainbow Maker,24,UL Red,minutes,10,594,2337,0,0.0,0.0,0.0,0.0,0.0
2026-07-27,2026-08-16,Control,100+,PAYER,5,Rainbow Maker,24,Unlimited Lives,minutes,11,594,2337,0,0.0,0.0,0.0,0.0,0.0
2026-07-27,2026-08-16,Control,100+,PAYER,5,Rainbow Maker,24,SPT,count,12,594,2337,0,0.0,0.0,0.0,0.0,0.0
2026-07-27,2026-08-16,Control,100+,PAYER,5,Rainbow Maker,24,SPTx2,minutes,13,594,2337,0,0.0,0.0,0.0,0.0,0.0
2026-07-27,2026-08-16,Control,100+,PAYER,5,IAPs,25,HC,HC,1,594,2337,0,0.0,0.0,0.0,0.0,0.0
2026-07-27,2026-08-16,Control,100+,PAYER,5,IAPs,25,Slingshot,count,2,594,2337,0,0.0,0.0,0.0,0.0,0.0
2026-07-27,2026-08-16,Control,100+,PAYER,5,IAPs,25,Shuffle,count,3,594,2337,0,0.0,0.0,0.0,0.0,0.0
2026-07-27,2026-08-16,Control,100+,PAYER,5,IAPs,25,Comet,count,4,594,2337,0,0.0,0.0,0.0,0.0,0.0
2026-07-27,2026-08-16,Control,100+,PAYER,5,IAPs,25,Red,count,5,594,2337,0,0.0,0.0,0.0,0.0,0.0
2026-07-27,2026-08-16,Control,100+,PAYER,5,IAPs,25,Chuck,count,6,594,2337,0,0.0,0.0,0.0,0.0,0.0
2026-07-27,2026-08-16,Control,100+,PAYER,5,IAPs,25,Bomb,count,7,594,2337,0,0.0,0.0,0.0,0.0,0.0
2026-07-27,2026-08-16,Control,100+,PAYER,5,IAPs,25,UL Bomb,minutes,8,594,2337,0,0.0,0.0,0.0,0.0,0.0
2026-07-27,2026-08-16,Control,100+,PAYER,5,IAPs,25,UL Chuck,minutes,9,594,2337,0,0.0,0.0,0.0,0.0,0.0
2026-07-27,2026-08-16,Control,100+,PAYER,5,IAPs,25,UL Red,minutes,10,594,2337,0,0.0,0.0,0.0,0.0,0.0
2026-07-27,2026-08-16,Control,100+,PAYER,5,IAPs,25,Unlimited Lives,minutes,11,594,2337,0,0.0,0.0,0.0,0.0,0.0
2026-07-27,2026-08-16,Control,100+,PAYER,5,IAPs,25,SPT,count,12,594,2337,0,0.0,0.0,0.0,0.0,0.0
2026-07-27,2026-08-16,Control,100+,PAYER,5,IAPs,25,SPTx2,minutes,13,594,2337,0,0.0,0.0,0.0,0.0,0.0
2026-07-27,2026-08-16,Variant A,0-9,NONPAYER,1,Ads,1,HC,HC,1,31053,123899,5276,311255.0,10.0233,2.5122,58.9945,16.99
2026-07-27,2026-08-16,Variant A,0-9,NONPAYER,1,Ads,1,Slingshot,count,2,31053,123899,3172,6789.0,0.2186,0.0548,2.1403,10.21
2026-07-27,2026-08-16,Variant A,0-9,NONPAYER,1,Ads,1,Shuffle,count,3,31053,123899,3119,6989.0,0.2251,0.0564,2.2408,10.04
2026-07-27,2026-08-16,Variant A,0-9,NONPAYER,1,Ads,1,Comet,count,4,31053,123899,2006,3219.0,0.1037,0.026,1.6047,6.46
2026-07-27,2026-08-16,Variant A,0-9,NONPAYER,1,Ads,1,Red,count,5,31053,123899,0,0.0,0.0,0.0,0.0,0.0
2026-07-27,2026-08-16,Variant A,0-9,NONPAYER,1,Ads,1,Chuck,count,6,31053,123899,0,0.0,0.0,0.0,0.0,0.0
2026-07-27,2026-08-16,Variant A,0-9,NONPAYER,1,Ads,1,Bomb,count,7,31053,123899,0,0.0,0.0,0.0,0.0,0.0
2026-07-27,2026-08-16,Variant A,0-9,NONPAYER,1,Ads,1,UL Bomb,minutes,8,31053,123899,0,0.0,0.0,0.0,0.0,0.0
2026-07-27,2026-08-16,Variant A,0-9,NONPAYER,1,Ads,1,UL Chuck,minutes,9,31053,123899,0,0.0,0.0,0.0,0.0,0.0
2026-07-27,2026-08-16,Variant A,0-9,NONPAYER,1,Ads,1,UL Red,minutes,10,31053,123899,0,0.0,0.0,0.0,0.0,0.0
2026-07-27,2026-08-16,Variant A,0-9,NONPAYER,1,Ads,1,Unlimited Lives,minutes,11,31053,123899,3601,103925.0,3.3467,0.8388,28.86,11.6
2026-07-27,2026-08-16,Variant A,0-9,NONPAYER,1,Ads,1,SPT,count,12,31053,123899,0,0.0,0.0,0.0,0.0,0.0
2026-07-27,2026-08-16,Variant A,0-9,NONPAYER,1,Ads,1,SPTx2,minutes,13,31053,123899,0,0.0,0.0,0.0,0.0,0.0
2026-07-27,2026-08-16,Variant A,0-9,NONPAYER,1,Bomb Challenge,2,HC,HC,1,31053,123899,231,21750.0,0.7004,0.1755,94.1558,0.74
2026-07-27,2026-08-16,Variant A,0-9,NONPAYER,1,Bomb Challenge,2,Slingshot,count,2,31053,123899,2057,2270.0,0.0731,0.0183,1.1035,6.62
2026-07-27,2026-08-16,Variant A,0-9,NONPAYER,1,Bomb Challenge,2,Shuffle,count,3,31053,123899,610,658.0,0.0212,0.0053,1.0787,1.96
2026-07-27,2026-08-16,Variant A,0-9,NONPAYER,1,Bomb Challenge,2,Comet,count,4,31053,123899,36,38.0,0.0012,0.0003,1.0556,0.12
2026-07-27,2026-08-16,Variant A,0-9,NONPAYER,1,Bomb Challenge,2,Red,count,5,31053,123899,0,0.0,0.0,0.0,0.0,0.0
2026-07-27,2026-08-16,Variant A,0-9,NONPAYER,1,Bomb Challenge,2,Chuck,count,6,31053,123899,0,0.0,0.0,0.0,0.0,0.0
2026-07-27,2026-08-16,Variant A,0-9,NONPAYER,1,Bomb Challenge,2,Bomb,count,7,31053,123899,0,0.0,0.0,0.0,0.0,0.0
2026-07-27,2026-08-16,Variant A,0-9,NONPAYER,1,Bomb Challenge,2,UL Bomb,minutes,8,31053,123899,0,0.0,0.0,0.0,0.0,0.0
2026-07-27,2026-08-16,Variant A,0-9,NONPAYER,1,Bomb Challenge,2,UL Chuck,minutes,9,31053,123899,0,0.0,0.0,0.0,0.0,0.0
2026-07-27,2026-08-16,Variant A,0-9,NONPAYER,1,Bomb Challenge,2,UL Red,minutes,10,31053,123899,0,0.0,0.0,0.0,0.0,0.0
2026-07-27,2026-08-16,Variant A,0-9,NONPAYER,1,Bomb Challenge,2,Unlimited Lives,minutes,11,31053,123899,0,0.0,0.0,0.0,0.0,0.0
2026-07-27,2026-08-16,Variant A,0-9,NONPAYER,1,Bomb Challenge,2,SPT,count,12,31053,123899,0,0.0,0.0,0.0,0.0,0.0
2026-07-27,2026-08-16,Variant A,0-9,NONPAYER,1,Bomb Challenge,2,SPTx2,minutes,13,31053,123899,0,0.0,0.0,0.0,0.0,0.0
2026-07-27,2026-08-16,Variant A,0-9,NONPAYER,1,Bomb's Ballet,3,HC,HC,1,31053,123899,126,3425.0,0.1103,0.0276,27.1825,0.41
2026-07-27,2026-08-16,Variant A,0-9,NONPAYER,1,Bomb's Ballet,3,Slingshot,count,2,31053,123899,1,1.0,0.0,0.0,1.0,0.0
2026-07-27,2026-08-16,Variant A,0-9,NONPAYER,1,Bomb's Ballet,3,Shuffle,count,3,31053,123899,1,1.0,0.0,0.0,1.0,0.0
2026-07-27,2026-08-16,Variant A,0-9,NONPAYER,1,Bomb's Ballet,3,Comet,count,4,31053,123899,1,1.0,0.0,0.0,1.0,0.0
2026-07-27,2026-08-16,Variant A,0-9,NONPAYER,1,Bomb's Ballet,3,Red,count,5,31053,123899,34,36.0,0.0012,0.0003,1.0588,0.11
2026-07-27,2026-08-16,Variant A,0-9,NONPAYER,1,Bomb's Ballet,3,Chuck,count,6,31053,123899,4863,5019.0,0.1616,0.0405,1.0321,15.66
2026-07-27,2026-08-16,Variant A,0-9,NONPAYER,1,Bomb's Ballet,3,Bomb,count,7,31053,123899,1,1.0,0.0,0.0,1.0,0.0
2026-07-27,2026-08-16,Variant A,0-9,NONPAYER,1,Bomb's Ballet,3,UL Bomb,minutes,8,31053,123899,44,470.0,0.0151,0.0038,10.6818,0.14
2026-07-27,2026-08-16,Variant A,0-9,NONPAYER,1,Bomb's Ballet,3,UL Chuck,minutes,9,31053,123899,1255,12755.0,0.4107,0.1029,10.1633,4.04
2026-07-27,2026-08-16,Variant A,0-9,NONPAYER,1,Bomb's Ballet,3,UL Red,minutes,10,31053,123899,2637,26790.0,0.8627,0.2162,10.1593,8.49
2026-07-27,2026-08-16,Variant A,0-9,NONPAYER,1,Bomb's Ballet,3,Unlimited Lives,minutes,11,31053,123899,480,15960.0,0.514,0.1288,33.25,1.55
2026-07-27,2026-08-16,Variant A,0-9,NONPAYER,1,Bomb's Ballet,3,SPT,count,12,31053,123899,0,0.0,0.0,0.0,0.0,0.0
2026-07-27,2026-08-16,Variant A,0-9,NONPAYER,1,Bomb's Ballet,3,SPTx2,minutes,13,31053,123899,0,0.0,0.0,0.0,0.0,0.0
2026-07-27,2026-08-16,Variant A,0-9,NONPAYER,1,Chuck Challenge,4,HC,HC,1,31053,123899,154,14000.0,0.4508,0.113,90.9091,0.5
2026-07-27,2026-08-16,Variant A,0-9,NONPAYER,1,Chuck Challenge,4,Slingshot,count,2,31053,123899,2135,2317.0,0.0746,0.0187,1.0852,6.88
2026-07-27,2026-08-16,Variant A,0-9,NONPAYER,1,Chuck Challenge,4,Shuffle,count,3,31053,123899,447,472.0,0.0152,0.0038,1.0559,1.44
2026-07-27,2026-08-16,Variant A,0-9,NONPAYER,1,Chuck Challenge,4,Comet,count,4,31053,123899,19,20.0,0.0006,0.0002,1.0526,0.06
2026-07-27,2026-08-16,Variant A,0-9,NONPAYER,1,Chuck Challenge,4,Red,count,5,31053,123899,0,0.0,0.0,0.0,0.0,0.0
2026-07-27,2026-08-16,Variant A,0-9,NONPAYER,1,Chuck Challenge,4,Chuck,count,6,31053,123899,0,0.0,0.0,0.0,0.0,0.0
2026-07-27,2026-08-16,Variant A,0-9,NONPAYER,1,Chuck Challenge,4,Bomb,count,7,31053,123899,0,0.0,0.0,0.0,0.0,0.0
2026-07-27,2026-08-16,Variant A,0-9,NONPAYER,1,Chuck Challenge,4,UL Bomb,minutes,8,31053,123899,0,0.0,0.0,0.0,0.0,0.0
2026-07-27,2026-08-16,Variant A,0-9,NONPAYER,1,Chuck Challenge,4,UL Chuck,minutes,9,31053,123899,0,0.0,0.0,0.0,0.0,0.0
2026-07-27,2026-08-16,Variant A,0-9,NONPAYER,1,Chuck Challenge,4,UL Red,minutes,10,31053,123899,0,0.0,0.0,0.0,0.0,0.0
2026-07-27,2026-08-16,Variant A,0-9,NONPAYER,1,Chuck Challenge,4,Unlimited Lives,minutes,11,31053,123899,0,0.0,0.0,0.0,0.0,0.0
2026-07-27,2026-08-16,Variant A,0-9,NONPAYER,1,Chuck Challenge,4,SPT,count,12,31053,123899,0,0.0,0.0,0.0,0.0,0.0
2026-07-27,2026-08-16,Variant A,0-9,NONPAYER,1,Chuck Challenge,4,SPTx2,minutes,13,31053,123899,0,0.0,0.0,0.0,0.0,0.0
2026-07-27,2026-08-16,Variant A,0-9,NONPAYER,1,Core,5,HC,HC,1,31053,123899,9800,431225.0,13.8867,3.4805,44.0026,31.56
2026-07-27,2026-08-16,Variant A,0-9,NONPAYER,1,Core,5,Slingshot,count,2,31053,123899,2900,3019.0,0.0972,0.0244,1.041,9.34
2026-07-27,2026-08-16,Variant A,0-9,NONPAYER,1,Core,5,Shuffle,count,3,31053,123899,4498,4784.0,0.1541,0.0386,1.0636,14.48
2026-07-27,2026-08-16,Variant A,0-9,NONPAYER,1,Core,5,Comet,count,4,31053,123899,2068,2134.0,0.0687,0.0172,1.0319,6.66
2026-07-27,2026-08-16,Variant A,0-9,NONPAYER,1,Core,5,Red,count,5,31053,123899,1527,1594.0,0.0513,0.0129,1.0439,4.92
2026-07-27,2026-08-16,Variant A,0-9,NONPAYER,1,Core,5,Chuck,count,6,31053,123899,1717,1819.0,0.0586,0.0147,1.0594,5.53
2026-07-27,2026-08-16,Variant A,0-9,NONPAYER,1,Core,5,Bomb,count,7,31053,123899,1354,1439.0,0.0463,0.0116,1.0628,4.36
2026-07-27,2026-08-16,Variant A,0-9,NONPAYER,1,Core,5,UL Bomb,minutes,8,31053,123899,0,0.0,0.0,0.0,0.0,0.0
2026-07-27,2026-08-16,Variant A,0-9,NONPAYER,1,Core,5,UL Chuck,minutes,9,31053,123899,0,0.0,0.0,0.0,0.0,0.0
2026-07-27,2026-08-16,Variant A,0-9,NONPAYER,1,Core,5,UL Red,minutes,10,31053,123899,0,0.0,0.0,0.0,0.0,0.0
2026-07-27,2026-08-16,Variant A,0-9,NONPAYER,1,Core,5,Unlimited Lives,minutes,11,31053,123899,5653,265710.0,8.5567,2.1446,47.0034,18.2
2026-07-27,2026-08-16,Variant A,0-9,NONPAYER,1,Core,5,SPT,count,12,31053,123899,27425,6845809.0,220.4556,55.2531,249.6193,88.32
2026-07-27,2026-08-16,Variant A,0-9,NONPAYER,1,Core,5,SPTx2,minutes,13,31053,123899,0,0.0,0.0,0.0,0.0,0.0
2026-07-27,2026-08-16,Variant A,0-9,NONPAYER,1,Daily Gift,6,HC,HC,1,31053,123899,24384,1497765.0,48.2325,12.0886,61.4241,78.52
2026-07-27,2026-08-16,Variant A,0-9,NONPAYER,1,Daily Gift,6,Slingshot,count,2,31053,123899,10497,19062.0,0.6139,0.1539,1.8159,33.8
2026-07-27,2026-08-16,Variant A,0-9,NONPAYER,1,Daily Gift,6,Shuffle,count,3,31053,123899,8166,12230.0,0.3938,0.0987,1.4977,26.3
2026-07-27,2026-08-16,Variant A,0-9,NONPAYER,1,Daily Gift,6,Comet,count,4,31053,123899,1699,1764.0,0.0568,0.0142,1.0383,5.47
2026-07-27,2026-08-16,Variant A,0-9,NONPAYER,1,Daily Gift,6,Red,count,5,31053,123899,0,0.0,0.0,0.0,0.0,0.0
2026-07-27,2026-08-16,Variant A,0-9,NONPAYER,1,Daily Gift,6,Chuck,count,6,31053,123899,0,0.0,0.0,0.0,0.0,0.0
2026-07-27,2026-08-16,Variant A,0-9,NONPAYER,1,Daily Gift,6,Bomb,count,7,31053,123899,0,0.0,0.0,0.0,0.0,0.0
2026-07-27,2026-08-16,Variant A,0-9,NONPAYER,1,Daily Gift,6,UL Bomb,minutes,8,31053,123899,1675,51180.0,1.6481,0.4131,30.5552,5.39
2026-07-27,2026-08-16,Variant A,0-9,NONPAYER,1,Daily Gift,6,UL Chuck,minutes,9,31053,123899,1660,101100.0,3.2557,0.816,60.9036,5.35
2026-07-27,2026-08-16,Variant A,0-9,NONPAYER,1,Daily Gift,6,UL Red,minutes,10,31053,123899,1692,102900.0,3.3137,0.8305,60.8156,5.45
2026-07-27,2026-08-16,Variant A,0-9,NONPAYER,1,Daily Gift,6,Unlimited Lives,minutes,11,31053,123899,21103,1832885.0,59.0244,14.7934,86.8542,67.96
2026-07-27,2026-08-16,Variant A,0-9,NONPAYER,1,Daily Gift,6,SPT,count,12,31053,123899,0,0.0,0.0,0.0,0.0,0.0
2026-07-27,2026-08-16,Variant A,0-9,NONPAYER,1,Daily Gift,6,SPTx2,minutes,13,31053,123899,33,540.0,0.0174,0.0044,16.3636,0.11
2026-07-27,2026-08-16,Variant A,0-9,NONPAYER,1,Daily Night Sky Prize,7,HC,HC,1,31053,123899,15816,573655.0,18.4734,4.63,36.2705,50.93
2026-07-27,2026-08-16,Variant A,0-9,NONPAYER,1,Daily Night Sky Prize,7,Slingshot,count,2,31053,123899,6523,10537.0,0.3393,0.085,1.6154,21.01
2026-07-27,2026-08-16,Variant A,0-9,NONPAYER,1,Daily Night Sky Prize,7,Shuffle,count,3,31053,123899,0,0.0,0.0,0.0,0.0,0.0
2026-07-27,2026-08-16,Variant A,0-9,NONPAYER,1,Daily Night Sky Prize,7,Comet,count,4,31053,123899,6,6.0,0.0002,0.0,1.0,0.02
2026-07-27,2026-08-16,Variant A,0-9,NONPAYER,1,Daily Night Sky Prize,7,Red,count,5,31053,123899,13948,33315.0,1.0728,0.2689,2.3885,44.92
2026-07-27,2026-08-16,Variant A,0-9,NONPAYER,1,Daily Night Sky Prize,7,Chuck,count,6,31053,123899,6517,10531.0,0.3391,0.085,1.6159,20.99
2026-07-27,2026-08-16,Variant A,0-9,NONPAYER,1,Daily Night Sky Prize,7,Bomb,count,7,31053,123899,0,0.0,0.0,0.0,0.0,0.0
2026-07-27,2026-08-16,Variant A,0-9,NONPAYER,1,Daily Night Sky Prize,7,UL Bomb,minutes,8,31053,123899,0,0.0,0.0,0.0,0.0,0.0
2026-07-27,2026-08-16,Variant A,0-9,NONPAYER,1,Daily Night Sky Prize,7,UL Chuck,minutes,9,31053,123899,0,0.0,0.0,0.0,0.0,0.0
2026-07-27,2026-08-16,Variant A,0-9,NONPAYER,1,Daily Night Sky Prize,7,UL Red,minutes,10,31053,123899,0,0.0,0.0,0.0,0.0,0.0
2026-07-27,2026-08-16,Variant A,0-9,NONPAYER,1,Daily Night Sky Prize,7,Unlimited Lives,minutes,11,31053,123899,20843,1547690.0,49.8403,12.4915,74.2547,67.12
2026-07-27,2026-08-16,Variant A,0-9,NONPAYER,1,Daily Night Sky Prize,7,SPT,count,12,31053,123899,0,0.0,0.0,0.0,0.0,0.0
2026-07-27,2026-08-16,Variant A,0-9,NONPAYER,1,Daily Night Sky Prize,7,SPTx2,minutes,13,31053,123899,0,0.0,0.0,0.0,0.0,0.0
2026-07-27,2026-08-16,Variant A,0-9,NONPAYER,1,Flock Flurry,8,HC,HC,1,31053,123899,0,0.0,0.0,0.0,0.0,0.0
2026-07-27,2026-08-16,Variant A,0-9,NONPAYER,1,Flock Flurry,8,Slingshot,count,2,31053,123899,1867,2225.0,0.0717,0.018,1.1918,6.01
2026-07-27,2026-08-16,Variant A,0-9,NONPAYER,1,Flock Flurry,8,Shuffle,count,3,31053,123899,0,0.0,0.0,0.0,0.0,0.0
2026-07-27,2026-08-16,Variant A,0-9,NONPAYER,1,Flock Flurry,8,Comet,count,4,31053,123899,0,0.0,0.0,0.0,0.0,0.0
2026-07-27,2026-08-16,Variant A,0-9,NONPAYER,1,Flock Flurry,8,Red,count,5,31053,123899,1867,2225.0,0.0717,0.018,1.1918,6.01
2026-07-27,2026-08-16,Variant A,0-9,NONPAYER,1,Flock Flurry,8,Chuck,count,6,31053,123899,1867,2225.0,0.0717,0.018,1.1918,6.01
2026-07-27,2026-08-16,Variant A,0-9,NONPAYER,1,Flock Flurry,8,Bomb,count,7,31053,123899,1867,2225.0,0.0717,0.018,1.1918,6.01
2026-07-27,2026-08-16,Variant A,0-9,NONPAYER,1,Flock Flurry,8,UL Bomb,minutes,8,31053,123899,0,0.0,0.0,0.0,0.0,0.0
2026-07-27,2026-08-16,Variant A,0-9,NONPAYER,1,Flock Flurry,8,UL Chuck,minutes,9,31053,123899,0,0.0,0.0,0.0,0.0,0.0
2026-07-27,2026-08-16,Variant A,0-9,NONPAYER,1,Flock Flurry,8,UL Red,minutes,10,31053,123899,0,0.0,0.0,0.0,0.0,0.0
2026-07-27,2026-08-16,Variant A,0-9,NONPAYER,1,Flock Flurry,8,Unlimited Lives,minutes,11,31053,123899,12248,1838380.0,59.2014,14.8377,150.0963,39.44
2026-07-27,2026-08-16,Variant A,0-9,NONPAYER,1,Flock Flurry,8,SPT,count,12,31053,123899,1520,36060.0,1.1612,0.291,23.7237,4.89
2026-07-27,2026-08-16,Variant A,0-9,NONPAYER,1,Flock Flurry,8,SPTx2,minutes,13,31053,123899,0,0.0,0.0,0.0,0.0,0.0
2026-07-27,2026-08-16,Variant A,0-9,NONPAYER,1,Hatchling Hideaway,9,HC,HC,1,31053,123899,4714,62305.0,2.0064,0.5029,13.217,15.18
2026-07-27,2026-08-16,Variant A,0-9,NONPAYER,1,Hatchling Hideaway,9,Slingshot,count,2,31053,123899,54,58.0,0.0019,0.0005,1.0741,0.17
2026-07-27,2026-08-16,Variant A,0-9,NONPAYER,1,Hatchling Hideaway,9,Shuffle,count,3,31053,123899,207,213.0,0.0069,0.0017,1.029,0.67
2026-07-27,2026-08-16,Variant A,0-9,NONPAYER,1,Hatchling Hideaway,9,Comet,count,4,31053,123899,855,936.0,0.0301,0.0076,1.0947,2.75
2026-07-27,2026-08-16,Variant A,0-9,NONPAYER,1,Hatchling Hideaway,9,Red,count,5,31053,123899,11602,18417.0,0.5931,0.1486,1.5874,37.36
2026-07-27,2026-08-16,Variant A,0-9,NONPAYER,1,Hatchling Hideaway,9,Chuck,count,6,31053,123899,4678,5948.0,0.1915,0.048,1.2715,15.06
2026-07-27,2026-08-16,Variant A,0-9,NONPAYER,1,Hatchling Hideaway,9,Bomb,count,7,31053,123899,970,1064.0,0.0343,0.0086,1.0969,3.12
2026-07-27,2026-08-16,Variant A,0-9,NONPAYER,1,Hatchling Hideaway,9,UL Bomb,minutes,8,31053,123899,0,0.0,0.0,0.0,0.0,0.0
2026-07-27,2026-08-16,Variant A,0-9,NONPAYER,1,Hatchling Hideaway,9,UL Chuck,minutes,9,31053,123899,32,360.0,0.0116,0.0029,11.25,0.1
2026-07-27,2026-08-16,Variant A,0-9,NONPAYER,1,Hatchling Hideaway,9,UL Red,minutes,10,31053,123899,103,1070.0,0.0345,0.0086,10.3883,0.33
2026-07-27,2026-08-16,Variant A,0-9,NONPAYER,1,Hatchling Hideaway,9,Unlimited Lives,minutes,11,31053,123899,11763,1136940.0,36.6129,9.1763,96.6539,37.88
2026-07-27,2026-08-16,Variant A,0-9,NONPAYER,1,Hatchling Hideaway,9,SPT,count,12,31053,123899,0,0.0,0.0,0.0,0.0,0.0
2026-07-27,2026-08-16,Variant A,0-9,NONPAYER,1,Hatchling Hideaway,9,SPTx2,minutes,13,31053,123899,0,0.0,0.0,0.0,0.0,0.0
2026-07-27,2026-08-16,Variant A,0-9,NONPAYER,1,Jigsaw,10,HC,HC,1,31053,123899,193,5875.0,0.1892,0.0474,30.4404,0.62
2026-07-27,2026-08-16,Variant A,0-9,NONPAYER,1,Jigsaw,10,Slingshot,count,2,31053,123899,11,12.0,0.0004,0.0001,1.0909,0.04
2026-07-27,2026-08-16,Variant A,0-9,NONPAYER,1,Jigsaw,10,Shuffle,count,3,31053,123899,0,0.0,0.0,0.0,0.0,0.0
2026-07-27,2026-08-16,Variant A,0-9,NONPAYER,1,Jigsaw,10,Comet,count,4,31053,123899,2,2.0,0.0001,0.0,1.0,0.01
2026-07-27,2026-08-16,Variant A,0-9,NONPAYER,1,Jigsaw,10,Red,count,5,31053,123899,91,105.0,0.0034,0.0008,1.1538,0.29
2026-07-27,2026-08-16,Variant A,0-9,NONPAYER,1,Jigsaw,10,Chuck,count,6,31053,123899,6297,7467.0,0.2405,0.0603,1.1858,20.28
2026-07-27,2026-08-16,Variant A,0-9,NONPAYER,1,Jigsaw,10,Bomb,count,7,31053,123899,2,2.0,0.0001,0.0,1.0,0.01
2026-07-27,2026-08-16,Variant A,0-9,NONPAYER,1,Jigsaw,10,UL Bomb,minutes,8,31053,123899,91,1055.0,0.034,0.0085,11.5934,0.29
2026-07-27,2026-08-16,Variant A,0-9,NONPAYER,1,Jigsaw,10,UL Chuck,minutes,9,31053,123899,1806,20910.0,0.6734,0.1688,11.5781,5.82
2026-07-27,2026-08-16,Variant A,0-9,NONPAYER,1,Jigsaw,10,UL Red,minutes,10,31053,123899,3908,45430.0,1.463,0.3667,11.6249,12.58
2026-07-27,2026-08-16,Variant A,0-9,NONPAYER,1,Jigsaw,10,Unlimited Lives,minutes,11,31053,123899,635,25470.0,0.8202,0.2056,40.1102,2.04
2026-07-27,2026-08-16,Variant A,0-9,NONPAYER,1,Jigsaw,10,SPT,count,12,31053,123899,0,0.0,0.0,0.0,0.0,0.0
2026-07-27,2026-08-16,Variant A,0-9,NONPAYER,1,Jigsaw,10,SPTx2,minutes,13,31053,123899,0,0.0,0.0,0.0,0.0,0.0
2026-07-27,2026-08-16,Variant A,0-9,NONPAYER,1,Kite Festival,11,HC,HC,1,31053,123899,73,11275.0,0.3631,0.091,154.4521,0.24
2026-07-27,2026-08-16,Variant A,0-9,NONPAYER,1,Kite Festival,11,Slingshot,count,2,31053,123899,128,134.0,0.0043,0.0011,1.0469,0.41
2026-07-27,2026-08-16,Variant A,0-9,NONPAYER,1,Kite Festival,11,Shuffle,count,3,31053,123899,41,41.0,0.0013,0.0003,1.0,0.13
2026-07-27,2026-08-16,Variant A,0-9,NONPAYER,1,Kite Festival,11,Comet,count,4,31053,123899,17,18.0,0.0006,0.0001,1.0588,0.05
2026-07-27,2026-08-16,Variant A,0-9,NONPAYER,1,Kite Festival,11,Red,count,5,31053,123899,108,111.0,0.0036,0.0009,1.0278,0.35
2026-07-27,2026-08-16,Variant A,0-9,NONPAYER,1,Kite Festival,11,Chuck,count,6,31053,123899,77,83.0,0.0027,0.0007,1.0779,0.25
2026-07-27,2026-08-16,Variant A,0-9,NONPAYER,1,Kite Festival,11,Bomb,count,7,31053,123899,71,74.0,0.0024,0.0006,1.0423,0.23
2026-07-27,2026-08-16,Variant A,0-9,NONPAYER,1,Kite Festival,11,UL Bomb,minutes,8,31053,123899,0,0.0,0.0,0.0,0.0,0.0
2026-07-27,2026-08-16,Variant A,0-9,NONPAYER,1,Kite Festival,11,UL Chuck,minutes,9,31053,123899,0,0.0,0.0,0.0,0.0,0.0
2026-07-27,2026-08-16,Variant A,0-9,NONPAYER,1,Kite Festival,11,UL Red,minutes,10,31053,123899,0,0.0,0.0,0.0,0.0,0.0
2026-07-27,2026-08-16,Variant A,0-9,NONPAYER,1,Kite Festival,11,Unlimited Lives,minutes,11,31053,123899,4807,202625.0,6.5251,1.6354,42.1521,15.48
2026-07-27,2026-08-16,Variant A,0-9,NONPAYER,1,Kite Festival,11,SPT,count,12,31053,123899,747,54350.0,1.7502,0.4387,72.7577,2.41
2026-07-27,2026-08-16,Variant A,0-9,NONPAYER,1,Kite Festival,11,SPTx2,minutes,13,31053,123899,0,0.0,0.0,0.0,0.0,0.0
2026-07-27,2026-08-16,Variant A,0-9,NONPAYER,1,Level Race,12,HC,HC,1,31053,123899,0,0.0,0.0,0.0,0.0,0.0
2026-07-27,2026-08-16,Variant A,0-9,NONPAYER,1,Level Race,12,Slingshot,count,2,31053,123899,0,0.0,0.0,0.0,0.0,0.0
2026-07-27,2026-08-16,Variant A,0-9,NONPAYER,1,Level Race,12,Shuffle,count,3,31053,123899,0,0.0,0.0,0.0,0.0,0.0
2026-07-27,2026-08-16,Variant A,0-9,NONPAYER,1,Level Race,12,Comet,count,4,31053,123899,0,0.0,0.0,0.0,0.0,0.0
2026-07-27,2026-08-16,Variant A,0-9,NONPAYER,1,Level Race,12,Red,count,5,31053,123899,0,0.0,0.0,0.0,0.0,0.0
2026-07-27,2026-08-16,Variant A,0-9,NONPAYER,1,Level Race,12,Chuck,count,6,31053,123899,0,0.0,0.0,0.0,0.0,0.0
2026-07-27,2026-08-16,Variant A,0-9,NONPAYER,1,Level Race,12,Bomb,count,7,31053,123899,0,0.0,0.0,0.0,0.0,0.0
2026-07-27,2026-08-16,Variant A,0-9,NONPAYER,1,Level Race,12,UL Bomb,minutes,8,31053,123899,0,0.0,0.0,0.0,0.0,0.0
2026-07-27,2026-08-16,Variant A,0-9,NONPAYER,1,Level Race,12,UL Chuck,minutes,9,31053,123899,1,15.0,0.0005,0.0001,15.0,0.0
2026-07-27,2026-08-16,Variant A,0-9,NONPAYER,1,Level Race,12,UL Red,minutes,10,31053,123899,0,0.0,0.0,0.0,0.0,0.0
2026-07-27,2026-08-16,Variant A,0-9,NONPAYER,1,Level Race,12,Unlimited Lives,minutes,11,31053,123899,0,0.0,0.0,0.0,0.0,0.0
2026-07-27,2026-08-16,Variant A,0-9,NONPAYER,1,Level Race,12,SPT,count,12,31053,123899,1,50.0,0.0016,0.0004,50.0,0.0
2026-07-27,2026-08-16,Variant A,0-9,NONPAYER,1,Level Race,12,SPTx2,minutes,13,31053,123899,0,0.0,0.0,0.0,0.0,0.0
2026-07-27,2026-08-16,Variant A,0-9,NONPAYER,1,Other,13,HC,HC,1,31053,123899,3361,108120.0,3.4818,0.8726,32.169,10.82
2026-07-27,2026-08-16,Variant A,0-9,NONPAYER,1,Other,13,Slingshot,count,2,31053,123899,1686,1816.0,0.0585,0.0147,1.0771,5.43
2026-07-27,2026-08-16,Variant A,0-9,NONPAYER,1,Other,13,Shuffle,count,3,31053,123899,1045,1175.0,0.0378,0.0095,1.1244,3.37
2026-07-27,2026-08-16,Variant A,0-9,NONPAYER,1,Other,13,Comet,count,4,31053,123899,602,622.0,0.02,0.005,1.0332,1.94
2026-07-27,2026-08-16,Variant A,0-9,NONPAYER,1,Other,13,Red,count,5,31053,123899,12211,17662.0,0.5688,0.1426,1.4464,39.32
2026-07-27,2026-08-16,Variant A,0-9,NONPAYER,1,Other,13,Chuck,count,6,31053,123899,12044,17378.0,0.5596,0.1403,1.4429,38.79
2026-07-27,2026-08-16,Variant A,0-9,NONPAYER,1,Other,13,Bomb,count,7,31053,123899,11973,17278.0,0.5564,0.1395,1.4431,38.56
2026-07-27,2026-08-16,Variant A,0-9,NONPAYER,1,Other,13,UL Bomb,minutes,8,31053,123899,79,2845.0,0.0916,0.023,36.0127,0.25
2026-07-27,2026-08-16,Variant A,0-9,NONPAYER,1,Other,13,UL Chuck,minutes,9,31053,123899,78,2890.0,0.0931,0.0233,37.0513,0.25
2026-07-27,2026-08-16,Variant A,0-9,NONPAYER,1,Other,13,UL Red,minutes,10,31053,123899,78,2890.0,0.0931,0.0233,37.0513,0.25
2026-07-27,2026-08-16,Variant A,0-9,NONPAYER,1,Other,13,Unlimited Lives,minutes,11,31053,123899,2945,122310.0,3.9387,0.9872,41.5314,9.48
2026-07-27,2026-08-16,Variant A,0-9,NONPAYER,1,Other,13,SPT,count,12,31053,123899,10123,570530.0,18.3728,4.6048,56.3598,32.6
2026-07-27,2026-08-16,Variant A,0-9,NONPAYER,1,Other,13,SPTx2,minutes,13,31053,123899,0,0.0,0.0,0.0,0.0,0.0
2026-07-27,2026-08-16,Variant A,0-9,NONPAYER,1,Photoshoot,14,HC,HC,1,31053,123899,92,2450.0,0.0789,0.0198,26.6304,0.3
2026-07-27,2026-08-16,Variant A,0-9,NONPAYER,1,Photoshoot,14,Slingshot,count,2,31053,123899,0,0.0,0.0,0.0,0.0,0.0
2026-07-27,2026-08-16,Variant A,0-9,NONPAYER,1,Photoshoot,14,Shuffle,count,3,31053,123899,1,1.0,0.0,0.0,1.0,0.0
2026-07-27,2026-08-16,Variant A,0-9,NONPAYER,1,Photoshoot,14,Comet,count,4,31053,123899,0,0.0,0.0,0.0,0.0,0.0
2026-07-27,2026-08-16,Variant A,0-9,NONPAYER,1,Photoshoot,14,Red,count,5,31053,123899,11,11.0,0.0004,0.0001,1.0,0.04
2026-07-27,2026-08-16,Variant A,0-9,NONPAYER,1,Photoshoot,14,Chuck,count,6,31053,123899,973,997.0,0.0321,0.008,1.0247,3.13
2026-07-27,2026-08-16,Variant A,0-9,NONPAYER,1,Photoshoot,14,Bomb,count,7,31053,123899,0,0.0,0.0,0.0,0.0,0.0
2026-07-27,2026-08-16,Variant A,0-9,NONPAYER,1,Photoshoot,14,UL Bomb,minutes,8,31053,123899,2,30.0,0.001,0.0002,15.0,0.01
2026-07-27,2026-08-16,Variant A,0-9,NONPAYER,1,Photoshoot,14,UL Chuck,minutes,9,31053,123899,6,90.0,0.0029,0.0007,15.0,0.02
2026-07-27,2026-08-16,Variant A,0-9,NONPAYER,1,Photoshoot,14,UL Red,minutes,10,31053,123899,29,435.0,0.014,0.0035,15.0,0.09
2026-07-27,2026-08-16,Variant A,0-9,NONPAYER,1,Photoshoot,14,Unlimited Lives,minutes,11,31053,123899,353,12060.0,0.3884,0.0973,34.1643,1.14
2026-07-27,2026-08-16,Variant A,0-9,NONPAYER,1,Photoshoot,14,SPT,count,12,31053,123899,0,0.0,0.0,0.0,0.0,0.0
2026-07-27,2026-08-16,Variant A,0-9,NONPAYER,1,Photoshoot,14,SPTx2,minutes,13,31053,123899,0,0.0,0.0,0.0,0.0,0.0
2026-07-27,2026-08-16,Variant A,0-9,NONPAYER,1,Red Challenge,15,HC,HC,1,31053,123899,204,20150.0,0.6489,0.1626,98.7745,0.66
2026-07-27,2026-08-16,Variant A,0-9,NONPAYER,1,Red Challenge,15,Slingshot,count,2,31053,123899,2240,2447.0,0.0788,0.0197,1.0924,7.21
2026-07-27,2026-08-16,Variant A,0-9,NONPAYER,1,Red Challenge,15,Shuffle,count,3,31053,123899,535,565.0,0.0182,0.0046,1.0561,1.72
2026-07-27,2026-08-16,Variant A,0-9,NONPAYER,1,Red Challenge,15,Comet,count,4,31053,123899,34,35.0,0.0011,0.0003,1.0294,0.11
2026-07-27,2026-08-16,Variant A,0-9,NONPAYER,1,Red Challenge,15,Red,count,5,31053,123899,1,1.0,0.0,0.0,1.0,0.0
2026-07-27,2026-08-16,Variant A,0-9,NONPAYER,1,Red Challenge,15,Chuck,count,6,31053,123899,0,0.0,0.0,0.0,0.0,0.0
2026-07-27,2026-08-16,Variant A,0-9,NONPAYER,1,Red Challenge,15,Bomb,count,7,31053,123899,0,0.0,0.0,0.0,0.0,0.0
2026-07-27,2026-08-16,Variant A,0-9,NONPAYER,1,Red Challenge,15,UL Bomb,minutes,8,31053,123899,0,0.0,0.0,0.0,0.0,0.0
2026-07-27,2026-08-16,Variant A,0-9,NONPAYER,1,Red Challenge,15,UL Chuck,minutes,9,31053,123899,0,0.0,0.0,0.0,0.0,0.0
2026-07-27,2026-08-16,Variant A,0-9,NONPAYER,1,Red Challenge,15,UL Red,minutes,10,31053,123899,0,0.0,0.0,0.0,0.0,0.0
2026-07-27,2026-08-16,Variant A,0-9,NONPAYER,1,Red Challenge,15,Unlimited Lives,minutes,11,31053,123899,0,0.0,0.0,0.0,0.0,0.0
2026-07-27,2026-08-16,Variant A,0-9,NONPAYER,1,Red Challenge,15,SPT,count,12,31053,123899,0,0.0,0.0,0.0,0.0,0.0
2026-07-27,2026-08-16,Variant A,0-9,NONPAYER,1,Red Challenge,15,SPTx2,minutes,13,31053,123899,0,0.0,0.0,0.0,0.0,0.0
2026-07-27,2026-08-16,Variant A,0-9,NONPAYER,1,River Rush,16,HC,HC,1,31053,123899,10,440.0,0.0142,0.0036,44.0,0.03
2026-07-27,2026-08-16,Variant A,0-9,NONPAYER,1,River Rush,16,Slingshot,count,2,31053,123899,4,4.0,0.0001,0.0,1.0,0.01
2026-07-27,2026-08-16,Variant A,0-9,NONPAYER,1,River Rush,16,Shuffle,count,3,31053,123899,13,13.0,0.0004,0.0001,1.0,0.04
2026-07-27,2026-08-16,Variant A,0-9,NONPAYER,1,River Rush,16,Comet,count,4,31053,123899,17,18.0,0.0006,0.0001,1.0588,0.05
2026-07-27,2026-08-16,Variant A,0-9,NONPAYER,1,River Rush,16,Red,count,5,31053,123899,3,3.0,0.0001,0.0,1.0,0.01
2026-07-27,2026-08-16,Variant A,0-9,NONPAYER,1,River Rush,16,Chuck,count,6,31053,123899,2,2.0,0.0001,0.0,1.0,0.01
2026-07-27,2026-08-16,Variant A,0-9,NONPAYER,1,River Rush,16,Bomb,count,7,31053,123899,3,3.0,0.0001,0.0,1.0,0.01
2026-07-27,2026-08-16,Variant A,0-9,NONPAYER,1,River Rush,16,UL Bomb,minutes,8,31053,123899,1,20.0,0.0006,0.0002,20.0,0.0
2026-07-27,2026-08-16,Variant A,0-9,NONPAYER,1,River Rush,16,UL Chuck,minutes,9,31053,123899,0,0.0,0.0,0.0,0.0,0.0
2026-07-27,2026-08-16,Variant A,0-9,NONPAYER,1,River Rush,16,UL Red,minutes,10,31053,123899,0,0.0,0.0,0.0,0.0,0.0
2026-07-27,2026-08-16,Variant A,0-9,NONPAYER,1,River Rush,16,Unlimited Lives,minutes,11,31053,123899,0,0.0,0.0,0.0,0.0,0.0
2026-07-27,2026-08-16,Variant A,0-9,NONPAYER,1,River Rush,16,SPT,count,12,31053,123899,1,30.0,0.001,0.0002,30.0,0.0
2026-07-27,2026-08-16,Variant A,0-9,NONPAYER,1,River Rush,16,SPTx2,minutes,13,31053,123899,1,10.0,0.0003,0.0001,10.0,0.0
2026-07-27,2026-08-16,Variant A,0-9,NONPAYER,1,Saga,17,HC,HC,1,31053,123899,17572,465900.0,15.0034,3.7603,26.5138,56.59
2026-07-27,2026-08-16,Variant A,0-9,NONPAYER,1,Saga,17,Slingshot,count,2,31053,123899,6595,7149.0,0.2302,0.0577,1.084,21.24
2026-07-27,2026-08-16,Variant A,0-9,NONPAYER,1,Saga,17,Shuffle,count,3,31053,123899,6637,7218.0,0.2324,0.0583,1.0875,21.37
2026-07-27,2026-08-16,Variant A,0-9,NONPAYER,1,Saga,17,Comet,count,4,31053,123899,149,164.0,0.0053,0.0013,1.1007,0.48
2026-07-27,2026-08-16,Variant A,0-9,NONPAYER,1,Saga,17,Red,count,5,31053,123899,6908,7618.0,0.2453,0.0615,1.1028,22.25
2026-07-27,2026-08-16,Variant A,0-9,NONPAYER,1,Saga,17,Chuck,count,6,31053,123899,6871,7578.0,0.244,0.0612,1.1029,22.13
2026-07-27,2026-08-16,Variant A,0-9,NONPAYER,1,Saga,17,Bomb,count,7,31053,123899,6556,7146.0,0.2301,0.0577,1.09,21.11
2026-07-27,2026-08-16,Variant A,0-9,NONPAYER,1,Saga,17,UL Bomb,minutes,8,31053,123899,0,0.0,0.0,0.0,0.0,0.0
2026-07-27,2026-08-16,Variant A,0-9,NONPAYER,1,Saga,17,UL Chuck,minutes,9,31053,123899,0,0.0,0.0,0.0,0.0,0.0
2026-07-27,2026-08-16,Variant A,0-9,NONPAYER,1,Saga,17,UL Red,minutes,10,31053,123899,1,15.0,0.0005,0.0001,15.0,0.0
2026-07-27,2026-08-16,Variant A,0-9,NONPAYER,1,Saga,17,Unlimited Lives,minutes,11,31053,123899,22298,1866035.0,60.0919,15.0609,83.6862,71.81
2026-07-27,2026-08-16,Variant A,0-9,NONPAYER,1,Saga,17,SPT,count,12,31053,123899,0,0.0,0.0,0.0,0.0,0.0
2026-07-27,2026-08-16,Variant A,0-9,NONPAYER,1,Saga,17,SPTx2,minutes,13,31053,123899,0,0.0,0.0,0.0,0.0,0.0
2026-07-27,2026-08-16,Variant A,0-9,NONPAYER,1,Season Pass (Free),18,HC,HC,1,31053,123899,12021,288920.0,9.3041,2.3319,24.0346,38.71
2026-07-27,2026-08-16,Variant A,0-9,NONPAYER,1,Season Pass (Free),18,Slingshot,count,2,31053,123899,604,654.0,0.0211,0.0053,1.0828,1.95
2026-07-27,2026-08-16,Variant A,0-9,NONPAYER,1,Season Pass (Free),18,Shuffle,count,3,31053,123899,3660,4042.0,0.1302,0.0326,1.1044,11.79
2026-07-27,2026-08-16,Variant A,0-9,NONPAYER,1,Season Pass (Free),18,Comet,count,4,31053,123899,0,0.0,0.0,0.0,0.0,0.0
2026-07-27,2026-08-16,Variant A,0-9,NONPAYER,1,Season Pass (Free),18,Red,count,5,31053,123899,8614,15143.0,0.4877,0.1222,1.758,27.74
2026-07-27,2026-08-16,Variant A,0-9,NONPAYER,1,Season Pass (Free),18,Chuck,count,6,31053,123899,10502,16495.0,0.5312,0.1331,1.5707,33.82
2026-07-27,2026-08-16,Variant A,0-9,NONPAYER,1,Season Pass (Free),18,Bomb,count,7,31053,123899,2458,2792.0,0.0899,0.0225,1.1359,7.92
2026-07-27,2026-08-16,Variant A,0-9,NONPAYER,1,Season Pass (Free),18,UL Bomb,minutes,8,31053,123899,20,220.0,0.0071,0.0018,11.0,0.06
2026-07-27,2026-08-16,Variant A,0-9,NONPAYER,1,Season Pass (Free),18,UL Chuck,minutes,9,31053,123899,4730,76560.0,2.4655,0.6179,16.186,15.23
2026-07-27,2026-08-16,Variant A,0-9,NONPAYER,1,Season Pass (Free),18,UL Red,minutes,10,31053,123899,9007,118560.0,3.818,0.9569,13.1631,29.01
2026-07-27,2026-08-16,Variant A,0-9,NONPAYER,1,Season Pass (Free),18,Unlimited Lives,minutes,11,31053,123899,10222,546265.0,17.5914,4.409,53.4401,32.92
2026-07-27,2026-08-16,Variant A,0-9,NONPAYER,1,Season Pass (Free),18,SPT,count,12,31053,123899,649,12360.0,0.398,0.0998,19.0447,2.09
2026-07-27,2026-08-16,Variant A,0-9,NONPAYER,1,Season Pass (Free),18,SPTx2,minutes,13,31053,123899,0,0.0,0.0,0.0,0.0,0.0
2026-07-27,2026-08-16,Variant A,0-9,NONPAYER,1,Target Day,19,HC,HC,1,31053,123899,654,33820.0,1.0891,0.273,51.7125,2.11
2026-07-27,2026-08-16,Variant A,0-9,NONPAYER,1,Target Day,19,Slingshot,count,2,31053,123899,1431,1546.0,0.0498,0.0125,1.0804,4.61
2026-07-27,2026-08-16,Variant A,0-9,NONPAYER,1,Target Day,19,Shuffle,count,3,31053,123899,309,338.0,0.0109,0.0027,1.0939,1.0
2026-07-27,2026-08-16,Variant A,0-9,NONPAYER,1,Target Day,19,Comet,count,4,31053,123899,108,112.0,0.0036,0.0009,1.037,0.35
2026-07-27,2026-08-16,Variant A,0-9,NONPAYER,1,Target Day,19,Red,count,5,31053,123899,4877,6263.0,0.2017,0.0505,1.2842,15.71
2026-07-27,2026-08-16,Variant A,0-9,NONPAYER,1,Target Day,19,Chuck,count,6,31053,123899,2259,2539.0,0.0818,0.0205,1.1239,7.27
2026-07-27,2026-08-16,Variant A,0-9,NONPAYER,1,Target Day,19,Bomb,count,7,31053,123899,335,351.0,0.0113,0.0028,1.0478,1.08
2026-07-27,2026-08-16,Variant A,0-9,NONPAYER,1,Target Day,19,UL Bomb,minutes,8,31053,123899,0,0.0,0.0,0.0,0.0,0.0
2026-07-27,2026-08-16,Variant A,0-9,NONPAYER,1,Target Day,19,UL Chuck,minutes,9,31053,123899,0,0.0,0.0,0.0,0.0,0.0
2026-07-27,2026-08-16,Variant A,0-9,NONPAYER,1,Target Day,19,UL Red,minutes,10,31053,123899,0,0.0,0.0,0.0,0.0,0.0
2026-07-27,2026-08-16,Variant A,0-9,NONPAYER,1,Target Day,19,Unlimited Lives,minutes,11,31053,123899,14096,944870.0,30.4277,7.6261,67.0311,45.39
2026-07-27,2026-08-16,Variant A,0-9,NONPAYER,1,Target Day,19,SPT,count,12,31053,123899,6,60.0,0.0019,0.0005,10.0,0.02
2026-07-27,2026-08-16,Variant A,0-9,NONPAYER,1,Target Day,19,SPTx2,minutes,13,31053,123899,0,0.0,0.0,0.0,0.0,0.0
2026-07-27,2026-08-16,Variant A,0-9,NONPAYER,1,Team Event,20,HC,HC,1,31053,123899,5169,672750.0,21.6646,5.4298,130.1509,16.65
2026-07-27,2026-08-16,Variant A,0-9,NONPAYER,1,Team Event,20,Slingshot,count,2,31053,123899,4196,8267.0,0.2662,0.0667,1.9702,13.51
2026-07-27,2026-08-16,Variant A,0-9,NONPAYER,1,Team Event,20,Shuffle,count,3,31053,123899,1361,4378.0,0.141,0.0353,3.2168,4.38
2026-07-27,2026-08-16,Variant A,0-9,NONPAYER,1,Team Event,20,Comet,count,4,31053,123899,829,1783.0,0.0574,0.0144,2.1508,2.67
2026-07-27,2026-08-16,Variant A,0-9,NONPAYER,1,Team Event,20,Red,count,5,31053,123899,0,0.0,0.0,0.0,0.0,0.0
2026-07-27,2026-08-16,Variant A,0-9,NONPAYER,1,Team Event,20,Chuck,count,6,31053,123899,0,0.0,0.0,0.0,0.0,0.0
2026-07-27,2026-08-16,Variant A,0-9,NONPAYER,1,Team Event,20,Bomb,count,7,31053,123899,0,0.0,0.0,0.0,0.0,0.0
2026-07-27,2026-08-16,Variant A,0-9,NONPAYER,1,Team Event,20,UL Bomb,minutes,8,31053,123899,0,0.0,0.0,0.0,0.0,0.0
2026-07-27,2026-08-16,Variant A,0-9,NONPAYER,1,Team Event,20,UL Chuck,minutes,9,31053,123899,0,0.0,0.0,0.0,0.0,0.0
2026-07-27,2026-08-16,Variant A,0-9,NONPAYER,1,Team Event,20,UL Red,minutes,10,31053,123899,0,0.0,0.0,0.0,0.0,0.0
2026-07-27,2026-08-16,Variant A,0-9,NONPAYER,1,Team Event,20,Unlimited Lives,minutes,11,31053,123899,0,0.0,0.0,0.0,0.0,0.0
2026-07-27,2026-08-16,Variant A,0-9,NONPAYER,1,Team Event,20,SPT,count,12,31053,123899,0,0.0,0.0,0.0,0.0,0.0
2026-07-27,2026-08-16,Variant A,0-9,NONPAYER,1,Team Event,20,SPTx2,minutes,13,31053,123899,0,0.0,0.0,0.0,0.0,0.0
2026-07-27,2026-08-16,Variant A,0-9,NONPAYER,1,Team Race,21,HC,HC,1,31053,123899,8594,854605.0,27.5209,6.8976,99.4421,27.68
2026-07-27,2026-08-16,Variant A,0-9,NONPAYER,1,Team Race,21,Slingshot,count,2,31053,123899,4162,5565.0,0.1792,0.0449,1.3371,13.4
2026-07-27,2026-08-16,Variant A,0-9,NONPAYER,1,Team Race,21,Shuffle,count,3,31053,123899,5201,7377.0,0.2376,0.0595,1.4184,16.75
2026-07-27,2026-08-16,Variant A,0-9,NONPAYER,1,Team Race,21,Comet,count,4,31053,123899,7984,11939.0,0.3845,0.0964,1.4954,25.71
2026-07-27,2026-08-16,Variant A,0-9,NONPAYER,1,Team Race,21,Red,count,5,31053,123899,1167,1334.0,0.043,0.0108,1.1431,3.76
2026-07-27,2026-08-16,Variant A,0-9,NONPAYER,1,Team Race,21,Chuck,count,6,31053,123899,1903,2360.0,0.076,0.019,1.2401,6.13
2026-07-27,2026-08-16,Variant A,0-9,NONPAYER,1,Team Race,21,Bomb,count,7,31053,123899,4597,6699.0,0.2157,0.0541,1.4573,14.8
2026-07-27,2026-08-16,Variant A,0-9,NONPAYER,1,Team Race,21,UL Bomb,minutes,8,31053,123899,0,0.0,0.0,0.0,0.0,0.0
2026-07-27,2026-08-16,Variant A,0-9,NONPAYER,1,Team Race,21,UL Chuck,minutes,9,31053,123899,0,0.0,0.0,0.0,0.0,0.0
2026-07-27,2026-08-16,Variant A,0-9,NONPAYER,1,Team Race,21,UL Red,minutes,10,31053,123899,0,0.0,0.0,0.0,0.0,0.0
2026-07-27,2026-08-16,Variant A,0-9,NONPAYER,1,Team Race,21,Unlimited Lives,minutes,11,31053,123899,0,0.0,0.0,0.0,0.0,0.0
2026-07-27,2026-08-16,Variant A,0-9,NONPAYER,1,Team Race,21,SPT,count,12,31053,123899,0,0.0,0.0,0.0,0.0,0.0
2026-07-27,2026-08-16,Variant A,0-9,NONPAYER,1,Team Race,21,SPTx2,minutes,13,31053,123899,0,0.0,0.0,0.0,0.0,0.0
2026-07-27,2026-08-16,Variant A,0-9,NONPAYER,1,Flash Race,22,HC,HC,1,31053,123899,2364,78610.0,2.5315,0.6345,33.253,7.61
2026-07-27,2026-08-16,Variant A,0-9,NONPAYER,1,Flash Race,22,Slingshot,count,2,31053,123899,895,975.0,0.0314,0.0079,1.0894,2.88
2026-07-27,2026-08-16,Variant A,0-9,NONPAYER,1,Flash Race,22,Shuffle,count,3,31053,123899,942,1080.0,0.0348,0.0087,1.1465,3.03
2026-07-27,2026-08-16,Variant A,0-9,NONPAYER,1,Flash Race,22,Comet,count,4,31053,123899,573,655.0,0.0211,0.0053,1.1431,1.85
2026-07-27,2026-08-16,Variant A,0-9,NONPAYER,1,Flash Race,22,Red,count,5,31053,123899,400,427.0,0.0138,0.0034,1.0675,1.29
2026-07-27,2026-08-16,Variant A,0-9,NONPAYER,1,Flash Race,22,Chuck,count,6,31053,123899,642,679.0,0.0219,0.0055,1.0576,2.07
2026-07-27,2026-08-16,Variant A,0-9,NONPAYER,1,Flash Race,22,Bomb,count,7,31053,123899,1088,1206.0,0.0388,0.0097,1.1085,3.5
2026-07-27,2026-08-16,Variant A,0-9,NONPAYER,1,Flash Race,22,UL Bomb,minutes,8,31053,123899,0,0.0,0.0,0.0,0.0,0.0
2026-07-27,2026-08-16,Variant A,0-9,NONPAYER,1,Flash Race,22,UL Chuck,minutes,9,31053,123899,0,0.0,0.0,0.0,0.0,0.0
2026-07-27,2026-08-16,Variant A,0-9,NONPAYER,1,Flash Race,22,UL Red,minutes,10,31053,123899,0,0.0,0.0,0.0,0.0,0.0
2026-07-27,2026-08-16,Variant A,0-9,NONPAYER,1,Flash Race,22,Unlimited Lives,minutes,11,31053,123899,277,14430.0,0.4647,0.1165,52.0939,0.89
2026-07-27,2026-08-16,Variant A,0-9,NONPAYER,1,Flash Race,22,SPT,count,12,31053,123899,3524,229005.0,7.3746,1.8483,64.9844,11.35
2026-07-27,2026-08-16,Variant A,0-9,NONPAYER,1,Flash Race,22,SPTx2,minutes,13,31053,123899,0,0.0,0.0,0.0,0.0,0.0
2026-07-27,2026-08-16,Variant A,0-9,NONPAYER,1,FlowerCoop,23,HC,HC,1,31053,123899,0,0.0,0.0,0.0,0.0,0.0
2026-07-27,2026-08-16,Variant A,0-9,NONPAYER,1,FlowerCoop,23,Slingshot,count,2,31053,123899,0,0.0,0.0,0.0,0.0,0.0
2026-07-27,2026-08-16,Variant A,0-9,NONPAYER,1,FlowerCoop,23,Shuffle,count,3,31053,123899,0,0.0,0.0,0.0,0.0,0.0
2026-07-27,2026-08-16,Variant A,0-9,NONPAYER,1,FlowerCoop,23,Comet,count,4,31053,123899,2,6.0,0.0002,0.0,3.0,0.01
2026-07-27,2026-08-16,Variant A,0-9,NONPAYER,1,FlowerCoop,23,Red,count,5,31053,123899,0,0.0,0.0,0.0,0.0,0.0
2026-07-27,2026-08-16,Variant A,0-9,NONPAYER,1,FlowerCoop,23,Chuck,count,6,31053,123899,2,6.0,0.0002,0.0,3.0,0.01
2026-07-27,2026-08-16,Variant A,0-9,NONPAYER,1,FlowerCoop,23,Bomb,count,7,31053,123899,2,4.0,0.0001,0.0,2.0,0.01
2026-07-27,2026-08-16,Variant A,0-9,NONPAYER,1,FlowerCoop,23,UL Bomb,minutes,8,31053,123899,0,0.0,0.0,0.0,0.0,0.0
2026-07-27,2026-08-16,Variant A,0-9,NONPAYER,1,FlowerCoop,23,UL Chuck,minutes,9,31053,123899,0,0.0,0.0,0.0,0.0,0.0
2026-07-27,2026-08-16,Variant A,0-9,NONPAYER,1,FlowerCoop,23,UL Red,minutes,10,31053,123899,3,30.0,0.001,0.0002,10.0,0.01
2026-07-27,2026-08-16,Variant A,0-9,NONPAYER,1,FlowerCoop,23,Unlimited Lives,minutes,11,31053,123899,2,45.0,0.0014,0.0004,22.5,0.01
2026-07-27,2026-08-16,Variant A,0-9,NONPAYER,1,FlowerCoop,23,SPT,count,12,31053,123899,0,0.0,0.0,0.0,0.0,0.0
2026-07-27,2026-08-16,Variant A,0-9,NONPAYER,1,FlowerCoop,23,SPTx2,minutes,13,31053,123899,0,0.0,0.0,0.0,0.0,0.0
2026-07-27,2026-08-16,Variant A,0-9,NONPAYER,1,Rainbow Maker,24,HC,HC,1,31053,123899,17857,524680.0,16.8963,4.2347,29.3823,57.5
2026-07-27,2026-08-16,Variant A,0-9,NONPAYER,1,Rainbow Maker,24,Slingshot,count,2,31053,123899,11024,30781.0,0.9912,0.2484,2.7922,35.5
2026-07-27,2026-08-16,Variant A,0-9,NONPAYER,1,Rainbow Maker,24,Shuffle,count,3,31053,123899,4735,6663.0,0.2146,0.0538,1.4072,15.25
2026-07-27,2026-08-16,Variant A,0-9,NONPAYER,1,Rainbow Maker,24,Comet,count,4,31053,123899,2048,2591.0,0.0834,0.0209,1.2651,6.6
2026-07-27,2026-08-16,Variant A,0-9,NONPAYER,1,Rainbow Maker,24,Red,count,5,31053,123899,18012,28576.0,0.9202,0.2306,1.5865,58.0
2026-07-27,2026-08-16,Variant A,0-9,NONPAYER,1,Rainbow Maker,24,Chuck,count,6,31053,123899,12733,22325.0,0.7189,0.1802,1.7533,41.0
2026-07-27,2026-08-16,Variant A,0-9,NONPAYER,1,Rainbow Maker,24,Bomb,count,7,31053,123899,105,128.0,0.0041,0.001,1.219,0.34
2026-07-27,2026-08-16,Variant A,0-9,NONPAYER,1,Rainbow Maker,24,UL Bomb,minutes,8,31053,123899,0,0.0,0.0,0.0,0.0,0.0
2026-07-27,2026-08-16,Variant A,0-9,NONPAYER,1,Rainbow Maker,24,UL Chuck,minutes,9,31053,123899,0,0.0,0.0,0.0,0.0,0.0
2026-07-27,2026-08-16,Variant A,0-9,NONPAYER,1,Rainbow Maker,24,UL Red,minutes,10,31053,123899,1486,19385.0,0.6243,0.1565,13.0451,4.79
2026-07-27,2026-08-16,Variant A,0-9,NONPAYER,1,Rainbow Maker,24,Unlimited Lives,minutes,11,31053,123899,15339,594730.0,19.1521,4.8001,38.7724,49.4
2026-07-27,2026-08-16,Variant A,0-9,NONPAYER,1,Rainbow Maker,24,SPT,count,12,31053,123899,13832,1212975.0,39.0614,9.79,87.6934,44.54
2026-07-27,2026-08-16,Variant A,0-9,NONPAYER,1,Rainbow Maker,24,SPTx2,minutes,13,31053,123899,8399,112645.0,3.6275,0.9092,13.4117,27.05
2026-07-27,2026-08-16,Variant A,0-9,NONPAYER,1,IAPs,25,HC,HC,1,31053,123899,0,0.0,0.0,0.0,0.0,0.0
2026-07-27,2026-08-16,Variant A,0-9,NONPAYER,1,IAPs,25,Slingshot,count,2,31053,123899,0,0.0,0.0,0.0,0.0,0.0
2026-07-27,2026-08-16,Variant A,0-9,NONPAYER,1,IAPs,25,Shuffle,count,3,31053,123899,0,0.0,0.0,0.0,0.0,0.0
2026-07-27,2026-08-16,Variant A,0-9,NONPAYER,1,IAPs,25,Comet,count,4,31053,123899,0,0.0,0.0,0.0,0.0,0.0
2026-07-27,2026-08-16,Variant A,0-9,NONPAYER,1,IAPs,25,Red,count,5,31053,123899,0,0.0,0.0,0.0,0.0,0.0
2026-07-27,2026-08-16,Variant A,0-9,NONPAYER,1,IAPs,25,Chuck,count,6,31053,123899,0,0.0,0.0,0.0,0.0,0.0
2026-07-27,2026-08-16,Variant A,0-9,NONPAYER,1,IAPs,25,Bomb,count,7,31053,123899,0,0.0,0.0,0.0,0.0,0.0
2026-07-27,2026-08-16,Variant A,0-9,NONPAYER,1,IAPs,25,UL Bomb,minutes,8,31053,123899,0,0.0,0.0,0.0,0.0,0.0
2026-07-27,2026-08-16,Variant A,0-9,NONPAYER,1,IAPs,25,UL Chuck,minutes,9,31053,123899,0,0.0,0.0,0.0,0.0,0.0
2026-07-27,2026-08-16,Variant A,0-9,NONPAYER,1,IAPs,25,UL Red,minutes,10,31053,123899,0,0.0,0.0,0.0,0.0,0.0
2026-07-27,2026-08-16,Variant A,0-9,NONPAYER,1,IAPs,25,Unlimited Lives,minutes,11,31053,123899,0,0.0,0.0,0.0,0.0,0.0
2026-07-27,2026-08-16,Variant A,0-9,NONPAYER,1,IAPs,25,SPT,count,12,31053,123899,0,0.0,0.0,0.0,0.0,0.0
2026-07-27,2026-08-16,Variant A,0-9,NONPAYER,1,IAPs,25,SPTx2,minutes,13,31053,123899,0,0.0,0.0,0.0,0.0,0.0
2026-07-27,2026-08-16,Variant A,0-9,PAYER,1,Ads,1,HC,HC,1,8663,48681,2976,224075.0,25.8658,4.6029,75.294,34.35
2026-07-27,2026-08-16,Variant A,0-9,PAYER,1,Ads,1,Slingshot,count,2,8663,48681,1985,4981.0,0.575,0.1023,2.5093,22.91
2026-07-27,2026-08-16,Variant A,0-9,PAYER,1,Ads,1,Shuffle,count,3,8663,48681,1982,4881.0,0.5634,0.1003,2.4627,22.88
2026-07-27,2026-08-16,Variant A,0-9,PAYER,1,Ads,1,Comet,count,4,8663,48681,1301,2296.0,0.265,0.0472,1.7648,15.02
2026-07-27,2026-08-16,Variant A,0-9,PAYER,1,Ads,1,Red,count,5,8663,48681,0,0.0,0.0,0.0,0.0,0.0
2026-07-27,2026-08-16,Variant A,0-9,PAYER,1,Ads,1,Chuck,count,6,8663,48681,0,0.0,0.0,0.0,0.0,0.0
2026-07-27,2026-08-16,Variant A,0-9,PAYER,1,Ads,1,Bomb,count,7,8663,48681,0,0.0,0.0,0.0,0.0,0.0
2026-07-27,2026-08-16,Variant A,0-9,PAYER,1,Ads,1,UL Bomb,minutes,8,8663,48681,0,0.0,0.0,0.0,0.0,0.0
2026-07-27,2026-08-16,Variant A,0-9,PAYER,1,Ads,1,UL Chuck,minutes,9,8663,48681,0,0.0,0.0,0.0,0.0,0.0
2026-07-27,2026-08-16,Variant A,0-9,PAYER,1,Ads,1,UL Red,minutes,10,8663,48681,0,0.0,0.0,0.0,0.0,0.0
2026-07-27,2026-08-16,Variant A,0-9,PAYER,1,Ads,1,Unlimited Lives,minutes,11,8663,48681,2186,74110.0,8.5548,1.5224,33.9021,25.23
2026-07-27,2026-08-16,Variant A,0-9,PAYER,1,Ads,1,SPT,count,12,8663,48681,0,0.0,0.0,0.0,0.0,0.0
2026-07-27,2026-08-16,Variant A,0-9,PAYER,1,Ads,1,SPTx2,minutes,13,8663,48681,0,0.0,0.0,0.0,0.0,0.0
2026-07-27,2026-08-16,Variant A,0-9,PAYER,1,Bomb Challenge,2,HC,HC,1,8663,48681,98,8950.0,1.0331,0.1838,91.3265,1.13
2026-07-27,2026-08-16,Variant A,0-9,PAYER,1,Bomb Challenge,2,Slingshot,count,2,8663,48681,691,779.0,0.0899,0.016,1.1274,7.98
2026-07-27,2026-08-16,Variant A,0-9,PAYER,1,Bomb Challenge,2,Shuffle,count,3,8663,48681,225,240.0,0.0277,0.0049,1.0667,2.6
2026-07-27,2026-08-16,Variant A,0-9,PAYER,1,Bomb Challenge,2,Comet,count,4,8663,48681,12,13.0,0.0015,0.0003,1.0833,0.14
2026-07-27,2026-08-16,Variant A,0-9,PAYER,1,Bomb Challenge,2,Red,count,5,8663,48681,0,0.0,0.0,0.0,0.0,0.0
2026-07-27,2026-08-16,Variant A,0-9,PAYER,1,Bomb Challenge,2,Chuck,count,6,8663,48681,0,0.0,0.0,0.0,0.0,0.0
2026-07-27,2026-08-16,Variant A,0-9,PAYER,1,Bomb Challenge,2,Bomb,count,7,8663,48681,1,2.0,0.0002,0.0,2.0,0.01
2026-07-27,2026-08-16,Variant A,0-9,PAYER,1,Bomb Challenge,2,UL Bomb,minutes,8,8663,48681,0,0.0,0.0,0.0,0.0,0.0
2026-07-27,2026-08-16,Variant A,0-9,PAYER,1,Bomb Challenge,2,UL Chuck,minutes,9,8663,48681,0,0.0,0.0,0.0,0.0,0.0
2026-07-27,2026-08-16,Variant A,0-9,PAYER,1,Bomb Challenge,2,UL Red,minutes,10,8663,48681,0,0.0,0.0,0.0,0.0,0.0
2026-07-27,2026-08-16,Variant A,0-9,PAYER,1,Bomb Challenge,2,Unlimited Lives,minutes,11,8663,48681,0,0.0,0.0,0.0,0.0,0.0
2026-07-27,2026-08-16,Variant A,0-9,PAYER,1,Bomb Challenge,2,SPT,count,12,8663,48681,0,0.0,0.0,0.0,0.0,0.0
2026-07-27,2026-08-16,Variant A,0-9,PAYER,1,Bomb Challenge,2,SPTx2,minutes,13,8663,48681,0,0.0,0.0,0.0,0.0,0.0
2026-07-27,2026-08-16,Variant A,0-9,PAYER,1,Bomb's Ballet,3,HC,HC,1,8663,48681,68,1825.0,0.2107,0.0375,26.8382,0.78
2026-07-27,2026-08-16,Variant A,0-9,PAYER,1,Bomb's Ballet,3,Slingshot,count,2,8663,48681,1,1.0,0.0001,0.0,1.0,0.01
2026-07-27,2026-08-16,Variant A,0-9,PAYER,1,Bomb's Ballet,3,Shuffle,count,3,8663,48681,2,2.0,0.0002,0.0,1.0,0.02
2026-07-27,2026-08-16,Variant A,0-9,PAYER,1,Bomb's Ballet,3,Comet,count,4,8663,48681,1,1.0,0.0001,0.0,1.0,0.01
2026-07-27,2026-08-16,Variant A,0-9,PAYER,1,Bomb's Ballet,3,Red,count,5,8663,48681,16,16.0,0.0018,0.0003,1.0,0.18
2026-07-27,2026-08-16,Variant A,0-9,PAYER,1,Bomb's Ballet,3,Chuck,count,6,8663,48681,1841,1906.0,0.22,0.0392,1.0353,21.25
2026-07-27,2026-08-16,Variant A,0-9,PAYER,1,Bomb's Ballet,3,Bomb,count,7,8663,48681,1,1.0,0.0001,0.0,1.0,0.01
2026-07-27,2026-08-16,Variant A,0-9,PAYER,1,Bomb's Ballet,3,UL Bomb,minutes,8,8663,48681,24,255.0,0.0294,0.0052,10.625,0.28
2026-07-27,2026-08-16,Variant A,0-9,PAYER,1,Bomb's Ballet,3,UL Chuck,minutes,9,8663,48681,457,4645.0,0.5362,0.0954,10.1641,5.28
2026-07-27,2026-08-16,Variant A,0-9,PAYER,1,Bomb's Ballet,3,UL Red,minutes,10,8663,48681,940,9545.0,1.1018,0.1961,10.1543,10.85
2026-07-27,2026-08-16,Variant A,0-9,PAYER,1,Bomb's Ballet,3,Unlimited Lives,minutes,11,8663,48681,198,6495.0,0.7497,0.1334,32.803,2.29
2026-07-27,2026-08-16,Variant A,0-9,PAYER,1,Bomb's Ballet,3,SPT,count,12,8663,48681,0,0.0,0.0,0.0,0.0,0.0
2026-07-27,2026-08-16,Variant A,0-9,PAYER,1,Bomb's Ballet,3,SPTx2,minutes,13,8663,48681,0,0.0,0.0,0.0,0.0,0.0
2026-07-27,2026-08-16,Variant A,0-9,PAYER,1,Chuck Challenge,4,HC,HC,1,8663,48681,37,2800.0,0.3232,0.0575,75.6757,0.43
2026-07-27,2026-08-16,Variant A,0-9,PAYER,1,Chuck Challenge,4,Slingshot,count,2,8663,48681,680,740.0,0.0854,0.0152,1.0882,7.85
2026-07-27,2026-08-16,Variant A,0-9,PAYER,1,Chuck Challenge,4,Shuffle,count,3,8663,48681,129,133.0,0.0154,0.0027,1.031,1.49
2026-07-27,2026-08-16,Variant A,0-9,PAYER,1,Chuck Challenge,4,Comet,count,4,8663,48681,3,3.0,0.0003,0.0001,1.0,0.03
2026-07-27,2026-08-16,Variant A,0-9,PAYER,1,Chuck Challenge,4,Red,count,5,8663,48681,0,0.0,0.0,0.0,0.0,0.0
2026-07-27,2026-08-16,Variant A,0-9,PAYER,1,Chuck Challenge,4,Chuck,count,6,8663,48681,0,0.0,0.0,0.0,0.0,0.0
2026-07-27,2026-08-16,Variant A,0-9,PAYER,1,Chuck Challenge,4,Bomb,count,7,8663,48681,0,0.0,0.0,0.0,0.0,0.0
2026-07-27,2026-08-16,Variant A,0-9,PAYER,1,Chuck Challenge,4,UL Bomb,minutes,8,8663,48681,0,0.0,0.0,0.0,0.0,0.0
2026-07-27,2026-08-16,Variant A,0-9,PAYER,1,Chuck Challenge,4,UL Chuck,minutes,9,8663,48681,0,0.0,0.0,0.0,0.0,0.0
2026-07-27,2026-08-16,Variant A,0-9,PAYER,1,Chuck Challenge,4,UL Red,minutes,10,8663,48681,0,0.0,0.0,0.0,0.0,0.0
2026-07-27,2026-08-16,Variant A,0-9,PAYER,1,Chuck Challenge,4,Unlimited Lives,minutes,11,8663,48681,0,0.0,0.0,0.0,0.0,0.0
2026-07-27,2026-08-16,Variant A,0-9,PAYER,1,Chuck Challenge,4,SPT,count,12,8663,48681,0,0.0,0.0,0.0,0.0,0.0
2026-07-27,2026-08-16,Variant A,0-9,PAYER,1,Chuck Challenge,4,SPTx2,minutes,13,8663,48681,0,0.0,0.0,0.0,0.0,0.0
2026-07-27,2026-08-16,Variant A,0-9,PAYER,1,Core,5,HC,HC,1,8663,48681,2770,113930.0,13.1513,2.3403,41.13,31.98
2026-07-27,2026-08-16,Variant A,0-9,PAYER,1,Core,5,Slingshot,count,2,8663,48681,835,864.0,0.0997,0.0177,1.0347,9.64
2026-07-27,2026-08-16,Variant A,0-9,PAYER,1,Core,5,Shuffle,count,3,8663,48681,1164,1213.0,0.14,0.0249,1.0421,13.44
2026-07-27,2026-08-16,Variant A,0-9,PAYER,1,Core,5,Comet,count,4,8663,48681,529,536.0,0.0619,0.011,1.0132,6.11
2026-07-27,2026-08-16,Variant A,0-9,PAYER,1,Core,5,Red,count,5,8663,48681,384,397.0,0.0458,0.0082,1.0339,4.43
2026-07-27,2026-08-16,Variant A,0-9,PAYER,1,Core,5,Chuck,count,6,8663,48681,465,490.0,0.0566,0.0101,1.0538,5.37
2026-07-27,2026-08-16,Variant A,0-9,PAYER,1,Core,5,Bomb,count,7,8663,48681,355,359.0,0.0414,0.0074,1.0113,4.1
2026-07-27,2026-08-16,Variant A,0-9,PAYER,1,Core,5,UL Bomb,minutes,8,8663,48681,0,0.0,0.0,0.0,0.0,0.0
2026-07-27,2026-08-16,Variant A,0-9,PAYER,1,Core,5,UL Chuck,minutes,9,8663,48681,0,0.0,0.0,0.0,0.0,0.0
2026-07-27,2026-08-16,Variant A,0-9,PAYER,1,Core,5,UL Red,minutes,10,8663,48681,0,0.0,0.0,0.0,0.0,0.0
2026-07-27,2026-08-16,Variant A,0-9,PAYER,1,Core,5,Unlimited Lives,minutes,11,8663,48681,1576,73680.0,8.5051,1.5135,46.7513,18.19
2026-07-27,2026-08-16,Variant A,0-9,PAYER,1,Core,5,SPT,count,12,8663,48681,7860,2720768.0,314.0676,55.8897,346.1537,90.73
2026-07-27,2026-08-16,Variant A,0-9,PAYER,1,Core,5,SPTx2,minutes,13,8663,48681,0,0.0,0.0,0.0,0.0,0.0
2026-07-27,2026-08-16,Variant A,0-9,PAYER,1,Daily Gift,6,HC,HC,1,8663,48681,7330,671325.0,77.4934,13.7903,91.5859,84.61
2026-07-27,2026-08-16,Variant A,0-9,PAYER,1,Daily Gift,6,Slingshot,count,2,8663,48681,4193,8554.0,0.9874,0.1757,2.0401,48.4
2026-07-27,2026-08-16,Variant A,0-9,PAYER,1,Daily Gift,6,Shuffle,count,3,8663,48681,3374,5569.0,0.6428,0.1144,1.6506,38.95
2026-07-27,2026-08-16,Variant A,0-9,PAYER,1,Daily Gift,6,Comet,count,4,8663,48681,856,893.0,0.1031,0.0183,1.0432,9.88
2026-07-27,2026-08-16,Variant A,0-9,PAYER,1,Daily Gift,6,Red,count,5,8663,48681,0,0.0,0.0,0.0,0.0,0.0
2026-07-27,2026-08-16,Variant A,0-9,PAYER,1,Daily Gift,6,Chuck,count,6,8663,48681,0,0.0,0.0,0.0,0.0,0.0
2026-07-27,2026-08-16,Variant A,0-9,PAYER,1,Daily Gift,6,Bomb,count,7,8663,48681,0,0.0,0.0,0.0,0.0,0.0
2026-07-27,2026-08-16,Variant A,0-9,PAYER,1,Daily Gift,6,UL Bomb,minutes,8,8663,48681,849,25920.0,2.992,0.5324,30.53,9.8
2026-07-27,2026-08-16,Variant A,0-9,PAYER,1,Daily Gift,6,UL Chuck,minutes,9,8663,48681,886,54240.0,6.2611,1.1142,61.219,10.23
2026-07-27,2026-08-16,Variant A,0-9,PAYER,1,Daily Gift,6,UL Red,minutes,10,8663,48681,856,51960.0,5.9979,1.0674,60.7009,9.88
2026-07-27,2026-08-16,Variant A,0-9,PAYER,1,Daily Gift,6,Unlimited Lives,minutes,11,8663,48681,6620,817875.0,94.4101,16.8007,123.5461,76.42
2026-07-27,2026-08-16,Variant A,0-9,PAYER,1,Daily Gift,6,SPT,count,12,8663,48681,0,0.0,0.0,0.0,0.0,0.0
2026-07-27,2026-08-16,Variant A,0-9,PAYER,1,Daily Gift,6,SPTx2,minutes,13,8663,48681,6,135.0,0.0156,0.0028,22.5,0.07
2026-07-27,2026-08-16,Variant A,0-9,PAYER,1,Daily Night Sky Prize,7,HC,HC,1,8663,48681,5257,215280.0,24.8505,4.4223,40.9511,60.68
2026-07-27,2026-08-16,Variant A,0-9,PAYER,1,Daily Night Sky Prize,7,Slingshot,count,2,8663,48681,2487,4081.0,0.4711,0.0838,1.6409,28.71
2026-07-27,2026-08-16,Variant A,0-9,PAYER,1,Daily Night Sky Prize,7,Shuffle,count,3,8663,48681,1,1.0,0.0001,0.0,1.0,0.01
2026-07-27,2026-08-16,Variant A,0-9,PAYER,1,Daily Night Sky Prize,7,Comet,count,4,8663,48681,3,4.0,0.0005,0.0001,1.3333,0.03
2026-07-27,2026-08-16,Variant A,0-9,PAYER,1,Daily Night Sky Prize,7,Red,count,5,8663,48681,4854,12478.0,1.4404,0.2563,2.5707,56.03
2026-07-27,2026-08-16,Variant A,0-9,PAYER,1,Daily Night Sky Prize,7,Chuck,count,6,8663,48681,2483,4076.0,0.4705,0.0837,1.6416,28.66
2026-07-27,2026-08-16,Variant A,0-9,PAYER,1,Daily Night Sky Prize,7,Bomb,count,7,8663,48681,1,1.0,0.0001,0.0,1.0,0.01
2026-07-27,2026-08-16,Variant A,0-9,PAYER,1,Daily Night Sky Prize,7,UL Bomb,minutes,8,8663,48681,0,0.0,0.0,0.0,0.0,0.0
2026-07-27,2026-08-16,Variant A,0-9,PAYER,1,Daily Night Sky Prize,7,UL Chuck,minutes,9,8663,48681,0,0.0,0.0,0.0,0.0,0.0
2026-07-27,2026-08-16,Variant A,0-9,PAYER,1,Daily Night Sky Prize,7,UL Red,minutes,10,8663,48681,0,0.0,0.0,0.0,0.0,0.0
2026-07-27,2026-08-16,Variant A,0-9,PAYER,1,Daily Night Sky Prize,7,Unlimited Lives,minutes,11,8663,48681,6638,604950.0,69.8315,12.4268,91.1344,76.62
2026-07-27,2026-08-16,Variant A,0-9,PAYER,1,Daily Night Sky Prize,7,SPT,count,12,8663,48681,0,0.0,0.0,0.0,0.0,0.0
2026-07-27,2026-08-16,Variant A,0-9,PAYER,1,Daily Night Sky Prize,7,SPTx2,minutes,13,8663,48681,0,0.0,0.0,0.0,0.0,0.0
2026-07-27,2026-08-16,Variant A,0-9,PAYER,1,Flock Flurry,8,HC,HC,1,8663,48681,0,0.0,0.0,0.0,0.0,0.0
2026-07-27,2026-08-16,Variant A,0-9,PAYER,1,Flock Flurry,8,Slingshot,count,2,8663,48681,821,1007.0,0.1162,0.0207,1.2266,9.48
2026-07-27,2026-08-16,Variant A,0-9,PAYER,1,Flock Flurry,8,Shuffle,count,3,8663,48681,0,0.0,0.0,0.0,0.0,0.0
2026-07-27,2026-08-16,Variant A,0-9,PAYER,1,Flock Flurry,8,Comet,count,4,8663,48681,0,0.0,0.0,0.0,0.0,0.0
2026-07-27,2026-08-16,Variant A,0-9,PAYER,1,Flock Flurry,8,Red,count,5,8663,48681,821,1007.0,0.1162,0.0207,1.2266,9.48
2026-07-27,2026-08-16,Variant A,0-9,PAYER,1,Flock Flurry,8,Chuck,count,6,8663,48681,821,1007.0,0.1162,0.0207,1.2266,9.48
2026-07-27,2026-08-16,Variant A,0-9,PAYER,1,Flock Flurry,8,Bomb,count,7,8663,48681,821,1007.0,0.1162,0.0207,1.2266,9.48
2026-07-27,2026-08-16,Variant A,0-9,PAYER,1,Flock Flurry,8,UL Bomb,minutes,8,8663,48681,0,0.0,0.0,0.0,0.0,0.0
2026-07-27,2026-08-16,Variant A,0-9,PAYER,1,Flock Flurry,8,UL Chuck,minutes,9,8663,48681,0,0.0,0.0,0.0,0.0,0.0
2026-07-27,2026-08-16,Variant A,0-9,PAYER,1,Flock Flurry,8,UL Red,minutes,10,8663,48681,0,0.0,0.0,0.0,0.0,0.0
2026-07-27,2026-08-16,Variant A,0-9,PAYER,1,Flock Flurry,8,Unlimited Lives,minutes,11,8663,48681,4620,876160.0,101.1382,17.998,189.645,53.33
2026-07-27,2026-08-16,Variant A,0-9,PAYER,1,Flock Flurry,8,SPT,count,12,8663,48681,718,17040.0,1.967,0.35,23.7326,8.29
2026-07-27,2026-08-16,Variant A,0-9,PAYER,1,Flock Flurry,8,SPTx2,minutes,13,8663,48681,0,0.0,0.0,0.0,0.0,0.0
2026-07-27,2026-08-16,Variant A,0-9,PAYER,1,Hatchling Hideaway,9,HC,HC,1,8663,48681,2102,30580.0,3.53,0.6282,14.548,24.26
2026-07-27,2026-08-16,Variant A,0-9,PAYER,1,Hatchling Hideaway,9,Slingshot,count,2,8663,48681,33,35.0,0.004,0.0007,1.0606,0.38
2026-07-27,2026-08-16,Variant A,0-9,PAYER,1,Hatchling Hideaway,9,Shuffle,count,3,8663,48681,86,90.0,0.0104,0.0018,1.0465,0.99
2026-07-27,2026-08-16,Variant A,0-9,PAYER,1,Hatchling Hideaway,9,Comet,count,4,8663,48681,409,462.0,0.0533,0.0095,1.1296,4.72
2026-07-27,2026-08-16,Variant A,0-9,PAYER,1,Hatchling Hideaway,9,Red,count,5,8663,48681,4354,7672.0,0.8856,0.1576,1.7621,50.26
2026-07-27,2026-08-16,Variant A,0-9,PAYER,1,Hatchling Hideaway,9,Chuck,count,6,8663,48681,2080,2904.0,0.3352,0.0597,1.3962,24.01
2026-07-27,2026-08-16,Variant A,0-9,PAYER,1,Hatchling Hideaway,9,Bomb,count,7,8663,48681,453,512.0,0.0591,0.0105,1.1302,5.23
2026-07-27,2026-08-16,Variant A,0-9,PAYER,1,Hatchling Hideaway,9,UL Bomb,minutes,8,8663,48681,0,0.0,0.0,0.0,0.0,0.0
2026-07-27,2026-08-16,Variant A,0-9,PAYER,1,Hatchling Hideaway,9,UL Chuck,minutes,9,8663,48681,19,200.0,0.0231,0.0041,10.5263,0.22
2026-07-27,2026-08-16,Variant A,0-9,PAYER,1,Hatchling Hideaway,9,UL Red,minutes,10,8663,48681,50,540.0,0.0623,0.0111,10.8,0.58
2026-07-27,2026-08-16,Variant A,0-9,PAYER,1,Hatchling Hideaway,9,Unlimited Lives,minutes,11,8663,48681,4398,475680.0,54.9094,9.7714,108.1583,50.77
2026-07-27,2026-08-16,Variant A,0-9,PAYER,1,Hatchling Hideaway,9,SPT,count,12,8663,48681,0,0.0,0.0,0.0,0.0,0.0
2026-07-27,2026-08-16,Variant A,0-9,PAYER,1,Hatchling Hideaway,9,SPTx2,minutes,13,8663,48681,0,0.0,0.0,0.0,0.0,0.0
2026-07-27,2026-08-16,Variant A,0-9,PAYER,1,Jigsaw,10,HC,HC,1,8663,48681,58,1950.0,0.2251,0.0401,33.6207,0.67
2026-07-27,2026-08-16,Variant A,0-9,PAYER,1,Jigsaw,10,Slingshot,count,2,8663,48681,4,5.0,0.0006,0.0001,1.25,0.05
2026-07-27,2026-08-16,Variant A,0-9,PAYER,1,Jigsaw,10,Shuffle,count,3,8663,48681,0,0.0,0.0,0.0,0.0,0.0
2026-07-27,2026-08-16,Variant A,0-9,PAYER,1,Jigsaw,10,Comet,count,4,8663,48681,1,1.0,0.0001,0.0,1.0,0.01
2026-07-27,2026-08-16,Variant A,0-9,PAYER,1,Jigsaw,10,Red,count,5,8663,48681,20,24.0,0.0028,0.0005,1.2,0.23
2026-07-27,2026-08-16,Variant A,0-9,PAYER,1,Jigsaw,10,Chuck,count,6,8663,48681,2380,2769.0,0.3196,0.0569,1.1634,27.47
2026-07-27,2026-08-16,Variant A,0-9,PAYER,1,Jigsaw,10,Bomb,count,7,8663,48681,1,1.0,0.0001,0.0,1.0,0.01
2026-07-27,2026-08-16,Variant A,0-9,PAYER,1,Jigsaw,10,UL Bomb,minutes,8,8663,48681,20,255.0,0.0294,0.0052,12.75,0.23
2026-07-27,2026-08-16,Variant A,0-9,PAYER,1,Jigsaw,10,UL Chuck,minutes,9,8663,48681,618,7155.0,0.8259,0.147,11.5777,7.13
2026-07-27,2026-08-16,Variant A,0-9,PAYER,1,Jigsaw,10,UL Red,minutes,10,8663,48681,1377,15595.0,1.8002,0.3204,11.3253,15.9
2026-07-27,2026-08-16,Variant A,0-9,PAYER,1,Jigsaw,10,Unlimited Lives,minutes,11,8663,48681,207,8310.0,0.9593,0.1707,40.1449,2.39
2026-07-27,2026-08-16,Variant A,0-9,PAYER,1,Jigsaw,10,SPT,count,12,8663,48681,0,0.0,0.0,0.0,0.0,0.0
2026-07-27,2026-08-16,Variant A,0-9,PAYER,1,Jigsaw,10,SPTx2,minutes,13,8663,48681,0,0.0,0.0,0.0,0.0,0.0
2026-07-27,2026-08-16,Variant A,0-9,PAYER,1,Kite Festival,11,HC,HC,1,8663,48681,31,4950.0,0.5714,0.1017,159.6774,0.36
2026-07-27,2026-08-16,Variant A,0-9,PAYER,1,Kite Festival,11,Slingshot,count,2,8663,48681,46,48.0,0.0055,0.001,1.0435,0.53
2026-07-27,2026-08-16,Variant A,0-9,PAYER,1,Kite Festival,11,Shuffle,count,3,8663,48681,20,21.0,0.0024,0.0004,1.05,0.23
2026-07-27,2026-08-16,Variant A,0-9,PAYER,1,Kite Festival,11,Comet,count,4,8663,48681,7,7.0,0.0008,0.0001,1.0,0.08
2026-07-27,2026-08-16,Variant A,0-9,PAYER,1,Kite Festival,11,Red,count,5,8663,48681,47,51.0,0.0059,0.001,1.0851,0.54
2026-07-27,2026-08-16,Variant A,0-9,PAYER,1,Kite Festival,11,Chuck,count,6,8663,48681,40,41.0,0.0047,0.0008,1.025,0.46
2026-07-27,2026-08-16,Variant A,0-9,PAYER,1,Kite Festival,11,Bomb,count,7,8663,48681,26,28.0,0.0032,0.0006,1.0769,0.3
2026-07-27,2026-08-16,Variant A,0-9,PAYER,1,Kite Festival,11,UL Bomb,minutes,8,8663,48681,0,0.0,0.0,0.0,0.0,0.0
2026-07-27,2026-08-16,Variant A,0-9,PAYER,1,Kite Festival,11,UL Chuck,minutes,9,8663,48681,0,0.0,0.0,0.0,0.0,0.0
2026-07-27,2026-08-16,Variant A,0-9,PAYER,1,Kite Festival,11,UL Red,minutes,10,8663,48681,0,0.0,0.0,0.0,0.0,0.0
2026-07-27,2026-08-16,Variant A,0-9,PAYER,1,Kite Festival,11,Unlimited Lives,minutes,11,8663,48681,2011,89090.0,10.284,1.8301,44.3013,23.21
2026-07-27,2026-08-16,Variant A,0-9,PAYER,1,Kite Festival,11,SPT,count,12,8663,48681,349,25540.0,2.9482,0.5246,73.1805,4.03
2026-07-27,2026-08-16,Variant A,0-9,PAYER,1,Kite Festival,11,SPTx2,minutes,13,8663,48681,0,0.0,0.0,0.0,0.0,0.0
2026-07-27,2026-08-16,Variant A,0-9,PAYER,1,Level Race,12,HC,HC,1,8663,48681,0,0.0,0.0,0.0,0.0,0.0
2026-07-27,2026-08-16,Variant A,0-9,PAYER,1,Level Race,12,Slingshot,count,2,8663,48681,0,0.0,0.0,0.0,0.0,0.0
2026-07-27,2026-08-16,Variant A,0-9,PAYER,1,Level Race,12,Shuffle,count,3,8663,48681,0,0.0,0.0,0.0,0.0,0.0
2026-07-27,2026-08-16,Variant A,0-9,PAYER,1,Level Race,12,Comet,count,4,8663,48681,0,0.0,0.0,0.0,0.0,0.0
2026-07-27,2026-08-16,Variant A,0-9,PAYER,1,Level Race,12,Red,count,5,8663,48681,0,0.0,0.0,0.0,0.0,0.0
2026-07-27,2026-08-16,Variant A,0-9,PAYER,1,Level Race,12,Chuck,count,6,8663,48681,0,0.0,0.0,0.0,0.0,0.0
2026-07-27,2026-08-16,Variant A,0-9,PAYER,1,Level Race,12,Bomb,count,7,8663,48681,0,0.0,0.0,0.0,0.0,0.0
2026-07-27,2026-08-16,Variant A,0-9,PAYER,1,Level Race,12,UL Bomb,minutes,8,8663,48681,0,0.0,0.0,0.0,0.0,0.0
2026-07-27,2026-08-16,Variant A,0-9,PAYER,1,Level Race,12,UL Chuck,minutes,9,8663,48681,0,0.0,0.0,0.0,0.0,0.0
2026-07-27,2026-08-16,Variant A,0-9,PAYER,1,Level Race,12,UL Red,minutes,10,8663,48681,0,0.0,0.0,0.0,0.0,0.0
2026-07-27,2026-08-16,Variant A,0-9,PAYER,1,Level Race,12,Unlimited Lives,minutes,11,8663,48681,0,0.0,0.0,0.0,0.0,0.0
2026-07-27,2026-08-16,Variant A,0-9,PAYER,1,Level Race,12,SPT,count,12,8663,48681,0,0.0,0.0,0.0,0.0,0.0
2026-07-27,2026-08-16,Variant A,0-9,PAYER,1,Level Race,12,SPTx2,minutes,13,8663,48681,0,0.0,0.0,0.0,0.0,0.0
2026-07-27,2026-08-16,Variant A,0-9,PAYER,1,Other,13,HC,HC,1,8663,48681,3081,70105.0,8.0925,1.4401,22.754,35.57
2026-07-27,2026-08-16,Variant A,0-9,PAYER,1,Other,13,Slingshot,count,2,8663,48681,699,845.0,0.0975,0.0174,1.2089,8.07
2026-07-27,2026-08-16,Variant A,0-9,PAYER,1,Other,13,Shuffle,count,3,8663,48681,462,554.0,0.064,0.0114,1.1991,5.33
2026-07-27,2026-08-16,Variant A,0-9,PAYER,1,Other,13,Comet,count,4,8663,48681,287,311.0,0.0359,0.0064,1.0836,3.31
2026-07-27,2026-08-16,Variant A,0-9,PAYER,1,Other,13,Red,count,5,8663,48681,4912,8388.0,0.9683,0.1723,1.7077,56.7
2026-07-27,2026-08-16,Variant A,0-9,PAYER,1,Other,13,Chuck,count,6,8663,48681,4906,8452.0,0.9756,0.1736,1.7228,56.63
2026-07-27,2026-08-16,Variant A,0-9,PAYER,1,Other,13,Bomb,count,7,8663,48681,4889,8430.0,0.9731,0.1732,1.7243,56.44
2026-07-27,2026-08-16,Variant A,0-9,PAYER,1,Other,13,UL Bomb,minutes,8,8663,48681,9,300.0,0.0346,0.0062,33.3333,0.1
2026-07-27,2026-08-16,Variant A,0-9,PAYER,1,Other,13,UL Chuck,minutes,9,8663,48681,9,300.0,0.0346,0.0062,33.3333,0.1
2026-07-27,2026-08-16,Variant A,0-9,PAYER,1,Other,13,UL Red,minutes,10,8663,48681,9,300.0,0.0346,0.0062,33.3333,0.1
2026-07-27,2026-08-16,Variant A,0-9,PAYER,1,Other,13,Unlimited Lives,minutes,11,8663,48681,1114,52133.0,6.0179,1.0709,46.798,12.86
2026-07-27,2026-08-16,Variant A,0-9,PAYER,1,Other,13,SPT,count,12,8663,48681,4379,324832.0,37.4965,6.6727,74.1795,50.55
2026-07-27,2026-08-16,Variant A,0-9,PAYER,1,Other,13,SPTx2,minutes,13,8663,48681,0,0.0,0.0,0.0,0.0,0.0
2026-07-27,2026-08-16,Variant A,0-9,PAYER,1,Photoshoot,14,HC,HC,1,8663,48681,54,1425.0,0.1645,0.0293,26.3889,0.62
2026-07-27,2026-08-16,Variant A,0-9,PAYER,1,Photoshoot,14,Slingshot,count,2,8663,48681,0,0.0,0.0,0.0,0.0,0.0
2026-07-27,2026-08-16,Variant A,0-9,PAYER,1,Photoshoot,14,Shuffle,count,3,8663,48681,0,0.0,0.0,0.0,0.0,0.0
2026-07-27,2026-08-16,Variant A,0-9,PAYER,1,Photoshoot,14,Comet,count,4,8663,48681,0,0.0,0.0,0.0,0.0,0.0
2026-07-27,2026-08-16,Variant A,0-9,PAYER,1,Photoshoot,14,Red,count,5,8663,48681,11,11.0,0.0013,0.0002,1.0,0.13
2026-07-27,2026-08-16,Variant A,0-9,PAYER,1,Photoshoot,14,Chuck,count,6,8663,48681,448,454.0,0.0524,0.0093,1.0134,5.17
2026-07-27,2026-08-16,Variant A,0-9,PAYER,1,Photoshoot,14,Bomb,count,7,8663,48681,0,0.0,0.0,0.0,0.0,0.0
2026-07-27,2026-08-16,Variant A,0-9,PAYER,1,Photoshoot,14,UL Bomb,minutes,8,8663,48681,0,0.0,0.0,0.0,0.0,0.0
2026-07-27,2026-08-16,Variant A,0-9,PAYER,1,Photoshoot,14,UL Chuck,minutes,9,8663,48681,3,45.0,0.0052,0.0009,15.0,0.03
2026-07-27,2026-08-16,Variant A,0-9,PAYER,1,Photoshoot,14,UL Red,minutes,10,8663,48681,19,285.0,0.0329,0.0059,15.0,0.22
2026-07-27,2026-08-16,Variant A,0-9,PAYER,1,Photoshoot,14,Unlimited Lives,minutes,11,8663,48681,158,5400.0,0.6233,0.1109,34.1772,1.82
2026-07-27,2026-08-16,Variant A,0-9,PAYER,1,Photoshoot,14,SPT,count,12,8663,48681,0,0.0,0.0,0.0,0.0,0.0
2026-07-27,2026-08-16,Variant A,0-9,PAYER,1,Photoshoot,14,SPTx2,minutes,13,8663,48681,0,0.0,0.0,0.0,0.0,0.0
2026-07-27,2026-08-16,Variant A,0-9,PAYER,1,Red Challenge,15,HC,HC,1,8663,48681,71,6500.0,0.7503,0.1335,91.5493,0.82
2026-07-27,2026-08-16,Variant A,0-9,PAYER,1,Red Challenge,15,Slingshot,count,2,8663,48681,759,843.0,0.0973,0.0173,1.1107,8.76
2026-07-27,2026-08-16,Variant A,0-9,PAYER,1,Red Challenge,15,Shuffle,count,3,8663,48681,181,191.0,0.022,0.0039,1.0552,2.09
2026-07-27,2026-08-16,Variant A,0-9,PAYER,1,Red Challenge,15,Comet,count,4,8663,48681,9,10.0,0.0012,0.0002,1.1111,0.1
2026-07-27,2026-08-16,Variant A,0-9,PAYER,1,Red Challenge,15,Red,count,5,8663,48681,0,0.0,0.0,0.0,0.0,0.0
2026-07-27,2026-08-16,Variant A,0-9,PAYER,1,Red Challenge,15,Chuck,count,6,8663,48681,0,0.0,0.0,0.0,0.0,0.0
2026-07-27,2026-08-16,Variant A,0-9,PAYER,1,Red Challenge,15,Bomb,count,7,8663,48681,0,0.0,0.0,0.0,0.0,0.0
2026-07-27,2026-08-16,Variant A,0-9,PAYER,1,Red Challenge,15,UL Bomb,minutes,8,8663,48681,0,0.0,0.0,0.0,0.0,0.0
2026-07-27,2026-08-16,Variant A,0-9,PAYER,1,Red Challenge,15,UL Chuck,minutes,9,8663,48681,0,0.0,0.0,0.0,0.0,0.0
2026-07-27,2026-08-16,Variant A,0-9,PAYER,1,Red Challenge,15,UL Red,minutes,10,8663,48681,0,0.0,0.0,0.0,0.0,0.0
2026-07-27,2026-08-16,Variant A,0-9,PAYER,1,Red Challenge,15,Unlimited Lives,minutes,11,8663,48681,0,0.0,0.0,0.0,0.0,0.0
2026-07-27,2026-08-16,Variant A,0-9,PAYER,1,Red Challenge,15,SPT,count,12,8663,48681,0,0.0,0.0,0.0,0.0,0.0
2026-07-27,2026-08-16,Variant A,0-9,PAYER,1,Red Challenge,15,SPTx2,minutes,13,8663,48681,0,0.0,0.0,0.0,0.0,0.0
2026-07-27,2026-08-16,Variant A,0-9,PAYER,1,River Rush,16,HC,HC,1,8663,48681,6,270.0,0.0312,0.0055,45.0,0.07
2026-07-27,2026-08-16,Variant A,0-9,PAYER,1,River Rush,16,Slingshot,count,2,8663,48681,0,0.0,0.0,0.0,0.0,0.0
2026-07-27,2026-08-16,Variant A,0-9,PAYER,1,River Rush,16,Shuffle,count,3,8663,48681,2,2.0,0.0002,0.0,1.0,0.02
2026-07-27,2026-08-16,Variant A,0-9,PAYER,1,River Rush,16,Comet,count,4,8663,48681,5,5.0,0.0006,0.0001,1.0,0.06
2026-07-27,2026-08-16,Variant A,0-9,PAYER,1,River Rush,16,Red,count,5,8663,48681,2,2.0,0.0002,0.0,1.0,0.02
2026-07-27,2026-08-16,Variant A,0-9,PAYER,1,River Rush,16,Chuck,count,6,8663,48681,2,2.0,0.0002,0.0,1.0,0.02
2026-07-27,2026-08-16,Variant A,0-9,PAYER,1,River Rush,16,Bomb,count,7,8663,48681,0,0.0,0.0,0.0,0.0,0.0
2026-07-27,2026-08-16,Variant A,0-9,PAYER,1,River Rush,16,UL Bomb,minutes,8,8663,48681,0,0.0,0.0,0.0,0.0,0.0
2026-07-27,2026-08-16,Variant A,0-9,PAYER,1,River Rush,16,UL Chuck,minutes,9,8663,48681,0,0.0,0.0,0.0,0.0,0.0
2026-07-27,2026-08-16,Variant A,0-9,PAYER,1,River Rush,16,UL Red,minutes,10,8663,48681,0,0.0,0.0,0.0,0.0,0.0
2026-07-27,2026-08-16,Variant A,0-9,PAYER,1,River Rush,16,Unlimited Lives,minutes,11,8663,48681,0,0.0,0.0,0.0,0.0,0.0
2026-07-27,2026-08-16,Variant A,0-9,PAYER,1,River Rush,16,SPT,count,12,8663,48681,1,20.0,0.0023,0.0004,20.0,0.01
2026-07-27,2026-08-16,Variant A,0-9,PAYER,1,River Rush,16,SPTx2,minutes,13,8663,48681,1,10.0,0.0012,0.0002,10.0,0.01
2026-07-27,2026-08-16,Variant A,0-9,PAYER,1,Saga,17,HC,HC,1,8663,48681,5653,169150.0,19.5256,3.4747,29.9222,65.25
2026-07-27,2026-08-16,Variant A,0-9,PAYER,1,Saga,17,Slingshot,count,2,8663,48681,2470,2685.0,0.3099,0.0552,1.087,28.51
2026-07-27,2026-08-16,Variant A,0-9,PAYER,1,Saga,17,Shuffle,count,3,8663,48681,2480,2703.0,0.312,0.0555,1.0899,28.63
2026-07-27,2026-08-16,Variant A,0-9,PAYER,1,Saga,17,Comet,count,4,8663,48681,10,10.0,0.0012,0.0002,1.0,0.12
2026-07-27,2026-08-16,Variant A,0-9,PAYER,1,Saga,17,Red,count,5,8663,48681,2530,2771.0,0.3199,0.0569,1.0953,29.2
2026-07-27,2026-08-16,Variant A,0-9,PAYER,1,Saga,17,Chuck,count,6,8663,48681,2523,2739.0,0.3162,0.0563,1.0856,29.12
2026-07-27,2026-08-16,Variant A,0-9,PAYER,1,Saga,17,Bomb,count,7,8663,48681,2527,2776.0,0.3204,0.057,1.0985,29.17
2026-07-27,2026-08-16,Variant A,0-9,PAYER,1,Saga,17,UL Bomb,minutes,8,8663,48681,0,0.0,0.0,0.0,0.0,0.0
2026-07-27,2026-08-16,Variant A,0-9,PAYER,1,Saga,17,UL Chuck,minutes,9,8663,48681,0,0.0,0.0,0.0,0.0,0.0
2026-07-27,2026-08-16,Variant A,0-9,PAYER,1,Saga,17,UL Red,minutes,10,8663,48681,0,0.0,0.0,0.0,0.0,0.0
2026-07-27,2026-08-16,Variant A,0-9,PAYER,1,Saga,17,Unlimited Lives,minutes,11,8663,48681,6875,722330.0,83.381,14.838,105.0662,79.36
2026-07-27,2026-08-16,Variant A,0-9,PAYER,1,Saga,17,SPT,count,12,8663,48681,0,0.0,0.0,0.0,0.0,0.0
2026-07-27,2026-08-16,Variant A,0-9,PAYER,1,Saga,17,SPTx2,minutes,13,8663,48681,0,0.0,0.0,0.0,0.0,0.0
2026-07-27,2026-08-16,Variant A,0-9,PAYER,1,Season Pass (Free),18,HC,HC,1,8663,48681,4534,146495.0,16.9104,3.0093,32.3103,52.34
2026-07-27,2026-08-16,Variant A,0-9,PAYER,1,Season Pass (Free),18,Slingshot,count,2,8663,48681,546,886.0,0.1023,0.0182,1.6227,6.3
2026-07-27,2026-08-16,Variant A,0-9,PAYER,1,Season Pass (Free),18,Shuffle,count,3,8663,48681,2083,2611.0,0.3014,0.0536,1.2535,24.04
2026-07-27,2026-08-16,Variant A,0-9,PAYER,1,Season Pass (Free),18,Comet,count,4,8663,48681,324,479.0,0.0553,0.0098,1.4784,3.74
2026-07-27,2026-08-16,Variant A,0-9,PAYER,1,Season Pass (Free),18,Red,count,5,8663,48681,3734,7656.0,0.8838,0.1573,2.0503,43.1
2026-07-27,2026-08-16,Variant A,0-9,PAYER,1,Season Pass (Free),18,Chuck,count,6,8663,48681,3950,6804.0,0.7854,0.1398,1.7225,45.6
2026-07-27,2026-08-16,Variant A,0-9,PAYER,1,Season Pass (Free),18,Bomb,count,7,8663,48681,1419,2114.0,0.244,0.0434,1.4898,16.38
2026-07-27,2026-08-16,Variant A,0-9,PAYER,1,Season Pass (Free),18,UL Bomb,minutes,8,8663,48681,259,3350.0,0.3867,0.0688,12.9344,2.99
2026-07-27,2026-08-16,Variant A,0-9,PAYER,1,Season Pass (Free),18,UL Chuck,minutes,9,8663,48681,1751,30885.0,3.5652,0.6344,17.6385,20.21
2026-07-27,2026-08-16,Variant A,0-9,PAYER,1,Season Pass (Free),18,UL Red,minutes,10,8663,48681,3410,48500.0,5.5985,0.9963,14.2229,39.36
2026-07-27,2026-08-16,Variant A,0-9,PAYER,1,Season Pass (Free),18,Unlimited Lives,minutes,11,8663,48681,3877,244750.0,28.2523,5.0276,63.1287,44.75
2026-07-27,2026-08-16,Variant A,0-9,PAYER,1,Season Pass (Free),18,SPT,count,12,8663,48681,116,2335.0,0.2695,0.048,20.1293,1.34
2026-07-27,2026-08-16,Variant A,0-9,PAYER,1,Season Pass (Free),18,SPTx2,minutes,13,8663,48681,0,0.0,0.0,0.0,0.0,0.0
2026-07-27,2026-08-16,Variant A,0-9,PAYER,1,Target Day,19,HC,HC,1,8663,48681,202,11425.0,1.3188,0.2347,56.5594,2.33
2026-07-27,2026-08-16,Variant A,0-9,PAYER,1,Target Day,19,Slingshot,count,2,8663,48681,472,517.0,0.0597,0.0106,1.0953,5.45
2026-07-27,2026-08-16,Variant A,0-9,PAYER,1,Target Day,19,Shuffle,count,3,8663,48681,86,99.0,0.0114,0.002,1.1512,0.99
2026-07-27,2026-08-16,Variant A,0-9,PAYER,1,Target Day,19,Comet,count,4,8663,48681,35,40.0,0.0046,0.0008,1.1429,0.4
2026-07-27,2026-08-16,Variant A,0-9,PAYER,1,Target Day,19,Red,count,5,8663,48681,1718,2167.0,0.2501,0.0445,1.2614,19.83
2026-07-27,2026-08-16,Variant A,0-9,PAYER,1,Target Day,19,Chuck,count,6,8663,48681,756,865.0,0.0998,0.0178,1.1442,8.73
2026-07-27,2026-08-16,Variant A,0-9,PAYER,1,Target Day,19,Bomb,count,7,8663,48681,100,109.0,0.0126,0.0022,1.09,1.15
2026-07-27,2026-08-16,Variant A,0-9,PAYER,1,Target Day,19,UL Bomb,minutes,8,8663,48681,0,0.0,0.0,0.0,0.0,0.0
2026-07-27,2026-08-16,Variant A,0-9,PAYER,1,Target Day,19,UL Chuck,minutes,9,8663,48681,0,0.0,0.0,0.0,0.0,0.0
2026-07-27,2026-08-16,Variant A,0-9,PAYER,1,Target Day,19,UL Red,minutes,10,8663,48681,0,0.0,0.0,0.0,0.0,0.0
2026-07-27,2026-08-16,Variant A,0-9,PAYER,1,Target Day,19,Unlimited Lives,minutes,11,8663,48681,5120,417270.0,48.1669,8.5715,81.498,59.1
2026-07-27,2026-08-16,Variant A,0-9,PAYER,1,Target Day,19,SPT,count,12,8663,48681,0,0.0,0.0,0.0,0.0,0.0
2026-07-27,2026-08-16,Variant A,0-9,PAYER,1,Target Day,19,SPTx2,minutes,13,8663,48681,0,0.0,0.0,0.0,0.0,0.0
2026-07-27,2026-08-16,Variant A,0-9,PAYER,1,Team Event,20,HC,HC,1,8663,48681,2544,484100.0,55.8813,9.9443,190.2909,29.37
2026-07-27,2026-08-16,Variant A,0-9,PAYER,1,Team Event,20,Slingshot,count,2,8663,48681,2025,5262.0,0.6074,0.1081,2.5985,23.38
2026-07-27,2026-08-16,Variant A,0-9,PAYER,1,Team Event,20,Shuffle,count,3,8663,48681,742,2808.0,0.3241,0.0577,3.7844,8.57
2026-07-27,2026-08-16,Variant A,0-9,PAYER,1,Team Event,20,Comet,count,4,8663,48681,590,1528.0,0.1764,0.0314,2.5898,6.81
2026-07-27,2026-08-16,Variant A,0-9,PAYER,1,Team Event,20,Red,count,5,8663,48681,0,0.0,0.0,0.0,0.0,0.0
2026-07-27,2026-08-16,Variant A,0-9,PAYER,1,Team Event,20,Chuck,count,6,8663,48681,0,0.0,0.0,0.0,0.0,0.0
2026-07-27,2026-08-16,Variant A,0-9,PAYER,1,Team Event,20,Bomb,count,7,8663,48681,0,0.0,0.0,0.0,0.0,0.0
2026-07-27,2026-08-16,Variant A,0-9,PAYER,1,Team Event,20,UL Bomb,minutes,8,8663,48681,0,0.0,0.0,0.0,0.0,0.0
2026-07-27,2026-08-16,Variant A,0-9,PAYER,1,Team Event,20,UL Chuck,minutes,9,8663,48681,0,0.0,0.0,0.0,0.0,0.0
2026-07-27,2026-08-16,Variant A,0-9,PAYER,1,Team Event,20,UL Red,minutes,10,8663,48681,0,0.0,0.0,0.0,0.0,0.0
2026-07-27,2026-08-16,Variant A,0-9,PAYER,1,Team Event,20,Unlimited Lives,minutes,11,8663,48681,0,0.0,0.0,0.0,0.0,0.0
2026-07-27,2026-08-16,Variant A,0-9,PAYER,1,Team Event,20,SPT,count,12,8663,48681,0,0.0,0.0,0.0,0.0,0.0
2026-07-27,2026-08-16,Variant A,0-9,PAYER,1,Team Event,20,SPTx2,minutes,13,8663,48681,0,0.0,0.0,0.0,0.0,0.0
2026-07-27,2026-08-16,Variant A,0-9,PAYER,1,Team Race,21,HC,HC,1,8663,48681,3900,434335.0,50.1368,8.9221,111.3679,45.02
2026-07-27,2026-08-16,Variant A,0-9,PAYER,1,Team Race,21,Slingshot,count,2,8663,48681,1997,2776.0,0.3204,0.057,1.3901,23.05
2026-07-27,2026-08-16,Variant A,0-9,PAYER,1,Team Race,21,Shuffle,count,3,8663,48681,2605,3937.0,0.4545,0.0809,1.5113,30.07
2026-07-27,2026-08-16,Variant A,0-9,PAYER,1,Team Race,21,Comet,count,4,8663,48681,3745,5994.0,0.6919,0.1231,1.6005,43.23
2026-07-27,2026-08-16,Variant A,0-9,PAYER,1,Team Race,21,Red,count,5,8663,48681,545,638.0,0.0736,0.0131,1.1706,6.29
2026-07-27,2026-08-16,Variant A,0-9,PAYER,1,Team Race,21,Chuck,count,6,8663,48681,848,1087.0,0.1255,0.0223,1.2818,9.79
2026-07-27,2026-08-16,Variant A,0-9,PAYER,1,Team Race,21,Bomb,count,7,8663,48681,1888,2991.0,0.3453,0.0614,1.5842,21.79
2026-07-27,2026-08-16,Variant A,0-9,PAYER,1,Team Race,21,UL Bomb,minutes,8,8663,48681,1,20.0,0.0023,0.0004,20.0,0.01
2026-07-27,2026-08-16,Variant A,0-9,PAYER,1,Team Race,21,UL Chuck,minutes,9,8663,48681,0,0.0,0.0,0.0,0.0,0.0
2026-07-27,2026-08-16,Variant A,0-9,PAYER,1,Team Race,21,UL Red,minutes,10,8663,48681,0,0.0,0.0,0.0,0.0,0.0
2026-07-27,2026-08-16,Variant A,0-9,PAYER,1,Team Race,21,Unlimited Lives,minutes,11,8663,48681,1,70.0,0.0081,0.0014,70.0,0.01
2026-07-27,2026-08-16,Variant A,0-9,PAYER,1,Team Race,21,SPT,count,12,8663,48681,0,0.0,0.0,0.0,0.0,0.0
2026-07-27,2026-08-16,Variant A,0-9,PAYER,1,Team Race,21,SPTx2,minutes,13,8663,48681,0,0.0,0.0,0.0,0.0,0.0
2026-07-27,2026-08-16,Variant A,0-9,PAYER,1,Flash Race,22,HC,HC,1,8663,48681,1012,35230.0,4.0667,0.7237,34.8123,11.68
2026-07-27,2026-08-16,Variant A,0-9,PAYER,1,Flash Race,22,Slingshot,count,2,8663,48681,363,386.0,0.0446,0.0079,1.0634,4.19
2026-07-27,2026-08-16,Variant A,0-9,PAYER,1,Flash Race,22,Shuffle,count,3,8663,48681,401,445.0,0.0514,0.0091,1.1097,4.63
2026-07-27,2026-08-16,Variant A,0-9,PAYER,1,Flash Race,22,Comet,count,4,8663,48681,325,363.0,0.0419,0.0075,1.1169,3.75
2026-07-27,2026-08-16,Variant A,0-9,PAYER,1,Flash Race,22,Red,count,5,8663,48681,199,213.0,0.0246,0.0044,1.0704,2.3
2026-07-27,2026-08-16,Variant A,0-9,PAYER,1,Flash Race,22,Chuck,count,6,8663,48681,273,290.0,0.0335,0.006,1.0623,3.15
2026-07-27,2026-08-16,Variant A,0-9,PAYER,1,Flash Race,22,Bomb,count,7,8663,48681,395,423.0,0.0488,0.0087,1.0709,4.56
2026-07-27,2026-08-16,Variant A,0-9,PAYER,1,Flash Race,22,UL Bomb,minutes,8,8663,48681,0,0.0,0.0,0.0,0.0,0.0
2026-07-27,2026-08-16,Variant A,0-9,PAYER,1,Flash Race,22,UL Chuck,minutes,9,8663,48681,0,0.0,0.0,0.0,0.0,0.0
2026-07-27,2026-08-16,Variant A,0-9,PAYER,1,Flash Race,22,UL Red,minutes,10,8663,48681,0,0.0,0.0,0.0,0.0,0.0
2026-07-27,2026-08-16,Variant A,0-9,PAYER,1,Flash Race,22,Unlimited Lives,minutes,11,8663,48681,77,3970.0,0.4583,0.0816,51.5584,0.89
2026-07-27,2026-08-16,Variant A,0-9,PAYER,1,Flash Race,22,SPT,count,12,8663,48681,1526,98450.0,11.3644,2.0223,64.5151,17.62
2026-07-27,2026-08-16,Variant A,0-9,PAYER,1,Flash Race,22,SPTx2,minutes,13,8663,48681,0,0.0,0.0,0.0,0.0,0.0
2026-07-27,2026-08-16,Variant A,0-9,PAYER,1,FlowerCoop,23,HC,HC,1,8663,48681,0,0.0,0.0,0.0,0.0,0.0
2026-07-27,2026-08-16,Variant A,0-9,PAYER,1,FlowerCoop,23,Slingshot,count,2,8663,48681,0,0.0,0.0,0.0,0.0,0.0
2026-07-27,2026-08-16,Variant A,0-9,PAYER,1,FlowerCoop,23,Shuffle,count,3,8663,48681,0,0.0,0.0,0.0,0.0,0.0
2026-07-27,2026-08-16,Variant A,0-9,PAYER,1,FlowerCoop,23,Comet,count,4,8663,48681,0,0.0,0.0,0.0,0.0,0.0
2026-07-27,2026-08-16,Variant A,0-9,PAYER,1,FlowerCoop,23,Red,count,5,8663,48681,0,0.0,0.0,0.0,0.0,0.0
2026-07-27,2026-08-16,Variant A,0-9,PAYER,1,FlowerCoop,23,Chuck,count,6,8663,48681,0,0.0,0.0,0.0,0.0,0.0
2026-07-27,2026-08-16,Variant A,0-9,PAYER,1,FlowerCoop,23,Bomb,count,7,8663,48681,1,2.0,0.0002,0.0,2.0,0.01
2026-07-27,2026-08-16,Variant A,0-9,PAYER,1,FlowerCoop,23,UL Bomb,minutes,8,8663,48681,0,0.0,0.0,0.0,0.0,0.0
2026-07-27,2026-08-16,Variant A,0-9,PAYER,1,FlowerCoop,23,UL Chuck,minutes,9,8663,48681,0,0.0,0.0,0.0,0.0,0.0
2026-07-27,2026-08-16,Variant A,0-9,PAYER,1,FlowerCoop,23,UL Red,minutes,10,8663,48681,1,10.0,0.0012,0.0002,10.0,0.01
2026-07-27,2026-08-16,Variant A,0-9,PAYER,1,FlowerCoop,23,Unlimited Lives,minutes,11,8663,48681,0,0.0,0.0,0.0,0.0,0.0
2026-07-27,2026-08-16,Variant A,0-9,PAYER,1,FlowerCoop,23,SPT,count,12,8663,48681,0,0.0,0.0,0.0,0.0,0.0
2026-07-27,2026-08-16,Variant A,0-9,PAYER,1,FlowerCoop,23,SPTx2,minutes,13,8663,48681,0,0.0,0.0,0.0,0.0,0.0
2026-07-27,2026-08-16,Variant A,0-9,PAYER,1,Rainbow Maker,24,HC,HC,1,8663,48681,6064,215120.0,24.832,4.419,35.4749,70.0
2026-07-27,2026-08-16,Variant A,0-9,PAYER,1,Rainbow Maker,24,Slingshot,count,2,8663,48681,4294,13613.0,1.5714,0.2796,3.1702,49.57
2026-07-27,2026-08-16,Variant A,0-9,PAYER,1,Rainbow Maker,24,Shuffle,count,3,8663,48681,2061,3086.0,0.3562,0.0634,1.4973,23.79
2026-07-27,2026-08-16,Variant A,0-9,PAYER,1,Rainbow Maker,24,Comet,count,4,8663,48681,934,1209.0,0.1396,0.0248,1.2944,10.78
2026-07-27,2026-08-16,Variant A,0-9,PAYER,1,Rainbow Maker,24,Red,count,5,8663,48681,6046,10996.0,1.2693,0.2259,1.8187,69.79
2026-07-27,2026-08-16,Variant A,0-9,PAYER,1,Rainbow Maker,24,Chuck,count,6,8663,48681,4829,9354.0,1.0798,0.1921,1.937,55.74
2026-07-27,2026-08-16,Variant A,0-9,PAYER,1,Rainbow Maker,24,Bomb,count,7,8663,48681,40,56.0,0.0065,0.0012,1.4,0.46
2026-07-27,2026-08-16,Variant A,0-9,PAYER,1,Rainbow Maker,24,UL Bomb,minutes,8,8663,48681,0,0.0,0.0,0.0,0.0,0.0
2026-07-27,2026-08-16,Variant A,0-9,PAYER,1,Rainbow Maker,24,UL Chuck,minutes,9,8663,48681,2,20.0,0.0023,0.0004,10.0,0.02
2026-07-27,2026-08-16,Variant A,0-9,PAYER,1,Rainbow Maker,24,UL Red,minutes,10,8663,48681,683,8920.0,1.0297,0.1832,13.06,7.88
2026-07-27,2026-08-16,Variant A,0-9,PAYER,1,Rainbow Maker,24,Unlimited Lives,minutes,11,8663,48681,5452,245275.0,28.3129,5.0384,44.9881,62.93
2026-07-27,2026-08-16,Variant A,0-9,PAYER,1,Rainbow Maker,24,SPT,count,12,8663,48681,5093,539570.0,62.2844,11.0838,105.9435,58.79
2026-07-27,2026-08-16,Variant A,0-9,PAYER,1,Rainbow Maker,24,SPTx2,minutes,13,8663,48681,3399,48345.0,5.5806,0.9931,14.2233,39.24
2026-07-27,2026-08-16,Variant A,0-9,PAYER,1,IAPs,25,HC,HC,1,8663,48681,0,0.0,0.0,0.0,0.0,0.0
2026-07-27,2026-08-16,Variant A,0-9,PAYER,1,IAPs,25,Slingshot,count,2,8663,48681,0,0.0,0.0,0.0,0.0,0.0
2026-07-27,2026-08-16,Variant A,0-9,PAYER,1,IAPs,25,Shuffle,count,3,8663,48681,0,0.0,0.0,0.0,0.0,0.0
2026-07-27,2026-08-16,Variant A,0-9,PAYER,1,IAPs,25,Comet,count,4,8663,48681,0,0.0,0.0,0.0,0.0,0.0
2026-07-27,2026-08-16,Variant A,0-9,PAYER,1,IAPs,25,Red,count,5,8663,48681,0,0.0,0.0,0.0,0.0,0.0
2026-07-27,2026-08-16,Variant A,0-9,PAYER,1,IAPs,25,Chuck,count,6,8663,48681,0,0.0,0.0,0.0,0.0,0.0
2026-07-27,2026-08-16,Variant A,0-9,PAYER,1,IAPs,25,Bomb,count,7,8663,48681,0,0.0,0.0,0.0,0.0,0.0
2026-07-27,2026-08-16,Variant A,0-9,PAYER,1,IAPs,25,UL Bomb,minutes,8,8663,48681,0,0.0,0.0,0.0,0.0,0.0
2026-07-27,2026-08-16,Variant A,0-9,PAYER,1,IAPs,25,UL Chuck,minutes,9,8663,48681,0,0.0,0.0,0.0,0.0,0.0
2026-07-27,2026-08-16,Variant A,0-9,PAYER,1,IAPs,25,UL Red,minutes,10,8663,48681,0,0.0,0.0,0.0,0.0,0.0
2026-07-27,2026-08-16,Variant A,0-9,PAYER,1,IAPs,25,Unlimited Lives,minutes,11,8663,48681,0,0.0,0.0,0.0,0.0,0.0
2026-07-27,2026-08-16,Variant A,0-9,PAYER,1,IAPs,25,SPT,count,12,8663,48681,0,0.0,0.0,0.0,0.0,0.0
2026-07-27,2026-08-16,Variant A,0-9,PAYER,1,IAPs,25,SPTx2,minutes,13,8663,48681,0,0.0,0.0,0.0,0.0,0.0
2026-07-27,2026-08-16,Variant A,10-19,NONPAYER,2,Ads,1,HC,HC,1,27791,115585,6391,412955.0,14.8593,3.5727,64.6151,23.0
2026-07-27,2026-08-16,Variant A,10-19,NONPAYER,2,Ads,1,Slingshot,count,2,27791,115585,3933,9232.0,0.3322,0.0799,2.3473,14.15
2026-07-27,2026-08-16,Variant A,10-19,NONPAYER,2,Ads,1,Shuffle,count,3,27791,115585,3934,9325.0,0.3355,0.0807,2.3704,14.16
2026-07-27,2026-08-16,Variant A,10-19,NONPAYER,2,Ads,1,Comet,count,4,27791,115585,2391,4142.0,0.149,0.0358,1.7323,8.6
2026-07-27,2026-08-16,Variant A,10-19,NONPAYER,2,Ads,1,Red,count,5,27791,115585,0,0.0,0.0,0.0,0.0,0.0
2026-07-27,2026-08-16,Variant A,10-19,NONPAYER,2,Ads,1,Chuck,count,6,27791,115585,0,0.0,0.0,0.0,0.0,0.0
2026-07-27,2026-08-16,Variant A,10-19,NONPAYER,2,Ads,1,Bomb,count,7,27791,115585,0,0.0,0.0,0.0,0.0,0.0
2026-07-27,2026-08-16,Variant A,10-19,NONPAYER,2,Ads,1,UL Bomb,minutes,8,27791,115585,0,0.0,0.0,0.0,0.0,0.0
2026-07-27,2026-08-16,Variant A,10-19,NONPAYER,2,Ads,1,UL Chuck,minutes,9,27791,115585,0,0.0,0.0,0.0,0.0,0.0
2026-07-27,2026-08-16,Variant A,10-19,NONPAYER,2,Ads,1,UL Red,minutes,10,27791,115585,0,0.0,0.0,0.0,0.0,0.0
2026-07-27,2026-08-16,Variant A,10-19,NONPAYER,2,Ads,1,Unlimited Lives,minutes,11,27791,115585,4463,138765.0,4.9932,1.2005,31.0923,16.06
2026-07-27,2026-08-16,Variant A,10-19,NONPAYER,2,Ads,1,SPT,count,12,27791,115585,0,0.0,0.0,0.0,0.0,0.0
2026-07-27,2026-08-16,Variant A,10-19,NONPAYER,2,Ads,1,SPTx2,minutes,13,27791,115585,0,0.0,0.0,0.0,0.0,0.0
2026-07-27,2026-08-16,Variant A,10-19,NONPAYER,2,Bomb Challenge,2,HC,HC,1,27791,115585,986,99000.0,3.5623,0.8565,100.4057,3.55
2026-07-27,2026-08-16,Variant A,10-19,NONPAYER,2,Bomb Challenge,2,Slingshot,count,2,27791,115585,3639,4170.0,0.15,0.0361,1.1459,13.09
2026-07-27,2026-08-16,Variant A,10-19,NONPAYER,2,Bomb Challenge,2,Shuffle,count,3,27791,115585,2009,2267.0,0.0816,0.0196,1.1284,7.23
2026-07-27,2026-08-16,Variant A,10-19,NONPAYER,2,Bomb Challenge,2,Comet,count,4,27791,115585,169,175.0,0.0063,0.0015,1.0355,0.61
2026-07-27,2026-08-16,Variant A,10-19,NONPAYER,2,Bomb Challenge,2,Red,count,5,27791,115585,0,0.0,0.0,0.0,0.0,0.0
2026-07-27,2026-08-16,Variant A,10-19,NONPAYER,2,Bomb Challenge,2,Chuck,count,6,27791,115585,0,0.0,0.0,0.0,0.0,0.0
2026-07-27,2026-08-16,Variant A,10-19,NONPAYER,2,Bomb Challenge,2,Bomb,count,7,27791,115585,0,0.0,0.0,0.0,0.0,0.0
2026-07-27,2026-08-16,Variant A,10-19,NONPAYER,2,Bomb Challenge,2,UL Bomb,minutes,8,27791,115585,0,0.0,0.0,0.0,0.0,0.0
2026-07-27,2026-08-16,Variant A,10-19,NONPAYER,2,Bomb Challenge,2,UL Chuck,minutes,9,27791,115585,0,0.0,0.0,0.0,0.0,0.0
2026-07-27,2026-08-16,Variant A,10-19,NONPAYER,2,Bomb Challenge,2,UL Red,minutes,10,27791,115585,0,0.0,0.0,0.0,0.0,0.0
2026-07-27,2026-08-16,Variant A,10-19,NONPAYER,2,Bomb Challenge,2,Unlimited Lives,minutes,11,27791,115585,0,0.0,0.0,0.0,0.0,0.0
2026-07-27,2026-08-16,Variant A,10-19,NONPAYER,2,Bomb Challenge,2,SPT,count,12,27791,115585,0,0.0,0.0,0.0,0.0,0.0
2026-07-27,2026-08-16,Variant A,10-19,NONPAYER,2,Bomb Challenge,2,SPTx2,minutes,13,27791,115585,0,0.0,0.0,0.0,0.0,0.0
2026-07-27,2026-08-16,Variant A,10-19,NONPAYER,2,Bomb's Ballet,3,HC,HC,1,27791,115585,1609,41775.0,1.5032,0.3614,25.9633,5.79
2026-07-27,2026-08-16,Variant A,10-19,NONPAYER,2,Bomb's Ballet,3,Slingshot,count,2,27791,115585,7,7.0,0.0003,0.0001,1.0,0.03
2026-07-27,2026-08-16,Variant A,10-19,NONPAYER,2,Bomb's Ballet,3,Shuffle,count,3,27791,115585,3,3.0,0.0001,0.0,1.0,0.01
2026-07-27,2026-08-16,Variant A,10-19,NONPAYER,2,Bomb's Ballet,3,Comet,count,4,27791,115585,4,4.0,0.0001,0.0,1.0,0.01
2026-07-27,2026-08-16,Variant A,10-19,NONPAYER,2,Bomb's Ballet,3,Red,count,5,27791,115585,298,306.0,0.011,0.0026,1.0268,1.07
2026-07-27,2026-08-16,Variant A,10-19,NONPAYER,2,Bomb's Ballet,3,Chuck,count,6,27791,115585,6192,6347.0,0.2284,0.0549,1.025,22.28
2026-07-27,2026-08-16,Variant A,10-19,NONPAYER,2,Bomb's Ballet,3,Bomb,count,7,27791,115585,4,4.0,0.0001,0.0,1.0,0.01
2026-07-27,2026-08-16,Variant A,10-19,NONPAYER,2,Bomb's Ballet,3,UL Bomb,minutes,8,27791,115585,709,7280.0,0.262,0.063,10.268,2.55
2026-07-27,2026-08-16,Variant A,10-19,NONPAYER,2,Bomb's Ballet,3,UL Chuck,minutes,9,27791,115585,4113,41845.0,1.5057,0.362,10.1738,14.8
2026-07-27,2026-08-16,Variant A,10-19,NONPAYER,2,Bomb's Ballet,3,UL Red,minutes,10,27791,115585,5277,53705.0,1.9325,0.4646,10.1772,18.99
2026-07-27,2026-08-16,Variant A,10-19,NONPAYER,2,Bomb's Ballet,3,Unlimited Lives,minutes,11,27791,115585,2878,93150.0,3.3518,0.8059,32.3662,10.36
2026-07-27,2026-08-16,Variant A,10-19,NONPAYER,2,Bomb's Ballet,3,SPT,count,12,27791,115585,0,0.0,0.0,0.0,0.0,0.0
2026-07-27,2026-08-16,Variant A,10-19,NONPAYER,2,Bomb's Ballet,3,SPTx2,minutes,13,27791,115585,0,0.0,0.0,0.0,0.0,0.0
2026-07-27,2026-08-16,Variant A,10-19,NONPAYER,2,Chuck Challenge,4,HC,HC,1,27791,115585,891,83750.0,3.0136,0.7246,93.9955,3.21
2026-07-27,2026-08-16,Variant A,10-19,NONPAYER,2,Chuck Challenge,4,Slingshot,count,2,27791,115585,4008,4669.0,0.168,0.0404,1.1649,14.42
2026-07-27,2026-08-16,Variant A,10-19,NONPAYER,2,Chuck Challenge,4,Shuffle,count,3,27791,115585,1989,2182.0,0.0785,0.0189,1.097,7.16
2026-07-27,2026-08-16,Variant A,10-19,NONPAYER,2,Chuck Challenge,4,Comet,count,4,27791,115585,121,125.0,0.0045,0.0011,1.0331,0.44
2026-07-27,2026-08-16,Variant A,10-19,NONPAYER,2,Chuck Challenge,4,Red,count,5,27791,115585,0,0.0,0.0,0.0,0.0,0.0
2026-07-27,2026-08-16,Variant A,10-19,NONPAYER,2,Chuck Challenge,4,Chuck,count,6,27791,115585,0,0.0,0.0,0.0,0.0,0.0
2026-07-27,2026-08-16,Variant A,10-19,NONPAYER,2,Chuck Challenge,4,Bomb,count,7,27791,115585,0,0.0,0.0,0.0,0.0,0.0
2026-07-27,2026-08-16,Variant A,10-19,NONPAYER,2,Chuck Challenge,4,UL Bomb,minutes,8,27791,115585,0,0.0,0.0,0.0,0.0,0.0
2026-07-27,2026-08-16,Variant A,10-19,NONPAYER,2,Chuck Challenge,4,UL Chuck,minutes,9,27791,115585,0,0.0,0.0,0.0,0.0,0.0
2026-07-27,2026-08-16,Variant A,10-19,NONPAYER,2,Chuck Challenge,4,UL Red,minutes,10,27791,115585,0,0.0,0.0,0.0,0.0,0.0
2026-07-27,2026-08-16,Variant A,10-19,NONPAYER,2,Chuck Challenge,4,Unlimited Lives,minutes,11,27791,115585,0,0.0,0.0,0.0,0.0,0.0
2026-07-27,2026-08-16,Variant A,10-19,NONPAYER,2,Chuck Challenge,4,SPT,count,12,27791,115585,0,0.0,0.0,0.0,0.0,0.0
2026-07-27,2026-08-16,Variant A,10-19,NONPAYER,2,Chuck Challenge,4,SPTx2,minutes,13,27791,115585,0,0.0,0.0,0.0,0.0,0.0
2026-07-27,2026-08-16,Variant A,10-19,NONPAYER,2,Core,5,HC,HC,1,27791,115585,16211,1016435.0,36.5743,8.7938,62.7003,58.33
2026-07-27,2026-08-16,Variant A,10-19,NONPAYER,2,Core,5,Slingshot,count,2,27791,115585,6422,7173.0,0.2581,0.0621,1.1169,23.11
2026-07-27,2026-08-16,Variant A,10-19,NONPAYER,2,Core,5,Shuffle,count,3,27791,115585,9378,11202.0,0.4031,0.0969,1.1945,33.74
2026-07-27,2026-08-16,Variant A,10-19,NONPAYER,2,Core,5,Comet,count,4,27791,115585,4538,4784.0,0.1721,0.0414,1.0542,16.33
2026-07-27,2026-08-16,Variant A,10-19,NONPAYER,2,Core,5,Red,count,5,27791,115585,3689,3924.0,0.1412,0.0339,1.0637,13.27
2026-07-27,2026-08-16,Variant A,10-19,NONPAYER,2,Core,5,Chuck,count,6,27791,115585,3646,4068.0,0.1464,0.0352,1.1157,13.12
2026-07-27,2026-08-16,Variant A,10-19,NONPAYER,2,Core,5,Bomb,count,7,27791,115585,3444,3541.0,0.1274,0.0306,1.0282,12.39
2026-07-27,2026-08-16,Variant A,10-19,NONPAYER,2,Core,5,UL Bomb,minutes,8,27791,115585,0,0.0,0.0,0.0,0.0,0.0
2026-07-27,2026-08-16,Variant A,10-19,NONPAYER,2,Core,5,UL Chuck,minutes,9,27791,115585,0,0.0,0.0,0.0,0.0,0.0
2026-07-27,2026-08-16,Variant A,10-19,NONPAYER,2,Core,5,UL Red,minutes,10,27791,115585,0,0.0,0.0,0.0,0.0,0.0
2026-07-27,2026-08-16,Variant A,10-19,NONPAYER,2,Core,5,Unlimited Lives,minutes,11,27791,115585,10931,620430.0,22.3249,5.3677,56.7588,39.33
2026-07-27,2026-08-16,Variant A,10-19,NONPAYER,2,Core,5,SPT,count,12,27791,115585,25263,14731289.0,530.0741,127.4498,583.1172,90.9
2026-07-27,2026-08-16,Variant A,10-19,NONPAYER,2,Core,5,SPTx2,minutes,13,27791,115585,0,0.0,0.0,0.0,0.0,0.0
2026-07-27,2026-08-16,Variant A,10-19,NONPAYER,2,Daily Gift,6,HC,HC,1,27791,115585,22449,1517055.0,54.588,13.125,67.5778,80.78
2026-07-27,2026-08-16,Variant A,10-19,NONPAYER,2,Daily Gift,6,Slingshot,count,2,27791,115585,12014,20254.0,0.7288,0.1752,1.6859,43.23
2026-07-27,2026-08-16,Variant A,10-19,NONPAYER,2,Daily Gift,6,Shuffle,count,3,27791,115585,9441,13357.0,0.4806,0.1156,1.4148,33.97
2026-07-27,2026-08-16,Variant A,10-19,NONPAYER,2,Daily Gift,6,Comet,count,4,27791,115585,1834,1896.0,0.0682,0.0164,1.0338,6.6
2026-07-27,2026-08-16,Variant A,10-19,NONPAYER,2,Daily Gift,6,Red,count,5,27791,115585,0,0.0,0.0,0.0,0.0,0.0
2026-07-27,2026-08-16,Variant A,10-19,NONPAYER,2,Daily Gift,6,Chuck,count,6,27791,115585,0,0.0,0.0,0.0,0.0,0.0
2026-07-27,2026-08-16,Variant A,10-19,NONPAYER,2,Daily Gift,6,Bomb,count,7,27791,115585,0,0.0,0.0,0.0,0.0,0.0
2026-07-27,2026-08-16,Variant A,10-19,NONPAYER,2,Daily Gift,6,UL Bomb,minutes,8,27791,115585,1985,60510.0,2.1773,0.5235,30.4836,7.14
2026-07-27,2026-08-16,Variant A,10-19,NONPAYER,2,Daily Gift,6,UL Chuck,minutes,9,27791,115585,2067,125760.0,4.5252,1.088,60.8418,7.44
2026-07-27,2026-08-16,Variant A,10-19,NONPAYER,2,Daily Gift,6,UL Red,minutes,10,27791,115585,1818,110520.0,3.9768,0.9562,60.7921,6.54
2026-07-27,2026-08-16,Variant A,10-19,NONPAYER,2,Daily Gift,6,Unlimited Lives,minutes,11,27791,115585,19612,1844180.0,66.3589,15.9552,94.0332,70.57
2026-07-27,2026-08-16,Variant A,10-19,NONPAYER,2,Daily Gift,6,SPT,count,12,27791,115585,0,0.0,0.0,0.0,0.0,0.0
2026-07-27,2026-08-16,Variant A,10-19,NONPAYER,2,Daily Gift,6,SPTx2,minutes,13,27791,115585,12,210.0,0.0076,0.0018,17.5,0.04
2026-07-27,2026-08-16,Variant A,10-19,NONPAYER,2,Daily Night Sky Prize,7,HC,HC,1,27791,115585,21614,1877550.0,67.5596,16.2439,86.8673,77.77
2026-07-27,2026-08-16,Variant A,10-19,NONPAYER,2,Daily Night Sky Prize,7,Slingshot,count,2,27791,115585,12343,18667.0,0.6717,0.1615,1.5124,44.41
2026-07-27,2026-08-16,Variant A,10-19,NONPAYER,2,Daily Night Sky Prize,7,Shuffle,count,3,27791,115585,1,1.0,0.0,0.0,1.0,0.0
2026-07-27,2026-08-16,Variant A,10-19,NONPAYER,2,Daily Night Sky Prize,7,Comet,count,4,27791,115585,38,42.0,0.0015,0.0004,1.1053,0.14
2026-07-27,2026-08-16,Variant A,10-19,NONPAYER,2,Daily Night Sky Prize,7,Red,count,5,27791,115585,18043,39934.0,1.4369,0.3455,2.2133,64.92
2026-07-27,2026-08-16,Variant A,10-19,NONPAYER,2,Daily Night Sky Prize,7,Chuck,count,6,27791,115585,12312,18626.0,0.6702,0.1611,1.5128,44.3
2026-07-27,2026-08-16,Variant A,10-19,NONPAYER,2,Daily Night Sky Prize,7,Bomb,count,7,27791,115585,0,0.0,0.0,0.0,0.0,0.0
2026-07-27,2026-08-16,Variant A,10-19,NONPAYER,2,Daily Night Sky Prize,7,UL Bomb,minutes,8,27791,115585,0,0.0,0.0,0.0,0.0,0.0
2026-07-27,2026-08-16,Variant A,10-19,NONPAYER,2,Daily Night Sky Prize,7,UL Chuck,minutes,9,27791,115585,0,0.0,0.0,0.0,0.0,0.0
2026-07-27,2026-08-16,Variant A,10-19,NONPAYER,2,Daily Night Sky Prize,7,UL Red,minutes,10,27791,115585,0,0.0,0.0,0.0,0.0,0.0
2026-07-27,2026-08-16,Variant A,10-19,NONPAYER,2,Daily Night Sky Prize,7,Unlimited Lives,minutes,11,27791,115585,22161,1469300.0,52.8696,12.7119,66.3012,79.74
2026-07-27,2026-08-16,Variant A,10-19,NONPAYER,2,Daily Night Sky Prize,7,SPT,count,12,27791,115585,0,0.0,0.0,0.0,0.0,0.0
2026-07-27,2026-08-16,Variant A,10-19,NONPAYER,2,Daily Night Sky Prize,7,SPTx2,minutes,13,27791,115585,0,0.0,0.0,0.0,0.0,0.0
2026-07-27,2026-08-16,Variant A,10-19,NONPAYER,2,Flock Flurry,8,HC,HC,1,27791,115585,0,0.0,0.0,0.0,0.0,0.0
2026-07-27,2026-08-16,Variant A,10-19,NONPAYER,2,Flock Flurry,8,Slingshot,count,2,27791,115585,4404,6164.0,0.2218,0.0533,1.3996,15.85
2026-07-27,2026-08-16,Variant A,10-19,NONPAYER,2,Flock Flurry,8,Shuffle,count,3,27791,115585,0,0.0,0.0,0.0,0.0,0.0
2026-07-27,2026-08-16,Variant A,10-19,NONPAYER,2,Flock Flurry,8,Comet,count,4,27791,115585,0,0.0,0.0,0.0,0.0,0.0
2026-07-27,2026-08-16,Variant A,10-19,NONPAYER,2,Flock Flurry,8,Red,count,5,27791,115585,4404,6164.0,0.2218,0.0533,1.3996,15.85
2026-07-27,2026-08-16,Variant A,10-19,NONPAYER,2,Flock Flurry,8,Chuck,count,6,27791,115585,4404,6164.0,0.2218,0.0533,1.3996,15.85
2026-07-27,2026-08-16,Variant A,10-19,NONPAYER,2,Flock Flurry,8,Bomb,count,7,27791,115585,4404,6164.0,0.2218,0.0533,1.3996,15.85
2026-07-27,2026-08-16,Variant A,10-19,NONPAYER,2,Flock Flurry,8,UL Bomb,minutes,8,27791,115585,0,0.0,0.0,0.0,0.0,0.0
2026-07-27,2026-08-16,Variant A,10-19,NONPAYER,2,Flock Flurry,8,UL Chuck,minutes,9,27791,115585,0,0.0,0.0,0.0,0.0,0.0
2026-07-27,2026-08-16,Variant A,10-19,NONPAYER,2,Flock Flurry,8,UL Red,minutes,10,27791,115585,0,0.0,0.0,0.0,0.0,0.0
2026-07-27,2026-08-16,Variant A,10-19,NONPAYER,2,Flock Flurry,8,Unlimited Lives,minutes,11,27791,115585,14837,2369700.0,85.2686,20.5018,159.7156,53.39
2026-07-27,2026-08-16,Variant A,10-19,NONPAYER,2,Flock Flurry,8,SPT,count,12,27791,115585,3927,107920.0,3.8833,0.9337,27.4815,14.13
2026-07-27,2026-08-16,Variant A,10-19,NONPAYER,2,Flock Flurry,8,SPTx2,minutes,13,27791,115585,0,0.0,0.0,0.0,0.0,0.0
2026-07-27,2026-08-16,Variant A,10-19,NONPAYER,2,Hatchling Hideaway,9,HC,HC,1,27791,115585,11351,228450.0,8.2203,1.9765,20.126,40.84
2026-07-27,2026-08-16,Variant A,10-19,NONPAYER,2,Hatchling Hideaway,9,Slingshot,count,2,27791,115585,625,670.0,0.0241,0.0058,1.072,2.25
2026-07-27,2026-08-16,Variant A,10-19,NONPAYER,2,Hatchling Hideaway,9,Shuffle,count,3,27791,115585,3303,3972.0,0.1429,0.0344,1.2025,11.89
2026-07-27,2026-08-16,Variant A,10-19,NONPAYER,2,Hatchling Hideaway,9,Comet,count,4,27791,115585,6800,9166.0,0.3298,0.0793,1.3479,24.47
2026-07-27,2026-08-16,Variant A,10-19,NONPAYER,2,Hatchling Hideaway,9,Red,count,5,27791,115585,14955,22846.0,0.8221,0.1977,1.5276,53.81
2026-07-27,2026-08-16,Variant A,10-19,NONPAYER,2,Hatchling Hideaway,9,Chuck,count,6,27791,115585,10980,16344.0,0.5881,0.1414,1.4885,39.51
2026-07-27,2026-08-16,Variant A,10-19,NONPAYER,2,Hatchling Hideaway,9,Bomb,count,7,27791,115585,7231,10012.0,0.3603,0.0866,1.3846,26.02
2026-07-27,2026-08-16,Variant A,10-19,NONPAYER,2,Hatchling Hideaway,9,UL Bomb,minutes,8,27791,115585,0,0.0,0.0,0.0,0.0,0.0
2026-07-27,2026-08-16,Variant A,10-19,NONPAYER,2,Hatchling Hideaway,9,UL Chuck,minutes,9,27791,115585,446,4770.0,0.1716,0.0413,10.6951,1.6
2026-07-27,2026-08-16,Variant A,10-19,NONPAYER,2,Hatchling Hideaway,9,UL Red,minutes,10,27791,115585,2784,32800.0,1.1802,0.2838,11.7816,10.02
2026-07-27,2026-08-16,Variant A,10-19,NONPAYER,2,Hatchling Hideaway,9,Unlimited Lives,minutes,11,27791,115585,15751,1671120.0,60.1317,14.4579,106.0961,56.68
2026-07-27,2026-08-16,Variant A,10-19,NONPAYER,2,Hatchling Hideaway,9,SPT,count,12,27791,115585,0,0.0,0.0,0.0,0.0,0.0
2026-07-27,2026-08-16,Variant A,10-19,NONPAYER,2,Hatchling Hideaway,9,SPTx2,minutes,13,27791,115585,0,0.0,0.0,0.0,0.0,0.0
2026-07-27,2026-08-16,Variant A,10-19,NONPAYER,2,Jigsaw,10,HC,HC,1,27791,115585,1679,48850.0,1.7578,0.4226,29.0947,6.04
2026-07-27,2026-08-16,Variant A,10-19,NONPAYER,2,Jigsaw,10,Slingshot,count,2,27791,115585,15,17.0,0.0006,0.0001,1.1333,0.05
2026-07-27,2026-08-16,Variant A,10-19,NONPAYER,2,Jigsaw,10,Shuffle,count,3,27791,115585,0,0.0,0.0,0.0,0.0,0.0
2026-07-27,2026-08-16,Variant A,10-19,NONPAYER,2,Jigsaw,10,Comet,count,4,27791,115585,4,4.0,0.0001,0.0,1.0,0.01
2026-07-27,2026-08-16,Variant A,10-19,NONPAYER,2,Jigsaw,10,Red,count,5,27791,115585,581,660.0,0.0237,0.0057,1.136,2.09
2026-07-27,2026-08-16,Variant A,10-19,NONPAYER,2,Jigsaw,10,Chuck,count,6,27791,115585,7019,7917.0,0.2849,0.0685,1.1279,25.26
2026-07-27,2026-08-16,Variant A,10-19,NONPAYER,2,Jigsaw,10,Bomb,count,7,27791,115585,4,4.0,0.0001,0.0,1.0,0.01
2026-07-27,2026-08-16,Variant A,10-19,NONPAYER,2,Jigsaw,10,UL Bomb,minutes,8,27791,115585,585,6540.0,0.2353,0.0566,11.1795,2.1
2026-07-27,2026-08-16,Variant A,10-19,NONPAYER,2,Jigsaw,10,UL Chuck,minutes,9,27791,115585,5046,56705.0,2.0404,0.4906,11.2376,18.16
2026-07-27,2026-08-16,Variant A,10-19,NONPAYER,2,Jigsaw,10,UL Red,minutes,10,27791,115585,6338,71120.0,2.5591,0.6153,11.2212,22.81
2026-07-27,2026-08-16,Variant A,10-19,NONPAYER,2,Jigsaw,10,Unlimited Lives,minutes,11,27791,115585,3404,128610.0,4.6278,1.1127,37.782,12.25
2026-07-27,2026-08-16,Variant A,10-19,NONPAYER,2,Jigsaw,10,SPT,count,12,27791,115585,0,0.0,0.0,0.0,0.0,0.0
2026-07-27,2026-08-16,Variant A,10-19,NONPAYER,2,Jigsaw,10,SPTx2,minutes,13,27791,115585,0,0.0,0.0,0.0,0.0,0.0
2026-07-27,2026-08-16,Variant A,10-19,NONPAYER,2,Kite Festival,11,HC,HC,1,27791,115585,202,29925.0,1.0768,0.2589,148.1436,0.73
2026-07-27,2026-08-16,Variant A,10-19,NONPAYER,2,Kite Festival,11,Slingshot,count,2,27791,115585,445,470.0,0.0169,0.0041,1.0562,1.6
2026-07-27,2026-08-16,Variant A,10-19,NONPAYER,2,Kite Festival,11,Shuffle,count,3,27791,115585,122,129.0,0.0046,0.0011,1.0574,0.44
2026-07-27,2026-08-16,Variant A,10-19,NONPAYER,2,Kite Festival,11,Comet,count,4,27791,115585,29,30.0,0.0011,0.0003,1.0345,0.1
2026-07-27,2026-08-16,Variant A,10-19,NONPAYER,2,Kite Festival,11,Red,count,5,27791,115585,365,389.0,0.014,0.0034,1.0658,1.31
2026-07-27,2026-08-16,Variant A,10-19,NONPAYER,2,Kite Festival,11,Chuck,count,6,27791,115585,370,387.0,0.0139,0.0033,1.0459,1.33
2026-07-27,2026-08-16,Variant A,10-19,NONPAYER,2,Kite Festival,11,Bomb,count,7,27791,115585,233,247.0,0.0089,0.0021,1.0601,0.84
2026-07-27,2026-08-16,Variant A,10-19,NONPAYER,2,Kite Festival,11,UL Bomb,minutes,8,27791,115585,0,0.0,0.0,0.0,0.0,0.0
2026-07-27,2026-08-16,Variant A,10-19,NONPAYER,2,Kite Festival,11,UL Chuck,minutes,9,27791,115585,0,0.0,0.0,0.0,0.0,0.0
2026-07-27,2026-08-16,Variant A,10-19,NONPAYER,2,Kite Festival,11,UL Red,minutes,10,27791,115585,0,0.0,0.0,0.0,0.0,0.0
2026-07-27,2026-08-16,Variant A,10-19,NONPAYER,2,Kite Festival,11,Unlimited Lives,minutes,11,27791,115585,7788,345540.0,12.4335,2.9895,44.3683,28.02
2026-07-27,2026-08-16,Variant A,10-19,NONPAYER,2,Kite Festival,11,SPT,count,12,27791,115585,2443,195050.0,7.0185,1.6875,79.8404,8.79
2026-07-27,2026-08-16,Variant A,10-19,NONPAYER,2,Kite Festival,11,SPTx2,minutes,13,27791,115585,0,0.0,0.0,0.0,0.0,0.0
2026-07-27,2026-08-16,Variant A,10-19,NONPAYER,2,Level Race,12,HC,HC,1,27791,115585,0,0.0,0.0,0.0,0.0,0.0
2026-07-27,2026-08-16,Variant A,10-19,NONPAYER,2,Level Race,12,Slingshot,count,2,27791,115585,0,0.0,0.0,0.0,0.0,0.0
2026-07-27,2026-08-16,Variant A,10-19,NONPAYER,2,Level Race,12,Shuffle,count,3,27791,115585,0,0.0,0.0,0.0,0.0,0.0
2026-07-27,2026-08-16,Variant A,10-19,NONPAYER,2,Level Race,12,Comet,count,4,27791,115585,0,0.0,0.0,0.0,0.0,0.0
2026-07-27,2026-08-16,Variant A,10-19,NONPAYER,2,Level Race,12,Red,count,5,27791,115585,0,0.0,0.0,0.0,0.0,0.0
2026-07-27,2026-08-16,Variant A,10-19,NONPAYER,2,Level Race,12,Chuck,count,6,27791,115585,0,0.0,0.0,0.0,0.0,0.0
2026-07-27,2026-08-16,Variant A,10-19,NONPAYER,2,Level Race,12,Bomb,count,7,27791,115585,0,0.0,0.0,0.0,0.0,0.0
2026-07-27,2026-08-16,Variant A,10-19,NONPAYER,2,Level Race,12,UL Bomb,minutes,8,27791,115585,0,0.0,0.0,0.0,0.0,0.0
2026-07-27,2026-08-16,Variant A,10-19,NONPAYER,2,Level Race,12,UL Chuck,minutes,9,27791,115585,0,0.0,0.0,0.0,0.0,0.0
2026-07-27,2026-08-16,Variant A,10-19,NONPAYER,2,Level Race,12,UL Red,minutes,10,27791,115585,0,0.0,0.0,0.0,0.0,0.0
2026-07-27,2026-08-16,Variant A,10-19,NONPAYER,2,Level Race,12,Unlimited Lives,minutes,11,27791,115585,0,0.0,0.0,0.0,0.0,0.0
2026-07-27,2026-08-16,Variant A,10-19,NONPAYER,2,Level Race,12,SPT,count,12,27791,115585,0,0.0,0.0,0.0,0.0,0.0
2026-07-27,2026-08-16,Variant A,10-19,NONPAYER,2,Level Race,12,SPTx2,minutes,13,27791,115585,0,0.0,0.0,0.0,0.0,0.0
2026-07-27,2026-08-16,Variant A,10-19,NONPAYER,2,Other,13,HC,HC,1,27791,115585,5029,284726.0,10.2453,2.4633,56.6168,18.1
2026-07-27,2026-08-16,Variant A,10-19,NONPAYER,2,Other,13,Slingshot,count,2,27791,115585,3206,3597.0,0.1294,0.0311,1.122,11.54
2026-07-27,2026-08-16,Variant A,10-19,NONPAYER,2,Other,13,Shuffle,count,3,27791,115585,2635,3134.0,0.1128,0.0271,1.1894,9.48
2026-07-27,2026-08-16,Variant A,10-19,NONPAYER,2,Other,13,Comet,count,4,27791,115585,1418,1488.0,0.0535,0.0129,1.0494,5.1
2026-07-27,2026-08-16,Variant A,10-19,NONPAYER,2,Other,13,Red,count,5,27791,115585,12580,17759.0,0.639,0.1536,1.4117,45.27
2026-07-27,2026-08-16,Variant A,10-19,NONPAYER,2,Other,13,Chuck,count,6,27791,115585,12442,17461.0,0.6283,0.1511,1.4034,44.77
2026-07-27,2026-08-16,Variant A,10-19,NONPAYER,2,Other,13,Bomb,count,7,27791,115585,12391,17380.0,0.6254,0.1504,1.4026,44.59
2026-07-27,2026-08-16,Variant A,10-19,NONPAYER,2,Other,13,UL Bomb,minutes,8,27791,115585,63,1965.0,0.0707,0.017,31.1905,0.23
2026-07-27,2026-08-16,Variant A,10-19,NONPAYER,2,Other,13,UL Chuck,minutes,9,27791,115585,64,1970.0,0.0709,0.017,30.7813,0.23
2026-07-27,2026-08-16,Variant A,10-19,NONPAYER,2,Other,13,UL Red,minutes,10,27791,115585,63,1965.0,0.0707,0.017,31.1905,0.23
2026-07-27,2026-08-16,Variant A,10-19,NONPAYER,2,Other,13,Unlimited Lives,minutes,11,27791,115585,2891,109254.0,3.9313,0.9452,37.7911,10.4
2026-07-27,2026-08-16,Variant A,10-19,NONPAYER,2,Other,13,SPT,count,12,27791,115585,10686,577670.0,20.7862,4.9978,54.0586,38.45
2026-07-27,2026-08-16,Variant A,10-19,NONPAYER,2,Other,13,SPTx2,minutes,13,27791,115585,0,0.0,0.0,0.0,0.0,0.0
2026-07-27,2026-08-16,Variant A,10-19,NONPAYER,2,Photoshoot,14,HC,HC,1,27791,115585,739,19075.0,0.6864,0.165,25.8119,2.66
2026-07-27,2026-08-16,Variant A,10-19,NONPAYER,2,Photoshoot,14,Slingshot,count,2,27791,115585,0,0.0,0.0,0.0,0.0,0.0
2026-07-27,2026-08-16,Variant A,10-19,NONPAYER,2,Photoshoot,14,Shuffle,count,3,27791,115585,1,1.0,0.0,0.0,1.0,0.0
2026-07-27,2026-08-16,Variant A,10-19,NONPAYER,2,Photoshoot,14,Comet,count,4,27791,115585,0,0.0,0.0,0.0,0.0,0.0
2026-07-27,2026-08-16,Variant A,10-19,NONPAYER,2,Photoshoot,14,Red,count,5,27791,115585,98,98.0,0.0035,0.0008,1.0,0.35
2026-07-27,2026-08-16,Variant A,10-19,NONPAYER,2,Photoshoot,14,Chuck,count,6,27791,115585,2625,2673.0,0.0962,0.0231,1.0183,9.45
2026-07-27,2026-08-16,Variant A,10-19,NONPAYER,2,Photoshoot,14,Bomb,count,7,27791,115585,1,1.0,0.0,0.0,1.0,0.0
2026-07-27,2026-08-16,Variant A,10-19,NONPAYER,2,Photoshoot,14,UL Bomb,minutes,8,27791,115585,2,30.0,0.0011,0.0003,15.0,0.01
2026-07-27,2026-08-16,Variant A,10-19,NONPAYER,2,Photoshoot,14,UL Chuck,minutes,9,27791,115585,21,315.0,0.0113,0.0027,15.0,0.08
2026-07-27,2026-08-16,Variant A,10-19,NONPAYER,2,Photoshoot,14,UL Red,minutes,10,27791,115585,281,4275.0,0.1538,0.037,15.2135,1.01
2026-07-27,2026-08-16,Variant A,10-19,NONPAYER,2,Photoshoot,14,Unlimited Lives,minutes,11,27791,115585,1536,55260.0,1.9884,0.4781,35.9766,5.53
2026-07-27,2026-08-16,Variant A,10-19,NONPAYER,2,Photoshoot,14,SPT,count,12,27791,115585,0,0.0,0.0,0.0,0.0,0.0
2026-07-27,2026-08-16,Variant A,10-19,NONPAYER,2,Photoshoot,14,SPTx2,minutes,13,27791,115585,0,0.0,0.0,0.0,0.0,0.0
2026-07-27,2026-08-16,Variant A,10-19,NONPAYER,2,Red Challenge,15,HC,HC,1,27791,115585,877,86350.0,3.1071,0.7471,98.4607,3.16
2026-07-27,2026-08-16,Variant A,10-19,NONPAYER,2,Red Challenge,15,Slingshot,count,2,27791,115585,4163,4883.0,0.1757,0.0422,1.173,14.98
2026-07-27,2026-08-16,Variant A,10-19,NONPAYER,2,Red Challenge,15,Shuffle,count,3,27791,115585,2007,2216.0,0.0797,0.0192,1.1041,7.22
2026-07-27,2026-08-16,Variant A,10-19,NONPAYER,2,Red Challenge,15,Comet,count,4,27791,115585,138,150.0,0.0054,0.0013,1.087,0.5
2026-07-27,2026-08-16,Variant A,10-19,NONPAYER,2,Red Challenge,15,Red,count,5,27791,115585,2,2.0,0.0001,0.0,1.0,0.01
2026-07-27,2026-08-16,Variant A,10-19,NONPAYER,2,Red Challenge,15,Chuck,count,6,27791,115585,0,0.0,0.0,0.0,0.0,0.0
2026-07-27,2026-08-16,Variant A,10-19,NONPAYER,2,Red Challenge,15,Bomb,count,7,27791,115585,0,0.0,0.0,0.0,0.0,0.0
2026-07-27,2026-08-16,Variant A,10-19,NONPAYER,2,Red Challenge,15,UL Bomb,minutes,8,27791,115585,0,0.0,0.0,0.0,0.0,0.0
2026-07-27,2026-08-16,Variant A,10-19,NONPAYER,2,Red Challenge,15,UL Chuck,minutes,9,27791,115585,0,0.0,0.0,0.0,0.0,0.0
2026-07-27,2026-08-16,Variant A,10-19,NONPAYER,2,Red Challenge,15,UL Red,minutes,10,27791,115585,0,0.0,0.0,0.0,0.0,0.0
2026-07-27,2026-08-16,Variant A,10-19,NONPAYER,2,Red Challenge,15,Unlimited Lives,minutes,11,27791,115585,0,0.0,0.0,0.0,0.0,0.0
2026-07-27,2026-08-16,Variant A,10-19,NONPAYER,2,Red Challenge,15,SPT,count,12,27791,115585,0,0.0,0.0,0.0,0.0,0.0
2026-07-27,2026-08-16,Variant A,10-19,NONPAYER,2,Red Challenge,15,SPTx2,minutes,13,27791,115585,0,0.0,0.0,0.0,0.0,0.0
2026-07-27,2026-08-16,Variant A,10-19,NONPAYER,2,River Rush,16,HC,HC,1,27791,115585,12,585.0,0.021,0.0051,48.75,0.04
2026-07-27,2026-08-16,Variant A,10-19,NONPAYER,2,River Rush,16,Slingshot,count,2,27791,115585,1,1.0,0.0,0.0,1.0,0.0
2026-07-27,2026-08-16,Variant A,10-19,NONPAYER,2,River Rush,16,Shuffle,count,3,27791,115585,16,16.0,0.0006,0.0001,1.0,0.06
2026-07-27,2026-08-16,Variant A,10-19,NONPAYER,2,River Rush,16,Comet,count,4,27791,115585,9,9.0,0.0003,0.0001,1.0,0.03
2026-07-27,2026-08-16,Variant A,10-19,NONPAYER,2,River Rush,16,Red,count,5,27791,115585,8,8.0,0.0003,0.0001,1.0,0.03
2026-07-27,2026-08-16,Variant A,10-19,NONPAYER,2,River Rush,16,Chuck,count,6,27791,115585,2,2.0,0.0001,0.0,1.0,0.01
2026-07-27,2026-08-16,Variant A,10-19,NONPAYER,2,River Rush,16,Bomb,count,7,27791,115585,2,2.0,0.0001,0.0,1.0,0.01
2026-07-27,2026-08-16,Variant A,10-19,NONPAYER,2,River Rush,16,UL Bomb,minutes,8,27791,115585,0,0.0,0.0,0.0,0.0,0.0
2026-07-27,2026-08-16,Variant A,10-19,NONPAYER,2,River Rush,16,UL Chuck,minutes,9,27791,115585,3,30.0,0.0011,0.0003,10.0,0.01
2026-07-27,2026-08-16,Variant A,10-19,NONPAYER,2,River Rush,16,UL Red,minutes,10,27791,115585,1,15.0,0.0005,0.0001,15.0,0.0
2026-07-27,2026-08-16,Variant A,10-19,NONPAYER,2,River Rush,16,Unlimited Lives,minutes,11,27791,115585,0,0.0,0.0,0.0,0.0,0.0
2026-07-27,2026-08-16,Variant A,10-19,NONPAYER,2,River Rush,16,SPT,count,12,27791,115585,3,80.0,0.0029,0.0007,26.6667,0.01
2026-07-27,2026-08-16,Variant A,10-19,NONPAYER,2,River Rush,16,SPTx2,minutes,13,27791,115585,4,45.0,0.0016,0.0004,11.25,0.01
2026-07-27,2026-08-16,Variant A,10-19,NONPAYER,2,Saga,17,HC,HC,1,27791,115585,22973,1033760.0,37.1977,8.9437,44.9989,82.66
2026-07-27,2026-08-16,Variant A,10-19,NONPAYER,2,Saga,17,Slingshot,count,2,27791,115585,12202,16048.0,0.5775,0.1388,1.3152,43.91
2026-07-27,2026-08-16,Variant A,10-19,NONPAYER,2,Saga,17,Shuffle,count,3,27791,115585,12064,15936.0,0.5734,0.1379,1.321,43.41
2026-07-27,2026-08-16,Variant A,10-19,NONPAYER,2,Saga,17,Comet,count,4,27791,115585,154,168.0,0.006,0.0015,1.0909,0.55
2026-07-27,2026-08-16,Variant A,10-19,NONPAYER,2,Saga,17,Red,count,5,27791,115585,12815,17153.0,0.6172,0.1484,1.3385,46.11
2026-07-27,2026-08-16,Variant A,10-19,NONPAYER,2,Saga,17,Chuck,count,6,27791,115585,12219,16172.0,0.5819,0.1399,1.3235,43.97
2026-07-27,2026-08-16,Variant A,10-19,NONPAYER,2,Saga,17,Bomb,count,7,27791,115585,11877,15630.0,0.5624,0.1352,1.316,42.74
2026-07-27,2026-08-16,Variant A,10-19,NONPAYER,2,Saga,17,UL Bomb,minutes,8,27791,115585,0,0.0,0.0,0.0,0.0,0.0
2026-07-27,2026-08-16,Variant A,10-19,NONPAYER,2,Saga,17,UL Chuck,minutes,9,27791,115585,0,0.0,0.0,0.0,0.0,0.0
2026-07-27,2026-08-16,Variant A,10-19,NONPAYER,2,Saga,17,UL Red,minutes,10,27791,115585,0,0.0,0.0,0.0,0.0,0.0
2026-07-27,2026-08-16,Variant A,10-19,NONPAYER,2,Saga,17,Unlimited Lives,minutes,11,27791,115585,26016,4243670.0,152.6994,36.7147,163.1177,93.61
2026-07-27,2026-08-16,Variant A,10-19,NONPAYER,2,Saga,17,SPT,count,12,27791,115585,0,0.0,0.0,0.0,0.0,0.0
2026-07-27,2026-08-16,Variant A,10-19,NONPAYER,2,Saga,17,SPTx2,minutes,13,27791,115585,0,0.0,0.0,0.0,0.0,0.0
2026-07-27,2026-08-16,Variant A,10-19,NONPAYER,2,Season Pass (Free),18,HC,HC,1,27791,115585,13639,474635.0,17.0787,4.1064,34.7998,49.08
2026-07-27,2026-08-16,Variant A,10-19,NONPAYER,2,Season Pass (Free),18,Slingshot,count,2,27791,115585,2538,2742.0,0.0987,0.0237,1.0804,9.13
2026-07-27,2026-08-16,Variant A,10-19,NONPAYER,2,Season Pass (Free),18,Shuffle,count,3,27791,115585,6401,7668.0,0.2759,0.0663,1.1979,23.03
2026-07-27,2026-08-16,Variant A,10-19,NONPAYER,2,Season Pass (Free),18,Comet,count,4,27791,115585,0,0.0,0.0,0.0,0.0,0.0
2026-07-27,2026-08-16,Variant A,10-19,NONPAYER,2,Season Pass (Free),18,Red,count,5,27791,115585,10684,20709.0,0.7452,0.1792,1.9383,38.44
2026-07-27,2026-08-16,Variant A,10-19,NONPAYER,2,Season Pass (Free),18,Chuck,count,6,27791,115585,11664,22663.0,0.8155,0.1961,1.943,41.97
2026-07-27,2026-08-16,Variant A,10-19,NONPAYER,2,Season Pass (Free),18,Bomb,count,7,27791,115585,5611,7174.0,0.2581,0.0621,1.2786,20.19
2026-07-27,2026-08-16,Variant A,10-19,NONPAYER,2,Season Pass (Free),18,UL Bomb,minutes,8,27791,115585,16,205.0,0.0074,0.0018,12.8125,0.06
2026-07-27,2026-08-16,Variant A,10-19,NONPAYER,2,Season Pass (Free),18,UL Chuck,minutes,9,27791,115585,4112,66975.0,2.41,0.5794,16.2877,14.8
2026-07-27,2026-08-16,Variant A,10-19,NONPAYER,2,Season Pass (Free),18,UL Red,minutes,10,27791,115585,9646,143115.0,5.1497,1.2382,14.8367,34.71
2026-07-27,2026-08-16,Variant A,10-19,NONPAYER,2,Season Pass (Free),18,Unlimited Lives,minutes,11,27791,115585,11362,633860.0,22.8081,5.4839,55.7877,40.88
2026-07-27,2026-08-16,Variant A,10-19,NONPAYER,2,Season Pass (Free),18,SPT,count,12,27791,115585,254,12770.0,0.4595,0.1105,50.2756,0.91
2026-07-27,2026-08-16,Variant A,10-19,NONPAYER,2,Season Pass (Free),18,SPTx2,minutes,13,27791,115585,0,0.0,0.0,0.0,0.0,0.0
2026-07-27,2026-08-16,Variant A,10-19,NONPAYER,2,Target Day,19,HC,HC,1,27791,115585,2842,155675.0,5.6016,1.3468,54.7766,10.23
2026-07-27,2026-08-16,Variant A,10-19,NONPAYER,2,Target Day,19,Slingshot,count,2,27791,115585,3878,4660.0,0.1677,0.0403,1.2017,13.95
2026-07-27,2026-08-16,Variant A,10-19,NONPAYER,2,Target Day,19,Shuffle,count,3,27791,115585,1119,1211.0,0.0436,0.0105,1.0822,4.03
2026-07-27,2026-08-16,Variant A,10-19,NONPAYER,2,Target Day,19,Comet,count,4,27791,115585,539,565.0,0.0203,0.0049,1.0482,1.94
2026-07-27,2026-08-16,Variant A,10-19,NONPAYER,2,Target Day,19,Red,count,5,27791,115585,6421,8606.0,0.3097,0.0745,1.3403,23.1
2026-07-27,2026-08-16,Variant A,10-19,NONPAYER,2,Target Day,19,Chuck,count,6,27791,115585,4451,5493.0,0.1977,0.0475,1.2341,16.02
2026-07-27,2026-08-16,Variant A,10-19,NONPAYER,2,Target Day,19,Bomb,count,7,27791,115585,1461,1576.0,0.0567,0.0136,1.0787,5.26
2026-07-27,2026-08-16,Variant A,10-19,NONPAYER,2,Target Day,19,UL Bomb,minutes,8,27791,115585,0,0.0,0.0,0.0,0.0,0.0
2026-07-27,2026-08-16,Variant A,10-19,NONPAYER,2,Target Day,19,UL Chuck,minutes,9,27791,115585,0,0.0,0.0,0.0,0.0,0.0
2026-07-27,2026-08-16,Variant A,10-19,NONPAYER,2,Target Day,19,UL Red,minutes,10,27791,115585,0,0.0,0.0,0.0,0.0,0.0
2026-07-27,2026-08-16,Variant A,10-19,NONPAYER,2,Target Day,19,Unlimited Lives,minutes,11,27791,115585,13619,878950.0,31.6271,7.6044,64.5385,49.01
2026-07-27,2026-08-16,Variant A,10-19,NONPAYER,2,Target Day,19,SPT,count,12,27791,115585,3,30.0,0.0011,0.0003,10.0,0.01
2026-07-27,2026-08-16,Variant A,10-19,NONPAYER,2,Target Day,19,SPTx2,minutes,13,27791,115585,0,0.0,0.0,0.0,0.0,0.0
2026-07-27,2026-08-16,Variant A,10-19,NONPAYER,2,Team Event,20,HC,HC,1,27791,115585,6107,742180.0,26.7058,6.4211,121.5294,21.97
2026-07-27,2026-08-16,Variant A,10-19,NONPAYER,2,Team Event,20,Slingshot,count,2,27791,115585,4924,9186.0,0.3305,0.0795,1.8656,17.72
2026-07-27,2026-08-16,Variant A,10-19,NONPAYER,2,Team Event,20,Shuffle,count,3,27791,115585,1593,4406.0,0.1585,0.0381,2.7659,5.73
2026-07-27,2026-08-16,Variant A,10-19,NONPAYER,2,Team Event,20,Comet,count,4,27791,115585,1123,2074.0,0.0746,0.0179,1.8468,4.04
2026-07-27,2026-08-16,Variant A,10-19,NONPAYER,2,Team Event,20,Red,count,5,27791,115585,0,0.0,0.0,0.0,0.0,0.0
2026-07-27,2026-08-16,Variant A,10-19,NONPAYER,2,Team Event,20,Chuck,count,6,27791,115585,0,0.0,0.0,0.0,0.0,0.0
2026-07-27,2026-08-16,Variant A,10-19,NONPAYER,2,Team Event,20,Bomb,count,7,27791,115585,0,0.0,0.0,0.0,0.0,0.0
2026-07-27,2026-08-16,Variant A,10-19,NONPAYER,2,Team Event,20,UL Bomb,minutes,8,27791,115585,0,0.0,0.0,0.0,0.0,0.0
2026-07-27,2026-08-16,Variant A,10-19,NONPAYER,2,Team Event,20,UL Chuck,minutes,9,27791,115585,0,0.0,0.0,0.0,0.0,0.0
2026-07-27,2026-08-16,Variant A,10-19,NONPAYER,2,Team Event,20,UL Red,minutes,10,27791,115585,0,0.0,0.0,0.0,0.0,0.0
2026-07-27,2026-08-16,Variant A,10-19,NONPAYER,2,Team Event,20,Unlimited Lives,minutes,11,27791,115585,0,0.0,0.0,0.0,0.0,0.0
2026-07-27,2026-08-16,Variant A,10-19,NONPAYER,2,Team Event,20,SPT,count,12,27791,115585,1,65.0,0.0023,0.0006,65.0,0.0
2026-07-27,2026-08-16,Variant A,10-19,NONPAYER,2,Team Event,20,SPTx2,minutes,13,27791,115585,0,0.0,0.0,0.0,0.0,0.0
2026-07-27,2026-08-16,Variant A,10-19,NONPAYER,2,Team Race,21,HC,HC,1,27791,115585,8888,951395.0,34.2339,8.2311,107.0426,31.98
2026-07-27,2026-08-16,Variant A,10-19,NONPAYER,2,Team Race,21,Slingshot,count,2,27791,115585,4997,6545.0,0.2355,0.0566,1.3098,17.98
2026-07-27,2026-08-16,Variant A,10-19,NONPAYER,2,Team Race,21,Shuffle,count,3,27791,115585,6162,8802.0,0.3167,0.0762,1.4284,22.17
2026-07-27,2026-08-16,Variant A,10-19,NONPAYER,2,Team Race,21,Comet,count,4,27791,115585,8544,13558.0,0.4879,0.1173,1.5868,30.74
2026-07-27,2026-08-16,Variant A,10-19,NONPAYER,2,Team Race,21,Red,count,5,27791,115585,1139,1264.0,0.0455,0.0109,1.1097,4.1
2026-07-27,2026-08-16,Variant A,10-19,NONPAYER,2,Team Race,21,Chuck,count,6,27791,115585,2001,2314.0,0.0833,0.02,1.1564,7.2
2026-07-27,2026-08-16,Variant A,10-19,NONPAYER,2,Team Race,21,Bomb,count,7,27791,115585,4755,6547.0,0.2356,0.0566,1.3769,17.11
2026-07-27,2026-08-16,Variant A,10-19,NONPAYER,2,Team Race,21,UL Bomb,minutes,8,27791,115585,0,0.0,0.0,0.0,0.0,0.0
2026-07-27,2026-08-16,Variant A,10-19,NONPAYER,2,Team Race,21,UL Chuck,minutes,9,27791,115585,0,0.0,0.0,0.0,0.0,0.0
2026-07-27,2026-08-16,Variant A,10-19,NONPAYER,2,Team Race,21,UL Red,minutes,10,27791,115585,0,0.0,0.0,0.0,0.0,0.0
2026-07-27,2026-08-16,Variant A,10-19,NONPAYER,2,Team Race,21,Unlimited Lives,minutes,11,27791,115585,0,0.0,0.0,0.0,0.0,0.0
2026-07-27,2026-08-16,Variant A,10-19,NONPAYER,2,Team Race,21,SPT,count,12,27791,115585,0,0.0,0.0,0.0,0.0,0.0
2026-07-27,2026-08-16,Variant A,10-19,NONPAYER,2,Team Race,21,SPTx2,minutes,13,27791,115585,0,0.0,0.0,0.0,0.0,0.0
2026-07-27,2026-08-16,Variant A,10-19,NONPAYER,2,Flash Race,22,HC,HC,1,27791,115585,7229,278785.0,10.0315,2.4119,38.5648,26.01
2026-07-27,2026-08-16,Variant A,10-19,NONPAYER,2,Flash Race,22,Slingshot,count,2,27791,115585,2909,3455.0,0.1243,0.0299,1.1877,10.47
2026-07-27,2026-08-16,Variant A,10-19,NONPAYER,2,Flash Race,22,Shuffle,count,3,27791,115585,3183,3874.0,0.1394,0.0335,1.2171,11.45
2026-07-27,2026-08-16,Variant A,10-19,NONPAYER,2,Flash Race,22,Comet,count,4,27791,115585,2186,2601.0,0.0936,0.0225,1.1898,7.87
2026-07-27,2026-08-16,Variant A,10-19,NONPAYER,2,Flash Race,22,Red,count,5,27791,115585,1223,1373.0,0.0494,0.0119,1.1226,4.4
2026-07-27,2026-08-16,Variant A,10-19,NONPAYER,2,Flash Race,22,Chuck,count,6,27791,115585,2018,2336.0,0.0841,0.0202,1.1576,7.26
2026-07-27,2026-08-16,Variant A,10-19,NONPAYER,2,Flash Race,22,Bomb,count,7,27791,115585,3467,4158.0,0.1496,0.036,1.1993,12.48
2026-07-27,2026-08-16,Variant A,10-19,NONPAYER,2,Flash Race,22,UL Bomb,minutes,8,27791,115585,0,0.0,0.0,0.0,0.0,0.0
2026-07-27,2026-08-16,Variant A,10-19,NONPAYER,2,Flash Race,22,UL Chuck,minutes,9,27791,115585,0,0.0,0.0,0.0,0.0,0.0
2026-07-27,2026-08-16,Variant A,10-19,NONPAYER,2,Flash Race,22,UL Red,minutes,10,27791,115585,0,0.0,0.0,0.0,0.0,0.0
2026-07-27,2026-08-16,Variant A,10-19,NONPAYER,2,Flash Race,22,Unlimited Lives,minutes,11,27791,115585,655,34590.0,1.2446,0.2993,52.8092,2.36
2026-07-27,2026-08-16,Variant A,10-19,NONPAYER,2,Flash Race,22,SPT,count,12,27791,115585,9498,829850.0,29.8604,7.1796,87.371,34.18
2026-07-27,2026-08-16,Variant A,10-19,NONPAYER,2,Flash Race,22,SPTx2,minutes,13,27791,115585,0,0.0,0.0,0.0,0.0,0.0
2026-07-27,2026-08-16,Variant A,10-19,NONPAYER,2,FlowerCoop,23,HC,HC,1,27791,115585,0,0.0,0.0,0.0,0.0,0.0
2026-07-27,2026-08-16,Variant A,10-19,NONPAYER,2,FlowerCoop,23,Slingshot,count,2,27791,115585,0,0.0,0.0,0.0,0.0,0.0
2026-07-27,2026-08-16,Variant A,10-19,NONPAYER,2,FlowerCoop,23,Shuffle,count,3,27791,115585,0,0.0,0.0,0.0,0.0,0.0
2026-07-27,2026-08-16,Variant A,10-19,NONPAYER,2,FlowerCoop,23,Comet,count,4,27791,115585,0,0.0,0.0,0.0,0.0,0.0
2026-07-27,2026-08-16,Variant A,10-19,NONPAYER,2,FlowerCoop,23,Red,count,5,27791,115585,0,0.0,0.0,0.0,0.0,0.0
2026-07-27,2026-08-16,Variant A,10-19,NONPAYER,2,FlowerCoop,23,Chuck,count,6,27791,115585,0,0.0,0.0,0.0,0.0,0.0
2026-07-27,2026-08-16,Variant A,10-19,NONPAYER,2,FlowerCoop,23,Bomb,count,7,27791,115585,0,0.0,0.0,0.0,0.0,0.0
2026-07-27,2026-08-16,Variant A,10-19,NONPAYER,2,FlowerCoop,23,UL Bomb,minutes,8,27791,115585,0,0.0,0.0,0.0,0.0,0.0
2026-07-27,2026-08-16,Variant A,10-19,NONPAYER,2,FlowerCoop,23,UL Chuck,minutes,9,27791,115585,0,0.0,0.0,0.0,0.0,0.0
2026-07-27,2026-08-16,Variant A,10-19,NONPAYER,2,FlowerCoop,23,UL Red,minutes,10,27791,115585,0,0.0,0.0,0.0,0.0,0.0
2026-07-27,2026-08-16,Variant A,10-19,NONPAYER,2,FlowerCoop,23,Unlimited Lives,minutes,11,27791,115585,0,0.0,0.0,0.0,0.0,0.0
2026-07-27,2026-08-16,Variant A,10-19,NONPAYER,2,FlowerCoop,23,SPT,count,12,27791,115585,0,0.0,0.0,0.0,0.0,0.0
2026-07-27,2026-08-16,Variant A,10-19,NONPAYER,2,FlowerCoop,23,SPTx2,minutes,13,27791,115585,0,0.0,0.0,0.0,0.0,0.0
2026-07-27,2026-08-16,Variant A,10-19,NONPAYER,2,Rainbow Maker,24,HC,HC,1,27791,115585,18990,776430.0,27.9382,6.7174,40.8863,68.33
2026-07-27,2026-08-16,Variant A,10-19,NONPAYER,2,Rainbow Maker,24,Slingshot,count,2,27791,115585,16436,51009.0,1.8355,0.4413,3.1035,59.14
2026-07-27,2026-08-16,Variant A,10-19,NONPAYER,2,Rainbow Maker,24,Shuffle,count,3,27791,115585,11546,18684.0,0.6723,0.1616,1.6182,41.55
2026-07-27,2026-08-16,Variant A,10-19,NONPAYER,2,Rainbow Maker,24,Comet,count,4,27791,115585,9203,13880.0,0.4994,0.1201,1.5082,33.12
2026-07-27,2026-08-16,Variant A,10-19,NONPAYER,2,Rainbow Maker,24,Red,count,5,27791,115585,17732,25848.0,0.9301,0.2236,1.4577,63.8
2026-07-27,2026-08-16,Variant A,10-19,NONPAYER,2,Rainbow Maker,24,Chuck,count,6,27791,115585,16282,28018.0,1.0082,0.2424,1.7208,58.59
2026-07-27,2026-08-16,Variant A,10-19,NONPAYER,2,Rainbow Maker,24,Bomb,count,7,27791,115585,3088,4344.0,0.1563,0.0376,1.4067,11.11
2026-07-27,2026-08-16,Variant A,10-19,NONPAYER,2,Rainbow Maker,24,UL Bomb,minutes,8,27791,115585,0,0.0,0.0,0.0,0.0,0.0
2026-07-27,2026-08-16,Variant A,10-19,NONPAYER,2,Rainbow Maker,24,UL Chuck,minutes,9,27791,115585,16,200.0,0.0072,0.0017,12.5,0.06
2026-07-27,2026-08-16,Variant A,10-19,NONPAYER,2,Rainbow Maker,24,UL Red,minutes,10,27791,115585,8445,139280.0,5.0117,1.205,16.4926,30.39
2026-07-27,2026-08-16,Variant A,10-19,NONPAYER,2,Rainbow Maker,24,Unlimited Lives,minutes,11,27791,115585,18697,1162945.0,41.8461,10.0614,62.1996,67.28
2026-07-27,2026-08-16,Variant A,10-19,NONPAYER,2,Rainbow Maker,24,SPT,count,12,27791,115585,17733,2997760.0,107.868,25.9355,169.0498,63.81
2026-07-27,2026-08-16,Variant A,10-19,NONPAYER,2,Rainbow Maker,24,SPTx2,minutes,13,27791,115585,12029,160510.0,5.7756,1.3887,13.3436,43.28
2026-07-27,2026-08-16,Variant A,10-19,NONPAYER,2,IAPs,25,HC,HC,1,27791,115585,0,0.0,0.0,0.0,0.0,0.0
2026-07-27,2026-08-16,Variant A,10-19,NONPAYER,2,IAPs,25,Slingshot,count,2,27791,115585,0,0.0,0.0,0.0,0.0,0.0
2026-07-27,2026-08-16,Variant A,10-19,NONPAYER,2,IAPs,25,Shuffle,count,3,27791,115585,0,0.0,0.0,0.0,0.0,0.0
2026-07-27,2026-08-16,Variant A,10-19,NONPAYER,2,IAPs,25,Comet,count,4,27791,115585,0,0.0,0.0,0.0,0.0,0.0
2026-07-27,2026-08-16,Variant A,10-19,NONPAYER,2,IAPs,25,Red,count,5,27791,115585,0,0.0,0.0,0.0,0.0,0.0
2026-07-27,2026-08-16,Variant A,10-19,NONPAYER,2,IAPs,25,Chuck,count,6,27791,115585,0,0.0,0.0,0.0,0.0,0.0
2026-07-27,2026-08-16,Variant A,10-19,NONPAYER,2,IAPs,25,Bomb,count,7,27791,115585,0,0.0,0.0,0.0,0.0,0.0
2026-07-27,2026-08-16,Variant A,10-19,NONPAYER,2,IAPs,25,UL Bomb,minutes,8,27791,115585,0,0.0,0.0,0.0,0.0,0.0
2026-07-27,2026-08-16,Variant A,10-19,NONPAYER,2,IAPs,25,UL Chuck,minutes,9,27791,115585,0,0.0,0.0,0.0,0.0,0.0
2026-07-27,2026-08-16,Variant A,10-19,NONPAYER,2,IAPs,25,UL Red,minutes,10,27791,115585,0,0.0,0.0,0.0,0.0,0.0
2026-07-27,2026-08-16,Variant A,10-19,NONPAYER,2,IAPs,25,Unlimited Lives,minutes,11,27791,115585,0,0.0,0.0,0.0,0.0,0.0
2026-07-27,2026-08-16,Variant A,10-19,NONPAYER,2,IAPs,25,SPT,count,12,27791,115585,0,0.0,0.0,0.0,0.0,0.0
2026-07-27,2026-08-16,Variant A,10-19,NONPAYER,2,IAPs,25,SPTx2,minutes,13,27791,115585,0,0.0,0.0,0.0,0.0,0.0
2026-07-27,2026-08-16,Variant A,10-19,PAYER,2,Ads,1,HC,HC,1,7284,30952,2640,161820.0,22.2158,5.2281,61.2955,36.24
2026-07-27,2026-08-16,Variant A,10-19,PAYER,2,Ads,1,Slingshot,count,2,7284,30952,1620,3557.0,0.4883,0.1149,2.1957,22.24
2026-07-27,2026-08-16,Variant A,10-19,PAYER,2,Ads,1,Shuffle,count,3,7284,30952,1670,3620.0,0.497,0.117,2.1677,22.93
2026-07-27,2026-08-16,Variant A,10-19,PAYER,2,Ads,1,Comet,count,4,7284,30952,1049,1745.0,0.2396,0.0564,1.6635,14.4
2026-07-27,2026-08-16,Variant A,10-19,PAYER,2,Ads,1,Red,count,5,7284,30952,0,0.0,0.0,0.0,0.0,0.0
2026-07-27,2026-08-16,Variant A,10-19,PAYER,2,Ads,1,Chuck,count,6,7284,30952,0,0.0,0.0,0.0,0.0,0.0
2026-07-27,2026-08-16,Variant A,10-19,PAYER,2,Ads,1,Bomb,count,7,7284,30952,0,0.0,0.0,0.0,0.0,0.0
2026-07-27,2026-08-16,Variant A,10-19,PAYER,2,Ads,1,UL Bomb,minutes,8,7284,30952,0,0.0,0.0,0.0,0.0,0.0
2026-07-27,2026-08-16,Variant A,10-19,PAYER,2,Ads,1,UL Chuck,minutes,9,7284,30952,0,0.0,0.0,0.0,0.0,0.0
2026-07-27,2026-08-16,Variant A,10-19,PAYER,2,Ads,1,UL Red,minutes,10,7284,30952,0,0.0,0.0,0.0,0.0,0.0
2026-07-27,2026-08-16,Variant A,10-19,PAYER,2,Ads,1,Unlimited Lives,minutes,11,7284,30952,1881,53500.0,7.3449,1.7285,28.4423,25.82
2026-07-27,2026-08-16,Variant A,10-19,PAYER,2,Ads,1,SPT,count,12,7284,30952,0,0.0,0.0,0.0,0.0,0.0
2026-07-27,2026-08-16,Variant A,10-19,PAYER,2,Ads,1,SPTx2,minutes,13,7284,30952,0,0.0,0.0,0.0,0.0,0.0
2026-07-27,2026-08-16,Variant A,10-19,PAYER,2,Bomb Challenge,2,HC,HC,1,7284,30952,326,36350.0,4.9904,1.1744,111.5031,4.48
2026-07-27,2026-08-16,Variant A,10-19,PAYER,2,Bomb Challenge,2,Slingshot,count,2,7284,30952,826,952.0,0.1307,0.0308,1.1525,11.34
2026-07-27,2026-08-16,Variant A,10-19,PAYER,2,Bomb Challenge,2,Shuffle,count,3,7284,30952,567,639.0,0.0877,0.0206,1.127,7.78
2026-07-27,2026-08-16,Variant A,10-19,PAYER,2,Bomb Challenge,2,Comet,count,4,7284,30952,81,85.0,0.0117,0.0027,1.0494,1.11
2026-07-27,2026-08-16,Variant A,10-19,PAYER,2,Bomb Challenge,2,Red,count,5,7284,30952,0,0.0,0.0,0.0,0.0,0.0
2026-07-27,2026-08-16,Variant A,10-19,PAYER,2,Bomb Challenge,2,Chuck,count,6,7284,30952,0,0.0,0.0,0.0,0.0,0.0
2026-07-27,2026-08-16,Variant A,10-19,PAYER,2,Bomb Challenge,2,Bomb,count,7,7284,30952,0,0.0,0.0,0.0,0.0,0.0
2026-07-27,2026-08-16,Variant A,10-19,PAYER,2,Bomb Challenge,2,UL Bomb,minutes,8,7284,30952,0,0.0,0.0,0.0,0.0,0.0
2026-07-27,2026-08-16,Variant A,10-19,PAYER,2,Bomb Challenge,2,UL Chuck,minutes,9,7284,30952,0,0.0,0.0,0.0,0.0,0.0
2026-07-27,2026-08-16,Variant A,10-19,PAYER,2,Bomb Challenge,2,UL Red,minutes,10,7284,30952,0,0.0,0.0,0.0,0.0,0.0
2026-07-27,2026-08-16,Variant A,10-19,PAYER,2,Bomb Challenge,2,Unlimited Lives,minutes,11,7284,30952,0,0.0,0.0,0.0,0.0,0.0
2026-07-27,2026-08-16,Variant A,10-19,PAYER,2,Bomb Challenge,2,SPT,count,12,7284,30952,0,0.0,0.0,0.0,0.0,0.0
2026-07-27,2026-08-16,Variant A,10-19,PAYER,2,Bomb Challenge,2,SPTx2,minutes,13,7284,30952,0,0.0,0.0,0.0,0.0,0.0
2026-07-27,2026-08-16,Variant A,10-19,PAYER,2,Bomb's Ballet,3,HC,HC,1,7284,30952,420,11100.0,1.5239,0.3586,26.4286,5.77
2026-07-27,2026-08-16,Variant A,10-19,PAYER,2,Bomb's Ballet,3,Slingshot,count,2,7284,30952,2,2.0,0.0003,0.0001,1.0,0.03
2026-07-27,2026-08-16,Variant A,10-19,PAYER,2,Bomb's Ballet,3,Shuffle,count,3,7284,30952,2,2.0,0.0003,0.0001,1.0,0.03
2026-07-27,2026-08-16,Variant A,10-19,PAYER,2,Bomb's Ballet,3,Comet,count,4,7284,30952,2,2.0,0.0003,0.0001,1.0,0.03
2026-07-27,2026-08-16,Variant A,10-19,PAYER,2,Bomb's Ballet,3,Red,count,5,7284,30952,87,87.0,0.0119,0.0028,1.0,1.19
2026-07-27,2026-08-16,Variant A,10-19,PAYER,2,Bomb's Ballet,3,Chuck,count,6,7284,30952,1769,1810.0,0.2485,0.0585,1.0232,24.29
2026-07-27,2026-08-16,Variant A,10-19,PAYER,2,Bomb's Ballet,3,Bomb,count,7,7284,30952,2,2.0,0.0003,0.0001,1.0,0.03
2026-07-27,2026-08-16,Variant A,10-19,PAYER,2,Bomb's Ballet,3,UL Bomb,minutes,8,7284,30952,200,2045.0,0.2808,0.0661,10.225,2.75
2026-07-27,2026-08-16,Variant A,10-19,PAYER,2,Bomb's Ballet,3,UL Chuck,minutes,9,7284,30952,1179,11885.0,1.6317,0.384,10.0806,16.19
2026-07-27,2026-08-16,Variant A,10-19,PAYER,2,Bomb's Ballet,3,UL Red,minutes,10,7284,30952,1520,15490.0,2.1266,0.5005,10.1908,20.87
2026-07-27,2026-08-16,Variant A,10-19,PAYER,2,Bomb's Ballet,3,Unlimited Lives,minutes,11,7284,30952,807,26370.0,3.6203,0.852,32.6766,11.08
2026-07-27,2026-08-16,Variant A,10-19,PAYER,2,Bomb's Ballet,3,SPT,count,12,7284,30952,0,0.0,0.0,0.0,0.0,0.0
2026-07-27,2026-08-16,Variant A,10-19,PAYER,2,Bomb's Ballet,3,SPTx2,minutes,13,7284,30952,0,0.0,0.0,0.0,0.0,0.0
2026-07-27,2026-08-16,Variant A,10-19,PAYER,2,Chuck Challenge,4,HC,HC,1,7284,30952,198,19350.0,2.6565,0.6252,97.7273,2.72
2026-07-27,2026-08-16,Variant A,10-19,PAYER,2,Chuck Challenge,4,Slingshot,count,2,7284,30952,1004,1145.0,0.1572,0.037,1.1404,13.78
2026-07-27,2026-08-16,Variant A,10-19,PAYER,2,Chuck Challenge,4,Shuffle,count,3,7284,30952,484,532.0,0.073,0.0172,1.0992,6.64
2026-07-27,2026-08-16,Variant A,10-19,PAYER,2,Chuck Challenge,4,Comet,count,4,7284,30952,35,38.0,0.0052,0.0012,1.0857,0.48
2026-07-27,2026-08-16,Variant A,10-19,PAYER,2,Chuck Challenge,4,Red,count,5,7284,30952,0,0.0,0.0,0.0,0.0,0.0
2026-07-27,2026-08-16,Variant A,10-19,PAYER,2,Chuck Challenge,4,Chuck,count,6,7284,30952,0,0.0,0.0,0.0,0.0,0.0
2026-07-27,2026-08-16,Variant A,10-19,PAYER,2,Chuck Challenge,4,Bomb,count,7,7284,30952,0,0.0,0.0,0.0,0.0,0.0
2026-07-27,2026-08-16,Variant A,10-19,PAYER,2,Chuck Challenge,4,UL Bomb,minutes,8,7284,30952,0,0.0,0.0,0.0,0.0,0.0
2026-07-27,2026-08-16,Variant A,10-19,PAYER,2,Chuck Challenge,4,UL Chuck,minutes,9,7284,30952,0,0.0,0.0,0.0,0.0,0.0
2026-07-27,2026-08-16,Variant A,10-19,PAYER,2,Chuck Challenge,4,UL Red,minutes,10,7284,30952,0,0.0,0.0,0.0,0.0,0.0
2026-07-27,2026-08-16,Variant A,10-19,PAYER,2,Chuck Challenge,4,Unlimited Lives,minutes,11,7284,30952,0,0.0,0.0,0.0,0.0,0.0
2026-07-27,2026-08-16,Variant A,10-19,PAYER,2,Chuck Challenge,4,SPT,count,12,7284,30952,0,0.0,0.0,0.0,0.0,0.0
2026-07-27,2026-08-16,Variant A,10-19,PAYER,2,Chuck Challenge,4,SPTx2,minutes,13,7284,30952,0,0.0,0.0,0.0,0.0,0.0
2026-07-27,2026-08-16,Variant A,10-19,PAYER,2,Core,5,HC,HC,1,7284,30952,3552,200225.0,27.4883,6.4689,56.3697,48.76
2026-07-27,2026-08-16,Variant A,10-19,PAYER,2,Core,5,Slingshot,count,2,7284,30952,1412,1552.0,0.2131,0.0501,1.0992,19.38
2026-07-27,2026-08-16,Variant A,10-19,PAYER,2,Core,5,Shuffle,count,3,7284,30952,1927,2208.0,0.3031,0.0713,1.1458,26.46
2026-07-27,2026-08-16,Variant A,10-19,PAYER,2,Core,5,Comet,count,4,7284,30952,878,906.0,0.1244,0.0293,1.0319,12.05
2026-07-27,2026-08-16,Variant A,10-19,PAYER,2,Core,5,Red,count,5,7284,30952,657,694.0,0.0953,0.0224,1.0563,9.02
2026-07-27,2026-08-16,Variant A,10-19,PAYER,2,Core,5,Chuck,count,6,7284,30952,728,806.0,0.1107,0.026,1.1071,9.99
2026-07-27,2026-08-16,Variant A,10-19,PAYER,2,Core,5,Bomb,count,7,7284,30952,640,656.0,0.0901,0.0212,1.025,8.79
2026-07-27,2026-08-16,Variant A,10-19,PAYER,2,Core,5,UL Bomb,minutes,8,7284,30952,0,0.0,0.0,0.0,0.0,0.0
2026-07-27,2026-08-16,Variant A,10-19,PAYER,2,Core,5,UL Chuck,minutes,9,7284,30952,0,0.0,0.0,0.0,0.0,0.0
2026-07-27,2026-08-16,Variant A,10-19,PAYER,2,Core,5,UL Red,minutes,10,7284,30952,0,0.0,0.0,0.0,0.0,0.0
2026-07-27,2026-08-16,Variant A,10-19,PAYER,2,Core,5,Unlimited Lives,minutes,11,7284,30952,2335,125400.0,17.2158,4.0514,53.7045,32.06
2026-07-27,2026-08-16,Variant A,10-19,PAYER,2,Core,5,SPT,count,12,7284,30952,6609,3820091.0,524.4496,123.4198,578.0135,90.73
2026-07-27,2026-08-16,Variant A,10-19,PAYER,2,Core,5,SPTx2,minutes,13,7284,30952,0,0.0,0.0,0.0,0.0,0.0
2026-07-27,2026-08-16,Variant A,10-19,PAYER,2,Daily Gift,6,HC,HC,1,7284,30952,6042,443455.0,60.8807,14.3272,73.3954,82.95
2026-07-27,2026-08-16,Variant A,10-19,PAYER,2,Daily Gift,6,Slingshot,count,2,7284,30952,3345,5615.0,0.7709,0.1814,1.6786,45.92
2026-07-27,2026-08-16,Variant A,10-19,PAYER,2,Daily Gift,6,Shuffle,count,3,7284,30952,2689,3736.0,0.5129,0.1207,1.3894,36.92
2026-07-27,2026-08-16,Variant A,10-19,PAYER,2,Daily Gift,6,Comet,count,4,7284,30952,596,608.0,0.0835,0.0196,1.0201,8.18
2026-07-27,2026-08-16,Variant A,10-19,PAYER,2,Daily Gift,6,Red,count,5,7284,30952,0,0.0,0.0,0.0,0.0,0.0
2026-07-27,2026-08-16,Variant A,10-19,PAYER,2,Daily Gift,6,Chuck,count,6,7284,30952,0,0.0,0.0,0.0,0.0,0.0
2026-07-27,2026-08-16,Variant A,10-19,PAYER,2,Daily Gift,6,Bomb,count,7,7284,30952,0,0.0,0.0,0.0,0.0,0.0
2026-07-27,2026-08-16,Variant A,10-19,PAYER,2,Daily Gift,6,UL Bomb,minutes,8,7284,30952,620,18900.0,2.5947,0.6106,30.4839,8.51
2026-07-27,2026-08-16,Variant A,10-19,PAYER,2,Daily Gift,6,UL Chuck,minutes,9,7284,30952,584,35355.0,4.8538,1.1423,60.5394,8.02
2026-07-27,2026-08-16,Variant A,10-19,PAYER,2,Daily Gift,6,UL Red,minutes,10,7284,30952,592,36060.0,4.9506,1.165,60.9122,8.13
2026-07-27,2026-08-16,Variant A,10-19,PAYER,2,Daily Gift,6,Unlimited Lives,minutes,11,7284,30952,5233,537145.0,73.7431,17.3541,102.6457,71.84
2026-07-27,2026-08-16,Variant A,10-19,PAYER,2,Daily Gift,6,SPT,count,12,7284,30952,0,0.0,0.0,0.0,0.0,0.0
2026-07-27,2026-08-16,Variant A,10-19,PAYER,2,Daily Gift,6,SPTx2,minutes,13,7284,30952,6,105.0,0.0144,0.0034,17.5,0.08
2026-07-27,2026-08-16,Variant A,10-19,PAYER,2,Daily Night Sky Prize,7,HC,HC,1,7284,30952,5851,485270.0,66.6214,15.6781,82.938,80.33
2026-07-27,2026-08-16,Variant A,10-19,PAYER,2,Daily Night Sky Prize,7,Slingshot,count,2,7284,30952,3613,5490.0,0.7537,0.1774,1.5195,49.6
2026-07-27,2026-08-16,Variant A,10-19,PAYER,2,Daily Night Sky Prize,7,Shuffle,count,3,7284,30952,0,0.0,0.0,0.0,0.0,0.0
2026-07-27,2026-08-16,Variant A,10-19,PAYER,2,Daily Night Sky Prize,7,Comet,count,4,7284,30952,15,18.0,0.0025,0.0006,1.2,0.21
2026-07-27,2026-08-16,Variant A,10-19,PAYER,2,Daily Night Sky Prize,7,Red,count,5,7284,30952,4995,10881.0,1.4938,0.3515,2.1784,68.57
2026-07-27,2026-08-16,Variant A,10-19,PAYER,2,Daily Night Sky Prize,7,Chuck,count,6,7284,30952,3601,5472.0,0.7512,0.1768,1.5196,49.44
2026-07-27,2026-08-16,Variant A,10-19,PAYER,2,Daily Night Sky Prize,7,Bomb,count,7,7284,30952,0,0.0,0.0,0.0,0.0,0.0
2026-07-27,2026-08-16,Variant A,10-19,PAYER,2,Daily Night Sky Prize,7,UL Bomb,minutes,8,7284,30952,0,0.0,0.0,0.0,0.0,0.0
2026-07-27,2026-08-16,Variant A,10-19,PAYER,2,Daily Night Sky Prize,7,UL Chuck,minutes,9,7284,30952,0,0.0,0.0,0.0,0.0,0.0
2026-07-27,2026-08-16,Variant A,10-19,PAYER,2,Daily Night Sky Prize,7,UL Red,minutes,10,7284,30952,0,0.0,0.0,0.0,0.0,0.0
2026-07-27,2026-08-16,Variant A,10-19,PAYER,2,Daily Night Sky Prize,7,Unlimited Lives,minutes,11,7284,30952,6043,377980.0,51.8918,12.2118,62.5484,82.96
2026-07-27,2026-08-16,Variant A,10-19,PAYER,2,Daily Night Sky Prize,7,SPT,count,12,7284,30952,0,0.0,0.0,0.0,0.0,0.0
2026-07-27,2026-08-16,Variant A,10-19,PAYER,2,Daily Night Sky Prize,7,SPTx2,minutes,13,7284,30952,0,0.0,0.0,0.0,0.0,0.0
2026-07-27,2026-08-16,Variant A,10-19,PAYER,2,Flock Flurry,8,HC,HC,1,7284,30952,0,0.0,0.0,0.0,0.0,0.0
2026-07-27,2026-08-16,Variant A,10-19,PAYER,2,Flock Flurry,8,Slingshot,count,2,7284,30952,1459,1980.0,0.2718,0.064,1.3571,20.03
2026-07-27,2026-08-16,Variant A,10-19,PAYER,2,Flock Flurry,8,Shuffle,count,3,7284,30952,0,0.0,0.0,0.0,0.0,0.0
2026-07-27,2026-08-16,Variant A,10-19,PAYER,2,Flock Flurry,8,Comet,count,4,7284,30952,0,0.0,0.0,0.0,0.0,0.0
2026-07-27,2026-08-16,Variant A,10-19,PAYER,2,Flock Flurry,8,Red,count,5,7284,30952,1459,1980.0,0.2718,0.064,1.3571,20.03
2026-07-27,2026-08-16,Variant A,10-19,PAYER,2,Flock Flurry,8,Chuck,count,6,7284,30952,1459,1980.0,0.2718,0.064,1.3571,20.03
2026-07-27,2026-08-16,Variant A,10-19,PAYER,2,Flock Flurry,8,Bomb,count,7,7284,30952,1459,1980.0,0.2718,0.064,1.3571,20.03
2026-07-27,2026-08-16,Variant A,10-19,PAYER,2,Flock Flurry,8,UL Bomb,minutes,8,7284,30952,0,0.0,0.0,0.0,0.0,0.0
2026-07-27,2026-08-16,Variant A,10-19,PAYER,2,Flock Flurry,8,UL Chuck,minutes,9,7284,30952,0,0.0,0.0,0.0,0.0,0.0
2026-07-27,2026-08-16,Variant A,10-19,PAYER,2,Flock Flurry,8,UL Red,minutes,10,7284,30952,0,0.0,0.0,0.0,0.0,0.0
2026-07-27,2026-08-16,Variant A,10-19,PAYER,2,Flock Flurry,8,Unlimited Lives,minutes,11,7284,30952,4390,704220.0,96.6804,22.752,160.4146,60.27
2026-07-27,2026-08-16,Variant A,10-19,PAYER,2,Flock Flurry,8,SPT,count,12,7284,30952,1316,34680.0,4.7611,1.1204,26.3526,18.07
2026-07-27,2026-08-16,Variant A,10-19,PAYER,2,Flock Flurry,8,SPTx2,minutes,13,7284,30952,0,0.0,0.0,0.0,0.0,0.0
2026-07-27,2026-08-16,Variant A,10-19,PAYER,2,Hatchling Hideaway,9,HC,HC,1,7284,30952,3385,68440.0,9.3959,2.2112,20.2186,46.47
2026-07-27,2026-08-16,Variant A,10-19,PAYER,2,Hatchling Hideaway,9,Slingshot,count,2,7284,30952,219,236.0,0.0324,0.0076,1.0776,3.01
2026-07-27,2026-08-16,Variant A,10-19,PAYER,2,Hatchling Hideaway,9,Shuffle,count,3,7284,30952,1017,1219.0,0.1674,0.0394,1.1986,13.96
2026-07-27,2026-08-16,Variant A,10-19,PAYER,2,Hatchling Hideaway,9,Comet,count,4,7284,30952,2132,2848.0,0.391,0.092,1.3358,29.27
2026-07-27,2026-08-16,Variant A,10-19,PAYER,2,Hatchling Hideaway,9,Red,count,5,7284,30952,4299,6412.0,0.8803,0.2072,1.4915,59.02
2026-07-27,2026-08-16,Variant A,10-19,PAYER,2,Hatchling Hideaway,9,Chuck,count,6,7284,30952,3286,4746.0,0.6516,0.1533,1.4443,45.11
2026-07-27,2026-08-16,Variant A,10-19,PAYER,2,Hatchling Hideaway,9,Bomb,count,7,7284,30952,2263,3083.0,0.4233,0.0996,1.3624,31.07
2026-07-27,2026-08-16,Variant A,10-19,PAYER,2,Hatchling Hideaway,9,UL Bomb,minutes,8,7284,30952,0,0.0,0.0,0.0,0.0,0.0
2026-07-27,2026-08-16,Variant A,10-19,PAYER,2,Hatchling Hideaway,9,UL Chuck,minutes,9,7284,30952,151,1640.0,0.2252,0.053,10.8609,2.07
2026-07-27,2026-08-16,Variant A,10-19,PAYER,2,Hatchling Hideaway,9,UL Red,minutes,10,7284,30952,889,10460.0,1.436,0.3379,11.766,12.2
2026-07-27,2026-08-16,Variant A,10-19,PAYER,2,Hatchling Hideaway,9,Unlimited Lives,minutes,11,7284,30952,4587,477210.0,65.5148,15.4177,104.0353,62.97
2026-07-27,2026-08-16,Variant A,10-19,PAYER,2,Hatchling Hideaway,9,SPT,count,12,7284,30952,0,0.0,0.0,0.0,0.0,0.0
2026-07-27,2026-08-16,Variant A,10-19,PAYER,2,Hatchling Hideaway,9,SPTx2,minutes,13,7284,30952,0,0.0,0.0,0.0,0.0,0.0
2026-07-27,2026-08-16,Variant A,10-19,PAYER,2,Jigsaw,10,HC,HC,1,7284,30952,487,14000.0,1.922,0.4523,28.7474,6.69
2026-07-27,2026-08-16,Variant A,10-19,PAYER,2,Jigsaw,10,Slingshot,count,2,7284,30952,5,6.0,0.0008,0.0002,1.2,0.07
2026-07-27,2026-08-16,Variant A,10-19,PAYER,2,Jigsaw,10,Shuffle,count,3,7284,30952,0,0.0,0.0,0.0,0.0,0.0
2026-07-27,2026-08-16,Variant A,10-19,PAYER,2,Jigsaw,10,Comet,count,4,7284,30952,2,2.0,0.0003,0.0001,1.0,0.03
2026-07-27,2026-08-16,Variant A,10-19,PAYER,2,Jigsaw,10,Red,count,5,7284,30952,176,202.0,0.0277,0.0065,1.1477,2.42
2026-07-27,2026-08-16,Variant A,10-19,PAYER,2,Jigsaw,10,Chuck,count,6,7284,30952,1875,2068.0,0.2839,0.0668,1.1029,25.74
2026-07-27,2026-08-16,Variant A,10-19,PAYER,2,Jigsaw,10,Bomb,count,7,7284,30952,2,2.0,0.0003,0.0001,1.0,0.03
2026-07-27,2026-08-16,Variant A,10-19,PAYER,2,Jigsaw,10,UL Bomb,minutes,8,7284,30952,178,2020.0,0.2773,0.0653,11.3483,2.44
2026-07-27,2026-08-16,Variant A,10-19,PAYER,2,Jigsaw,10,UL Chuck,minutes,9,7284,30952,1318,14265.0,1.9584,0.4609,10.8232,18.09
2026-07-27,2026-08-16,Variant A,10-19,PAYER,2,Jigsaw,10,UL Red,minutes,10,7284,30952,1668,18240.0,2.5041,0.5893,10.9353,22.9
2026-07-27,2026-08-16,Variant A,10-19,PAYER,2,Jigsaw,10,Unlimited Lives,minutes,11,7284,30952,897,33420.0,4.5881,1.0797,37.2575,12.31
2026-07-27,2026-08-16,Variant A,10-19,PAYER,2,Jigsaw,10,SPT,count,12,7284,30952,0,0.0,0.0,0.0,0.0,0.0
2026-07-27,2026-08-16,Variant A,10-19,PAYER,2,Jigsaw,10,SPTx2,minutes,13,7284,30952,0,0.0,0.0,0.0,0.0,0.0
2026-07-27,2026-08-16,Variant A,10-19,PAYER,2,Kite Festival,11,HC,HC,1,7284,30952,71,10050.0,1.3797,0.3247,141.5493,0.97
2026-07-27,2026-08-16,Variant A,10-19,PAYER,2,Kite Festival,11,Slingshot,count,2,7284,30952,148,158.0,0.0217,0.0051,1.0676,2.03
2026-07-27,2026-08-16,Variant A,10-19,PAYER,2,Kite Festival,11,Shuffle,count,3,7284,30952,48,51.0,0.007,0.0016,1.0625,0.66
2026-07-27,2026-08-16,Variant A,10-19,PAYER,2,Kite Festival,11,Comet,count,4,7284,30952,8,8.0,0.0011,0.0003,1.0,0.11
2026-07-27,2026-08-16,Variant A,10-19,PAYER,2,Kite Festival,11,Red,count,5,7284,30952,157,168.0,0.0231,0.0054,1.0701,2.16
2026-07-27,2026-08-16,Variant A,10-19,PAYER,2,Kite Festival,11,Chuck,count,6,7284,30952,119,122.0,0.0167,0.0039,1.0252,1.63
2026-07-27,2026-08-16,Variant A,10-19,PAYER,2,Kite Festival,11,Bomb,count,7,7284,30952,71,73.0,0.01,0.0024,1.0282,0.97
2026-07-27,2026-08-16,Variant A,10-19,PAYER,2,Kite Festival,11,UL Bomb,minutes,8,7284,30952,0,0.0,0.0,0.0,0.0,0.0
2026-07-27,2026-08-16,Variant A,10-19,PAYER,2,Kite Festival,11,UL Chuck,minutes,9,7284,30952,0,0.0,0.0,0.0,0.0,0.0
2026-07-27,2026-08-16,Variant A,10-19,PAYER,2,Kite Festival,11,UL Red,minutes,10,7284,30952,0,0.0,0.0,0.0,0.0,0.0
2026-07-27,2026-08-16,Variant A,10-19,PAYER,2,Kite Festival,11,Unlimited Lives,minutes,11,7284,30952,2448,108255.0,14.862,3.4975,44.2218,33.61
2026-07-27,2026-08-16,Variant A,10-19,PAYER,2,Kite Festival,11,SPT,count,12,7284,30952,834,65805.0,9.0342,2.126,78.9029,11.45
2026-07-27,2026-08-16,Variant A,10-19,PAYER,2,Kite Festival,11,SPTx2,minutes,13,7284,30952,0,0.0,0.0,0.0,0.0,0.0
2026-07-27,2026-08-16,Variant A,10-19,PAYER,2,Level Race,12,HC,HC,1,7284,30952,0,0.0,0.0,0.0,0.0,0.0
2026-07-27,2026-08-16,Variant A,10-19,PAYER,2,Level Race,12,Slingshot,count,2,7284,30952,0,0.0,0.0,0.0,0.0,0.0
2026-07-27,2026-08-16,Variant A,10-19,PAYER,2,Level Race,12,Shuffle,count,3,7284,30952,0,0.0,0.0,0.0,0.0,0.0
2026-07-27,2026-08-16,Variant A,10-19,PAYER,2,Level Race,12,Comet,count,4,7284,30952,0,0.0,0.0,0.0,0.0,0.0
2026-07-27,2026-08-16,Variant A,10-19,PAYER,2,Level Race,12,Red,count,5,7284,30952,0,0.0,0.0,0.0,0.0,0.0
2026-07-27,2026-08-16,Variant A,10-19,PAYER,2,Level Race,12,Chuck,count,6,7284,30952,0,0.0,0.0,0.0,0.0,0.0
2026-07-27,2026-08-16,Variant A,10-19,PAYER,2,Level Race,12,Bomb,count,7,7284,30952,0,0.0,0.0,0.0,0.0,0.0
2026-07-27,2026-08-16,Variant A,10-19,PAYER,2,Level Race,12,UL Bomb,minutes,8,7284,30952,0,0.0,0.0,0.0,0.0,0.0
2026-07-27,2026-08-16,Variant A,10-19,PAYER,2,Level Race,12,UL Chuck,minutes,9,7284,30952,0,0.0,0.0,0.0,0.0,0.0
2026-07-27,2026-08-16,Variant A,10-19,PAYER,2,Level Race,12,UL Red,minutes,10,7284,30952,0,0.0,0.0,0.0,0.0,0.0
2026-07-27,2026-08-16,Variant A,10-19,PAYER,2,Level Race,12,Unlimited Lives,minutes,11,7284,30952,0,0.0,0.0,0.0,0.0,0.0
2026-07-27,2026-08-16,Variant A,10-19,PAYER,2,Level Race,12,SPT,count,12,7284,30952,0,0.0,0.0,0.0,0.0,0.0
2026-07-27,2026-08-16,Variant A,10-19,PAYER,2,Level Race,12,SPTx2,minutes,13,7284,30952,0,0.0,0.0,0.0,0.0,0.0
2026-07-27,2026-08-16,Variant A,10-19,PAYER,2,Other,13,HC,HC,1,7284,30952,3512,105479.0,14.4809,3.4078,30.0339,48.22
2026-07-27,2026-08-16,Variant A,10-19,PAYER,2,Other,13,Slingshot,count,2,7284,30952,1108,1566.0,0.215,0.0506,1.4134,15.21
2026-07-27,2026-08-16,Variant A,10-19,PAYER,2,Other,13,Shuffle,count,3,7284,30952,833,1142.0,0.1568,0.0369,1.3709,11.44
2026-07-27,2026-08-16,Variant A,10-19,PAYER,2,Other,13,Comet,count,4,7284,30952,485,561.0,0.077,0.0181,1.1567,6.66
2026-07-27,2026-08-16,Variant A,10-19,PAYER,2,Other,13,Red,count,5,7284,30952,3975,5970.0,0.8196,0.1929,1.5019,54.57
2026-07-27,2026-08-16,Variant A,10-19,PAYER,2,Other,13,Chuck,count,6,7284,30952,4008,6218.0,0.8537,0.2009,1.5514,55.02
2026-07-27,2026-08-16,Variant A,10-19,PAYER,2,Other,13,Bomb,count,7,7284,30952,3997,6201.0,0.8513,0.2003,1.5514,54.87
2026-07-27,2026-08-16,Variant A,10-19,PAYER,2,Other,13,UL Bomb,minutes,8,7284,30952,16,540.0,0.0741,0.0174,33.75,0.22
2026-07-27,2026-08-16,Variant A,10-19,PAYER,2,Other,13,UL Chuck,minutes,9,7284,30952,17,545.0,0.0748,0.0176,32.0588,0.23
2026-07-27,2026-08-16,Variant A,10-19,PAYER,2,Other,13,UL Red,minutes,10,7284,30952,16,540.0,0.0741,0.0174,33.75,0.22
2026-07-27,2026-08-16,Variant A,10-19,PAYER,2,Other,13,Unlimited Lives,minutes,11,7284,30952,1102,68721.0,9.4345,2.2202,62.3603,15.13
2026-07-27,2026-08-16,Variant A,10-19,PAYER,2,Other,13,SPT,count,12,7284,30952,3567,284640.0,39.0774,9.1962,79.7981,48.97
2026-07-27,2026-08-16,Variant A,10-19,PAYER,2,Other,13,SPTx2,minutes,13,7284,30952,0,0.0,0.0,0.0,0.0,0.0
2026-07-27,2026-08-16,Variant A,10-19,PAYER,2,Photoshoot,14,HC,HC,1,7284,30952,203,5425.0,0.7448,0.1753,26.7241,2.79
2026-07-27,2026-08-16,Variant A,10-19,PAYER,2,Photoshoot,14,Slingshot,count,2,7284,30952,0,0.0,0.0,0.0,0.0,0.0
2026-07-27,2026-08-16,Variant A,10-19,PAYER,2,Photoshoot,14,Shuffle,count,3,7284,30952,2,2.0,0.0003,0.0001,1.0,0.03
2026-07-27,2026-08-16,Variant A,10-19,PAYER,2,Photoshoot,14,Comet,count,4,7284,30952,0,0.0,0.0,0.0,0.0,0.0
2026-07-27,2026-08-16,Variant A,10-19,PAYER,2,Photoshoot,14,Red,count,5,7284,30952,26,26.0,0.0036,0.0008,1.0,0.36
2026-07-27,2026-08-16,Variant A,10-19,PAYER,2,Photoshoot,14,Chuck,count,6,7284,30952,793,805.0,0.1105,0.026,1.0151,10.89
2026-07-27,2026-08-16,Variant A,10-19,PAYER,2,Photoshoot,14,Bomb,count,7,7284,30952,2,2.0,0.0003,0.0001,1.0,0.03
2026-07-27,2026-08-16,Variant A,10-19,PAYER,2,Photoshoot,14,UL Bomb,minutes,8,7284,30952,2,30.0,0.0041,0.001,15.0,0.03
2026-07-27,2026-08-16,Variant A,10-19,PAYER,2,Photoshoot,14,UL Chuck,minutes,9,7284,30952,6,90.0,0.0124,0.0029,15.0,0.08
2026-07-27,2026-08-16,Variant A,10-19,PAYER,2,Photoshoot,14,UL Red,minutes,10,7284,30952,82,1245.0,0.1709,0.0402,15.1829,1.13
2026-07-27,2026-08-16,Variant A,10-19,PAYER,2,Photoshoot,14,Unlimited Lives,minutes,11,7284,30952,446,16260.0,2.2323,0.5253,36.4574,6.12
2026-07-27,2026-08-16,Variant A,10-19,PAYER,2,Photoshoot,14,SPT,count,12,7284,30952,0,0.0,0.0,0.0,0.0,0.0
2026-07-27,2026-08-16,Variant A,10-19,PAYER,2,Photoshoot,14,SPTx2,minutes,13,7284,30952,0,0.0,0.0,0.0,0.0,0.0
2026-07-27,2026-08-16,Variant A,10-19,PAYER,2,Red Challenge,15,HC,HC,1,7284,30952,226,21500.0,2.9517,0.6946,95.1327,3.1
2026-07-27,2026-08-16,Variant A,10-19,PAYER,2,Red Challenge,15,Slingshot,count,2,7284,30952,1090,1258.0,0.1727,0.0406,1.1541,14.96
2026-07-27,2026-08-16,Variant A,10-19,PAYER,2,Red Challenge,15,Shuffle,count,3,7284,30952,520,570.0,0.0783,0.0184,1.0962,7.14
2026-07-27,2026-08-16,Variant A,10-19,PAYER,2,Red Challenge,15,Comet,count,4,7284,30952,41,42.0,0.0058,0.0014,1.0244,0.56
2026-07-27,2026-08-16,Variant A,10-19,PAYER,2,Red Challenge,15,Red,count,5,7284,30952,0,0.0,0.0,0.0,0.0,0.0
2026-07-27,2026-08-16,Variant A,10-19,PAYER,2,Red Challenge,15,Chuck,count,6,7284,30952,0,0.0,0.0,0.0,0.0,0.0
2026-07-27,2026-08-16,Variant A,10-19,PAYER,2,Red Challenge,15,Bomb,count,7,7284,30952,0,0.0,0.0,0.0,0.0,0.0
2026-07-27,2026-08-16,Variant A,10-19,PAYER,2,Red Challenge,15,UL Bomb,minutes,8,7284,30952,0,0.0,0.0,0.0,0.0,0.0
2026-07-27,2026-08-16,Variant A,10-19,PAYER,2,Red Challenge,15,UL Chuck,minutes,9,7284,30952,0,0.0,0.0,0.0,0.0,0.0
2026-07-27,2026-08-16,Variant A,10-19,PAYER,2,Red Challenge,15,UL Red,minutes,10,7284,30952,0,0.0,0.0,0.0,0.0,0.0
2026-07-27,2026-08-16,Variant A,10-19,PAYER,2,Red Challenge,15,Unlimited Lives,minutes,11,7284,30952,0,0.0,0.0,0.0,0.0,0.0
2026-07-27,2026-08-16,Variant A,10-19,PAYER,2,Red Challenge,15,SPT,count,12,7284,30952,0,0.0,0.0,0.0,0.0,0.0
2026-07-27,2026-08-16,Variant A,10-19,PAYER,2,Red Challenge,15,SPTx2,minutes,13,7284,30952,0,0.0,0.0,0.0,0.0,0.0
2026-07-27,2026-08-16,Variant A,10-19,PAYER,2,River Rush,16,HC,HC,1,7284,30952,6,230.0,0.0316,0.0074,38.3333,0.08
2026-07-27,2026-08-16,Variant A,10-19,PAYER,2,River Rush,16,Slingshot,count,2,7284,30952,0,0.0,0.0,0.0,0.0,0.0
2026-07-27,2026-08-16,Variant A,10-19,PAYER,2,River Rush,16,Shuffle,count,3,7284,30952,4,4.0,0.0005,0.0001,1.0,0.05
2026-07-27,2026-08-16,Variant A,10-19,PAYER,2,River Rush,16,Comet,count,4,7284,30952,1,2.0,0.0003,0.0001,2.0,0.01
2026-07-27,2026-08-16,Variant A,10-19,PAYER,2,River Rush,16,Red,count,5,7284,30952,3,3.0,0.0004,0.0001,1.0,0.04
2026-07-27,2026-08-16,Variant A,10-19,PAYER,2,River Rush,16,Chuck,count,6,7284,30952,1,2.0,0.0003,0.0001,2.0,0.01
2026-07-27,2026-08-16,Variant A,10-19,PAYER,2,River Rush,16,Bomb,count,7,7284,30952,0,0.0,0.0,0.0,0.0,0.0
2026-07-27,2026-08-16,Variant A,10-19,PAYER,2,River Rush,16,UL Bomb,minutes,8,7284,30952,1,20.0,0.0027,0.0006,20.0,0.01
2026-07-27,2026-08-16,Variant A,10-19,PAYER,2,River Rush,16,UL Chuck,minutes,9,7284,30952,0,0.0,0.0,0.0,0.0,0.0
2026-07-27,2026-08-16,Variant A,10-19,PAYER,2,River Rush,16,UL Red,minutes,10,7284,30952,0,0.0,0.0,0.0,0.0,0.0
2026-07-27,2026-08-16,Variant A,10-19,PAYER,2,River Rush,16,Unlimited Lives,minutes,11,7284,30952,1,15.0,0.0021,0.0005,15.0,0.01
2026-07-27,2026-08-16,Variant A,10-19,PAYER,2,River Rush,16,SPT,count,12,7284,30952,1,30.0,0.0041,0.001,30.0,0.01
2026-07-27,2026-08-16,Variant A,10-19,PAYER,2,River Rush,16,SPTx2,minutes,13,7284,30952,1,10.0,0.0014,0.0003,10.0,0.01
2026-07-27,2026-08-16,Variant A,10-19,PAYER,2,Saga,17,HC,HC,1,7284,30952,5995,261495.0,35.8999,8.4484,43.6188,82.3
2026-07-27,2026-08-16,Variant A,10-19,PAYER,2,Saga,17,Slingshot,count,2,7284,30952,3322,4309.0,0.5916,0.1392,1.2971,45.61
2026-07-27,2026-08-16,Variant A,10-19,PAYER,2,Saga,17,Shuffle,count,3,7284,30952,3290,4272.0,0.5865,0.138,1.2985,45.17
2026-07-27,2026-08-16,Variant A,10-19,PAYER,2,Saga,17,Comet,count,4,7284,30952,9,9.0,0.0012,0.0003,1.0,0.12
2026-07-27,2026-08-16,Variant A,10-19,PAYER,2,Saga,17,Red,count,5,7284,30952,3333,4427.0,0.6078,0.143,1.3282,45.76
2026-07-27,2026-08-16,Variant A,10-19,PAYER,2,Saga,17,Chuck,count,6,7284,30952,3310,4328.0,0.5942,0.1398,1.3076,45.44
2026-07-27,2026-08-16,Variant A,10-19,PAYER,2,Saga,17,Bomb,count,7,7284,30952,3250,4221.0,0.5795,0.1364,1.2988,44.62
2026-07-27,2026-08-16,Variant A,10-19,PAYER,2,Saga,17,UL Bomb,minutes,8,7284,30952,0,0.0,0.0,0.0,0.0,0.0
2026-07-27,2026-08-16,Variant A,10-19,PAYER,2,Saga,17,UL Chuck,minutes,9,7284,30952,0,0.0,0.0,0.0,0.0,0.0
2026-07-27,2026-08-16,Variant A,10-19,PAYER,2,Saga,17,UL Red,minutes,10,7284,30952,0,0.0,0.0,0.0,0.0,0.0
2026-07-27,2026-08-16,Variant A,10-19,PAYER,2,Saga,17,Unlimited Lives,minutes,11,7284,30952,6877,1123875.0,154.2937,36.3103,163.4252,94.41
2026-07-27,2026-08-16,Variant A,10-19,PAYER,2,Saga,17,SPT,count,12,7284,30952,0,0.0,0.0,0.0,0.0,0.0
2026-07-27,2026-08-16,Variant A,10-19,PAYER,2,Saga,17,SPTx2,minutes,13,7284,30952,0,0.0,0.0,0.0,0.0,0.0
2026-07-27,2026-08-16,Variant A,10-19,PAYER,2,Season Pass (Free),18,HC,HC,1,7284,30952,4336,232905.0,31.9749,7.5247,53.7143,59.53
2026-07-27,2026-08-16,Variant A,10-19,PAYER,2,Season Pass (Free),18,Slingshot,count,2,7284,30952,1258,2241.0,0.3077,0.0724,1.7814,17.27
2026-07-27,2026-08-16,Variant A,10-19,PAYER,2,Season Pass (Free),18,Shuffle,count,3,7284,30952,2367,3684.0,0.5058,0.119,1.5564,32.5
2026-07-27,2026-08-16,Variant A,10-19,PAYER,2,Season Pass (Free),18,Comet,count,4,7284,30952,602,1162.0,0.1595,0.0375,1.9302,8.26
2026-07-27,2026-08-16,Variant A,10-19,PAYER,2,Season Pass (Free),18,Red,count,5,7284,30952,3580,7742.0,1.0629,0.2501,2.1626,49.15
2026-07-27,2026-08-16,Variant A,10-19,PAYER,2,Season Pass (Free),18,Chuck,count,6,7284,30952,3672,7809.0,1.0721,0.2523,2.1266,50.41
2026-07-27,2026-08-16,Variant A,10-19,PAYER,2,Season Pass (Free),18,Bomb,count,7,7284,30952,2100,4100.0,0.5629,0.1325,1.9524,28.83
2026-07-27,2026-08-16,Variant A,10-19,PAYER,2,Season Pass (Free),18,UL Bomb,minutes,8,7284,30952,533,8550.0,1.1738,0.2762,16.0413,7.32
2026-07-27,2026-08-16,Variant A,10-19,PAYER,2,Season Pass (Free),18,UL Chuck,minutes,9,7284,30952,1706,36550.0,5.0178,1.1809,21.4244,23.42
2026-07-27,2026-08-16,Variant A,10-19,PAYER,2,Season Pass (Free),18,UL Red,minutes,10,7284,30952,3138,56035.0,7.6929,1.8104,17.8569,43.08
2026-07-27,2026-08-16,Variant A,10-19,PAYER,2,Season Pass (Free),18,Unlimited Lives,minutes,11,7284,30952,3692,345060.0,47.3723,11.1482,93.4615,50.69
2026-07-27,2026-08-16,Variant A,10-19,PAYER,2,Season Pass (Free),18,SPT,count,12,7284,30952,41,1160.0,0.1593,0.0375,28.2927,0.56
2026-07-27,2026-08-16,Variant A,10-19,PAYER,2,Season Pass (Free),18,SPTx2,minutes,13,7284,30952,0,0.0,0.0,0.0,0.0,0.0
2026-07-27,2026-08-16,Variant A,10-19,PAYER,2,Target Day,19,HC,HC,1,7284,30952,809,45725.0,6.2775,1.4773,56.5204,11.11
2026-07-27,2026-08-16,Variant A,10-19,PAYER,2,Target Day,19,Slingshot,count,2,7284,30952,957,1113.0,0.1528,0.036,1.163,13.14
2026-07-27,2026-08-16,Variant A,10-19,PAYER,2,Target Day,19,Shuffle,count,3,7284,30952,316,342.0,0.047,0.011,1.0823,4.34
2026-07-27,2026-08-16,Variant A,10-19,PAYER,2,Target Day,19,Comet,count,4,7284,30952,171,177.0,0.0243,0.0057,1.0351,2.35
2026-07-27,2026-08-16,Variant A,10-19,PAYER,2,Target Day,19,Red,count,5,7284,30952,1623,2172.0,0.2982,0.0702,1.3383,22.28
2026-07-27,2026-08-16,Variant A,10-19,PAYER,2,Target Day,19,Chuck,count,6,7284,30952,1126,1371.0,0.1882,0.0443,1.2176,15.46
2026-07-27,2026-08-16,Variant A,10-19,PAYER,2,Target Day,19,Bomb,count,7,7284,30952,406,447.0,0.0614,0.0144,1.101,5.57
2026-07-27,2026-08-16,Variant A,10-19,PAYER,2,Target Day,19,UL Bomb,minutes,8,7284,30952,0,0.0,0.0,0.0,0.0,0.0
2026-07-27,2026-08-16,Variant A,10-19,PAYER,2,Target Day,19,UL Chuck,minutes,9,7284,30952,0,0.0,0.0,0.0,0.0,0.0
2026-07-27,2026-08-16,Variant A,10-19,PAYER,2,Target Day,19,UL Red,minutes,10,7284,30952,0,0.0,0.0,0.0,0.0,0.0
2026-07-27,2026-08-16,Variant A,10-19,PAYER,2,Target Day,19,Unlimited Lives,minutes,11,7284,30952,4003,263460.0,36.1697,8.5119,65.8156,54.96
2026-07-27,2026-08-16,Variant A,10-19,PAYER,2,Target Day,19,SPT,count,12,7284,30952,1,10.0,0.0014,0.0003,10.0,0.01
2026-07-27,2026-08-16,Variant A,10-19,PAYER,2,Target Day,19,SPTx2,minutes,13,7284,30952,0,0.0,0.0,0.0,0.0,0.0
2026-07-27,2026-08-16,Variant A,10-19,PAYER,2,Team Event,20,HC,HC,1,7284,30952,2289,330920.0,45.4311,10.6914,144.5697,31.43
2026-07-27,2026-08-16,Variant A,10-19,PAYER,2,Team Event,20,Slingshot,count,2,7284,30952,1802,3728.0,0.5118,0.1204,2.0688,24.74
2026-07-27,2026-08-16,Variant A,10-19,PAYER,2,Team Event,20,Shuffle,count,3,7284,30952,650,1788.0,0.2455,0.0578,2.7508,8.92
2026-07-27,2026-08-16,Variant A,10-19,PAYER,2,Team Event,20,Comet,count,4,7284,30952,540,1054.0,0.1447,0.0341,1.9519,7.41
2026-07-27,2026-08-16,Variant A,10-19,PAYER,2,Team Event,20,Red,count,5,7284,30952,0,0.0,0.0,0.0,0.0,0.0
2026-07-27,2026-08-16,Variant A,10-19,PAYER,2,Team Event,20,Chuck,count,6,7284,30952,0,0.0,0.0,0.0,0.0,0.0
2026-07-27,2026-08-16,Variant A,10-19,PAYER,2,Team Event,20,Bomb,count,7,7284,30952,0,0.0,0.0,0.0,0.0,0.0
2026-07-27,2026-08-16,Variant A,10-19,PAYER,2,Team Event,20,UL Bomb,minutes,8,7284,30952,0,0.0,0.0,0.0,0.0,0.0
2026-07-27,2026-08-16,Variant A,10-19,PAYER,2,Team Event,20,UL Chuck,minutes,9,7284,30952,0,0.0,0.0,0.0,0.0,0.0
2026-07-27,2026-08-16,Variant A,10-19,PAYER,2,Team Event,20,UL Red,minutes,10,7284,30952,0,0.0,0.0,0.0,0.0,0.0
2026-07-27,2026-08-16,Variant A,10-19,PAYER,2,Team Event,20,Unlimited Lives,minutes,11,7284,30952,0,0.0,0.0,0.0,0.0,0.0
2026-07-27,2026-08-16,Variant A,10-19,PAYER,2,Team Event,20,SPT,count,12,7284,30952,0,0.0,0.0,0.0,0.0,0.0
2026-07-27,2026-08-16,Variant A,10-19,PAYER,2,Team Event,20,SPTx2,minutes,13,7284,30952,0,0.0,0.0,0.0,0.0,0.0
2026-07-27,2026-08-16,Variant A,10-19,PAYER,2,Team Race,21,HC,HC,1,7284,30952,3133,338995.0,46.5397,10.9523,108.2014,43.01
2026-07-27,2026-08-16,Variant A,10-19,PAYER,2,Team Race,21,Slingshot,count,2,7284,30952,1726,2212.0,0.3037,0.0715,1.2816,23.7
2026-07-27,2026-08-16,Variant A,10-19,PAYER,2,Team Race,21,Shuffle,count,3,7284,30952,2278,3271.0,0.4491,0.1057,1.4359,31.27
2026-07-27,2026-08-16,Variant A,10-19,PAYER,2,Team Race,21,Comet,count,4,7284,30952,3035,4712.0,0.6469,0.1522,1.5526,41.67
2026-07-27,2026-08-16,Variant A,10-19,PAYER,2,Team Race,21,Red,count,5,7284,30952,402,440.0,0.0604,0.0142,1.0945,5.52
2026-07-27,2026-08-16,Variant A,10-19,PAYER,2,Team Race,21,Chuck,count,6,7284,30952,652,760.0,0.1043,0.0246,1.1656,8.95
2026-07-27,2026-08-16,Variant A,10-19,PAYER,2,Team Race,21,Bomb,count,7,7284,30952,1471,1959.0,0.2689,0.0633,1.3317,20.19
2026-07-27,2026-08-16,Variant A,10-19,PAYER,2,Team Race,21,UL Bomb,minutes,8,7284,30952,0,0.0,0.0,0.0,0.0,0.0
2026-07-27,2026-08-16,Variant A,10-19,PAYER,2,Team Race,21,UL Chuck,minutes,9,7284,30952,0,0.0,0.0,0.0,0.0,0.0
2026-07-27,2026-08-16,Variant A,10-19,PAYER,2,Team Race,21,UL Red,minutes,10,7284,30952,0,0.0,0.0,0.0,0.0,0.0
2026-07-27,2026-08-16,Variant A,10-19,PAYER,2,Team Race,21,Unlimited Lives,minutes,11,7284,30952,0,0.0,0.0,0.0,0.0,0.0
2026-07-27,2026-08-16,Variant A,10-19,PAYER,2,Team Race,21,SPT,count,12,7284,30952,0,0.0,0.0,0.0,0.0,0.0
2026-07-27,2026-08-16,Variant A,10-19,PAYER,2,Team Race,21,SPTx2,minutes,13,7284,30952,0,0.0,0.0,0.0,0.0,0.0
2026-07-27,2026-08-16,Variant A,10-19,PAYER,2,Flash Race,22,HC,HC,1,7284,30952,2205,92830.0,12.7444,2.9992,42.0998,30.27
2026-07-27,2026-08-16,Variant A,10-19,PAYER,2,Flash Race,22,Slingshot,count,2,7284,30952,797,971.0,0.1333,0.0314,1.2183,10.94
2026-07-27,2026-08-16,Variant A,10-19,PAYER,2,Flash Race,22,Shuffle,count,3,7284,30952,954,1137.0,0.1561,0.0367,1.1918,13.1
2026-07-27,2026-08-16,Variant A,10-19,PAYER,2,Flash Race,22,Comet,count,4,7284,30952,859,1032.0,0.1417,0.0333,1.2014,11.79
2026-07-27,2026-08-16,Variant A,10-19,PAYER,2,Flash Race,22,Red,count,5,7284,30952,371,410.0,0.0563,0.0132,1.1051,5.09
2026-07-27,2026-08-16,Variant A,10-19,PAYER,2,Flash Race,22,Chuck,count,6,7284,30952,571,647.0,0.0888,0.0209,1.1331,7.84
2026-07-27,2026-08-16,Variant A,10-19,PAYER,2,Flash Race,22,Bomb,count,7,7284,30952,871,1034.0,0.142,0.0334,1.1871,11.96
2026-07-27,2026-08-16,Variant A,10-19,PAYER,2,Flash Race,22,UL Bomb,minutes,8,7284,30952,0,0.0,0.0,0.0,0.0,0.0
2026-07-27,2026-08-16,Variant A,10-19,PAYER,2,Flash Race,22,UL Chuck,minutes,9,7284,30952,0,0.0,0.0,0.0,0.0,0.0
2026-07-27,2026-08-16,Variant A,10-19,PAYER,2,Flash Race,22,UL Red,minutes,10,7284,30952,0,0.0,0.0,0.0,0.0,0.0
2026-07-27,2026-08-16,Variant A,10-19,PAYER,2,Flash Race,22,Unlimited Lives,minutes,11,7284,30952,193,10020.0,1.3756,0.3237,51.9171,2.65
2026-07-27,2026-08-16,Variant A,10-19,PAYER,2,Flash Race,22,SPT,count,12,7284,30952,2860,244195.0,33.5248,7.8895,85.3829,39.26
2026-07-27,2026-08-16,Variant A,10-19,PAYER,2,Flash Race,22,SPTx2,minutes,13,7284,30952,0,0.0,0.0,0.0,0.0,0.0
2026-07-27,2026-08-16,Variant A,10-19,PAYER,2,FlowerCoop,23,HC,HC,1,7284,30952,0,0.0,0.0,0.0,0.0,0.0
2026-07-27,2026-08-16,Variant A,10-19,PAYER,2,FlowerCoop,23,Slingshot,count,2,7284,30952,0,0.0,0.0,0.0,0.0,0.0
2026-07-27,2026-08-16,Variant A,10-19,PAYER,2,FlowerCoop,23,Shuffle,count,3,7284,30952,0,0.0,0.0,0.0,0.0,0.0
2026-07-27,2026-08-16,Variant A,10-19,PAYER,2,FlowerCoop,23,Comet,count,4,7284,30952,0,0.0,0.0,0.0,0.0,0.0
2026-07-27,2026-08-16,Variant A,10-19,PAYER,2,FlowerCoop,23,Red,count,5,7284,30952,0,0.0,0.0,0.0,0.0,0.0
2026-07-27,2026-08-16,Variant A,10-19,PAYER,2,FlowerCoop,23,Chuck,count,6,7284,30952,0,0.0,0.0,0.0,0.0,0.0
2026-07-27,2026-08-16,Variant A,10-19,PAYER,2,FlowerCoop,23,Bomb,count,7,7284,30952,1,2.0,0.0003,0.0001,2.0,0.01
2026-07-27,2026-08-16,Variant A,10-19,PAYER,2,FlowerCoop,23,UL Bomb,minutes,8,7284,30952,0,0.0,0.0,0.0,0.0,0.0
2026-07-27,2026-08-16,Variant A,10-19,PAYER,2,FlowerCoop,23,UL Chuck,minutes,9,7284,30952,0,0.0,0.0,0.0,0.0,0.0
2026-07-27,2026-08-16,Variant A,10-19,PAYER,2,FlowerCoop,23,UL Red,minutes,10,7284,30952,1,10.0,0.0014,0.0003,10.0,0.01
2026-07-27,2026-08-16,Variant A,10-19,PAYER,2,FlowerCoop,23,Unlimited Lives,minutes,11,7284,30952,0,0.0,0.0,0.0,0.0,0.0
2026-07-27,2026-08-16,Variant A,10-19,PAYER,2,FlowerCoop,23,SPT,count,12,7284,30952,0,0.0,0.0,0.0,0.0,0.0
2026-07-27,2026-08-16,Variant A,10-19,PAYER,2,FlowerCoop,23,SPTx2,minutes,13,7284,30952,0,0.0,0.0,0.0,0.0,0.0
2026-07-27,2026-08-16,Variant A,10-19,PAYER,2,Rainbow Maker,24,HC,HC,1,7284,30952,5197,210940.0,28.9594,6.8151,40.5888,71.35
2026-07-27,2026-08-16,Variant A,10-19,PAYER,2,Rainbow Maker,24,Slingshot,count,2,7284,30952,4655,14214.0,1.9514,0.4592,3.0535,63.91
2026-07-27,2026-08-16,Variant A,10-19,PAYER,2,Rainbow Maker,24,Shuffle,count,3,7284,30952,3379,5364.0,0.7364,0.1733,1.5875,46.39
2026-07-27,2026-08-16,Variant A,10-19,PAYER,2,Rainbow Maker,24,Comet,count,4,7284,30952,2772,4068.0,0.5585,0.1314,1.4675,38.06
2026-07-27,2026-08-16,Variant A,10-19,PAYER,2,Rainbow Maker,24,Red,count,5,7284,30952,4832,7029.0,0.965,0.2271,1.4547,66.34
2026-07-27,2026-08-16,Variant A,10-19,PAYER,2,Rainbow Maker,24,Chuck,count,6,7284,30952,4560,7601.0,1.0435,0.2456,1.6669,62.6
2026-07-27,2026-08-16,Variant A,10-19,PAYER,2,Rainbow Maker,24,Bomb,count,7,7284,30952,906,1215.0,0.1668,0.0393,1.3411,12.44
2026-07-27,2026-08-16,Variant A,10-19,PAYER,2,Rainbow Maker,24,UL Bomb,minutes,8,7284,30952,0,0.0,0.0,0.0,0.0,0.0
2026-07-27,2026-08-16,Variant A,10-19,PAYER,2,Rainbow Maker,24,UL Chuck,minutes,9,7284,30952,13,180.0,0.0247,0.0058,13.8462,0.18
2026-07-27,2026-08-16,Variant A,10-19,PAYER,2,Rainbow Maker,24,UL Red,minutes,10,7284,30952,2555,40940.0,5.6205,1.3227,16.0235,35.08
2026-07-27,2026-08-16,Variant A,10-19,PAYER,2,Rainbow Maker,24,Unlimited Lives,minutes,11,7284,30952,5218,319970.0,43.9278,10.3376,61.3204,71.64
2026-07-27,2026-08-16,Variant A,10-19,PAYER,2,Rainbow Maker,24,SPT,count,12,7284,30952,5004,868090.0,119.1776,28.0463,173.4792,68.7
2026-07-27,2026-08-16,Variant A,10-19,PAYER,2,Rainbow Maker,24,SPTx2,minutes,13,7284,30952,3381,44510.0,6.1107,1.438,13.1647,46.42
2026-07-27,2026-08-16,Variant A,10-19,PAYER,2,IAPs,25,HC,HC,1,7284,30952,0,0.0,0.0,0.0,0.0,0.0
2026-07-27,2026-08-16,Variant A,10-19,PAYER,2,IAPs,25,Slingshot,count,2,7284,30952,0,0.0,0.0,0.0,0.0,0.0
2026-07-27,2026-08-16,Variant A,10-19,PAYER,2,IAPs,25,Shuffle,count,3,7284,30952,0,0.0,0.0,0.0,0.0,0.0
2026-07-27,2026-08-16,Variant A,10-19,PAYER,2,IAPs,25,Comet,count,4,7284,30952,0,0.0,0.0,0.0,0.0,0.0
2026-07-27,2026-08-16,Variant A,10-19,PAYER,2,IAPs,25,Red,count,5,7284,30952,0,0.0,0.0,0.0,0.0,0.0
2026-07-27,2026-08-16,Variant A,10-19,PAYER,2,IAPs,25,Chuck,count,6,7284,30952,0,0.0,0.0,0.0,0.0,0.0
2026-07-27,2026-08-16,Variant A,10-19,PAYER,2,IAPs,25,Bomb,count,7,7284,30952,0,0.0,0.0,0.0,0.0,0.0
2026-07-27,2026-08-16,Variant A,10-19,PAYER,2,IAPs,25,UL Bomb,minutes,8,7284,30952,0,0.0,0.0,0.0,0.0,0.0
2026-07-27,2026-08-16,Variant A,10-19,PAYER,2,IAPs,25,UL Chuck,minutes,9,7284,30952,0,0.0,0.0,0.0,0.0,0.0
2026-07-27,2026-08-16,Variant A,10-19,PAYER,2,IAPs,25,UL Red,minutes,10,7284,30952,0,0.0,0.0,0.0,0.0,0.0
2026-07-27,2026-08-16,Variant A,10-19,PAYER,2,IAPs,25,Unlimited Lives,minutes,11,7284,30952,0,0.0,0.0,0.0,0.0,0.0
2026-07-27,2026-08-16,Variant A,10-19,PAYER,2,IAPs,25,SPT,count,12,7284,30952,0,0.0,0.0,0.0,0.0,0.0
2026-07-27,2026-08-16,Variant A,10-19,PAYER,2,IAPs,25,SPTx2,minutes,13,7284,30952,0,0.0,0.0,0.0,0.0,0.0
2026-07-27,2026-08-16,Variant A,20-39,NONPAYER,3,Ads,1,HC,HC,1,21337,91644,5454,360490.0,16.8951,3.9336,66.0964,25.56
2026-07-27,2026-08-16,Variant A,20-39,NONPAYER,3,Ads,1,Slingshot,count,2,21337,91644,3330,7875.0,0.3691,0.0859,2.3649,15.61
2026-07-27,2026-08-16,Variant A,20-39,NONPAYER,3,Ads,1,Shuffle,count,3,21337,91644,3388,8258.0,0.387,0.0901,2.4374,15.88
2026-07-27,2026-08-16,Variant A,20-39,NONPAYER,3,Ads,1,Comet,count,4,21337,91644,2097,3731.0,0.1749,0.0407,1.7792,9.83
2026-07-27,2026-08-16,Variant A,20-39,NONPAYER,3,Ads,1,Red,count,5,21337,91644,0,0.0,0.0,0.0,0.0,0.0
2026-07-27,2026-08-16,Variant A,20-39,NONPAYER,3,Ads,1,Chuck,count,6,21337,91644,0,0.0,0.0,0.0,0.0,0.0
2026-07-27,2026-08-16,Variant A,20-39,NONPAYER,3,Ads,1,Bomb,count,7,21337,91644,0,0.0,0.0,0.0,0.0,0.0
2026-07-27,2026-08-16,Variant A,20-39,NONPAYER,3,Ads,1,UL Bomb,minutes,8,21337,91644,0,0.0,0.0,0.0,0.0,0.0
2026-07-27,2026-08-16,Variant A,20-39,NONPAYER,3,Ads,1,UL Chuck,minutes,9,21337,91644,0,0.0,0.0,0.0,0.0,0.0
2026-07-27,2026-08-16,Variant A,20-39,NONPAYER,3,Ads,1,UL Red,minutes,10,21337,91644,0,0.0,0.0,0.0,0.0,0.0
2026-07-27,2026-08-16,Variant A,20-39,NONPAYER,3,Ads,1,Unlimited Lives,minutes,11,21337,91644,3782,122865.0,5.7583,1.3407,32.4868,17.73
2026-07-27,2026-08-16,Variant A,20-39,NONPAYER,3,Ads,1,SPT,count,12,21337,91644,0,0.0,0.0,0.0,0.0,0.0
2026-07-27,2026-08-16,Variant A,20-39,NONPAYER,3,Ads,1,SPTx2,minutes,13,21337,91644,0,0.0,0.0,0.0,0.0,0.0
2026-07-27,2026-08-16,Variant A,20-39,NONPAYER,3,Bomb Challenge,2,HC,HC,1,21337,91644,1870,229900.0,10.7747,2.5086,122.9412,8.76
2026-07-27,2026-08-16,Variant A,20-39,NONPAYER,3,Bomb Challenge,2,Slingshot,count,2,21337,91644,2880,3413.0,0.16,0.0372,1.1851,13.5
2026-07-27,2026-08-16,Variant A,20-39,NONPAYER,3,Bomb Challenge,2,Shuffle,count,3,21337,91644,2759,3311.0,0.1552,0.0361,1.2001,12.93
2026-07-27,2026-08-16,Variant A,20-39,NONPAYER,3,Bomb Challenge,2,Comet,count,4,21337,91644,513,552.0,0.0259,0.006,1.076,2.4
2026-07-27,2026-08-16,Variant A,20-39,NONPAYER,3,Bomb Challenge,2,Red,count,5,21337,91644,0,0.0,0.0,0.0,0.0,0.0
2026-07-27,2026-08-16,Variant A,20-39,NONPAYER,3,Bomb Challenge,2,Chuck,count,6,21337,91644,0,0.0,0.0,0.0,0.0,0.0
2026-07-27,2026-08-16,Variant A,20-39,NONPAYER,3,Bomb Challenge,2,Bomb,count,7,21337,91644,1,2.0,0.0001,0.0,2.0,0.0
2026-07-27,2026-08-16,Variant A,20-39,NONPAYER,3,Bomb Challenge,2,UL Bomb,minutes,8,21337,91644,0,0.0,0.0,0.0,0.0,0.0
2026-07-27,2026-08-16,Variant A,20-39,NONPAYER,3,Bomb Challenge,2,UL Chuck,minutes,9,21337,91644,0,0.0,0.0,0.0,0.0,0.0
2026-07-27,2026-08-16,Variant A,20-39,NONPAYER,3,Bomb Challenge,2,UL Red,minutes,10,21337,91644,0,0.0,0.0,0.0,0.0,0.0
2026-07-27,2026-08-16,Variant A,20-39,NONPAYER,3,Bomb Challenge,2,Unlimited Lives,minutes,11,21337,91644,0,0.0,0.0,0.0,0.0,0.0
2026-07-27,2026-08-16,Variant A,20-39,NONPAYER,3,Bomb Challenge,2,SPT,count,12,21337,91644,0,0.0,0.0,0.0,0.0,0.0
2026-07-27,2026-08-16,Variant A,20-39,NONPAYER,3,Bomb Challenge,2,SPTx2,minutes,13,21337,91644,0,0.0,0.0,0.0,0.0,0.0
2026-07-27,2026-08-16,Variant A,20-39,NONPAYER,3,Bomb's Ballet,3,HC,HC,1,21337,91644,3363,92300.0,4.3258,1.0072,27.4457,15.76
2026-07-27,2026-08-16,Variant A,20-39,NONPAYER,3,Bomb's Ballet,3,Slingshot,count,2,21337,91644,28,28.0,0.0013,0.0003,1.0,0.13
2026-07-27,2026-08-16,Variant A,20-39,NONPAYER,3,Bomb's Ballet,3,Shuffle,count,3,21337,91644,13,14.0,0.0007,0.0002,1.0769,0.06
2026-07-27,2026-08-16,Variant A,20-39,NONPAYER,3,Bomb's Ballet,3,Comet,count,4,21337,91644,12,12.0,0.0006,0.0001,1.0,0.06
2026-07-27,2026-08-16,Variant A,20-39,NONPAYER,3,Bomb's Ballet,3,Red,count,5,21337,91644,1905,1938.0,0.0908,0.0211,1.0173,8.93
2026-07-27,2026-08-16,Variant A,20-39,NONPAYER,3,Bomb's Ballet,3,Chuck,count,6,21337,91644,5109,5227.0,0.245,0.057,1.0231,23.94
2026-07-27,2026-08-16,Variant A,20-39,NONPAYER,3,Bomb's Ballet,3,Bomb,count,7,21337,91644,12,12.0,0.0006,0.0001,1.0,0.06
2026-07-27,2026-08-16,Variant A,20-39,NONPAYER,3,Bomb's Ballet,3,UL Bomb,minutes,8,21337,91644,2621,26800.0,1.256,0.2924,10.2251,12.28
2026-07-27,2026-08-16,Variant A,20-39,NONPAYER,3,Bomb's Ballet,3,UL Chuck,minutes,9,21337,91644,4557,47215.0,2.2128,0.5152,10.361,21.36
2026-07-27,2026-08-16,Variant A,20-39,NONPAYER,3,Bomb's Ballet,3,UL Red,minutes,10,21337,91644,5007,58170.0,2.7263,0.6347,11.6177,23.47
2026-07-27,2026-08-16,Variant A,20-39,NONPAYER,3,Bomb's Ballet,3,Unlimited Lives,minutes,11,21337,91644,4228,193500.0,9.0688,2.1114,45.7663,19.82
2026-07-27,2026-08-16,Variant A,20-39,NONPAYER,3,Bomb's Ballet,3,SPT,count,12,21337,91644,0,0.0,0.0,0.0,0.0,0.0
2026-07-27,2026-08-16,Variant A,20-39,NONPAYER,3,Bomb's Ballet,3,SPTx2,minutes,13,21337,91644,0,0.0,0.0,0.0,0.0,0.0
2026-07-27,2026-08-16,Variant A,20-39,NONPAYER,3,Chuck Challenge,4,HC,HC,1,21337,91644,2176,256050.0,12.0003,2.794,117.67,10.2
2026-07-27,2026-08-16,Variant A,20-39,NONPAYER,3,Chuck Challenge,4,Slingshot,count,2,21337,91644,2985,3508.0,0.1644,0.0383,1.1752,13.99
2026-07-27,2026-08-16,Variant A,20-39,NONPAYER,3,Chuck Challenge,4,Shuffle,count,3,21337,91644,3230,3848.0,0.1803,0.042,1.1913,15.14
2026-07-27,2026-08-16,Variant A,20-39,NONPAYER,3,Chuck Challenge,4,Comet,count,4,21337,91644,567,599.0,0.0281,0.0065,1.0564,2.66
2026-07-27,2026-08-16,Variant A,20-39,NONPAYER,3,Chuck Challenge,4,Red,count,5,21337,91644,1,1.0,0.0,0.0,1.0,0.0
2026-07-27,2026-08-16,Variant A,20-39,NONPAYER,3,Chuck Challenge,4,Chuck,count,6,21337,91644,0,0.0,0.0,0.0,0.0,0.0
2026-07-27,2026-08-16,Variant A,20-39,NONPAYER,3,Chuck Challenge,4,Bomb,count,7,21337,91644,0,0.0,0.0,0.0,0.0,0.0
2026-07-27,2026-08-16,Variant A,20-39,NONPAYER,3,Chuck Challenge,4,UL Bomb,minutes,8,21337,91644,0,0.0,0.0,0.0,0.0,0.0
2026-07-27,2026-08-16,Variant A,20-39,NONPAYER,3,Chuck Challenge,4,UL Chuck,minutes,9,21337,91644,0,0.0,0.0,0.0,0.0,0.0
2026-07-27,2026-08-16,Variant A,20-39,NONPAYER,3,Chuck Challenge,4,UL Red,minutes,10,21337,91644,0,0.0,0.0,0.0,0.0,0.0
2026-07-27,2026-08-16,Variant A,20-39,NONPAYER,3,Chuck Challenge,4,Unlimited Lives,minutes,11,21337,91644,0,0.0,0.0,0.0,0.0,0.0
2026-07-27,2026-08-16,Variant A,20-39,NONPAYER,3,Chuck Challenge,4,SPT,count,12,21337,91644,0,0.0,0.0,0.0,0.0,0.0
2026-07-27,2026-08-16,Variant A,20-39,NONPAYER,3,Chuck Challenge,4,SPTx2,minutes,13,21337,91644,0,0.0,0.0,0.0,0.0,0.0
2026-07-27,2026-08-16,Variant A,20-39,NONPAYER,3,Core,5,HC,HC,1,21337,91644,16289,1758790.0,82.4291,19.1915,107.9741,76.34
2026-07-27,2026-08-16,Variant A,20-39,NONPAYER,3,Core,5,Slingshot,count,2,21337,91644,8805,12451.0,0.5835,0.1359,1.4141,41.27
2026-07-27,2026-08-16,Variant A,20-39,NONPAYER,3,Core,5,Shuffle,count,3,21337,91644,11650,19434.0,0.9108,0.2121,1.6682,54.6
2026-07-27,2026-08-16,Variant A,20-39,NONPAYER,3,Core,5,Comet,count,4,21337,91644,6735,7934.0,0.3718,0.0866,1.178,31.56
2026-07-27,2026-08-16,Variant A,20-39,NONPAYER,3,Core,5,Red,count,5,21337,91644,5851,6958.0,0.3261,0.0759,1.1892,27.42
2026-07-27,2026-08-16,Variant A,20-39,NONPAYER,3,Core,5,Chuck,count,6,21337,91644,5041,6538.0,0.3064,0.0713,1.297,23.63
2026-07-27,2026-08-16,Variant A,20-39,NONPAYER,3,Core,5,Bomb,count,7,21337,91644,6067,6592.0,0.3089,0.0719,1.0865,28.43
2026-07-27,2026-08-16,Variant A,20-39,NONPAYER,3,Core,5,UL Bomb,minutes,8,21337,91644,0,0.0,0.0,0.0,0.0,0.0
2026-07-27,2026-08-16,Variant A,20-39,NONPAYER,3,Core,5,UL Chuck,minutes,9,21337,91644,0,0.0,0.0,0.0,0.0,0.0
2026-07-27,2026-08-16,Variant A,20-39,NONPAYER,3,Core,5,UL Red,minutes,10,21337,91644,0,0.0,0.0,0.0,0.0,0.0
2026-07-27,2026-08-16,Variant A,20-39,NONPAYER,3,Core,5,Unlimited Lives,minutes,11,21337,91644,12759,1089210.0,51.0479,11.8852,85.368,59.8
2026-07-27,2026-08-16,Variant A,20-39,NONPAYER,3,Core,5,SPT,count,12,21337,91644,19425,19614510.0,919.2722,214.0294,1009.756,91.04
2026-07-27,2026-08-16,Variant A,20-39,NONPAYER,3,Core,5,SPTx2,minutes,13,21337,91644,0,0.0,0.0,0.0,0.0,0.0
2026-07-27,2026-08-16,Variant A,20-39,NONPAYER,3,Daily Gift,6,HC,HC,1,21337,91644,17410,1315730.0,61.6642,14.357,75.5732,81.6
2026-07-27,2026-08-16,Variant A,20-39,NONPAYER,3,Daily Gift,6,Slingshot,count,2,21337,91644,9846,16532.0,0.7748,0.1804,1.6791,46.15
2026-07-27,2026-08-16,Variant A,20-39,NONPAYER,3,Daily Gift,6,Shuffle,count,3,21337,91644,7792,11070.0,0.5188,0.1208,1.4207,36.52
2026-07-27,2026-08-16,Variant A,20-39,NONPAYER,3,Daily Gift,6,Comet,count,4,21337,91644,1540,1590.0,0.0745,0.0173,1.0325,7.22
2026-07-27,2026-08-16,Variant A,20-39,NONPAYER,3,Daily Gift,6,Red,count,5,21337,91644,0,0.0,0.0,0.0,0.0,0.0
2026-07-27,2026-08-16,Variant A,20-39,NONPAYER,3,Daily Gift,6,Chuck,count,6,21337,91644,0,0.0,0.0,0.0,0.0,0.0
2026-07-27,2026-08-16,Variant A,20-39,NONPAYER,3,Daily Gift,6,Bomb,count,7,21337,91644,0,0.0,0.0,0.0,0.0,0.0
2026-07-27,2026-08-16,Variant A,20-39,NONPAYER,3,Daily Gift,6,UL Bomb,minutes,8,21337,91644,1805,54870.0,2.5716,0.5987,30.3989,8.46
2026-07-27,2026-08-16,Variant A,20-39,NONPAYER,3,Daily Gift,6,UL Chuck,minutes,9,21337,91644,1930,117240.0,5.4947,1.2793,60.7461,9.05
2026-07-27,2026-08-16,Variant A,20-39,NONPAYER,3,Daily Gift,6,UL Red,minutes,10,21337,91644,1943,118860.0,5.5706,1.297,61.1734,9.11
2026-07-27,2026-08-16,Variant A,20-39,NONPAYER,3,Daily Gift,6,Unlimited Lives,minutes,11,21337,91644,15131,1578955.0,74.0008,17.2292,104.3523,70.91
2026-07-27,2026-08-16,Variant A,20-39,NONPAYER,3,Daily Gift,6,SPT,count,12,21337,91644,0,0.0,0.0,0.0,0.0,0.0
2026-07-27,2026-08-16,Variant A,20-39,NONPAYER,3,Daily Gift,6,SPTx2,minutes,13,21337,91644,15,345.0,0.0162,0.0038,23.0,0.07
2026-07-27,2026-08-16,Variant A,20-39,NONPAYER,3,Daily Night Sky Prize,7,HC,HC,1,21337,91644,17229,3098975.0,145.2395,33.8154,179.8697,80.75
2026-07-27,2026-08-16,Variant A,20-39,NONPAYER,3,Daily Night Sky Prize,7,Slingshot,count,2,21337,91644,9911,15662.0,0.734,0.1709,1.5803,46.45
2026-07-27,2026-08-16,Variant A,20-39,NONPAYER,3,Daily Night Sky Prize,7,Shuffle,count,3,21337,91644,1,2.0,0.0001,0.0,2.0,0.0
2026-07-27,2026-08-16,Variant A,20-39,NONPAYER,3,Daily Night Sky Prize,7,Comet,count,4,21337,91644,162,200.0,0.0094,0.0022,1.2346,0.76
2026-07-27,2026-08-16,Variant A,20-39,NONPAYER,3,Daily Night Sky Prize,7,Red,count,5,21337,91644,14098,30705.0,1.439,0.335,2.178,66.07
2026-07-27,2026-08-16,Variant A,20-39,NONPAYER,3,Daily Night Sky Prize,7,Chuck,count,6,21337,91644,9767,15462.0,0.7247,0.1687,1.5831,45.77
2026-07-27,2026-08-16,Variant A,20-39,NONPAYER,3,Daily Night Sky Prize,7,Bomb,count,7,21337,91644,0,0.0,0.0,0.0,0.0,0.0
2026-07-27,2026-08-16,Variant A,20-39,NONPAYER,3,Daily Night Sky Prize,7,UL Bomb,minutes,8,21337,91644,0,0.0,0.0,0.0,0.0,0.0
2026-07-27,2026-08-16,Variant A,20-39,NONPAYER,3,Daily Night Sky Prize,7,UL Chuck,minutes,9,21337,91644,0,0.0,0.0,0.0,0.0,0.0
2026-07-27,2026-08-16,Variant A,20-39,NONPAYER,3,Daily Night Sky Prize,7,UL Red,minutes,10,21337,91644,0,0.0,0.0,0.0,0.0,0.0
2026-07-27,2026-08-16,Variant A,20-39,NONPAYER,3,Daily Night Sky Prize,7,Unlimited Lives,minutes,11,21337,91644,17291,1172370.0,54.9454,12.7927,67.8023,81.04
2026-07-27,2026-08-16,Variant A,20-39,NONPAYER,3,Daily Night Sky Prize,7,SPT,count,12,21337,91644,0,0.0,0.0,0.0,0.0,0.0
2026-07-27,2026-08-16,Variant A,20-39,NONPAYER,3,Daily Night Sky Prize,7,SPTx2,minutes,13,21337,91644,0,0.0,0.0,0.0,0.0,0.0
2026-07-27,2026-08-16,Variant A,20-39,NONPAYER,3,Flock Flurry,8,HC,HC,1,21337,91644,0,0.0,0.0,0.0,0.0,0.0
2026-07-27,2026-08-16,Variant A,20-39,NONPAYER,3,Flock Flurry,8,Slingshot,count,2,21337,91644,5539,8776.0,0.4113,0.0958,1.5844,25.96
2026-07-27,2026-08-16,Variant A,20-39,NONPAYER,3,Flock Flurry,8,Shuffle,count,3,21337,91644,0,0.0,0.0,0.0,0.0,0.0
2026-07-27,2026-08-16,Variant A,20-39,NONPAYER,3,Flock Flurry,8,Comet,count,4,21337,91644,0,0.0,0.0,0.0,0.0,0.0
2026-07-27,2026-08-16,Variant A,20-39,NONPAYER,3,Flock Flurry,8,Red,count,5,21337,91644,5539,8776.0,0.4113,0.0958,1.5844,25.96
2026-07-27,2026-08-16,Variant A,20-39,NONPAYER,3,Flock Flurry,8,Chuck,count,6,21337,91644,5539,8776.0,0.4113,0.0958,1.5844,25.96
2026-07-27,2026-08-16,Variant A,20-39,NONPAYER,3,Flock Flurry,8,Bomb,count,7,21337,91644,5539,8776.0,0.4113,0.0958,1.5844,25.96
2026-07-27,2026-08-16,Variant A,20-39,NONPAYER,3,Flock Flurry,8,UL Bomb,minutes,8,21337,91644,0,0.0,0.0,0.0,0.0,0.0
2026-07-27,2026-08-16,Variant A,20-39,NONPAYER,3,Flock Flurry,8,UL Chuck,minutes,9,21337,91644,0,0.0,0.0,0.0,0.0,0.0
2026-07-27,2026-08-16,Variant A,20-39,NONPAYER,3,Flock Flurry,8,UL Red,minutes,10,21337,91644,0,0.0,0.0,0.0,0.0,0.0
2026-07-27,2026-08-16,Variant A,20-39,NONPAYER,3,Flock Flurry,8,Unlimited Lives,minutes,11,21337,91644,12777,2120280.0,99.371,23.136,165.9451,59.88
2026-07-27,2026-08-16,Variant A,20-39,NONPAYER,3,Flock Flurry,8,SPT,count,12,21337,91644,5126,158660.0,7.4359,1.7313,30.952,24.02
2026-07-27,2026-08-16,Variant A,20-39,NONPAYER,3,Flock Flurry,8,SPTx2,minutes,13,21337,91644,0,0.0,0.0,0.0,0.0,0.0
2026-07-27,2026-08-16,Variant A,20-39,NONPAYER,3,Hatchling Hideaway,9,HC,HC,1,21337,91644,11722,483400.0,22.6555,5.2748,41.2387,54.94
2026-07-27,2026-08-16,Variant A,20-39,NONPAYER,3,Hatchling Hideaway,9,Slingshot,count,2,21337,91644,4700,6132.0,0.2874,0.0669,1.3047,22.03
2026-07-27,2026-08-16,Variant A,20-39,NONPAYER,3,Hatchling Hideaway,9,Shuffle,count,3,21337,91644,7556,10722.0,0.5025,0.117,1.419,35.41
2026-07-27,2026-08-16,Variant A,20-39,NONPAYER,3,Hatchling Hideaway,9,Comet,count,4,21337,91644,8702,12457.0,0.5838,0.1359,1.4315,40.78
2026-07-27,2026-08-16,Variant A,20-39,NONPAYER,3,Hatchling Hideaway,9,Red,count,5,21337,91644,12192,17992.0,0.8432,0.1963,1.4757,57.14
2026-07-27,2026-08-16,Variant A,20-39,NONPAYER,3,Hatchling Hideaway,9,Chuck,count,6,21337,91644,10623,15636.0,0.7328,0.1706,1.4719,49.79
2026-07-27,2026-08-16,Variant A,20-39,NONPAYER,3,Hatchling Hideaway,9,Bomb,count,7,21337,91644,9118,13377.0,0.6269,0.146,1.4671,42.73
2026-07-27,2026-08-16,Variant A,20-39,NONPAYER,3,Hatchling Hideaway,9,UL Bomb,minutes,8,21337,91644,0,0.0,0.0,0.0,0.0,0.0
2026-07-27,2026-08-16,Variant A,20-39,NONPAYER,3,Hatchling Hideaway,9,UL Chuck,minutes,9,21337,91644,4391,55540.0,2.603,0.606,12.6486,20.58
2026-07-27,2026-08-16,Variant A,20-39,NONPAYER,3,Hatchling Hideaway,9,UL Red,minutes,10,21337,91644,7291,101960.0,4.7786,1.1126,13.9844,34.17
2026-07-27,2026-08-16,Variant A,20-39,NONPAYER,3,Hatchling Hideaway,9,Unlimited Lives,minutes,11,21337,91644,13185,1480830.0,69.402,16.1585,112.3117,61.79
2026-07-27,2026-08-16,Variant A,20-39,NONPAYER,3,Hatchling Hideaway,9,SPT,count,12,21337,91644,0,0.0,0.0,0.0,0.0,0.0
2026-07-27,2026-08-16,Variant A,20-39,NONPAYER,3,Hatchling Hideaway,9,SPTx2,minutes,13,21337,91644,0,0.0,0.0,0.0,0.0,0.0
2026-07-27,2026-08-16,Variant A,20-39,NONPAYER,3,Jigsaw,10,HC,HC,1,21337,91644,3747,114850.0,5.3827,1.2532,30.6512,17.56
2026-07-27,2026-08-16,Variant A,20-39,NONPAYER,3,Jigsaw,10,Slingshot,count,2,21337,91644,50,53.0,0.0025,0.0006,1.06,0.23
2026-07-27,2026-08-16,Variant A,20-39,NONPAYER,3,Jigsaw,10,Shuffle,count,3,21337,91644,0,0.0,0.0,0.0,0.0,0.0
2026-07-27,2026-08-16,Variant A,20-39,NONPAYER,3,Jigsaw,10,Comet,count,4,21337,91644,22,23.0,0.0011,0.0003,1.0455,0.1
2026-07-27,2026-08-16,Variant A,20-39,NONPAYER,3,Jigsaw,10,Red,count,5,21337,91644,2695,3009.0,0.141,0.0328,1.1165,12.63
2026-07-27,2026-08-16,Variant A,20-39,NONPAYER,3,Jigsaw,10,Chuck,count,6,21337,91644,5525,6035.0,0.2828,0.0659,1.0923,25.89
2026-07-27,2026-08-16,Variant A,20-39,NONPAYER,3,Jigsaw,10,Bomb,count,7,21337,91644,22,23.0,0.0011,0.0003,1.0455,0.1
2026-07-27,2026-08-16,Variant A,20-39,NONPAYER,3,Jigsaw,10,UL Bomb,minutes,8,21337,91644,2708,29960.0,1.4041,0.3269,11.0635,12.69
2026-07-27,2026-08-16,Variant A,20-39,NONPAYER,3,Jigsaw,10,UL Chuck,minutes,9,21337,91644,4994,56015.0,2.6253,0.6112,11.2165,23.41
2026-07-27,2026-08-16,Variant A,20-39,NONPAYER,3,Jigsaw,10,UL Red,minutes,10,21337,91644,5522,72660.0,3.4054,0.7929,13.1583,25.88
2026-07-27,2026-08-16,Variant A,20-39,NONPAYER,3,Jigsaw,10,Unlimited Lives,minutes,11,21337,91644,4620,262470.0,12.3012,2.864,56.8117,21.65
2026-07-27,2026-08-16,Variant A,20-39,NONPAYER,3,Jigsaw,10,SPT,count,12,21337,91644,0,0.0,0.0,0.0,0.0,0.0
2026-07-27,2026-08-16,Variant A,20-39,NONPAYER,3,Jigsaw,10,SPTx2,minutes,13,21337,91644,0,0.0,0.0,0.0,0.0,0.0
2026-07-27,2026-08-16,Variant A,20-39,NONPAYER,3,Kite Festival,11,HC,HC,1,21337,91644,722,106200.0,4.9773,1.1588,147.0914,3.38
2026-07-27,2026-08-16,Variant A,20-39,NONPAYER,3,Kite Festival,11,Slingshot,count,2,21337,91644,1221,1324.0,0.0621,0.0144,1.0844,5.72
2026-07-27,2026-08-16,Variant A,20-39,NONPAYER,3,Kite Festival,11,Shuffle,count,3,21337,91644,479,503.0,0.0236,0.0055,1.0501,2.24
2026-07-27,2026-08-16,Variant A,20-39,NONPAYER,3,Kite Festival,11,Comet,count,4,21337,91644,71,74.0,0.0035,0.0008,1.0423,0.33
2026-07-27,2026-08-16,Variant A,20-39,NONPAYER,3,Kite Festival,11,Red,count,5,21337,91644,665,714.0,0.0335,0.0078,1.0737,3.12
2026-07-27,2026-08-16,Variant A,20-39,NONPAYER,3,Kite Festival,11,Chuck,count,6,21337,91644,693,732.0,0.0343,0.008,1.0563,3.25
2026-07-27,2026-08-16,Variant A,20-39,NONPAYER,3,Kite Festival,11,Bomb,count,7,21337,91644,467,497.0,0.0233,0.0054,1.0642,2.19
2026-07-27,2026-08-16,Variant A,20-39,NONPAYER,3,Kite Festival,11,UL Bomb,minutes,8,21337,91644,0,0.0,0.0,0.0,0.0,0.0
2026-07-27,2026-08-16,Variant A,20-39,NONPAYER,3,Kite Festival,11,UL Chuck,minutes,9,21337,91644,0,0.0,0.0,0.0,0.0,0.0
2026-07-27,2026-08-16,Variant A,20-39,NONPAYER,3,Kite Festival,11,UL Red,minutes,10,21337,91644,0,0.0,0.0,0.0,0.0,0.0
2026-07-27,2026-08-16,Variant A,20-39,NONPAYER,3,Kite Festival,11,Unlimited Lives,minutes,11,21337,91644,7587,368945.0,17.2913,4.0259,48.6286,35.56
2026-07-27,2026-08-16,Variant A,20-39,NONPAYER,3,Kite Festival,11,SPT,count,12,21337,91644,3991,415685.0,19.4819,4.5359,104.1556,18.7
2026-07-27,2026-08-16,Variant A,20-39,NONPAYER,3,Kite Festival,11,SPTx2,minutes,13,21337,91644,0,0.0,0.0,0.0,0.0,0.0
2026-07-27,2026-08-16,Variant A,20-39,NONPAYER,3,Level Race,12,HC,HC,1,21337,91644,0,0.0,0.0,0.0,0.0,0.0
2026-07-27,2026-08-16,Variant A,20-39,NONPAYER,3,Level Race,12,Slingshot,count,2,21337,91644,0,0.0,0.0,0.0,0.0,0.0
2026-07-27,2026-08-16,Variant A,20-39,NONPAYER,3,Level Race,12,Shuffle,count,3,21337,91644,0,0.0,0.0,0.0,0.0,0.0
2026-07-27,2026-08-16,Variant A,20-39,NONPAYER,3,Level Race,12,Comet,count,4,21337,91644,0,0.0,0.0,0.0,0.0,0.0
2026-07-27,2026-08-16,Variant A,20-39,NONPAYER,3,Level Race,12,Red,count,5,21337,91644,0,0.0,0.0,0.0,0.0,0.0
2026-07-27,2026-08-16,Variant A,20-39,NONPAYER,3,Level Race,12,Chuck,count,6,21337,91644,0,0.0,0.0,0.0,0.0,0.0
2026-07-27,2026-08-16,Variant A,20-39,NONPAYER,3,Level Race,12,Bomb,count,7,21337,91644,0,0.0,0.0,0.0,0.0,0.0
2026-07-27,2026-08-16,Variant A,20-39,NONPAYER,3,Level Race,12,UL Bomb,minutes,8,21337,91644,0,0.0,0.0,0.0,0.0,0.0
2026-07-27,2026-08-16,Variant A,20-39,NONPAYER,3,Level Race,12,UL Chuck,minutes,9,21337,91644,0,0.0,0.0,0.0,0.0,0.0
2026-07-27,2026-08-16,Variant A,20-39,NONPAYER,3,Level Race,12,UL Red,minutes,10,21337,91644,0,0.0,0.0,0.0,0.0,0.0
2026-07-27,2026-08-16,Variant A,20-39,NONPAYER,3,Level Race,12,Unlimited Lives,minutes,11,21337,91644,0,0.0,0.0,0.0,0.0,0.0
2026-07-27,2026-08-16,Variant A,20-39,NONPAYER,3,Level Race,12,SPT,count,12,21337,91644,0,0.0,0.0,0.0,0.0,0.0
2026-07-27,2026-08-16,Variant A,20-39,NONPAYER,3,Level Race,12,SPTx2,minutes,13,21337,91644,0,0.0,0.0,0.0,0.0,0.0
2026-07-27,2026-08-16,Variant A,20-39,NONPAYER,3,Other,13,HC,HC,1,21337,91644,5956,504798.0,23.6583,5.5082,84.7545,27.91
2026-07-27,2026-08-16,Variant A,20-39,NONPAYER,3,Other,13,Slingshot,count,2,21337,91644,3363,3894.0,0.1825,0.0425,1.1579,15.76
2026-07-27,2026-08-16,Variant A,20-39,NONPAYER,3,Other,13,Shuffle,count,3,21337,91644,3756,4562.0,0.2138,0.0498,1.2146,17.6
2026-07-27,2026-08-16,Variant A,20-39,NONPAYER,3,Other,13,Comet,count,4,21337,91644,2298,2486.0,0.1165,0.0271,1.0818,10.77
2026-07-27,2026-08-16,Variant A,20-39,NONPAYER,3,Other,13,Red,count,5,21337,91644,10894,16008.0,0.7502,0.1747,1.4694,51.06
2026-07-27,2026-08-16,Variant A,20-39,NONPAYER,3,Other,13,Chuck,count,6,21337,91644,10774,15707.0,0.7361,0.1714,1.4579,50.49
2026-07-27,2026-08-16,Variant A,20-39,NONPAYER,3,Other,13,Bomb,count,7,21337,91644,10729,15644.0,0.7332,0.1707,1.4581,50.28
2026-07-27,2026-08-16,Variant A,20-39,NONPAYER,3,Other,13,UL Bomb,minutes,8,21337,91644,46,1475.0,0.0691,0.0161,32.0652,0.22
2026-07-27,2026-08-16,Variant A,20-39,NONPAYER,3,Other,13,UL Chuck,minutes,9,21337,91644,46,1475.0,0.0691,0.0161,32.0652,0.22
2026-07-27,2026-08-16,Variant A,20-39,NONPAYER,3,Other,13,UL Red,minutes,10,21337,91644,46,1490.0,0.0698,0.0163,32.3913,0.22
2026-07-27,2026-08-16,Variant A,20-39,NONPAYER,3,Other,13,Unlimited Lives,minutes,11,21337,91644,3035,108656.0,5.0924,1.1856,35.801,14.22
2026-07-27,2026-08-16,Variant A,20-39,NONPAYER,3,Other,13,SPT,count,12,21337,91644,9334,501717.0,23.5139,5.4746,53.7516,43.75
2026-07-27,2026-08-16,Variant A,20-39,NONPAYER,3,Other,13,SPTx2,minutes,13,21337,91644,0,0.0,0.0,0.0,0.0,0.0
2026-07-27,2026-08-16,Variant A,20-39,NONPAYER,3,Photoshoot,14,HC,HC,1,21337,91644,1840,50375.0,2.3609,0.5497,27.3777,8.62
2026-07-27,2026-08-16,Variant A,20-39,NONPAYER,3,Photoshoot,14,Slingshot,count,2,21337,91644,0,0.0,0.0,0.0,0.0,0.0
2026-07-27,2026-08-16,Variant A,20-39,NONPAYER,3,Photoshoot,14,Shuffle,count,3,21337,91644,17,17.0,0.0008,0.0002,1.0,0.08
2026-07-27,2026-08-16,Variant A,20-39,NONPAYER,3,Photoshoot,14,Comet,count,4,21337,91644,0,0.0,0.0,0.0,0.0,0.0
2026-07-27,2026-08-16,Variant A,20-39,NONPAYER,3,Photoshoot,14,Red,count,5,21337,91644,755,772.0,0.0362,0.0084,1.0225,3.54
2026-07-27,2026-08-16,Variant A,20-39,NONPAYER,3,Photoshoot,14,Chuck,count,6,21337,91644,3102,3141.0,0.1472,0.0343,1.0126,14.54
2026-07-27,2026-08-16,Variant A,20-39,NONPAYER,3,Photoshoot,14,Bomb,count,7,21337,91644,1,1.0,0.0,0.0,1.0,0.0
2026-07-27,2026-08-16,Variant A,20-39,NONPAYER,3,Photoshoot,14,UL Bomb,minutes,8,21337,91644,48,720.0,0.0337,0.0079,15.0,0.22
2026-07-27,2026-08-16,Variant A,20-39,NONPAYER,3,Photoshoot,14,UL Chuck,minutes,9,21337,91644,374,5730.0,0.2685,0.0625,15.3209,1.75
2026-07-27,2026-08-16,Variant A,20-39,NONPAYER,3,Photoshoot,14,UL Red,minutes,10,21337,91644,1225,18525.0,0.8682,0.2021,15.1224,5.74
2026-07-27,2026-08-16,Variant A,20-39,NONPAYER,3,Photoshoot,14,Unlimited Lives,minutes,11,21337,91644,2672,127740.0,5.9868,1.3939,47.8069,12.52
2026-07-27,2026-08-16,Variant A,20-39,NONPAYER,3,Photoshoot,14,SPT,count,12,21337,91644,0,0.0,0.0,0.0,0.0,0.0
2026-07-27,2026-08-16,Variant A,20-39,NONPAYER,3,Photoshoot,14,SPTx2,minutes,13,21337,91644,0,0.0,0.0,0.0,0.0,0.0
2026-07-27,2026-08-16,Variant A,20-39,NONPAYER,3,Red Challenge,15,HC,HC,1,21337,91644,2099,248050.0,11.6253,2.7067,118.1753,9.84
2026-07-27,2026-08-16,Variant A,20-39,NONPAYER,3,Red Challenge,15,Slingshot,count,2,21337,91644,3037,3621.0,0.1697,0.0395,1.1923,14.23
2026-07-27,2026-08-16,Variant A,20-39,NONPAYER,3,Red Challenge,15,Shuffle,count,3,21337,91644,3130,3745.0,0.1755,0.0409,1.1965,14.67
2026-07-27,2026-08-16,Variant A,20-39,NONPAYER,3,Red Challenge,15,Comet,count,4,21337,91644,544,583.0,0.0273,0.0064,1.0717,2.55
2026-07-27,2026-08-16,Variant A,20-39,NONPAYER,3,Red Challenge,15,Red,count,5,21337,91644,0,0.0,0.0,0.0,0.0,0.0
2026-07-27,2026-08-16,Variant A,20-39,NONPAYER,3,Red Challenge,15,Chuck,count,6,21337,91644,0,0.0,0.0,0.0,0.0,0.0
2026-07-27,2026-08-16,Variant A,20-39,NONPAYER,3,Red Challenge,15,Bomb,count,7,21337,91644,0,0.0,0.0,0.0,0.0,0.0
2026-07-27,2026-08-16,Variant A,20-39,NONPAYER,3,Red Challenge,15,UL Bomb,minutes,8,21337,91644,0,0.0,0.0,0.0,0.0,0.0
2026-07-27,2026-08-16,Variant A,20-39,NONPAYER,3,Red Challenge,15,UL Chuck,minutes,9,21337,91644,0,0.0,0.0,0.0,0.0,0.0
2026-07-27,2026-08-16,Variant A,20-39,NONPAYER,3,Red Challenge,15,UL Red,minutes,10,21337,91644,0,0.0,0.0,0.0,0.0,0.0
2026-07-27,2026-08-16,Variant A,20-39,NONPAYER,3,Red Challenge,15,Unlimited Lives,minutes,11,21337,91644,0,0.0,0.0,0.0,0.0,0.0
2026-07-27,2026-08-16,Variant A,20-39,NONPAYER,3,Red Challenge,15,SPT,count,12,21337,91644,0,0.0,0.0,0.0,0.0,0.0
2026-07-27,2026-08-16,Variant A,20-39,NONPAYER,3,Red Challenge,15,SPTx2,minutes,13,21337,91644,0,0.0,0.0,0.0,0.0,0.0
2026-07-27,2026-08-16,Variant A,20-39,NONPAYER,3,River Rush,16,HC,HC,1,21337,91644,7,345.0,0.0162,0.0038,49.2857,0.03
2026-07-27,2026-08-16,Variant A,20-39,NONPAYER,3,River Rush,16,Slingshot,count,2,21337,91644,0,0.0,0.0,0.0,0.0,0.0
2026-07-27,2026-08-16,Variant A,20-39,NONPAYER,3,River Rush,16,Shuffle,count,3,21337,91644,8,8.0,0.0004,0.0001,1.0,0.04
2026-07-27,2026-08-16,Variant A,20-39,NONPAYER,3,River Rush,16,Comet,count,4,21337,91644,6,6.0,0.0003,0.0001,1.0,0.03
2026-07-27,2026-08-16,Variant A,20-39,NONPAYER,3,River Rush,16,Red,count,5,21337,91644,5,5.0,0.0002,0.0001,1.0,0.02
2026-07-27,2026-08-16,Variant A,20-39,NONPAYER,3,River Rush,16,Chuck,count,6,21337,91644,3,3.0,0.0001,0.0,1.0,0.01
2026-07-27,2026-08-16,Variant A,20-39,NONPAYER,3,River Rush,16,Bomb,count,7,21337,91644,4,4.0,0.0002,0.0,1.0,0.02
2026-07-27,2026-08-16,Variant A,20-39,NONPAYER,3,River Rush,16,UL Bomb,minutes,8,21337,91644,0,0.0,0.0,0.0,0.0,0.0
2026-07-27,2026-08-16,Variant A,20-39,NONPAYER,3,River Rush,16,UL Chuck,minutes,9,21337,91644,4,45.0,0.0021,0.0005,11.25,0.02
2026-07-27,2026-08-16,Variant A,20-39,NONPAYER,3,River Rush,16,UL Red,minutes,10,21337,91644,2,20.0,0.0009,0.0002,10.0,0.01
2026-07-27,2026-08-16,Variant A,20-39,NONPAYER,3,River Rush,16,Unlimited Lives,minutes,11,21337,91644,0,0.0,0.0,0.0,0.0,0.0
2026-07-27,2026-08-16,Variant A,20-39,NONPAYER,3,River Rush,16,SPT,count,12,21337,91644,0,0.0,0.0,0.0,0.0,0.0
2026-07-27,2026-08-16,Variant A,20-39,NONPAYER,3,River Rush,16,SPTx2,minutes,13,21337,91644,0,0.0,0.0,0.0,0.0,0.0
2026-07-27,2026-08-16,Variant A,20-39,NONPAYER,3,Saga,17,HC,HC,1,21337,91644,19633,1544315.0,72.3773,16.8512,78.6591,92.01
2026-07-27,2026-08-16,Variant A,20-39,NONPAYER,3,Saga,17,Slingshot,count,2,21337,91644,13059,24383.0,1.1428,0.2661,1.8671,61.2
2026-07-27,2026-08-16,Variant A,20-39,NONPAYER,3,Saga,17,Shuffle,count,3,21337,91644,12870,24163.0,1.1324,0.2637,1.8775,60.32
2026-07-27,2026-08-16,Variant A,20-39,NONPAYER,3,Saga,17,Comet,count,4,21337,91644,200,237.0,0.0111,0.0026,1.185,0.94
2026-07-27,2026-08-16,Variant A,20-39,NONPAYER,3,Saga,17,Red,count,5,21337,91644,13793,25735.0,1.2061,0.2808,1.8658,64.64
2026-07-27,2026-08-16,Variant A,20-39,NONPAYER,3,Saga,17,Chuck,count,6,21337,91644,12940,24436.0,1.1452,0.2666,1.8884,60.65
2026-07-27,2026-08-16,Variant A,20-39,NONPAYER,3,Saga,17,Bomb,count,7,21337,91644,12845,24350.0,1.1412,0.2657,1.8957,60.2
2026-07-27,2026-08-16,Variant A,20-39,NONPAYER,3,Saga,17,UL Bomb,minutes,8,21337,91644,0,0.0,0.0,0.0,0.0,0.0
2026-07-27,2026-08-16,Variant A,20-39,NONPAYER,3,Saga,17,UL Chuck,minutes,9,21337,91644,0,0.0,0.0,0.0,0.0,0.0
2026-07-27,2026-08-16,Variant A,20-39,NONPAYER,3,Saga,17,UL Red,minutes,10,21337,91644,0,0.0,0.0,0.0,0.0,0.0
2026-07-27,2026-08-16,Variant A,20-39,NONPAYER,3,Saga,17,Unlimited Lives,minutes,11,21337,91644,20671,6486475.0,304.0013,70.779,313.7959,96.88
2026-07-27,2026-08-16,Variant A,20-39,NONPAYER,3,Saga,17,SPT,count,12,21337,91644,0,0.0,0.0,0.0,0.0,0.0
2026-07-27,2026-08-16,Variant A,20-39,NONPAYER,3,Saga,17,SPTx2,minutes,13,21337,91644,0,0.0,0.0,0.0,0.0,0.0
2026-07-27,2026-08-16,Variant A,20-39,NONPAYER,3,Season Pass (Free),18,HC,HC,1,21337,91644,11399,504000.0,23.6209,5.4995,44.2144,53.42
2026-07-27,2026-08-16,Variant A,20-39,NONPAYER,3,Season Pass (Free),18,Slingshot,count,2,21337,91644,3709,4030.0,0.1889,0.044,1.0865,17.38
2026-07-27,2026-08-16,Variant A,20-39,NONPAYER,3,Season Pass (Free),18,Shuffle,count,3,21337,91644,6017,7260.0,0.3403,0.0792,1.2066,28.2
2026-07-27,2026-08-16,Variant A,20-39,NONPAYER,3,Season Pass (Free),18,Comet,count,4,21337,91644,0,0.0,0.0,0.0,0.0,0.0
2026-07-27,2026-08-16,Variant A,20-39,NONPAYER,3,Season Pass (Free),18,Red,count,5,21337,91644,7906,15845.0,0.7426,0.1729,2.0042,37.05
2026-07-27,2026-08-16,Variant A,20-39,NONPAYER,3,Season Pass (Free),18,Chuck,count,6,21337,91644,9777,21747.0,1.0192,0.2373,2.2243,45.82
2026-07-27,2026-08-16,Variant A,20-39,NONPAYER,3,Season Pass (Free),18,Bomb,count,7,21337,91644,6386,8834.0,0.414,0.0964,1.3833,29.93
2026-07-27,2026-08-16,Variant A,20-39,NONPAYER,3,Season Pass (Free),18,UL Bomb,minutes,8,21337,91644,7,80.0,0.0037,0.0009,11.4286,0.03
2026-07-27,2026-08-16,Variant A,20-39,NONPAYER,3,Season Pass (Free),18,UL Chuck,minutes,9,21337,91644,3069,50910.0,2.386,0.5555,16.5885,14.38
2026-07-27,2026-08-16,Variant A,20-39,NONPAYER,3,Season Pass (Free),18,UL Red,minutes,10,21337,91644,8039,131790.0,6.1766,1.4381,16.3938,37.68
2026-07-27,2026-08-16,Variant A,20-39,NONPAYER,3,Season Pass (Free),18,Unlimited Lives,minutes,11,21337,91644,9165,576730.0,27.0296,6.2932,62.9274,42.95
2026-07-27,2026-08-16,Variant A,20-39,NONPAYER,3,Season Pass (Free),18,SPT,count,12,21337,91644,177,9484.0,0.4445,0.1035,53.5819,0.83
2026-07-27,2026-08-16,Variant A,20-39,NONPAYER,3,Season Pass (Free),18,SPTx2,minutes,13,21337,91644,0,0.0,0.0,0.0,0.0,0.0
2026-07-27,2026-08-16,Variant A,20-39,NONPAYER,3,Target Day,19,HC,HC,1,21337,91644,5520,410425.0,19.2354,4.4785,74.3524,25.87
2026-07-27,2026-08-16,Variant A,20-39,NONPAYER,3,Target Day,19,Slingshot,count,2,21337,91644,4641,6180.0,0.2896,0.0674,1.3316,21.75
2026-07-27,2026-08-16,Variant A,20-39,NONPAYER,3,Target Day,19,Shuffle,count,3,21337,91644,2457,2832.0,0.1327,0.0309,1.1526,11.52
2026-07-27,2026-08-16,Variant A,20-39,NONPAYER,3,Target Day,19,Comet,count,4,21337,91644,1689,1923.0,0.0901,0.021,1.1385,7.92
2026-07-27,2026-08-16,Variant A,20-39,NONPAYER,3,Target Day,19,Red,count,5,21337,91644,4532,5996.0,0.281,0.0654,1.323,21.24
2026-07-27,2026-08-16,Variant A,20-39,NONPAYER,3,Target Day,19,Chuck,count,6,21337,91644,4118,5288.0,0.2478,0.0577,1.2841,19.3
2026-07-27,2026-08-16,Variant A,20-39,NONPAYER,3,Target Day,19,Bomb,count,7,21337,91644,2553,3017.0,0.1414,0.0329,1.1817,11.97
2026-07-27,2026-08-16,Variant A,20-39,NONPAYER,3,Target Day,19,UL Bomb,minutes,8,21337,91644,0,0.0,0.0,0.0,0.0,0.0
2026-07-27,2026-08-16,Variant A,20-39,NONPAYER,3,Target Day,19,UL Chuck,minutes,9,21337,91644,0,0.0,0.0,0.0,0.0,0.0
2026-07-27,2026-08-16,Variant A,20-39,NONPAYER,3,Target Day,19,UL Red,minutes,10,21337,91644,0,0.0,0.0,0.0,0.0,0.0
2026-07-27,2026-08-16,Variant A,20-39,NONPAYER,3,Target Day,19,Unlimited Lives,minutes,11,21337,91644,10417,682650.0,31.9937,7.4489,65.5323,48.82
2026-07-27,2026-08-16,Variant A,20-39,NONPAYER,3,Target Day,19,SPT,count,12,21337,91644,1,10.0,0.0005,0.0001,10.0,0.0
2026-07-27,2026-08-16,Variant A,20-39,NONPAYER,3,Target Day,19,SPTx2,minutes,13,21337,91644,0,0.0,0.0,0.0,0.0,0.0
2026-07-27,2026-08-16,Variant A,20-39,NONPAYER,3,Team Event,20,HC,HC,1,21337,91644,5983,707860.0,33.1752,7.724,118.3119,28.04
2026-07-27,2026-08-16,Variant A,20-39,NONPAYER,3,Team Event,20,Slingshot,count,2,21337,91644,4722,8726.0,0.409,0.0952,1.8479,22.13
2026-07-27,2026-08-16,Variant A,20-39,NONPAYER,3,Team Event,20,Shuffle,count,3,21337,91644,1641,4236.0,0.1985,0.0462,2.5814,7.69
2026-07-27,2026-08-16,Variant A,20-39,NONPAYER,3,Team Event,20,Comet,count,4,21337,91644,1253,1976.0,0.0926,0.0216,1.577,5.87
2026-07-27,2026-08-16,Variant A,20-39,NONPAYER,3,Team Event,20,Red,count,5,21337,91644,0,0.0,0.0,0.0,0.0,0.0
2026-07-27,2026-08-16,Variant A,20-39,NONPAYER,3,Team Event,20,Chuck,count,6,21337,91644,0,0.0,0.0,0.0,0.0,0.0
2026-07-27,2026-08-16,Variant A,20-39,NONPAYER,3,Team Event,20,Bomb,count,7,21337,91644,0,0.0,0.0,0.0,0.0,0.0
2026-07-27,2026-08-16,Variant A,20-39,NONPAYER,3,Team Event,20,UL Bomb,minutes,8,21337,91644,0,0.0,0.0,0.0,0.0,0.0
2026-07-27,2026-08-16,Variant A,20-39,NONPAYER,3,Team Event,20,UL Chuck,minutes,9,21337,91644,0,0.0,0.0,0.0,0.0,0.0
2026-07-27,2026-08-16,Variant A,20-39,NONPAYER,3,Team Event,20,UL Red,minutes,10,21337,91644,0,0.0,0.0,0.0,0.0,0.0
2026-07-27,2026-08-16,Variant A,20-39,NONPAYER,3,Team Event,20,Unlimited Lives,minutes,11,21337,91644,0,0.0,0.0,0.0,0.0,0.0
2026-07-27,2026-08-16,Variant A,20-39,NONPAYER,3,Team Event,20,SPT,count,12,21337,91644,0,0.0,0.0,0.0,0.0,0.0
2026-07-27,2026-08-16,Variant A,20-39,NONPAYER,3,Team Event,20,SPTx2,minutes,13,21337,91644,0,0.0,0.0,0.0,0.0,0.0
2026-07-27,2026-08-16,Variant A,20-39,NONPAYER,3,Team Race,21,HC,HC,1,21337,91644,7228,874000.0,40.9617,9.5369,120.9186,33.88
2026-07-27,2026-08-16,Variant A,20-39,NONPAYER,3,Team Race,21,Slingshot,count,2,21337,91644,4193,5462.0,0.256,0.0596,1.3026,19.65
2026-07-27,2026-08-16,Variant A,20-39,NONPAYER,3,Team Race,21,Shuffle,count,3,21337,91644,5486,8019.0,0.3758,0.0875,1.4617,25.71
2026-07-27,2026-08-16,Variant A,20-39,NONPAYER,3,Team Race,21,Comet,count,4,21337,91644,7075,12286.0,0.5758,0.1341,1.7365,33.16
2026-07-27,2026-08-16,Variant A,20-39,NONPAYER,3,Team Race,21,Red,count,5,21337,91644,973,1062.0,0.0498,0.0116,1.0915,4.56
2026-07-27,2026-08-16,Variant A,20-39,NONPAYER,3,Team Race,21,Chuck,count,6,21337,91644,1626,1856.0,0.087,0.0203,1.1415,7.62
2026-07-27,2026-08-16,Variant A,20-39,NONPAYER,3,Team Race,21,Bomb,count,7,21337,91644,3930,5252.0,0.2461,0.0573,1.3364,18.42
2026-07-27,2026-08-16,Variant A,20-39,NONPAYER,3,Team Race,21,UL Bomb,minutes,8,21337,91644,0,0.0,0.0,0.0,0.0,0.0
2026-07-27,2026-08-16,Variant A,20-39,NONPAYER,3,Team Race,21,UL Chuck,minutes,9,21337,91644,0,0.0,0.0,0.0,0.0,0.0
2026-07-27,2026-08-16,Variant A,20-39,NONPAYER,3,Team Race,21,UL Red,minutes,10,21337,91644,0,0.0,0.0,0.0,0.0,0.0
2026-07-27,2026-08-16,Variant A,20-39,NONPAYER,3,Team Race,21,Unlimited Lives,minutes,11,21337,91644,0,0.0,0.0,0.0,0.0,0.0
2026-07-27,2026-08-16,Variant A,20-39,NONPAYER,3,Team Race,21,SPT,count,12,21337,91644,0,0.0,0.0,0.0,0.0,0.0
2026-07-27,2026-08-16,Variant A,20-39,NONPAYER,3,Team Race,21,SPTx2,minutes,13,21337,91644,0,0.0,0.0,0.0,0.0,0.0
2026-07-27,2026-08-16,Variant A,20-39,NONPAYER,3,Flash Race,22,HC,HC,1,21337,91644,8301,394920.0,18.5087,4.3093,47.575,38.9
2026-07-27,2026-08-16,Variant A,20-39,NONPAYER,3,Flash Race,22,Slingshot,count,2,21337,91644,3334,4172.0,0.1955,0.0455,1.2513,15.63
2026-07-27,2026-08-16,Variant A,20-39,NONPAYER,3,Flash Race,22,Shuffle,count,3,21337,91644,4143,5282.0,0.2476,0.0576,1.2749,19.42
2026-07-27,2026-08-16,Variant A,20-39,NONPAYER,3,Flash Race,22,Comet,count,4,21337,91644,3227,4077.0,0.1911,0.0445,1.2634,15.12
2026-07-27,2026-08-16,Variant A,20-39,NONPAYER,3,Flash Race,22,Red,count,5,21337,91644,1300,1495.0,0.0701,0.0163,1.15,6.09
2026-07-27,2026-08-16,Variant A,20-39,NONPAYER,3,Flash Race,22,Chuck,count,6,21337,91644,2371,2833.0,0.1328,0.0309,1.1949,11.11
2026-07-27,2026-08-16,Variant A,20-39,NONPAYER,3,Flash Race,22,Bomb,count,7,21337,91644,3877,5072.0,0.2377,0.0553,1.3082,18.17
2026-07-27,2026-08-16,Variant A,20-39,NONPAYER,3,Flash Race,22,UL Bomb,minutes,8,21337,91644,0,0.0,0.0,0.0,0.0,0.0
2026-07-27,2026-08-16,Variant A,20-39,NONPAYER,3,Flash Race,22,UL Chuck,minutes,9,21337,91644,0,0.0,0.0,0.0,0.0,0.0
2026-07-27,2026-08-16,Variant A,20-39,NONPAYER,3,Flash Race,22,UL Red,minutes,10,21337,91644,0,0.0,0.0,0.0,0.0,0.0
2026-07-27,2026-08-16,Variant A,20-39,NONPAYER,3,Flash Race,22,Unlimited Lives,minutes,11,21337,91644,622,32940.0,1.5438,0.3594,52.9582,2.92
2026-07-27,2026-08-16,Variant A,20-39,NONPAYER,3,Flash Race,22,SPT,count,12,21337,91644,10035,1084495.0,50.827,11.8338,108.0713,47.03
2026-07-27,2026-08-16,Variant A,20-39,NONPAYER,3,Flash Race,22,SPTx2,minutes,13,21337,91644,0,0.0,0.0,0.0,0.0,0.0
2026-07-27,2026-08-16,Variant A,20-39,NONPAYER,3,FlowerCoop,23,HC,HC,1,21337,91644,0,0.0,0.0,0.0,0.0,0.0
2026-07-27,2026-08-16,Variant A,20-39,NONPAYER,3,FlowerCoop,23,Slingshot,count,2,21337,91644,0,0.0,0.0,0.0,0.0,0.0
2026-07-27,2026-08-16,Variant A,20-39,NONPAYER,3,FlowerCoop,23,Shuffle,count,3,21337,91644,0,0.0,0.0,0.0,0.0,0.0
2026-07-27,2026-08-16,Variant A,20-39,NONPAYER,3,FlowerCoop,23,Comet,count,4,21337,91644,0,0.0,0.0,0.0,0.0,0.0
2026-07-27,2026-08-16,Variant A,20-39,NONPAYER,3,FlowerCoop,23,Red,count,5,21337,91644,0,0.0,0.0,0.0,0.0,0.0
2026-07-27,2026-08-16,Variant A,20-39,NONPAYER,3,FlowerCoop,23,Chuck,count,6,21337,91644,0,0.0,0.0,0.0,0.0,0.0
2026-07-27,2026-08-16,Variant A,20-39,NONPAYER,3,FlowerCoop,23,Bomb,count,7,21337,91644,1,2.0,0.0001,0.0,2.0,0.0
2026-07-27,2026-08-16,Variant A,20-39,NONPAYER,3,FlowerCoop,23,UL Bomb,minutes,8,21337,91644,0,0.0,0.0,0.0,0.0,0.0
2026-07-27,2026-08-16,Variant A,20-39,NONPAYER,3,FlowerCoop,23,UL Chuck,minutes,9,21337,91644,0,0.0,0.0,0.0,0.0,0.0
2026-07-27,2026-08-16,Variant A,20-39,NONPAYER,3,FlowerCoop,23,UL Red,minutes,10,21337,91644,2,20.0,0.0009,0.0002,10.0,0.01
2026-07-27,2026-08-16,Variant A,20-39,NONPAYER,3,FlowerCoop,23,Unlimited Lives,minutes,11,21337,91644,0,0.0,0.0,0.0,0.0,0.0
2026-07-27,2026-08-16,Variant A,20-39,NONPAYER,3,FlowerCoop,23,SPT,count,12,21337,91644,0,0.0,0.0,0.0,0.0,0.0
2026-07-27,2026-08-16,Variant A,20-39,NONPAYER,3,FlowerCoop,23,SPTx2,minutes,13,21337,91644,0,0.0,0.0,0.0,0.0,0.0
2026-07-27,2026-08-16,Variant A,20-39,NONPAYER,3,Rainbow Maker,24,HC,HC,1,21337,91644,14827,789070.0,36.9813,8.6102,53.2185,69.49
2026-07-27,2026-08-16,Variant A,20-39,NONPAYER,3,Rainbow Maker,24,Slingshot,count,2,21337,91644,14154,51196.0,2.3994,0.5586,3.6171,66.34
2026-07-27,2026-08-16,Variant A,20-39,NONPAYER,3,Rainbow Maker,24,Shuffle,count,3,21337,91644,11854,22139.0,1.0376,0.2416,1.8676,55.56
2026-07-27,2026-08-16,Variant A,20-39,NONPAYER,3,Rainbow Maker,24,Comet,count,4,21337,91644,10322,15761.0,0.7387,0.172,1.5269,48.38
2026-07-27,2026-08-16,Variant A,20-39,NONPAYER,3,Rainbow Maker,24,Red,count,5,21337,91644,13831,23713.0,1.1114,0.2588,1.7145,64.82
2026-07-27,2026-08-16,Variant A,20-39,NONPAYER,3,Rainbow Maker,24,Chuck,count,6,21337,91644,13036,22926.0,1.0745,0.2502,1.7587,61.1
2026-07-27,2026-08-16,Variant A,20-39,NONPAYER,3,Rainbow Maker,24,Bomb,count,7,21337,91644,7432,12269.0,0.575,0.1339,1.6508,34.83
2026-07-27,2026-08-16,Variant A,20-39,NONPAYER,3,Rainbow Maker,24,UL Bomb,minutes,8,21337,91644,0,0.0,0.0,0.0,0.0,0.0
2026-07-27,2026-08-16,Variant A,20-39,NONPAYER,3,Rainbow Maker,24,UL Chuck,minutes,9,21337,91644,352,4450.0,0.2086,0.0486,12.642,1.65
2026-07-27,2026-08-16,Variant A,20-39,NONPAYER,3,Rainbow Maker,24,UL Red,minutes,10,21337,91644,10026,177480.0,8.3179,1.9366,17.702,46.99
2026-07-27,2026-08-16,Variant A,20-39,NONPAYER,3,Rainbow Maker,24,Unlimited Lives,minutes,11,21337,91644,14939,1191005.0,55.8188,12.996,79.7245,70.01
2026-07-27,2026-08-16,Variant A,20-39,NONPAYER,3,Rainbow Maker,24,SPT,count,12,21337,91644,14786,4083865.0,191.3983,44.5623,276.1981,69.3
2026-07-27,2026-08-16,Variant A,20-39,NONPAYER,3,Rainbow Maker,24,SPTx2,minutes,13,21337,91644,10094,174090.0,8.1591,1.8996,17.2469,47.31
2026-07-27,2026-08-16,Variant A,20-39,NONPAYER,3,IAPs,25,HC,HC,1,21337,91644,0,0.0,0.0,0.0,0.0,0.0
2026-07-27,2026-08-16,Variant A,20-39,NONPAYER,3,IAPs,25,Slingshot,count,2,21337,91644,0,0.0,0.0,0.0,0.0,0.0
2026-07-27,2026-08-16,Variant A,20-39,NONPAYER,3,IAPs,25,Shuffle,count,3,21337,91644,0,0.0,0.0,0.0,0.0,0.0
2026-07-27,2026-08-16,Variant A,20-39,NONPAYER,3,IAPs,25,Comet,count,4,21337,91644,0,0.0,0.0,0.0,0.0,0.0
2026-07-27,2026-08-16,Variant A,20-39,NONPAYER,3,IAPs,25,Red,count,5,21337,91644,0,0.0,0.0,0.0,0.0,0.0
2026-07-27,2026-08-16,Variant A,20-39,NONPAYER,3,IAPs,25,Chuck,count,6,21337,91644,0,0.0,0.0,0.0,0.0,0.0
2026-07-27,2026-08-16,Variant A,20-39,NONPAYER,3,IAPs,25,Bomb,count,7,21337,91644,0,0.0,0.0,0.0,0.0,0.0
2026-07-27,2026-08-16,Variant A,20-39,NONPAYER,3,IAPs,25,UL Bomb,minutes,8,21337,91644,0,0.0,0.0,0.0,0.0,0.0
2026-07-27,2026-08-16,Variant A,20-39,NONPAYER,3,IAPs,25,UL Chuck,minutes,9,21337,91644,0,0.0,0.0,0.0,0.0,0.0
2026-07-27,2026-08-16,Variant A,20-39,NONPAYER,3,IAPs,25,UL Red,minutes,10,21337,91644,0,0.0,0.0,0.0,0.0,0.0
2026-07-27,2026-08-16,Variant A,20-39,NONPAYER,3,IAPs,25,Unlimited Lives,minutes,11,21337,91644,0,0.0,0.0,0.0,0.0,0.0
2026-07-27,2026-08-16,Variant A,20-39,NONPAYER,3,IAPs,25,SPT,count,12,21337,91644,0,0.0,0.0,0.0,0.0,0.0
2026-07-27,2026-08-16,Variant A,20-39,NONPAYER,3,IAPs,25,SPTx2,minutes,13,21337,91644,0,0.0,0.0,0.0,0.0,0.0
2026-07-27,2026-08-16,Variant A,20-39,PAYER,3,Ads,1,HC,HC,1,5272,21613,1953,111330.0,21.1172,5.1511,57.0046,37.04
2026-07-27,2026-08-16,Variant A,20-39,PAYER,3,Ads,1,Slingshot,count,2,5272,21613,1167,2420.0,0.459,0.112,2.0737,22.14
2026-07-27,2026-08-16,Variant A,20-39,PAYER,3,Ads,1,Shuffle,count,3,5272,21613,1174,2379.0,0.4513,0.1101,2.0264,22.27
2026-07-27,2026-08-16,Variant A,20-39,PAYER,3,Ads,1,Comet,count,4,5272,21613,748,1186.0,0.225,0.0549,1.5856,14.19
2026-07-27,2026-08-16,Variant A,20-39,PAYER,3,Ads,1,Red,count,5,5272,21613,0,0.0,0.0,0.0,0.0,0.0
2026-07-27,2026-08-16,Variant A,20-39,PAYER,3,Ads,1,Chuck,count,6,5272,21613,0,0.0,0.0,0.0,0.0,0.0
2026-07-27,2026-08-16,Variant A,20-39,PAYER,3,Ads,1,Bomb,count,7,5272,21613,0,0.0,0.0,0.0,0.0,0.0
2026-07-27,2026-08-16,Variant A,20-39,PAYER,3,Ads,1,UL Bomb,minutes,8,5272,21613,0,0.0,0.0,0.0,0.0,0.0
2026-07-27,2026-08-16,Variant A,20-39,PAYER,3,Ads,1,UL Chuck,minutes,9,5272,21613,0,0.0,0.0,0.0,0.0,0.0
2026-07-27,2026-08-16,Variant A,20-39,PAYER,3,Ads,1,UL Red,minutes,10,5272,21613,0,0.0,0.0,0.0,0.0,0.0
2026-07-27,2026-08-16,Variant A,20-39,PAYER,3,Ads,1,Unlimited Lives,minutes,11,5272,21613,1321,37135.0,7.0438,1.7182,28.1113,25.06
2026-07-27,2026-08-16,Variant A,20-39,PAYER,3,Ads,1,SPT,count,12,5272,21613,0,0.0,0.0,0.0,0.0,0.0
2026-07-27,2026-08-16,Variant A,20-39,PAYER,3,Ads,1,SPTx2,minutes,13,5272,21613,0,0.0,0.0,0.0,0.0,0.0
2026-07-27,2026-08-16,Variant A,20-39,PAYER,3,Bomb Challenge,2,HC,HC,1,5272,21613,499,64075.0,12.1538,2.9647,128.4068,9.47
2026-07-27,2026-08-16,Variant A,20-39,PAYER,3,Bomb Challenge,2,Slingshot,count,2,5272,21613,643,764.0,0.1449,0.0353,1.1882,12.2
2026-07-27,2026-08-16,Variant A,20-39,PAYER,3,Bomb Challenge,2,Shuffle,count,3,5272,21613,642,763.0,0.1447,0.0353,1.1885,12.18
2026-07-27,2026-08-16,Variant A,20-39,PAYER,3,Bomb Challenge,2,Comet,count,4,5272,21613,152,167.0,0.0317,0.0077,1.0987,2.88
2026-07-27,2026-08-16,Variant A,20-39,PAYER,3,Bomb Challenge,2,Red,count,5,5272,21613,0,0.0,0.0,0.0,0.0,0.0
2026-07-27,2026-08-16,Variant A,20-39,PAYER,3,Bomb Challenge,2,Chuck,count,6,5272,21613,0,0.0,0.0,0.0,0.0,0.0
2026-07-27,2026-08-16,Variant A,20-39,PAYER,3,Bomb Challenge,2,Bomb,count,7,5272,21613,1,2.0,0.0004,0.0001,2.0,0.02
2026-07-27,2026-08-16,Variant A,20-39,PAYER,3,Bomb Challenge,2,UL Bomb,minutes,8,5272,21613,0,0.0,0.0,0.0,0.0,0.0
2026-07-27,2026-08-16,Variant A,20-39,PAYER,3,Bomb Challenge,2,UL Chuck,minutes,9,5272,21613,0,0.0,0.0,0.0,0.0,0.0
2026-07-27,2026-08-16,Variant A,20-39,PAYER,3,Bomb Challenge,2,UL Red,minutes,10,5272,21613,0,0.0,0.0,0.0,0.0,0.0
2026-07-27,2026-08-16,Variant A,20-39,PAYER,3,Bomb Challenge,2,Unlimited Lives,minutes,11,5272,21613,0,0.0,0.0,0.0,0.0,0.0
2026-07-27,2026-08-16,Variant A,20-39,PAYER,3,Bomb Challenge,2,SPT,count,12,5272,21613,0,0.0,0.0,0.0,0.0,0.0
2026-07-27,2026-08-16,Variant A,20-39,PAYER,3,Bomb Challenge,2,SPTx2,minutes,13,5272,21613,0,0.0,0.0,0.0,0.0,0.0
2026-07-27,2026-08-16,Variant A,20-39,PAYER,3,Bomb's Ballet,3,HC,HC,1,5272,21613,845,23050.0,4.3722,1.0665,27.2781,16.03
2026-07-27,2026-08-16,Variant A,20-39,PAYER,3,Bomb's Ballet,3,Slingshot,count,2,5272,21613,8,8.0,0.0015,0.0004,1.0,0.15
2026-07-27,2026-08-16,Variant A,20-39,PAYER,3,Bomb's Ballet,3,Shuffle,count,3,5272,21613,5,5.0,0.0009,0.0002,1.0,0.09
2026-07-27,2026-08-16,Variant A,20-39,PAYER,3,Bomb's Ballet,3,Comet,count,4,5272,21613,5,5.0,0.0009,0.0002,1.0,0.09
2026-07-27,2026-08-16,Variant A,20-39,PAYER,3,Bomb's Ballet,3,Red,count,5,5272,21613,485,496.0,0.0941,0.0229,1.0227,9.2
2026-07-27,2026-08-16,Variant A,20-39,PAYER,3,Bomb's Ballet,3,Chuck,count,6,5272,21613,1280,1315.0,0.2494,0.0608,1.0273,24.28
2026-07-27,2026-08-16,Variant A,20-39,PAYER,3,Bomb's Ballet,3,Bomb,count,7,5272,21613,5,5.0,0.0009,0.0002,1.0,0.09
2026-07-27,2026-08-16,Variant A,20-39,PAYER,3,Bomb's Ballet,3,UL Bomb,minutes,8,5272,21613,638,6535.0,1.2396,0.3024,10.2429,12.1
2026-07-27,2026-08-16,Variant A,20-39,PAYER,3,Bomb's Ballet,3,UL Chuck,minutes,9,5272,21613,1155,11930.0,2.2629,0.552,10.329,21.91
2026-07-27,2026-08-16,Variant A,20-39,PAYER,3,Bomb's Ballet,3,UL Red,minutes,10,5272,21613,1258,14515.0,2.7532,0.6716,11.5382,23.86
2026-07-27,2026-08-16,Variant A,20-39,PAYER,3,Bomb's Ballet,3,Unlimited Lives,minutes,11,5272,21613,1089,48885.0,9.2726,2.2618,44.8898,20.66
2026-07-27,2026-08-16,Variant A,20-39,PAYER,3,Bomb's Ballet,3,SPT,count,12,5272,21613,0,0.0,0.0,0.0,0.0,0.0
2026-07-27,2026-08-16,Variant A,20-39,PAYER,3,Bomb's Ballet,3,SPTx2,minutes,13,5272,21613,0,0.0,0.0,0.0,0.0,0.0
2026-07-27,2026-08-16,Variant A,20-39,PAYER,3,Chuck Challenge,4,HC,HC,1,5272,21613,469,56600.0,10.736,2.6188,120.6823,8.9
2026-07-27,2026-08-16,Variant A,20-39,PAYER,3,Chuck Challenge,4,Slingshot,count,2,5272,21613,701,825.0,0.1565,0.0382,1.1769,13.3
2026-07-27,2026-08-16,Variant A,20-39,PAYER,3,Chuck Challenge,4,Shuffle,count,3,5272,21613,700,822.0,0.1559,0.038,1.1743,13.28
2026-07-27,2026-08-16,Variant A,20-39,PAYER,3,Chuck Challenge,4,Comet,count,4,5272,21613,124,135.0,0.0256,0.0062,1.0887,2.35
2026-07-27,2026-08-16,Variant A,20-39,PAYER,3,Chuck Challenge,4,Red,count,5,5272,21613,0,0.0,0.0,0.0,0.0,0.0
2026-07-27,2026-08-16,Variant A,20-39,PAYER,3,Chuck Challenge,4,Chuck,count,6,5272,21613,0,0.0,0.0,0.0,0.0,0.0
2026-07-27,2026-08-16,Variant A,20-39,PAYER,3,Chuck Challenge,4,Bomb,count,7,5272,21613,0,0.0,0.0,0.0,0.0,0.0
2026-07-27,2026-08-16,Variant A,20-39,PAYER,3,Chuck Challenge,4,UL Bomb,minutes,8,5272,21613,0,0.0,0.0,0.0,0.0,0.0
2026-07-27,2026-08-16,Variant A,20-39,PAYER,3,Chuck Challenge,4,UL Chuck,minutes,9,5272,21613,0,0.0,0.0,0.0,0.0,0.0
2026-07-27,2026-08-16,Variant A,20-39,PAYER,3,Chuck Challenge,4,UL Red,minutes,10,5272,21613,0,0.0,0.0,0.0,0.0,0.0
2026-07-27,2026-08-16,Variant A,20-39,PAYER,3,Chuck Challenge,4,Unlimited Lives,minutes,11,5272,21613,0,0.0,0.0,0.0,0.0,0.0
2026-07-27,2026-08-16,Variant A,20-39,PAYER,3,Chuck Challenge,4,SPT,count,12,5272,21613,0,0.0,0.0,0.0,0.0,0.0
2026-07-27,2026-08-16,Variant A,20-39,PAYER,3,Chuck Challenge,4,SPTx2,minutes,13,5272,21613,0,0.0,0.0,0.0,0.0,0.0
2026-07-27,2026-08-16,Variant A,20-39,PAYER,3,Core,5,HC,HC,1,5272,21613,3600,320900.0,60.8687,14.8475,89.1389,68.29
2026-07-27,2026-08-16,Variant A,20-39,PAYER,3,Core,5,Slingshot,count,2,5272,21613,1835,2397.0,0.4547,0.1109,1.3063,34.81
2026-07-27,2026-08-16,Variant A,20-39,PAYER,3,Core,5,Shuffle,count,3,5272,21613,2351,3581.0,0.6792,0.1657,1.5232,44.59
2026-07-27,2026-08-16,Variant A,20-39,PAYER,3,Core,5,Comet,count,4,5272,21613,1241,1401.0,0.2657,0.0648,1.1289,23.54
2026-07-27,2026-08-16,Variant A,20-39,PAYER,3,Core,5,Red,count,5,5272,21613,1016,1164.0,0.2208,0.0539,1.1457,19.27
2026-07-27,2026-08-16,Variant A,20-39,PAYER,3,Core,5,Chuck,count,6,5272,21613,1022,1269.0,0.2407,0.0587,1.2417,19.39
2026-07-27,2026-08-16,Variant A,20-39,PAYER,3,Core,5,Bomb,count,7,5272,21613,1001,1085.0,0.2058,0.0502,1.0839,18.99
2026-07-27,2026-08-16,Variant A,20-39,PAYER,3,Core,5,UL Bomb,minutes,8,5272,21613,0,0.0,0.0,0.0,0.0,0.0
2026-07-27,2026-08-16,Variant A,20-39,PAYER,3,Core,5,UL Chuck,minutes,9,5272,21613,0,0.0,0.0,0.0,0.0,0.0
2026-07-27,2026-08-16,Variant A,20-39,PAYER,3,Core,5,UL Red,minutes,10,5272,21613,0,0.0,0.0,0.0,0.0,0.0
2026-07-27,2026-08-16,Variant A,20-39,PAYER,3,Core,5,Unlimited Lives,minutes,11,5272,21613,2690,200790.0,38.0861,9.2902,74.6431,51.02
2026-07-27,2026-08-16,Variant A,20-39,PAYER,3,Core,5,SPT,count,12,5272,21613,4701,4319400.0,819.3096,199.8519,918.8258,89.17
2026-07-27,2026-08-16,Variant A,20-39,PAYER,3,Core,5,SPTx2,minutes,13,5272,21613,0,0.0,0.0,0.0,0.0,0.0
2026-07-27,2026-08-16,Variant A,20-39,PAYER,3,Daily Gift,6,HC,HC,1,5272,21613,4336,306070.0,58.0558,14.1614,70.5881,82.25
2026-07-27,2026-08-16,Variant A,20-39,PAYER,3,Daily Gift,6,Slingshot,count,2,5272,21613,2437,3994.0,0.7576,0.1848,1.6389,46.23
2026-07-27,2026-08-16,Variant A,20-39,PAYER,3,Daily Gift,6,Shuffle,count,3,5272,21613,1929,2615.0,0.496,0.121,1.3556,36.59
2026-07-27,2026-08-16,Variant A,20-39,PAYER,3,Daily Gift,6,Comet,count,4,5272,21613,395,412.0,0.0781,0.0191,1.043,7.49
2026-07-27,2026-08-16,Variant A,20-39,PAYER,3,Daily Gift,6,Red,count,5,5272,21613,0,0.0,0.0,0.0,0.0,0.0
2026-07-27,2026-08-16,Variant A,20-39,PAYER,3,Daily Gift,6,Chuck,count,6,5272,21613,0,0.0,0.0,0.0,0.0,0.0
2026-07-27,2026-08-16,Variant A,20-39,PAYER,3,Daily Gift,6,Bomb,count,7,5272,21613,0,0.0,0.0,0.0,0.0,0.0
2026-07-27,2026-08-16,Variant A,20-39,PAYER,3,Daily Gift,6,UL Bomb,minutes,8,5272,21613,420,12810.0,2.4298,0.5927,30.5,7.97
2026-07-27,2026-08-16,Variant A,20-39,PAYER,3,Daily Gift,6,UL Chuck,minutes,9,5272,21613,411,25260.0,4.7914,1.1687,61.4599,7.8
2026-07-27,2026-08-16,Variant A,20-39,PAYER,3,Daily Gift,6,UL Red,minutes,10,5272,21613,388,23460.0,4.4499,1.0855,60.4639,7.36
2026-07-27,2026-08-16,Variant A,20-39,PAYER,3,Daily Gift,6,Unlimited Lives,minutes,11,5272,21613,3781,368525.0,69.9023,17.0511,97.4676,71.72
2026-07-27,2026-08-16,Variant A,20-39,PAYER,3,Daily Gift,6,SPT,count,12,5272,21613,0,0.0,0.0,0.0,0.0,0.0
2026-07-27,2026-08-16,Variant A,20-39,PAYER,3,Daily Gift,6,SPTx2,minutes,13,5272,21613,3,45.0,0.0085,0.0021,15.0,0.06
2026-07-27,2026-08-16,Variant A,20-39,PAYER,3,Daily Night Sky Prize,7,HC,HC,1,5272,21613,4367,739025.0,140.1792,34.1935,169.2294,82.83
2026-07-27,2026-08-16,Variant A,20-39,PAYER,3,Daily Night Sky Prize,7,Slingshot,count,2,5272,21613,2764,4243.0,0.8048,0.1963,1.5351,52.43
2026-07-27,2026-08-16,Variant A,20-39,PAYER,3,Daily Night Sky Prize,7,Shuffle,count,3,5272,21613,0,0.0,0.0,0.0,0.0,0.0
2026-07-27,2026-08-16,Variant A,20-39,PAYER,3,Daily Night Sky Prize,7,Comet,count,4,5272,21613,62,72.0,0.0137,0.0033,1.1613,1.18
2026-07-27,2026-08-16,Variant A,20-39,PAYER,3,Daily Night Sky Prize,7,Red,count,5,5272,21613,3618,7465.0,1.416,0.3454,2.0633,68.63
2026-07-27,2026-08-16,Variant A,20-39,PAYER,3,Daily Night Sky Prize,7,Chuck,count,6,5272,21613,2712,4171.0,0.7912,0.193,1.538,51.44
2026-07-27,2026-08-16,Variant A,20-39,PAYER,3,Daily Night Sky Prize,7,Bomb,count,7,5272,21613,0,0.0,0.0,0.0,0.0,0.0
2026-07-27,2026-08-16,Variant A,20-39,PAYER,3,Daily Night Sky Prize,7,UL Bomb,minutes,8,5272,21613,0,0.0,0.0,0.0,0.0,0.0
2026-07-27,2026-08-16,Variant A,20-39,PAYER,3,Daily Night Sky Prize,7,UL Chuck,minutes,9,5272,21613,0,0.0,0.0,0.0,0.0,0.0
2026-07-27,2026-08-16,Variant A,20-39,PAYER,3,Daily Night Sky Prize,7,UL Red,minutes,10,5272,21613,0,0.0,0.0,0.0,0.0,0.0
2026-07-27,2026-08-16,Variant A,20-39,PAYER,3,Daily Night Sky Prize,7,Unlimited Lives,minutes,11,5272,21613,4377,265130.0,50.2902,12.2672,60.5735,83.02
2026-07-27,2026-08-16,Variant A,20-39,PAYER,3,Daily Night Sky Prize,7,SPT,count,12,5272,21613,0,0.0,0.0,0.0,0.0,0.0
2026-07-27,2026-08-16,Variant A,20-39,PAYER,3,Daily Night Sky Prize,7,SPTx2,minutes,13,5272,21613,0,0.0,0.0,0.0,0.0,0.0
2026-07-27,2026-08-16,Variant A,20-39,PAYER,3,Flock Flurry,8,HC,HC,1,5272,21613,0,0.0,0.0,0.0,0.0,0.0
2026-07-27,2026-08-16,Variant A,20-39,PAYER,3,Flock Flurry,8,Slingshot,count,2,5272,21613,1603,2511.0,0.4763,0.1162,1.5664,30.41
2026-07-27,2026-08-16,Variant A,20-39,PAYER,3,Flock Flurry,8,Shuffle,count,3,5272,21613,0,0.0,0.0,0.0,0.0,0.0
2026-07-27,2026-08-16,Variant A,20-39,PAYER,3,Flock Flurry,8,Comet,count,4,5272,21613,0,0.0,0.0,0.0,0.0,0.0
2026-07-27,2026-08-16,Variant A,20-39,PAYER,3,Flock Flurry,8,Red,count,5,5272,21613,1603,2511.0,0.4763,0.1162,1.5664,30.41
2026-07-27,2026-08-16,Variant A,20-39,PAYER,3,Flock Flurry,8,Chuck,count,6,5272,21613,1603,2511.0,0.4763,0.1162,1.5664,30.41
2026-07-27,2026-08-16,Variant A,20-39,PAYER,3,Flock Flurry,8,Bomb,count,7,5272,21613,1603,2511.0,0.4763,0.1162,1.5664,30.41
2026-07-27,2026-08-16,Variant A,20-39,PAYER,3,Flock Flurry,8,UL Bomb,minutes,8,5272,21613,0,0.0,0.0,0.0,0.0,0.0
2026-07-27,2026-08-16,Variant A,20-39,PAYER,3,Flock Flurry,8,UL Chuck,minutes,9,5272,21613,0,0.0,0.0,0.0,0.0,0.0
2026-07-27,2026-08-16,Variant A,20-39,PAYER,3,Flock Flurry,8,UL Red,minutes,10,5272,21613,0,0.0,0.0,0.0,0.0,0.0
2026-07-27,2026-08-16,Variant A,20-39,PAYER,3,Flock Flurry,8,Unlimited Lives,minutes,11,5272,21613,3438,547900.0,103.9264,25.3505,159.3659,65.21
2026-07-27,2026-08-16,Variant A,20-39,PAYER,3,Flock Flurry,8,SPT,count,12,5272,21613,1462,44240.0,8.3915,2.0469,30.2599,27.73
2026-07-27,2026-08-16,Variant A,20-39,PAYER,3,Flock Flurry,8,SPTx2,minutes,13,5272,21613,0,0.0,0.0,0.0,0.0,0.0
2026-07-27,2026-08-16,Variant A,20-39,PAYER,3,Hatchling Hideaway,9,HC,HC,1,5272,21613,3132,121355.0,23.0188,5.6149,38.7468,59.41
2026-07-27,2026-08-16,Variant A,20-39,PAYER,3,Hatchling Hideaway,9,Slingshot,count,2,5272,21613,1226,1520.0,0.2883,0.0703,1.2398,23.25
2026-07-27,2026-08-16,Variant A,20-39,PAYER,3,Hatchling Hideaway,9,Shuffle,count,3,5272,21613,1949,2632.0,0.4992,0.1218,1.3504,36.97
2026-07-27,2026-08-16,Variant A,20-39,PAYER,3,Hatchling Hideaway,9,Comet,count,4,5272,21613,2298,3181.0,0.6034,0.1472,1.3842,43.59
2026-07-27,2026-08-16,Variant A,20-39,PAYER,3,Hatchling Hideaway,9,Red,count,5,5272,21613,3223,4622.0,0.8767,0.2139,1.4341,61.13
2026-07-27,2026-08-16,Variant A,20-39,PAYER,3,Hatchling Hideaway,9,Chuck,count,6,5272,21613,2838,4016.0,0.7618,0.1858,1.4151,53.83
2026-07-27,2026-08-16,Variant A,20-39,PAYER,3,Hatchling Hideaway,9,Bomb,count,7,5272,21613,2399,3382.0,0.6415,0.1565,1.4098,45.5
2026-07-27,2026-08-16,Variant A,20-39,PAYER,3,Hatchling Hideaway,9,UL Bomb,minutes,8,5272,21613,0,0.0,0.0,0.0,0.0,0.0
2026-07-27,2026-08-16,Variant A,20-39,PAYER,3,Hatchling Hideaway,9,UL Chuck,minutes,9,5272,21613,1152,13940.0,2.6442,0.645,12.1007,21.85
2026-07-27,2026-08-16,Variant A,20-39,PAYER,3,Hatchling Hideaway,9,UL Red,minutes,10,5272,21613,1892,25120.0,4.7648,1.1623,13.277,35.89
2026-07-27,2026-08-16,Variant A,20-39,PAYER,3,Hatchling Hideaway,9,Unlimited Lives,minutes,11,5272,21613,3498,378780.0,71.8475,17.5256,108.2847,66.35
2026-07-27,2026-08-16,Variant A,20-39,PAYER,3,Hatchling Hideaway,9,SPT,count,12,5272,21613,0,0.0,0.0,0.0,0.0,0.0
2026-07-27,2026-08-16,Variant A,20-39,PAYER,3,Hatchling Hideaway,9,SPTx2,minutes,13,5272,21613,0,0.0,0.0,0.0,0.0,0.0
2026-07-27,2026-08-16,Variant A,20-39,PAYER,3,Jigsaw,10,HC,HC,1,5272,21613,898,26925.0,5.1072,1.2458,29.9833,17.03
2026-07-27,2026-08-16,Variant A,20-39,PAYER,3,Jigsaw,10,Slingshot,count,2,5272,21613,10,11.0,0.0021,0.0005,1.1,0.19
2026-07-27,2026-08-16,Variant A,20-39,PAYER,3,Jigsaw,10,Shuffle,count,3,5272,21613,0,0.0,0.0,0.0,0.0,0.0
2026-07-27,2026-08-16,Variant A,20-39,PAYER,3,Jigsaw,10,Comet,count,4,5272,21613,4,4.0,0.0008,0.0002,1.0,0.08
2026-07-27,2026-08-16,Variant A,20-39,PAYER,3,Jigsaw,10,Red,count,5,5272,21613,647,709.0,0.1345,0.0328,1.0958,12.27
2026-07-27,2026-08-16,Variant A,20-39,PAYER,3,Jigsaw,10,Chuck,count,6,5272,21613,1388,1509.0,0.2862,0.0698,1.0872,26.33
2026-07-27,2026-08-16,Variant A,20-39,PAYER,3,Jigsaw,10,Bomb,count,7,5272,21613,4,4.0,0.0008,0.0002,1.0,0.08
2026-07-27,2026-08-16,Variant A,20-39,PAYER,3,Jigsaw,10,UL Bomb,minutes,8,5272,21613,649,7060.0,1.3392,0.3267,10.8783,12.31
2026-07-27,2026-08-16,Variant A,20-39,PAYER,3,Jigsaw,10,UL Chuck,minutes,9,5272,21613,1235,13705.0,2.5996,0.6341,11.0972,23.43
2026-07-27,2026-08-16,Variant A,20-39,PAYER,3,Jigsaw,10,UL Red,minutes,10,5272,21613,1379,17810.0,3.3782,0.824,12.9152,26.16
2026-07-27,2026-08-16,Variant A,20-39,PAYER,3,Jigsaw,10,Unlimited Lives,minutes,11,5272,21613,1144,62820.0,11.9158,2.9066,54.9126,21.7
2026-07-27,2026-08-16,Variant A,20-39,PAYER,3,Jigsaw,10,SPT,count,12,5272,21613,0,0.0,0.0,0.0,0.0,0.0
2026-07-27,2026-08-16,Variant A,20-39,PAYER,3,Jigsaw,10,SPTx2,minutes,13,5272,21613,0,0.0,0.0,0.0,0.0,0.0
2026-07-27,2026-08-16,Variant A,20-39,PAYER,3,Kite Festival,11,HC,HC,1,5272,21613,233,37350.0,7.0846,1.7281,160.3004,4.42
2026-07-27,2026-08-16,Variant A,20-39,PAYER,3,Kite Festival,11,Slingshot,count,2,5272,21613,346,367.0,0.0696,0.017,1.0607,6.56
2026-07-27,2026-08-16,Variant A,20-39,PAYER,3,Kite Festival,11,Shuffle,count,3,5272,21613,155,164.0,0.0311,0.0076,1.0581,2.94
2026-07-27,2026-08-16,Variant A,20-39,PAYER,3,Kite Festival,11,Comet,count,4,5272,21613,39,42.0,0.008,0.0019,1.0769,0.74
2026-07-27,2026-08-16,Variant A,20-39,PAYER,3,Kite Festival,11,Red,count,5,5272,21613,183,199.0,0.0377,0.0092,1.0874,3.47
2026-07-27,2026-08-16,Variant A,20-39,PAYER,3,Kite Festival,11,Chuck,count,6,5272,21613,228,239.0,0.0453,0.0111,1.0482,4.32
2026-07-27,2026-08-16,Variant A,20-39,PAYER,3,Kite Festival,11,Bomb,count,7,5272,21613,137,148.0,0.0281,0.0068,1.0803,2.6
2026-07-27,2026-08-16,Variant A,20-39,PAYER,3,Kite Festival,11,UL Bomb,minutes,8,5272,21613,0,0.0,0.0,0.0,0.0,0.0
2026-07-27,2026-08-16,Variant A,20-39,PAYER,3,Kite Festival,11,UL Chuck,minutes,9,5272,21613,0,0.0,0.0,0.0,0.0,0.0
2026-07-27,2026-08-16,Variant A,20-39,PAYER,3,Kite Festival,11,UL Red,minutes,10,5272,21613,0,0.0,0.0,0.0,0.0,0.0
2026-07-27,2026-08-16,Variant A,20-39,PAYER,3,Kite Festival,11,Unlimited Lives,minutes,11,5272,21613,2180,103350.0,19.6036,4.7818,47.4083,41.35
2026-07-27,2026-08-16,Variant A,20-39,PAYER,3,Kite Festival,11,SPT,count,12,5272,21613,1184,127515.0,24.1872,5.8999,107.6985,22.46
2026-07-27,2026-08-16,Variant A,20-39,PAYER,3,Kite Festival,11,SPTx2,minutes,13,5272,21613,0,0.0,0.0,0.0,0.0,0.0
2026-07-27,2026-08-16,Variant A,20-39,PAYER,3,Level Race,12,HC,HC,1,5272,21613,0,0.0,0.0,0.0,0.0,0.0
2026-07-27,2026-08-16,Variant A,20-39,PAYER,3,Level Race,12,Slingshot,count,2,5272,21613,0,0.0,0.0,0.0,0.0,0.0
2026-07-27,2026-08-16,Variant A,20-39,PAYER,3,Level Race,12,Shuffle,count,3,5272,21613,0,0.0,0.0,0.0,0.0,0.0
2026-07-27,2026-08-16,Variant A,20-39,PAYER,3,Level Race,12,Comet,count,4,5272,21613,0,0.0,0.0,0.0,0.0,0.0
2026-07-27,2026-08-16,Variant A,20-39,PAYER,3,Level Race,12,Red,count,5,5272,21613,0,0.0,0.0,0.0,0.0,0.0
2026-07-27,2026-08-16,Variant A,20-39,PAYER,3,Level Race,12,Chuck,count,6,5272,21613,0,0.0,0.0,0.0,0.0,0.0
2026-07-27,2026-08-16,Variant A,20-39,PAYER,3,Level Race,12,Bomb,count,7,5272,21613,0,0.0,0.0,0.0,0.0,0.0
2026-07-27,2026-08-16,Variant A,20-39,PAYER,3,Level Race,12,UL Bomb,minutes,8,5272,21613,0,0.0,0.0,0.0,0.0,0.0
2026-07-27,2026-08-16,Variant A,20-39,PAYER,3,Level Race,12,UL Chuck,minutes,9,5272,21613,0,0.0,0.0,0.0,0.0,0.0
2026-07-27,2026-08-16,Variant A,20-39,PAYER,3,Level Race,12,UL Red,minutes,10,5272,21613,0,0.0,0.0,0.0,0.0,0.0
2026-07-27,2026-08-16,Variant A,20-39,PAYER,3,Level Race,12,Unlimited Lives,minutes,11,5272,21613,0,0.0,0.0,0.0,0.0,0.0
2026-07-27,2026-08-16,Variant A,20-39,PAYER,3,Level Race,12,SPT,count,12,5272,21613,0,0.0,0.0,0.0,0.0,0.0
2026-07-27,2026-08-16,Variant A,20-39,PAYER,3,Level Race,12,SPTx2,minutes,13,5272,21613,0,0.0,0.0,0.0,0.0,0.0
2026-07-27,2026-08-16,Variant A,20-39,PAYER,3,Other,13,HC,HC,1,5272,21613,3164,172832.0,32.783,7.9967,54.6245,60.02
2026-07-27,2026-08-16,Variant A,20-39,PAYER,3,Other,13,Slingshot,count,2,5272,21613,1095,1778.0,0.3373,0.0823,1.6237,20.77
2026-07-27,2026-08-16,Variant A,20-39,PAYER,3,Other,13,Shuffle,count,3,5272,21613,1089,1650.0,0.313,0.0763,1.5152,20.66
2026-07-27,2026-08-16,Variant A,20-39,PAYER,3,Other,13,Comet,count,4,5272,21613,718,902.0,0.1711,0.0417,1.2563,13.62
2026-07-27,2026-08-16,Variant A,20-39,PAYER,3,Other,13,Red,count,5,5272,21613,3081,4755.0,0.9019,0.22,1.5433,58.44
2026-07-27,2026-08-16,Variant A,20-39,PAYER,3,Other,13,Chuck,count,6,5272,21613,3096,5036.0,0.9552,0.233,1.6266,58.73
2026-07-27,2026-08-16,Variant A,20-39,PAYER,3,Other,13,Bomb,count,7,5272,21613,3092,5041.0,0.9562,0.2332,1.6303,58.65
2026-07-27,2026-08-16,Variant A,20-39,PAYER,3,Other,13,UL Bomb,minutes,8,5272,21613,14,480.0,0.091,0.0222,34.2857,0.27
2026-07-27,2026-08-16,Variant A,20-39,PAYER,3,Other,13,UL Chuck,minutes,9,5272,21613,14,480.0,0.091,0.0222,34.2857,0.27
2026-07-27,2026-08-16,Variant A,20-39,PAYER,3,Other,13,UL Red,minutes,10,5272,21613,14,480.0,0.091,0.0222,34.2857,0.27
2026-07-27,2026-08-16,Variant A,20-39,PAYER,3,Other,13,Unlimited Lives,minutes,11,5272,21613,1126,87674.0,16.6301,4.0565,77.8632,21.36
2026-07-27,2026-08-16,Variant A,20-39,PAYER,3,Other,13,SPT,count,12,5272,21613,2737,264050.0,50.0854,12.2172,96.4742,51.92
2026-07-27,2026-08-16,Variant A,20-39,PAYER,3,Other,13,SPTx2,minutes,13,5272,21613,0,0.0,0.0,0.0,0.0,0.0
2026-07-27,2026-08-16,Variant A,20-39,PAYER,3,Photoshoot,14,HC,HC,1,5272,21613,467,12800.0,2.4279,0.5922,27.409,8.86
2026-07-27,2026-08-16,Variant A,20-39,PAYER,3,Photoshoot,14,Slingshot,count,2,5272,21613,0,0.0,0.0,0.0,0.0,0.0
2026-07-27,2026-08-16,Variant A,20-39,PAYER,3,Photoshoot,14,Shuffle,count,3,5272,21613,5,6.0,0.0011,0.0003,1.2,0.09
2026-07-27,2026-08-16,Variant A,20-39,PAYER,3,Photoshoot,14,Comet,count,4,5272,21613,0,0.0,0.0,0.0,0.0,0.0
2026-07-27,2026-08-16,Variant A,20-39,PAYER,3,Photoshoot,14,Red,count,5,5272,21613,174,181.0,0.0343,0.0084,1.0402,3.3
2026-07-27,2026-08-16,Variant A,20-39,PAYER,3,Photoshoot,14,Chuck,count,6,5272,21613,840,854.0,0.162,0.0395,1.0167,15.93
2026-07-27,2026-08-16,Variant A,20-39,PAYER,3,Photoshoot,14,Bomb,count,7,5272,21613,0,0.0,0.0,0.0,0.0,0.0
2026-07-27,2026-08-16,Variant A,20-39,PAYER,3,Photoshoot,14,UL Bomb,minutes,8,5272,21613,12,195.0,0.037,0.009,16.25,0.23
2026-07-27,2026-08-16,Variant A,20-39,PAYER,3,Photoshoot,14,UL Chuck,minutes,9,5272,21613,90,1380.0,0.2618,0.0639,15.3333,1.71
2026-07-27,2026-08-16,Variant A,20-39,PAYER,3,Photoshoot,14,UL Red,minutes,10,5272,21613,292,4455.0,0.845,0.2061,15.2568,5.54
2026-07-27,2026-08-16,Variant A,20-39,PAYER,3,Photoshoot,14,Unlimited Lives,minutes,11,5272,21613,707,32520.0,6.1684,1.5046,45.9972,13.41
2026-07-27,2026-08-16,Variant A,20-39,PAYER,3,Photoshoot,14,SPT,count,12,5272,21613,0,0.0,0.0,0.0,0.0,0.0
2026-07-27,2026-08-16,Variant A,20-39,PAYER,3,Photoshoot,14,SPTx2,minutes,13,5272,21613,0,0.0,0.0,0.0,0.0,0.0
2026-07-27,2026-08-16,Variant A,20-39,PAYER,3,Red Challenge,15,HC,HC,1,5272,21613,459,52650.0,9.9867,2.436,114.7059,8.71
2026-07-27,2026-08-16,Variant A,20-39,PAYER,3,Red Challenge,15,Slingshot,count,2,5272,21613,692,801.0,0.1519,0.0371,1.1575,13.13
2026-07-27,2026-08-16,Variant A,20-39,PAYER,3,Red Challenge,15,Shuffle,count,3,5272,21613,709,823.0,0.1561,0.0381,1.1608,13.45
2026-07-27,2026-08-16,Variant A,20-39,PAYER,3,Red Challenge,15,Comet,count,4,5272,21613,104,115.0,0.0218,0.0053,1.1058,1.97
2026-07-27,2026-08-16,Variant A,20-39,PAYER,3,Red Challenge,15,Red,count,5,5272,21613,0,0.0,0.0,0.0,0.0,0.0
2026-07-27,2026-08-16,Variant A,20-39,PAYER,3,Red Challenge,15,Chuck,count,6,5272,21613,0,0.0,0.0,0.0,0.0,0.0
2026-07-27,2026-08-16,Variant A,20-39,PAYER,3,Red Challenge,15,Bomb,count,7,5272,21613,0,0.0,0.0,0.0,0.0,0.0
2026-07-27,2026-08-16,Variant A,20-39,PAYER,3,Red Challenge,15,UL Bomb,minutes,8,5272,21613,0,0.0,0.0,0.0,0.0,0.0
2026-07-27,2026-08-16,Variant A,20-39,PAYER,3,Red Challenge,15,UL Chuck,minutes,9,5272,21613,0,0.0,0.0,0.0,0.0,0.0
2026-07-27,2026-08-16,Variant A,20-39,PAYER,3,Red Challenge,15,UL Red,minutes,10,5272,21613,0,0.0,0.0,0.0,0.0,0.0
2026-07-27,2026-08-16,Variant A,20-39,PAYER,3,Red Challenge,15,Unlimited Lives,minutes,11,5272,21613,0,0.0,0.0,0.0,0.0,0.0
2026-07-27,2026-08-16,Variant A,20-39,PAYER,3,Red Challenge,15,SPT,count,12,5272,21613,0,0.0,0.0,0.0,0.0,0.0
2026-07-27,2026-08-16,Variant A,20-39,PAYER,3,Red Challenge,15,SPTx2,minutes,13,5272,21613,0,0.0,0.0,0.0,0.0,0.0
2026-07-27,2026-08-16,Variant A,20-39,PAYER,3,River Rush,16,HC,HC,1,5272,21613,4,165.0,0.0313,0.0076,41.25,0.08
2026-07-27,2026-08-16,Variant A,20-39,PAYER,3,River Rush,16,Slingshot,count,2,5272,21613,1,1.0,0.0002,0.0,1.0,0.02
2026-07-27,2026-08-16,Variant A,20-39,PAYER,3,River Rush,16,Shuffle,count,3,5272,21613,3,3.0,0.0006,0.0001,1.0,0.06
2026-07-27,2026-08-16,Variant A,20-39,PAYER,3,River Rush,16,Comet,count,4,5272,21613,3,4.0,0.0008,0.0002,1.3333,0.06
2026-07-27,2026-08-16,Variant A,20-39,PAYER,3,River Rush,16,Red,count,5,5272,21613,2,2.0,0.0004,0.0001,1.0,0.04
2026-07-27,2026-08-16,Variant A,20-39,PAYER,3,River Rush,16,Chuck,count,6,5272,21613,1,1.0,0.0002,0.0,1.0,0.02
2026-07-27,2026-08-16,Variant A,20-39,PAYER,3,River Rush,16,Bomb,count,7,5272,21613,2,2.0,0.0004,0.0001,1.0,0.04
2026-07-27,2026-08-16,Variant A,20-39,PAYER,3,River Rush,16,UL Bomb,minutes,8,5272,21613,0,0.0,0.0,0.0,0.0,0.0
2026-07-27,2026-08-16,Variant A,20-39,PAYER,3,River Rush,16,UL Chuck,minutes,9,5272,21613,2,20.0,0.0038,0.0009,10.0,0.04
2026-07-27,2026-08-16,Variant A,20-39,PAYER,3,River Rush,16,UL Red,minutes,10,5272,21613,1,15.0,0.0028,0.0007,15.0,0.02
2026-07-27,2026-08-16,Variant A,20-39,PAYER,3,River Rush,16,Unlimited Lives,minutes,11,5272,21613,1,15.0,0.0028,0.0007,15.0,0.02
2026-07-27,2026-08-16,Variant A,20-39,PAYER,3,River Rush,16,SPT,count,12,5272,21613,1,20.0,0.0038,0.0009,20.0,0.02
2026-07-27,2026-08-16,Variant A,20-39,PAYER,3,River Rush,16,SPTx2,minutes,13,5272,21613,1,10.0,0.0019,0.0005,10.0,0.02
2026-07-27,2026-08-16,Variant A,20-39,PAYER,3,Saga,17,HC,HC,1,5272,21613,4853,353985.0,67.1443,16.3783,72.9415,92.05
2026-07-27,2026-08-16,Variant A,20-39,PAYER,3,Saga,17,Slingshot,count,2,5272,21613,3241,5758.0,1.0922,0.2664,1.7766,61.48
2026-07-27,2026-08-16,Variant A,20-39,PAYER,3,Saga,17,Shuffle,count,3,5272,21613,3273,5742.0,1.0892,0.2657,1.7544,62.08
2026-07-27,2026-08-16,Variant A,20-39,PAYER,3,Saga,17,Comet,count,4,5272,21613,16,16.0,0.003,0.0007,1.0,0.3
2026-07-27,2026-08-16,Variant A,20-39,PAYER,3,Saga,17,Red,count,5,5272,21613,3425,6031.0,1.144,0.279,1.7609,64.97
2026-07-27,2026-08-16,Variant A,20-39,PAYER,3,Saga,17,Chuck,count,6,5272,21613,3223,5724.0,1.0857,0.2648,1.776,61.13
2026-07-27,2026-08-16,Variant A,20-39,PAYER,3,Saga,17,Bomb,count,7,5272,21613,3284,5743.0,1.0893,0.2657,1.7488,62.29
2026-07-27,2026-08-16,Variant A,20-39,PAYER,3,Saga,17,UL Bomb,minutes,8,5272,21613,0,0.0,0.0,0.0,0.0,0.0
2026-07-27,2026-08-16,Variant A,20-39,PAYER,3,Saga,17,UL Chuck,minutes,9,5272,21613,0,0.0,0.0,0.0,0.0,0.0
2026-07-27,2026-08-16,Variant A,20-39,PAYER,3,Saga,17,UL Red,minutes,10,5272,21613,0,0.0,0.0,0.0,0.0,0.0
2026-07-27,2026-08-16,Variant A,20-39,PAYER,3,Saga,17,Unlimited Lives,minutes,11,5272,21613,5133,1527885.0,289.8113,70.6929,297.6593,97.36
2026-07-27,2026-08-16,Variant A,20-39,PAYER,3,Saga,17,SPT,count,12,5272,21613,0,0.0,0.0,0.0,0.0,0.0
2026-07-27,2026-08-16,Variant A,20-39,PAYER,3,Saga,17,SPTx2,minutes,13,5272,21613,0,0.0,0.0,0.0,0.0,0.0
2026-07-27,2026-08-16,Variant A,20-39,PAYER,3,Season Pass (Free),18,HC,HC,1,5272,21613,3318,238550.0,45.2485,11.0373,71.8957,62.94
2026-07-27,2026-08-16,Variant A,20-39,PAYER,3,Season Pass (Free),18,Slingshot,count,2,5272,21613,1377,2458.0,0.4662,0.1137,1.785,26.12
2026-07-27,2026-08-16,Variant A,20-39,PAYER,3,Season Pass (Free),18,Shuffle,count,3,5272,21613,2011,3388.0,0.6426,0.1568,1.6847,38.14
2026-07-27,2026-08-16,Variant A,20-39,PAYER,3,Season Pass (Free),18,Comet,count,4,5272,21613,595,1266.0,0.2401,0.0586,2.1277,11.29
2026-07-27,2026-08-16,Variant A,20-39,PAYER,3,Season Pass (Free),18,Red,count,5,5272,21613,2510,5974.0,1.1332,0.2764,2.3801,47.61
2026-07-27,2026-08-16,Variant A,20-39,PAYER,3,Season Pass (Free),18,Chuck,count,6,5272,21613,2880,7084.0,1.3437,0.3278,2.4597,54.63
2026-07-27,2026-08-16,Variant A,20-39,PAYER,3,Season Pass (Free),18,Bomb,count,7,5272,21613,2032,4110.0,0.7796,0.1902,2.0226,38.54
2026-07-27,2026-08-16,Variant A,20-39,PAYER,3,Season Pass (Free),18,UL Bomb,minutes,8,5272,21613,551,12890.0,2.445,0.5964,23.3938,10.45
2026-07-27,2026-08-16,Variant A,20-39,PAYER,3,Season Pass (Free),18,UL Chuck,minutes,9,5272,21613,1468,33810.0,6.4131,1.5643,23.0313,27.85
2026-07-27,2026-08-16,Variant A,20-39,PAYER,3,Season Pass (Free),18,UL Red,minutes,10,5272,21613,2560,52865.0,10.0275,2.446,20.6504,48.56
2026-07-27,2026-08-16,Variant A,20-39,PAYER,3,Season Pass (Free),18,Unlimited Lives,minutes,11,5272,21613,2806,345510.0,65.5368,15.9862,123.1326,53.22
2026-07-27,2026-08-16,Variant A,20-39,PAYER,3,Season Pass (Free),18,SPT,count,12,5272,21613,39,3826.0,0.7257,0.177,98.1026,0.74
2026-07-27,2026-08-16,Variant A,20-39,PAYER,3,Season Pass (Free),18,SPTx2,minutes,13,5272,21613,0,0.0,0.0,0.0,0.0,0.0
2026-07-27,2026-08-16,Variant A,20-39,PAYER,3,Target Day,19,HC,HC,1,5272,21613,1430,106550.0,20.2105,4.9299,74.5105,27.12
2026-07-27,2026-08-16,Variant A,20-39,PAYER,3,Target Day,19,Slingshot,count,2,5272,21613,1007,1228.0,0.2329,0.0568,1.2195,19.1
2026-07-27,2026-08-16,Variant A,20-39,PAYER,3,Target Day,19,Shuffle,count,3,5272,21613,605,699.0,0.1326,0.0323,1.1554,11.48
2026-07-27,2026-08-16,Variant A,20-39,PAYER,3,Target Day,19,Comet,count,4,5272,21613,494,537.0,0.1019,0.0248,1.087,9.37
2026-07-27,2026-08-16,Variant A,20-39,PAYER,3,Target Day,19,Red,count,5,5272,21613,1079,1420.0,0.2693,0.0657,1.316,20.47
2026-07-27,2026-08-16,Variant A,20-39,PAYER,3,Target Day,19,Chuck,count,6,5272,21613,903,1104.0,0.2094,0.0511,1.2226,17.13
2026-07-27,2026-08-16,Variant A,20-39,PAYER,3,Target Day,19,Bomb,count,7,5272,21613,591,666.0,0.1263,0.0308,1.1269,11.21
2026-07-27,2026-08-16,Variant A,20-39,PAYER,3,Target Day,19,UL Bomb,minutes,8,5272,21613,0,0.0,0.0,0.0,0.0,0.0
2026-07-27,2026-08-16,Variant A,20-39,PAYER,3,Target Day,19,UL Chuck,minutes,9,5272,21613,0,0.0,0.0,0.0,0.0,0.0
2026-07-27,2026-08-16,Variant A,20-39,PAYER,3,Target Day,19,UL Red,minutes,10,5272,21613,0,0.0,0.0,0.0,0.0,0.0
2026-07-27,2026-08-16,Variant A,20-39,PAYER,3,Target Day,19,Unlimited Lives,minutes,11,5272,21613,2829,177750.0,33.7159,8.2242,62.8314,53.66
2026-07-27,2026-08-16,Variant A,20-39,PAYER,3,Target Day,19,SPT,count,12,5272,21613,0,0.0,0.0,0.0,0.0,0.0
2026-07-27,2026-08-16,Variant A,20-39,PAYER,3,Target Day,19,SPTx2,minutes,13,5272,21613,0,0.0,0.0,0.0,0.0,0.0
2026-07-27,2026-08-16,Variant A,20-39,PAYER,3,Team Event,20,HC,HC,1,5272,21613,1946,234140.0,44.412,10.8333,120.3186,36.91
2026-07-27,2026-08-16,Variant A,20-39,PAYER,3,Team Event,20,Slingshot,count,2,5272,21613,1564,2824.0,0.5357,0.1307,1.8056,29.67
2026-07-27,2026-08-16,Variant A,20-39,PAYER,3,Team Event,20,Shuffle,count,3,5272,21613,503,1282.0,0.2432,0.0593,2.5487,9.54
2026-07-27,2026-08-16,Variant A,20-39,PAYER,3,Team Event,20,Comet,count,4,5272,21613,450,701.0,0.133,0.0324,1.5578,8.54
2026-07-27,2026-08-16,Variant A,20-39,PAYER,3,Team Event,20,Red,count,5,5272,21613,0,0.0,0.0,0.0,0.0,0.0
2026-07-27,2026-08-16,Variant A,20-39,PAYER,3,Team Event,20,Chuck,count,6,5272,21613,0,0.0,0.0,0.0,0.0,0.0
2026-07-27,2026-08-16,Variant A,20-39,PAYER,3,Team Event,20,Bomb,count,7,5272,21613,0,0.0,0.0,0.0,0.0,0.0
2026-07-27,2026-08-16,Variant A,20-39,PAYER,3,Team Event,20,UL Bomb,minutes,8,5272,21613,0,0.0,0.0,0.0,0.0,0.0
2026-07-27,2026-08-16,Variant A,20-39,PAYER,3,Team Event,20,UL Chuck,minutes,9,5272,21613,0,0.0,0.0,0.0,0.0,0.0
2026-07-27,2026-08-16,Variant A,20-39,PAYER,3,Team Event,20,UL Red,minutes,10,5272,21613,0,0.0,0.0,0.0,0.0,0.0
2026-07-27,2026-08-16,Variant A,20-39,PAYER,3,Team Event,20,Unlimited Lives,minutes,11,5272,21613,0,0.0,0.0,0.0,0.0,0.0
2026-07-27,2026-08-16,Variant A,20-39,PAYER,3,Team Event,20,SPT,count,12,5272,21613,0,0.0,0.0,0.0,0.0,0.0
2026-07-27,2026-08-16,Variant A,20-39,PAYER,3,Team Event,20,SPTx2,minutes,13,5272,21613,0,0.0,0.0,0.0,0.0,0.0
2026-07-27,2026-08-16,Variant A,20-39,PAYER,3,Team Race,21,HC,HC,1,5272,21613,2379,278280.0,52.7845,12.8756,116.9735,45.13
2026-07-27,2026-08-16,Variant A,20-39,PAYER,3,Team Race,21,Slingshot,count,2,5272,21613,1324,1695.0,0.3215,0.0784,1.2802,25.11
2026-07-27,2026-08-16,Variant A,20-39,PAYER,3,Team Race,21,Shuffle,count,3,5272,21613,1794,2554.0,0.4844,0.1182,1.4236,34.03
2026-07-27,2026-08-16,Variant A,20-39,PAYER,3,Team Race,21,Comet,count,4,5272,21613,2328,3871.0,0.7343,0.1791,1.6628,44.16
2026-07-27,2026-08-16,Variant A,20-39,PAYER,3,Team Race,21,Red,count,5,5272,21613,331,361.0,0.0685,0.0167,1.0906,6.28
2026-07-27,2026-08-16,Variant A,20-39,PAYER,3,Team Race,21,Chuck,count,6,5272,21613,486,549.0,0.1041,0.0254,1.1296,9.22
2026-07-27,2026-08-16,Variant A,20-39,PAYER,3,Team Race,21,Bomb,count,7,5272,21613,1216,1554.0,0.2948,0.0719,1.278,23.07
2026-07-27,2026-08-16,Variant A,20-39,PAYER,3,Team Race,21,UL Bomb,minutes,8,5272,21613,0,0.0,0.0,0.0,0.0,0.0
2026-07-27,2026-08-16,Variant A,20-39,PAYER,3,Team Race,21,UL Chuck,minutes,9,5272,21613,0,0.0,0.0,0.0,0.0,0.0
2026-07-27,2026-08-16,Variant A,20-39,PAYER,3,Team Race,21,UL Red,minutes,10,5272,21613,0,0.0,0.0,0.0,0.0,0.0
2026-07-27,2026-08-16,Variant A,20-39,PAYER,3,Team Race,21,Unlimited Lives,minutes,11,5272,21613,0,0.0,0.0,0.0,0.0,0.0
2026-07-27,2026-08-16,Variant A,20-39,PAYER,3,Team Race,21,SPT,count,12,5272,21613,0,0.0,0.0,0.0,0.0,0.0
2026-07-27,2026-08-16,Variant A,20-39,PAYER,3,Team Race,21,SPTx2,minutes,13,5272,21613,0,0.0,0.0,0.0,0.0,0.0
2026-07-27,2026-08-16,Variant A,20-39,PAYER,3,Flash Race,22,HC,HC,1,5272,21613,2270,112510.0,21.341,5.2057,49.5639,43.06
2026-07-27,2026-08-16,Variant A,20-39,PAYER,3,Flash Race,22,Slingshot,count,2,5272,21613,771,944.0,0.1791,0.0437,1.2244,14.62
2026-07-27,2026-08-16,Variant A,20-39,PAYER,3,Flash Race,22,Shuffle,count,3,5272,21613,1022,1279.0,0.2426,0.0592,1.2515,19.39
2026-07-27,2026-08-16,Variant A,20-39,PAYER,3,Flash Race,22,Comet,count,4,5272,21613,1048,1338.0,0.2538,0.0619,1.2767,19.88
2026-07-27,2026-08-16,Variant A,20-39,PAYER,3,Flash Race,22,Red,count,5,5272,21613,280,327.0,0.062,0.0151,1.1679,5.31
2026-07-27,2026-08-16,Variant A,20-39,PAYER,3,Flash Race,22,Chuck,count,6,5272,21613,519,611.0,0.1159,0.0283,1.1773,9.84
2026-07-27,2026-08-16,Variant A,20-39,PAYER,3,Flash Race,22,Bomb,count,7,5272,21613,961,1192.0,0.2261,0.0552,1.2404,18.23
2026-07-27,2026-08-16,Variant A,20-39,PAYER,3,Flash Race,22,UL Bomb,minutes,8,5272,21613,0,0.0,0.0,0.0,0.0,0.0
2026-07-27,2026-08-16,Variant A,20-39,PAYER,3,Flash Race,22,UL Chuck,minutes,9,5272,21613,0,0.0,0.0,0.0,0.0,0.0
2026-07-27,2026-08-16,Variant A,20-39,PAYER,3,Flash Race,22,UL Red,minutes,10,5272,21613,0,0.0,0.0,0.0,0.0,0.0
2026-07-27,2026-08-16,Variant A,20-39,PAYER,3,Flash Race,22,Unlimited Lives,minutes,11,5272,21613,195,10540.0,1.9992,0.4877,54.0513,3.7
2026-07-27,2026-08-16,Variant A,20-39,PAYER,3,Flash Race,22,SPT,count,12,5272,21613,2639,267685.0,50.7748,12.3854,101.4343,50.06
2026-07-27,2026-08-16,Variant A,20-39,PAYER,3,Flash Race,22,SPTx2,minutes,13,5272,21613,0,0.0,0.0,0.0,0.0,0.0
2026-07-27,2026-08-16,Variant A,20-39,PAYER,3,FlowerCoop,23,HC,HC,1,5272,21613,0,0.0,0.0,0.0,0.0,0.0
2026-07-27,2026-08-16,Variant A,20-39,PAYER,3,FlowerCoop,23,Slingshot,count,2,5272,21613,0,0.0,0.0,0.0,0.0,0.0
2026-07-27,2026-08-16,Variant A,20-39,PAYER,3,FlowerCoop,23,Shuffle,count,3,5272,21613,0,0.0,0.0,0.0,0.0,0.0
2026-07-27,2026-08-16,Variant A,20-39,PAYER,3,FlowerCoop,23,Comet,count,4,5272,21613,0,0.0,0.0,0.0,0.0,0.0
2026-07-27,2026-08-16,Variant A,20-39,PAYER,3,FlowerCoop,23,Red,count,5,5272,21613,0,0.0,0.0,0.0,0.0,0.0
2026-07-27,2026-08-16,Variant A,20-39,PAYER,3,FlowerCoop,23,Chuck,count,6,5272,21613,0,0.0,0.0,0.0,0.0,0.0
2026-07-27,2026-08-16,Variant A,20-39,PAYER,3,FlowerCoop,23,Bomb,count,7,5272,21613,0,0.0,0.0,0.0,0.0,0.0
2026-07-27,2026-08-16,Variant A,20-39,PAYER,3,FlowerCoop,23,UL Bomb,minutes,8,5272,21613,0,0.0,0.0,0.0,0.0,0.0
2026-07-27,2026-08-16,Variant A,20-39,PAYER,3,FlowerCoop,23,UL Chuck,minutes,9,5272,21613,0,0.0,0.0,0.0,0.0,0.0
2026-07-27,2026-08-16,Variant A,20-39,PAYER,3,FlowerCoop,23,UL Red,minutes,10,5272,21613,0,0.0,0.0,0.0,0.0,0.0
2026-07-27,2026-08-16,Variant A,20-39,PAYER,3,FlowerCoop,23,Unlimited Lives,minutes,11,5272,21613,0,0.0,0.0,0.0,0.0,0.0
2026-07-27,2026-08-16,Variant A,20-39,PAYER,3,FlowerCoop,23,SPT,count,12,5272,21613,0,0.0,0.0,0.0,0.0,0.0
2026-07-27,2026-08-16,Variant A,20-39,PAYER,3,FlowerCoop,23,SPTx2,minutes,13,5272,21613,0,0.0,0.0,0.0,0.0,0.0
2026-07-27,2026-08-16,Variant A,20-39,PAYER,3,Rainbow Maker,24,HC,HC,1,5272,21613,3784,197200.0,37.4052,9.1241,52.1142,71.78
2026-07-27,2026-08-16,Variant A,20-39,PAYER,3,Rainbow Maker,24,Slingshot,count,2,5272,21613,3674,12632.0,2.3961,0.5845,3.4382,69.69
2026-07-27,2026-08-16,Variant A,20-39,PAYER,3,Rainbow Maker,24,Shuffle,count,3,5272,21613,3201,5757.0,1.092,0.2664,1.7985,60.72
2026-07-27,2026-08-16,Variant A,20-39,PAYER,3,Rainbow Maker,24,Comet,count,4,5272,21613,2725,4000.0,0.7587,0.1851,1.4679,51.69
2026-07-27,2026-08-16,Variant A,20-39,PAYER,3,Rainbow Maker,24,Red,count,5,5272,21613,3568,6096.0,1.1563,0.2821,1.7085,67.68
2026-07-27,2026-08-16,Variant A,20-39,PAYER,3,Rainbow Maker,24,Chuck,count,6,5272,21613,3380,5747.0,1.0901,0.2659,1.7003,64.11
2026-07-27,2026-08-16,Variant A,20-39,PAYER,3,Rainbow Maker,24,Bomb,count,7,5272,21613,1948,3022.0,0.5732,0.1398,1.5513,36.95
2026-07-27,2026-08-16,Variant A,20-39,PAYER,3,Rainbow Maker,24,UL Bomb,minutes,8,5272,21613,0,0.0,0.0,0.0,0.0,0.0
2026-07-27,2026-08-16,Variant A,20-39,PAYER,3,Rainbow Maker,24,UL Chuck,minutes,9,5272,21613,146,1880.0,0.3566,0.087,12.8767,2.77
2026-07-27,2026-08-16,Variant A,20-39,PAYER,3,Rainbow Maker,24,UL Red,minutes,10,5272,21613,2636,44490.0,8.4389,2.0585,16.8778,50.0
2026-07-27,2026-08-16,Variant A,20-39,PAYER,3,Rainbow Maker,24,Unlimited Lives,minutes,11,5272,21613,3832,294655.0,55.8906,13.6332,76.8933,72.69
2026-07-27,2026-08-16,Variant A,20-39,PAYER,3,Rainbow Maker,24,SPT,count,12,5272,21613,3761,1039660.0,197.2041,48.1035,276.4318,71.34
2026-07-27,2026-08-16,Variant A,20-39,PAYER,3,Rainbow Maker,24,SPTx2,minutes,13,5272,21613,2576,44310.0,8.4048,2.0502,17.2011,48.86
2026-07-27,2026-08-16,Variant A,20-39,PAYER,3,IAPs,25,HC,HC,1,5272,21613,0,0.0,0.0,0.0,0.0,0.0
2026-07-27,2026-08-16,Variant A,20-39,PAYER,3,IAPs,25,Slingshot,count,2,5272,21613,0,0.0,0.0,0.0,0.0,0.0
2026-07-27,2026-08-16,Variant A,20-39,PAYER,3,IAPs,25,Shuffle,count,3,5272,21613,0,0.0,0.0,0.0,0.0,0.0
2026-07-27,2026-08-16,Variant A,20-39,PAYER,3,IAPs,25,Comet,count,4,5272,21613,0,0.0,0.0,0.0,0.0,0.0
2026-07-27,2026-08-16,Variant A,20-39,PAYER,3,IAPs,25,Red,count,5,5272,21613,0,0.0,0.0,0.0,0.0,0.0
2026-07-27,2026-08-16,Variant A,20-39,PAYER,3,IAPs,25,Chuck,count,6,5272,21613,0,0.0,0.0,0.0,0.0,0.0
2026-07-27,2026-08-16,Variant A,20-39,PAYER,3,IAPs,25,Bomb,count,7,5272,21613,0,0.0,0.0,0.0,0.0,0.0
2026-07-27,2026-08-16,Variant A,20-39,PAYER,3,IAPs,25,UL Bomb,minutes,8,5272,21613,0,0.0,0.0,0.0,0.0,0.0
2026-07-27,2026-08-16,Variant A,20-39,PAYER,3,IAPs,25,UL Chuck,minutes,9,5272,21613,0,0.0,0.0,0.0,0.0,0.0
2026-07-27,2026-08-16,Variant A,20-39,PAYER,3,IAPs,25,UL Red,minutes,10,5272,21613,0,0.0,0.0,0.0,0.0,0.0
2026-07-27,2026-08-16,Variant A,20-39,PAYER,3,IAPs,25,Unlimited Lives,minutes,11,5272,21613,0,0.0,0.0,0.0,0.0,0.0
2026-07-27,2026-08-16,Variant A,20-39,PAYER,3,IAPs,25,SPT,count,12,5272,21613,0,0.0,0.0,0.0,0.0,0.0
2026-07-27,2026-08-16,Variant A,20-39,PAYER,3,IAPs,25,SPTx2,minutes,13,5272,21613,0,0.0,0.0,0.0,0.0,0.0
2026-07-27,2026-08-16,Variant A,40-99,NONPAYER,4,Ads,1,HC,HC,1,11322,55047,3497,252950.0,22.3415,4.5952,72.3334,30.89
2026-07-27,2026-08-16,Variant A,40-99,NONPAYER,4,Ads,1,Slingshot,count,2,11322,55047,2150,5824.0,0.5144,0.1058,2.7088,18.99
2026-07-27,2026-08-16,Variant A,40-99,NONPAYER,4,Ads,1,Shuffle,count,3,11322,55047,2134,5797.0,0.512,0.1053,2.7165,18.85
2026-07-27,2026-08-16,Variant A,40-99,NONPAYER,4,Ads,1,Comet,count,4,11322,55047,1356,2625.0,0.2318,0.0477,1.9358,11.98
2026-07-27,2026-08-16,Variant A,40-99,NONPAYER,4,Ads,1,Red,count,5,11322,55047,0,0.0,0.0,0.0,0.0,0.0
2026-07-27,2026-08-16,Variant A,40-99,NONPAYER,4,Ads,1,Chuck,count,6,11322,55047,0,0.0,0.0,0.0,0.0,0.0
2026-07-27,2026-08-16,Variant A,40-99,NONPAYER,4,Ads,1,Bomb,count,7,11322,55047,0,0.0,0.0,0.0,0.0,0.0
2026-07-27,2026-08-16,Variant A,40-99,NONPAYER,4,Ads,1,UL Bomb,minutes,8,11322,55047,0,0.0,0.0,0.0,0.0,0.0
2026-07-27,2026-08-16,Variant A,40-99,NONPAYER,4,Ads,1,UL Chuck,minutes,9,11322,55047,0,0.0,0.0,0.0,0.0,0.0
2026-07-27,2026-08-16,Variant A,40-99,NONPAYER,4,Ads,1,UL Red,minutes,10,11322,55047,0,0.0,0.0,0.0,0.0,0.0
2026-07-27,2026-08-16,Variant A,40-99,NONPAYER,4,Ads,1,Unlimited Lives,minutes,11,11322,55047,2418,83135.0,7.3428,1.5103,34.3817,21.36
2026-07-27,2026-08-16,Variant A,40-99,NONPAYER,4,Ads,1,SPT,count,12,11322,55047,0,0.0,0.0,0.0,0.0,0.0
2026-07-27,2026-08-16,Variant A,40-99,NONPAYER,4,Ads,1,SPTx2,minutes,13,11322,55047,0,0.0,0.0,0.0,0.0,0.0
2026-07-27,2026-08-16,Variant A,40-99,NONPAYER,4,Bomb Challenge,2,HC,HC,1,11322,55047,2171,348600.0,30.7896,6.3328,160.5712,19.18
2026-07-27,2026-08-16,Variant A,40-99,NONPAYER,4,Bomb Challenge,2,Slingshot,count,2,11322,55047,1234,1445.0,0.1276,0.0263,1.171,10.9
2026-07-27,2026-08-16,Variant A,40-99,NONPAYER,4,Bomb Challenge,2,Shuffle,count,3,11322,55047,2281,2818.0,0.2489,0.0512,1.2354,20.15
2026-07-27,2026-08-16,Variant A,40-99,NONPAYER,4,Bomb Challenge,2,Comet,count,4,11322,55047,945,1085.0,0.0958,0.0197,1.1481,8.35
2026-07-27,2026-08-16,Variant A,40-99,NONPAYER,4,Bomb Challenge,2,Red,count,5,11322,55047,0,0.0,0.0,0.0,0.0,0.0
2026-07-27,2026-08-16,Variant A,40-99,NONPAYER,4,Bomb Challenge,2,Chuck,count,6,11322,55047,0,0.0,0.0,0.0,0.0,0.0
2026-07-27,2026-08-16,Variant A,40-99,NONPAYER,4,Bomb Challenge,2,Bomb,count,7,11322,55047,1,2.0,0.0002,0.0,2.0,0.01
2026-07-27,2026-08-16,Variant A,40-99,NONPAYER,4,Bomb Challenge,2,UL Bomb,minutes,8,11322,55047,0,0.0,0.0,0.0,0.0,0.0
2026-07-27,2026-08-16,Variant A,40-99,NONPAYER,4,Bomb Challenge,2,UL Chuck,minutes,9,11322,55047,0,0.0,0.0,0.0,0.0,0.0
2026-07-27,2026-08-16,Variant A,40-99,NONPAYER,4,Bomb Challenge,2,UL Red,minutes,10,11322,55047,0,0.0,0.0,0.0,0.0,0.0
2026-07-27,2026-08-16,Variant A,40-99,NONPAYER,4,Bomb Challenge,2,Unlimited Lives,minutes,11,11322,55047,0,0.0,0.0,0.0,0.0,0.0
2026-07-27,2026-08-16,Variant A,40-99,NONPAYER,4,Bomb Challenge,2,SPT,count,12,11322,55047,0,0.0,0.0,0.0,0.0,0.0
2026-07-27,2026-08-16,Variant A,40-99,NONPAYER,4,Bomb Challenge,2,SPTx2,minutes,13,11322,55047,0,0.0,0.0,0.0,0.0,0.0
2026-07-27,2026-08-16,Variant A,40-99,NONPAYER,4,Bomb's Ballet,3,HC,HC,1,11322,55047,2874,114025.0,10.0711,2.0714,39.6747,25.38
2026-07-27,2026-08-16,Variant A,40-99,NONPAYER,4,Bomb's Ballet,3,Slingshot,count,2,11322,55047,566,584.0,0.0516,0.0106,1.0318,5.0
2026-07-27,2026-08-16,Variant A,40-99,NONPAYER,4,Bomb's Ballet,3,Shuffle,count,3,11322,55047,194,199.0,0.0176,0.0036,1.0258,1.71
2026-07-27,2026-08-16,Variant A,40-99,NONPAYER,4,Bomb's Ballet,3,Comet,count,4,11322,55047,196,207.0,0.0183,0.0038,1.0561,1.73
2026-07-27,2026-08-16,Variant A,40-99,NONPAYER,4,Bomb's Ballet,3,Red,count,5,11322,55047,2265,2303.0,0.2034,0.0418,1.0168,20.01
2026-07-27,2026-08-16,Variant A,40-99,NONPAYER,4,Bomb's Ballet,3,Chuck,count,6,11322,55047,2991,3046.0,0.269,0.0553,1.0184,26.42
2026-07-27,2026-08-16,Variant A,40-99,NONPAYER,4,Bomb's Ballet,3,Bomb,count,7,11322,55047,196,207.0,0.0183,0.0038,1.0561,1.73
2026-07-27,2026-08-16,Variant A,40-99,NONPAYER,4,Bomb's Ballet,3,UL Bomb,minutes,8,11322,55047,2585,36925.0,3.2613,0.6708,14.2843,22.83
2026-07-27,2026-08-16,Variant A,40-99,NONPAYER,4,Bomb's Ballet,3,UL Chuck,minutes,9,11322,55047,3075,45235.0,3.9953,0.8218,14.7106,27.16
2026-07-27,2026-08-16,Variant A,40-99,NONPAYER,4,Bomb's Ballet,3,UL Red,minutes,10,11322,55047,3224,55390.0,4.8922,1.0062,17.1805,28.48
2026-07-27,2026-08-16,Variant A,40-99,NONPAYER,4,Bomb's Ballet,3,Unlimited Lives,minutes,11,11322,55047,3068,227820.0,20.1219,4.1386,74.2568,27.1
2026-07-27,2026-08-16,Variant A,40-99,NONPAYER,4,Bomb's Ballet,3,SPT,count,12,11322,55047,0,0.0,0.0,0.0,0.0,0.0
2026-07-27,2026-08-16,Variant A,40-99,NONPAYER,4,Bomb's Ballet,3,SPTx2,minutes,13,11322,55047,0,0.0,0.0,0.0,0.0,0.0
2026-07-27,2026-08-16,Variant A,40-99,NONPAYER,4,Chuck Challenge,4,HC,HC,1,11322,55047,2419,404300.0,35.7092,7.3446,167.1352,21.37
2026-07-27,2026-08-16,Variant A,40-99,NONPAYER,4,Chuck Challenge,4,Slingshot,count,2,11322,55047,984,1087.0,0.096,0.0197,1.1047,8.69
2026-07-27,2026-08-16,Variant A,40-99,NONPAYER,4,Chuck Challenge,4,Shuffle,count,3,11322,55047,2301,2908.0,0.2568,0.0528,1.2638,20.32
2026-07-27,2026-08-16,Variant A,40-99,NONPAYER,4,Chuck Challenge,4,Comet,count,4,11322,55047,1120,1281.0,0.1131,0.0233,1.1438,9.89
2026-07-27,2026-08-16,Variant A,40-99,NONPAYER,4,Chuck Challenge,4,Red,count,5,11322,55047,0,0.0,0.0,0.0,0.0,0.0
2026-07-27,2026-08-16,Variant A,40-99,NONPAYER,4,Chuck Challenge,4,Chuck,count,6,11322,55047,0,0.0,0.0,0.0,0.0,0.0
2026-07-27,2026-08-16,Variant A,40-99,NONPAYER,4,Chuck Challenge,4,Bomb,count,7,11322,55047,0,0.0,0.0,0.0,0.0,0.0
2026-07-27,2026-08-16,Variant A,40-99,NONPAYER,4,Chuck Challenge,4,UL Bomb,minutes,8,11322,55047,0,0.0,0.0,0.0,0.0,0.0
2026-07-27,2026-08-16,Variant A,40-99,NONPAYER,4,Chuck Challenge,4,UL Chuck,minutes,9,11322,55047,0,0.0,0.0,0.0,0.0,0.0
2026-07-27,2026-08-16,Variant A,40-99,NONPAYER,4,Chuck Challenge,4,UL Red,minutes,10,11322,55047,0,0.0,0.0,0.0,0.0,0.0
2026-07-27,2026-08-16,Variant A,40-99,NONPAYER,4,Chuck Challenge,4,Unlimited Lives,minutes,11,11322,55047,0,0.0,0.0,0.0,0.0,0.0
2026-07-27,2026-08-16,Variant A,40-99,NONPAYER,4,Chuck Challenge,4,SPT,count,12,11322,55047,0,0.0,0.0,0.0,0.0,0.0
2026-07-27,2026-08-16,Variant A,40-99,NONPAYER,4,Chuck Challenge,4,SPTx2,minutes,13,11322,55047,0,0.0,0.0,0.0,0.0,0.0
2026-07-27,2026-08-16,Variant A,40-99,NONPAYER,4,Core,5,HC,HC,1,11322,55047,10324,2399275.0,211.9126,43.5859,232.3978,91.19
2026-07-27,2026-08-16,Variant A,40-99,NONPAYER,4,Core,5,Slingshot,count,2,11322,55047,7417,16954.0,1.4974,0.308,2.2858,65.51
2026-07-27,2026-08-16,Variant A,40-99,NONPAYER,4,Core,5,Shuffle,count,3,11322,55047,8822,26313.0,2.3241,0.478,2.9827,77.92
2026-07-27,2026-08-16,Variant A,40-99,NONPAYER,4,Core,5,Comet,count,4,11322,55047,6422,10804.0,0.9542,0.1963,1.6823,56.72
2026-07-27,2026-08-16,Variant A,40-99,NONPAYER,4,Core,5,Red,count,5,11322,55047,6066,9391.0,0.8294,0.1706,1.5481,53.58
2026-07-27,2026-08-16,Variant A,40-99,NONPAYER,4,Core,5,Chuck,count,6,11322,55047,5160,9381.0,0.8286,0.1704,1.818,45.57
2026-07-27,2026-08-16,Variant A,40-99,NONPAYER,4,Core,5,Bomb,count,7,11322,55047,6195,8483.0,0.7492,0.1541,1.3693,54.72
2026-07-27,2026-08-16,Variant A,40-99,NONPAYER,4,Core,5,UL Bomb,minutes,8,11322,55047,0,0.0,0.0,0.0,0.0,0.0
2026-07-27,2026-08-16,Variant A,40-99,NONPAYER,4,Core,5,UL Chuck,minutes,9,11322,55047,0,0.0,0.0,0.0,0.0,0.0
2026-07-27,2026-08-16,Variant A,40-99,NONPAYER,4,Core,5,UL Red,minutes,10,11322,55047,0,0.0,0.0,0.0,0.0,0.0
2026-07-27,2026-08-16,Variant A,40-99,NONPAYER,4,Core,5,Unlimited Lives,minutes,11,11322,55047,9250,1493460.0,131.9078,27.1306,161.4551,81.7
2026-07-27,2026-08-16,Variant A,40-99,NONPAYER,4,Core,5,SPT,count,12,11322,55047,10288,19745693.0,1744.011,358.7061,1919.2936,90.87
2026-07-27,2026-08-16,Variant A,40-99,NONPAYER,4,Core,5,SPTx2,minutes,13,11322,55047,0,0.0,0.0,0.0,0.0,0.0
2026-07-27,2026-08-16,Variant A,40-99,NONPAYER,4,Daily Gift,6,HC,HC,1,11322,55047,9449,856335.0,75.6346,15.5564,90.6271,83.46
2026-07-27,2026-08-16,Variant A,40-99,NONPAYER,4,Daily Gift,6,Slingshot,count,2,11322,55047,5676,9788.0,0.8645,0.1778,1.7245,50.13
2026-07-27,2026-08-16,Variant A,40-99,NONPAYER,4,Daily Gift,6,Shuffle,count,3,11322,55047,5678,8039.0,0.71,0.146,1.4158,50.15
2026-07-27,2026-08-16,Variant A,40-99,NONPAYER,4,Daily Gift,6,Comet,count,4,11322,55047,893,917.0,0.081,0.0167,1.0269,7.89
2026-07-27,2026-08-16,Variant A,40-99,NONPAYER,4,Daily Gift,6,Red,count,5,11322,55047,0,0.0,0.0,0.0,0.0,0.0
2026-07-27,2026-08-16,Variant A,40-99,NONPAYER,4,Daily Gift,6,Chuck,count,6,11322,55047,0,0.0,0.0,0.0,0.0,0.0
2026-07-27,2026-08-16,Variant A,40-99,NONPAYER,4,Daily Gift,6,Bomb,count,7,11322,55047,0,0.0,0.0,0.0,0.0,0.0
2026-07-27,2026-08-16,Variant A,40-99,NONPAYER,4,Daily Gift,6,UL Bomb,minutes,8,11322,55047,964,29130.0,2.5729,0.5292,30.2178,8.51
2026-07-27,2026-08-16,Variant A,40-99,NONPAYER,4,Daily Gift,6,UL Chuck,minutes,9,11322,55047,1211,73440.0,6.4865,1.3341,60.6441,10.7
2026-07-27,2026-08-16,Variant A,40-99,NONPAYER,4,Daily Gift,6,UL Red,minutes,10,11322,55047,2101,127560.0,11.2666,2.3173,60.7139,18.56
2026-07-27,2026-08-16,Variant A,40-99,NONPAYER,4,Daily Gift,6,Unlimited Lives,minutes,11,11322,55047,7951,988640.0,87.3203,17.9599,124.3416,70.23
2026-07-27,2026-08-16,Variant A,40-99,NONPAYER,4,Daily Gift,6,SPT,count,12,11322,55047,0,0.0,0.0,0.0,0.0,0.0
2026-07-27,2026-08-16,Variant A,40-99,NONPAYER,4,Daily Gift,6,SPTx2,minutes,13,11322,55047,12,210.0,0.0185,0.0038,17.5,0.11
2026-07-27,2026-08-16,Variant A,40-99,NONPAYER,4,Daily Night Sky Prize,7,HC,HC,1,11322,55047,8840,3697110.0,326.5421,67.1628,418.2251,78.08
2026-07-27,2026-08-16,Variant A,40-99,NONPAYER,4,Daily Night Sky Prize,7,Slingshot,count,2,11322,55047,5292,8939.0,0.7895,0.1624,1.6892,46.74
2026-07-27,2026-08-16,Variant A,40-99,NONPAYER,4,Daily Night Sky Prize,7,Shuffle,count,3,11322,55047,1,2.0,0.0002,0.0,2.0,0.01
2026-07-27,2026-08-16,Variant A,40-99,NONPAYER,4,Daily Night Sky Prize,7,Comet,count,4,11322,55047,1459,2862.0,0.2528,0.052,1.9616,12.89
2026-07-27,2026-08-16,Variant A,40-99,NONPAYER,4,Daily Night Sky Prize,7,Red,count,5,11322,55047,6885,15855.0,1.4004,0.288,2.3028,60.81
2026-07-27,2026-08-16,Variant A,40-99,NONPAYER,4,Daily Night Sky Prize,7,Chuck,count,6,11322,55047,4355,6077.0,0.5367,0.1104,1.3954,38.46
2026-07-27,2026-08-16,Variant A,40-99,NONPAYER,4,Daily Night Sky Prize,7,Bomb,count,7,11322,55047,0,0.0,0.0,0.0,0.0,0.0
2026-07-27,2026-08-16,Variant A,40-99,NONPAYER,4,Daily Night Sky Prize,7,UL Bomb,minutes,8,11322,55047,0,0.0,0.0,0.0,0.0,0.0
2026-07-27,2026-08-16,Variant A,40-99,NONPAYER,4,Daily Night Sky Prize,7,UL Chuck,minutes,9,11322,55047,0,0.0,0.0,0.0,0.0,0.0
2026-07-27,2026-08-16,Variant A,40-99,NONPAYER,4,Daily Night Sky Prize,7,UL Red,minutes,10,11322,55047,0,0.0,0.0,0.0,0.0,0.0
2026-07-27,2026-08-16,Variant A,40-99,NONPAYER,4,Daily Night Sky Prize,7,Unlimited Lives,minutes,11,11322,55047,8866,796230.0,70.3259,14.4645,89.8071,78.31
2026-07-27,2026-08-16,Variant A,40-99,NONPAYER,4,Daily Night Sky Prize,7,SPT,count,12,11322,55047,0,0.0,0.0,0.0,0.0,0.0
2026-07-27,2026-08-16,Variant A,40-99,NONPAYER,4,Daily Night Sky Prize,7,SPTx2,minutes,13,11322,55047,0,0.0,0.0,0.0,0.0,0.0
2026-07-27,2026-08-16,Variant A,40-99,NONPAYER,4,Flock Flurry,8,HC,HC,1,11322,55047,0,0.0,0.0,0.0,0.0,0.0
2026-07-27,2026-08-16,Variant A,40-99,NONPAYER,4,Flock Flurry,8,Slingshot,count,2,11322,55047,4006,7609.0,0.6721,0.1382,1.8994,35.38
2026-07-27,2026-08-16,Variant A,40-99,NONPAYER,4,Flock Flurry,8,Shuffle,count,3,11322,55047,0,0.0,0.0,0.0,0.0,0.0
2026-07-27,2026-08-16,Variant A,40-99,NONPAYER,4,Flock Flurry,8,Comet,count,4,11322,55047,0,0.0,0.0,0.0,0.0,0.0
2026-07-27,2026-08-16,Variant A,40-99,NONPAYER,4,Flock Flurry,8,Red,count,5,11322,55047,4006,7609.0,0.6721,0.1382,1.8994,35.38
2026-07-27,2026-08-16,Variant A,40-99,NONPAYER,4,Flock Flurry,8,Chuck,count,6,11322,55047,4006,7609.0,0.6721,0.1382,1.8994,35.38
2026-07-27,2026-08-16,Variant A,40-99,NONPAYER,4,Flock Flurry,8,Bomb,count,7,11322,55047,4006,7609.0,0.6721,0.1382,1.8994,35.38
2026-07-27,2026-08-16,Variant A,40-99,NONPAYER,4,Flock Flurry,8,UL Bomb,minutes,8,11322,55047,0,0.0,0.0,0.0,0.0,0.0
2026-07-27,2026-08-16,Variant A,40-99,NONPAYER,4,Flock Flurry,8,UL Chuck,minutes,9,11322,55047,0,0.0,0.0,0.0,0.0,0.0
2026-07-27,2026-08-16,Variant A,40-99,NONPAYER,4,Flock Flurry,8,UL Red,minutes,10,11322,55047,0,0.0,0.0,0.0,0.0,0.0
2026-07-27,2026-08-16,Variant A,40-99,NONPAYER,4,Flock Flurry,8,Unlimited Lives,minutes,11,11322,55047,7662,1434980.0,126.7426,26.0683,187.2853,67.67
2026-07-27,2026-08-16,Variant A,40-99,NONPAYER,4,Flock Flurry,8,SPT,count,12,11322,55047,3783,140580.0,12.4165,2.5538,37.161,33.41
2026-07-27,2026-08-16,Variant A,40-99,NONPAYER,4,Flock Flurry,8,SPTx2,minutes,13,11322,55047,0,0.0,0.0,0.0,0.0,0.0
2026-07-27,2026-08-16,Variant A,40-99,NONPAYER,4,Hatchling Hideaway,9,HC,HC,1,11322,55047,7415,459955.0,40.6249,8.3557,62.0303,65.49
2026-07-27,2026-08-16,Variant A,40-99,NONPAYER,4,Hatchling Hideaway,9,Slingshot,count,2,11322,55047,5195,7756.0,0.685,0.1409,1.493,45.88
2026-07-27,2026-08-16,Variant A,40-99,NONPAYER,4,Hatchling Hideaway,9,Shuffle,count,3,11322,55047,5754,8618.0,0.7612,0.1566,1.4977,50.82
2026-07-27,2026-08-16,Variant A,40-99,NONPAYER,4,Hatchling Hideaway,9,Comet,count,4,11322,55047,6049,9037.0,0.7982,0.1642,1.494,53.43
2026-07-27,2026-08-16,Variant A,40-99,NONPAYER,4,Hatchling Hideaway,9,Red,count,5,11322,55047,6827,10217.0,0.9024,0.1856,1.4966,60.3
2026-07-27,2026-08-16,Variant A,40-99,NONPAYER,4,Hatchling Hideaway,9,Chuck,count,6,11322,55047,6499,9722.0,0.8587,0.1766,1.4959,57.4
2026-07-27,2026-08-16,Variant A,40-99,NONPAYER,4,Hatchling Hideaway,9,Bomb,count,7,11322,55047,6133,9181.0,0.8109,0.1668,1.497,54.17
2026-07-27,2026-08-16,Variant A,40-99,NONPAYER,4,Hatchling Hideaway,9,UL Bomb,minutes,8,11322,55047,0,0.0,0.0,0.0,0.0,0.0
2026-07-27,2026-08-16,Variant A,40-99,NONPAYER,4,Hatchling Hideaway,9,UL Chuck,minutes,9,11322,55047,5140,75460.0,6.6649,1.3708,14.6809,45.4
2026-07-27,2026-08-16,Variant A,40-99,NONPAYER,4,Hatchling Hideaway,9,UL Red,minutes,10,11322,55047,5708,84480.0,7.4616,1.5347,14.8003,50.42
2026-07-27,2026-08-16,Variant A,40-99,NONPAYER,4,Hatchling Hideaway,9,Unlimited Lives,minutes,11,11322,55047,7302,888450.0,78.4711,16.1398,121.6721,64.49
2026-07-27,2026-08-16,Variant A,40-99,NONPAYER,4,Hatchling Hideaway,9,SPT,count,12,11322,55047,0,0.0,0.0,0.0,0.0,0.0
2026-07-27,2026-08-16,Variant A,40-99,NONPAYER,4,Hatchling Hideaway,9,SPTx2,minutes,13,11322,55047,0,0.0,0.0,0.0,0.0,0.0
2026-07-27,2026-08-16,Variant A,40-99,NONPAYER,4,Jigsaw,10,HC,HC,1,11322,55047,2935,144125.0,12.7296,2.6182,49.1056,25.92
2026-07-27,2026-08-16,Variant A,40-99,NONPAYER,4,Jigsaw,10,Slingshot,count,2,11322,55047,876,937.0,0.0828,0.017,1.0696,7.74
2026-07-27,2026-08-16,Variant A,40-99,NONPAYER,4,Jigsaw,10,Shuffle,count,3,11322,55047,0,0.0,0.0,0.0,0.0,0.0
2026-07-27,2026-08-16,Variant A,40-99,NONPAYER,4,Jigsaw,10,Comet,count,4,11322,55047,563,573.0,0.0506,0.0104,1.0178,4.97
2026-07-27,2026-08-16,Variant A,40-99,NONPAYER,4,Jigsaw,10,Red,count,5,11322,55047,2474,2660.0,0.2349,0.0483,1.0752,21.85
2026-07-27,2026-08-16,Variant A,40-99,NONPAYER,4,Jigsaw,10,Chuck,count,6,11322,55047,2991,3169.0,0.2799,0.0576,1.0595,26.42
2026-07-27,2026-08-16,Variant A,40-99,NONPAYER,4,Jigsaw,10,Bomb,count,7,11322,55047,563,573.0,0.0506,0.0104,1.0178,4.97
2026-07-27,2026-08-16,Variant A,40-99,NONPAYER,4,Jigsaw,10,UL Bomb,minutes,8,11322,55047,2549,34770.0,3.071,0.6316,13.6406,22.51
2026-07-27,2026-08-16,Variant A,40-99,NONPAYER,4,Jigsaw,10,UL Chuck,minutes,9,11322,55047,3143,50640.0,4.4727,0.9199,16.112,27.76
2026-07-27,2026-08-16,Variant A,40-99,NONPAYER,4,Jigsaw,10,UL Red,minutes,10,11322,55047,3334,62600.0,5.5291,1.1372,18.7762,29.45
2026-07-27,2026-08-16,Variant A,40-99,NONPAYER,4,Jigsaw,10,Unlimited Lives,minutes,11,11322,55047,3117,270030.0,23.85,4.9054,86.6314,27.53
2026-07-27,2026-08-16,Variant A,40-99,NONPAYER,4,Jigsaw,10,SPT,count,12,11322,55047,0,0.0,0.0,0.0,0.0,0.0
2026-07-27,2026-08-16,Variant A,40-99,NONPAYER,4,Jigsaw,10,SPTx2,minutes,13,11322,55047,0,0.0,0.0,0.0,0.0,0.0
2026-07-27,2026-08-16,Variant A,40-99,NONPAYER,4,Kite Festival,11,HC,HC,1,11322,55047,1598,308675.0,27.2633,5.6075,193.1633,14.11
2026-07-27,2026-08-16,Variant A,40-99,NONPAYER,4,Kite Festival,11,Slingshot,count,2,11322,55047,1255,1428.0,0.1261,0.0259,1.1378,11.08
2026-07-27,2026-08-16,Variant A,40-99,NONPAYER,4,Kite Festival,11,Shuffle,count,3,11322,55047,1060,1197.0,0.1057,0.0217,1.1292,9.36
2026-07-27,2026-08-16,Variant A,40-99,NONPAYER,4,Kite Festival,11,Comet,count,4,11322,55047,332,370.0,0.0327,0.0067,1.1145,2.93
2026-07-27,2026-08-16,Variant A,40-99,NONPAYER,4,Kite Festival,11,Red,count,5,11322,55047,364,383.0,0.0338,0.007,1.0522,3.21
2026-07-27,2026-08-16,Variant A,40-99,NONPAYER,4,Kite Festival,11,Chuck,count,6,11322,55047,430,456.0,0.0403,0.0083,1.0605,3.8
2026-07-27,2026-08-16,Variant A,40-99,NONPAYER,4,Kite Festival,11,Bomb,count,7,11322,55047,466,496.0,0.0438,0.009,1.0644,4.12
2026-07-27,2026-08-16,Variant A,40-99,NONPAYER,4,Kite Festival,11,UL Bomb,minutes,8,11322,55047,0,0.0,0.0,0.0,0.0,0.0
2026-07-27,2026-08-16,Variant A,40-99,NONPAYER,4,Kite Festival,11,UL Chuck,minutes,9,11322,55047,0,0.0,0.0,0.0,0.0,0.0
2026-07-27,2026-08-16,Variant A,40-99,NONPAYER,4,Kite Festival,11,UL Red,minutes,10,11322,55047,0,0.0,0.0,0.0,0.0,0.0
2026-07-27,2026-08-16,Variant A,40-99,NONPAYER,4,Kite Festival,11,Unlimited Lives,minutes,11,11322,55047,4857,262675.0,23.2004,4.7718,54.0817,42.9
2026-07-27,2026-08-16,Variant A,40-99,NONPAYER,4,Kite Festival,11,SPT,count,12,11322,55047,3350,591520.0,52.2452,10.7457,176.5731,29.59
2026-07-27,2026-08-16,Variant A,40-99,NONPAYER,4,Kite Festival,11,SPTx2,minutes,13,11322,55047,0,0.0,0.0,0.0,0.0,0.0
2026-07-27,2026-08-16,Variant A,40-99,NONPAYER,4,Level Race,12,HC,HC,1,11322,55047,0,0.0,0.0,0.0,0.0,0.0
2026-07-27,2026-08-16,Variant A,40-99,NONPAYER,4,Level Race,12,Slingshot,count,2,11322,55047,0,0.0,0.0,0.0,0.0,0.0
2026-07-27,2026-08-16,Variant A,40-99,NONPAYER,4,Level Race,12,Shuffle,count,3,11322,55047,0,0.0,0.0,0.0,0.0,0.0
2026-07-27,2026-08-16,Variant A,40-99,NONPAYER,4,Level Race,12,Comet,count,4,11322,55047,0,0.0,0.0,0.0,0.0,0.0
2026-07-27,2026-08-16,Variant A,40-99,NONPAYER,4,Level Race,12,Red,count,5,11322,55047,0,0.0,0.0,0.0,0.0,0.0
2026-07-27,2026-08-16,Variant A,40-99,NONPAYER,4,Level Race,12,Chuck,count,6,11322,55047,0,0.0,0.0,0.0,0.0,0.0
2026-07-27,2026-08-16,Variant A,40-99,NONPAYER,4,Level Race,12,Bomb,count,7,11322,55047,0,0.0,0.0,0.0,0.0,0.0
2026-07-27,2026-08-16,Variant A,40-99,NONPAYER,4,Level Race,12,UL Bomb,minutes,8,11322,55047,0,0.0,0.0,0.0,0.0,0.0
2026-07-27,2026-08-16,Variant A,40-99,NONPAYER,4,Level Race,12,UL Chuck,minutes,9,11322,55047,0,0.0,0.0,0.0,0.0,0.0
2026-07-27,2026-08-16,Variant A,40-99,NONPAYER,4,Level Race,12,UL Red,minutes,10,11322,55047,0,0.0,0.0,0.0,0.0,0.0
2026-07-27,2026-08-16,Variant A,40-99,NONPAYER,4,Level Race,12,Unlimited Lives,minutes,11,11322,55047,0,0.0,0.0,0.0,0.0,0.0
2026-07-27,2026-08-16,Variant A,40-99,NONPAYER,4,Level Race,12,SPT,count,12,11322,55047,0,0.0,0.0,0.0,0.0,0.0
2026-07-27,2026-08-16,Variant A,40-99,NONPAYER,4,Level Race,12,SPTx2,minutes,13,11322,55047,0,0.0,0.0,0.0,0.0,0.0
2026-07-27,2026-08-16,Variant A,40-99,NONPAYER,4,Other,13,HC,HC,1,11322,55047,4616,522069.0,46.111,9.4841,113.0999,40.77
2026-07-27,2026-08-16,Variant A,40-99,NONPAYER,4,Other,13,Slingshot,count,2,11322,55047,2463,2996.0,0.2646,0.0544,1.2164,21.75
2026-07-27,2026-08-16,Variant A,40-99,NONPAYER,4,Other,13,Shuffle,count,3,11322,55047,3060,4162.0,0.3676,0.0756,1.3601,27.03
2026-07-27,2026-08-16,Variant A,40-99,NONPAYER,4,Other,13,Comet,count,4,11322,55047,2358,2884.0,0.2547,0.0524,1.2231,20.83
2026-07-27,2026-08-16,Variant A,40-99,NONPAYER,4,Other,13,Red,count,5,11322,55047,6628,10774.0,0.9516,0.1957,1.6255,58.54
2026-07-27,2026-08-16,Variant A,40-99,NONPAYER,4,Other,13,Chuck,count,6,11322,55047,6549,10592.0,0.9355,0.1924,1.6173,57.84
2026-07-27,2026-08-16,Variant A,40-99,NONPAYER,4,Other,13,Bomb,count,7,11322,55047,6523,10551.0,0.9319,0.1917,1.6175,57.61
2026-07-27,2026-08-16,Variant A,40-99,NONPAYER,4,Other,13,UL Bomb,minutes,8,11322,55047,24,825.0,0.0729,0.015,34.375,0.21
2026-07-27,2026-08-16,Variant A,40-99,NONPAYER,4,Other,13,UL Chuck,minutes,9,11322,55047,26,845.0,0.0746,0.0154,32.5,0.23
2026-07-27,2026-08-16,Variant A,40-99,NONPAYER,4,Other,13,UL Red,minutes,10,11322,55047,25,840.0,0.0742,0.0153,33.6,0.22
2026-07-27,2026-08-16,Variant A,40-99,NONPAYER,4,Other,13,Unlimited Lives,minutes,11,11322,55047,2435,88040.0,7.776,1.5994,36.1561,21.51
2026-07-27,2026-08-16,Variant A,40-99,NONPAYER,4,Other,13,SPT,count,12,11322,55047,5752,314627.0,27.789,5.7156,54.6987,50.8
2026-07-27,2026-08-16,Variant A,40-99,NONPAYER,4,Other,13,SPTx2,minutes,13,11322,55047,0,0.0,0.0,0.0,0.0,0.0
2026-07-27,2026-08-16,Variant A,40-99,NONPAYER,4,Photoshoot,14,HC,HC,1,11322,55047,1989,84975.0,7.5053,1.5437,42.7225,17.57
2026-07-27,2026-08-16,Variant A,40-99,NONPAYER,4,Photoshoot,14,Slingshot,count,2,11322,55047,0,0.0,0.0,0.0,0.0,0.0
2026-07-27,2026-08-16,Variant A,40-99,NONPAYER,4,Photoshoot,14,Shuffle,count,3,11322,55047,443,451.0,0.0398,0.0082,1.0181,3.91
2026-07-27,2026-08-16,Variant A,40-99,NONPAYER,4,Photoshoot,14,Comet,count,4,11322,55047,0,0.0,0.0,0.0,0.0,0.0
2026-07-27,2026-08-16,Variant A,40-99,NONPAYER,4,Photoshoot,14,Red,count,5,11322,55047,1326,1392.0,0.1229,0.0253,1.0498,11.71
2026-07-27,2026-08-16,Variant A,40-99,NONPAYER,4,Photoshoot,14,Chuck,count,6,11322,55047,2246,2305.0,0.2036,0.0419,1.0263,19.84
2026-07-27,2026-08-16,Variant A,40-99,NONPAYER,4,Photoshoot,14,Bomb,count,7,11322,55047,287,291.0,0.0257,0.0053,1.0139,2.53
2026-07-27,2026-08-16,Variant A,40-99,NONPAYER,4,Photoshoot,14,UL Bomb,minutes,8,11322,55047,617,9375.0,0.828,0.1703,15.1945,5.45
2026-07-27,2026-08-16,Variant A,40-99,NONPAYER,4,Photoshoot,14,UL Chuck,minutes,9,11322,55047,1090,16950.0,1.4971,0.3079,15.5505,9.63
2026-07-27,2026-08-16,Variant A,40-99,NONPAYER,4,Photoshoot,14,UL Red,minutes,10,11322,55047,1569,24345.0,2.1502,0.4423,15.5163,13.86
2026-07-27,2026-08-16,Variant A,40-99,NONPAYER,4,Photoshoot,14,Unlimited Lives,minutes,11,11322,55047,2329,219660.0,19.4012,3.9904,94.3152,20.57
2026-07-27,2026-08-16,Variant A,40-99,NONPAYER,4,Photoshoot,14,SPT,count,12,11322,55047,0,0.0,0.0,0.0,0.0,0.0
2026-07-27,2026-08-16,Variant A,40-99,NONPAYER,4,Photoshoot,14,SPTx2,minutes,13,11322,55047,0,0.0,0.0,0.0,0.0,0.0
2026-07-27,2026-08-16,Variant A,40-99,NONPAYER,4,Red Challenge,15,HC,HC,1,11322,55047,2464,404300.0,35.7092,7.3446,164.0828,21.76
2026-07-27,2026-08-16,Variant A,40-99,NONPAYER,4,Red Challenge,15,Slingshot,count,2,11322,55047,1070,1196.0,0.1056,0.0217,1.1178,9.45
2026-07-27,2026-08-16,Variant A,40-99,NONPAYER,4,Red Challenge,15,Shuffle,count,3,11322,55047,2367,3081.0,0.2721,0.056,1.3016,20.91
2026-07-27,2026-08-16,Variant A,40-99,NONPAYER,4,Red Challenge,15,Comet,count,4,11322,55047,1106,1252.0,0.1106,0.0227,1.132,9.77
2026-07-27,2026-08-16,Variant A,40-99,NONPAYER,4,Red Challenge,15,Red,count,5,11322,55047,0,0.0,0.0,0.0,0.0,0.0
2026-07-27,2026-08-16,Variant A,40-99,NONPAYER,4,Red Challenge,15,Chuck,count,6,11322,55047,0,0.0,0.0,0.0,0.0,0.0
2026-07-27,2026-08-16,Variant A,40-99,NONPAYER,4,Red Challenge,15,Bomb,count,7,11322,55047,0,0.0,0.0,0.0,0.0,0.0
2026-07-27,2026-08-16,Variant A,40-99,NONPAYER,4,Red Challenge,15,UL Bomb,minutes,8,11322,55047,0,0.0,0.0,0.0,0.0,0.0
2026-07-27,2026-08-16,Variant A,40-99,NONPAYER,4,Red Challenge,15,UL Chuck,minutes,9,11322,55047,0,0.0,0.0,0.0,0.0,0.0
2026-07-27,2026-08-16,Variant A,40-99,NONPAYER,4,Red Challenge,15,UL Red,minutes,10,11322,55047,0,0.0,0.0,0.0,0.0,0.0
2026-07-27,2026-08-16,Variant A,40-99,NONPAYER,4,Red Challenge,15,Unlimited Lives,minutes,11,11322,55047,0,0.0,0.0,0.0,0.0,0.0
2026-07-27,2026-08-16,Variant A,40-99,NONPAYER,4,Red Challenge,15,SPT,count,12,11322,55047,0,0.0,0.0,0.0,0.0,0.0
2026-07-27,2026-08-16,Variant A,40-99,NONPAYER,4,Red Challenge,15,SPTx2,minutes,13,11322,55047,0,0.0,0.0,0.0,0.0,0.0
2026-07-27,2026-08-16,Variant A,40-99,NONPAYER,4,River Rush,16,HC,HC,1,11322,55047,2,60.0,0.0053,0.0011,30.0,0.02
2026-07-27,2026-08-16,Variant A,40-99,NONPAYER,4,River Rush,16,Slingshot,count,2,11322,55047,2,2.0,0.0002,0.0,1.0,0.02
2026-07-27,2026-08-16,Variant A,40-99,NONPAYER,4,River Rush,16,Shuffle,count,3,11322,55047,4,4.0,0.0004,0.0001,1.0,0.04
2026-07-27,2026-08-16,Variant A,40-99,NONPAYER,4,River Rush,16,Comet,count,4,11322,55047,7,7.0,0.0006,0.0001,1.0,0.06
2026-07-27,2026-08-16,Variant A,40-99,NONPAYER,4,River Rush,16,Red,count,5,11322,55047,1,1.0,0.0001,0.0,1.0,0.01
2026-07-27,2026-08-16,Variant A,40-99,NONPAYER,4,River Rush,16,Chuck,count,6,11322,55047,1,1.0,0.0001,0.0,1.0,0.01
2026-07-27,2026-08-16,Variant A,40-99,NONPAYER,4,River Rush,16,Bomb,count,7,11322,55047,2,2.0,0.0002,0.0,1.0,0.02
2026-07-27,2026-08-16,Variant A,40-99,NONPAYER,4,River Rush,16,UL Bomb,minutes,8,11322,55047,1,15.0,0.0013,0.0003,15.0,0.01
2026-07-27,2026-08-16,Variant A,40-99,NONPAYER,4,River Rush,16,UL Chuck,minutes,9,11322,55047,3,35.0,0.0031,0.0006,11.6667,0.03
2026-07-27,2026-08-16,Variant A,40-99,NONPAYER,4,River Rush,16,UL Red,minutes,10,11322,55047,1,10.0,0.0009,0.0002,10.0,0.01
2026-07-27,2026-08-16,Variant A,40-99,NONPAYER,4,River Rush,16,Unlimited Lives,minutes,11,11322,55047,2,35.0,0.0031,0.0006,17.5,0.02
2026-07-27,2026-08-16,Variant A,40-99,NONPAYER,4,River Rush,16,SPT,count,12,11322,55047,3,80.0,0.0071,0.0015,26.6667,0.03
2026-07-27,2026-08-16,Variant A,40-99,NONPAYER,4,River Rush,16,SPTx2,minutes,13,11322,55047,2,25.0,0.0022,0.0005,12.5,0.02
2026-07-27,2026-08-16,Variant A,40-99,NONPAYER,4,Saga,17,HC,HC,1,11322,55047,11044,1818235.0,160.5931,33.0306,164.6355,97.54
2026-07-27,2026-08-16,Variant A,40-99,NONPAYER,4,Saga,17,Slingshot,count,2,11322,55047,9035,29454.0,2.6015,0.5351,3.26,79.8
2026-07-27,2026-08-16,Variant A,40-99,NONPAYER,4,Saga,17,Shuffle,count,3,11322,55047,8955,29357.0,2.5929,0.5333,3.2783,79.09
2026-07-27,2026-08-16,Variant A,40-99,NONPAYER,4,Saga,17,Comet,count,4,11322,55047,71,80.0,0.0071,0.0015,1.1268,0.63
2026-07-27,2026-08-16,Variant A,40-99,NONPAYER,4,Saga,17,Red,count,5,11322,55047,9347,29994.0,2.6492,0.5449,3.2089,82.56
2026-07-27,2026-08-16,Variant A,40-99,NONPAYER,4,Saga,17,Chuck,count,6,11322,55047,9029,29485.0,2.6042,0.5356,3.2656,79.75
2026-07-27,2026-08-16,Variant A,40-99,NONPAYER,4,Saga,17,Bomb,count,7,11322,55047,9009,29419.0,2.5984,0.5344,3.2655,79.57
2026-07-27,2026-08-16,Variant A,40-99,NONPAYER,4,Saga,17,UL Bomb,minutes,8,11322,55047,0,0.0,0.0,0.0,0.0,0.0
2026-07-27,2026-08-16,Variant A,40-99,NONPAYER,4,Saga,17,UL Chuck,minutes,9,11322,55047,0,0.0,0.0,0.0,0.0,0.0
2026-07-27,2026-08-16,Variant A,40-99,NONPAYER,4,Saga,17,UL Red,minutes,10,11322,55047,0,0.0,0.0,0.0,0.0,0.0
2026-07-27,2026-08-16,Variant A,40-99,NONPAYER,4,Saga,17,Unlimited Lives,minutes,11,11322,55047,11215,7829035.0,691.4887,142.2246,698.086,99.05
2026-07-27,2026-08-16,Variant A,40-99,NONPAYER,4,Saga,17,SPT,count,12,11322,55047,0,0.0,0.0,0.0,0.0,0.0
2026-07-27,2026-08-16,Variant A,40-99,NONPAYER,4,Saga,17,SPTx2,minutes,13,11322,55047,0,0.0,0.0,0.0,0.0,0.0
2026-07-27,2026-08-16,Variant A,40-99,NONPAYER,4,Season Pass (Free),18,HC,HC,1,11322,55047,6300,345575.0,30.5224,6.2778,54.8532,55.64
2026-07-27,2026-08-16,Variant A,40-99,NONPAYER,4,Season Pass (Free),18,Slingshot,count,2,11322,55047,2940,3225.0,0.2848,0.0586,1.0969,25.97
2026-07-27,2026-08-16,Variant A,40-99,NONPAYER,4,Season Pass (Free),18,Shuffle,count,3,11322,55047,4097,5175.0,0.4571,0.094,1.2631,36.19
2026-07-27,2026-08-16,Variant A,40-99,NONPAYER,4,Season Pass (Free),18,Comet,count,4,11322,55047,1,1.0,0.0001,0.0,1.0,0.01
2026-07-27,2026-08-16,Variant A,40-99,NONPAYER,4,Season Pass (Free),18,Red,count,5,11322,55047,3666,9516.0,0.8405,0.1729,2.5957,32.38
2026-07-27,2026-08-16,Variant A,40-99,NONPAYER,4,Season Pass (Free),18,Chuck,count,6,11322,55047,5141,13694.0,1.2095,0.2488,2.6637,45.41
2026-07-27,2026-08-16,Variant A,40-99,NONPAYER,4,Season Pass (Free),18,Bomb,count,7,11322,55047,4405,6136.0,0.542,0.1115,1.393,38.91
2026-07-27,2026-08-16,Variant A,40-99,NONPAYER,4,Season Pass (Free),18,UL Bomb,minutes,8,11322,55047,14,220.0,0.0194,0.004,15.7143,0.12
2026-07-27,2026-08-16,Variant A,40-99,NONPAYER,4,Season Pass (Free),18,UL Chuck,minutes,9,11322,55047,1661,27405.0,2.4205,0.4978,16.4991,14.67
2026-07-27,2026-08-16,Variant A,40-99,NONPAYER,4,Season Pass (Free),18,UL Red,minutes,10,11322,55047,4425,83110.0,7.3406,1.5098,18.7819,39.08
2026-07-27,2026-08-16,Variant A,40-99,NONPAYER,4,Season Pass (Free),18,Unlimited Lives,minutes,11,11322,55047,5254,382815.0,33.8116,6.9543,72.8616,46.41
2026-07-27,2026-08-16,Variant A,40-99,NONPAYER,4,Season Pass (Free),18,SPT,count,12,11322,55047,51,3116.0,0.2752,0.0566,61.098,0.45
2026-07-27,2026-08-16,Variant A,40-99,NONPAYER,4,Season Pass (Free),18,SPTx2,minutes,13,11322,55047,0,0.0,0.0,0.0,0.0,0.0
2026-07-27,2026-08-16,Variant A,40-99,NONPAYER,4,Target Day,19,HC,HC,1,11322,55047,4959,622825.0,55.0102,11.3144,125.5949,43.8
2026-07-27,2026-08-16,Variant A,40-99,NONPAYER,4,Target Day,19,Slingshot,count,2,11322,55047,2854,3911.0,0.3454,0.071,1.3704,25.21
2026-07-27,2026-08-16,Variant A,40-99,NONPAYER,4,Target Day,19,Shuffle,count,3,11322,55047,2486,3360.0,0.2968,0.061,1.3516,21.96
2026-07-27,2026-08-16,Variant A,40-99,NONPAYER,4,Target Day,19,Comet,count,4,11322,55047,2627,3850.0,0.34,0.0699,1.4656,23.2
2026-07-27,2026-08-16,Variant A,40-99,NONPAYER,4,Target Day,19,Red,count,5,11322,55047,1817,2178.0,0.1924,0.0396,1.1987,16.05
2026-07-27,2026-08-16,Variant A,40-99,NONPAYER,4,Target Day,19,Chuck,count,6,11322,55047,1940,2396.0,0.2116,0.0435,1.2351,17.13
2026-07-27,2026-08-16,Variant A,40-99,NONPAYER,4,Target Day,19,Bomb,count,7,11322,55047,2091,2682.0,0.2369,0.0487,1.2826,18.47
2026-07-27,2026-08-16,Variant A,40-99,NONPAYER,4,Target Day,19,UL Bomb,minutes,8,11322,55047,0,0.0,0.0,0.0,0.0,0.0
2026-07-27,2026-08-16,Variant A,40-99,NONPAYER,4,Target Day,19,UL Chuck,minutes,9,11322,55047,0,0.0,0.0,0.0,0.0,0.0
2026-07-27,2026-08-16,Variant A,40-99,NONPAYER,4,Target Day,19,UL Red,minutes,10,11322,55047,0,0.0,0.0,0.0,0.0,0.0
2026-07-27,2026-08-16,Variant A,40-99,NONPAYER,4,Target Day,19,Unlimited Lives,minutes,11,11322,55047,5813,376680.0,33.2697,6.8429,64.7996,51.34
2026-07-27,2026-08-16,Variant A,40-99,NONPAYER,4,Target Day,19,SPT,count,12,11322,55047,1,20.0,0.0018,0.0004,20.0,0.01
2026-07-27,2026-08-16,Variant A,40-99,NONPAYER,4,Target Day,19,SPTx2,minutes,13,11322,55047,0,0.0,0.0,0.0,0.0,0.0
2026-07-27,2026-08-16,Variant A,40-99,NONPAYER,4,Team Event,20,HC,HC,1,11322,55047,3552,531700.0,46.9617,9.659,149.6903,31.37
2026-07-27,2026-08-16,Variant A,40-99,NONPAYER,4,Team Event,20,Slingshot,count,2,11322,55047,2792,5622.0,0.4966,0.1021,2.0136,24.66
2026-07-27,2026-08-16,Variant A,40-99,NONPAYER,4,Team Event,20,Shuffle,count,3,11322,55047,1116,2916.0,0.2576,0.053,2.6129,9.86
2026-07-27,2026-08-16,Variant A,40-99,NONPAYER,4,Team Event,20,Comet,count,4,11322,55047,1285,1760.0,0.1554,0.032,1.3696,11.35
2026-07-27,2026-08-16,Variant A,40-99,NONPAYER,4,Team Event,20,Red,count,5,11322,55047,0,0.0,0.0,0.0,0.0,0.0
2026-07-27,2026-08-16,Variant A,40-99,NONPAYER,4,Team Event,20,Chuck,count,6,11322,55047,0,0.0,0.0,0.0,0.0,0.0
2026-07-27,2026-08-16,Variant A,40-99,NONPAYER,4,Team Event,20,Bomb,count,7,11322,55047,0,0.0,0.0,0.0,0.0,0.0
2026-07-27,2026-08-16,Variant A,40-99,NONPAYER,4,Team Event,20,UL Bomb,minutes,8,11322,55047,0,0.0,0.0,0.0,0.0,0.0
2026-07-27,2026-08-16,Variant A,40-99,NONPAYER,4,Team Event,20,UL Chuck,minutes,9,11322,55047,0,0.0,0.0,0.0,0.0,0.0
2026-07-27,2026-08-16,Variant A,40-99,NONPAYER,4,Team Event,20,UL Red,minutes,10,11322,55047,0,0.0,0.0,0.0,0.0,0.0
2026-07-27,2026-08-16,Variant A,40-99,NONPAYER,4,Team Event,20,Unlimited Lives,minutes,11,11322,55047,0,0.0,0.0,0.0,0.0,0.0
2026-07-27,2026-08-16,Variant A,40-99,NONPAYER,4,Team Event,20,SPT,count,12,11322,55047,0,0.0,0.0,0.0,0.0,0.0
2026-07-27,2026-08-16,Variant A,40-99,NONPAYER,4,Team Event,20,SPTx2,minutes,13,11322,55047,0,0.0,0.0,0.0,0.0,0.0
2026-07-27,2026-08-16,Variant A,40-99,NONPAYER,4,Team Race,21,HC,HC,1,11322,55047,3869,580875.0,51.305,10.5523,150.1357,34.17
2026-07-27,2026-08-16,Variant A,40-99,NONPAYER,4,Team Race,21,Slingshot,count,2,11322,55047,1925,2492.0,0.2201,0.0453,1.2945,17.0
2026-07-27,2026-08-16,Variant A,40-99,NONPAYER,4,Team Race,21,Shuffle,count,3,11322,55047,3175,4962.0,0.4383,0.0901,1.5628,28.04
2026-07-27,2026-08-16,Variant A,40-99,NONPAYER,4,Team Race,21,Comet,count,4,11322,55047,3826,7693.0,0.6795,0.1398,2.0107,33.79
2026-07-27,2026-08-16,Variant A,40-99,NONPAYER,4,Team Race,21,Red,count,5,11322,55047,471,514.0,0.0454,0.0093,1.0913,4.16
2026-07-27,2026-08-16,Variant A,40-99,NONPAYER,4,Team Race,21,Chuck,count,6,11322,55047,891,1026.0,0.0906,0.0186,1.1515,7.87
2026-07-27,2026-08-16,Variant A,40-99,NONPAYER,4,Team Race,21,Bomb,count,7,11322,55047,2229,3117.0,0.2753,0.0566,1.3984,19.69
2026-07-27,2026-08-16,Variant A,40-99,NONPAYER,4,Team Race,21,UL Bomb,minutes,8,11322,55047,0,0.0,0.0,0.0,0.0,0.0
2026-07-27,2026-08-16,Variant A,40-99,NONPAYER,4,Team Race,21,UL Chuck,minutes,9,11322,55047,0,0.0,0.0,0.0,0.0,0.0
2026-07-27,2026-08-16,Variant A,40-99,NONPAYER,4,Team Race,21,UL Red,minutes,10,11322,55047,0,0.0,0.0,0.0,0.0,0.0
2026-07-27,2026-08-16,Variant A,40-99,NONPAYER,4,Team Race,21,Unlimited Lives,minutes,11,11322,55047,0,0.0,0.0,0.0,0.0,0.0
2026-07-27,2026-08-16,Variant A,40-99,NONPAYER,4,Team Race,21,SPT,count,12,11322,55047,0,0.0,0.0,0.0,0.0,0.0
2026-07-27,2026-08-16,Variant A,40-99,NONPAYER,4,Team Race,21,SPTx2,minutes,13,11322,55047,0,0.0,0.0,0.0,0.0,0.0
2026-07-27,2026-08-16,Variant A,40-99,NONPAYER,4,Flash Race,22,HC,HC,1,11322,55047,5613,348295.0,30.7627,6.3272,62.0515,49.58
2026-07-27,2026-08-16,Variant A,40-99,NONPAYER,4,Flash Race,22,Slingshot,count,2,11322,55047,2217,2902.0,0.2563,0.0527,1.309,19.58
2026-07-27,2026-08-16,Variant A,40-99,NONPAYER,4,Flash Race,22,Shuffle,count,3,11322,55047,2892,4077.0,0.3601,0.0741,1.4098,25.54
2026-07-27,2026-08-16,Variant A,40-99,NONPAYER,4,Flash Race,22,Comet,count,4,11322,55047,2848,4103.0,0.3624,0.0745,1.4407,25.15
2026-07-27,2026-08-16,Variant A,40-99,NONPAYER,4,Flash Race,22,Red,count,5,11322,55047,774,873.0,0.0771,0.0159,1.1279,6.84
2026-07-27,2026-08-16,Variant A,40-99,NONPAYER,4,Flash Race,22,Chuck,count,6,11322,55047,1388,1641.0,0.1449,0.0298,1.1823,12.26
2026-07-27,2026-08-16,Variant A,40-99,NONPAYER,4,Flash Race,22,Bomb,count,7,11322,55047,2693,3805.0,0.3361,0.0691,1.4129,23.79
2026-07-27,2026-08-16,Variant A,40-99,NONPAYER,4,Flash Race,22,UL Bomb,minutes,8,11322,55047,0,0.0,0.0,0.0,0.0,0.0
2026-07-27,2026-08-16,Variant A,40-99,NONPAYER,4,Flash Race,22,UL Chuck,minutes,9,11322,55047,0,0.0,0.0,0.0,0.0,0.0
2026-07-27,2026-08-16,Variant A,40-99,NONPAYER,4,Flash Race,22,UL Red,minutes,10,11322,55047,0,0.0,0.0,0.0,0.0,0.0
2026-07-27,2026-08-16,Variant A,40-99,NONPAYER,4,Flash Race,22,Unlimited Lives,minutes,11,11322,55047,279,14845.0,1.3112,0.2697,53.2079,2.46
2026-07-27,2026-08-16,Variant A,40-99,NONPAYER,4,Flash Race,22,SPT,count,12,11322,55047,6507,838220.0,74.0346,15.2274,128.8182,57.47
2026-07-27,2026-08-16,Variant A,40-99,NONPAYER,4,Flash Race,22,SPTx2,minutes,13,11322,55047,0,0.0,0.0,0.0,0.0,0.0
2026-07-27,2026-08-16,Variant A,40-99,NONPAYER,4,FlowerCoop,23,HC,HC,1,11322,55047,0,0.0,0.0,0.0,0.0,0.0
2026-07-27,2026-08-16,Variant A,40-99,NONPAYER,4,FlowerCoop,23,Slingshot,count,2,11322,55047,0,0.0,0.0,0.0,0.0,0.0
2026-07-27,2026-08-16,Variant A,40-99,NONPAYER,4,FlowerCoop,23,Shuffle,count,3,11322,55047,0,0.0,0.0,0.0,0.0,0.0
2026-07-27,2026-08-16,Variant A,40-99,NONPAYER,4,FlowerCoop,23,Comet,count,4,11322,55047,0,0.0,0.0,0.0,0.0,0.0
2026-07-27,2026-08-16,Variant A,40-99,NONPAYER,4,FlowerCoop,23,Red,count,5,11322,55047,0,0.0,0.0,0.0,0.0,0.0
2026-07-27,2026-08-16,Variant A,40-99,NONPAYER,4,FlowerCoop,23,Chuck,count,6,11322,55047,0,0.0,0.0,0.0,0.0,0.0
2026-07-27,2026-08-16,Variant A,40-99,NONPAYER,4,FlowerCoop,23,Bomb,count,7,11322,55047,0,0.0,0.0,0.0,0.0,0.0
2026-07-27,2026-08-16,Variant A,40-99,NONPAYER,4,FlowerCoop,23,UL Bomb,minutes,8,11322,55047,0,0.0,0.0,0.0,0.0,0.0
2026-07-27,2026-08-16,Variant A,40-99,NONPAYER,4,FlowerCoop,23,UL Chuck,minutes,9,11322,55047,0,0.0,0.0,0.0,0.0,0.0
2026-07-27,2026-08-16,Variant A,40-99,NONPAYER,4,FlowerCoop,23,UL Red,minutes,10,11322,55047,0,0.0,0.0,0.0,0.0,0.0
2026-07-27,2026-08-16,Variant A,40-99,NONPAYER,4,FlowerCoop,23,Unlimited Lives,minutes,11,11322,55047,0,0.0,0.0,0.0,0.0,0.0
2026-07-27,2026-08-16,Variant A,40-99,NONPAYER,4,FlowerCoop,23,SPT,count,12,11322,55047,0,0.0,0.0,0.0,0.0,0.0
2026-07-27,2026-08-16,Variant A,40-99,NONPAYER,4,FlowerCoop,23,SPTx2,minutes,13,11322,55047,0,0.0,0.0,0.0,0.0,0.0
2026-07-27,2026-08-16,Variant A,40-99,NONPAYER,4,Rainbow Maker,24,HC,HC,1,11322,55047,8468,844420.0,74.5822,15.34,99.7189,74.79
2026-07-27,2026-08-16,Variant A,40-99,NONPAYER,4,Rainbow Maker,24,Slingshot,count,2,11322,55047,7989,33217.0,2.9338,0.6034,4.1578,70.56
2026-07-27,2026-08-16,Variant A,40-99,NONPAYER,4,Rainbow Maker,24,Shuffle,count,3,11322,55047,7743,20452.0,1.8064,0.3715,2.6414,68.39
2026-07-27,2026-08-16,Variant A,40-99,NONPAYER,4,Rainbow Maker,24,Comet,count,4,11322,55047,6601,12404.0,1.0956,0.2253,1.8791,58.3
2026-07-27,2026-08-16,Variant A,40-99,NONPAYER,4,Rainbow Maker,24,Red,count,5,11322,55047,8012,23119.0,2.042,0.42,2.8855,70.76
2026-07-27,2026-08-16,Variant A,40-99,NONPAYER,4,Rainbow Maker,24,Chuck,count,6,11322,55047,7225,18816.0,1.6619,0.3418,2.6043,63.81
2026-07-27,2026-08-16,Variant A,40-99,NONPAYER,4,Rainbow Maker,24,Bomb,count,7,11322,55047,5753,12181.0,1.0759,0.2213,2.1173,50.81
2026-07-27,2026-08-16,Variant A,40-99,NONPAYER,4,Rainbow Maker,24,UL Bomb,minutes,8,11322,55047,0,0.0,0.0,0.0,0.0,0.0
2026-07-27,2026-08-16,Variant A,40-99,NONPAYER,4,Rainbow Maker,24,UL Chuck,minutes,9,11322,55047,2490,42230.0,3.7299,0.7672,16.9598,21.99
2026-07-27,2026-08-16,Variant A,40-99,NONPAYER,4,Rainbow Maker,24,UL Red,minutes,10,11322,55047,6462,119420.0,10.5476,2.1694,18.4803,57.07
2026-07-27,2026-08-16,Variant A,40-99,NONPAYER,4,Rainbow Maker,24,Unlimited Lives,minutes,11,11322,55047,8026,943670.0,83.3483,17.143,117.5766,70.89
2026-07-27,2026-08-16,Variant A,40-99,NONPAYER,4,Rainbow Maker,24,SPT,count,12,11322,55047,8344,4488935.0,396.479,81.5473,537.9836,73.7
2026-07-27,2026-08-16,Variant A,40-99,NONPAYER,4,Rainbow Maker,24,SPTx2,minutes,13,11322,55047,6128,181990.0,16.074,3.3061,29.6981,54.12
2026-07-27,2026-08-16,Variant A,40-99,NONPAYER,4,IAPs,25,HC,HC,1,11322,55047,0,0.0,0.0,0.0,0.0,0.0
2026-07-27,2026-08-16,Variant A,40-99,NONPAYER,4,IAPs,25,Slingshot,count,2,11322,55047,0,0.0,0.0,0.0,0.0,0.0
2026-07-27,2026-08-16,Variant A,40-99,NONPAYER,4,IAPs,25,Shuffle,count,3,11322,55047,0,0.0,0.0,0.0,0.0,0.0
2026-07-27,2026-08-16,Variant A,40-99,NONPAYER,4,IAPs,25,Comet,count,4,11322,55047,0,0.0,0.0,0.0,0.0,0.0
2026-07-27,2026-08-16,Variant A,40-99,NONPAYER,4,IAPs,25,Red,count,5,11322,55047,0,0.0,0.0,0.0,0.0,0.0
2026-07-27,2026-08-16,Variant A,40-99,NONPAYER,4,IAPs,25,Chuck,count,6,11322,55047,0,0.0,0.0,0.0,0.0,0.0
2026-07-27,2026-08-16,Variant A,40-99,NONPAYER,4,IAPs,25,Bomb,count,7,11322,55047,0,0.0,0.0,0.0,0.0,0.0
2026-07-27,2026-08-16,Variant A,40-99,NONPAYER,4,IAPs,25,UL Bomb,minutes,8,11322,55047,0,0.0,0.0,0.0,0.0,0.0
2026-07-27,2026-08-16,Variant A,40-99,NONPAYER,4,IAPs,25,UL Chuck,minutes,9,11322,55047,0,0.0,0.0,0.0,0.0,0.0
2026-07-27,2026-08-16,Variant A,40-99,NONPAYER,4,IAPs,25,UL Red,minutes,10,11322,55047,0,0.0,0.0,0.0,0.0,0.0
2026-07-27,2026-08-16,Variant A,40-99,NONPAYER,4,IAPs,25,Unlimited Lives,minutes,11,11322,55047,0,0.0,0.0,0.0,0.0,0.0
2026-07-27,2026-08-16,Variant A,40-99,NONPAYER,4,IAPs,25,SPT,count,12,11322,55047,0,0.0,0.0,0.0,0.0,0.0
2026-07-27,2026-08-16,Variant A,40-99,NONPAYER,4,IAPs,25,SPTx2,minutes,13,11322,55047,0,0.0,0.0,0.0,0.0,0.0
2026-07-27,2026-08-16,Variant A,40-99,PAYER,4,Ads,1,HC,HC,1,2798,13510,1207,74675.0,26.6887,5.5274,61.8683,43.14
2026-07-27,2026-08-16,Variant A,40-99,PAYER,4,Ads,1,Slingshot,count,2,2798,13510,754,1689.0,0.6036,0.125,2.2401,26.95
2026-07-27,2026-08-16,Variant A,40-99,PAYER,4,Ads,1,Shuffle,count,3,2798,13510,699,1582.0,0.5654,0.1171,2.2632,24.98
2026-07-27,2026-08-16,Variant A,40-99,PAYER,4,Ads,1,Comet,count,4,2798,13510,447,764.0,0.2731,0.0566,1.7092,15.98
2026-07-27,2026-08-16,Variant A,40-99,PAYER,4,Ads,1,Red,count,5,2798,13510,0,0.0,0.0,0.0,0.0,0.0
2026-07-27,2026-08-16,Variant A,40-99,PAYER,4,Ads,1,Chuck,count,6,2798,13510,0,0.0,0.0,0.0,0.0,0.0
2026-07-27,2026-08-16,Variant A,40-99,PAYER,4,Ads,1,Bomb,count,7,2798,13510,0,0.0,0.0,0.0,0.0,0.0
2026-07-27,2026-08-16,Variant A,40-99,PAYER,4,Ads,1,UL Bomb,minutes,8,2798,13510,0,0.0,0.0,0.0,0.0,0.0
2026-07-27,2026-08-16,Variant A,40-99,PAYER,4,Ads,1,UL Chuck,minutes,9,2798,13510,0,0.0,0.0,0.0,0.0,0.0
2026-07-27,2026-08-16,Variant A,40-99,PAYER,4,Ads,1,UL Red,minutes,10,2798,13510,0,0.0,0.0,0.0,0.0,0.0
2026-07-27,2026-08-16,Variant A,40-99,PAYER,4,Ads,1,Unlimited Lives,minutes,11,2798,13510,836,24655.0,8.8117,1.8249,29.4916,29.88
2026-07-27,2026-08-16,Variant A,40-99,PAYER,4,Ads,1,SPT,count,12,2798,13510,0,0.0,0.0,0.0,0.0,0.0
2026-07-27,2026-08-16,Variant A,40-99,PAYER,4,Ads,1,SPTx2,minutes,13,2798,13510,0,0.0,0.0,0.0,0.0,0.0
2026-07-27,2026-08-16,Variant A,40-99,PAYER,4,Bomb Challenge,2,HC,HC,1,2798,13510,516,85100.0,30.4146,6.299,164.9225,18.44
2026-07-27,2026-08-16,Variant A,40-99,PAYER,4,Bomb Challenge,2,Slingshot,count,2,2798,13510,281,317.0,0.1133,0.0235,1.1281,10.04
2026-07-27,2026-08-16,Variant A,40-99,PAYER,4,Bomb Challenge,2,Shuffle,count,3,2798,13510,503,602.0,0.2152,0.0446,1.1968,17.98
2026-07-27,2026-08-16,Variant A,40-99,PAYER,4,Bomb Challenge,2,Comet,count,4,2798,13510,241,276.0,0.0986,0.0204,1.1452,8.61
2026-07-27,2026-08-16,Variant A,40-99,PAYER,4,Bomb Challenge,2,Red,count,5,2798,13510,0,0.0,0.0,0.0,0.0,0.0
2026-07-27,2026-08-16,Variant A,40-99,PAYER,4,Bomb Challenge,2,Chuck,count,6,2798,13510,0,0.0,0.0,0.0,0.0,0.0
2026-07-27,2026-08-16,Variant A,40-99,PAYER,4,Bomb Challenge,2,Bomb,count,7,2798,13510,0,0.0,0.0,0.0,0.0,0.0
2026-07-27,2026-08-16,Variant A,40-99,PAYER,4,Bomb Challenge,2,UL Bomb,minutes,8,2798,13510,0,0.0,0.0,0.0,0.0,0.0
2026-07-27,2026-08-16,Variant A,40-99,PAYER,4,Bomb Challenge,2,UL Chuck,minutes,9,2798,13510,0,0.0,0.0,0.0,0.0,0.0
2026-07-27,2026-08-16,Variant A,40-99,PAYER,4,Bomb Challenge,2,UL Red,minutes,10,2798,13510,0,0.0,0.0,0.0,0.0,0.0
2026-07-27,2026-08-16,Variant A,40-99,PAYER,4,Bomb Challenge,2,Unlimited Lives,minutes,11,2798,13510,0,0.0,0.0,0.0,0.0,0.0
2026-07-27,2026-08-16,Variant A,40-99,PAYER,4,Bomb Challenge,2,SPT,count,12,2798,13510,0,0.0,0.0,0.0,0.0,0.0
2026-07-27,2026-08-16,Variant A,40-99,PAYER,4,Bomb Challenge,2,SPTx2,minutes,13,2798,13510,0,0.0,0.0,0.0,0.0,0.0
2026-07-27,2026-08-16,Variant A,40-99,PAYER,4,Bomb's Ballet,3,HC,HC,1,2798,13510,806,31850.0,11.3831,2.3575,39.5161,28.81
2026-07-27,2026-08-16,Variant A,40-99,PAYER,4,Bomb's Ballet,3,Slingshot,count,2,2798,13510,167,169.0,0.0604,0.0125,1.012,5.97
2026-07-27,2026-08-16,Variant A,40-99,PAYER,4,Bomb's Ballet,3,Shuffle,count,3,2798,13510,71,71.0,0.0254,0.0053,1.0,2.54
2026-07-27,2026-08-16,Variant A,40-99,PAYER,4,Bomb's Ballet,3,Comet,count,4,2798,13510,70,70.0,0.025,0.0052,1.0,2.5
2026-07-27,2026-08-16,Variant A,40-99,PAYER,4,Bomb's Ballet,3,Red,count,5,2798,13510,593,602.0,0.2152,0.0446,1.0152,21.19
2026-07-27,2026-08-16,Variant A,40-99,PAYER,4,Bomb's Ballet,3,Chuck,count,6,2798,13510,831,853.0,0.3049,0.0631,1.0265,29.7
2026-07-27,2026-08-16,Variant A,40-99,PAYER,4,Bomb's Ballet,3,Bomb,count,7,2798,13510,70,70.0,0.025,0.0052,1.0,2.5
2026-07-27,2026-08-16,Variant A,40-99,PAYER,4,Bomb's Ballet,3,UL Bomb,minutes,8,2798,13510,703,9875.0,3.5293,0.7309,14.0469,25.13
2026-07-27,2026-08-16,Variant A,40-99,PAYER,4,Bomb's Ballet,3,UL Chuck,minutes,9,2798,13510,854,12335.0,4.4085,0.913,14.4438,30.52
2026-07-27,2026-08-16,Variant A,40-99,PAYER,4,Bomb's Ballet,3,UL Red,minutes,10,2798,13510,900,15135.0,5.4092,1.1203,16.8167,32.17
2026-07-27,2026-08-16,Variant A,40-99,PAYER,4,Bomb's Ballet,3,Unlimited Lives,minutes,11,2798,13510,851,62340.0,22.2802,4.6144,73.255,30.41
2026-07-27,2026-08-16,Variant A,40-99,PAYER,4,Bomb's Ballet,3,SPT,count,12,2798,13510,0,0.0,0.0,0.0,0.0,0.0
2026-07-27,2026-08-16,Variant A,40-99,PAYER,4,Bomb's Ballet,3,SPTx2,minutes,13,2798,13510,0,0.0,0.0,0.0,0.0,0.0
2026-07-27,2026-08-16,Variant A,40-99,PAYER,4,Chuck Challenge,4,HC,HC,1,2798,13510,582,100250.0,35.8292,7.4204,172.2509,20.8
2026-07-27,2026-08-16,Variant A,40-99,PAYER,4,Chuck Challenge,4,Slingshot,count,2,2798,13510,278,310.0,0.1108,0.0229,1.1151,9.94
2026-07-27,2026-08-16,Variant A,40-99,PAYER,4,Chuck Challenge,4,Shuffle,count,3,2798,13510,534,673.0,0.2405,0.0498,1.2603,19.09
2026-07-27,2026-08-16,Variant A,40-99,PAYER,4,Chuck Challenge,4,Comet,count,4,2798,13510,299,337.0,0.1204,0.0249,1.1271,10.69
2026-07-27,2026-08-16,Variant A,40-99,PAYER,4,Chuck Challenge,4,Red,count,5,2798,13510,0,0.0,0.0,0.0,0.0,0.0
2026-07-27,2026-08-16,Variant A,40-99,PAYER,4,Chuck Challenge,4,Chuck,count,6,2798,13510,1,2.0,0.0007,0.0001,2.0,0.04
2026-07-27,2026-08-16,Variant A,40-99,PAYER,4,Chuck Challenge,4,Bomb,count,7,2798,13510,0,0.0,0.0,0.0,0.0,0.0
2026-07-27,2026-08-16,Variant A,40-99,PAYER,4,Chuck Challenge,4,UL Bomb,minutes,8,2798,13510,0,0.0,0.0,0.0,0.0,0.0
2026-07-27,2026-08-16,Variant A,40-99,PAYER,4,Chuck Challenge,4,UL Chuck,minutes,9,2798,13510,0,0.0,0.0,0.0,0.0,0.0
2026-07-27,2026-08-16,Variant A,40-99,PAYER,4,Chuck Challenge,4,UL Red,minutes,10,2798,13510,0,0.0,0.0,0.0,0.0,0.0
2026-07-27,2026-08-16,Variant A,40-99,PAYER,4,Chuck Challenge,4,Unlimited Lives,minutes,11,2798,13510,0,0.0,0.0,0.0,0.0,0.0
2026-07-27,2026-08-16,Variant A,40-99,PAYER,4,Chuck Challenge,4,SPT,count,12,2798,13510,0,0.0,0.0,0.0,0.0,0.0
2026-07-27,2026-08-16,Variant A,40-99,PAYER,4,Chuck Challenge,4,SPTx2,minutes,13,2798,13510,0,0.0,0.0,0.0,0.0,0.0
2026-07-27,2026-08-16,Variant A,40-99,PAYER,4,Core,5,HC,HC,1,2798,13510,2420,469330.0,167.7377,34.7395,193.938,86.49
2026-07-27,2026-08-16,Variant A,40-99,PAYER,4,Core,5,Slingshot,count,2,2798,13510,1612,3387.0,1.2105,0.2507,2.1011,57.61
2026-07-27,2026-08-16,Variant A,40-99,PAYER,4,Core,5,Shuffle,count,3,2798,13510,1903,5145.0,1.8388,0.3808,2.7036,68.01
2026-07-27,2026-08-16,Variant A,40-99,PAYER,4,Core,5,Comet,count,4,2798,13510,1350,2149.0,0.768,0.1591,1.5919,48.25
2026-07-27,2026-08-16,Variant A,40-99,PAYER,4,Core,5,Red,count,5,2798,13510,1147,1765.0,0.6308,0.1306,1.5388,40.99
2026-07-27,2026-08-16,Variant A,40-99,PAYER,4,Core,5,Chuck,count,6,2798,13510,1155,1943.0,0.6944,0.1438,1.6823,41.28
2026-07-27,2026-08-16,Variant A,40-99,PAYER,4,Core,5,Bomb,count,7,2798,13510,1135,1527.0,0.5457,0.113,1.3454,40.56
2026-07-27,2026-08-16,Variant A,40-99,PAYER,4,Core,5,UL Bomb,minutes,8,2798,13510,0,0.0,0.0,0.0,0.0,0.0
2026-07-27,2026-08-16,Variant A,40-99,PAYER,4,Core,5,UL Chuck,minutes,9,2798,13510,0,0.0,0.0,0.0,0.0,0.0
2026-07-27,2026-08-16,Variant A,40-99,PAYER,4,Core,5,UL Red,minutes,10,2798,13510,0,0.0,0.0,0.0,0.0,0.0
2026-07-27,2026-08-16,Variant A,40-99,PAYER,4,Core,5,Unlimited Lives,minutes,11,2798,13510,2084,294000.0,105.0751,21.7617,141.0749,74.48
2026-07-27,2026-08-16,Variant A,40-99,PAYER,4,Core,5,SPT,count,12,2798,13510,2446,4352410.0,1555.5432,322.1621,1779.399,87.42
2026-07-27,2026-08-16,Variant A,40-99,PAYER,4,Core,5,SPTx2,minutes,13,2798,13510,0,0.0,0.0,0.0,0.0,0.0
2026-07-27,2026-08-16,Variant A,40-99,PAYER,4,Daily Gift,6,HC,HC,1,2798,13510,2400,211700.0,75.6612,15.6699,88.2083,85.78
2026-07-27,2026-08-16,Variant A,40-99,PAYER,4,Daily Gift,6,Slingshot,count,2,2798,13510,1442,2438.0,0.8713,0.1805,1.6907,51.54
2026-07-27,2026-08-16,Variant A,40-99,PAYER,4,Daily Gift,6,Shuffle,count,3,2798,13510,1324,1858.0,0.664,0.1375,1.4033,47.32
2026-07-27,2026-08-16,Variant A,40-99,PAYER,4,Daily Gift,6,Comet,count,4,2798,13510,228,232.0,0.0829,0.0172,1.0175,8.15
2026-07-27,2026-08-16,Variant A,40-99,PAYER,4,Daily Gift,6,Red,count,5,2798,13510,0,0.0,0.0,0.0,0.0,0.0
2026-07-27,2026-08-16,Variant A,40-99,PAYER,4,Daily Gift,6,Chuck,count,6,2798,13510,0,0.0,0.0,0.0,0.0,0.0
2026-07-27,2026-08-16,Variant A,40-99,PAYER,4,Daily Gift,6,Bomb,count,7,2798,13510,0,0.0,0.0,0.0,0.0,0.0
2026-07-27,2026-08-16,Variant A,40-99,PAYER,4,Daily Gift,6,UL Bomb,minutes,8,2798,13510,282,8490.0,3.0343,0.6284,30.1064,10.08
2026-07-27,2026-08-16,Variant A,40-99,PAYER,4,Daily Gift,6,UL Chuck,minutes,9,2798,13510,317,19020.0,6.7977,1.4078,60.0,11.33
2026-07-27,2026-08-16,Variant A,40-99,PAYER,4,Daily Gift,6,UL Red,minutes,10,2798,13510,437,26280.0,9.3924,1.9452,60.1373,15.62
2026-07-27,2026-08-16,Variant A,40-99,PAYER,4,Daily Gift,6,Unlimited Lives,minutes,11,2798,13510,2092,249380.0,89.1279,18.4589,119.2065,74.77
2026-07-27,2026-08-16,Variant A,40-99,PAYER,4,Daily Gift,6,SPT,count,12,2798,13510,0,0.0,0.0,0.0,0.0,0.0
2026-07-27,2026-08-16,Variant A,40-99,PAYER,4,Daily Gift,6,SPTx2,minutes,13,2798,13510,6,135.0,0.0482,0.01,22.5,0.21
2026-07-27,2026-08-16,Variant A,40-99,PAYER,4,Daily Night Sky Prize,7,HC,HC,1,2798,13510,2319,933360.0,333.5811,69.0866,402.4838,82.88
2026-07-27,2026-08-16,Variant A,40-99,PAYER,4,Daily Night Sky Prize,7,Slingshot,count,2,2798,13510,1579,2675.0,0.956,0.198,1.6941,56.43
2026-07-27,2026-08-16,Variant A,40-99,PAYER,4,Daily Night Sky Prize,7,Shuffle,count,3,2798,13510,0,0.0,0.0,0.0,0.0,0.0
2026-07-27,2026-08-16,Variant A,40-99,PAYER,4,Daily Night Sky Prize,7,Comet,count,4,2798,13510,393,723.0,0.2584,0.0535,1.8397,14.05
2026-07-27,2026-08-16,Variant A,40-99,PAYER,4,Daily Night Sky Prize,7,Red,count,5,2798,13510,1936,4371.0,1.5622,0.3235,2.2577,69.19
2026-07-27,2026-08-16,Variant A,40-99,PAYER,4,Daily Night Sky Prize,7,Chuck,count,6,2798,13510,1373,1952.0,0.6976,0.1445,1.4217,49.07
2026-07-27,2026-08-16,Variant A,40-99,PAYER,4,Daily Night Sky Prize,7,Bomb,count,7,2798,13510,0,0.0,0.0,0.0,0.0,0.0
2026-07-27,2026-08-16,Variant A,40-99,PAYER,4,Daily Night Sky Prize,7,UL Bomb,minutes,8,2798,13510,0,0.0,0.0,0.0,0.0,0.0
2026-07-27,2026-08-16,Variant A,40-99,PAYER,4,Daily Night Sky Prize,7,UL Chuck,minutes,9,2798,13510,0,0.0,0.0,0.0,0.0,0.0
2026-07-27,2026-08-16,Variant A,40-99,PAYER,4,Daily Night Sky Prize,7,UL Red,minutes,10,2798,13510,0,0.0,0.0,0.0,0.0,0.0
2026-07-27,2026-08-16,Variant A,40-99,PAYER,4,Daily Night Sky Prize,7,Unlimited Lives,minutes,11,2798,13510,2322,191140.0,68.3131,14.148,82.317,82.99
2026-07-27,2026-08-16,Variant A,40-99,PAYER,4,Daily Night Sky Prize,7,SPT,count,12,2798,13510,0,0.0,0.0,0.0,0.0,0.0
2026-07-27,2026-08-16,Variant A,40-99,PAYER,4,Daily Night Sky Prize,7,SPTx2,minutes,13,2798,13510,0,0.0,0.0,0.0,0.0,0.0
2026-07-27,2026-08-16,Variant A,40-99,PAYER,4,Flock Flurry,8,HC,HC,1,2798,13510,0,0.0,0.0,0.0,0.0,0.0
2026-07-27,2026-08-16,Variant A,40-99,PAYER,4,Flock Flurry,8,Slingshot,count,2,2798,13510,1239,2270.0,0.8113,0.168,1.8321,44.28
2026-07-27,2026-08-16,Variant A,40-99,PAYER,4,Flock Flurry,8,Shuffle,count,3,2798,13510,0,0.0,0.0,0.0,0.0,0.0
2026-07-27,2026-08-16,Variant A,40-99,PAYER,4,Flock Flurry,8,Comet,count,4,2798,13510,0,0.0,0.0,0.0,0.0,0.0
2026-07-27,2026-08-16,Variant A,40-99,PAYER,4,Flock Flurry,8,Red,count,5,2798,13510,1239,2270.0,0.8113,0.168,1.8321,44.28
2026-07-27,2026-08-16,Variant A,40-99,PAYER,4,Flock Flurry,8,Chuck,count,6,2798,13510,1239,2270.0,0.8113,0.168,1.8321,44.28
2026-07-27,2026-08-16,Variant A,40-99,PAYER,4,Flock Flurry,8,Bomb,count,7,2798,13510,1239,2270.0,0.8113,0.168,1.8321,44.28
2026-07-27,2026-08-16,Variant A,40-99,PAYER,4,Flock Flurry,8,UL Bomb,minutes,8,2798,13510,0,0.0,0.0,0.0,0.0,0.0
2026-07-27,2026-08-16,Variant A,40-99,PAYER,4,Flock Flurry,8,UL Chuck,minutes,9,2798,13510,0,0.0,0.0,0.0,0.0,0.0
2026-07-27,2026-08-16,Variant A,40-99,PAYER,4,Flock Flurry,8,UL Red,minutes,10,2798,13510,0,0.0,0.0,0.0,0.0,0.0
2026-07-27,2026-08-16,Variant A,40-99,PAYER,4,Flock Flurry,8,Unlimited Lives,minutes,11,2798,13510,2072,382580.0,136.7334,28.3183,184.6429,74.05
2026-07-27,2026-08-16,Variant A,40-99,PAYER,4,Flock Flurry,8,SPT,count,12,2798,13510,1168,41720.0,14.9107,3.0881,35.7192,41.74
2026-07-27,2026-08-16,Variant A,40-99,PAYER,4,Flock Flurry,8,SPTx2,minutes,13,2798,13510,0,0.0,0.0,0.0,0.0,0.0
2026-07-27,2026-08-16,Variant A,40-99,PAYER,4,Hatchling Hideaway,9,HC,HC,1,2798,13510,1941,114620.0,40.965,8.4841,59.052,69.37
2026-07-27,2026-08-16,Variant A,40-99,PAYER,4,Hatchling Hideaway,9,Slingshot,count,2,2798,13510,1286,1885.0,0.6737,0.1395,1.4658,45.96
2026-07-27,2026-08-16,Variant A,40-99,PAYER,4,Hatchling Hideaway,9,Shuffle,count,3,2798,13510,1459,2145.0,0.7666,0.1588,1.4702,52.14
2026-07-27,2026-08-16,Variant A,40-99,PAYER,4,Hatchling Hideaway,9,Comet,count,4,2798,13510,1585,2325.0,0.831,0.1721,1.4669,56.65
2026-07-27,2026-08-16,Variant A,40-99,PAYER,4,Hatchling Hideaway,9,Red,count,5,2798,13510,1844,2713.0,0.9696,0.2008,1.4713,65.9
2026-07-27,2026-08-16,Variant A,40-99,PAYER,4,Hatchling Hideaway,9,Chuck,count,6,2798,13510,1763,2574.0,0.9199,0.1905,1.46,63.01
2026-07-27,2026-08-16,Variant A,40-99,PAYER,4,Hatchling Hideaway,9,Bomb,count,7,2798,13510,1604,2356.0,0.842,0.1744,1.4688,57.33
2026-07-27,2026-08-16,Variant A,40-99,PAYER,4,Hatchling Hideaway,9,UL Bomb,minutes,8,2798,13510,0,0.0,0.0,0.0,0.0,0.0
2026-07-27,2026-08-16,Variant A,40-99,PAYER,4,Hatchling Hideaway,9,UL Chuck,minutes,9,2798,13510,1278,18410.0,6.5797,1.3627,14.4053,45.68
2026-07-27,2026-08-16,Variant A,40-99,PAYER,4,Hatchling Hideaway,9,UL Red,minutes,10,2798,13510,1443,20970.0,7.4946,1.5522,14.5322,51.57
2026-07-27,2026-08-16,Variant A,40-99,PAYER,4,Hatchling Hideaway,9,Unlimited Lives,minutes,11,2798,13510,1930,233460.0,83.4382,17.2805,120.9637,68.98
2026-07-27,2026-08-16,Variant A,40-99,PAYER,4,Hatchling Hideaway,9,SPT,count,12,2798,13510,0,0.0,0.0,0.0,0.0,0.0
2026-07-27,2026-08-16,Variant A,40-99,PAYER,4,Hatchling Hideaway,9,SPTx2,minutes,13,2798,13510,0,0.0,0.0,0.0,0.0,0.0
2026-07-27,2026-08-16,Variant A,40-99,PAYER,4,Jigsaw,10,HC,HC,1,2798,13510,763,36325.0,12.9825,2.6887,47.6081,27.27
2026-07-27,2026-08-16,Variant A,40-99,PAYER,4,Jigsaw,10,Slingshot,count,2,2798,13510,217,231.0,0.0826,0.0171,1.0645,7.76
2026-07-27,2026-08-16,Variant A,40-99,PAYER,4,Jigsaw,10,Shuffle,count,3,2798,13510,0,0.0,0.0,0.0,0.0,0.0
2026-07-27,2026-08-16,Variant A,40-99,PAYER,4,Jigsaw,10,Comet,count,4,2798,13510,143,144.0,0.0515,0.0107,1.007,5.11
2026-07-27,2026-08-16,Variant A,40-99,PAYER,4,Jigsaw,10,Red,count,5,2798,13510,622,659.0,0.2355,0.0488,1.0595,22.23
2026-07-27,2026-08-16,Variant A,40-99,PAYER,4,Jigsaw,10,Chuck,count,6,2798,13510,795,844.0,0.3016,0.0625,1.0616,28.41
2026-07-27,2026-08-16,Variant A,40-99,PAYER,4,Jigsaw,10,Bomb,count,7,2798,13510,143,144.0,0.0515,0.0107,1.007,5.11
2026-07-27,2026-08-16,Variant A,40-99,PAYER,4,Jigsaw,10,UL Bomb,minutes,8,2798,13510,643,8680.0,3.1022,0.6425,13.4992,22.98
2026-07-27,2026-08-16,Variant A,40-99,PAYER,4,Jigsaw,10,UL Chuck,minutes,9,2798,13510,813,12485.0,4.4621,0.9241,15.3567,29.06
2026-07-27,2026-08-16,Variant A,40-99,PAYER,4,Jigsaw,10,UL Red,minutes,10,2798,13510,878,16000.0,5.7184,1.1843,18.2232,31.38
2026-07-27,2026-08-16,Variant A,40-99,PAYER,4,Jigsaw,10,Unlimited Lives,minutes,11,2798,13510,816,67500.0,24.1244,4.9963,82.7206,29.16
2026-07-27,2026-08-16,Variant A,40-99,PAYER,4,Jigsaw,10,SPT,count,12,2798,13510,0,0.0,0.0,0.0,0.0,0.0
2026-07-27,2026-08-16,Variant A,40-99,PAYER,4,Jigsaw,10,SPTx2,minutes,13,2798,13510,0,0.0,0.0,0.0,0.0,0.0
2026-07-27,2026-08-16,Variant A,40-99,PAYER,4,Kite Festival,11,HC,HC,1,2798,13510,516,96825.0,34.6051,7.1669,187.6453,18.44
2026-07-27,2026-08-16,Variant A,40-99,PAYER,4,Kite Festival,11,Slingshot,count,2,2798,13510,386,427.0,0.1526,0.0316,1.1062,13.8
2026-07-27,2026-08-16,Variant A,40-99,PAYER,4,Kite Festival,11,Shuffle,count,3,2798,13510,326,368.0,0.1315,0.0272,1.1288,11.65
2026-07-27,2026-08-16,Variant A,40-99,PAYER,4,Kite Festival,11,Comet,count,4,2798,13510,106,118.0,0.0422,0.0087,1.1132,3.79
2026-07-27,2026-08-16,Variant A,40-99,PAYER,4,Kite Festival,11,Red,count,5,2798,13510,121,131.0,0.0468,0.0097,1.0826,4.32
2026-07-27,2026-08-16,Variant A,40-99,PAYER,4,Kite Festival,11,Chuck,count,6,2798,13510,129,132.0,0.0472,0.0098,1.0233,4.61
2026-07-27,2026-08-16,Variant A,40-99,PAYER,4,Kite Festival,11,Bomb,count,7,2798,13510,164,175.0,0.0625,0.013,1.0671,5.86
2026-07-27,2026-08-16,Variant A,40-99,PAYER,4,Kite Festival,11,UL Bomb,minutes,8,2798,13510,0,0.0,0.0,0.0,0.0,0.0
2026-07-27,2026-08-16,Variant A,40-99,PAYER,4,Kite Festival,11,UL Chuck,minutes,9,2798,13510,0,0.0,0.0,0.0,0.0,0.0
2026-07-27,2026-08-16,Variant A,40-99,PAYER,4,Kite Festival,11,UL Red,minutes,10,2798,13510,0,0.0,0.0,0.0,0.0,0.0
2026-07-27,2026-08-16,Variant A,40-99,PAYER,4,Kite Festival,11,Unlimited Lives,minutes,11,2798,13510,1452,78280.0,27.9771,5.7942,53.9118,51.89
2026-07-27,2026-08-16,Variant A,40-99,PAYER,4,Kite Festival,11,SPT,count,12,2798,13510,1024,180400.0,64.4746,13.3531,176.1719,36.6
2026-07-27,2026-08-16,Variant A,40-99,PAYER,4,Kite Festival,11,SPTx2,minutes,13,2798,13510,0,0.0,0.0,0.0,0.0,0.0
2026-07-27,2026-08-16,Variant A,40-99,PAYER,4,Level Race,12,HC,HC,1,2798,13510,0,0.0,0.0,0.0,0.0,0.0
2026-07-27,2026-08-16,Variant A,40-99,PAYER,4,Level Race,12,Slingshot,count,2,2798,13510,0,0.0,0.0,0.0,0.0,0.0
2026-07-27,2026-08-16,Variant A,40-99,PAYER,4,Level Race,12,Shuffle,count,3,2798,13510,0,0.0,0.0,0.0,0.0,0.0
2026-07-27,2026-08-16,Variant A,40-99,PAYER,4,Level Race,12,Comet,count,4,2798,13510,0,0.0,0.0,0.0,0.0,0.0
2026-07-27,2026-08-16,Variant A,40-99,PAYER,4,Level Race,12,Red,count,5,2798,13510,0,0.0,0.0,0.0,0.0,0.0
2026-07-27,2026-08-16,Variant A,40-99,PAYER,4,Level Race,12,Chuck,count,6,2798,13510,0,0.0,0.0,0.0,0.0,0.0
2026-07-27,2026-08-16,Variant A,40-99,PAYER,4,Level Race,12,Bomb,count,7,2798,13510,0,0.0,0.0,0.0,0.0,0.0
2026-07-27,2026-08-16,Variant A,40-99,PAYER,4,Level Race,12,UL Bomb,minutes,8,2798,13510,0,0.0,0.0,0.0,0.0,0.0
2026-07-27,2026-08-16,Variant A,40-99,PAYER,4,Level Race,12,UL Chuck,minutes,9,2798,13510,0,0.0,0.0,0.0,0.0,0.0
2026-07-27,2026-08-16,Variant A,40-99,PAYER,4,Level Race,12,UL Red,minutes,10,2798,13510,0,0.0,0.0,0.0,0.0,0.0
2026-07-27,2026-08-16,Variant A,40-99,PAYER,4,Level Race,12,Unlimited Lives,minutes,11,2798,13510,0,0.0,0.0,0.0,0.0,0.0
2026-07-27,2026-08-16,Variant A,40-99,PAYER,4,Level Race,12,SPT,count,12,2798,13510,0,0.0,0.0,0.0,0.0,0.0
2026-07-27,2026-08-16,Variant A,40-99,PAYER,4,Level Race,12,SPTx2,minutes,13,2798,13510,0,0.0,0.0,0.0,0.0,0.0
2026-07-27,2026-08-16,Variant A,40-99,PAYER,4,Other,13,HC,HC,1,2798,13510,2076,195016.0,69.6984,14.4349,93.9383,74.2
2026-07-27,2026-08-16,Variant A,40-99,PAYER,4,Other,13,Slingshot,count,2,2798,13510,913,1822.0,0.6512,0.1349,1.9956,32.63
2026-07-27,2026-08-16,Variant A,40-99,PAYER,4,Other,13,Shuffle,count,3,2798,13510,955,1680.0,0.6004,0.1244,1.7592,34.13
2026-07-27,2026-08-16,Variant A,40-99,PAYER,4,Other,13,Comet,count,4,2798,13510,779,1158.0,0.4139,0.0857,1.4865,27.84
2026-07-27,2026-08-16,Variant A,40-99,PAYER,4,Other,13,Red,count,5,2798,13510,1877,3419.0,1.2219,0.2531,1.8215,67.08
2026-07-27,2026-08-16,Variant A,40-99,PAYER,4,Other,13,Chuck,count,6,2798,13510,1877,3690.0,1.3188,0.2731,1.9659,67.08
2026-07-27,2026-08-16,Variant A,40-99,PAYER,4,Other,13,Bomb,count,7,2798,13510,1873,3684.0,1.3167,0.2727,1.9669,66.94
2026-07-27,2026-08-16,Variant A,40-99,PAYER,4,Other,13,UL Bomb,minutes,8,2798,13510,11,405.0,0.1447,0.03,36.8182,0.39
2026-07-27,2026-08-16,Variant A,40-99,PAYER,4,Other,13,UL Chuck,minutes,9,2798,13510,10,390.0,0.1394,0.0289,39.0,0.36
2026-07-27,2026-08-16,Variant A,40-99,PAYER,4,Other,13,UL Red,minutes,10,2798,13510,10,390.0,0.1394,0.0289,39.0,0.36
2026-07-27,2026-08-16,Variant A,40-99,PAYER,4,Other,13,Unlimited Lives,minutes,11,2798,13510,938,104338.0,37.2902,7.723,111.2345,33.52
2026-07-27,2026-08-16,Variant A,40-99,PAYER,4,Other,13,SPT,count,12,2798,13510,1676,220275.0,78.7259,16.3046,131.429,59.9
2026-07-27,2026-08-16,Variant A,40-99,PAYER,4,Other,13,SPTx2,minutes,13,2798,13510,0,0.0,0.0,0.0,0.0,0.0
2026-07-27,2026-08-16,Variant A,40-99,PAYER,4,Photoshoot,14,HC,HC,1,2798,13510,491,20625.0,7.3713,1.5266,42.0061,17.55
2026-07-27,2026-08-16,Variant A,40-99,PAYER,4,Photoshoot,14,Slingshot,count,2,2798,13510,0,0.0,0.0,0.0,0.0,0.0
2026-07-27,2026-08-16,Variant A,40-99,PAYER,4,Photoshoot,14,Shuffle,count,3,2798,13510,103,104.0,0.0372,0.0077,1.0097,3.68
2026-07-27,2026-08-16,Variant A,40-99,PAYER,4,Photoshoot,14,Comet,count,4,2798,13510,0,0.0,0.0,0.0,0.0,0.0
2026-07-27,2026-08-16,Variant A,40-99,PAYER,4,Photoshoot,14,Red,count,5,2798,13510,326,333.0,0.119,0.0246,1.0215,11.65
2026-07-27,2026-08-16,Variant A,40-99,PAYER,4,Photoshoot,14,Chuck,count,6,2798,13510,575,594.0,0.2123,0.044,1.033,20.55
2026-07-27,2026-08-16,Variant A,40-99,PAYER,4,Photoshoot,14,Bomb,count,7,2798,13510,71,75.0,0.0268,0.0056,1.0563,2.54
2026-07-27,2026-08-16,Variant A,40-99,PAYER,4,Photoshoot,14,UL Bomb,minutes,8,2798,13510,139,2115.0,0.7559,0.1566,15.2158,4.97
2026-07-27,2026-08-16,Variant A,40-99,PAYER,4,Photoshoot,14,UL Chuck,minutes,9,2798,13510,254,3930.0,1.4046,0.2909,15.4724,9.08
2026-07-27,2026-08-16,Variant A,40-99,PAYER,4,Photoshoot,14,UL Red,minutes,10,2798,13510,384,5880.0,2.1015,0.4352,15.3125,13.72
2026-07-27,2026-08-16,Variant A,40-99,PAYER,4,Photoshoot,14,Unlimited Lives,minutes,11,2798,13510,580,53190.0,19.01,3.9371,91.7069,20.73
2026-07-27,2026-08-16,Variant A,40-99,PAYER,4,Photoshoot,14,SPT,count,12,2798,13510,0,0.0,0.0,0.0,0.0,0.0
2026-07-27,2026-08-16,Variant A,40-99,PAYER,4,Photoshoot,14,SPTx2,minutes,13,2798,13510,0,0.0,0.0,0.0,0.0,0.0
2026-07-27,2026-08-16,Variant A,40-99,PAYER,4,Red Challenge,15,HC,HC,1,2798,13510,627,101550.0,36.2938,7.5167,161.9617,22.41
2026-07-27,2026-08-16,Variant A,40-99,PAYER,4,Red Challenge,15,Slingshot,count,2,2798,13510,273,299.0,0.1069,0.0221,1.0952,9.76
2026-07-27,2026-08-16,Variant A,40-99,PAYER,4,Red Challenge,15,Shuffle,count,3,2798,13510,581,728.0,0.2602,0.0539,1.253,20.76
2026-07-27,2026-08-16,Variant A,40-99,PAYER,4,Red Challenge,15,Comet,count,4,2798,13510,288,332.0,0.1187,0.0246,1.1528,10.29
2026-07-27,2026-08-16,Variant A,40-99,PAYER,4,Red Challenge,15,Red,count,5,2798,13510,0,0.0,0.0,0.0,0.0,0.0
2026-07-27,2026-08-16,Variant A,40-99,PAYER,4,Red Challenge,15,Chuck,count,6,2798,13510,0,0.0,0.0,0.0,0.0,0.0
2026-07-27,2026-08-16,Variant A,40-99,PAYER,4,Red Challenge,15,Bomb,count,7,2798,13510,0,0.0,0.0,0.0,0.0,0.0
2026-07-27,2026-08-16,Variant A,40-99,PAYER,4,Red Challenge,15,UL Bomb,minutes,8,2798,13510,0,0.0,0.0,0.0,0.0,0.0
2026-07-27,2026-08-16,Variant A,40-99,PAYER,4,Red Challenge,15,UL Chuck,minutes,9,2798,13510,0,0.0,0.0,0.0,0.0,0.0
2026-07-27,2026-08-16,Variant A,40-99,PAYER,4,Red Challenge,15,UL Red,minutes,10,2798,13510,0,0.0,0.0,0.0,0.0,0.0
2026-07-27,2026-08-16,Variant A,40-99,PAYER,4,Red Challenge,15,Unlimited Lives,minutes,11,2798,13510,0,0.0,0.0,0.0,0.0,0.0
2026-07-27,2026-08-16,Variant A,40-99,PAYER,4,Red Challenge,15,SPT,count,12,2798,13510,0,0.0,0.0,0.0,0.0,0.0
2026-07-27,2026-08-16,Variant A,40-99,PAYER,4,Red Challenge,15,SPTx2,minutes,13,2798,13510,0,0.0,0.0,0.0,0.0,0.0
2026-07-27,2026-08-16,Variant A,40-99,PAYER,4,River Rush,16,HC,HC,1,2798,13510,4,345.0,0.1233,0.0255,86.25,0.14
2026-07-27,2026-08-16,Variant A,40-99,PAYER,4,River Rush,16,Slingshot,count,2,2798,13510,2,2.0,0.0007,0.0001,1.0,0.07
2026-07-27,2026-08-16,Variant A,40-99,PAYER,4,River Rush,16,Shuffle,count,3,2798,13510,3,4.0,0.0014,0.0003,1.3333,0.11
2026-07-27,2026-08-16,Variant A,40-99,PAYER,4,River Rush,16,Comet,count,4,2798,13510,4,5.0,0.0018,0.0004,1.25,0.14
2026-07-27,2026-08-16,Variant A,40-99,PAYER,4,River Rush,16,Red,count,5,2798,13510,3,3.0,0.0011,0.0002,1.0,0.11
2026-07-27,2026-08-16,Variant A,40-99,PAYER,4,River Rush,16,Chuck,count,6,2798,13510,0,0.0,0.0,0.0,0.0,0.0
2026-07-27,2026-08-16,Variant A,40-99,PAYER,4,River Rush,16,Bomb,count,7,2798,13510,2,2.0,0.0007,0.0001,1.0,0.07
2026-07-27,2026-08-16,Variant A,40-99,PAYER,4,River Rush,16,UL Bomb,minutes,8,2798,13510,2,40.0,0.0143,0.003,20.0,0.07
2026-07-27,2026-08-16,Variant A,40-99,PAYER,4,River Rush,16,UL Chuck,minutes,9,2798,13510,1,25.0,0.0089,0.0019,25.0,0.04
2026-07-27,2026-08-16,Variant A,40-99,PAYER,4,River Rush,16,UL Red,minutes,10,2798,13510,2,55.0,0.0197,0.0041,27.5,0.07
2026-07-27,2026-08-16,Variant A,40-99,PAYER,4,River Rush,16,Unlimited Lives,minutes,11,2798,13510,0,0.0,0.0,0.0,0.0,0.0
2026-07-27,2026-08-16,Variant A,40-99,PAYER,4,River Rush,16,SPT,count,12,2798,13510,0,0.0,0.0,0.0,0.0,0.0
2026-07-27,2026-08-16,Variant A,40-99,PAYER,4,River Rush,16,SPTx2,minutes,13,2798,13510,1,15.0,0.0054,0.0011,15.0,0.04
2026-07-27,2026-08-16,Variant A,40-99,PAYER,4,Saga,17,HC,HC,1,2798,13510,2742,450535.0,161.0204,33.3483,164.3089,98.0
2026-07-27,2026-08-16,Variant A,40-99,PAYER,4,Saga,17,Slingshot,count,2,2798,13510,2270,7385.0,2.6394,0.5466,3.2533,81.13
2026-07-27,2026-08-16,Variant A,40-99,PAYER,4,Saga,17,Shuffle,count,3,2798,13510,2326,7440.0,2.659,0.5507,3.1986,83.13
2026-07-27,2026-08-16,Variant A,40-99,PAYER,4,Saga,17,Comet,count,4,2798,13510,15,15.0,0.0054,0.0011,1.0,0.54
2026-07-27,2026-08-16,Variant A,40-99,PAYER,4,Saga,17,Red,count,5,2798,13510,2323,7517.0,2.6866,0.5564,3.2359,83.02
2026-07-27,2026-08-16,Variant A,40-99,PAYER,4,Saga,17,Chuck,count,6,2798,13510,2327,7491.0,2.6773,0.5545,3.2192,83.17
2026-07-27,2026-08-16,Variant A,40-99,PAYER,4,Saga,17,Bomb,count,7,2798,13510,2318,7492.0,2.6776,0.5546,3.2321,82.84
2026-07-27,2026-08-16,Variant A,40-99,PAYER,4,Saga,17,UL Bomb,minutes,8,2798,13510,0,0.0,0.0,0.0,0.0,0.0
2026-07-27,2026-08-16,Variant A,40-99,PAYER,4,Saga,17,UL Chuck,minutes,9,2798,13510,0,0.0,0.0,0.0,0.0,0.0
2026-07-27,2026-08-16,Variant A,40-99,PAYER,4,Saga,17,UL Red,minutes,10,2798,13510,0,0.0,0.0,0.0,0.0,0.0
2026-07-27,2026-08-16,Variant A,40-99,PAYER,4,Saga,17,Unlimited Lives,minutes,11,2798,13510,2778,1967455.0,703.1648,145.6295,708.2271,99.29
2026-07-27,2026-08-16,Variant A,40-99,PAYER,4,Saga,17,SPT,count,12,2798,13510,0,0.0,0.0,0.0,0.0,0.0
2026-07-27,2026-08-16,Variant A,40-99,PAYER,4,Saga,17,SPTx2,minutes,13,2798,13510,0,0.0,0.0,0.0,0.0,0.0
2026-07-27,2026-08-16,Variant A,40-99,PAYER,4,Season Pass (Free),18,HC,HC,1,2798,13510,1854,176740.0,63.1665,13.0822,95.329,66.26
2026-07-27,2026-08-16,Variant A,40-99,PAYER,4,Season Pass (Free),18,Slingshot,count,2,2798,13510,993,1875.0,0.6701,0.1388,1.8882,35.49
2026-07-27,2026-08-16,Variant A,40-99,PAYER,4,Season Pass (Free),18,Shuffle,count,3,2798,13510,1337,2515.0,0.8989,0.1862,1.8811,47.78
2026-07-27,2026-08-16,Variant A,40-99,PAYER,4,Season Pass (Free),18,Comet,count,4,2798,13510,375,969.0,0.3463,0.0717,2.584,13.4
2026-07-27,2026-08-16,Variant A,40-99,PAYER,4,Season Pass (Free),18,Red,count,5,2798,13510,1196,3594.0,1.2845,0.266,3.005,42.74
2026-07-27,2026-08-16,Variant A,40-99,PAYER,4,Season Pass (Free),18,Chuck,count,6,2798,13510,1470,4405.0,1.5743,0.3261,2.9966,52.54
2026-07-27,2026-08-16,Variant A,40-99,PAYER,4,Season Pass (Free),18,Bomb,count,7,2798,13510,1264,2826.0,1.01,0.2092,2.2358,45.18
2026-07-27,2026-08-16,Variant A,40-99,PAYER,4,Season Pass (Free),18,UL Bomb,minutes,8,2798,13510,381,8375.0,2.9932,0.6199,21.9816,13.62
2026-07-27,2026-08-16,Variant A,40-99,PAYER,4,Season Pass (Free),18,UL Chuck,minutes,9,2798,13510,814,22530.0,8.0522,1.6677,27.6781,29.09
2026-07-27,2026-08-16,Variant A,40-99,PAYER,4,Season Pass (Free),18,UL Red,minutes,10,2798,13510,1392,35060.0,12.5304,2.5951,25.1868,49.75
2026-07-27,2026-08-16,Variant A,40-99,PAYER,4,Season Pass (Free),18,Unlimited Lives,minutes,11,2798,13510,1595,259390.0,92.7055,19.1999,162.627,57.01
2026-07-27,2026-08-16,Variant A,40-99,PAYER,4,Season Pass (Free),18,SPT,count,12,2798,13510,12,498.0,0.178,0.0369,41.5,0.43
2026-07-27,2026-08-16,Variant A,40-99,PAYER,4,Season Pass (Free),18,SPTx2,minutes,13,2798,13510,0,0.0,0.0,0.0,0.0,0.0
2026-07-27,2026-08-16,Variant A,40-99,PAYER,4,Target Day,19,HC,HC,1,2798,13510,1319,159550.0,57.0229,11.8098,120.9629,47.14
2026-07-27,2026-08-16,Variant A,40-99,PAYER,4,Target Day,19,Slingshot,count,2,2798,13510,627,820.0,0.2931,0.0607,1.3078,22.41
2026-07-27,2026-08-16,Variant A,40-99,PAYER,4,Target Day,19,Shuffle,count,3,2798,13510,667,847.0,0.3027,0.0627,1.2699,23.84
2026-07-27,2026-08-16,Variant A,40-99,PAYER,4,Target Day,19,Comet,count,4,2798,13510,727,1014.0,0.3624,0.0751,1.3948,25.98
2026-07-27,2026-08-16,Variant A,40-99,PAYER,4,Target Day,19,Red,count,5,2798,13510,441,527.0,0.1883,0.039,1.195,15.76
2026-07-27,2026-08-16,Variant A,40-99,PAYER,4,Target Day,19,Chuck,count,6,2798,13510,414,531.0,0.1898,0.0393,1.2826,14.8
2026-07-27,2026-08-16,Variant A,40-99,PAYER,4,Target Day,19,Bomb,count,7,2798,13510,487,590.0,0.2109,0.0437,1.2115,17.41
2026-07-27,2026-08-16,Variant A,40-99,PAYER,4,Target Day,19,UL Bomb,minutes,8,2798,13510,0,0.0,0.0,0.0,0.0,0.0
2026-07-27,2026-08-16,Variant A,40-99,PAYER,4,Target Day,19,UL Chuck,minutes,9,2798,13510,0,0.0,0.0,0.0,0.0,0.0
2026-07-27,2026-08-16,Variant A,40-99,PAYER,4,Target Day,19,UL Red,minutes,10,2798,13510,0,0.0,0.0,0.0,0.0,0.0
2026-07-27,2026-08-16,Variant A,40-99,PAYER,4,Target Day,19,Unlimited Lives,minutes,11,2798,13510,1579,103500.0,36.9907,7.661,65.5478,56.43
2026-07-27,2026-08-16,Variant A,40-99,PAYER,4,Target Day,19,SPT,count,12,2798,13510,0,0.0,0.0,0.0,0.0,0.0
2026-07-27,2026-08-16,Variant A,40-99,PAYER,4,Target Day,19,SPTx2,minutes,13,2798,13510,0,0.0,0.0,0.0,0.0,0.0
2026-07-27,2026-08-16,Variant A,40-99,PAYER,4,Team Event,20,HC,HC,1,2798,13510,1230,171940.0,61.451,12.7269,139.7886,43.96
2026-07-27,2026-08-16,Variant A,40-99,PAYER,4,Team Event,20,Slingshot,count,2,2798,13510,945,1854.0,0.6626,0.1372,1.9619,33.77
2026-07-27,2026-08-16,Variant A,40-99,PAYER,4,Team Event,20,Shuffle,count,3,2798,13510,366,934.0,0.3338,0.0691,2.5519,13.08
2026-07-27,2026-08-16,Variant A,40-99,PAYER,4,Team Event,20,Comet,count,4,2798,13510,400,564.0,0.2016,0.0417,1.41,14.3
2026-07-27,2026-08-16,Variant A,40-99,PAYER,4,Team Event,20,Red,count,5,2798,13510,0,0.0,0.0,0.0,0.0,0.0
2026-07-27,2026-08-16,Variant A,40-99,PAYER,4,Team Event,20,Chuck,count,6,2798,13510,0,0.0,0.0,0.0,0.0,0.0
2026-07-27,2026-08-16,Variant A,40-99,PAYER,4,Team Event,20,Bomb,count,7,2798,13510,0,0.0,0.0,0.0,0.0,0.0
2026-07-27,2026-08-16,Variant A,40-99,PAYER,4,Team Event,20,UL Bomb,minutes,8,2798,13510,0,0.0,0.0,0.0,0.0,0.0
2026-07-27,2026-08-16,Variant A,40-99,PAYER,4,Team Event,20,UL Chuck,minutes,9,2798,13510,0,0.0,0.0,0.0,0.0,0.0
2026-07-27,2026-08-16,Variant A,40-99,PAYER,4,Team Event,20,UL Red,minutes,10,2798,13510,0,0.0,0.0,0.0,0.0,0.0
2026-07-27,2026-08-16,Variant A,40-99,PAYER,4,Team Event,20,Unlimited Lives,minutes,11,2798,13510,0,0.0,0.0,0.0,0.0,0.0
2026-07-27,2026-08-16,Variant A,40-99,PAYER,4,Team Event,20,SPT,count,12,2798,13510,0,0.0,0.0,0.0,0.0,0.0
2026-07-27,2026-08-16,Variant A,40-99,PAYER,4,Team Event,20,SPTx2,minutes,13,2798,13510,0,0.0,0.0,0.0,0.0,0.0
2026-07-27,2026-08-16,Variant A,40-99,PAYER,4,Team Race,21,HC,HC,1,2798,13510,1389,204330.0,73.0272,15.1244,147.1058,49.64
2026-07-27,2026-08-16,Variant A,40-99,PAYER,4,Team Race,21,Slingshot,count,2,2798,13510,691,878.0,0.3138,0.065,1.2706,24.7
2026-07-27,2026-08-16,Variant A,40-99,PAYER,4,Team Race,21,Shuffle,count,3,2798,13510,1131,1714.0,0.6126,0.1269,1.5155,40.42
2026-07-27,2026-08-16,Variant A,40-99,PAYER,4,Team Race,21,Comet,count,4,2798,13510,1365,2723.0,0.9732,0.2016,1.9949,48.78
2026-07-27,2026-08-16,Variant A,40-99,PAYER,4,Team Race,21,Red,count,5,2798,13510,162,177.0,0.0633,0.0131,1.0926,5.79
2026-07-27,2026-08-16,Variant A,40-99,PAYER,4,Team Race,21,Chuck,count,6,2798,13510,305,331.0,0.1183,0.0245,1.0852,10.9
2026-07-27,2026-08-16,Variant A,40-99,PAYER,4,Team Race,21,Bomb,count,7,2798,13510,825,1117.0,0.3992,0.0827,1.3539,29.49
2026-07-27,2026-08-16,Variant A,40-99,PAYER,4,Team Race,21,UL Bomb,minutes,8,2798,13510,0,0.0,0.0,0.0,0.0,0.0
2026-07-27,2026-08-16,Variant A,40-99,PAYER,4,Team Race,21,UL Chuck,minutes,9,2798,13510,0,0.0,0.0,0.0,0.0,0.0
2026-07-27,2026-08-16,Variant A,40-99,PAYER,4,Team Race,21,UL Red,minutes,10,2798,13510,0,0.0,0.0,0.0,0.0,0.0
2026-07-27,2026-08-16,Variant A,40-99,PAYER,4,Team Race,21,Unlimited Lives,minutes,11,2798,13510,0,0.0,0.0,0.0,0.0,0.0
2026-07-27,2026-08-16,Variant A,40-99,PAYER,4,Team Race,21,SPT,count,12,2798,13510,0,0.0,0.0,0.0,0.0,0.0
2026-07-27,2026-08-16,Variant A,40-99,PAYER,4,Team Race,21,SPTx2,minutes,13,2798,13510,0,0.0,0.0,0.0,0.0,0.0
2026-07-27,2026-08-16,Variant A,40-99,PAYER,4,Flash Race,22,HC,HC,1,2798,13510,1515,95550.0,34.1494,7.0725,63.0693,54.15
2026-07-27,2026-08-16,Variant A,40-99,PAYER,4,Flash Race,22,Slingshot,count,2,2798,13510,518,688.0,0.2459,0.0509,1.3282,18.51
2026-07-27,2026-08-16,Variant A,40-99,PAYER,4,Flash Race,22,Shuffle,count,3,2798,13510,746,1016.0,0.3631,0.0752,1.3619,26.66
2026-07-27,2026-08-16,Variant A,40-99,PAYER,4,Flash Race,22,Comet,count,4,2798,13510,841,1199.0,0.4285,0.0887,1.4257,30.06
2026-07-27,2026-08-16,Variant A,40-99,PAYER,4,Flash Race,22,Red,count,5,2798,13510,192,223.0,0.0797,0.0165,1.1615,6.86
2026-07-27,2026-08-16,Variant A,40-99,PAYER,4,Flash Race,22,Chuck,count,6,2798,13510,345,397.0,0.1419,0.0294,1.1507,12.33
2026-07-27,2026-08-16,Variant A,40-99,PAYER,4,Flash Race,22,Bomb,count,7,2798,13510,669,907.0,0.3242,0.0671,1.3558,23.91
2026-07-27,2026-08-16,Variant A,40-99,PAYER,4,Flash Race,22,UL Bomb,minutes,8,2798,13510,0,0.0,0.0,0.0,0.0,0.0
2026-07-27,2026-08-16,Variant A,40-99,PAYER,4,Flash Race,22,UL Chuck,minutes,9,2798,13510,0,0.0,0.0,0.0,0.0,0.0
2026-07-27,2026-08-16,Variant A,40-99,PAYER,4,Flash Race,22,UL Red,minutes,10,2798,13510,0,0.0,0.0,0.0,0.0,0.0
2026-07-27,2026-08-16,Variant A,40-99,PAYER,4,Flash Race,22,Unlimited Lives,minutes,11,2798,13510,104,5525.0,1.9746,0.409,53.125,3.72
2026-07-27,2026-08-16,Variant A,40-99,PAYER,4,Flash Race,22,SPT,count,12,2798,13510,1682,211760.0,75.6826,15.6743,125.8977,60.11
2026-07-27,2026-08-16,Variant A,40-99,PAYER,4,Flash Race,22,SPTx2,minutes,13,2798,13510,0,0.0,0.0,0.0,0.0,0.0
2026-07-27,2026-08-16,Variant A,40-99,PAYER,4,FlowerCoop,23,HC,HC,1,2798,13510,0,0.0,0.0,0.0,0.0,0.0
2026-07-27,2026-08-16,Variant A,40-99,PAYER,4,FlowerCoop,23,Slingshot,count,2,2798,13510,0,0.0,0.0,0.0,0.0,0.0
2026-07-27,2026-08-16,Variant A,40-99,PAYER,4,FlowerCoop,23,Shuffle,count,3,2798,13510,0,0.0,0.0,0.0,0.0,0.0
2026-07-27,2026-08-16,Variant A,40-99,PAYER,4,FlowerCoop,23,Comet,count,4,2798,13510,0,0.0,0.0,0.0,0.0,0.0
2026-07-27,2026-08-16,Variant A,40-99,PAYER,4,FlowerCoop,23,Red,count,5,2798,13510,0,0.0,0.0,0.0,0.0,0.0
2026-07-27,2026-08-16,Variant A,40-99,PAYER,4,FlowerCoop,23,Chuck,count,6,2798,13510,0,0.0,0.0,0.0,0.0,0.0
2026-07-27,2026-08-16,Variant A,40-99,PAYER,4,FlowerCoop,23,Bomb,count,7,2798,13510,0,0.0,0.0,0.0,0.0,0.0
2026-07-27,2026-08-16,Variant A,40-99,PAYER,4,FlowerCoop,23,UL Bomb,minutes,8,2798,13510,0,0.0,0.0,0.0,0.0,0.0
2026-07-27,2026-08-16,Variant A,40-99,PAYER,4,FlowerCoop,23,UL Chuck,minutes,9,2798,13510,0,0.0,0.0,0.0,0.0,0.0
2026-07-27,2026-08-16,Variant A,40-99,PAYER,4,FlowerCoop,23,UL Red,minutes,10,2798,13510,0,0.0,0.0,0.0,0.0,0.0
2026-07-27,2026-08-16,Variant A,40-99,PAYER,4,FlowerCoop,23,Unlimited Lives,minutes,11,2798,13510,0,0.0,0.0,0.0,0.0,0.0
2026-07-27,2026-08-16,Variant A,40-99,PAYER,4,FlowerCoop,23,SPT,count,12,2798,13510,0,0.0,0.0,0.0,0.0,0.0
2026-07-27,2026-08-16,Variant A,40-99,PAYER,4,FlowerCoop,23,SPTx2,minutes,13,2798,13510,0,0.0,0.0,0.0,0.0,0.0
2026-07-27,2026-08-16,Variant A,40-99,PAYER,4,Rainbow Maker,24,HC,HC,1,2798,13510,2231,242110.0,86.5297,17.9208,108.5208,79.74
2026-07-27,2026-08-16,Variant A,40-99,PAYER,4,Rainbow Maker,24,Slingshot,count,2,2798,13510,2134,8923.0,3.1891,0.6605,4.1813,76.27
2026-07-27,2026-08-16,Variant A,40-99,PAYER,4,Rainbow Maker,24,Shuffle,count,3,2798,13510,2076,5554.0,1.985,0.4111,2.6753,74.2
2026-07-27,2026-08-16,Variant A,40-99,PAYER,4,Rainbow Maker,24,Comet,count,4,2798,13510,1867,3516.0,1.2566,0.2603,1.8832,66.73
2026-07-27,2026-08-16,Variant A,40-99,PAYER,4,Rainbow Maker,24,Red,count,5,2798,13510,2170,6132.0,2.1916,0.4539,2.8258,77.56
2026-07-27,2026-08-16,Variant A,40-99,PAYER,4,Rainbow Maker,24,Chuck,count,6,2798,13510,2037,5162.0,1.8449,0.3821,2.5341,72.8
2026-07-27,2026-08-16,Variant A,40-99,PAYER,4,Rainbow Maker,24,Bomb,count,7,2798,13510,1537,3230.0,1.1544,0.2391,2.1015,54.93
2026-07-27,2026-08-16,Variant A,40-99,PAYER,4,Rainbow Maker,24,UL Bomb,minutes,8,2798,13510,0,0.0,0.0,0.0,0.0,0.0
2026-07-27,2026-08-16,Variant A,40-99,PAYER,4,Rainbow Maker,24,UL Chuck,minutes,9,2798,13510,721,11450.0,4.0922,0.8475,15.8807,25.77
2026-07-27,2026-08-16,Variant A,40-99,PAYER,4,Rainbow Maker,24,UL Red,minutes,10,2798,13510,1804,31990.0,11.4332,2.3679,17.7328,64.47
2026-07-27,2026-08-16,Variant A,40-99,PAYER,4,Rainbow Maker,24,Unlimited Lives,minutes,11,2798,13510,2158,264250.0,94.4425,19.5596,122.4513,77.13
2026-07-27,2026-08-16,Variant A,40-99,PAYER,4,Rainbow Maker,24,SPT,count,12,2798,13510,2213,1218655.0,435.545,90.2039,550.6801,79.09
2026-07-27,2026-08-16,Variant A,40-99,PAYER,4,Rainbow Maker,24,SPTx2,minutes,13,2798,13510,1644,46930.0,16.7727,3.4737,28.5462,58.76
2026-07-27,2026-08-16,Variant A,40-99,PAYER,4,IAPs,25,HC,HC,1,2798,13510,0,0.0,0.0,0.0,0.0,0.0
2026-07-27,2026-08-16,Variant A,40-99,PAYER,4,IAPs,25,Slingshot,count,2,2798,13510,0,0.0,0.0,0.0,0.0,0.0
2026-07-27,2026-08-16,Variant A,40-99,PAYER,4,IAPs,25,Shuffle,count,3,2798,13510,0,0.0,0.0,0.0,0.0,0.0
2026-07-27,2026-08-16,Variant A,40-99,PAYER,4,IAPs,25,Comet,count,4,2798,13510,0,0.0,0.0,0.0,0.0,0.0
2026-07-27,2026-08-16,Variant A,40-99,PAYER,4,IAPs,25,Red,count,5,2798,13510,0,0.0,0.0,0.0,0.0,0.0
2026-07-27,2026-08-16,Variant A,40-99,PAYER,4,IAPs,25,Chuck,count,6,2798,13510,0,0.0,0.0,0.0,0.0,0.0
2026-07-27,2026-08-16,Variant A,40-99,PAYER,4,IAPs,25,Bomb,count,7,2798,13510,0,0.0,0.0,0.0,0.0,0.0
2026-07-27,2026-08-16,Variant A,40-99,PAYER,4,IAPs,25,UL Bomb,minutes,8,2798,13510,0,0.0,0.0,0.0,0.0,0.0
2026-07-27,2026-08-16,Variant A,40-99,PAYER,4,IAPs,25,UL Chuck,minutes,9,2798,13510,0,0.0,0.0,0.0,0.0,0.0
2026-07-27,2026-08-16,Variant A,40-99,PAYER,4,IAPs,25,UL Red,minutes,10,2798,13510,0,0.0,0.0,0.0,0.0,0.0
2026-07-27,2026-08-16,Variant A,40-99,PAYER,4,IAPs,25,Unlimited Lives,minutes,11,2798,13510,0,0.0,0.0,0.0,0.0,0.0
2026-07-27,2026-08-16,Variant A,40-99,PAYER,4,IAPs,25,SPT,count,12,2798,13510,0,0.0,0.0,0.0,0.0,0.0
2026-07-27,2026-08-16,Variant A,40-99,PAYER,4,IAPs,25,SPTx2,minutes,13,2798,13510,0,0.0,0.0,0.0,0.0,0.0
2026-07-27,2026-08-16,Variant A,100+,NONPAYER,5,Ads,1,HC,HC,1,2216,7937,722,52650.0,23.759,6.6335,72.9224,32.58
2026-07-27,2026-08-16,Variant A,100+,NONPAYER,5,Ads,1,Slingshot,count,2,2216,7937,420,1176.0,0.5307,0.1482,2.8,18.95
2026-07-27,2026-08-16,Variant A,100+,NONPAYER,5,Ads,1,Shuffle,count,3,2216,7937,380,1131.0,0.5104,0.1425,2.9763,17.15
2026-07-27,2026-08-16,Variant A,100+,NONPAYER,5,Ads,1,Comet,count,4,2216,7937,254,579.0,0.2613,0.0729,2.2795,11.46
2026-07-27,2026-08-16,Variant A,100+,NONPAYER,5,Ads,1,Red,count,5,2216,7937,4,4.0,0.0018,0.0005,1.0,0.18
2026-07-27,2026-08-16,Variant A,100+,NONPAYER,5,Ads,1,Chuck,count,6,2216,7937,6,6.0,0.0027,0.0008,1.0,0.27
2026-07-27,2026-08-16,Variant A,100+,NONPAYER,5,Ads,1,Bomb,count,7,2216,7937,1,1.0,0.0005,0.0001,1.0,0.05
2026-07-27,2026-08-16,Variant A,100+,NONPAYER,5,Ads,1,UL Bomb,minutes,8,2216,7937,0,0.0,0.0,0.0,0.0,0.0
2026-07-27,2026-08-16,Variant A,100+,NONPAYER,5,Ads,1,UL Chuck,minutes,9,2216,7937,0,0.0,0.0,0.0,0.0,0.0
2026-07-27,2026-08-16,Variant A,100+,NONPAYER,5,Ads,1,UL Red,minutes,10,2216,7937,0,0.0,0.0,0.0,0.0,0.0
2026-07-27,2026-08-16,Variant A,100+,NONPAYER,5,Ads,1,Unlimited Lives,minutes,11,2216,7937,484,17495.0,7.8949,2.2042,36.1467,21.84
2026-07-27,2026-08-16,Variant A,100+,NONPAYER,5,Ads,1,SPT,count,12,2216,7937,0,0.0,0.0,0.0,0.0,0.0
2026-07-27,2026-08-16,Variant A,100+,NONPAYER,5,Ads,1,SPTx2,minutes,13,2216,7937,0,0.0,0.0,0.0,0.0,0.0
2026-07-27,2026-08-16,Variant A,100+,NONPAYER,5,Bomb Challenge,2,HC,HC,1,2216,7937,465,93700.0,42.2834,11.8055,201.5054,20.98
2026-07-27,2026-08-16,Variant A,100+,NONPAYER,5,Bomb Challenge,2,Slingshot,count,2,2216,7937,69,75.0,0.0338,0.0094,1.087,3.11
2026-07-27,2026-08-16,Variant A,100+,NONPAYER,5,Bomb Challenge,2,Shuffle,count,3,2216,7937,277,324.0,0.1462,0.0408,1.1697,12.5
2026-07-27,2026-08-16,Variant A,100+,NONPAYER,5,Bomb Challenge,2,Comet,count,4,2216,7937,314,373.0,0.1683,0.047,1.1879,14.17
2026-07-27,2026-08-16,Variant A,100+,NONPAYER,5,Bomb Challenge,2,Red,count,5,2216,7937,0,0.0,0.0,0.0,0.0,0.0
2026-07-27,2026-08-16,Variant A,100+,NONPAYER,5,Bomb Challenge,2,Chuck,count,6,2216,7937,0,0.0,0.0,0.0,0.0,0.0
2026-07-27,2026-08-16,Variant A,100+,NONPAYER,5,Bomb Challenge,2,Bomb,count,7,2216,7937,0,0.0,0.0,0.0,0.0,0.0
2026-07-27,2026-08-16,Variant A,100+,NONPAYER,5,Bomb Challenge,2,UL Bomb,minutes,8,2216,7937,0,0.0,0.0,0.0,0.0,0.0
2026-07-27,2026-08-16,Variant A,100+,NONPAYER,5,Bomb Challenge,2,UL Chuck,minutes,9,2216,7937,0,0.0,0.0,0.0,0.0,0.0
2026-07-27,2026-08-16,Variant A,100+,NONPAYER,5,Bomb Challenge,2,UL Red,minutes,10,2216,7937,0,0.0,0.0,0.0,0.0,0.0
2026-07-27,2026-08-16,Variant A,100+,NONPAYER,5,Bomb Challenge,2,Unlimited Lives,minutes,11,2216,7937,0,0.0,0.0,0.0,0.0,0.0
2026-07-27,2026-08-16,Variant A,100+,NONPAYER,5,Bomb Challenge,2,SPT,count,12,2216,7937,0,0.0,0.0,0.0,0.0,0.0
2026-07-27,2026-08-16,Variant A,100+,NONPAYER,5,Bomb Challenge,2,SPTx2,minutes,13,2216,7937,0,0.0,0.0,0.0,0.0,0.0
2026-07-27,2026-08-16,Variant A,100+,NONPAYER,5,Bomb's Ballet,3,HC,HC,1,2216,7937,513,33950.0,15.3204,4.2774,66.1793,23.15
2026-07-27,2026-08-16,Variant A,100+,NONPAYER,5,Bomb's Ballet,3,Slingshot,count,2,2216,7937,325,332.0,0.1498,0.0418,1.0215,14.67
2026-07-27,2026-08-16,Variant A,100+,NONPAYER,5,Bomb's Ballet,3,Shuffle,count,3,2216,7937,259,264.0,0.1191,0.0333,1.0193,11.69
2026-07-27,2026-08-16,Variant A,100+,NONPAYER,5,Bomb's Ballet,3,Comet,count,4,2216,7937,259,264.0,0.1191,0.0333,1.0193,11.69
2026-07-27,2026-08-16,Variant A,100+,NONPAYER,5,Bomb's Ballet,3,Red,count,5,2216,7937,417,419.0,0.1891,0.0528,1.0048,18.82
2026-07-27,2026-08-16,Variant A,100+,NONPAYER,5,Bomb's Ballet,3,Chuck,count,6,2216,7937,445,451.0,0.2035,0.0568,1.0135,20.08
2026-07-27,2026-08-16,Variant A,100+,NONPAYER,5,Bomb's Ballet,3,Bomb,count,7,2216,7937,259,264.0,0.1191,0.0333,1.0193,11.69
2026-07-27,2026-08-16,Variant A,100+,NONPAYER,5,Bomb's Ballet,3,UL Bomb,minutes,8,2216,7937,486,9665.0,4.3615,1.2177,19.8868,21.93
2026-07-27,2026-08-16,Variant A,100+,NONPAYER,5,Bomb's Ballet,3,UL Chuck,minutes,9,2216,7937,518,10105.0,4.56,1.2732,19.5077,23.38
2026-07-27,2026-08-16,Variant A,100+,NONPAYER,5,Bomb's Ballet,3,UL Red,minutes,10,2216,7937,501,10780.0,4.8646,1.3582,21.517,22.61
2026-07-27,2026-08-16,Variant A,100+,NONPAYER,5,Bomb's Ballet,3,Unlimited Lives,minutes,11,2216,7937,531,58020.0,26.1823,7.3101,109.2655,23.96
2026-07-27,2026-08-16,Variant A,100+,NONPAYER,5,Bomb's Ballet,3,SPT,count,12,2216,7937,0,0.0,0.0,0.0,0.0,0.0
2026-07-27,2026-08-16,Variant A,100+,NONPAYER,5,Bomb's Ballet,3,SPTx2,minutes,13,2216,7937,0,0.0,0.0,0.0,0.0,0.0
2026-07-27,2026-08-16,Variant A,100+,NONPAYER,5,Chuck Challenge,4,HC,HC,1,2216,7937,498,112000.0,50.5415,14.1111,224.8996,22.47
2026-07-27,2026-08-16,Variant A,100+,NONPAYER,5,Chuck Challenge,4,Slingshot,count,2,2216,7937,39,39.0,0.0176,0.0049,1.0,1.76
2026-07-27,2026-08-16,Variant A,100+,NONPAYER,5,Chuck Challenge,4,Shuffle,count,3,2216,7937,255,316.0,0.1426,0.0398,1.2392,11.51
2026-07-27,2026-08-16,Variant A,100+,NONPAYER,5,Chuck Challenge,4,Comet,count,4,2216,7937,349,446.0,0.2013,0.0562,1.2779,15.75
2026-07-27,2026-08-16,Variant A,100+,NONPAYER,5,Chuck Challenge,4,Red,count,5,2216,7937,0,0.0,0.0,0.0,0.0,0.0
2026-07-27,2026-08-16,Variant A,100+,NONPAYER,5,Chuck Challenge,4,Chuck,count,6,2216,7937,0,0.0,0.0,0.0,0.0,0.0
2026-07-27,2026-08-16,Variant A,100+,NONPAYER,5,Chuck Challenge,4,Bomb,count,7,2216,7937,0,0.0,0.0,0.0,0.0,0.0
2026-07-27,2026-08-16,Variant A,100+,NONPAYER,5,Chuck Challenge,4,UL Bomb,minutes,8,2216,7937,0,0.0,0.0,0.0,0.0,0.0
2026-07-27,2026-08-16,Variant A,100+,NONPAYER,5,Chuck Challenge,4,UL Chuck,minutes,9,2216,7937,0,0.0,0.0,0.0,0.0,0.0
2026-07-27,2026-08-16,Variant A,100+,NONPAYER,5,Chuck Challenge,4,UL Red,minutes,10,2216,7937,0,0.0,0.0,0.0,0.0,0.0
2026-07-27,2026-08-16,Variant A,100+,NONPAYER,5,Chuck Challenge,4,Unlimited Lives,minutes,11,2216,7937,0,0.0,0.0,0.0,0.0,0.0
2026-07-27,2026-08-16,Variant A,100+,NONPAYER,5,Chuck Challenge,4,SPT,count,12,2216,7937,0,0.0,0.0,0.0,0.0,0.0
2026-07-27,2026-08-16,Variant A,100+,NONPAYER,5,Chuck Challenge,4,SPTx2,minutes,13,2216,7937,0,0.0,0.0,0.0,0.0,0.0
2026-07-27,2026-08-16,Variant A,100+,NONPAYER,5,Core,5,HC,HC,1,2216,7937,2189,933205.0,421.1214,117.5765,426.3157,98.78
2026-07-27,2026-08-16,Variant A,100+,NONPAYER,5,Core,5,Slingshot,count,2,2216,7937,2012,7358.0,3.3204,0.9271,3.6571,90.79
2026-07-27,2026-08-16,Variant A,100+,NONPAYER,5,Core,5,Shuffle,count,3,2216,7937,2117,10053.0,4.5366,1.2666,4.7487,95.53
2026-07-27,2026-08-16,Variant A,100+,NONPAYER,5,Core,5,Comet,count,4,2216,7937,1584,3550.0,1.602,0.4473,2.2412,71.48
2026-07-27,2026-08-16,Variant A,100+,NONPAYER,5,Core,5,Red,count,5,2216,7937,1582,3180.0,1.435,0.4007,2.0101,71.39
2026-07-27,2026-08-16,Variant A,100+,NONPAYER,5,Core,5,Chuck,count,6,2216,7937,1645,4954.0,2.2356,0.6242,3.0116,74.23
2026-07-27,2026-08-16,Variant A,100+,NONPAYER,5,Core,5,Bomb,count,7,2216,7937,1829,3844.0,1.7347,0.4843,2.1017,82.54
2026-07-27,2026-08-16,Variant A,100+,NONPAYER,5,Core,5,UL Bomb,minutes,8,2216,7937,0,0.0,0.0,0.0,0.0,0.0
2026-07-27,2026-08-16,Variant A,100+,NONPAYER,5,Core,5,UL Chuck,minutes,9,2216,7937,0,0.0,0.0,0.0,0.0,0.0
2026-07-27,2026-08-16,Variant A,100+,NONPAYER,5,Core,5,UL Red,minutes,10,2216,7937,0,0.0,0.0,0.0,0.0,0.0
2026-07-27,2026-08-16,Variant A,100+,NONPAYER,5,Core,5,Unlimited Lives,minutes,11,2216,7937,2140,575670.0,259.7789,72.5299,269.0047,96.57
2026-07-27,2026-08-16,Variant A,100+,NONPAYER,5,Core,5,SPT,count,12,2216,7937,1928,6212550.0,2803.4973,782.7328,3222.277,87.0
2026-07-27,2026-08-16,Variant A,100+,NONPAYER,5,Core,5,SPTx2,minutes,13,2216,7937,0,0.0,0.0,0.0,0.0,0.0
2026-07-27,2026-08-16,Variant A,100+,NONPAYER,5,Daily Gift,6,HC,HC,1,2216,7937,1311,105765.0,47.7279,13.3256,80.6751,59.16
2026-07-27,2026-08-16,Variant A,100+,NONPAYER,5,Daily Gift,6,Slingshot,count,2,2216,7937,1262,1800.0,0.8123,0.2268,1.4263,56.95
2026-07-27,2026-08-16,Variant A,100+,NONPAYER,5,Daily Gift,6,Shuffle,count,3,2216,7937,656,914.0,0.4125,0.1152,1.3933,29.6
2026-07-27,2026-08-16,Variant A,100+,NONPAYER,5,Daily Gift,6,Comet,count,4,2216,7937,113,117.0,0.0528,0.0147,1.0354,5.1
2026-07-27,2026-08-16,Variant A,100+,NONPAYER,5,Daily Gift,6,Red,count,5,2216,7937,0,0.0,0.0,0.0,0.0,0.0
2026-07-27,2026-08-16,Variant A,100+,NONPAYER,5,Daily Gift,6,Chuck,count,6,2216,7937,0,0.0,0.0,0.0,0.0,0.0
2026-07-27,2026-08-16,Variant A,100+,NONPAYER,5,Daily Gift,6,Bomb,count,7,2216,7937,0,0.0,0.0,0.0,0.0,0.0
2026-07-27,2026-08-16,Variant A,100+,NONPAYER,5,Daily Gift,6,UL Bomb,minutes,8,2216,7937,147,4410.0,1.9901,0.5556,30.0,6.63
2026-07-27,2026-08-16,Variant A,100+,NONPAYER,5,Daily Gift,6,UL Chuck,minutes,9,2216,7937,150,9060.0,4.0884,1.1415,60.4,6.77
2026-07-27,2026-08-16,Variant A,100+,NONPAYER,5,Daily Gift,6,UL Red,minutes,10,2216,7937,212,12840.0,5.7942,1.6177,60.566,9.57
2026-07-27,2026-08-16,Variant A,100+,NONPAYER,5,Daily Gift,6,Unlimited Lives,minutes,11,2216,7937,1491,128920.0,58.1769,16.2429,86.4655,67.28
2026-07-27,2026-08-16,Variant A,100+,NONPAYER,5,Daily Gift,6,SPT,count,12,2216,7937,0,0.0,0.0,0.0,0.0,0.0
2026-07-27,2026-08-16,Variant A,100+,NONPAYER,5,Daily Gift,6,SPTx2,minutes,13,2216,7937,4,60.0,0.0271,0.0076,15.0,0.18
2026-07-27,2026-08-16,Variant A,100+,NONPAYER,5,Daily Night Sky Prize,7,HC,HC,1,2216,7937,2005,810500.0,365.7491,102.1167,404.2394,90.48
2026-07-27,2026-08-16,Variant A,100+,NONPAYER,5,Daily Night Sky Prize,7,Slingshot,count,2,2216,7937,1706,2385.0,1.0763,0.3005,1.398,76.99
2026-07-27,2026-08-16,Variant A,100+,NONPAYER,5,Daily Night Sky Prize,7,Shuffle,count,3,2216,7937,0,0.0,0.0,0.0,0.0,0.0
2026-07-27,2026-08-16,Variant A,100+,NONPAYER,5,Daily Night Sky Prize,7,Comet,count,4,2216,7937,477,770.0,0.3475,0.097,1.6143,21.53
2026-07-27,2026-08-16,Variant A,100+,NONPAYER,5,Daily Night Sky Prize,7,Red,count,5,2216,7937,1839,3139.0,1.4165,0.3955,1.7069,82.99
2026-07-27,2026-08-16,Variant A,100+,NONPAYER,5,Daily Night Sky Prize,7,Chuck,count,6,2216,7937,1281,1615.0,0.7288,0.2035,1.2607,57.81
2026-07-27,2026-08-16,Variant A,100+,NONPAYER,5,Daily Night Sky Prize,7,Bomb,count,7,2216,7937,0,0.0,0.0,0.0,0.0,0.0
2026-07-27,2026-08-16,Variant A,100+,NONPAYER,5,Daily Night Sky Prize,7,UL Bomb,minutes,8,2216,7937,0,0.0,0.0,0.0,0.0,0.0
2026-07-27,2026-08-16,Variant A,100+,NONPAYER,5,Daily Night Sky Prize,7,UL Chuck,minutes,9,2216,7937,0,0.0,0.0,0.0,0.0,0.0
2026-07-27,2026-08-16,Variant A,100+,NONPAYER,5,Daily Night Sky Prize,7,UL Red,minutes,10,2216,7937,0,0.0,0.0,0.0,0.0,0.0
2026-07-27,2026-08-16,Variant A,100+,NONPAYER,5,Daily Night Sky Prize,7,Unlimited Lives,minutes,11,2216,7937,2012,191750.0,86.5298,24.159,95.3032,90.79
2026-07-27,2026-08-16,Variant A,100+,NONPAYER,5,Daily Night Sky Prize,7,SPT,count,12,2216,7937,0,0.0,0.0,0.0,0.0,0.0
2026-07-27,2026-08-16,Variant A,100+,NONPAYER,5,Daily Night Sky Prize,7,SPTx2,minutes,13,2216,7937,0,0.0,0.0,0.0,0.0,0.0
2026-07-27,2026-08-16,Variant A,100+,NONPAYER,5,Flock Flurry,8,HC,HC,1,2216,7937,0,0.0,0.0,0.0,0.0,0.0
2026-07-27,2026-08-16,Variant A,100+,NONPAYER,5,Flock Flurry,8,Slingshot,count,2,2216,7937,702,1500.0,0.6769,0.189,2.1368,31.68
2026-07-27,2026-08-16,Variant A,100+,NONPAYER,5,Flock Flurry,8,Shuffle,count,3,2216,7937,0,0.0,0.0,0.0,0.0,0.0
2026-07-27,2026-08-16,Variant A,100+,NONPAYER,5,Flock Flurry,8,Comet,count,4,2216,7937,0,0.0,0.0,0.0,0.0,0.0
2026-07-27,2026-08-16,Variant A,100+,NONPAYER,5,Flock Flurry,8,Red,count,5,2216,7937,702,1500.0,0.6769,0.189,2.1368,31.68
2026-07-27,2026-08-16,Variant A,100+,NONPAYER,5,Flock Flurry,8,Chuck,count,6,2216,7937,702,1500.0,0.6769,0.189,2.1368,31.68
2026-07-27,2026-08-16,Variant A,100+,NONPAYER,5,Flock Flurry,8,Bomb,count,7,2216,7937,702,1500.0,0.6769,0.189,2.1368,31.68
2026-07-27,2026-08-16,Variant A,100+,NONPAYER,5,Flock Flurry,8,UL Bomb,minutes,8,2216,7937,0,0.0,0.0,0.0,0.0,0.0
2026-07-27,2026-08-16,Variant A,100+,NONPAYER,5,Flock Flurry,8,UL Chuck,minutes,9,2216,7937,0,0.0,0.0,0.0,0.0,0.0
2026-07-27,2026-08-16,Variant A,100+,NONPAYER,5,Flock Flurry,8,UL Red,minutes,10,2216,7937,0,0.0,0.0,0.0,0.0,0.0
2026-07-27,2026-08-16,Variant A,100+,NONPAYER,5,Flock Flurry,8,Unlimited Lives,minutes,11,2216,7937,1398,221360.0,99.8917,27.8896,158.3405,63.09
2026-07-27,2026-08-16,Variant A,100+,NONPAYER,5,Flock Flurry,8,SPT,count,12,2216,7937,682,28420.0,12.8249,3.5807,41.6716,30.78
2026-07-27,2026-08-16,Variant A,100+,NONPAYER,5,Flock Flurry,8,SPTx2,minutes,13,2216,7937,0,0.0,0.0,0.0,0.0,0.0
2026-07-27,2026-08-16,Variant A,100+,NONPAYER,5,Hatchling Hideaway,9,HC,HC,1,2216,7937,1388,84695.0,38.2198,10.6709,61.0195,62.64
2026-07-27,2026-08-16,Variant A,100+,NONPAYER,5,Hatchling Hideaway,9,Slingshot,count,2,2216,7937,1131,1535.0,0.6927,0.1934,1.3572,51.04
2026-07-27,2026-08-16,Variant A,100+,NONPAYER,5,Hatchling Hideaway,9,Shuffle,count,3,2216,7937,1153,1531.0,0.6909,0.1929,1.3278,52.03
2026-07-27,2026-08-16,Variant A,100+,NONPAYER,5,Hatchling Hideaway,9,Comet,count,4,2216,7937,1170,1546.0,0.6977,0.1948,1.3214,52.8
2026-07-27,2026-08-16,Variant A,100+,NONPAYER,5,Hatchling Hideaway,9,Red,count,5,2216,7937,1214,1605.0,0.7243,0.2022,1.3221,54.78
2026-07-27,2026-08-16,Variant A,100+,NONPAYER,5,Hatchling Hideaway,9,Chuck,count,6,2216,7937,1188,1572.0,0.7094,0.1981,1.3232,53.61
2026-07-27,2026-08-16,Variant A,100+,NONPAYER,5,Hatchling Hideaway,9,Bomb,count,7,2216,7937,1178,1565.0,0.7062,0.1972,1.3285,53.16
2026-07-27,2026-08-16,Variant A,100+,NONPAYER,5,Hatchling Hideaway,9,UL Bomb,minutes,8,2216,7937,0,0.0,0.0,0.0,0.0,0.0
2026-07-27,2026-08-16,Variant A,100+,NONPAYER,5,Hatchling Hideaway,9,UL Chuck,minutes,9,2216,7937,1125,14830.0,6.6922,1.8685,13.1822,50.77
2026-07-27,2026-08-16,Variant A,100+,NONPAYER,5,Hatchling Hideaway,9,UL Red,minutes,10,2216,7937,1150,15030.0,6.7825,1.8937,13.0696,51.9
2026-07-27,2026-08-16,Variant A,100+,NONPAYER,5,Hatchling Hideaway,9,Unlimited Lives,minutes,11,2216,7937,1293,143250.0,64.6435,18.0484,110.7889,58.35
2026-07-27,2026-08-16,Variant A,100+,NONPAYER,5,Hatchling Hideaway,9,SPT,count,12,2216,7937,0,0.0,0.0,0.0,0.0,0.0
2026-07-27,2026-08-16,Variant A,100+,NONPAYER,5,Hatchling Hideaway,9,SPTx2,minutes,13,2216,7937,0,0.0,0.0,0.0,0.0,0.0
2026-07-27,2026-08-16,Variant A,100+,NONPAYER,5,Jigsaw,10,HC,HC,1,2216,7937,594,42350.0,19.111,5.3358,71.2963,26.81
2026-07-27,2026-08-16,Variant A,100+,NONPAYER,5,Jigsaw,10,Slingshot,count,2,2216,7937,397,410.0,0.185,0.0517,1.0327,17.92
2026-07-27,2026-08-16,Variant A,100+,NONPAYER,5,Jigsaw,10,Shuffle,count,3,2216,7937,0,0.0,0.0,0.0,0.0,0.0
2026-07-27,2026-08-16,Variant A,100+,NONPAYER,5,Jigsaw,10,Comet,count,4,2216,7937,350,356.0,0.1606,0.0449,1.0171,15.79
2026-07-27,2026-08-16,Variant A,100+,NONPAYER,5,Jigsaw,10,Red,count,5,2216,7937,487,506.0,0.2283,0.0638,1.039,21.98
2026-07-27,2026-08-16,Variant A,100+,NONPAYER,5,Jigsaw,10,Chuck,count,6,2216,7937,507,529.0,0.2387,0.0666,1.0434,22.88
2026-07-27,2026-08-16,Variant A,100+,NONPAYER,5,Jigsaw,10,Bomb,count,7,2216,7937,350,356.0,0.1606,0.0449,1.0171,15.79
2026-07-27,2026-08-16,Variant A,100+,NONPAYER,5,Jigsaw,10,UL Bomb,minutes,8,2216,7937,555,10360.0,4.6751,1.3053,18.6667,25.05
2026-07-27,2026-08-16,Variant A,100+,NONPAYER,5,Jigsaw,10,UL Chuck,minutes,9,2216,7937,602,11735.0,5.2956,1.4785,19.4934,27.17
2026-07-27,2026-08-16,Variant A,100+,NONPAYER,5,Jigsaw,10,UL Red,minutes,10,2216,7937,575,12380.0,5.5866,1.5598,21.5304,25.95
2026-07-27,2026-08-16,Variant A,100+,NONPAYER,5,Jigsaw,10,Unlimited Lives,minutes,11,2216,7937,600,67620.0,30.5144,8.5196,112.7,27.08
2026-07-27,2026-08-16,Variant A,100+,NONPAYER,5,Jigsaw,10,SPT,count,12,2216,7937,0,0.0,0.0,0.0,0.0,0.0
2026-07-27,2026-08-16,Variant A,100+,NONPAYER,5,Jigsaw,10,SPTx2,minutes,13,2216,7937,0,0.0,0.0,0.0,0.0,0.0
2026-07-27,2026-08-16,Variant A,100+,NONPAYER,5,Kite Festival,11,HC,HC,1,2216,7937,429,114350.0,51.602,14.4072,266.5501,19.36
2026-07-27,2026-08-16,Variant A,100+,NONPAYER,5,Kite Festival,11,Slingshot,count,2,2216,7937,148,163.0,0.0736,0.0205,1.1014,6.68
2026-07-27,2026-08-16,Variant A,100+,NONPAYER,5,Kite Festival,11,Shuffle,count,3,2216,7937,227,264.0,0.1191,0.0333,1.163,10.24
2026-07-27,2026-08-16,Variant A,100+,NONPAYER,5,Kite Festival,11,Comet,count,4,2216,7937,191,246.0,0.111,0.031,1.288,8.62
2026-07-27,2026-08-16,Variant A,100+,NONPAYER,5,Kite Festival,11,Red,count,5,2216,7937,24,24.0,0.0108,0.003,1.0,1.08
2026-07-27,2026-08-16,Variant A,100+,NONPAYER,5,Kite Festival,11,Chuck,count,6,2216,7937,37,37.0,0.0167,0.0047,1.0,1.67
2026-07-27,2026-08-16,Variant A,100+,NONPAYER,5,Kite Festival,11,Bomb,count,7,2216,7937,58,63.0,0.0284,0.0079,1.0862,2.62
2026-07-27,2026-08-16,Variant A,100+,NONPAYER,5,Kite Festival,11,UL Bomb,minutes,8,2216,7937,0,0.0,0.0,0.0,0.0,0.0
2026-07-27,2026-08-16,Variant A,100+,NONPAYER,5,Kite Festival,11,UL Chuck,minutes,9,2216,7937,0,0.0,0.0,0.0,0.0,0.0
2026-07-27,2026-08-16,Variant A,100+,NONPAYER,5,Kite Festival,11,UL Red,minutes,10,2216,7937,0,0.0,0.0,0.0,0.0,0.0
2026-07-27,2026-08-16,Variant A,100+,NONPAYER,5,Kite Festival,11,Unlimited Lives,minutes,11,2216,7937,899,40450.0,18.2536,5.0964,44.9944,40.57
2026-07-27,2026-08-16,Variant A,100+,NONPAYER,5,Kite Festival,11,SPT,count,12,2216,7937,571,157630.0,71.1327,19.8601,276.0595,25.77
2026-07-27,2026-08-16,Variant A,100+,NONPAYER,5,Kite Festival,11,SPTx2,minutes,13,2216,7937,0,0.0,0.0,0.0,0.0,0.0
2026-07-27,2026-08-16,Variant A,100+,NONPAYER,5,Level Race,12,HC,HC,1,2216,7937,0,0.0,0.0,0.0,0.0,0.0
2026-07-27,2026-08-16,Variant A,100+,NONPAYER,5,Level Race,12,Slingshot,count,2,2216,7937,0,0.0,0.0,0.0,0.0,0.0
2026-07-27,2026-08-16,Variant A,100+,NONPAYER,5,Level Race,12,Shuffle,count,3,2216,7937,0,0.0,0.0,0.0,0.0,0.0
2026-07-27,2026-08-16,Variant A,100+,NONPAYER,5,Level Race,12,Comet,count,4,2216,7937,0,0.0,0.0,0.0,0.0,0.0
2026-07-27,2026-08-16,Variant A,100+,NONPAYER,5,Level Race,12,Red,count,5,2216,7937,0,0.0,0.0,0.0,0.0,0.0
2026-07-27,2026-08-16,Variant A,100+,NONPAYER,5,Level Race,12,Chuck,count,6,2216,7937,0,0.0,0.0,0.0,0.0,0.0
2026-07-27,2026-08-16,Variant A,100+,NONPAYER,5,Level Race,12,Bomb,count,7,2216,7937,0,0.0,0.0,0.0,0.0,0.0
2026-07-27,2026-08-16,Variant A,100+,NONPAYER,5,Level Race,12,UL Bomb,minutes,8,2216,7937,0,0.0,0.0,0.0,0.0,0.0
2026-07-27,2026-08-16,Variant A,100+,NONPAYER,5,Level Race,12,UL Chuck,minutes,9,2216,7937,0,0.0,0.0,0.0,0.0,0.0
2026-07-27,2026-08-16,Variant A,100+,NONPAYER,5,Level Race,12,UL Red,minutes,10,2216,7937,0,0.0,0.0,0.0,0.0,0.0
2026-07-27,2026-08-16,Variant A,100+,NONPAYER,5,Level Race,12,Unlimited Lives,minutes,11,2216,7937,0,0.0,0.0,0.0,0.0,0.0
2026-07-27,2026-08-16,Variant A,100+,NONPAYER,5,Level Race,12,SPT,count,12,2216,7937,0,0.0,0.0,0.0,0.0,0.0
2026-07-27,2026-08-16,Variant A,100+,NONPAYER,5,Level Race,12,SPTx2,minutes,13,2216,7937,0,0.0,0.0,0.0,0.0,0.0
2026-07-27,2026-08-16,Variant A,100+,NONPAYER,5,Other,13,HC,HC,1,2216,7937,1002,141077.0,63.6629,17.7746,140.7954,45.22
2026-07-27,2026-08-16,Variant A,100+,NONPAYER,5,Other,13,Slingshot,count,2,2216,7937,459,773.0,0.3488,0.0974,1.6841,20.71
2026-07-27,2026-08-16,Variant A,100+,NONPAYER,5,Other,13,Shuffle,count,3,2216,7937,613,1140.0,0.5144,0.1436,1.8597,27.66
2026-07-27,2026-08-16,Variant A,100+,NONPAYER,5,Other,13,Comet,count,4,2216,7937,537,896.0,0.4043,0.1129,1.6685,24.23
2026-07-27,2026-08-16,Variant A,100+,NONPAYER,5,Other,13,Red,count,5,2216,7937,1267,2215.0,0.9995,0.2791,1.7482,57.18
2026-07-27,2026-08-16,Variant A,100+,NONPAYER,5,Other,13,Chuck,count,6,2216,7937,1255,2168.0,0.9783,0.2732,1.7275,56.63
2026-07-27,2026-08-16,Variant A,100+,NONPAYER,5,Other,13,Bomb,count,7,2216,7937,1252,2168.0,0.9783,0.2732,1.7316,56.5
2026-07-27,2026-08-16,Variant A,100+,NONPAYER,5,Other,13,UL Bomb,minutes,8,2216,7937,2,90.0,0.0406,0.0113,45.0,0.09
2026-07-27,2026-08-16,Variant A,100+,NONPAYER,5,Other,13,UL Chuck,minutes,9,2216,7937,2,90.0,0.0406,0.0113,45.0,0.09
2026-07-27,2026-08-16,Variant A,100+,NONPAYER,5,Other,13,UL Red,minutes,10,2216,7937,2,90.0,0.0406,0.0113,45.0,0.09
2026-07-27,2026-08-16,Variant A,100+,NONPAYER,5,Other,13,Unlimited Lives,minutes,11,2216,7937,491,22390.0,10.1038,2.821,45.6008,22.16
2026-07-27,2026-08-16,Variant A,100+,NONPAYER,5,Other,13,SPT,count,12,2216,7937,1097,57640.0,26.0108,7.2622,52.5433,49.5
2026-07-27,2026-08-16,Variant A,100+,NONPAYER,5,Other,13,SPTx2,minutes,13,2216,7937,0,0.0,0.0,0.0,0.0,0.0
2026-07-27,2026-08-16,Variant A,100+,NONPAYER,5,Photoshoot,14,HC,HC,1,2216,7937,346,22150.0,9.9955,2.7907,64.0173,15.61
2026-07-27,2026-08-16,Variant A,100+,NONPAYER,5,Photoshoot,14,Slingshot,count,2,2216,7937,0,0.0,0.0,0.0,0.0,0.0
2026-07-27,2026-08-16,Variant A,100+,NONPAYER,5,Photoshoot,14,Shuffle,count,3,2216,7937,192,197.0,0.0889,0.0248,1.026,8.66
2026-07-27,2026-08-16,Variant A,100+,NONPAYER,5,Photoshoot,14,Comet,count,4,2216,7937,0,0.0,0.0,0.0,0.0,0.0
2026-07-27,2026-08-16,Variant A,100+,NONPAYER,5,Photoshoot,14,Red,count,5,2216,7937,264,272.0,0.1227,0.0343,1.0303,11.91
2026-07-27,2026-08-16,Variant A,100+,NONPAYER,5,Photoshoot,14,Chuck,count,6,2216,7937,331,339.0,0.153,0.0427,1.0242,14.94
2026-07-27,2026-08-16,Variant A,100+,NONPAYER,5,Photoshoot,14,Bomb,count,7,2216,7937,159,164.0,0.074,0.0207,1.0314,7.18
2026-07-27,2026-08-16,Variant A,100+,NONPAYER,5,Photoshoot,14,UL Bomb,minutes,8,2216,7937,205,3210.0,1.4486,0.4044,15.6585,9.25
2026-07-27,2026-08-16,Variant A,100+,NONPAYER,5,Photoshoot,14,UL Chuck,minutes,9,2216,7937,250,3855.0,1.7396,0.4857,15.42,11.28
2026-07-27,2026-08-16,Variant A,100+,NONPAYER,5,Photoshoot,14,UL Red,minutes,10,2216,7937,281,4320.0,1.9495,0.5443,15.3737,12.68
2026-07-27,2026-08-16,Variant A,100+,NONPAYER,5,Photoshoot,14,Unlimited Lives,minutes,11,2216,7937,369,58770.0,26.5208,7.4046,159.2683,16.65
2026-07-27,2026-08-16,Variant A,100+,NONPAYER,5,Photoshoot,14,SPT,count,12,2216,7937,0,0.0,0.0,0.0,0.0,0.0
2026-07-27,2026-08-16,Variant A,100+,NONPAYER,5,Photoshoot,14,SPTx2,minutes,13,2216,7937,0,0.0,0.0,0.0,0.0,0.0
2026-07-27,2026-08-16,Variant A,100+,NONPAYER,5,Red Challenge,15,HC,HC,1,2216,7937,533,122500.0,55.2798,15.434,229.8311,24.05
2026-07-27,2026-08-16,Variant A,100+,NONPAYER,5,Red Challenge,15,Slingshot,count,2,2216,7937,25,28.0,0.0126,0.0035,1.12,1.13
2026-07-27,2026-08-16,Variant A,100+,NONPAYER,5,Red Challenge,15,Shuffle,count,3,2216,7937,244,290.0,0.1309,0.0365,1.1885,11.01
2026-07-27,2026-08-16,Variant A,100+,NONPAYER,5,Red Challenge,15,Comet,count,4,2216,7937,400,511.0,0.2306,0.0644,1.2775,18.05
2026-07-27,2026-08-16,Variant A,100+,NONPAYER,5,Red Challenge,15,Red,count,5,2216,7937,0,0.0,0.0,0.0,0.0,0.0
2026-07-27,2026-08-16,Variant A,100+,NONPAYER,5,Red Challenge,15,Chuck,count,6,2216,7937,0,0.0,0.0,0.0,0.0,0.0
2026-07-27,2026-08-16,Variant A,100+,NONPAYER,5,Red Challenge,15,Bomb,count,7,2216,7937,0,0.0,0.0,0.0,0.0,0.0
2026-07-27,2026-08-16,Variant A,100+,NONPAYER,5,Red Challenge,15,UL Bomb,minutes,8,2216,7937,0,0.0,0.0,0.0,0.0,0.0
2026-07-27,2026-08-16,Variant A,100+,NONPAYER,5,Red Challenge,15,UL Chuck,minutes,9,2216,7937,0,0.0,0.0,0.0,0.0,0.0
2026-07-27,2026-08-16,Variant A,100+,NONPAYER,5,Red Challenge,15,UL Red,minutes,10,2216,7937,0,0.0,0.0,0.0,0.0,0.0
2026-07-27,2026-08-16,Variant A,100+,NONPAYER,5,Red Challenge,15,Unlimited Lives,minutes,11,2216,7937,0,0.0,0.0,0.0,0.0,0.0
2026-07-27,2026-08-16,Variant A,100+,NONPAYER,5,Red Challenge,15,SPT,count,12,2216,7937,0,0.0,0.0,0.0,0.0,0.0
2026-07-27,2026-08-16,Variant A,100+,NONPAYER,5,Red Challenge,15,SPTx2,minutes,13,2216,7937,0,0.0,0.0,0.0,0.0,0.0
2026-07-27,2026-08-16,Variant A,100+,NONPAYER,5,River Rush,16,HC,HC,1,2216,7937,3,230.0,0.1038,0.029,76.6667,0.14
2026-07-27,2026-08-16,Variant A,100+,NONPAYER,5,River Rush,16,Slingshot,count,2,2216,7937,1,1.0,0.0005,0.0001,1.0,0.05
2026-07-27,2026-08-16,Variant A,100+,NONPAYER,5,River Rush,16,Shuffle,count,3,2216,7937,1,1.0,0.0005,0.0001,1.0,0.05
2026-07-27,2026-08-16,Variant A,100+,NONPAYER,5,River Rush,16,Comet,count,4,2216,7937,0,0.0,0.0,0.0,0.0,0.0
2026-07-27,2026-08-16,Variant A,100+,NONPAYER,5,River Rush,16,Red,count,5,2216,7937,0,0.0,0.0,0.0,0.0,0.0
2026-07-27,2026-08-16,Variant A,100+,NONPAYER,5,River Rush,16,Chuck,count,6,2216,7937,0,0.0,0.0,0.0,0.0,0.0
2026-07-27,2026-08-16,Variant A,100+,NONPAYER,5,River Rush,16,Bomb,count,7,2216,7937,0,0.0,0.0,0.0,0.0,0.0
2026-07-27,2026-08-16,Variant A,100+,NONPAYER,5,River Rush,16,UL Bomb,minutes,8,2216,7937,0,0.0,0.0,0.0,0.0,0.0
2026-07-27,2026-08-16,Variant A,100+,NONPAYER,5,River Rush,16,UL Chuck,minutes,9,2216,7937,0,0.0,0.0,0.0,0.0,0.0
2026-07-27,2026-08-16,Variant A,100+,NONPAYER,5,River Rush,16,UL Red,minutes,10,2216,7937,1,30.0,0.0135,0.0038,30.0,0.05
2026-07-27,2026-08-16,Variant A,100+,NONPAYER,5,River Rush,16,Unlimited Lives,minutes,11,2216,7937,0,0.0,0.0,0.0,0.0,0.0
2026-07-27,2026-08-16,Variant A,100+,NONPAYER,5,River Rush,16,SPT,count,12,2216,7937,0,0.0,0.0,0.0,0.0,0.0
2026-07-27,2026-08-16,Variant A,100+,NONPAYER,5,River Rush,16,SPTx2,minutes,13,2216,7937,0,0.0,0.0,0.0,0.0,0.0
2026-07-27,2026-08-16,Variant A,100+,NONPAYER,5,Saga,17,HC,HC,1,2216,7937,2209,604830.0,272.9377,76.2039,273.8026,99.68
2026-07-27,2026-08-16,Variant A,100+,NONPAYER,5,Saga,17,Slingshot,count,2,2216,7937,2057,9786.0,4.4161,1.233,4.7574,92.82
2026-07-27,2026-08-16,Variant A,100+,NONPAYER,5,Saga,17,Shuffle,count,3,2216,7937,2075,9728.0,4.3899,1.2257,4.6882,93.64
2026-07-27,2026-08-16,Variant A,100+,NONPAYER,5,Saga,17,Comet,count,4,2216,7937,11,14.0,0.0063,0.0018,1.2727,0.5
2026-07-27,2026-08-16,Variant A,100+,NONPAYER,5,Saga,17,Red,count,5,2216,7937,2119,9995.0,4.5104,1.2593,4.7168,95.62
2026-07-27,2026-08-16,Variant A,100+,NONPAYER,5,Saga,17,Chuck,count,6,2216,7937,2054,9718.0,4.3854,1.2244,4.7313,92.69
2026-07-27,2026-08-16,Variant A,100+,NONPAYER,5,Saga,17,Bomb,count,7,2216,7937,2128,9865.0,4.4517,1.2429,4.6358,96.03
2026-07-27,2026-08-16,Variant A,100+,NONPAYER,5,Saga,17,UL Bomb,minutes,8,2216,7937,0,0.0,0.0,0.0,0.0,0.0
2026-07-27,2026-08-16,Variant A,100+,NONPAYER,5,Saga,17,UL Chuck,minutes,9,2216,7937,0,0.0,0.0,0.0,0.0,0.0
2026-07-27,2026-08-16,Variant A,100+,NONPAYER,5,Saga,17,UL Red,minutes,10,2216,7937,0,0.0,0.0,0.0,0.0,0.0
2026-07-27,2026-08-16,Variant A,100+,NONPAYER,5,Saga,17,Unlimited Lives,minutes,11,2216,7937,2209,2621725.0,1183.0889,330.3169,1186.8379,99.68
2026-07-27,2026-08-16,Variant A,100+,NONPAYER,5,Saga,17,SPT,count,12,2216,7937,0,0.0,0.0,0.0,0.0,0.0
2026-07-27,2026-08-16,Variant A,100+,NONPAYER,5,Saga,17,SPTx2,minutes,13,2216,7937,0,0.0,0.0,0.0,0.0,0.0
2026-07-27,2026-08-16,Variant A,100+,NONPAYER,5,Season Pass (Free),18,HC,HC,1,2216,7937,1225,87305.0,39.3976,10.9997,71.2694,55.28
2026-07-27,2026-08-16,Variant A,100+,NONPAYER,5,Season Pass (Free),18,Slingshot,count,2,2216,7937,520,566.0,0.2554,0.0713,1.0885,23.47
2026-07-27,2026-08-16,Variant A,100+,NONPAYER,5,Season Pass (Free),18,Shuffle,count,3,2216,7937,933,1313.0,0.5925,0.1654,1.4073,42.1
2026-07-27,2026-08-16,Variant A,100+,NONPAYER,5,Season Pass (Free),18,Comet,count,4,2216,7937,0,0.0,0.0,0.0,0.0,0.0
2026-07-27,2026-08-16,Variant A,100+,NONPAYER,5,Season Pass (Free),18,Red,count,5,2216,7937,1040,3339.0,1.5068,0.4207,3.2106,46.93
2026-07-27,2026-08-16,Variant A,100+,NONPAYER,5,Season Pass (Free),18,Chuck,count,6,2216,7937,1142,3969.0,1.7911,0.5001,3.4755,51.53
2026-07-27,2026-08-16,Variant A,100+,NONPAYER,5,Season Pass (Free),18,Bomb,count,7,2216,7937,991,1499.0,0.6764,0.1889,1.5126,44.72
2026-07-27,2026-08-16,Variant A,100+,NONPAYER,5,Season Pass (Free),18,UL Bomb,minutes,8,2216,7937,7,120.0,0.0542,0.0151,17.1429,0.32
2026-07-27,2026-08-16,Variant A,100+,NONPAYER,5,Season Pass (Free),18,UL Chuck,minutes,9,2216,7937,561,8955.0,4.0411,1.1283,15.9626,25.32
2026-07-27,2026-08-16,Variant A,100+,NONPAYER,5,Season Pass (Free),18,UL Red,minutes,10,2216,7937,1018,23400.0,10.5596,2.9482,22.9862,45.94
2026-07-27,2026-08-16,Variant A,100+,NONPAYER,5,Season Pass (Free),18,Unlimited Lives,minutes,11,2216,7937,1060,98195.0,44.3118,12.3718,92.6368,47.83
2026-07-27,2026-08-16,Variant A,100+,NONPAYER,5,Season Pass (Free),18,SPT,count,12,2216,7937,12,148.0,0.0668,0.0186,12.3333,0.54
2026-07-27,2026-08-16,Variant A,100+,NONPAYER,5,Season Pass (Free),18,SPTx2,minutes,13,2216,7937,0,0.0,0.0,0.0,0.0,0.0
2026-07-27,2026-08-16,Variant A,100+,NONPAYER,5,Target Day,19,HC,HC,1,2216,7937,1058,181825.0,82.051,22.9085,171.8573,47.74
2026-07-27,2026-08-16,Variant A,100+,NONPAYER,5,Target Day,19,Slingshot,count,2,2216,7937,264,296.0,0.1336,0.0373,1.1212,11.91
2026-07-27,2026-08-16,Variant A,100+,NONPAYER,5,Target Day,19,Shuffle,count,3,2216,7937,432,573.0,0.2586,0.0722,1.3264,19.49
2026-07-27,2026-08-16,Variant A,100+,NONPAYER,5,Target Day,19,Comet,count,4,2216,7937,788,1446.0,0.6525,0.1822,1.835,35.56
2026-07-27,2026-08-16,Variant A,100+,NONPAYER,5,Target Day,19,Red,count,5,2216,7937,81,82.0,0.037,0.0103,1.0123,3.66
2026-07-27,2026-08-16,Variant A,100+,NONPAYER,5,Target Day,19,Chuck,count,6,2216,7937,100,107.0,0.0483,0.0135,1.07,4.51
2026-07-27,2026-08-16,Variant A,100+,NONPAYER,5,Target Day,19,Bomb,count,7,2216,7937,261,321.0,0.1449,0.0404,1.2299,11.78
2026-07-27,2026-08-16,Variant A,100+,NONPAYER,5,Target Day,19,UL Bomb,minutes,8,2216,7937,0,0.0,0.0,0.0,0.0,0.0
2026-07-27,2026-08-16,Variant A,100+,NONPAYER,5,Target Day,19,UL Chuck,minutes,9,2216,7937,0,0.0,0.0,0.0,0.0,0.0
2026-07-27,2026-08-16,Variant A,100+,NONPAYER,5,Target Day,19,UL Red,minutes,10,2216,7937,0,0.0,0.0,0.0,0.0,0.0
2026-07-27,2026-08-16,Variant A,100+,NONPAYER,5,Target Day,19,Unlimited Lives,minutes,11,2216,7937,878,48750.0,21.9991,6.1421,55.5239,39.62
2026-07-27,2026-08-16,Variant A,100+,NONPAYER,5,Target Day,19,SPT,count,12,2216,7937,0,0.0,0.0,0.0,0.0,0.0
2026-07-27,2026-08-16,Variant A,100+,NONPAYER,5,Target Day,19,SPTx2,minutes,13,2216,7937,0,0.0,0.0,0.0,0.0,0.0
2026-07-27,2026-08-16,Variant A,100+,NONPAYER,5,Team Event,20,HC,HC,1,2216,7937,544,101925.0,45.995,12.8418,187.3621,24.55
2026-07-27,2026-08-16,Variant A,100+,NONPAYER,5,Team Event,20,Slingshot,count,2,2216,7937,385,893.0,0.403,0.1125,2.3195,17.37
2026-07-27,2026-08-16,Variant A,100+,NONPAYER,5,Team Event,20,Shuffle,count,3,2216,7937,200,494.0,0.2229,0.0622,2.47,9.03
2026-07-27,2026-08-16,Variant A,100+,NONPAYER,5,Team Event,20,Comet,count,4,2216,7937,297,395.0,0.1782,0.0498,1.33,13.4
2026-07-27,2026-08-16,Variant A,100+,NONPAYER,5,Team Event,20,Red,count,5,2216,7937,0,0.0,0.0,0.0,0.0,0.0
2026-07-27,2026-08-16,Variant A,100+,NONPAYER,5,Team Event,20,Chuck,count,6,2216,7937,0,0.0,0.0,0.0,0.0,0.0
2026-07-27,2026-08-16,Variant A,100+,NONPAYER,5,Team Event,20,Bomb,count,7,2216,7937,0,0.0,0.0,0.0,0.0,0.0
2026-07-27,2026-08-16,Variant A,100+,NONPAYER,5,Team Event,20,UL Bomb,minutes,8,2216,7937,0,0.0,0.0,0.0,0.0,0.0
2026-07-27,2026-08-16,Variant A,100+,NONPAYER,5,Team Event,20,UL Chuck,minutes,9,2216,7937,0,0.0,0.0,0.0,0.0,0.0
2026-07-27,2026-08-16,Variant A,100+,NONPAYER,5,Team Event,20,UL Red,minutes,10,2216,7937,0,0.0,0.0,0.0,0.0,0.0
2026-07-27,2026-08-16,Variant A,100+,NONPAYER,5,Team Event,20,Unlimited Lives,minutes,11,2216,7937,0,0.0,0.0,0.0,0.0,0.0
2026-07-27,2026-08-16,Variant A,100+,NONPAYER,5,Team Event,20,SPT,count,12,2216,7937,0,0.0,0.0,0.0,0.0,0.0
2026-07-27,2026-08-16,Variant A,100+,NONPAYER,5,Team Event,20,SPTx2,minutes,13,2216,7937,0,0.0,0.0,0.0,0.0,0.0
2026-07-27,2026-08-16,Variant A,100+,NONPAYER,5,Team Race,21,HC,HC,1,2216,7937,526,88420.0,39.9007,11.1402,168.0989,23.74
2026-07-27,2026-08-16,Variant A,100+,NONPAYER,5,Team Race,21,Slingshot,count,2,2216,7937,206,225.0,0.1015,0.0283,1.0922,9.3
2026-07-27,2026-08-16,Variant A,100+,NONPAYER,5,Team Race,21,Shuffle,count,3,2216,7937,452,653.0,0.2947,0.0823,1.4447,20.4
2026-07-27,2026-08-16,Variant A,100+,NONPAYER,5,Team Race,21,Comet,count,4,2216,7937,532,1138.0,0.5135,0.1434,2.1391,24.01
2026-07-27,2026-08-16,Variant A,100+,NONPAYER,5,Team Race,21,Red,count,5,2216,7937,38,38.0,0.0171,0.0048,1.0,1.71
2026-07-27,2026-08-16,Variant A,100+,NONPAYER,5,Team Race,21,Chuck,count,6,2216,7937,83,91.0,0.0411,0.0115,1.0964,3.75
2026-07-27,2026-08-16,Variant A,100+,NONPAYER,5,Team Race,21,Bomb,count,7,2216,7937,364,483.0,0.218,0.0609,1.3269,16.43
2026-07-27,2026-08-16,Variant A,100+,NONPAYER,5,Team Race,21,UL Bomb,minutes,8,2216,7937,0,0.0,0.0,0.0,0.0,0.0
2026-07-27,2026-08-16,Variant A,100+,NONPAYER,5,Team Race,21,UL Chuck,minutes,9,2216,7937,0,0.0,0.0,0.0,0.0,0.0
2026-07-27,2026-08-16,Variant A,100+,NONPAYER,5,Team Race,21,UL Red,minutes,10,2216,7937,0,0.0,0.0,0.0,0.0,0.0
2026-07-27,2026-08-16,Variant A,100+,NONPAYER,5,Team Race,21,Unlimited Lives,minutes,11,2216,7937,0,0.0,0.0,0.0,0.0,0.0
2026-07-27,2026-08-16,Variant A,100+,NONPAYER,5,Team Race,21,SPT,count,12,2216,7937,0,0.0,0.0,0.0,0.0,0.0
2026-07-27,2026-08-16,Variant A,100+,NONPAYER,5,Team Race,21,SPTx2,minutes,13,2216,7937,0,0.0,0.0,0.0,0.0,0.0
2026-07-27,2026-08-16,Variant A,100+,NONPAYER,5,Flash Race,22,HC,HC,1,2216,7937,1118,72670.0,32.7933,9.1559,65.0,50.45
2026-07-27,2026-08-16,Variant A,100+,NONPAYER,5,Flash Race,22,Slingshot,count,2,2216,7937,299,370.0,0.167,0.0466,1.2375,13.49
2026-07-27,2026-08-16,Variant A,100+,NONPAYER,5,Flash Race,22,Shuffle,count,3,2216,7937,508,701.0,0.3163,0.0883,1.3799,22.92
2026-07-27,2026-08-16,Variant A,100+,NONPAYER,5,Flash Race,22,Comet,count,4,2216,7937,649,981.0,0.4427,0.1236,1.5116,29.29
2026-07-27,2026-08-16,Variant A,100+,NONPAYER,5,Flash Race,22,Red,count,5,2216,7937,69,77.0,0.0347,0.0097,1.1159,3.11
2026-07-27,2026-08-16,Variant A,100+,NONPAYER,5,Flash Race,22,Chuck,count,6,2216,7937,185,202.0,0.0912,0.0255,1.0919,8.35
2026-07-27,2026-08-16,Variant A,100+,NONPAYER,5,Flash Race,22,Bomb,count,7,2216,7937,448,567.0,0.2559,0.0714,1.2656,20.22
2026-07-27,2026-08-16,Variant A,100+,NONPAYER,5,Flash Race,22,UL Bomb,minutes,8,2216,7937,0,0.0,0.0,0.0,0.0,0.0
2026-07-27,2026-08-16,Variant A,100+,NONPAYER,5,Flash Race,22,UL Chuck,minutes,9,2216,7937,0,0.0,0.0,0.0,0.0,0.0
2026-07-27,2026-08-16,Variant A,100+,NONPAYER,5,Flash Race,22,UL Red,minutes,10,2216,7937,0,0.0,0.0,0.0,0.0,0.0
2026-07-27,2026-08-16,Variant A,100+,NONPAYER,5,Flash Race,22,Unlimited Lives,minutes,11,2216,7937,30,1575.0,0.7107,0.1984,52.5,1.35
2026-07-27,2026-08-16,Variant A,100+,NONPAYER,5,Flash Race,22,SPT,count,12,2216,7937,1203,141545.0,63.8741,17.8336,117.66,54.29
2026-07-27,2026-08-16,Variant A,100+,NONPAYER,5,Flash Race,22,SPTx2,minutes,13,2216,7937,0,0.0,0.0,0.0,0.0,0.0
2026-07-27,2026-08-16,Variant A,100+,NONPAYER,5,FlowerCoop,23,HC,HC,1,2216,7937,0,0.0,0.0,0.0,0.0,0.0
2026-07-27,2026-08-16,Variant A,100+,NONPAYER,5,FlowerCoop,23,Slingshot,count,2,2216,7937,0,0.0,0.0,0.0,0.0,0.0
2026-07-27,2026-08-16,Variant A,100+,NONPAYER,5,FlowerCoop,23,Shuffle,count,3,2216,7937,0,0.0,0.0,0.0,0.0,0.0
2026-07-27,2026-08-16,Variant A,100+,NONPAYER,5,FlowerCoop,23,Comet,count,4,2216,7937,0,0.0,0.0,0.0,0.0,0.0
2026-07-27,2026-08-16,Variant A,100+,NONPAYER,5,FlowerCoop,23,Red,count,5,2216,7937,0,0.0,0.0,0.0,0.0,0.0
2026-07-27,2026-08-16,Variant A,100+,NONPAYER,5,FlowerCoop,23,Chuck,count,6,2216,7937,0,0.0,0.0,0.0,0.0,0.0
2026-07-27,2026-08-16,Variant A,100+,NONPAYER,5,FlowerCoop,23,Bomb,count,7,2216,7937,0,0.0,0.0,0.0,0.0,0.0
2026-07-27,2026-08-16,Variant A,100+,NONPAYER,5,FlowerCoop,23,UL Bomb,minutes,8,2216,7937,0,0.0,0.0,0.0,0.0,0.0
2026-07-27,2026-08-16,Variant A,100+,NONPAYER,5,FlowerCoop,23,UL Chuck,minutes,9,2216,7937,0,0.0,0.0,0.0,0.0,0.0
2026-07-27,2026-08-16,Variant A,100+,NONPAYER,5,FlowerCoop,23,UL Red,minutes,10,2216,7937,0,0.0,0.0,0.0,0.0,0.0
2026-07-27,2026-08-16,Variant A,100+,NONPAYER,5,FlowerCoop,23,Unlimited Lives,minutes,11,2216,7937,0,0.0,0.0,0.0,0.0,0.0
2026-07-27,2026-08-16,Variant A,100+,NONPAYER,5,FlowerCoop,23,SPT,count,12,2216,7937,0,0.0,0.0,0.0,0.0,0.0
2026-07-27,2026-08-16,Variant A,100+,NONPAYER,5,FlowerCoop,23,SPTx2,minutes,13,2216,7937,0,0.0,0.0,0.0,0.0,0.0
2026-07-27,2026-08-16,Variant A,100+,NONPAYER,5,Rainbow Maker,24,HC,HC,1,2216,7937,1610,2815470.0,1270.519,354.7272,1748.7391,72.65
2026-07-27,2026-08-16,Variant A,100+,NONPAYER,5,Rainbow Maker,24,Slingshot,count,2,2216,7937,1405,25266.0,11.4016,3.1833,17.9829,63.4
2026-07-27,2026-08-16,Variant A,100+,NONPAYER,5,Rainbow Maker,24,Shuffle,count,3,2216,7937,1553,24187.0,10.9147,3.0474,15.5744,70.08
2026-07-27,2026-08-16,Variant A,100+,NONPAYER,5,Rainbow Maker,24,Comet,count,4,2216,7937,1258,22399.0,10.1079,2.8221,17.8052,56.77
2026-07-27,2026-08-16,Variant A,100+,NONPAYER,5,Rainbow Maker,24,Red,count,5,2216,7937,1470,4647.0,2.097,0.5855,3.1612,66.34
2026-07-27,2026-08-16,Variant A,100+,NONPAYER,5,Rainbow Maker,24,Chuck,count,6,2216,7937,1299,3986.0,1.7987,0.5022,3.0685,58.62
2026-07-27,2026-08-16,Variant A,100+,NONPAYER,5,Rainbow Maker,24,Bomb,count,7,2216,7937,1285,4741.0,2.1394,0.5973,3.6895,57.99
2026-07-27,2026-08-16,Variant A,100+,NONPAYER,5,Rainbow Maker,24,UL Bomb,minutes,8,2216,7937,0,0.0,0.0,0.0,0.0,0.0
2026-07-27,2026-08-16,Variant A,100+,NONPAYER,5,Rainbow Maker,24,UL Chuck,minutes,9,2216,7937,764,13230.0,5.9702,1.6669,17.3168,34.48
2026-07-27,2026-08-16,Variant A,100+,NONPAYER,5,Rainbow Maker,24,UL Red,minutes,10,2216,7937,1168,19760.0,8.917,2.4896,16.9178,52.71
2026-07-27,2026-08-16,Variant A,100+,NONPAYER,5,Rainbow Maker,24,Unlimited Lives,minutes,11,2216,7937,1442,250360.0,112.9783,31.5434,173.62,65.07
2026-07-27,2026-08-16,Variant A,100+,NONPAYER,5,Rainbow Maker,24,SPT,count,12,2216,7937,1583,1401860.0,632.6083,176.6234,885.5717,71.44
2026-07-27,2026-08-16,Variant A,100+,NONPAYER,5,Rainbow Maker,24,SPTx2,minutes,13,2216,7937,1107,36920.0,16.6606,4.6516,33.3514,49.95
2026-07-27,2026-08-16,Variant A,100+,NONPAYER,5,IAPs,25,HC,HC,1,2216,7937,0,0.0,0.0,0.0,0.0,0.0
2026-07-27,2026-08-16,Variant A,100+,NONPAYER,5,IAPs,25,Slingshot,count,2,2216,7937,0,0.0,0.0,0.0,0.0,0.0
2026-07-27,2026-08-16,Variant A,100+,NONPAYER,5,IAPs,25,Shuffle,count,3,2216,7937,0,0.0,0.0,0.0,0.0,0.0
2026-07-27,2026-08-16,Variant A,100+,NONPAYER,5,IAPs,25,Comet,count,4,2216,7937,0,0.0,0.0,0.0,0.0,0.0
2026-07-27,2026-08-16,Variant A,100+,NONPAYER,5,IAPs,25,Red,count,5,2216,7937,0,0.0,0.0,0.0,0.0,0.0
2026-07-27,2026-08-16,Variant A,100+,NONPAYER,5,IAPs,25,Chuck,count,6,2216,7937,0,0.0,0.0,0.0,0.0,0.0
2026-07-27,2026-08-16,Variant A,100+,NONPAYER,5,IAPs,25,Bomb,count,7,2216,7937,0,0.0,0.0,0.0,0.0,0.0
2026-07-27,2026-08-16,Variant A,100+,NONPAYER,5,IAPs,25,UL Bomb,minutes,8,2216,7937,0,0.0,0.0,0.0,0.0,0.0
2026-07-27,2026-08-16,Variant A,100+,NONPAYER,5,IAPs,25,UL Chuck,minutes,9,2216,7937,0,0.0,0.0,0.0,0.0,0.0
2026-07-27,2026-08-16,Variant A,100+,NONPAYER,5,IAPs,25,UL Red,minutes,10,2216,7937,0,0.0,0.0,0.0,0.0,0.0
2026-07-27,2026-08-16,Variant A,100+,NONPAYER,5,IAPs,25,Unlimited Lives,minutes,11,2216,7937,0,0.0,0.0,0.0,0.0,0.0
2026-07-27,2026-08-16,Variant A,100+,NONPAYER,5,IAPs,25,SPT,count,12,2216,7937,0,0.0,0.0,0.0,0.0,0.0
2026-07-27,2026-08-16,Variant A,100+,NONPAYER,5,IAPs,25,SPTx2,minutes,13,2216,7937,0,0.0,0.0,0.0,0.0,0.0
2026-07-27,2026-08-16,Variant A,100+,PAYER,5,Ads,1,HC,HC,1,576,1998,250,14345.0,24.9045,7.1797,57.38,43.4
2026-07-27,2026-08-16,Variant A,100+,PAYER,5,Ads,1,Slingshot,count,2,576,1998,144,324.0,0.5625,0.1622,2.25,25.0
2026-07-27,2026-08-16,Variant A,100+,PAYER,5,Ads,1,Shuffle,count,3,576,1998,151,306.0,0.5313,0.1532,2.0265,26.22
2026-07-27,2026-08-16,Variant A,100+,PAYER,5,Ads,1,Comet,count,4,576,1998,95,165.0,0.2865,0.0826,1.7368,16.49
2026-07-27,2026-08-16,Variant A,100+,PAYER,5,Ads,1,Red,count,5,576,1998,0,0.0,0.0,0.0,0.0,0.0
2026-07-27,2026-08-16,Variant A,100+,PAYER,5,Ads,1,Chuck,count,6,576,1998,4,4.0,0.0069,0.002,1.0,0.69
2026-07-27,2026-08-16,Variant A,100+,PAYER,5,Ads,1,Bomb,count,7,576,1998,1,1.0,0.0017,0.0005,1.0,0.17
2026-07-27,2026-08-16,Variant A,100+,PAYER,5,Ads,1,UL Bomb,minutes,8,576,1998,0,0.0,0.0,0.0,0.0,0.0
2026-07-27,2026-08-16,Variant A,100+,PAYER,5,Ads,1,UL Chuck,minutes,9,576,1998,0,0.0,0.0,0.0,0.0,0.0
2026-07-27,2026-08-16,Variant A,100+,PAYER,5,Ads,1,UL Red,minutes,10,576,1998,0,0.0,0.0,0.0,0.0,0.0
2026-07-27,2026-08-16,Variant A,100+,PAYER,5,Ads,1,Unlimited Lives,minutes,11,576,1998,183,5470.0,9.4965,2.7377,29.8907,31.77
2026-07-27,2026-08-16,Variant A,100+,PAYER,5,Ads,1,SPT,count,12,576,1998,0,0.0,0.0,0.0,0.0,0.0
2026-07-27,2026-08-16,Variant A,100+,PAYER,5,Ads,1,SPTx2,minutes,13,576,1998,0,0.0,0.0,0.0,0.0,0.0
2026-07-27,2026-08-16,Variant A,100+,PAYER,5,Bomb Challenge,2,HC,HC,1,576,1998,114,21400.0,37.1528,10.7107,187.7193,19.79
2026-07-27,2026-08-16,Variant A,100+,PAYER,5,Bomb Challenge,2,Slingshot,count,2,576,1998,14,15.0,0.026,0.0075,1.0714,2.43
2026-07-27,2026-08-16,Variant A,100+,PAYER,5,Bomb Challenge,2,Shuffle,count,3,576,1998,58,64.0,0.1111,0.032,1.1034,10.07
2026-07-27,2026-08-16,Variant A,100+,PAYER,5,Bomb Challenge,2,Comet,count,4,576,1998,74,86.0,0.1493,0.043,1.1622,12.85
2026-07-27,2026-08-16,Variant A,100+,PAYER,5,Bomb Challenge,2,Red,count,5,576,1998,0,0.0,0.0,0.0,0.0,0.0
2026-07-27,2026-08-16,Variant A,100+,PAYER,5,Bomb Challenge,2,Chuck,count,6,576,1998,0,0.0,0.0,0.0,0.0,0.0
2026-07-27,2026-08-16,Variant A,100+,PAYER,5,Bomb Challenge,2,Bomb,count,7,576,1998,0,0.0,0.0,0.0,0.0,0.0
2026-07-27,2026-08-16,Variant A,100+,PAYER,5,Bomb Challenge,2,UL Bomb,minutes,8,576,1998,0,0.0,0.0,0.0,0.0,0.0
2026-07-27,2026-08-16,Variant A,100+,PAYER,5,Bomb Challenge,2,UL Chuck,minutes,9,576,1998,0,0.0,0.0,0.0,0.0,0.0
2026-07-27,2026-08-16,Variant A,100+,PAYER,5,Bomb Challenge,2,UL Red,minutes,10,576,1998,0,0.0,0.0,0.0,0.0,0.0
2026-07-27,2026-08-16,Variant A,100+,PAYER,5,Bomb Challenge,2,Unlimited Lives,minutes,11,576,1998,0,0.0,0.0,0.0,0.0,0.0
2026-07-27,2026-08-16,Variant A,100+,PAYER,5,Bomb Challenge,2,SPT,count,12,576,1998,0,0.0,0.0,0.0,0.0,0.0
2026-07-27,2026-08-16,Variant A,100+,PAYER,5,Bomb Challenge,2,SPTx2,minutes,13,576,1998,0,0.0,0.0,0.0,0.0,0.0
2026-07-27,2026-08-16,Variant A,100+,PAYER,5,Bomb's Ballet,3,HC,HC,1,576,1998,149,8800.0,15.2778,4.4044,59.0604,25.87
2026-07-27,2026-08-16,Variant A,100+,PAYER,5,Bomb's Ballet,3,Slingshot,count,2,576,1998,87,89.0,0.1545,0.0445,1.023,15.1
2026-07-27,2026-08-16,Variant A,100+,PAYER,5,Bomb's Ballet,3,Shuffle,count,3,576,1998,62,63.0,0.1094,0.0315,1.0161,10.76
2026-07-27,2026-08-16,Variant A,100+,PAYER,5,Bomb's Ballet,3,Comet,count,4,576,1998,62,62.0,0.1076,0.031,1.0,10.76
2026-07-27,2026-08-16,Variant A,100+,PAYER,5,Bomb's Ballet,3,Red,count,5,576,1998,120,120.0,0.2083,0.0601,1.0,20.83
2026-07-27,2026-08-16,Variant A,100+,PAYER,5,Bomb's Ballet,3,Chuck,count,6,576,1998,120,123.0,0.2135,0.0616,1.025,20.83
2026-07-27,2026-08-16,Variant A,100+,PAYER,5,Bomb's Ballet,3,Bomb,count,7,576,1998,62,62.0,0.1076,0.031,1.0,10.76
2026-07-27,2026-08-16,Variant A,100+,PAYER,5,Bomb's Ballet,3,UL Bomb,minutes,8,576,1998,145,2685.0,4.6615,1.3438,18.5172,25.17
2026-07-27,2026-08-16,Variant A,100+,PAYER,5,Bomb's Ballet,3,UL Chuck,minutes,9,576,1998,153,2805.0,4.8698,1.4039,18.3333,26.56
2026-07-27,2026-08-16,Variant A,100+,PAYER,5,Bomb's Ballet,3,UL Red,minutes,10,576,1998,141,2950.0,5.1215,1.4765,20.922,24.48
2026-07-27,2026-08-16,Variant A,100+,PAYER,5,Bomb's Ballet,3,Unlimited Lives,minutes,11,576,1998,147,15210.0,26.4063,7.6126,103.4694,25.52
2026-07-27,2026-08-16,Variant A,100+,PAYER,5,Bomb's Ballet,3,SPT,count,12,576,1998,0,0.0,0.0,0.0,0.0,0.0
2026-07-27,2026-08-16,Variant A,100+,PAYER,5,Bomb's Ballet,3,SPTx2,minutes,13,576,1998,0,0.0,0.0,0.0,0.0,0.0
2026-07-27,2026-08-16,Variant A,100+,PAYER,5,Chuck Challenge,4,HC,HC,1,576,1998,134,29450.0,51.1285,14.7397,219.7761,23.26
2026-07-27,2026-08-16,Variant A,100+,PAYER,5,Chuck Challenge,4,Slingshot,count,2,576,1998,9,9.0,0.0156,0.0045,1.0,1.56
2026-07-27,2026-08-16,Variant A,100+,PAYER,5,Chuck Challenge,4,Shuffle,count,3,576,1998,63,76.0,0.1319,0.038,1.2063,10.94
2026-07-27,2026-08-16,Variant A,100+,PAYER,5,Chuck Challenge,4,Comet,count,4,576,1998,94,123.0,0.2135,0.0616,1.3085,16.32
2026-07-27,2026-08-16,Variant A,100+,PAYER,5,Chuck Challenge,4,Red,count,5,576,1998,0,0.0,0.0,0.0,0.0,0.0
2026-07-27,2026-08-16,Variant A,100+,PAYER,5,Chuck Challenge,4,Chuck,count,6,576,1998,0,0.0,0.0,0.0,0.0,0.0
2026-07-27,2026-08-16,Variant A,100+,PAYER,5,Chuck Challenge,4,Bomb,count,7,576,1998,0,0.0,0.0,0.0,0.0,0.0
2026-07-27,2026-08-16,Variant A,100+,PAYER,5,Chuck Challenge,4,UL Bomb,minutes,8,576,1998,0,0.0,0.0,0.0,0.0,0.0
2026-07-27,2026-08-16,Variant A,100+,PAYER,5,Chuck Challenge,4,UL Chuck,minutes,9,576,1998,0,0.0,0.0,0.0,0.0,0.0
2026-07-27,2026-08-16,Variant A,100+,PAYER,5,Chuck Challenge,4,UL Red,minutes,10,576,1998,0,0.0,0.0,0.0,0.0,0.0
2026-07-27,2026-08-16,Variant A,100+,PAYER,5,Chuck Challenge,4,Unlimited Lives,minutes,11,576,1998,0,0.0,0.0,0.0,0.0,0.0
2026-07-27,2026-08-16,Variant A,100+,PAYER,5,Chuck Challenge,4,SPT,count,12,576,1998,0,0.0,0.0,0.0,0.0,0.0
2026-07-27,2026-08-16,Variant A,100+,PAYER,5,Chuck Challenge,4,SPTx2,minutes,13,576,1998,0,0.0,0.0,0.0,0.0,0.0
2026-07-27,2026-08-16,Variant A,100+,PAYER,5,Core,5,HC,HC,1,576,1998,563,186455.0,323.7066,93.3208,331.1812,97.74
2026-07-27,2026-08-16,Variant A,100+,PAYER,5,Core,5,Slingshot,count,2,576,1998,471,1432.0,2.4861,0.7167,3.0403,81.77
2026-07-27,2026-08-16,Variant A,100+,PAYER,5,Core,5,Shuffle,count,3,576,1998,510,2012.0,3.4931,1.007,3.9451,88.54
2026-07-27,2026-08-16,Variant A,100+,PAYER,5,Core,5,Comet,count,4,576,1998,393,761.0,1.3212,0.3809,1.9364,68.23
2026-07-27,2026-08-16,Variant A,100+,PAYER,5,Core,5,Red,count,5,576,1998,356,664.0,1.1528,0.3323,1.8652,61.81
2026-07-27,2026-08-16,Variant A,100+,PAYER,5,Core,5,Chuck,count,6,576,1998,371,920.0,1.5972,0.4605,2.4798,64.41
2026-07-27,2026-08-16,Variant A,100+,PAYER,5,Core,5,Bomb,count,7,576,1998,386,716.0,1.2431,0.3584,1.8549,67.01
2026-07-27,2026-08-16,Variant A,100+,PAYER,5,Core,5,UL Bomb,minutes,8,576,1998,0,0.0,0.0,0.0,0.0,0.0
2026-07-27,2026-08-16,Variant A,100+,PAYER,5,Core,5,UL Chuck,minutes,9,576,1998,0,0.0,0.0,0.0,0.0,0.0
2026-07-27,2026-08-16,Variant A,100+,PAYER,5,Core,5,UL Red,minutes,10,576,1998,0,0.0,0.0,0.0,0.0,0.0
2026-07-27,2026-08-16,Variant A,100+,PAYER,5,Core,5,Unlimited Lives,minutes,11,576,1998,528,115860.0,201.1458,57.988,219.4318,91.67
2026-07-27,2026-08-16,Variant A,100+,PAYER,5,Core,5,SPT,count,12,576,1998,453,1428961.0,2480.8351,715.1957,3154.4393,78.65
2026-07-27,2026-08-16,Variant A,100+,PAYER,5,Core,5,SPTx2,minutes,13,576,1998,0,0.0,0.0,0.0,0.0,0.0
2026-07-27,2026-08-16,Variant A,100+,PAYER,5,Daily Gift,6,HC,HC,1,576,1998,411,27945.0,48.5156,13.9865,67.9927,71.35
2026-07-27,2026-08-16,Variant A,100+,PAYER,5,Daily Gift,6,Slingshot,count,2,576,1998,335,459.0,0.7969,0.2297,1.3701,58.16
2026-07-27,2026-08-16,Variant A,100+,PAYER,5,Daily Gift,6,Shuffle,count,3,576,1998,182,238.0,0.4132,0.1191,1.3077,31.6
2026-07-27,2026-08-16,Variant A,100+,PAYER,5,Daily Gift,6,Comet,count,4,576,1998,42,43.0,0.0747,0.0215,1.0238,7.29
2026-07-27,2026-08-16,Variant A,100+,PAYER,5,Daily Gift,6,Red,count,5,576,1998,0,0.0,0.0,0.0,0.0,0.0
2026-07-27,2026-08-16,Variant A,100+,PAYER,5,Daily Gift,6,Chuck,count,6,576,1998,0,0.0,0.0,0.0,0.0,0.0
2026-07-27,2026-08-16,Variant A,100+,PAYER,5,Daily Gift,6,Bomb,count,7,576,1998,0,0.0,0.0,0.0,0.0,0.0
2026-07-27,2026-08-16,Variant A,100+,PAYER,5,Daily Gift,6,UL Bomb,minutes,8,576,1998,29,870.0,1.5104,0.4354,30.0,5.03
2026-07-27,2026-08-16,Variant A,100+,PAYER,5,Daily Gift,6,UL Chuck,minutes,9,576,1998,30,1800.0,3.125,0.9009,60.0,5.21
2026-07-27,2026-08-16,Variant A,100+,PAYER,5,Daily Gift,6,UL Red,minutes,10,576,1998,51,3060.0,5.3125,1.5315,60.0,8.85
2026-07-27,2026-08-16,Variant A,100+,PAYER,5,Daily Gift,6,Unlimited Lives,minutes,11,576,1998,378,33660.0,58.4375,16.8468,89.0476,65.63
2026-07-27,2026-08-16,Variant A,100+,PAYER,5,Daily Gift,6,SPT,count,12,576,1998,0,0.0,0.0,0.0,0.0,0.0
2026-07-27,2026-08-16,Variant A,100+,PAYER,5,Daily Gift,6,SPTx2,minutes,13,576,1998,1,15.0,0.026,0.0075,15.0,0.17
2026-07-27,2026-08-16,Variant A,100+,PAYER,5,Daily Night Sky Prize,7,HC,HC,1,576,1998,525,211080.0,366.4583,105.6456,402.0571,91.15
2026-07-27,2026-08-16,Variant A,100+,PAYER,5,Daily Night Sky Prize,7,Slingshot,count,2,576,1998,427,607.0,1.0538,0.3038,1.4215,74.13
2026-07-27,2026-08-16,Variant A,100+,PAYER,5,Daily Night Sky Prize,7,Shuffle,count,3,576,1998,0,0.0,0.0,0.0,0.0,0.0
2026-07-27,2026-08-16,Variant A,100+,PAYER,5,Daily Night Sky Prize,7,Comet,count,4,576,1998,167,253.0,0.4392,0.1266,1.515,28.99
2026-07-27,2026-08-16,Variant A,100+,PAYER,5,Daily Night Sky Prize,7,Red,count,5,576,1998,477,791.0,1.3733,0.3959,1.6583,82.81
2026-07-27,2026-08-16,Variant A,100+,PAYER,5,Daily Night Sky Prize,7,Chuck,count,6,576,1998,275,354.0,0.6146,0.1772,1.2873,47.74
2026-07-27,2026-08-16,Variant A,100+,PAYER,5,Daily Night Sky Prize,7,Bomb,count,7,576,1998,0,0.0,0.0,0.0,0.0,0.0
2026-07-27,2026-08-16,Variant A,100+,PAYER,5,Daily Night Sky Prize,7,UL Bomb,minutes,8,576,1998,0,0.0,0.0,0.0,0.0,0.0
2026-07-27,2026-08-16,Variant A,100+,PAYER,5,Daily Night Sky Prize,7,UL Chuck,minutes,9,576,1998,0,0.0,0.0,0.0,0.0,0.0
2026-07-27,2026-08-16,Variant A,100+,PAYER,5,Daily Night Sky Prize,7,UL Red,minutes,10,576,1998,0,0.0,0.0,0.0,0.0,0.0
2026-07-27,2026-08-16,Variant A,100+,PAYER,5,Daily Night Sky Prize,7,Unlimited Lives,minutes,11,576,1998,525,40970.0,71.1285,20.5055,78.0381,91.15
2026-07-27,2026-08-16,Variant A,100+,PAYER,5,Daily Night Sky Prize,7,SPT,count,12,576,1998,0,0.0,0.0,0.0,0.0,0.0
2026-07-27,2026-08-16,Variant A,100+,PAYER,5,Daily Night Sky Prize,7,SPTx2,minutes,13,576,1998,0,0.0,0.0,0.0,0.0,0.0
2026-07-27,2026-08-16,Variant A,100+,PAYER,5,Flock Flurry,8,HC,HC,1,576,1998,0,0.0,0.0,0.0,0.0,0.0
2026-07-27,2026-08-16,Variant A,100+,PAYER,5,Flock Flurry,8,Slingshot,count,2,576,1998,229,416.0,0.7222,0.2082,1.8166,39.76
2026-07-27,2026-08-16,Variant A,100+,PAYER,5,Flock Flurry,8,Shuffle,count,3,576,1998,0,0.0,0.0,0.0,0.0,0.0
2026-07-27,2026-08-16,Variant A,100+,PAYER,5,Flock Flurry,8,Comet,count,4,576,1998,0,0.0,0.0,0.0,0.0,0.0
2026-07-27,2026-08-16,Variant A,100+,PAYER,5,Flock Flurry,8,Red,count,5,576,1998,229,416.0,0.7222,0.2082,1.8166,39.76
2026-07-27,2026-08-16,Variant A,100+,PAYER,5,Flock Flurry,8,Chuck,count,6,576,1998,229,416.0,0.7222,0.2082,1.8166,39.76
2026-07-27,2026-08-16,Variant A,100+,PAYER,5,Flock Flurry,8,Bomb,count,7,576,1998,229,416.0,0.7222,0.2082,1.8166,39.76
2026-07-27,2026-08-16,Variant A,100+,PAYER,5,Flock Flurry,8,UL Bomb,minutes,8,576,1998,0,0.0,0.0,0.0,0.0,0.0
2026-07-27,2026-08-16,Variant A,100+,PAYER,5,Flock Flurry,8,UL Chuck,minutes,9,576,1998,0,0.0,0.0,0.0,0.0,0.0
2026-07-27,2026-08-16,Variant A,100+,PAYER,5,Flock Flurry,8,UL Red,minutes,10,576,1998,0,0.0,0.0,0.0,0.0,0.0
2026-07-27,2026-08-16,Variant A,100+,PAYER,5,Flock Flurry,8,Unlimited Lives,minutes,11,576,1998,390,58940.0,102.3264,29.4995,151.1282,67.71
2026-07-27,2026-08-16,Variant A,100+,PAYER,5,Flock Flurry,8,SPT,count,12,576,1998,215,7880.0,13.6806,3.9439,36.6512,37.33
2026-07-27,2026-08-16,Variant A,100+,PAYER,5,Flock Flurry,8,SPTx2,minutes,13,576,1998,0,0.0,0.0,0.0,0.0,0.0
2026-07-27,2026-08-16,Variant A,100+,PAYER,5,Hatchling Hideaway,9,HC,HC,1,576,1998,373,21640.0,37.5694,10.8308,58.0161,64.76
2026-07-27,2026-08-16,Variant A,100+,PAYER,5,Hatchling Hideaway,9,Slingshot,count,2,576,1998,302,383.0,0.6649,0.1917,1.2682,52.43
2026-07-27,2026-08-16,Variant A,100+,PAYER,5,Hatchling Hideaway,9,Shuffle,count,3,576,1998,320,399.0,0.6927,0.1997,1.2469,55.56
2026-07-27,2026-08-16,Variant A,100+,PAYER,5,Hatchling Hideaway,9,Comet,count,4,576,1998,329,402.0,0.6979,0.2012,1.2219,57.12
2026-07-27,2026-08-16,Variant A,100+,PAYER,5,Hatchling Hideaway,9,Red,count,5,576,1998,346,435.0,0.7552,0.2177,1.2572,60.07
2026-07-27,2026-08-16,Variant A,100+,PAYER,5,Hatchling Hideaway,9,Chuck,count,6,576,1998,336,416.0,0.7222,0.2082,1.2381,58.33
2026-07-27,2026-08-16,Variant A,100+,PAYER,5,Hatchling Hideaway,9,Bomb,count,7,576,1998,331,406.0,0.7049,0.2032,1.2266,57.47
2026-07-27,2026-08-16,Variant A,100+,PAYER,5,Hatchling Hideaway,9,UL Bomb,minutes,8,576,1998,0,0.0,0.0,0.0,0.0,0.0
2026-07-27,2026-08-16,Variant A,100+,PAYER,5,Hatchling Hideaway,9,UL Chuck,minutes,9,576,1998,302,3680.0,6.3889,1.8418,12.1854,52.43
2026-07-27,2026-08-16,Variant A,100+,PAYER,5,Hatchling Hideaway,9,UL Red,minutes,10,576,1998,318,3920.0,6.8056,1.962,12.327,55.21
2026-07-27,2026-08-16,Variant A,100+,PAYER,5,Hatchling Hideaway,9,Unlimited Lives,minutes,11,576,1998,358,38280.0,66.4583,19.1592,106.9274,62.15
2026-07-27,2026-08-16,Variant A,100+,PAYER,5,Hatchling Hideaway,9,SPT,count,12,576,1998,0,0.0,0.0,0.0,0.0,0.0
2026-07-27,2026-08-16,Variant A,100+,PAYER,5,Hatchling Hideaway,9,SPTx2,minutes,13,576,1998,0,0.0,0.0,0.0,0.0,0.0
2026-07-27,2026-08-16,Variant A,100+,PAYER,5,Jigsaw,10,HC,HC,1,576,1998,164,10575.0,18.3594,5.2928,64.4817,28.47
2026-07-27,2026-08-16,Variant A,100+,PAYER,5,Jigsaw,10,Slingshot,count,2,576,1998,99,100.0,0.1736,0.0501,1.0101,17.19
2026-07-27,2026-08-16,Variant A,100+,PAYER,5,Jigsaw,10,Shuffle,count,3,576,1998,0,0.0,0.0,0.0,0.0,0.0
2026-07-27,2026-08-16,Variant A,100+,PAYER,5,Jigsaw,10,Comet,count,4,576,1998,89,90.0,0.1563,0.045,1.0112,15.45
2026-07-27,2026-08-16,Variant A,100+,PAYER,5,Jigsaw,10,Red,count,5,576,1998,121,122.0,0.2118,0.0611,1.0083,21.01
2026-07-27,2026-08-16,Variant A,100+,PAYER,5,Jigsaw,10,Chuck,count,6,576,1998,129,131.0,0.2274,0.0656,1.0155,22.4
2026-07-27,2026-08-16,Variant A,100+,PAYER,5,Jigsaw,10,Bomb,count,7,576,1998,89,90.0,0.1563,0.045,1.0112,15.45
2026-07-27,2026-08-16,Variant A,100+,PAYER,5,Jigsaw,10,UL Bomb,minutes,8,576,1998,147,2570.0,4.4618,1.2863,17.483,25.52
2026-07-27,2026-08-16,Variant A,100+,PAYER,5,Jigsaw,10,UL Chuck,minutes,9,576,1998,165,3015.0,5.2344,1.509,18.2727,28.65
2026-07-27,2026-08-16,Variant A,100+,PAYER,5,Jigsaw,10,UL Red,minutes,10,576,1998,149,3105.0,5.3906,1.5541,20.8389,25.87
2026-07-27,2026-08-16,Variant A,100+,PAYER,5,Jigsaw,10,Unlimited Lives,minutes,11,576,1998,164,16620.0,28.8542,8.3183,101.3415,28.47
2026-07-27,2026-08-16,Variant A,100+,PAYER,5,Jigsaw,10,SPT,count,12,576,1998,0,0.0,0.0,0.0,0.0,0.0
2026-07-27,2026-08-16,Variant A,100+,PAYER,5,Jigsaw,10,SPTx2,minutes,13,576,1998,0,0.0,0.0,0.0,0.0,0.0
2026-07-27,2026-08-16,Variant A,100+,PAYER,5,Kite Festival,11,HC,HC,1,576,1998,143,32925.0,57.1615,16.479,230.2448,24.83
2026-07-27,2026-08-16,Variant A,100+,PAYER,5,Kite Festival,11,Slingshot,count,2,576,1998,55,57.0,0.099,0.0285,1.0364,9.55
2026-07-27,2026-08-16,Variant A,100+,PAYER,5,Kite Festival,11,Shuffle,count,3,576,1998,76,84.0,0.1458,0.042,1.1053,13.19
2026-07-27,2026-08-16,Variant A,100+,PAYER,5,Kite Festival,11,Comet,count,4,576,1998,54,61.0,0.1059,0.0305,1.1296,9.38
2026-07-27,2026-08-16,Variant A,100+,PAYER,5,Kite Festival,11,Red,count,5,576,1998,11,11.0,0.0191,0.0055,1.0,1.91
2026-07-27,2026-08-16,Variant A,100+,PAYER,5,Kite Festival,11,Chuck,count,6,576,1998,12,13.0,0.0226,0.0065,1.0833,2.08
2026-07-27,2026-08-16,Variant A,100+,PAYER,5,Kite Festival,11,Bomb,count,7,576,1998,14,17.0,0.0295,0.0085,1.2143,2.43
2026-07-27,2026-08-16,Variant A,100+,PAYER,5,Kite Festival,11,UL Bomb,minutes,8,576,1998,0,0.0,0.0,0.0,0.0,0.0
2026-07-27,2026-08-16,Variant A,100+,PAYER,5,Kite Festival,11,UL Chuck,minutes,9,576,1998,0,0.0,0.0,0.0,0.0,0.0
2026-07-27,2026-08-16,Variant A,100+,PAYER,5,Kite Festival,11,UL Red,minutes,10,576,1998,0,0.0,0.0,0.0,0.0,0.0
2026-07-27,2026-08-16,Variant A,100+,PAYER,5,Kite Festival,11,Unlimited Lives,minutes,11,576,1998,270,12725.0,22.092,6.3689,47.1296,46.88
2026-07-27,2026-08-16,Variant A,100+,PAYER,5,Kite Festival,11,SPT,count,12,576,1998,186,44715.0,77.6302,22.3799,240.4032,32.29
2026-07-27,2026-08-16,Variant A,100+,PAYER,5,Kite Festival,11,SPTx2,minutes,13,576,1998,0,0.0,0.0,0.0,0.0,0.0
2026-07-27,2026-08-16,Variant A,100+,PAYER,5,Level Race,12,HC,HC,1,576,1998,0,0.0,0.0,0.0,0.0,0.0
2026-07-27,2026-08-16,Variant A,100+,PAYER,5,Level Race,12,Slingshot,count,2,576,1998,0,0.0,0.0,0.0,0.0,0.0
2026-07-27,2026-08-16,Variant A,100+,PAYER,5,Level Race,12,Shuffle,count,3,576,1998,0,0.0,0.0,0.0,0.0,0.0
2026-07-27,2026-08-16,Variant A,100+,PAYER,5,Level Race,12,Comet,count,4,576,1998,0,0.0,0.0,0.0,0.0,0.0
2026-07-27,2026-08-16,Variant A,100+,PAYER,5,Level Race,12,Red,count,5,576,1998,0,0.0,0.0,0.0,0.0,0.0
2026-07-27,2026-08-16,Variant A,100+,PAYER,5,Level Race,12,Chuck,count,6,576,1998,0,0.0,0.0,0.0,0.0,0.0
2026-07-27,2026-08-16,Variant A,100+,PAYER,5,Level Race,12,Bomb,count,7,576,1998,0,0.0,0.0,0.0,0.0,0.0
2026-07-27,2026-08-16,Variant A,100+,PAYER,5,Level Race,12,UL Bomb,minutes,8,576,1998,0,0.0,0.0,0.0,0.0,0.0
2026-07-27,2026-08-16,Variant A,100+,PAYER,5,Level Race,12,UL Chuck,minutes,9,576,1998,0,0.0,0.0,0.0,0.0,0.0
2026-07-27,2026-08-16,Variant A,100+,PAYER,5,Level Race,12,UL Red,minutes,10,576,1998,0,0.0,0.0,0.0,0.0,0.0
2026-07-27,2026-08-16,Variant A,100+,PAYER,5,Level Race,12,Unlimited Lives,minutes,11,576,1998,0,0.0,0.0,0.0,0.0,0.0
2026-07-27,2026-08-16,Variant A,100+,PAYER,5,Level Race,12,SPT,count,12,576,1998,0,0.0,0.0,0.0,0.0,0.0
2026-07-27,2026-08-16,Variant A,100+,PAYER,5,Level Race,12,SPTx2,minutes,13,576,1998,0,0.0,0.0,0.0,0.0,0.0
2026-07-27,2026-08-16,Variant A,100+,PAYER,5,Other,13,HC,HC,1,576,1998,459,52436.0,91.0347,26.2442,114.2397,79.69
2026-07-27,2026-08-16,Variant A,100+,PAYER,5,Other,13,Slingshot,count,2,576,1998,218,451.0,0.783,0.2257,2.0688,37.85
2026-07-27,2026-08-16,Variant A,100+,PAYER,5,Other,13,Shuffle,count,3,576,1998,232,444.0,0.7708,0.2222,1.9138,40.28
2026-07-27,2026-08-16,Variant A,100+,PAYER,5,Other,13,Comet,count,4,576,1998,211,325.0,0.5642,0.1627,1.5403,36.63
2026-07-27,2026-08-16,Variant A,100+,PAYER,5,Other,13,Red,count,5,576,1998,346,658.0,1.1424,0.3293,1.9017,60.07
2026-07-27,2026-08-16,Variant A,100+,PAYER,5,Other,13,Chuck,count,6,576,1998,348,717.0,1.2448,0.3589,2.0603,60.42
2026-07-27,2026-08-16,Variant A,100+,PAYER,5,Other,13,Bomb,count,7,576,1998,348,721.0,1.2517,0.3609,2.0718,60.42
2026-07-27,2026-08-16,Variant A,100+,PAYER,5,Other,13,UL Bomb,minutes,8,576,1998,2,60.0,0.1042,0.03,30.0,0.35
2026-07-27,2026-08-16,Variant A,100+,PAYER,5,Other,13,UL Chuck,minutes,9,576,1998,2,60.0,0.1042,0.03,30.0,0.35
2026-07-27,2026-08-16,Variant A,100+,PAYER,5,Other,13,UL Red,minutes,10,576,1998,2,60.0,0.1042,0.03,30.0,0.35
2026-07-27,2026-08-16,Variant A,100+,PAYER,5,Other,13,Unlimited Lives,minutes,11,576,1998,231,24807.0,43.0677,12.4159,107.3896,40.1
2026-07-27,2026-08-16,Variant A,100+,PAYER,5,Other,13,SPT,count,12,576,1998,305,47045.0,81.6753,23.546,154.2459,52.95
2026-07-27,2026-08-16,Variant A,100+,PAYER,5,Other,13,SPTx2,minutes,13,576,1998,0,0.0,0.0,0.0,0.0,0.0
2026-07-27,2026-08-16,Variant A,100+,PAYER,5,Photoshoot,14,HC,HC,1,576,1998,84,5100.0,8.8542,2.5526,60.7143,14.58
2026-07-27,2026-08-16,Variant A,100+,PAYER,5,Photoshoot,14,Slingshot,count,2,576,1998,0,0.0,0.0,0.0,0.0,0.0
2026-07-27,2026-08-16,Variant A,100+,PAYER,5,Photoshoot,14,Shuffle,count,3,576,1998,45,45.0,0.0781,0.0225,1.0,7.81
2026-07-27,2026-08-16,Variant A,100+,PAYER,5,Photoshoot,14,Comet,count,4,576,1998,0,0.0,0.0,0.0,0.0,0.0
2026-07-27,2026-08-16,Variant A,100+,PAYER,5,Photoshoot,14,Red,count,5,576,1998,67,69.0,0.1198,0.0345,1.0299,11.63
2026-07-27,2026-08-16,Variant A,100+,PAYER,5,Photoshoot,14,Chuck,count,6,576,1998,74,78.0,0.1354,0.039,1.0541,12.85
2026-07-27,2026-08-16,Variant A,100+,PAYER,5,Photoshoot,14,Bomb,count,7,576,1998,32,33.0,0.0573,0.0165,1.0313,5.56
2026-07-27,2026-08-16,Variant A,100+,PAYER,5,Photoshoot,14,UL Bomb,minutes,8,576,1998,50,750.0,1.3021,0.3754,15.0,8.68
2026-07-27,2026-08-16,Variant A,100+,PAYER,5,Photoshoot,14,UL Chuck,minutes,9,576,1998,66,1020.0,1.7708,0.5105,15.4545,11.46
2026-07-27,2026-08-16,Variant A,100+,PAYER,5,Photoshoot,14,UL Red,minutes,10,576,1998,69,1080.0,1.875,0.5405,15.6522,11.98
2026-07-27,2026-08-16,Variant A,100+,PAYER,5,Photoshoot,14,Unlimited Lives,minutes,11,576,1998,89,13500.0,23.4375,6.7568,151.6854,15.45
2026-07-27,2026-08-16,Variant A,100+,PAYER,5,Photoshoot,14,SPT,count,12,576,1998,0,0.0,0.0,0.0,0.0,0.0
2026-07-27,2026-08-16,Variant A,100+,PAYER,5,Photoshoot,14,SPTx2,minutes,13,576,1998,0,0.0,0.0,0.0,0.0,0.0
2026-07-27,2026-08-16,Variant A,100+,PAYER,5,Red Challenge,15,HC,HC,1,576,1998,123,26950.0,46.7882,13.4885,219.1057,21.35
2026-07-27,2026-08-16,Variant A,100+,PAYER,5,Red Challenge,15,Slingshot,count,2,576,1998,11,12.0,0.0208,0.006,1.0909,1.91
2026-07-27,2026-08-16,Variant A,100+,PAYER,5,Red Challenge,15,Shuffle,count,3,576,1998,67,78.0,0.1354,0.039,1.1642,11.63
2026-07-27,2026-08-16,Variant A,100+,PAYER,5,Red Challenge,15,Comet,count,4,576,1998,90,109.0,0.1892,0.0546,1.2111,15.63
2026-07-27,2026-08-16,Variant A,100+,PAYER,5,Red Challenge,15,Red,count,5,576,1998,0,0.0,0.0,0.0,0.0,0.0
2026-07-27,2026-08-16,Variant A,100+,PAYER,5,Red Challenge,15,Chuck,count,6,576,1998,0,0.0,0.0,0.0,0.0,0.0
2026-07-27,2026-08-16,Variant A,100+,PAYER,5,Red Challenge,15,Bomb,count,7,576,1998,0,0.0,0.0,0.0,0.0,0.0
2026-07-27,2026-08-16,Variant A,100+,PAYER,5,Red Challenge,15,UL Bomb,minutes,8,576,1998,0,0.0,0.0,0.0,0.0,0.0
2026-07-27,2026-08-16,Variant A,100+,PAYER,5,Red Challenge,15,UL Chuck,minutes,9,576,1998,0,0.0,0.0,0.0,0.0,0.0
2026-07-27,2026-08-16,Variant A,100+,PAYER,5,Red Challenge,15,UL Red,minutes,10,576,1998,0,0.0,0.0,0.0,0.0,0.0
2026-07-27,2026-08-16,Variant A,100+,PAYER,5,Red Challenge,15,Unlimited Lives,minutes,11,576,1998,0,0.0,0.0,0.0,0.0,0.0
2026-07-27,2026-08-16,Variant A,100+,PAYER,5,Red Challenge,15,SPT,count,12,576,1998,0,0.0,0.0,0.0,0.0,0.0
2026-07-27,2026-08-16,Variant A,100+,PAYER,5,Red Challenge,15,SPTx2,minutes,13,576,1998,0,0.0,0.0,0.0,0.0,0.0
2026-07-27,2026-08-16,Variant A,100+,PAYER,5,River Rush,16,HC,HC,1,576,1998,0,0.0,0.0,0.0,0.0,0.0
2026-07-27,2026-08-16,Variant A,100+,PAYER,5,River Rush,16,Slingshot,count,2,576,1998,1,1.0,0.0017,0.0005,1.0,0.17
2026-07-27,2026-08-16,Variant A,100+,PAYER,5,River Rush,16,Shuffle,count,3,576,1998,1,1.0,0.0017,0.0005,1.0,0.17
2026-07-27,2026-08-16,Variant A,100+,PAYER,5,River Rush,16,Comet,count,4,576,1998,1,2.0,0.0035,0.001,2.0,0.17
2026-07-27,2026-08-16,Variant A,100+,PAYER,5,River Rush,16,Red,count,5,576,1998,0,0.0,0.0,0.0,0.0,0.0
2026-07-27,2026-08-16,Variant A,100+,PAYER,5,River Rush,16,Chuck,count,6,576,1998,1,1.0,0.0017,0.0005,1.0,0.17
2026-07-27,2026-08-16,Variant A,100+,PAYER,5,River Rush,16,Bomb,count,7,576,1998,1,2.0,0.0035,0.001,2.0,0.17
2026-07-27,2026-08-16,Variant A,100+,PAYER,5,River Rush,16,UL Bomb,minutes,8,576,1998,1,20.0,0.0347,0.01,20.0,0.17
2026-07-27,2026-08-16,Variant A,100+,PAYER,5,River Rush,16,UL Chuck,minutes,9,576,1998,1,15.0,0.026,0.0075,15.0,0.17
2026-07-27,2026-08-16,Variant A,100+,PAYER,5,River Rush,16,UL Red,minutes,10,576,1998,0,0.0,0.0,0.0,0.0,0.0
2026-07-27,2026-08-16,Variant A,100+,PAYER,5,River Rush,16,Unlimited Lives,minutes,11,576,1998,0,0.0,0.0,0.0,0.0,0.0
2026-07-27,2026-08-16,Variant A,100+,PAYER,5,River Rush,16,SPT,count,12,576,1998,0,0.0,0.0,0.0,0.0,0.0
2026-07-27,2026-08-16,Variant A,100+,PAYER,5,River Rush,16,SPTx2,minutes,13,576,1998,0,0.0,0.0,0.0,0.0,0.0
2026-07-27,2026-08-16,Variant A,100+,PAYER,5,Saga,17,HC,HC,1,576,1998,575,148180.0,257.2569,74.1642,257.7043,99.83
2026-07-27,2026-08-16,Variant A,100+,PAYER,5,Saga,17,Slingshot,count,2,576,1998,552,2425.0,4.2101,1.2137,4.3931,95.83
2026-07-27,2026-08-16,Variant A,100+,PAYER,5,Saga,17,Shuffle,count,3,576,1998,551,2419.0,4.1997,1.2107,4.3902,95.66
2026-07-27,2026-08-16,Variant A,100+,PAYER,5,Saga,17,Comet,count,4,576,1998,4,5.0,0.0087,0.0025,1.25,0.69
2026-07-27,2026-08-16,Variant A,100+,PAYER,5,Saga,17,Red,count,5,576,1998,554,2450.0,4.2535,1.2262,4.4224,96.18
2026-07-27,2026-08-16,Variant A,100+,PAYER,5,Saga,17,Chuck,count,6,576,1998,548,2383.0,4.1372,1.1927,4.3485,95.14
2026-07-27,2026-08-16,Variant A,100+,PAYER,5,Saga,17,Bomb,count,7,576,1998,558,2453.0,4.2587,1.2277,4.3961,96.88
2026-07-27,2026-08-16,Variant A,100+,PAYER,5,Saga,17,UL Bomb,minutes,8,576,1998,0,0.0,0.0,0.0,0.0,0.0
2026-07-27,2026-08-16,Variant A,100+,PAYER,5,Saga,17,UL Chuck,minutes,9,576,1998,0,0.0,0.0,0.0,0.0,0.0
2026-07-27,2026-08-16,Variant A,100+,PAYER,5,Saga,17,UL Red,minutes,10,576,1998,0,0.0,0.0,0.0,0.0,0.0
2026-07-27,2026-08-16,Variant A,100+,PAYER,5,Saga,17,Unlimited Lives,minutes,11,576,1998,575,647790.0,1124.6354,324.2192,1126.5913,99.83
2026-07-27,2026-08-16,Variant A,100+,PAYER,5,Saga,17,SPT,count,12,576,1998,0,0.0,0.0,0.0,0.0,0.0
2026-07-27,2026-08-16,Variant A,100+,PAYER,5,Saga,17,SPTx2,minutes,13,576,1998,0,0.0,0.0,0.0,0.0,0.0
2026-07-27,2026-08-16,Variant A,100+,PAYER,5,Season Pass (Free),18,HC,HC,1,576,1998,351,43845.0,76.1198,21.9444,124.9145,60.94
2026-07-27,2026-08-16,Variant A,100+,PAYER,5,Season Pass (Free),18,Slingshot,count,2,576,1998,193,440.0,0.7639,0.2202,2.2798,33.51
2026-07-27,2026-08-16,Variant A,100+,PAYER,5,Season Pass (Free),18,Shuffle,count,3,576,1998,284,632.0,1.0972,0.3163,2.2254,49.31
2026-07-27,2026-08-16,Variant A,100+,PAYER,5,Season Pass (Free),18,Comet,count,4,576,1998,78,258.0,0.4479,0.1291,3.3077,13.54
2026-07-27,2026-08-16,Variant A,100+,PAYER,5,Season Pass (Free),18,Red,count,5,576,1998,293,1077.0,1.8698,0.539,3.6758,50.87
2026-07-27,2026-08-16,Variant A,100+,PAYER,5,Season Pass (Free),18,Chuck,count,6,576,1998,330,1207.0,2.0955,0.6041,3.6576,57.29
2026-07-27,2026-08-16,Variant A,100+,PAYER,5,Season Pass (Free),18,Bomb,count,7,576,1998,292,757.0,1.3142,0.3789,2.5925,50.69
2026-07-27,2026-08-16,Variant A,100+,PAYER,5,Season Pass (Free),18,UL Bomb,minutes,8,576,1998,81,2100.0,3.6458,1.0511,25.9259,14.06
2026-07-27,2026-08-16,Variant A,100+,PAYER,5,Season Pass (Free),18,UL Chuck,minutes,9,576,1998,189,6005.0,10.4253,3.0055,31.7725,32.81
2026-07-27,2026-08-16,Variant A,100+,PAYER,5,Season Pass (Free),18,UL Red,minutes,10,576,1998,304,9185.0,15.9462,4.5971,30.2138,52.78
2026-07-27,2026-08-16,Variant A,100+,PAYER,5,Season Pass (Free),18,Unlimited Lives,minutes,11,576,1998,322,65970.0,114.5313,33.018,204.8758,55.9
2026-07-27,2026-08-16,Variant A,100+,PAYER,5,Season Pass (Free),18,SPT,count,12,576,1998,6,90.0,0.1563,0.045,15.0,1.04
2026-07-27,2026-08-16,Variant A,100+,PAYER,5,Season Pass (Free),18,SPTx2,minutes,13,576,1998,0,0.0,0.0,0.0,0.0,0.0
2026-07-27,2026-08-16,Variant A,100+,PAYER,5,Target Day,19,HC,HC,1,576,1998,289,43525.0,75.5642,21.7843,150.6055,50.17
2026-07-27,2026-08-16,Variant A,100+,PAYER,5,Target Day,19,Slingshot,count,2,576,1998,55,66.0,0.1146,0.033,1.2,9.55
2026-07-27,2026-08-16,Variant A,100+,PAYER,5,Target Day,19,Shuffle,count,3,576,1998,108,132.0,0.2292,0.0661,1.2222,18.75
2026-07-27,2026-08-16,Variant A,100+,PAYER,5,Target Day,19,Comet,count,4,576,1998,225,347.0,0.6024,0.1737,1.5422,39.06
2026-07-27,2026-08-16,Variant A,100+,PAYER,5,Target Day,19,Red,count,5,576,1998,23,24.0,0.0417,0.012,1.0435,3.99
2026-07-27,2026-08-16,Variant A,100+,PAYER,5,Target Day,19,Chuck,count,6,576,1998,42,44.0,0.0764,0.022,1.0476,7.29
2026-07-27,2026-08-16,Variant A,100+,PAYER,5,Target Day,19,Bomb,count,7,576,1998,71,83.0,0.1441,0.0415,1.169,12.33
2026-07-27,2026-08-16,Variant A,100+,PAYER,5,Target Day,19,UL Bomb,minutes,8,576,1998,0,0.0,0.0,0.0,0.0,0.0
2026-07-27,2026-08-16,Variant A,100+,PAYER,5,Target Day,19,UL Chuck,minutes,9,576,1998,0,0.0,0.0,0.0,0.0,0.0
2026-07-27,2026-08-16,Variant A,100+,PAYER,5,Target Day,19,UL Red,minutes,10,576,1998,0,0.0,0.0,0.0,0.0,0.0
2026-07-27,2026-08-16,Variant A,100+,PAYER,5,Target Day,19,Unlimited Lives,minutes,11,576,1998,262,14040.0,24.375,7.027,53.5878,45.49
2026-07-27,2026-08-16,Variant A,100+,PAYER,5,Target Day,19,SPT,count,12,576,1998,0,0.0,0.0,0.0,0.0,0.0
2026-07-27,2026-08-16,Variant A,100+,PAYER,5,Target Day,19,SPTx2,minutes,13,576,1998,0,0.0,0.0,0.0,0.0,0.0
2026-07-27,2026-08-16,Variant A,100+,PAYER,5,Team Event,20,HC,HC,1,576,1998,178,27170.0,47.1701,13.5986,152.6404,30.9
2026-07-27,2026-08-16,Variant A,100+,PAYER,5,Team Event,20,Slingshot,count,2,576,1998,113,225.0,0.3906,0.1126,1.9912,19.62
2026-07-27,2026-08-16,Variant A,100+,PAYER,5,Team Event,20,Shuffle,count,3,576,1998,77,178.0,0.309,0.0891,2.3117,13.37
2026-07-27,2026-08-16,Variant A,100+,PAYER,5,Team Event,20,Comet,count,4,576,1998,79,95.0,0.1649,0.0475,1.2025,13.72
2026-07-27,2026-08-16,Variant A,100+,PAYER,5,Team Event,20,Red,count,5,576,1998,0,0.0,0.0,0.0,0.0,0.0
2026-07-27,2026-08-16,Variant A,100+,PAYER,5,Team Event,20,Chuck,count,6,576,1998,0,0.0,0.0,0.0,0.0,0.0
2026-07-27,2026-08-16,Variant A,100+,PAYER,5,Team Event,20,Bomb,count,7,576,1998,0,0.0,0.0,0.0,0.0,0.0
2026-07-27,2026-08-16,Variant A,100+,PAYER,5,Team Event,20,UL Bomb,minutes,8,576,1998,0,0.0,0.0,0.0,0.0,0.0
2026-07-27,2026-08-16,Variant A,100+,PAYER,5,Team Event,20,UL Chuck,minutes,9,576,1998,0,0.0,0.0,0.0,0.0,0.0
2026-07-27,2026-08-16,Variant A,100+,PAYER,5,Team Event,20,UL Red,minutes,10,576,1998,0,0.0,0.0,0.0,0.0,0.0
2026-07-27,2026-08-16,Variant A,100+,PAYER,5,Team Event,20,Unlimited Lives,minutes,11,576,1998,0,0.0,0.0,0.0,0.0,0.0
2026-07-27,2026-08-16,Variant A,100+,PAYER,5,Team Event,20,SPT,count,12,576,1998,0,0.0,0.0,0.0,0.0,0.0
2026-07-27,2026-08-16,Variant A,100+,PAYER,5,Team Event,20,SPTx2,minutes,13,576,1998,0,0.0,0.0,0.0,0.0,0.0
2026-07-27,2026-08-16,Variant A,100+,PAYER,5,Team Race,21,HC,HC,1,576,1998,219,32105.0,55.7378,16.0686,146.5982,38.02
2026-07-27,2026-08-16,Variant A,100+,PAYER,5,Team Race,21,Slingshot,count,2,576,1998,83,96.0,0.1667,0.048,1.1566,14.41
2026-07-27,2026-08-16,Variant A,100+,PAYER,5,Team Race,21,Shuffle,count,3,576,1998,182,248.0,0.4306,0.1241,1.3626,31.6
2026-07-27,2026-08-16,Variant A,100+,PAYER,5,Team Race,21,Comet,count,4,576,1998,220,418.0,0.7257,0.2092,1.9,38.19
2026-07-27,2026-08-16,Variant A,100+,PAYER,5,Team Race,21,Red,count,5,576,1998,13,15.0,0.026,0.0075,1.1538,2.26
2026-07-27,2026-08-16,Variant A,100+,PAYER,5,Team Race,21,Chuck,count,6,576,1998,40,46.0,0.0799,0.023,1.15,6.94
2026-07-27,2026-08-16,Variant A,100+,PAYER,5,Team Race,21,Bomb,count,7,576,1998,150,179.0,0.3108,0.0896,1.1933,26.04
2026-07-27,2026-08-16,Variant A,100+,PAYER,5,Team Race,21,UL Bomb,minutes,8,576,1998,0,0.0,0.0,0.0,0.0,0.0
2026-07-27,2026-08-16,Variant A,100+,PAYER,5,Team Race,21,UL Chuck,minutes,9,576,1998,0,0.0,0.0,0.0,0.0,0.0
2026-07-27,2026-08-16,Variant A,100+,PAYER,5,Team Race,21,UL Red,minutes,10,576,1998,0,0.0,0.0,0.0,0.0,0.0
2026-07-27,2026-08-16,Variant A,100+,PAYER,5,Team Race,21,Unlimited Lives,minutes,11,576,1998,0,0.0,0.0,0.0,0.0,0.0
2026-07-27,2026-08-16,Variant A,100+,PAYER,5,Team Race,21,SPT,count,12,576,1998,0,0.0,0.0,0.0,0.0,0.0
2026-07-27,2026-08-16,Variant A,100+,PAYER,5,Team Race,21,SPTx2,minutes,13,576,1998,0,0.0,0.0,0.0,0.0,0.0
2026-07-27,2026-08-16,Variant A,100+,PAYER,5,Flash Race,22,HC,HC,1,576,1998,309,19810.0,34.3924,9.9149,64.11,53.65
2026-07-27,2026-08-16,Variant A,100+,PAYER,5,Flash Race,22,Slingshot,count,2,576,1998,63,81.0,0.1406,0.0405,1.2857,10.94
2026-07-27,2026-08-16,Variant A,100+,PAYER,5,Flash Race,22,Shuffle,count,3,576,1998,145,194.0,0.3368,0.0971,1.3379,25.17
2026-07-27,2026-08-16,Variant A,100+,PAYER,5,Flash Race,22,Comet,count,4,576,1998,187,270.0,0.4688,0.1351,1.4439,32.47
2026-07-27,2026-08-16,Variant A,100+,PAYER,5,Flash Race,22,Red,count,5,576,1998,21,21.0,0.0365,0.0105,1.0,3.65
2026-07-27,2026-08-16,Variant A,100+,PAYER,5,Flash Race,22,Chuck,count,6,576,1998,46,54.0,0.0938,0.027,1.1739,7.99
2026-07-27,2026-08-16,Variant A,100+,PAYER,5,Flash Race,22,Bomb,count,7,576,1998,99,116.0,0.2014,0.0581,1.1717,17.19
2026-07-27,2026-08-16,Variant A,100+,PAYER,5,Flash Race,22,UL Bomb,minutes,8,576,1998,0,0.0,0.0,0.0,0.0,0.0
2026-07-27,2026-08-16,Variant A,100+,PAYER,5,Flash Race,22,UL Chuck,minutes,9,576,1998,0,0.0,0.0,0.0,0.0,0.0
2026-07-27,2026-08-16,Variant A,100+,PAYER,5,Flash Race,22,UL Red,minutes,10,576,1998,0,0.0,0.0,0.0,0.0,0.0
2026-07-27,2026-08-16,Variant A,100+,PAYER,5,Flash Race,22,Unlimited Lives,minutes,11,576,1998,19,1040.0,1.8056,0.5205,54.7368,3.3
2026-07-27,2026-08-16,Variant A,100+,PAYER,5,Flash Race,22,SPT,count,12,576,1998,339,35280.0,61.25,17.6577,104.0708,58.85
2026-07-27,2026-08-16,Variant A,100+,PAYER,5,Flash Race,22,SPTx2,minutes,13,576,1998,0,0.0,0.0,0.0,0.0,0.0
2026-07-27,2026-08-16,Variant A,100+,PAYER,5,FlowerCoop,23,HC,HC,1,576,1998,0,0.0,0.0,0.0,0.0,0.0
2026-07-27,2026-08-16,Variant A,100+,PAYER,5,FlowerCoop,23,Slingshot,count,2,576,1998,0,0.0,0.0,0.0,0.0,0.0
2026-07-27,2026-08-16,Variant A,100+,PAYER,5,FlowerCoop,23,Shuffle,count,3,576,1998,0,0.0,0.0,0.0,0.0,0.0
2026-07-27,2026-08-16,Variant A,100+,PAYER,5,FlowerCoop,23,Comet,count,4,576,1998,0,0.0,0.0,0.0,0.0,0.0
2026-07-27,2026-08-16,Variant A,100+,PAYER,5,FlowerCoop,23,Red,count,5,576,1998,0,0.0,0.0,0.0,0.0,0.0
2026-07-27,2026-08-16,Variant A,100+,PAYER,5,FlowerCoop,23,Chuck,count,6,576,1998,0,0.0,0.0,0.0,0.0,0.0
2026-07-27,2026-08-16,Variant A,100+,PAYER,5,FlowerCoop,23,Bomb,count,7,576,1998,0,0.0,0.0,0.0,0.0,0.0
2026-07-27,2026-08-16,Variant A,100+,PAYER,5,FlowerCoop,23,UL Bomb,minutes,8,576,1998,0,0.0,0.0,0.0,0.0,0.0
2026-07-27,2026-08-16,Variant A,100+,PAYER,5,FlowerCoop,23,UL Chuck,minutes,9,576,1998,0,0.0,0.0,0.0,0.0,0.0
2026-07-27,2026-08-16,Variant A,100+,PAYER,5,FlowerCoop,23,UL Red,minutes,10,576,1998,0,0.0,0.0,0.0,0.0,0.0
2026-07-27,2026-08-16,Variant A,100+,PAYER,5,FlowerCoop,23,Unlimited Lives,minutes,11,576,1998,0,0.0,0.0,0.0,0.0,0.0
2026-07-27,2026-08-16,Variant A,100+,PAYER,5,FlowerCoop,23,SPT,count,12,576,1998,0,0.0,0.0,0.0,0.0,0.0
2026-07-27,2026-08-16,Variant A,100+,PAYER,5,FlowerCoop,23,SPTx2,minutes,13,576,1998,0,0.0,0.0,0.0,0.0,0.0
2026-07-27,2026-08-16,Variant A,100+,PAYER,5,Rainbow Maker,24,HC,HC,1,576,1998,440,1156190.0,2007.2743,578.6737,2627.7045,76.39
2026-07-27,2026-08-16,Variant A,100+,PAYER,5,Rainbow Maker,24,Slingshot,count,2,576,1998,392,9113.0,15.8212,4.5611,23.2474,68.06
2026-07-27,2026-08-16,Variant A,100+,PAYER,5,Rainbow Maker,24,Shuffle,count,3,576,1998,428,8803.0,15.283,4.4059,20.5678,74.31
2026-07-27,2026-08-16,Variant A,100+,PAYER,5,Rainbow Maker,24,Comet,count,4,576,1998,379,8379.0,14.5469,4.1937,22.1082,65.8
2026-07-27,2026-08-16,Variant A,100+,PAYER,5,Rainbow Maker,24,Red,count,5,576,1998,403,1137.0,1.974,0.5691,2.8213,69.97
2026-07-27,2026-08-16,Variant A,100+,PAYER,5,Rainbow Maker,24,Chuck,count,6,576,1998,387,1050.0,1.8229,0.5255,2.7132,67.19
2026-07-27,2026-08-16,Variant A,100+,PAYER,5,Rainbow Maker,24,Bomb,count,7,576,1998,361,1247.0,2.1649,0.6241,3.4543,62.67
2026-07-27,2026-08-16,Variant A,100+,PAYER,5,Rainbow Maker,24,UL Bomb,minutes,8,576,1998,0,0.0,0.0,0.0,0.0,0.0
2026-07-27,2026-08-16,Variant A,100+,PAYER,5,Rainbow Maker,24,UL Chuck,minutes,9,576,1998,224,3220.0,5.5903,1.6116,14.375,38.89
2026-07-27,2026-08-16,Variant A,100+,PAYER,5,Rainbow Maker,24,UL Red,minutes,10,576,1998,333,4760.0,8.2639,2.3824,14.2943,57.81
2026-07-27,2026-08-16,Variant A,100+,PAYER,5,Rainbow Maker,24,Unlimited Lives,minutes,11,576,1998,409,67010.0,116.3368,33.5385,163.8386,71.01
2026-07-27,2026-08-16,Variant A,100+,PAYER,5,Rainbow Maker,24,SPT,count,12,576,1998,425,362605.0,629.5226,181.484,853.1882,73.78
2026-07-27,2026-08-16,Variant A,100+,PAYER,5,Rainbow Maker,24,SPTx2,minutes,13,576,1998,284,8880.0,15.4167,4.4444,31.2676,49.31
2026-07-27,2026-08-16,Variant A,100+,PAYER,5,IAPs,25,HC,HC,1,576,1998,0,0.0,0.0,0.0,0.0,0.0
2026-07-27,2026-08-16,Variant A,100+,PAYER,5,IAPs,25,Slingshot,count,2,576,1998,0,0.0,0.0,0.0,0.0,0.0
2026-07-27,2026-08-16,Variant A,100+,PAYER,5,IAPs,25,Shuffle,count,3,576,1998,0,0.0,0.0,0.0,0.0,0.0
2026-07-27,2026-08-16,Variant A,100+,PAYER,5,IAPs,25,Comet,count,4,576,1998,0,0.0,0.0,0.0,0.0,0.0
2026-07-27,2026-08-16,Variant A,100+,PAYER,5,IAPs,25,Red,count,5,576,1998,0,0.0,0.0,0.0,0.0,0.0
2026-07-27,2026-08-16,Variant A,100+,PAYER,5,IAPs,25,Chuck,count,6,576,1998,0,0.0,0.0,0.0,0.0,0.0
2026-07-27,2026-08-16,Variant A,100+,PAYER,5,IAPs,25,Bomb,count,7,576,1998,0,0.0,0.0,0.0,0.0,0.0
2026-07-27,2026-08-16,Variant A,100+,PAYER,5,IAPs,25,UL Bomb,minutes,8,576,1998,0,0.0,0.0,0.0,0.0,0.0
2026-07-27,2026-08-16,Variant A,100+,PAYER,5,IAPs,25,UL Chuck,minutes,9,576,1998,0,0.0,0.0,0.0,0.0,0.0
2026-07-27,2026-08-16,Variant A,100+,PAYER,5,IAPs,25,UL Red,minutes,10,576,1998,0,0.0,0.0,0.0,0.0,0.0
2026-07-27,2026-08-16,Variant A,100+,PAYER,5,IAPs,25,Unlimited Lives,minutes,11,576,1998,0,0.0,0.0,0.0,0.0,0.0
2026-07-27,2026-08-16,Variant A,100+,PAYER,5,IAPs,25,SPT,count,12,576,1998,0,0.0,0.0,0.0,0.0,0.0
2026-07-27,2026-08-16,Variant A,100+,PAYER,5,IAPs,25,SPTx2,minutes,13,576,1998,0,0.0,0.0,0.0,0.0,0.0
