segment,payer_flag,currency,day_index,gain_total,spend_total,resource_earners,gain_per_earner_day,spend_per_earner_day,net_per_earner_day
0-9,NONPAYER,HC,1,507723.0,416450.0,18912,26.8466,22.0204,4.8262
0-9,NONPAYER,HC,2,321715.0,356650.0,18912,17.0112,18.8584,-1.8472
0-9,NONPAYER,HC,3,272336.0,305850.0,18912,14.4002,16.1723,-1.7721
0-9,NONPAYER,HC,4,251572.0,280700.0,18912,13.3022,14.8424,-1.5402
0-9,NONPAYER,HC,5,354399.0,311450.0,18912,18.7394,16.4684,2.271
0-9,NONPAYER,HC,6,251800.0,284500.0,18912,13.3143,15.0434,-1.7291
0-9,NONPAYER,HC,7,227560.0,272050.0,18912,12.0326,14.385,-2.3525
0-9,NONPAYER,HC,8,451925.0,369800.0,18912,23.8962,19.5537,4.3425
0-9,NONPAYER,HC,9,294912.0,311300.0,18912,15.5939,16.4604,-0.8665
0-9,NONPAYER,HC,10,245387.0,273500.0,18912,12.9752,14.4617,-1.4865
0-9,NONPAYER,HC,11,225023.0,253750.0,18912,11.8984,13.4174,-1.519
0-9,NONPAYER,HC,12,321946.0,280300.0,18912,17.0234,14.8213,2.2021
0-9,NONPAYER,HC,13,229408.0,260800.0,18912,12.1303,13.7902,-1.6599
0-9,NONPAYER,HC,14,219284.0,262200.0,18912,11.595,13.8642,-2.2692
0-9,NONPAYER,HC,15,435918.0,343400.0,18912,23.0498,18.1578,4.892
0-9,NONPAYER,HC,16,281161.0,305600.0,18912,14.8668,16.1591,-1.2922
0-9,NONPAYER,HC,17,245260.0,278870.0,18912,12.9685,14.7457,-1.7772
0-9,NONPAYER,HC,18,211978.0,251650.0,18912,11.2087,13.3064,-2.0977
0-9,NONPAYER,HC,19,318073.0,281250.0,18912,16.8186,14.8715,1.9471
0-9,NONPAYER,HC,20,236019.0,266050.0,18912,12.4799,14.0678,-1.5879
0-9,NONPAYER,HC,21,225019.0,270050.0,18912,11.8982,14.2793,-2.3811
0-9,NONPAYER,Slingshot,1,8266.0,5622.0,13295,0.6217,0.4229,0.1989
0-9,NONPAYER,Slingshot,2,6844.0,5286.0,13295,0.5148,0.3976,0.1172
0-9,NONPAYER,Slingshot,3,6435.0,5044.0,13295,0.484,0.3794,0.1046
0-9,NONPAYER,Slingshot,4,5200.0,4559.0,13295,0.3911,0.3429,0.0482
0-9,NONPAYER,Slingshot,5,5421.0,4596.0,13295,0.4077,0.3457,0.0621
0-9,NONPAYER,Slingshot,6,3373.0,4142.0,13295,0.2537,0.3115,-0.0578
0-9,NONPAYER,Slingshot,7,3054.0,3874.0,13295,0.2297,0.2914,-0.0617
0-9,NONPAYER,Slingshot,8,6988.0,4945.0,13295,0.5256,0.3719,0.1537
0-9,NONPAYER,Slingshot,9,6162.0,5092.0,13295,0.4635,0.383,0.0805
0-9,NONPAYER,Slingshot,10,6175.0,4949.0,13295,0.4645,0.3722,0.0922
0-9,NONPAYER,Slingshot,11,4868.0,4505.0,13295,0.3662,0.3388,0.0273
0-9,NONPAYER,Slingshot,12,5006.0,4409.0,13295,0.3765,0.3316,0.0449
0-9,NONPAYER,Slingshot,13,3239.0,3917.0,13295,0.2436,0.2946,-0.051
0-9,NONPAYER,Slingshot,14,2982.0,3789.0,13295,0.2243,0.285,-0.0607
0-9,NONPAYER,Slingshot,15,6598.0,4730.0,13295,0.4963,0.3558,0.1405
0-9,NONPAYER,Slingshot,16,6265.0,5103.0,13295,0.4712,0.3838,0.0874
0-9,NONPAYER,Slingshot,17,5971.0,5018.0,13295,0.4491,0.3774,0.0717
0-9,NONPAYER,Slingshot,18,4743.0,4397.0,13295,0.3568,0.3307,0.026
0-9,NONPAYER,Slingshot,19,4786.0,4604.0,13295,0.36,0.3463,0.0137
0-9,NONPAYER,Slingshot,20,3318.0,4047.0,13295,0.2496,0.3044,-0.0548
0-9,NONPAYER,Slingshot,21,2956.0,3801.0,13295,0.2223,0.2859,-0.0636
0-9,NONPAYER,Shuffle,1,4399.0,3788.0,11911,0.3693,0.318,0.0513
0-9,NONPAYER,Shuffle,2,3257.0,3328.0,11911,0.2734,0.2794,-0.006
0-9,NONPAYER,Shuffle,3,3277.0,3326.0,11911,0.2751,0.2792,-0.0041
0-9,NONPAYER,Shuffle,4,2989.0,3037.0,11911,0.2509,0.255,-0.004
0-9,NONPAYER,Shuffle,5,3243.0,3133.0,11911,0.2723,0.263,0.0092
0-9,NONPAYER,Shuffle,6,2285.0,2740.0,11911,0.1918,0.23,-0.0382
0-9,NONPAYER,Shuffle,7,2010.0,2689.0,11911,0.1688,0.2258,-0.057
0-9,NONPAYER,Shuffle,8,3849.0,3335.0,11911,0.3231,0.28,0.0432
0-9,NONPAYER,Shuffle,9,3127.0,3233.0,11911,0.2625,0.2714,-0.0089
0-9,NONPAYER,Shuffle,10,3005.0,2947.0,11911,0.2523,0.2474,0.0049
0-9,NONPAYER,Shuffle,11,2864.0,2811.0,11911,0.2405,0.236,0.0044
0-9,NONPAYER,Shuffle,12,2970.0,2770.0,11911,0.2493,0.2326,0.0168
0-9,NONPAYER,Shuffle,13,2120.0,2615.0,11911,0.178,0.2195,-0.0416
0-9,NONPAYER,Shuffle,14,1958.0,2550.0,11911,0.1644,0.2141,-0.0497
0-9,NONPAYER,Shuffle,15,3635.0,3027.0,11911,0.3052,0.2541,0.051
0-9,NONPAYER,Shuffle,16,2814.0,2985.0,11911,0.2363,0.2506,-0.0144
0-9,NONPAYER,Shuffle,17,3006.0,2807.0,11911,0.2524,0.2357,0.0167
0-9,NONPAYER,Shuffle,18,2786.0,2724.0,11911,0.2339,0.2287,0.0052
0-9,NONPAYER,Shuffle,19,3064.0,2944.0,11911,0.2572,0.2472,0.0101
0-9,NONPAYER,Shuffle,20,2101.0,2652.0,11911,0.1764,0.2227,-0.0463
0-9,NONPAYER,Shuffle,21,1960.0,2594.0,11911,0.1646,0.2178,-0.0532
0-9,NONPAYER,Comet,1,3157.0,2190.0,9188,0.3436,0.2384,0.1052
0-9,NONPAYER,Comet,2,1540.0,1820.0,9188,0.1676,0.1981,-0.0305
0-9,NONPAYER,Comet,3,1296.0,1395.0,9188,0.1411,0.1518,-0.0108
0-9,NONPAYER,Comet,4,1316.0,1389.0,9188,0.1432,0.1512,-0.0079
0-9,NONPAYER,Comet,5,1212.0,1377.0,9188,0.1319,0.1499,-0.018
0-9,NONPAYER,Comet,6,731.0,1114.0,9188,0.0796,0.1212,-0.0417
0-9,NONPAYER,Comet,7,644.0,1086.0,9188,0.0701,0.1182,-0.0481
0-9,NONPAYER,Comet,8,2953.0,2055.0,9188,0.3214,0.2237,0.0977
0-9,NONPAYER,Comet,9,1470.0,1658.0,9188,0.16,0.1805,-0.0205
0-9,NONPAYER,Comet,10,1120.0,1375.0,9188,0.1219,0.1497,-0.0278
0-9,NONPAYER,Comet,11,1108.0,1311.0,9188,0.1206,0.1427,-0.0221
0-9,NONPAYER,Comet,12,1092.0,1161.0,9188,0.1189,0.1264,-0.0075
0-9,NONPAYER,Comet,13,665.0,1061.0,9188,0.0724,0.1155,-0.0431
0-9,NONPAYER,Comet,14,629.0,973.0,9188,0.0685,0.1059,-0.0374
0-9,NONPAYER,Comet,15,2812.0,1821.0,9188,0.3061,0.1982,0.1079
0-9,NONPAYER,Comet,16,1345.0,1576.0,9188,0.1464,0.1715,-0.0251
0-9,NONPAYER,Comet,17,1126.0,1349.0,9188,0.1226,0.1468,-0.0243
0-9,NONPAYER,Comet,18,1106.0,1309.0,9188,0.1204,0.1425,-0.0221
0-9,NONPAYER,Comet,19,1049.0,1185.0,9188,0.1142,0.129,-0.0148
0-9,NONPAYER,Comet,20,653.0,1081.0,9188,0.0711,0.1177,-0.0466
0-9,NONPAYER,Comet,21,676.0,1035.0,9188,0.0736,0.1126,-0.0391
0-9,NONPAYER,Red,1,11059.0,6812.0,16863,0.6558,0.404,0.2519
0-9,NONPAYER,Red,2,7287.0,6020.0,16863,0.4321,0.357,0.0751
0-9,NONPAYER,Red,3,5699.0,5380.0,16863,0.338,0.319,0.0189
0-9,NONPAYER,Red,4,5452.0,5064.0,16863,0.3233,0.3003,0.023
0-9,NONPAYER,Red,5,7382.0,5682.0,16863,0.4378,0.337,0.1008
0-9,NONPAYER,Red,6,5535.0,4917.0,16863,0.3282,0.2916,0.0366
0-9,NONPAYER,Red,7,4927.0,4962.0,16863,0.2922,0.2943,-0.0021
0-9,NONPAYER,Red,8,10293.0,6602.0,16863,0.6104,0.3915,0.2189
0-9,NONPAYER,Red,9,6973.0,5577.0,16863,0.4135,0.3307,0.0828
0-9,NONPAYER,Red,10,5646.0,5020.0,16863,0.3348,0.2977,0.0371
0-9,NONPAYER,Red,11,5106.0,4738.0,16863,0.3028,0.281,0.0218
0-9,NONPAYER,Red,12,6630.0,5123.0,16863,0.3932,0.3038,0.0894
0-9,NONPAYER,Red,13,5162.0,4779.0,16863,0.3061,0.2834,0.0227
0-9,NONPAYER,Red,14,4683.0,4854.0,16863,0.2777,0.2878,-0.0101
0-9,NONPAYER,Red,15,9811.0,6326.0,16863,0.5818,0.3751,0.2067
0-9,NONPAYER,Red,16,6584.0,5744.0,16863,0.3904,0.3406,0.0498
0-9,NONPAYER,Red,17,5358.0,5097.0,16863,0.3177,0.3023,0.0155
0-9,NONPAYER,Red,18,4297.0,4659.0,16863,0.2548,0.2763,-0.0215
0-9,NONPAYER,Red,19,6346.0,5023.0,16863,0.3763,0.2979,0.0785
0-9,NONPAYER,Red,20,4983.0,4956.0,16863,0.2955,0.2939,0.0016
0-9,NONPAYER,Red,21,4407.0,4538.0,16863,0.2613,0.2691,-0.0078
0-9,NONPAYER,Chuck,1,7346.0,5585.0,16076,0.457,0.3474,0.1095
0-9,NONPAYER,Chuck,2,5725.0,5007.0,16076,0.3561,0.3115,0.0447
0-9,NONPAYER,Chuck,3,4600.0,4581.0,16076,0.2861,0.285,0.0012
0-9,NONPAYER,Chuck,4,4209.0,4207.0,16076,0.2618,0.2617,0.0001
0-9,NONPAYER,Chuck,5,6340.0,5049.0,16076,0.3944,0.3141,0.0803
0-9,NONPAYER,Chuck,6,4532.0,4349.0,16076,0.2819,0.2705,0.0114
0-9,NONPAYER,Chuck,7,3890.0,4261.0,16076,0.242,0.2651,-0.0231
0-9,NONPAYER,Chuck,8,7413.0,5293.0,16076,0.4611,0.3292,0.1319
0-9,NONPAYER,Chuck,9,5480.0,4580.0,16076,0.3409,0.2849,0.056
0-9,NONPAYER,Chuck,10,4320.0,4109.0,16076,0.2687,0.2556,0.0131
0-9,NONPAYER,Chuck,11,4023.0,3827.0,16076,0.2502,0.2381,0.0122
0-9,NONPAYER,Chuck,12,5676.0,4493.0,16076,0.3531,0.2795,0.0736
0-9,NONPAYER,Chuck,13,4345.0,4171.0,16076,0.2703,0.2595,0.0108
0-9,NONPAYER,Chuck,14,3796.0,4203.0,16076,0.2361,0.2614,-0.0253
0-9,NONPAYER,Chuck,15,8172.0,5131.0,16076,0.5083,0.3192,0.1892
0-9,NONPAYER,Chuck,16,5502.0,4846.0,16076,0.3422,0.3014,0.0408
0-9,NONPAYER,Chuck,17,4564.0,4295.0,16076,0.2839,0.2672,0.0167
0-9,NONPAYER,Chuck,18,3830.0,3956.0,16076,0.2382,0.2461,-0.0078
0-9,NONPAYER,Chuck,19,4970.0,4302.0,16076,0.3092,0.2676,0.0416
0-9,NONPAYER,Chuck,20,3838.0,4203.0,16076,0.2387,0.2614,-0.0227
0-9,NONPAYER,Chuck,21,3317.0,3813.0,16076,0.2063,0.2372,-0.0309
0-9,NONPAYER,Bomb,1,3034.0,2507.0,12825,0.2366,0.1955,0.0411
0-9,NONPAYER,Bomb,2,1898.0,2219.0,12825,0.148,0.173,-0.025
0-9,NONPAYER,Bomb,3,1538.0,1927.0,12825,0.1199,0.1503,-0.0303
0-9,NONPAYER,Bomb,4,1525.0,1767.0,12825,0.1189,0.1378,-0.0189
0-9,NONPAYER,Bomb,5,3337.0,2505.0,12825,0.2602,0.1953,0.0649
0-9,NONPAYER,Bomb,6,1999.0,2048.0,12825,0.1559,0.1597,-0.0038
0-9,NONPAYER,Bomb,7,1497.0,1851.0,12825,0.1167,0.1443,-0.0276
0-9,NONPAYER,Bomb,8,2683.0,2192.0,12825,0.2092,0.1709,0.0383
0-9,NONPAYER,Bomb,9,1758.0,1875.0,12825,0.1371,0.1462,-0.0091
0-9,NONPAYER,Bomb,10,1392.0,1707.0,12825,0.1085,0.1331,-0.0246
0-9,NONPAYER,Bomb,11,1346.0,1538.0,12825,0.105,0.1199,-0.015
0-9,NONPAYER,Bomb,12,2849.0,2184.0,12825,0.2221,0.1703,0.0519
0-9,NONPAYER,Bomb,13,1821.0,1924.0,12825,0.142,0.15,-0.008
0-9,NONPAYER,Bomb,14,1482.0,1813.0,12825,0.1156,0.1414,-0.0258
0-9,NONPAYER,Bomb,15,2675.0,2069.0,12825,0.2086,0.1613,0.0473
0-9,NONPAYER,Bomb,16,1666.0,1971.0,12825,0.1299,0.1537,-0.0238
0-9,NONPAYER,Bomb,17,1475.0,1759.0,12825,0.115,0.1372,-0.0221
0-9,NONPAYER,Bomb,18,1393.0,1712.0,12825,0.1086,0.1335,-0.0249
0-9,NONPAYER,Bomb,19,2960.0,2258.0,12825,0.2308,0.1761,0.0547
0-9,NONPAYER,Bomb,20,1974.0,2180.0,12825,0.1539,0.17,-0.0161
0-9,NONPAYER,Bomb,21,1549.0,1865.0,12825,0.1208,0.1454,-0.0246
0-9,NONPAYER,UL Bomb,1,3050.0,900.0,2012,1.5159,0.4473,1.0686
0-9,NONPAYER,UL Bomb,2,2350.0,788.0,2012,1.168,0.3917,0.7763
0-9,NONPAYER,UL Bomb,3,2480.0,693.0,2012,1.2326,0.3444,0.8882
0-9,NONPAYER,UL Bomb,4,2195.0,619.0,2012,1.091,0.3077,0.7833
0-9,NONPAYER,UL Bomb,5,3080.0,837.0,2012,1.5308,0.416,1.1148
0-9,NONPAYER,UL Bomb,6,3340.0,1068.0,2012,1.66,0.5308,1.1292
0-9,NONPAYER,UL Bomb,7,3495.0,1160.0,2012,1.7371,0.5765,1.1605
0-9,NONPAYER,UL Bomb,8,3370.0,916.0,2012,1.675,0.4553,1.2197
0-9,NONPAYER,UL Bomb,9,2865.0,937.0,2012,1.424,0.4657,0.9583
0-9,NONPAYER,UL Bomb,10,2010.0,608.0,2012,0.999,0.3022,0.6968
0-9,NONPAYER,UL Bomb,11,2460.0,615.0,2012,1.2227,0.3057,0.917
0-9,NONPAYER,UL Bomb,12,2730.0,727.0,2012,1.3569,0.3613,0.9955
0-9,NONPAYER,UL Bomb,13,2740.0,818.0,2012,1.3618,0.4066,0.9553
0-9,NONPAYER,UL Bomb,14,3960.0,962.0,2012,1.9682,0.4781,1.4901
0-9,NONPAYER,UL Bomb,15,3170.0,1051.0,2012,1.5755,0.5224,1.0532
0-9,NONPAYER,UL Bomb,16,2230.0,758.0,2012,1.1083,0.3767,0.7316
0-9,NONPAYER,UL Bomb,17,2470.0,653.0,2012,1.2276,0.3246,0.9031
0-9,NONPAYER,UL Bomb,18,2390.0,604.0,2012,1.1879,0.3002,0.8877
0-9,NONPAYER,UL Bomb,19,2545.0,752.0,2012,1.2649,0.3738,0.8912
0-9,NONPAYER,UL Bomb,20,3600.0,1071.0,2012,1.7893,0.5323,1.257
0-9,NONPAYER,UL Bomb,21,3855.0,1214.0,2012,1.916,0.6034,1.3126
0-9,NONPAYER,UL Chuck,1,15180.0,3754.0,8031,1.8902,0.4674,1.4227
0-9,NONPAYER,UL Chuck,2,12430.0,3371.0,8031,1.5478,0.4197,1.128
0-9,NONPAYER,UL Chuck,3,11350.0,2676.0,8031,1.4133,0.3332,1.0801
0-9,NONPAYER,UL Chuck,4,10770.0,2555.0,8031,1.3411,0.3181,1.0229
0-9,NONPAYER,UL Chuck,5,12490.0,3210.0,8031,1.5552,0.3997,1.1555
0-9,NONPAYER,UL Chuck,6,13620.0,3476.0,8031,1.6959,0.4328,1.2631
0-9,NONPAYER,UL Chuck,7,14465.0,3961.0,8031,1.8011,0.4932,1.3079
0-9,NONPAYER,UL Chuck,8,12630.0,3622.0,8031,1.5727,0.451,1.1217
0-9,NONPAYER,UL Chuck,9,9655.0,2348.0,8031,1.2022,0.2924,0.9098
0-9,NONPAYER,UL Chuck,10,8340.0,1962.0,8031,1.0385,0.2443,0.7942
0-9,NONPAYER,UL Chuck,11,8230.0,1794.0,8031,1.0248,0.2234,0.8014
0-9,NONPAYER,UL Chuck,12,9025.0,2258.0,8031,1.1238,0.2812,0.8426
0-9,NONPAYER,UL Chuck,13,11425.0,3089.0,8031,1.4226,0.3846,1.038
0-9,NONPAYER,UL Chuck,14,14225.0,3809.0,8031,1.7713,0.4743,1.297
0-9,NONPAYER,UL Chuck,15,15660.0,4262.0,8031,1.9499,0.5307,1.4193
0-9,NONPAYER,UL Chuck,16,8975.0,2204.0,8031,1.1175,0.2744,0.8431
0-9,NONPAYER,UL Chuck,17,7010.0,1698.0,8031,0.8729,0.2114,0.6614
0-9,NONPAYER,UL Chuck,18,7630.0,1699.0,8031,0.9501,0.2116,0.7385
0-9,NONPAYER,UL Chuck,19,7765.0,1637.0,8031,0.9669,0.2038,0.763
0-9,NONPAYER,UL Chuck,20,9435.0,1822.0,8031,1.1748,0.2269,0.948
0-9,NONPAYER,UL Chuck,21,8440.0,2053.0,8031,1.0509,0.2556,0.7953
0-9,NONPAYER,UL Red,1,18325.0,5246.0,11477,1.5967,0.4571,1.1396
0-9,NONPAYER,UL Red,2,17945.0,4948.0,11477,1.5636,0.4311,1.1324
0-9,NONPAYER,UL Red,3,17860.0,4818.0,11477,1.5562,0.4198,1.1364
0-9,NONPAYER,UL Red,4,18395.0,5048.0,11477,1.6028,0.4398,1.1629
0-9,NONPAYER,UL Red,5,18280.0,4999.0,11477,1.5928,0.4356,1.1572
0-9,NONPAYER,UL Red,6,18495.0,5207.0,11477,1.6115,0.4537,1.1578
0-9,NONPAYER,UL Red,7,21795.0,5791.0,11477,1.899,0.5046,1.3944
0-9,NONPAYER,UL Red,8,19980.0,6029.0,11477,1.7409,0.5253,1.2156
0-9,NONPAYER,UL Red,9,13635.0,4019.0,11477,1.188,0.3502,0.8378
0-9,NONPAYER,UL Red,10,13595.0,3723.0,11477,1.1845,0.3244,0.8602
0-9,NONPAYER,UL Red,11,14960.0,3971.0,11477,1.3035,0.346,0.9575
0-9,NONPAYER,UL Red,12,14860.0,4014.0,11477,1.2948,0.3497,0.945
0-9,NONPAYER,UL Red,13,18140.0,4895.0,11477,1.5806,0.4265,1.154
0-9,NONPAYER,UL Red,14,17750.0,5003.0,11477,1.5466,0.4359,1.1107
0-9,NONPAYER,UL Red,15,26245.0,7421.0,11477,2.2867,0.6466,1.6401
0-9,NONPAYER,UL Red,16,15530.0,4234.0,11477,1.3531,0.3689,0.9842
0-9,NONPAYER,UL Red,17,14435.0,3892.0,11477,1.2577,0.3391,0.9186
0-9,NONPAYER,UL Red,18,16600.0,4370.0,11477,1.4464,0.3808,1.0656
0-9,NONPAYER,UL Red,19,11630.0,2885.0,11477,1.0133,0.2514,0.762
0-9,NONPAYER,UL Red,20,12635.0,2972.0,11477,1.1009,0.259,0.8419
0-9,NONPAYER,UL Red,21,13085.0,3245.0,11477,1.1401,0.2827,0.8574
0-9,NONPAYER,Unlimited Lives,1,714509.0,0.0,18630,38.3526,0.0,38.3526
0-9,NONPAYER,Unlimited Lives,2,624635.0,0.0,18630,33.5284,0.0,33.5284
0-9,NONPAYER,Unlimited Lives,3,635943.0,0.0,18630,34.1354,0.0,34.1354
0-9,NONPAYER,Unlimited Lives,4,610911.0,0.0,18630,32.7918,0.0,32.7918
0-9,NONPAYER,Unlimited Lives,5,564399.0,0.0,18630,30.2952,0.0,30.2952
0-9,NONPAYER,Unlimited Lives,6,475289.0,0.0,18630,25.512,0.0,25.512
0-9,NONPAYER,Unlimited Lives,7,469192.0,0.0,18630,25.1848,0.0,25.1848
0-9,NONPAYER,Unlimited Lives,8,573090.0,0.0,18630,30.7617,0.0,30.7617
0-9,NONPAYER,Unlimited Lives,9,573015.0,14.0,18630,30.7576,0.0008,30.7569
0-9,NONPAYER,Unlimited Lives,10,545292.0,0.0,18630,29.2696,0.0,29.2696
0-9,NONPAYER,Unlimited Lives,11,520191.0,0.0,18630,27.9222,0.0,27.9222
0-9,NONPAYER,Unlimited Lives,12,520615.0,7.0,18630,27.945,0.0004,27.9446
0-9,NONPAYER,Unlimited Lives,13,448860.0,6.0,18630,24.0934,0.0003,24.0931
0-9,NONPAYER,Unlimited Lives,14,440814.0,0.0,18630,23.6615,0.0,23.6615
0-9,NONPAYER,Unlimited Lives,15,548910.0,1.0,18630,29.4638,0.0001,29.4637
0-9,NONPAYER,Unlimited Lives,16,528747.0,0.0,18630,28.3815,0.0,28.3815
0-9,NONPAYER,Unlimited Lives,17,507158.0,0.0,18630,27.2227,0.0,27.2227
0-9,NONPAYER,Unlimited Lives,18,484138.0,0.0,18630,25.987,0.0,25.987
0-9,NONPAYER,Unlimited Lives,19,504017.0,0.0,18630,27.0541,0.0,27.0541
0-9,NONPAYER,Unlimited Lives,20,446543.0,0.0,18630,23.969,0.0,23.969
0-9,NONPAYER,Unlimited Lives,21,435262.0,0.0,18630,23.3635,0.0,23.3635
0-9,NONPAYER,SPT,1,433166.0,0.0,18201,23.799,0.0,23.799
0-9,NONPAYER,SPT,2,432030.0,0.0,18201,23.7366,0.0,23.7366
0-9,NONPAYER,SPT,3,259208.0,0.0,18201,14.2414,0.0,14.2414
0-9,NONPAYER,SPT,4,378410.0,0.0,18201,20.7906,0.0,20.7906
0-9,NONPAYER,SPT,5,445322.0,0.0,18201,24.4669,0.0,24.4669
0-9,NONPAYER,SPT,6,389422.0,0.0,18201,21.3956,0.0,21.3956
0-9,NONPAYER,SPT,7,377488.0,0.0,18201,20.74,0.0,20.74
0-9,NONPAYER,SPT,8,539666.0,0.0,18201,29.6503,0.0,29.6503
0-9,NONPAYER,SPT,9,435188.0,0.0,18201,23.9101,0.0,23.9101
0-9,NONPAYER,SPT,10,411767.0,0.0,18201,22.6233,0.0,22.6233
0-9,NONPAYER,SPT,11,495786.0,0.0,18201,27.2395,0.0,27.2395
0-9,NONPAYER,SPT,12,482707.0,0.0,18201,26.5209,0.0,26.5209
0-9,NONPAYER,SPT,13,449006.0,0.0,18201,24.6693,0.0,24.6693
0-9,NONPAYER,SPT,14,446328.0,0.0,18201,24.5222,0.0,24.5222
0-9,NONPAYER,SPT,15,594240.0,0.0,18201,32.6488,0.0,32.6488
0-9,NONPAYER,SPT,16,594635.0,0.0,18201,32.6705,0.0,32.6705
0-9,NONPAYER,SPT,17,564344.0,0.0,18201,31.0062,0.0,31.0062
0-9,NONPAYER,SPT,18,557972.0,0.0,18201,30.6561,0.0,30.6561
0-9,NONPAYER,SPT,19,526561.0,0.0,18201,28.9303,0.0,28.9303
0-9,NONPAYER,SPT,20,496821.0,0.0,18201,27.2964,0.0,27.2964
0-9,NONPAYER,SPT,21,473421.0,0.0,18201,26.0107,0.0,26.0107
0-9,NONPAYER,SPTx2,1,30.0,0.0,6952,0.0043,0.0,0.0043
0-9,NONPAYER,SPTx2,2,45.0,0.0,6952,0.0065,0.0,0.0065
0-9,NONPAYER,SPTx2,3,15.0,0.0,6952,0.0022,0.0,0.0022
0-9,NONPAYER,SPTx2,4,30.0,0.0,6952,0.0043,0.0,0.0043
0-9,NONPAYER,SPTx2,5,0.0,0.0,6952,0.0,0.0,0.0
0-9,NONPAYER,SPTx2,6,70.0,0.0,6952,0.0101,0.0,0.0101
0-9,NONPAYER,SPTx2,7,45.0,0.0,6952,0.0065,0.0,0.0065
0-9,NONPAYER,SPTx2,8,16370.0,0.0,6952,2.3547,0.0,2.3547
0-9,NONPAYER,SPTx2,9,15730.0,0.0,6952,2.2627,0.0,2.2627
0-9,NONPAYER,SPTx2,10,12615.0,0.0,6952,1.8146,0.0,1.8146
0-9,NONPAYER,SPTx2,11,10470.0,0.0,6952,1.506,0.0,1.506
0-9,NONPAYER,SPTx2,12,725.0,0.0,6952,0.1043,0.0,0.1043
0-9,NONPAYER,SPTx2,13,155.0,0.0,6952,0.0223,0.0,0.0223
0-9,NONPAYER,SPTx2,14,70.0,0.0,6952,0.0101,0.0,0.0101
0-9,NONPAYER,SPTx2,15,15170.0,0.0,6952,2.1821,0.0,2.1821
0-9,NONPAYER,SPTx2,16,16605.0,0.0,6952,2.3885,0.0,2.3885
0-9,NONPAYER,SPTx2,17,12260.0,0.0,6952,1.7635,0.0,1.7635
0-9,NONPAYER,SPTx2,18,9360.0,0.0,6952,1.3464,0.0,1.3464
0-9,NONPAYER,SPTx2,19,940.0,0.0,6952,0.1352,0.0,0.1352
0-9,NONPAYER,SPTx2,20,175.0,0.0,6952,0.0252,0.0,0.0252
0-9,NONPAYER,SPTx2,21,95.0,0.0,6952,0.0137,0.0,0.0137
0-9,PAYER,HC,1,293372.0,265300.0,5649,51.9334,46.9641,4.9694
0-9,PAYER,HC,2,165456.0,185900.0,5649,29.2894,32.9085,-3.619
0-9,PAYER,HC,3,145139.0,165600.0,5649,25.6929,29.3149,-3.6221
0-9,PAYER,HC,4,131744.0,146950.0,5649,23.3216,26.0135,-2.6918
0-9,PAYER,HC,5,236035.0,185200.0,5649,41.7835,32.7846,8.9989
0-9,PAYER,HC,6,141973.0,154850.0,5649,25.1324,27.4119,-2.2795
0-9,PAYER,HC,7,131270.0,148450.0,5649,23.2377,26.279,-3.0412
0-9,PAYER,HC,8,268592.0,232900.0,5649,47.5468,41.2285,6.3183
0-9,PAYER,HC,9,159374.0,171600.0,5649,28.2128,30.3771,-2.1643
0-9,PAYER,HC,10,132316.0,142050.0,5649,23.4229,25.146,-1.7231
0-9,PAYER,HC,11,141308.0,153450.0,5649,25.0147,27.1641,-2.1494
0-9,PAYER,HC,12,227104.0,181050.0,5649,40.2025,32.0499,8.1526
0-9,PAYER,HC,13,148753.0,152750.0,5649,26.3326,27.0402,-0.7076
0-9,PAYER,HC,14,122755.0,142350.0,5649,21.7304,25.1992,-3.4688
0-9,PAYER,HC,15,260700.0,208300.0,5649,46.1498,36.8738,9.276
0-9,PAYER,HC,16,158948.0,173050.0,5649,28.1374,30.6337,-2.4964
0-9,PAYER,HC,17,144622.0,164250.0,5649,25.6013,29.0759,-3.4746
0-9,PAYER,HC,18,132307.0,152200.0,5649,23.4213,26.9428,-3.5215
0-9,PAYER,HC,19,230611.0,180950.0,5649,40.8233,32.0322,8.7911
0-9,PAYER,HC,20,150551.0,158050.0,5649,26.6509,27.9784,-1.3275
0-9,PAYER,HC,21,132371.0,145750.0,5649,23.4326,25.801,-2.3684
0-9,PAYER,Slingshot,1,3937.0,2968.0,4628,0.8507,0.6413,0.2094
0-9,PAYER,Slingshot,2,3089.0,2718.0,4628,0.6675,0.5873,0.0802
0-9,PAYER,Slingshot,3,2878.0,2594.0,4628,0.6219,0.5605,0.0614
0-9,PAYER,Slingshot,4,2248.0,2307.0,4628,0.4857,0.4985,-0.0127
0-9,PAYER,Slingshot,5,2803.0,2463.0,4628,0.6057,0.5322,0.0735
0-9,PAYER,Slingshot,6,1540.0,1939.0,4628,0.3328,0.419,-0.0862
0-9,PAYER,Slingshot,7,1388.0,1831.0,4628,0.2999,0.3956,-0.0957
0-9,PAYER,Slingshot,8,3574.0,2847.0,4628,0.7723,0.6152,0.1571
0-9,PAYER,Slingshot,9,2928.0,2624.0,4628,0.6327,0.567,0.0657
0-9,PAYER,Slingshot,10,2740.0,2514.0,4628,0.592,0.5432,0.0488
0-9,PAYER,Slingshot,11,2260.0,2359.0,4628,0.4883,0.5097,-0.0214
0-9,PAYER,Slingshot,12,2815.0,2452.0,4628,0.6083,0.5298,0.0784
0-9,PAYER,Slingshot,13,1540.0,1996.0,4628,0.3328,0.4313,-0.0985
0-9,PAYER,Slingshot,14,1329.0,1862.0,4628,0.2872,0.4023,-0.1152
0-9,PAYER,Slingshot,15,3406.0,2654.0,4628,0.736,0.5735,0.1625
0-9,PAYER,Slingshot,16,2958.0,2620.0,4628,0.6392,0.5661,0.073
0-9,PAYER,Slingshot,17,2798.0,2566.0,4628,0.6046,0.5545,0.0501
0-9,PAYER,Slingshot,18,2137.0,2289.0,4628,0.4618,0.4946,-0.0328
0-9,PAYER,Slingshot,19,2655.0,2369.0,4628,0.5737,0.5119,0.0618
0-9,PAYER,Slingshot,20,1579.0,2092.0,4628,0.3412,0.452,-0.1108
0-9,PAYER,Slingshot,21,1442.0,1958.0,4628,0.3116,0.4231,-0.1115
0-9,PAYER,Shuffle,1,2379.0,2072.0,4288,0.5548,0.4832,0.0716
0-9,PAYER,Shuffle,2,1484.0,1648.0,4288,0.3461,0.3843,-0.0382
0-9,PAYER,Shuffle,3,1455.0,1624.0,4288,0.3393,0.3787,-0.0394
0-9,PAYER,Shuffle,4,1352.0,1483.0,4288,0.3153,0.3458,-0.0306
0-9,PAYER,Shuffle,5,1761.0,1635.0,4288,0.4107,0.3813,0.0294
0-9,PAYER,Shuffle,6,1123.0,1385.0,4288,0.2619,0.323,-0.0611
0-9,PAYER,Shuffle,7,961.0,1277.0,4288,0.2241,0.2978,-0.0737
0-9,PAYER,Shuffle,8,2204.0,1866.0,4288,0.514,0.4352,0.0788
0-9,PAYER,Shuffle,9,1541.0,1666.0,4288,0.3594,0.3885,-0.0292
0-9,PAYER,Shuffle,10,1452.0,1509.0,4288,0.3386,0.3519,-0.0133
0-9,PAYER,Shuffle,11,1437.0,1510.0,4288,0.3351,0.3521,-0.017
0-9,PAYER,Shuffle,12,1713.0,1576.0,4288,0.3995,0.3675,0.0319
0-9,PAYER,Shuffle,13,969.0,1283.0,4288,0.226,0.2992,-0.0732
0-9,PAYER,Shuffle,14,963.0,1366.0,4288,0.2246,0.3186,-0.094
0-9,PAYER,Shuffle,15,2059.0,1737.0,4288,0.4802,0.4051,0.0751
0-9,PAYER,Shuffle,16,1455.0,1620.0,4288,0.3393,0.3778,-0.0385
0-9,PAYER,Shuffle,17,1526.0,1539.0,4288,0.3559,0.3589,-0.003
0-9,PAYER,Shuffle,18,1346.0,1474.0,4288,0.3139,0.3438,-0.0299
0-9,PAYER,Shuffle,19,1639.0,1548.0,4288,0.3822,0.361,0.0212
0-9,PAYER,Shuffle,20,1043.0,1333.0,4288,0.2432,0.3109,-0.0676
0-9,PAYER,Shuffle,21,922.0,1220.0,4288,0.215,0.2845,-0.0695
0-9,PAYER,Comet,1,1845.0,1415.0,3852,0.479,0.3673,0.1116
0-9,PAYER,Comet,2,784.0,1006.0,3852,0.2035,0.2612,-0.0576
0-9,PAYER,Comet,3,600.0,814.0,3852,0.1558,0.2113,-0.0556
0-9,PAYER,Comet,4,602.0,713.0,3852,0.1563,0.1851,-0.0288
0-9,PAYER,Comet,5,812.0,755.0,3852,0.2108,0.196,0.0148
0-9,PAYER,Comet,6,430.0,567.0,3852,0.1116,0.1472,-0.0356
0-9,PAYER,Comet,7,305.0,531.0,3852,0.0792,0.1379,-0.0587
0-9,PAYER,Comet,8,1690.0,1293.0,3852,0.4387,0.3357,0.1031
0-9,PAYER,Comet,9,731.0,864.0,3852,0.1898,0.2243,-0.0345
0-9,PAYER,Comet,10,578.0,763.0,3852,0.1501,0.1981,-0.048
0-9,PAYER,Comet,11,663.0,702.0,3852,0.1721,0.1822,-0.0101
0-9,PAYER,Comet,12,782.0,716.0,3852,0.203,0.1859,0.0171
0-9,PAYER,Comet,13,376.0,569.0,3852,0.0976,0.1477,-0.0501
0-9,PAYER,Comet,14,335.0,532.0,3852,0.087,0.1381,-0.0511
0-9,PAYER,Comet,15,1713.0,1244.0,3852,0.4447,0.3229,0.1218
0-9,PAYER,Comet,16,729.0,878.0,3852,0.1893,0.2279,-0.0387
0-9,PAYER,Comet,17,578.0,783.0,3852,0.1501,0.2033,-0.0532
0-9,PAYER,Comet,18,595.0,760.0,3852,0.1545,0.1973,-0.0428
0-9,PAYER,Comet,19,768.0,727.0,3852,0.1994,0.1887,0.0106
0-9,PAYER,Comet,20,408.0,622.0,3852,0.1059,0.1615,-0.0556
0-9,PAYER,Comet,21,371.0,509.0,3852,0.0963,0.1321,-0.0358
0-9,PAYER,Red,1,4895.0,3772.0,5328,0.9187,0.708,0.2108
0-9,PAYER,Red,2,2887.0,2949.0,5328,0.5419,0.5535,-0.0116
0-9,PAYER,Red,3,2262.0,2637.0,5328,0.4245,0.4949,-0.0704
0-9,PAYER,Red,4,2032.0,2376.0,5328,0.3814,0.4459,-0.0646
0-9,PAYER,Red,5,3462.0,3009.0,5328,0.6498,0.5648,0.085
0-9,PAYER,Red,6,2228.0,2520.0,5328,0.4182,0.473,-0.0548
0-9,PAYER,Red,7,1916.0,2347.0,5328,0.3596,0.4405,-0.0809
0-9,PAYER,Red,8,4657.0,3556.0,5328,0.8741,0.6674,0.2066
0-9,PAYER,Red,9,2870.0,2902.0,5328,0.5387,0.5447,-0.006
0-9,PAYER,Red,10,2291.0,2501.0,5328,0.43,0.4694,-0.0394
0-9,PAYER,Red,11,2155.0,2418.0,5328,0.4045,0.4538,-0.0494
0-9,PAYER,Red,12,3392.0,2907.0,5328,0.6366,0.5456,0.091
0-9,PAYER,Red,13,2088.0,2430.0,5328,0.3919,0.4561,-0.0642
0-9,PAYER,Red,14,1844.0,2324.0,5328,0.3461,0.4362,-0.0901
0-9,PAYER,Red,15,4378.0,3440.0,5328,0.8217,0.6456,0.1761
0-9,PAYER,Red,16,2872.0,3066.0,5328,0.539,0.5755,-0.0364
0-9,PAYER,Red,17,2137.0,2500.0,5328,0.4011,0.4692,-0.0681
0-9,PAYER,Red,18,1792.0,2287.0,5328,0.3363,0.4292,-0.0929
0-9,PAYER,Red,19,3020.0,2723.0,5328,0.5668,0.5111,0.0557
0-9,PAYER,Red,20,2038.0,2291.0,5328,0.3825,0.43,-0.0475
0-9,PAYER,Red,21,1732.0,2246.0,5328,0.3251,0.4215,-0.0965
0-9,PAYER,Chuck,1,3130.0,2912.0,5180,0.6042,0.5622,0.0421
0-9,PAYER,Chuck,2,2317.0,2439.0,5180,0.4473,0.4708,-0.0236
0-9,PAYER,Chuck,3,1795.0,2143.0,5180,0.3465,0.4137,-0.0672
0-9,PAYER,Chuck,4,1626.0,1914.0,5180,0.3139,0.3695,-0.0556
0-9,PAYER,Chuck,5,3041.0,2622.0,5180,0.5871,0.5062,0.0809
0-9,PAYER,Chuck,6,1962.0,2141.0,5180,0.3788,0.4133,-0.0346
0-9,PAYER,Chuck,7,1537.0,2008.0,5180,0.2967,0.3876,-0.0909
0-9,PAYER,Chuck,8,3244.0,2673.0,5180,0.6263,0.516,0.1102
0-9,PAYER,Chuck,9,2244.0,2239.0,5180,0.4332,0.4322,0.001
0-9,PAYER,Chuck,10,1791.0,1969.0,5180,0.3458,0.3801,-0.0344
0-9,PAYER,Chuck,11,1692.0,1901.0,5180,0.3266,0.367,-0.0403
0-9,PAYER,Chuck,12,3091.0,2637.0,5180,0.5967,0.5091,0.0876
0-9,PAYER,Chuck,13,1994.0,2131.0,5180,0.3849,0.4114,-0.0264
0-9,PAYER,Chuck,14,1593.0,2095.0,5180,0.3075,0.4044,-0.0969
0-9,PAYER,Chuck,15,3516.0,2713.0,5180,0.6788,0.5237,0.155
0-9,PAYER,Chuck,16,2441.0,2496.0,5180,0.4712,0.4819,-0.0106
0-9,PAYER,Chuck,17,1888.0,2116.0,5180,0.3645,0.4085,-0.044
0-9,PAYER,Chuck,18,1715.0,1910.0,5180,0.3311,0.3687,-0.0376
0-9,PAYER,Chuck,19,2550.0,2394.0,5180,0.4923,0.4622,0.0301
0-9,PAYER,Chuck,20,1670.0,1990.0,5180,0.3224,0.3842,-0.0618
0-9,PAYER,Chuck,21,1375.0,1884.0,5180,0.2654,0.3637,-0.0983
0-9,PAYER,Bomb,1,1410.0,1395.0,4610,0.3059,0.3026,0.0033
0-9,PAYER,Bomb,2,805.0,1022.0,4610,0.1746,0.2217,-0.0471
0-9,PAYER,Bomb,3,632.0,953.0,4610,0.1371,0.2067,-0.0696
0-9,PAYER,Bomb,4,575.0,902.0,4610,0.1247,0.1957,-0.0709
0-9,PAYER,Bomb,5,1811.0,1443.0,4610,0.3928,0.313,0.0798
0-9,PAYER,Bomb,6,879.0,1104.0,4610,0.1907,0.2395,-0.0488
0-9,PAYER,Bomb,7,593.0,934.0,4610,0.1286,0.2026,-0.074
0-9,PAYER,Bomb,8,1328.0,1268.0,4610,0.2881,0.2751,0.013
0-9,PAYER,Bomb,9,758.0,984.0,4610,0.1644,0.2134,-0.049
0-9,PAYER,Bomb,10,619.0,835.0,4610,0.1343,0.1811,-0.0469
0-9,PAYER,Bomb,11,730.0,866.0,4610,0.1584,0.1879,-0.0295
0-9,PAYER,Bomb,12,1823.0,1389.0,4610,0.3954,0.3013,0.0941
0-9,PAYER,Bomb,13,924.0,1128.0,4610,0.2004,0.2447,-0.0443
0-9,PAYER,Bomb,14,692.0,1008.0,4610,0.1501,0.2187,-0.0685
0-9,PAYER,Bomb,15,1366.0,1313.0,4610,0.2963,0.2848,0.0115
0-9,PAYER,Bomb,16,855.0,1152.0,4610,0.1855,0.2499,-0.0644
0-9,PAYER,Bomb,17,725.0,981.0,4610,0.1573,0.2128,-0.0555
0-9,PAYER,Bomb,18,687.0,968.0,4610,0.149,0.21,-0.061
0-9,PAYER,Bomb,19,1751.0,1507.0,4610,0.3798,0.3269,0.0529
0-9,PAYER,Bomb,20,987.0,1161.0,4610,0.2141,0.2518,-0.0377
0-9,PAYER,Bomb,21,729.0,1064.0,4610,0.1581,0.2308,-0.0727
0-9,PAYER,UL Bomb,1,1525.0,1677.0,1139,1.3389,1.4723,-0.1335
0-9,PAYER,UL Bomb,2,1390.0,1278.0,1139,1.2204,1.122,0.0983
0-9,PAYER,UL Bomb,3,1365.0,1507.0,1139,1.1984,1.3231,-0.1247
0-9,PAYER,UL Bomb,4,1255.0,1299.0,1139,1.1018,1.1405,-0.0386
0-9,PAYER,UL Bomb,5,1495.0,1474.0,1139,1.3126,1.2941,0.0184
0-9,PAYER,UL Bomb,6,1485.0,1127.0,1139,1.3038,0.9895,0.3143
0-9,PAYER,UL Bomb,7,1695.0,1500.0,1139,1.4881,1.3169,0.1712
0-9,PAYER,UL Bomb,8,1620.0,1483.0,1139,1.4223,1.302,0.1203
0-9,PAYER,UL Bomb,9,1365.0,1241.0,1139,1.1984,1.0896,0.1089
0-9,PAYER,UL Bomb,10,1255.0,1146.0,1139,1.1018,1.0061,0.0957
0-9,PAYER,UL Bomb,11,1345.0,1483.0,1139,1.1809,1.302,-0.1212
0-9,PAYER,UL Bomb,12,1560.0,1670.0,1139,1.3696,1.4662,-0.0966
0-9,PAYER,UL Bomb,13,1905.0,1534.0,1139,1.6725,1.3468,0.3257
0-9,PAYER,UL Bomb,14,1995.0,1478.0,1139,1.7515,1.2976,0.4539
0-9,PAYER,UL Bomb,15,2000.0,1360.0,1139,1.7559,1.194,0.5619
0-9,PAYER,UL Bomb,16,1555.0,1395.0,1139,1.3652,1.2248,0.1405
0-9,PAYER,UL Bomb,17,1250.0,1510.0,1139,1.0975,1.3257,-0.2283
0-9,PAYER,UL Bomb,18,1775.0,1476.0,1139,1.5584,1.2959,0.2625
0-9,PAYER,UL Bomb,19,1735.0,1557.0,1139,1.5233,1.367,0.1563
0-9,PAYER,UL Bomb,20,1760.0,2186.0,1139,1.5452,1.9192,-0.374
0-9,PAYER,UL Bomb,21,1890.0,1235.0,1139,1.6594,1.0843,0.5751
0-9,PAYER,UL Chuck,1,6675.0,3242.0,2940,2.2704,1.1027,1.1677
0-9,PAYER,UL Chuck,2,5450.0,2467.0,2940,1.8537,0.8391,1.0146
0-9,PAYER,UL Chuck,3,4665.0,2440.0,2940,1.5867,0.8299,0.7568
0-9,PAYER,UL Chuck,4,5060.0,2352.0,2940,1.7211,0.8,0.9211
0-9,PAYER,UL Chuck,5,5750.0,2662.0,2940,1.9558,0.9054,1.0503
0-9,PAYER,UL Chuck,6,6500.0,2532.0,2940,2.2109,0.8612,1.3497
0-9,PAYER,UL Chuck,7,7360.0,3066.0,2940,2.5034,1.0429,1.4605
0-9,PAYER,UL Chuck,8,5960.0,2663.0,2940,2.0272,0.9058,1.1214
0-9,PAYER,UL Chuck,9,3860.0,1900.0,2940,1.3129,0.6463,0.6667
0-9,PAYER,UL Chuck,10,4025.0,1880.0,2940,1.369,0.6395,0.7296
0-9,PAYER,UL Chuck,11,4405.0,2298.0,2940,1.4983,0.7816,0.7167
0-9,PAYER,UL Chuck,12,4915.0,2385.0,2940,1.6718,0.8112,0.8605
0-9,PAYER,UL Chuck,13,5665.0,2459.0,2940,1.9269,0.8364,1.0905
0-9,PAYER,UL Chuck,14,6205.0,2803.0,2940,2.1105,0.9534,1.1571
0-9,PAYER,UL Chuck,15,6160.0,2255.0,2940,2.0952,0.767,1.3282
0-9,PAYER,UL Chuck,16,4290.0,1993.0,2940,1.4592,0.6779,0.7813
0-9,PAYER,UL Chuck,17,3680.0,2148.0,2940,1.2517,0.7306,0.5211
0-9,PAYER,UL Chuck,18,3805.0,2073.0,2940,1.2942,0.7051,0.5891
0-9,PAYER,UL Chuck,19,5355.0,2239.0,2940,1.8214,0.7616,1.0599
0-9,PAYER,UL Chuck,20,4060.0,2682.0,2940,1.381,0.9122,0.4687
0-9,PAYER,UL Chuck,21,4530.0,1754.0,2940,1.5408,0.5966,0.9442
0-9,PAYER,UL Red,1,8435.0,3851.0,3992,2.113,0.9647,1.1483
0-9,PAYER,UL Red,2,7810.0,3427.0,3992,1.9564,0.8585,1.0979
0-9,PAYER,UL Red,3,7075.0,3575.0,3992,1.7723,0.8955,0.8768
0-9,PAYER,UL Red,4,6900.0,3209.0,3992,1.7285,0.8039,0.9246
0-9,PAYER,UL Red,5,8340.0,3707.0,3992,2.0892,0.9286,1.1606
0-9,PAYER,UL Red,6,8325.0,3167.0,3992,2.0854,0.7933,1.2921
0-9,PAYER,UL Red,7,8760.0,3647.0,3992,2.1944,0.9136,1.2808
0-9,PAYER,UL Red,8,7530.0,3582.0,3992,1.8863,0.8973,0.989
0-9,PAYER,UL Red,9,6005.0,2624.0,3992,1.5043,0.6573,0.8469
0-9,PAYER,UL Red,10,6060.0,2569.0,3992,1.518,0.6435,0.8745
0-9,PAYER,UL Red,11,7975.0,3407.0,3992,1.9977,0.8535,1.1443
0-9,PAYER,UL Red,12,8030.0,3646.0,3992,2.0115,0.9133,1.0982
0-9,PAYER,UL Red,13,8165.0,3521.0,3992,2.0453,0.882,1.1633
0-9,PAYER,UL Red,14,8720.0,3555.0,3992,2.1844,0.8905,1.2938
0-9,PAYER,UL Red,15,9905.0,3571.0,3992,2.4812,0.8945,1.5867
0-9,PAYER,UL Red,16,6375.0,2895.0,3992,1.5969,0.7252,0.8717
0-9,PAYER,UL Red,17,6915.0,3271.0,3992,1.7322,0.8194,0.9128
0-9,PAYER,UL Red,18,7775.0,3452.0,3992,1.9476,0.8647,1.0829
0-9,PAYER,UL Red,19,6310.0,2737.0,3992,1.5807,0.6856,0.895
0-9,PAYER,UL Red,20,7140.0,3458.0,3992,1.7886,0.8662,0.9223
0-9,PAYER,UL Red,21,6315.0,2657.0,3992,1.5819,0.6656,0.9163
0-9,PAYER,Unlimited Lives,1,321610.0,0.0,5610,57.328,0.0,57.328
0-9,PAYER,Unlimited Lives,2,273775.0,0.0,5610,48.8012,0.0,48.8012
0-9,PAYER,Unlimited Lives,3,272326.0,0.0,5610,48.543,0.0,48.543
0-9,PAYER,Unlimited Lives,4,260371.0,0.0,5610,46.4119,0.0,46.4119
0-9,PAYER,Unlimited Lives,5,244965.0,0.0,5610,43.6658,0.0,43.6658
0-9,PAYER,Unlimited Lives,6,204225.0,0.0,5610,36.4037,0.0,36.4037
0-9,PAYER,Unlimited Lives,7,192590.0,0.0,5610,34.3298,0.0,34.3298
0-9,PAYER,Unlimited Lives,8,259225.0,0.0,5610,46.2077,0.0,46.2077
0-9,PAYER,Unlimited Lives,9,256455.0,0.0,5610,45.7139,0.0,45.7139
0-9,PAYER,Unlimited Lives,10,241713.0,0.0,5610,43.0861,0.0,43.0861
0-9,PAYER,Unlimited Lives,11,241920.0,0.0,5610,43.123,0.0,43.123
0-9,PAYER,Unlimited Lives,12,232040.0,0.0,5610,41.3619,0.0,41.3619
0-9,PAYER,Unlimited Lives,13,190440.0,0.0,5610,33.9465,0.0,33.9465
0-9,PAYER,Unlimited Lives,14,188930.0,0.0,5610,33.6774,0.0,33.6774
0-9,PAYER,Unlimited Lives,15,252180.0,0.0,5610,44.9519,0.0,44.9519
0-9,PAYER,Unlimited Lives,16,245565.0,0.0,5610,43.7727,0.0,43.7727
0-9,PAYER,Unlimited Lives,17,229252.0,0.0,5610,40.8649,0.0,40.8649
0-9,PAYER,Unlimited Lives,18,226205.0,0.0,5610,40.3217,0.0,40.3217
0-9,PAYER,Unlimited Lives,19,225850.0,0.0,5610,40.2585,0.0,40.2585
0-9,PAYER,Unlimited Lives,20,190310.0,0.0,5610,33.9234,0.0,33.9234
0-9,PAYER,Unlimited Lives,21,192982.0,0.0,5610,34.3996,0.0,34.3996
0-9,PAYER,SPT,1,187912.0,0.0,5532,33.9682,0.0,33.9682
0-9,PAYER,SPT,2,179140.0,0.0,5532,32.3825,0.0,32.3825
0-9,PAYER,SPT,3,103604.0,0.0,5532,18.7281,0.0,18.7281
0-9,PAYER,SPT,4,157153.0,0.0,5532,28.408,0.0,28.408
0-9,PAYER,SPT,5,207429.0,0.0,5532,37.4962,0.0,37.4962
0-9,PAYER,SPT,6,162834.0,0.0,5532,29.4349,0.0,29.4349
0-9,PAYER,SPT,7,158813.0,0.0,5532,28.7081,0.0,28.7081
0-9,PAYER,SPT,8,252181.0,0.0,5532,45.5859,0.0,45.5859
0-9,PAYER,SPT,9,186072.0,0.0,5532,33.6356,0.0,33.6356
0-9,PAYER,SPT,10,177882.0,0.0,5532,32.1551,0.0,32.1551
0-9,PAYER,SPT,11,222966.0,0.0,5532,40.3048,0.0,40.3048
0-9,PAYER,SPT,12,240542.0,0.0,5532,43.4819,0.0,43.4819
0-9,PAYER,SPT,13,196459.0,0.0,5532,35.5132,0.0,35.5132
0-9,PAYER,SPT,14,185768.0,0.0,5532,33.5806,0.0,33.5806
0-9,PAYER,SPT,15,275537.0,0.0,5532,49.8078,0.0,49.8078
0-9,PAYER,SPT,16,261428.0,0.0,5532,47.2574,0.0,47.2574
0-9,PAYER,SPT,17,242731.0,0.0,5532,43.8776,0.0,43.8776
0-9,PAYER,SPT,18,237745.0,0.0,5532,42.9763,0.0,42.9763
0-9,PAYER,SPT,19,239895.0,0.0,5532,43.365,0.0,43.365
0-9,PAYER,SPT,20,198664.0,0.0,5532,35.9118,0.0,35.9118
0-9,PAYER,SPT,21,195404.0,0.0,5532,35.3225,0.0,35.3225
0-9,PAYER,SPTx2,1,0.0,0.0,3018,0.0,0.0,0.0
0-9,PAYER,SPTx2,2,15.0,0.0,3018,0.005,0.0,0.005
0-9,PAYER,SPTx2,3,0.0,0.0,3018,0.0,0.0,0.0
0-9,PAYER,SPTx2,4,0.0,0.0,3018,0.0,0.0,0.0
0-9,PAYER,SPTx2,5,0.0,0.0,3018,0.0,0.0,0.0
0-9,PAYER,SPTx2,6,0.0,0.0,3018,0.0,0.0,0.0
0-9,PAYER,SPTx2,7,30.0,0.0,3018,0.0099,0.0,0.0099
0-9,PAYER,SPTx2,8,7965.0,0.0,3018,2.6392,0.0,2.6392
0-9,PAYER,SPTx2,9,7670.0,0.0,3018,2.5414,0.0,2.5414
0-9,PAYER,SPTx2,10,5220.0,0.0,3018,1.7296,0.0,1.7296
0-9,PAYER,SPTx2,11,4120.0,0.0,3018,1.3651,0.0,1.3651
0-9,PAYER,SPTx2,12,505.0,0.0,3018,0.1673,0.0,0.1673
0-9,PAYER,SPTx2,13,55.0,0.0,3018,0.0182,0.0,0.0182
0-9,PAYER,SPTx2,14,10.0,0.0,3018,0.0033,0.0,0.0033
0-9,PAYER,SPTx2,15,7310.0,0.0,3018,2.4221,0.0,2.4221
0-9,PAYER,SPTx2,16,7220.0,0.0,3018,2.3923,0.0,2.3923
0-9,PAYER,SPTx2,17,5525.0,0.0,3018,1.8307,0.0,1.8307
0-9,PAYER,SPTx2,18,4050.0,0.0,3018,1.3419,0.0,1.3419
0-9,PAYER,SPTx2,19,320.0,0.0,3018,0.106,0.0,0.106
0-9,PAYER,SPTx2,20,75.0,0.0,3018,0.0249,0.0,0.0249
0-9,PAYER,SPTx2,21,30.0,0.0,3018,0.0099,0.0,0.0099
10-19,NONPAYER,HC,1,839707.0,726200.0,14376,58.4103,50.5147,7.8956
10-19,NONPAYER,HC,2,489466.0,560550.0,14376,34.0474,38.9921,-4.9446
10-19,NONPAYER,HC,3,438145.0,480850.0,14376,30.4775,33.4481,-2.9706
10-19,NONPAYER,HC,4,388508.0,435900.0,14376,27.0248,30.3214,-3.2966
10-19,NONPAYER,HC,5,600752.0,511150.0,14376,41.7885,35.5558,6.2327
10-19,NONPAYER,HC,6,402125.0,453750.0,14376,27.972,31.563,-3.5911
10-19,NONPAYER,HC,7,392105.0,435050.0,14376,27.275,30.2622,-2.9873
10-19,NONPAYER,HC,8,798538.0,649950.0,14376,55.5466,45.2108,10.3358
10-19,NONPAYER,HC,9,496052.0,518200.0,14376,34.5056,36.0462,-1.5406
10-19,NONPAYER,HC,10,438078.0,463100.0,14376,30.4729,32.2134,-1.7405
10-19,NONPAYER,HC,11,376760.0,421200.0,14376,26.2076,29.2988,-3.0913
10-19,NONPAYER,HC,12,568151.0,494350.0,14376,39.5208,34.3872,5.1336
10-19,NONPAYER,HC,13,398533.0,431600.0,14376,27.7221,30.0223,-2.3002
10-19,NONPAYER,HC,14,388764.0,433200.0,14376,27.0426,30.1336,-3.091
10-19,NONPAYER,HC,15,805502.0,678000.0,14376,56.031,47.1619,8.8691
10-19,NONPAYER,HC,16,479878.0,534850.0,14376,33.3805,37.2044,-3.8239
10-19,NONPAYER,HC,17,436452.0,499900.0,14376,30.3598,34.7732,-4.4135
10-19,NONPAYER,HC,18,343786.0,410000.0,14376,23.9139,28.5198,-4.6059
10-19,NONPAYER,HC,19,514468.0,453150.0,14376,35.7866,31.5213,4.2653
10-19,NONPAYER,HC,20,388172.0,420000.0,14376,27.0014,29.2154,-2.214
10-19,NONPAYER,HC,21,350489.0,396700.0,14376,24.3801,27.5946,-3.2145
10-19,NONPAYER,Slingshot,1,15013.0,9853.0,13253,1.1328,0.7435,0.3893
10-19,NONPAYER,Slingshot,2,9767.0,8567.0,13253,0.737,0.6464,0.0905
10-19,NONPAYER,Slingshot,3,9061.0,7910.0,13253,0.6837,0.5968,0.0868
10-19,NONPAYER,Slingshot,4,7068.0,7058.0,13253,0.5333,0.5326,0.0008
10-19,NONPAYER,Slingshot,5,8288.0,7298.0,13253,0.6254,0.5507,0.0747
10-19,NONPAYER,Slingshot,6,4948.0,5914.0,13253,0.3733,0.4462,-0.0729
10-19,NONPAYER,Slingshot,7,4601.0,5413.0,13253,0.3472,0.4084,-0.0613
10-19,NONPAYER,Slingshot,8,13603.0,8975.0,13253,1.0264,0.6772,0.3492
10-19,NONPAYER,Slingshot,9,9460.0,8456.0,13253,0.7138,0.638,0.0758
10-19,NONPAYER,Slingshot,10,9291.0,7801.0,13253,0.701,0.5886,0.1124
10-19,NONPAYER,Slingshot,11,6760.0,6598.0,13253,0.5101,0.4978,0.0122
10-19,NONPAYER,Slingshot,12,8255.0,7322.0,13253,0.6229,0.5525,0.0704
10-19,NONPAYER,Slingshot,13,5165.0,6023.0,13253,0.3897,0.4545,-0.0647
10-19,NONPAYER,Slingshot,14,4858.0,5739.0,13253,0.3666,0.433,-0.0665
10-19,NONPAYER,Slingshot,15,13724.0,9599.0,13253,1.0355,0.7243,0.3113
10-19,NONPAYER,Slingshot,16,9598.0,8616.0,13253,0.7242,0.6501,0.0741
10-19,NONPAYER,Slingshot,17,9066.0,8019.0,13253,0.6841,0.6051,0.079
10-19,NONPAYER,Slingshot,18,6498.0,6618.0,13253,0.4903,0.4994,-0.0091
10-19,NONPAYER,Slingshot,19,7187.0,6585.0,13253,0.5423,0.4969,0.0454
10-19,NONPAYER,Slingshot,20,4801.0,5648.0,13253,0.3623,0.4262,-0.0639
10-19,NONPAYER,Slingshot,21,4166.0,5203.0,13253,0.3143,0.3926,-0.0782
10-19,NONPAYER,Shuffle,1,8786.0,6774.0,12114,0.7253,0.5592,0.1661
10-19,NONPAYER,Shuffle,2,5928.0,6176.0,12114,0.4894,0.5098,-0.0205
10-19,NONPAYER,Shuffle,3,5971.0,5821.0,12114,0.4929,0.4805,0.0124
10-19,NONPAYER,Shuffle,4,4913.0,5294.0,12114,0.4056,0.437,-0.0315
10-19,NONPAYER,Shuffle,5,5777.0,5430.0,12114,0.4769,0.4482,0.0286
10-19,NONPAYER,Shuffle,6,3589.0,4378.0,12114,0.2963,0.3614,-0.0651
10-19,NONPAYER,Shuffle,7,3403.0,4388.0,12114,0.2809,0.3622,-0.0813
10-19,NONPAYER,Shuffle,8,7248.0,5858.0,12114,0.5983,0.4836,0.1147
10-19,NONPAYER,Shuffle,9,5917.0,5675.0,12114,0.4884,0.4685,0.02
10-19,NONPAYER,Shuffle,10,5751.0,5408.0,12114,0.4747,0.4464,0.0283
10-19,NONPAYER,Shuffle,11,4602.0,4930.0,12114,0.3799,0.407,-0.0271
10-19,NONPAYER,Shuffle,12,5436.0,5065.0,12114,0.4487,0.4181,0.0306
10-19,NONPAYER,Shuffle,13,3508.0,4308.0,12114,0.2896,0.3556,-0.066
10-19,NONPAYER,Shuffle,14,3266.0,4208.0,12114,0.2696,0.3474,-0.0778
10-19,NONPAYER,Shuffle,15,7064.0,6089.0,12114,0.5831,0.5026,0.0805
10-19,NONPAYER,Shuffle,16,5591.0,5596.0,12114,0.4615,0.4619,-0.0004
10-19,NONPAYER,Shuffle,17,5784.0,5390.0,12114,0.4775,0.4449,0.0325
10-19,NONPAYER,Shuffle,18,4320.0,4648.0,12114,0.3566,0.3837,-0.0271
10-19,NONPAYER,Shuffle,19,5121.0,4703.0,12114,0.4227,0.3882,0.0345
10-19,NONPAYER,Shuffle,20,3446.0,4190.0,12114,0.2845,0.3459,-0.0614
10-19,NONPAYER,Shuffle,21,3008.0,3741.0,12114,0.2483,0.3088,-0.0605
10-19,NONPAYER,Comet,1,5034.0,3860.0,10221,0.4925,0.3777,0.1149
10-19,NONPAYER,Comet,2,3171.0,3169.0,10221,0.3102,0.31,0.0002
10-19,NONPAYER,Comet,3,2967.0,2868.0,10221,0.2903,0.2806,0.0097
10-19,NONPAYER,Comet,4,2549.0,2575.0,10221,0.2494,0.2519,-0.0025
10-19,NONPAYER,Comet,5,2556.0,2591.0,10221,0.2501,0.2535,-0.0034
10-19,NONPAYER,Comet,6,1200.0,1857.0,10221,0.1174,0.1817,-0.0643
10-19,NONPAYER,Comet,7,1069.0,1812.0,10221,0.1046,0.1773,-0.0727
10-19,NONPAYER,Comet,8,4822.0,3493.0,10221,0.4718,0.3417,0.13
10-19,NONPAYER,Comet,9,3120.0,2966.0,10221,0.3053,0.2902,0.0151
10-19,NONPAYER,Comet,10,2934.0,2779.0,10221,0.2871,0.2719,0.0152
10-19,NONPAYER,Comet,11,2594.0,2689.0,10221,0.2538,0.2631,-0.0093
10-19,NONPAYER,Comet,12,2445.0,2423.0,10221,0.2392,0.2371,0.0022
10-19,NONPAYER,Comet,13,1182.0,1845.0,10221,0.1156,0.1805,-0.0649
10-19,NONPAYER,Comet,14,1066.0,1773.0,10221,0.1043,0.1735,-0.0692
10-19,NONPAYER,Comet,15,4674.0,3735.0,10221,0.4573,0.3654,0.0919
10-19,NONPAYER,Comet,16,2958.0,2856.0,10221,0.2894,0.2794,0.01
10-19,NONPAYER,Comet,17,2973.0,2890.0,10221,0.2909,0.2828,0.0081
10-19,NONPAYER,Comet,18,2546.0,2615.0,10221,0.2491,0.2558,-0.0068
10-19,NONPAYER,Comet,19,2288.0,2138.0,10221,0.2239,0.2092,0.0147
10-19,NONPAYER,Comet,20,1166.0,1785.0,10221,0.1141,0.1746,-0.0606
10-19,NONPAYER,Comet,21,1051.0,1558.0,10221,0.1028,0.1524,-0.0496
10-19,NONPAYER,Red,1,14439.0,10278.0,13951,1.035,0.7367,0.2983
10-19,NONPAYER,Red,2,8826.0,8990.0,13951,0.6326,0.6444,-0.0118
10-19,NONPAYER,Red,3,6834.0,7964.0,13951,0.4899,0.5709,-0.081
10-19,NONPAYER,Red,4,6601.0,7318.0,13951,0.4732,0.5246,-0.0514
10-19,NONPAYER,Red,5,9413.0,8281.0,13951,0.6747,0.5936,0.0811
10-19,NONPAYER,Red,6,6736.0,7059.0,13951,0.4828,0.506,-0.0232
10-19,NONPAYER,Red,7,6400.0,6853.0,13951,0.4587,0.4912,-0.0325
10-19,NONPAYER,Red,8,13788.0,10052.0,13951,0.9883,0.7205,0.2678
10-19,NONPAYER,Red,9,8507.0,8612.0,13951,0.6098,0.6173,-0.0075
10-19,NONPAYER,Red,10,6537.0,7939.0,13951,0.4686,0.5691,-0.1005
10-19,NONPAYER,Red,11,5932.0,6735.0,13951,0.4252,0.4828,-0.0576
10-19,NONPAYER,Red,12,8315.0,7571.0,13951,0.596,0.5427,0.0533
10-19,NONPAYER,Red,13,6307.0,6813.0,13951,0.4521,0.4884,-0.0363
10-19,NONPAYER,Red,14,5951.0,6703.0,13951,0.4266,0.4805,-0.0539
10-19,NONPAYER,Red,15,13374.0,10288.0,13951,0.9586,0.7374,0.2212
10-19,NONPAYER,Red,16,7897.0,8452.0,13951,0.5661,0.6058,-0.0398
10-19,NONPAYER,Red,17,6392.0,7800.0,13951,0.4582,0.5591,-0.1009
10-19,NONPAYER,Red,18,5044.0,6747.0,13951,0.3616,0.4836,-0.1221
10-19,NONPAYER,Red,19,7468.0,6758.0,13951,0.5353,0.4844,0.0509
10-19,NONPAYER,Red,20,5574.0,6170.0,13951,0.3995,0.4423,-0.0427
10-19,NONPAYER,Red,21,4953.0,5618.0,13951,0.355,0.4027,-0.0477
10-19,NONPAYER,Chuck,1,11327.0,8400.0,13767,0.8228,0.6102,0.2126
10-19,NONPAYER,Chuck,2,7485.0,7339.0,13767,0.5437,0.5331,0.0106
10-19,NONPAYER,Chuck,3,5726.0,6362.0,13767,0.4159,0.4621,-0.0462
10-19,NONPAYER,Chuck,4,5309.0,5788.0,13767,0.3856,0.4204,-0.0348
10-19,NONPAYER,Chuck,5,9634.0,7712.0,13767,0.6998,0.5602,0.1396
10-19,NONPAYER,Chuck,6,6501.0,6669.0,13767,0.4722,0.4844,-0.0122
10-19,NONPAYER,Chuck,7,5558.0,6376.0,13767,0.4037,0.4631,-0.0594
10-19,NONPAYER,Chuck,8,12521.0,8894.0,13767,0.9095,0.646,0.2635
10-19,NONPAYER,Chuck,9,8214.0,7472.0,13767,0.5966,0.5427,0.0539
10-19,NONPAYER,Chuck,10,6491.0,6770.0,13767,0.4715,0.4918,-0.0203
10-19,NONPAYER,Chuck,11,5619.0,5766.0,13767,0.4081,0.4188,-0.0107
10-19,NONPAYER,Chuck,12,9310.0,7390.0,13767,0.6763,0.5368,0.1395
10-19,NONPAYER,Chuck,13,6373.0,6819.0,13767,0.4629,0.4953,-0.0324
10-19,NONPAYER,Chuck,14,5390.0,6358.0,13767,0.3915,0.4618,-0.0703
10-19,NONPAYER,Chuck,15,12925.0,9168.0,13767,0.9388,0.6659,0.2729
10-19,NONPAYER,Chuck,16,7729.0,7338.0,13767,0.5614,0.533,0.0284
10-19,NONPAYER,Chuck,17,6069.0,6593.0,13767,0.4408,0.4789,-0.0381
10-19,NONPAYER,Chuck,18,4907.0,5712.0,13767,0.3564,0.4149,-0.0585
10-19,NONPAYER,Chuck,19,7080.0,6247.0,13767,0.5143,0.4538,0.0605
10-19,NONPAYER,Chuck,20,5198.0,5939.0,13767,0.3776,0.4314,-0.0538
10-19,NONPAYER,Chuck,21,4476.0,5253.0,13767,0.3251,0.3816,-0.0564
10-19,NONPAYER,Bomb,1,4846.0,4005.0,12322,0.3933,0.325,0.0683
10-19,NONPAYER,Bomb,2,3277.0,3624.0,12322,0.2659,0.2941,-0.0282
10-19,NONPAYER,Bomb,3,3212.0,3311.0,12322,0.2607,0.2687,-0.008
10-19,NONPAYER,Bomb,4,3527.0,3258.0,12322,0.2862,0.2644,0.0218
10-19,NONPAYER,Bomb,5,5784.0,4158.0,12322,0.4694,0.3374,0.132
10-19,NONPAYER,Bomb,6,3165.0,3398.0,12322,0.2569,0.2758,-0.0189
10-19,NONPAYER,Bomb,7,2663.0,3190.0,12322,0.2161,0.2589,-0.0428
10-19,NONPAYER,Bomb,8,4608.0,4077.0,12322,0.374,0.3309,0.0431
10-19,NONPAYER,Bomb,9,3534.0,3527.0,12322,0.2868,0.2862,0.0006
10-19,NONPAYER,Bomb,10,3581.0,3492.0,12322,0.2906,0.2834,0.0072
10-19,NONPAYER,Bomb,11,3622.0,3289.0,12322,0.2939,0.2669,0.027
10-19,NONPAYER,Bomb,12,5421.0,4059.0,12322,0.4399,0.3294,0.1105
10-19,NONPAYER,Bomb,13,3188.0,3301.0,12322,0.2587,0.2679,-0.0092
10-19,NONPAYER,Bomb,14,2687.0,3223.0,12322,0.2181,0.2616,-0.0435
10-19,NONPAYER,Bomb,15,4568.0,4119.0,12322,0.3707,0.3343,0.0364
10-19,NONPAYER,Bomb,16,3203.0,3482.0,12322,0.2599,0.2826,-0.0226
10-19,NONPAYER,Bomb,17,3371.0,3651.0,12322,0.2736,0.2963,-0.0227
10-19,NONPAYER,Bomb,18,3438.0,3518.0,12322,0.279,0.2855,-0.0065
10-19,NONPAYER,Bomb,19,4941.0,3922.0,12322,0.401,0.3183,0.0827
10-19,NONPAYER,Bomb,20,2948.0,3321.0,12322,0.2392,0.2695,-0.0303
10-19,NONPAYER,Bomb,21,2389.0,2882.0,12322,0.1939,0.2339,-0.04
10-19,NONPAYER,UL Bomb,1,3470.0,1409.0,3051,1.1373,0.4618,0.6755
10-19,NONPAYER,UL Bomb,2,3500.0,1232.0,3051,1.1472,0.4038,0.7434
10-19,NONPAYER,UL Bomb,3,2950.0,1040.0,3051,0.9669,0.3409,0.626
10-19,NONPAYER,UL Bomb,4,2515.0,960.0,3051,0.8243,0.3147,0.5097
10-19,NONPAYER,UL Bomb,5,3770.0,1369.0,3051,1.2357,0.4487,0.787
10-19,NONPAYER,UL Bomb,6,4925.0,2323.0,3051,1.6142,0.7614,0.8528
10-19,NONPAYER,UL Bomb,7,6955.0,3084.0,3051,2.2796,1.0108,1.2688
10-19,NONPAYER,UL Bomb,8,5975.0,2833.0,3051,1.9584,0.9285,1.0298
10-19,NONPAYER,UL Bomb,9,2920.0,1181.0,3051,0.9571,0.3871,0.57
10-19,NONPAYER,UL Bomb,10,3250.0,1162.0,3051,1.0652,0.3809,0.6844
10-19,NONPAYER,UL Bomb,11,2490.0,1106.0,3051,0.8161,0.3625,0.4536
10-19,NONPAYER,UL Bomb,12,2800.0,1061.0,3051,0.9177,0.3478,0.57
10-19,NONPAYER,UL Bomb,13,4130.0,1569.0,3051,1.3537,0.5143,0.8394
10-19,NONPAYER,UL Bomb,14,5720.0,2582.0,3051,1.8748,0.8463,1.0285
10-19,NONPAYER,UL Bomb,15,6640.0,2484.0,3051,2.1763,0.8142,1.3622
10-19,NONPAYER,UL Bomb,16,2910.0,1193.0,3051,0.9538,0.391,0.5628
10-19,NONPAYER,UL Bomb,17,3090.0,1333.0,3051,1.0128,0.4369,0.5759
10-19,NONPAYER,UL Bomb,18,2665.0,977.0,3051,0.8735,0.3202,0.5533
10-19,NONPAYER,UL Bomb,19,2750.0,1002.0,3051,0.9013,0.3284,0.5729
10-19,NONPAYER,UL Bomb,20,3620.0,1354.0,3051,1.1865,0.4438,0.7427
10-19,NONPAYER,UL Bomb,21,3185.0,1070.0,3051,1.0439,0.3507,0.6932
10-19,NONPAYER,UL Chuck,1,14535.0,5347.0,9560,1.5204,0.5593,0.9611
10-19,NONPAYER,UL Chuck,2,11550.0,3958.0,9560,1.2082,0.414,0.7941
10-19,NONPAYER,UL Chuck,3,12185.0,4006.0,9560,1.2746,0.419,0.8555
10-19,NONPAYER,UL Chuck,4,10145.0,3731.0,9560,1.0612,0.3903,0.6709
10-19,NONPAYER,UL Chuck,5,19200.0,7220.0,9560,2.0084,0.7552,1.2531
10-19,NONPAYER,UL Chuck,6,20130.0,8103.0,9560,2.1056,0.8476,1.2581
10-19,NONPAYER,UL Chuck,7,19980.0,7913.0,9560,2.09,0.8277,1.2622
10-19,NONPAYER,UL Chuck,8,18670.0,7300.0,9560,1.9529,0.7636,1.1893
10-19,NONPAYER,UL Chuck,9,10370.0,3552.0,9560,1.0847,0.3715,0.7132
10-19,NONPAYER,UL Chuck,10,9505.0,3149.0,9560,0.9942,0.3294,0.6649
10-19,NONPAYER,UL Chuck,11,10165.0,3242.0,9560,1.0633,0.3391,0.7242
10-19,NONPAYER,UL Chuck,12,17320.0,6112.0,9560,1.8117,0.6393,1.1724
10-19,NONPAYER,UL Chuck,13,20625.0,7797.0,9560,2.1574,0.8156,1.3418
10-19,NONPAYER,UL Chuck,14,19130.0,7194.0,9560,2.001,0.7525,1.2485
10-19,NONPAYER,UL Chuck,15,27725.0,9277.0,9560,2.9001,0.9704,1.9297
10-19,NONPAYER,UL Chuck,16,11905.0,3709.0,9560,1.2453,0.388,0.8573
10-19,NONPAYER,UL Chuck,17,11195.0,3581.0,9560,1.171,0.3746,0.7964
10-19,NONPAYER,UL Chuck,18,8755.0,3038.0,9560,0.9158,0.3178,0.598
10-19,NONPAYER,UL Chuck,19,7950.0,2623.0,9560,0.8316,0.2744,0.5572
10-19,NONPAYER,UL Chuck,20,9140.0,2855.0,9560,0.9561,0.2986,0.6574
10-19,NONPAYER,UL Chuck,21,9120.0,2634.0,9560,0.954,0.2755,0.6785
10-19,NONPAYER,UL Red,1,25555.0,9813.0,11699,2.1844,0.8388,1.3456
10-19,NONPAYER,UL Red,2,28810.0,10593.0,11699,2.4626,0.9055,1.5571
10-19,NONPAYER,UL Red,3,30860.0,10842.0,11699,2.6378,0.9267,1.7111
10-19,NONPAYER,UL Red,4,29450.0,10238.0,11699,2.5173,0.8751,1.6422
10-19,NONPAYER,UL Red,5,34400.0,12487.0,11699,2.9404,1.0674,1.8731
10-19,NONPAYER,UL Red,6,28520.0,10983.0,11699,2.4378,0.9388,1.499
10-19,NONPAYER,UL Red,7,23945.0,9266.0,11699,2.0468,0.792,1.2547
10-19,NONPAYER,UL Red,8,31775.0,12349.0,11699,2.716,1.0556,1.6605
10-19,NONPAYER,UL Red,9,29640.0,10624.0,11699,2.5335,0.9081,1.6254
10-19,NONPAYER,UL Red,10,32160.0,11162.0,11699,2.749,0.9541,1.7949
10-19,NONPAYER,UL Red,11,31190.0,10753.0,11699,2.666,0.9191,1.7469
10-19,NONPAYER,UL Red,12,31285.0,11774.0,11699,2.6742,1.0064,1.6677
10-19,NONPAYER,UL Red,13,27490.0,10458.0,11699,2.3498,0.8939,1.4559
10-19,NONPAYER,UL Red,14,23335.0,8627.0,11699,1.9946,0.7374,1.2572
10-19,NONPAYER,UL Red,15,40265.0,13542.0,11699,3.4417,1.1575,2.2842
10-19,NONPAYER,UL Red,16,28935.0,10139.0,11699,2.4733,0.8667,1.6066
10-19,NONPAYER,UL Red,17,29915.0,10196.0,11699,2.5571,0.8715,1.6855
10-19,NONPAYER,UL Red,18,29150.0,9818.0,11699,2.4917,0.8392,1.6524
10-19,NONPAYER,UL Red,19,15960.0,5405.0,11699,1.3642,0.462,0.9022
10-19,NONPAYER,UL Red,20,14455.0,4700.0,11699,1.2356,0.4017,0.8338
10-19,NONPAYER,UL Red,21,13830.0,4566.0,11699,1.1822,0.3903,0.7919
10-19,NONPAYER,Unlimited Lives,1,1032435.0,0.0,14316,72.1176,0.0,72.1176
10-19,NONPAYER,Unlimited Lives,2,860067.0,0.0,14316,60.0773,0.0,60.0773
10-19,NONPAYER,Unlimited Lives,3,879675.0,0.0,14316,61.447,0.0,61.447
10-19,NONPAYER,Unlimited Lives,4,814378.0,0.0,14316,56.8859,0.0,56.8859
10-19,NONPAYER,Unlimited Lives,5,749079.0,0.0,14316,52.3246,0.0,52.3246
10-19,NONPAYER,Unlimited Lives,6,602997.0,0.0,14316,42.1205,0.0,42.1205
10-19,NONPAYER,Unlimited Lives,7,589535.0,0.0,14316,41.1801,0.0,41.1801
10-19,NONPAYER,Unlimited Lives,8,884516.0,0.0,14316,61.7851,0.0,61.7851
10-19,NONPAYER,Unlimited Lives,9,893085.0,0.0,14316,62.3837,0.0,62.3837
10-19,NONPAYER,Unlimited Lives,10,832231.0,0.0,14316,58.1329,0.0,58.1329
10-19,NONPAYER,Unlimited Lives,11,744013.0,0.0,14316,51.9707,0.0,51.9707
10-19,NONPAYER,Unlimited Lives,12,723518.0,0.0,14316,50.5391,0.0,50.5391
10-19,NONPAYER,Unlimited Lives,13,593365.0,0.0,14316,41.4477,0.0,41.4477
10-19,NONPAYER,Unlimited Lives,14,592856.0,0.0,14316,41.4121,0.0,41.4121
10-19,NONPAYER,Unlimited Lives,15,915254.0,0.0,14316,63.9322,0.0,63.9322
10-19,NONPAYER,Unlimited Lives,16,826785.0,0.0,14316,57.7525,0.0,57.7525
10-19,NONPAYER,Unlimited Lives,17,771127.0,26.0,14316,53.8647,0.0018,53.8629
10-19,NONPAYER,Unlimited Lives,18,681040.0,6.0,14316,47.5719,0.0004,47.5715
10-19,NONPAYER,Unlimited Lives,19,645060.0,0.0,14316,45.0587,0.0,45.0587
10-19,NONPAYER,Unlimited Lives,20,559250.0,0.0,14316,39.0647,0.0,39.0647
10-19,NONPAYER,Unlimited Lives,21,527150.0,26.0,14316,36.8224,0.0018,36.8206
10-19,NONPAYER,SPT,1,913688.0,0.0,13725,66.5711,0.0,66.5711
10-19,NONPAYER,SPT,2,843730.0,0.0,13725,61.474,0.0,61.474
10-19,NONPAYER,SPT,3,510448.0,0.0,13725,37.1911,0.0,37.1911
10-19,NONPAYER,SPT,4,794888.0,0.0,13725,57.9153,0.0,57.9153
10-19,NONPAYER,SPT,5,893969.0,0.0,13725,65.1344,0.0,65.1344
10-19,NONPAYER,SPT,6,784184.0,0.0,13725,57.1354,0.0,57.1354
10-19,NONPAYER,SPT,7,791109.0,0.0,13725,57.64,0.0,57.64
10-19,NONPAYER,SPT,8,1237698.0,0.0,13725,90.1784,0.0,90.1784
10-19,NONPAYER,SPT,9,966359.0,0.0,13725,70.4087,0.0,70.4087
10-19,NONPAYER,SPT,10,926074.0,0.0,13725,67.4735,0.0,67.4735
10-19,NONPAYER,SPT,11,1050116.0,0.0,13725,76.5112,0.0,76.5112
10-19,NONPAYER,SPT,12,1026572.0,0.0,13725,74.7958,0.0,74.7958
10-19,NONPAYER,SPT,13,911165.0,0.0,13725,66.3872,0.0,66.3872
10-19,NONPAYER,SPT,14,914408.0,0.0,13725,66.6235,0.0,66.6235
10-19,NONPAYER,SPT,15,1369820.0,0.0,13725,99.8047,0.0,99.8047
10-19,NONPAYER,SPT,16,1201826.0,0.0,13725,87.5647,0.0,87.5647
10-19,NONPAYER,SPT,17,1100857.0,0.0,13725,80.2082,0.0,80.2082
10-19,NONPAYER,SPT,18,991515.0,0.0,13725,72.2415,0.0,72.2415
10-19,NONPAYER,SPT,19,879234.0,0.0,13725,64.0608,0.0,64.0608
10-19,NONPAYER,SPT,20,798337.0,0.0,13725,58.1666,0.0,58.1666
10-19,NONPAYER,SPT,21,760877.0,0.0,13725,55.4373,0.0,55.4373
10-19,NONPAYER,SPTx2,1,0.0,0.0,9022,0.0,0.0,0.0
10-19,NONPAYER,SPTx2,2,15.0,0.0,9022,0.0017,0.0,0.0017
10-19,NONPAYER,SPTx2,3,10.0,0.0,9022,0.0011,0.0,0.0011
10-19,NONPAYER,SPTx2,4,70.0,0.0,9022,0.0078,0.0,0.0078
10-19,NONPAYER,SPTx2,5,0.0,0.0,9022,0.0,0.0,0.0
10-19,NONPAYER,SPTx2,6,0.0,0.0,9022,0.0,0.0,0.0
10-19,NONPAYER,SPTx2,7,30.0,0.0,9022,0.0033,0.0,0.0033
10-19,NONPAYER,SPTx2,8,35855.0,0.0,9022,3.9742,0.0,3.9742
10-19,NONPAYER,SPTx2,9,21010.0,0.0,9022,2.3288,0.0,2.3288
10-19,NONPAYER,SPTx2,10,12555.0,0.0,9022,1.3916,0.0,1.3916
10-19,NONPAYER,SPTx2,11,9240.0,0.0,9022,1.0242,0.0,1.0242
10-19,NONPAYER,SPTx2,12,635.0,0.0,9022,0.0704,0.0,0.0704
10-19,NONPAYER,SPTx2,13,70.0,0.0,9022,0.0078,0.0,0.0078
10-19,NONPAYER,SPTx2,14,40.0,0.0,9022,0.0044,0.0,0.0044
10-19,NONPAYER,SPTx2,15,35910.0,0.0,9022,3.9803,0.0,3.9803
10-19,NONPAYER,SPTx2,16,21260.0,0.0,9022,2.3565,0.0,2.3565
10-19,NONPAYER,SPTx2,17,12765.0,0.0,9022,1.4149,0.0,1.4149
10-19,NONPAYER,SPTx2,18,9140.0,0.0,9022,1.0131,0.0,1.0131
10-19,NONPAYER,SPTx2,19,720.0,0.0,9022,0.0798,0.0,0.0798
10-19,NONPAYER,SPTx2,20,80.0,0.0,9022,0.0089,0.0,0.0089
10-19,NONPAYER,SPTx2,21,55.0,0.0,9022,0.0061,0.0,0.0061
10-19,PAYER,HC,1,329765.0,304950.0,3443,95.7784,88.571,7.2074
10-19,PAYER,HC,2,197918.0,217950.0,3443,57.4842,63.3024,-5.8182
10-19,PAYER,HC,3,189173.0,200100.0,3443,54.9442,58.1179,-3.1737
10-19,PAYER,HC,4,169676.0,177150.0,3443,49.2814,51.4522,-2.1708
10-19,PAYER,HC,5,233555.0,210400.0,3443,67.8347,61.1095,6.7252
10-19,PAYER,HC,6,206343.0,211450.0,3443,59.9312,61.4145,-1.4833
10-19,PAYER,HC,7,158250.0,172900.0,3443,45.9628,50.2178,-4.255
10-19,PAYER,HC,8,305657.0,279800.0,3443,88.7764,81.2663,7.51
10-19,PAYER,HC,9,192465.0,207850.0,3443,55.9004,60.3689,-4.4685
10-19,PAYER,HC,10,179344.0,184950.0,3443,52.0895,53.7177,-1.6282
10-19,PAYER,HC,11,156738.0,167000.0,3443,45.5237,48.5042,-2.9805
10-19,PAYER,HC,12,259192.0,221750.0,3443,75.2809,64.406,10.8748
10-19,PAYER,HC,13,184974.0,194950.0,3443,53.7247,56.6221,-2.8975
10-19,PAYER,HC,14,156096.0,170800.0,3443,45.3372,49.6079,-4.2707
10-19,PAYER,HC,15,324149.0,292350.0,3443,94.1473,84.9114,9.2358
10-19,PAYER,HC,16,196860.0,211150.0,3443,57.1769,61.3273,-4.1505
10-19,PAYER,HC,17,178418.0,188750.0,3443,51.8205,54.8214,-3.0009
10-19,PAYER,HC,18,153218.0,181600.0,3443,44.5013,52.7447,-8.2434
10-19,PAYER,HC,19,244859.0,216450.0,3443,71.1179,62.8667,8.2512
10-19,PAYER,HC,20,172452.0,189200.0,3443,50.0877,54.9521,-4.8644
10-19,PAYER,HC,21,171020.0,184800.0,3443,49.6718,53.6741,-4.0023
10-19,PAYER,Slingshot,1,4693.0,3537.0,3278,1.4317,1.079,0.3527
10-19,PAYER,Slingshot,2,2807.0,2873.0,3278,0.8563,0.8764,-0.0201
10-19,PAYER,Slingshot,3,2562.0,2581.0,3278,0.7816,0.7874,-0.0058
10-19,PAYER,Slingshot,4,1950.0,2073.0,3278,0.5949,0.6324,-0.0375
10-19,PAYER,Slingshot,5,2667.0,2459.0,3278,0.8136,0.7502,0.0635
10-19,PAYER,Slingshot,6,1686.0,2053.0,3278,0.5143,0.6263,-0.112
10-19,PAYER,Slingshot,7,1440.0,1730.0,3278,0.4393,0.5278,-0.0885
10-19,PAYER,Slingshot,8,4251.0,3339.0,3278,1.2968,1.0186,0.2782
10-19,PAYER,Slingshot,9,2806.0,2731.0,3278,0.856,0.8331,0.0229
10-19,PAYER,Slingshot,10,2564.0,2456.0,3278,0.7822,0.7492,0.0329
10-19,PAYER,Slingshot,11,1873.0,2036.0,3278,0.5714,0.6211,-0.0497
10-19,PAYER,Slingshot,12,2763.0,2557.0,3278,0.8429,0.78,0.0628
10-19,PAYER,Slingshot,13,1600.0,1990.0,3278,0.4881,0.6071,-0.119
10-19,PAYER,Slingshot,14,1362.0,1721.0,3278,0.4155,0.525,-0.1095
10-19,PAYER,Slingshot,15,4340.0,3377.0,3278,1.324,1.0302,0.2938
10-19,PAYER,Slingshot,16,2827.0,2675.0,3278,0.8624,0.816,0.0464
10-19,PAYER,Slingshot,17,2385.0,2444.0,3278,0.7276,0.7456,-0.018
10-19,PAYER,Slingshot,18,1815.0,2088.0,3278,0.5537,0.637,-0.0833
10-19,PAYER,Slingshot,19,2376.0,2147.0,3278,0.7248,0.655,0.0699
10-19,PAYER,Slingshot,20,1383.0,1786.0,3278,0.4219,0.5448,-0.1229
10-19,PAYER,Slingshot,21,1237.0,1573.0,3278,0.3774,0.4799,-0.1025
10-19,PAYER,Shuffle,1,2878.0,2424.0,3002,0.9587,0.8075,0.1512
10-19,PAYER,Shuffle,2,1903.0,2048.0,3002,0.6339,0.6822,-0.0483
10-19,PAYER,Shuffle,3,1753.0,1861.0,3002,0.5839,0.6199,-0.036
10-19,PAYER,Shuffle,4,1453.0,1584.0,3002,0.484,0.5276,-0.0436
10-19,PAYER,Shuffle,5,1754.0,1776.0,3002,0.5843,0.5916,-0.0073
10-19,PAYER,Shuffle,6,1145.0,1513.0,3002,0.3814,0.504,-0.1226
10-19,PAYER,Shuffle,7,925.0,1293.0,3002,0.3081,0.4307,-0.1226
10-19,PAYER,Shuffle,8,2475.0,2132.0,3002,0.8245,0.7102,0.1143
10-19,PAYER,Shuffle,9,1842.0,1914.0,3002,0.6136,0.6376,-0.024
10-19,PAYER,Shuffle,10,1676.0,1670.0,3002,0.5583,0.5563,0.002
10-19,PAYER,Shuffle,11,1333.0,1461.0,3002,0.444,0.4867,-0.0426
10-19,PAYER,Shuffle,12,1694.0,1686.0,3002,0.5643,0.5616,0.0027
10-19,PAYER,Shuffle,13,1091.0,1347.0,3002,0.3634,0.4487,-0.0853
10-19,PAYER,Shuffle,14,919.0,1200.0,3002,0.3061,0.3997,-0.0936
10-19,PAYER,Shuffle,15,2397.0,2146.0,3002,0.7985,0.7149,0.0836
10-19,PAYER,Shuffle,16,1724.0,1759.0,3002,0.5743,0.5859,-0.0117
10-19,PAYER,Shuffle,17,1648.0,1715.0,3002,0.549,0.5713,-0.0223
10-19,PAYER,Shuffle,18,1300.0,1479.0,3002,0.433,0.4927,-0.0596
10-19,PAYER,Shuffle,19,1593.0,1584.0,3002,0.5306,0.5276,0.003
10-19,PAYER,Shuffle,20,1009.0,1319.0,3002,0.3361,0.4394,-0.1033
10-19,PAYER,Shuffle,21,917.0,1268.0,3002,0.3055,0.4224,-0.1169
10-19,PAYER,Comet,1,1792.0,1550.0,2678,0.6692,0.5788,0.0904
10-19,PAYER,Comet,2,1017.0,1177.0,2678,0.3798,0.4395,-0.0597
10-19,PAYER,Comet,3,975.0,1041.0,2678,0.3641,0.3887,-0.0246
10-19,PAYER,Comet,4,798.0,954.0,2678,0.298,0.3562,-0.0583
10-19,PAYER,Comet,5,916.0,919.0,2678,0.342,0.3432,-0.0011
10-19,PAYER,Comet,6,490.0,718.0,2678,0.183,0.2681,-0.0851
10-19,PAYER,Comet,7,382.0,601.0,2678,0.1426,0.2244,-0.0818
10-19,PAYER,Comet,8,1719.0,1473.0,2678,0.6419,0.55,0.0919
10-19,PAYER,Comet,9,1080.0,1164.0,2678,0.4033,0.4347,-0.0314
10-19,PAYER,Comet,10,979.0,1053.0,2678,0.3656,0.3932,-0.0276
10-19,PAYER,Comet,11,776.0,853.0,2678,0.2898,0.3185,-0.0288
10-19,PAYER,Comet,12,895.0,924.0,2678,0.3342,0.345,-0.0108
10-19,PAYER,Comet,13,462.0,744.0,2678,0.1725,0.2778,-0.1053
10-19,PAYER,Comet,14,370.0,568.0,2678,0.1382,0.2121,-0.0739
10-19,PAYER,Comet,15,1695.0,1495.0,2678,0.6329,0.5583,0.0747
10-19,PAYER,Comet,16,990.0,1118.0,2678,0.3697,0.4175,-0.0478
10-19,PAYER,Comet,17,932.0,1020.0,2678,0.348,0.3809,-0.0329
10-19,PAYER,Comet,18,811.0,947.0,2678,0.3028,0.3536,-0.0508
10-19,PAYER,Comet,19,866.0,882.0,2678,0.3234,0.3294,-0.006
10-19,PAYER,Comet,20,476.0,661.0,2678,0.1777,0.2468,-0.0691
10-19,PAYER,Comet,21,377.0,582.0,2678,0.1408,0.2173,-0.0765
10-19,PAYER,Red,1,4394.0,3894.0,3386,1.2977,1.15,0.1477
10-19,PAYER,Red,2,2660.0,3189.0,3386,0.7856,0.9418,-0.1562
10-19,PAYER,Red,3,1945.0,2774.0,3386,0.5744,0.8193,-0.2448
10-19,PAYER,Red,4,1980.0,2463.0,3386,0.5848,0.7274,-0.1426
10-19,PAYER,Red,5,2796.0,2746.0,3386,0.8258,0.811,0.0148
10-19,PAYER,Red,6,2072.0,2491.0,3386,0.6119,0.7357,-0.1237
10-19,PAYER,Red,7,1762.0,2258.0,3386,0.5204,0.6669,-0.1465
10-19,PAYER,Red,8,3905.0,3746.0,3386,1.1533,1.1063,0.047
10-19,PAYER,Red,9,2432.0,2896.0,3386,0.7183,0.8553,-0.137
10-19,PAYER,Red,10,1876.0,2404.0,3386,0.554,0.71,-0.1559
10-19,PAYER,Red,11,1637.0,2166.0,3386,0.4835,0.6397,-0.1562
10-19,PAYER,Red,12,2449.0,2592.0,3386,0.7233,0.7655,-0.0422
10-19,PAYER,Red,13,1824.0,2379.0,3386,0.5387,0.7026,-0.1639
10-19,PAYER,Red,14,1481.0,2036.0,3386,0.4374,0.6013,-0.1639
10-19,PAYER,Red,15,3998.0,3570.0,3386,1.1807,1.0543,0.1264
10-19,PAYER,Red,16,2264.0,2638.0,3386,0.6686,0.7791,-0.1105
10-19,PAYER,Red,17,1721.0,2515.0,3386,0.5083,0.7428,-0.2345
10-19,PAYER,Red,18,1385.0,2088.0,3386,0.409,0.6167,-0.2076
10-19,PAYER,Red,19,2168.0,2273.0,3386,0.6403,0.6713,-0.031
10-19,PAYER,Red,20,1484.0,1946.0,3386,0.4383,0.5747,-0.1364
10-19,PAYER,Red,21,1314.0,1749.0,3386,0.3881,0.5165,-0.1285
10-19,PAYER,Chuck,1,3428.0,3117.0,3374,1.016,0.9238,0.0922
10-19,PAYER,Chuck,2,2266.0,2606.0,3374,0.6716,0.7724,-0.1008
10-19,PAYER,Chuck,3,1658.0,2187.0,3374,0.4914,0.6482,-0.1568
10-19,PAYER,Chuck,4,1647.0,1977.0,3374,0.4881,0.586,-0.0978
10-19,PAYER,Chuck,5,3005.0,2635.0,3374,0.8906,0.781,0.1097
10-19,PAYER,Chuck,6,2121.0,2466.0,3374,0.6286,0.7309,-0.1023
10-19,PAYER,Chuck,7,1622.0,2119.0,3374,0.4807,0.628,-0.1473
10-19,PAYER,Chuck,8,3637.0,3240.0,3374,1.0779,0.9603,0.1177
10-19,PAYER,Chuck,9,2394.0,2556.0,3374,0.7095,0.7576,-0.048
10-19,PAYER,Chuck,10,1799.0,2142.0,3374,0.5332,0.6349,-0.1017
10-19,PAYER,Chuck,11,1668.0,1895.0,3374,0.4944,0.5616,-0.0673
10-19,PAYER,Chuck,12,2918.0,2659.0,3374,0.8648,0.7881,0.0768
10-19,PAYER,Chuck,13,1986.0,2433.0,3374,0.5886,0.7211,-0.1325
10-19,PAYER,Chuck,14,1502.0,1993.0,3374,0.4452,0.5907,-0.1455
10-19,PAYER,Chuck,15,3622.0,3134.0,3374,1.0735,0.9289,0.1446
10-19,PAYER,Chuck,16,2178.0,2306.0,3374,0.6455,0.6835,-0.0379
10-19,PAYER,Chuck,17,1595.0,2175.0,3374,0.4727,0.6446,-0.1719
10-19,PAYER,Chuck,18,1346.0,1767.0,3374,0.3989,0.5237,-0.1248
10-19,PAYER,Chuck,19,2150.0,2154.0,3374,0.6372,0.6384,-0.0012
10-19,PAYER,Chuck,20,1478.0,1858.0,3374,0.4381,0.5507,-0.1126
10-19,PAYER,Chuck,21,1262.0,1686.0,3374,0.374,0.4997,-0.1257
10-19,PAYER,Bomb,1,1562.0,1618.0,3142,0.4971,0.515,-0.0178
10-19,PAYER,Bomb,2,1055.0,1351.0,3142,0.3358,0.43,-0.0942
10-19,PAYER,Bomb,3,1085.0,1319.0,3142,0.3453,0.4198,-0.0745
10-19,PAYER,Bomb,4,1146.0,1273.0,3142,0.3647,0.4052,-0.0404
10-19,PAYER,Bomb,5,1853.0,1586.0,3142,0.5898,0.5048,0.085
10-19,PAYER,Bomb,6,1128.0,1405.0,3142,0.359,0.4472,-0.0882
10-19,PAYER,Bomb,7,802.0,1114.0,3142,0.2553,0.3546,-0.0993
10-19,PAYER,Bomb,8,1520.0,1622.0,3142,0.4838,0.5162,-0.0325
10-19,PAYER,Bomb,9,1291.0,1415.0,3142,0.4109,0.4504,-0.0395
10-19,PAYER,Bomb,10,1214.0,1367.0,3142,0.3864,0.4351,-0.0487
10-19,PAYER,Bomb,11,1150.0,1269.0,3142,0.366,0.4039,-0.0379
10-19,PAYER,Bomb,12,1792.0,1600.0,3142,0.5703,0.5092,0.0611
10-19,PAYER,Bomb,13,1078.0,1414.0,3142,0.3431,0.45,-0.1069
10-19,PAYER,Bomb,14,743.0,1133.0,3142,0.2365,0.3606,-0.1241
10-19,PAYER,Bomb,15,1443.0,1593.0,3142,0.4593,0.507,-0.0477
10-19,PAYER,Bomb,16,1044.0,1278.0,3142,0.3323,0.4067,-0.0745
10-19,PAYER,Bomb,17,1032.0,1386.0,3142,0.3285,0.4411,-0.1127
10-19,PAYER,Bomb,18,1043.0,1332.0,3142,0.332,0.4239,-0.092
10-19,PAYER,Bomb,19,1637.0,1546.0,3142,0.521,0.492,0.029
10-19,PAYER,Bomb,20,899.0,1184.0,3142,0.2861,0.3768,-0.0907
10-19,PAYER,Bomb,21,716.0,1088.0,3142,0.2279,0.3463,-0.1184
10-19,PAYER,UL Bomb,1,2220.0,2716.0,1113,1.9946,2.4403,-0.4456
10-19,PAYER,UL Bomb,2,1000.0,2038.0,1113,0.8985,1.8311,-0.9326
10-19,PAYER,UL Bomb,3,1160.0,2626.0,1113,1.0422,2.3594,-1.3172
10-19,PAYER,UL Bomb,4,1120.0,2468.0,1113,1.0063,2.2174,-1.2111
10-19,PAYER,UL Bomb,5,1185.0,1764.0,1113,1.0647,1.5849,-0.5202
10-19,PAYER,UL Bomb,6,2120.0,2391.0,1113,1.9048,2.1482,-0.2435
10-19,PAYER,UL Bomb,7,2220.0,2376.0,1113,1.9946,2.1348,-0.1402
10-19,PAYER,UL Bomb,8,2160.0,2592.0,1113,1.9407,2.3288,-0.3881
10-19,PAYER,UL Bomb,9,1295.0,2179.0,1113,1.1635,1.9578,-0.7942
10-19,PAYER,UL Bomb,10,1475.0,2428.0,1113,1.3252,2.1815,-0.8562
10-19,PAYER,UL Bomb,11,1390.0,2112.0,1113,1.2489,1.8976,-0.6487
10-19,PAYER,UL Bomb,12,1640.0,2357.0,1113,1.4735,2.1177,-0.6442
10-19,PAYER,UL Bomb,13,2220.0,2426.0,1113,1.9946,2.1797,-0.1851
10-19,PAYER,UL Bomb,14,2140.0,2203.0,1113,1.9227,1.9793,-0.0566
10-19,PAYER,UL Bomb,15,2205.0,2634.0,1113,1.9811,2.3666,-0.3854
10-19,PAYER,UL Bomb,16,1285.0,2604.0,1113,1.1545,2.3396,-1.1851
10-19,PAYER,UL Bomb,17,1585.0,2176.0,1113,1.4241,1.9551,-0.531
10-19,PAYER,UL Bomb,18,1025.0,2195.0,1113,0.9209,1.9721,-1.0512
10-19,PAYER,UL Bomb,19,1180.0,2137.0,1113,1.0602,1.92,-0.8598
10-19,PAYER,UL Bomb,20,1310.0,2156.0,1113,1.177,1.9371,-0.7601
10-19,PAYER,UL Bomb,21,1665.0,2948.0,1113,1.496,2.6487,-1.1527
10-19,PAYER,UL Chuck,1,5840.0,4134.0,2573,2.2697,1.6067,0.663
10-19,PAYER,UL Chuck,2,4340.0,3387.0,2573,1.6867,1.3164,0.3704
10-19,PAYER,UL Chuck,3,4490.0,3720.0,2573,1.745,1.4458,0.2993
10-19,PAYER,UL Chuck,4,4955.0,3987.0,2573,1.9258,1.5496,0.3762
10-19,PAYER,UL Chuck,5,6760.0,4177.0,2573,2.6273,1.6234,1.0039
10-19,PAYER,UL Chuck,6,6990.0,4560.0,2573,2.7167,1.7723,0.9444
10-19,PAYER,UL Chuck,7,6405.0,3951.0,2573,2.4893,1.5356,0.9538
10-19,PAYER,UL Chuck,8,5325.0,4083.0,2573,2.0696,1.5869,0.4827
10-19,PAYER,UL Chuck,9,4180.0,3243.0,2573,1.6246,1.2604,0.3642
10-19,PAYER,UL Chuck,10,4445.0,3600.0,2573,1.7276,1.3991,0.3284
10-19,PAYER,UL Chuck,11,3975.0,2936.0,2573,1.5449,1.1411,0.4038
10-19,PAYER,UL Chuck,12,5675.0,4247.0,2573,2.2056,1.6506,0.555
10-19,PAYER,UL Chuck,13,6810.0,4320.0,2573,2.6467,1.679,0.9677
10-19,PAYER,UL Chuck,14,5980.0,3801.0,2573,2.3241,1.4773,0.8469
10-19,PAYER,UL Chuck,15,6170.0,4181.0,2573,2.398,1.625,0.773
10-19,PAYER,UL Chuck,16,4290.0,3731.0,2573,1.6673,1.4501,0.2173
10-19,PAYER,UL Chuck,17,2940.0,2489.0,2573,1.1426,0.9674,0.1753
10-19,PAYER,UL Chuck,18,3065.0,2975.0,2573,1.1912,1.1562,0.035
10-19,PAYER,UL Chuck,19,3625.0,2976.0,2573,1.4089,1.1566,0.2522
10-19,PAYER,UL Chuck,20,2660.0,2570.0,2573,1.0338,0.9988,0.035
10-19,PAYER,UL Chuck,21,3290.0,3404.0,2573,1.2787,1.323,-0.0443
10-19,PAYER,UL Red,1,8780.0,5625.0,3040,2.8882,1.8503,1.0378
10-19,PAYER,UL Red,2,9710.0,5589.0,3040,3.1941,1.8385,1.3556
10-19,PAYER,UL Red,3,10625.0,6301.0,3040,3.4951,2.0727,1.4224
10-19,PAYER,UL Red,4,9760.0,6005.0,3040,3.2105,1.9753,1.2352
10-19,PAYER,UL Red,5,10270.0,5581.0,3040,3.3783,1.8359,1.5424
10-19,PAYER,UL Red,6,9935.0,5741.0,3040,3.2681,1.8885,1.3796
10-19,PAYER,UL Red,7,8240.0,4568.0,3040,2.7105,1.5026,1.2079
10-19,PAYER,UL Red,8,8375.0,5574.0,3040,2.7549,1.8336,0.9214
10-19,PAYER,UL Red,9,10705.0,5814.0,3040,3.5214,1.9125,1.6089
10-19,PAYER,UL Red,10,10280.0,5719.0,3040,3.3816,1.8813,1.5003
10-19,PAYER,UL Red,11,9450.0,5295.0,3040,3.1086,1.7418,1.3668
10-19,PAYER,UL Red,12,10965.0,6349.0,3040,3.6069,2.0885,1.5184
10-19,PAYER,UL Red,13,9290.0,5363.0,3040,3.0559,1.7641,1.2918
10-19,PAYER,UL Red,14,7370.0,4338.0,3040,2.4243,1.427,0.9974
10-19,PAYER,UL Red,15,10455.0,5776.0,3040,3.4391,1.9,1.5391
10-19,PAYER,UL Red,16,8605.0,5748.0,3040,2.8306,1.8908,0.9398
10-19,PAYER,UL Red,17,8840.0,4919.0,3040,2.9079,1.6181,1.2898
10-19,PAYER,UL Red,18,8325.0,5141.0,3040,2.7385,1.6911,1.0474
10-19,PAYER,UL Red,19,5160.0,3650.0,3040,1.6974,1.2007,0.4967
10-19,PAYER,UL Red,20,4940.0,3426.0,3040,1.625,1.127,0.498
10-19,PAYER,UL Red,21,4470.0,3777.0,3040,1.4704,1.2424,0.228
10-19,PAYER,Unlimited Lives,1,316145.0,0.0,3436,92.0096,0.0,92.0096
10-19,PAYER,Unlimited Lives,2,252559.0,0.0,3436,73.5038,0.0,73.5038
10-19,PAYER,Unlimited Lives,3,248520.0,0.0,3436,72.3283,0.0,72.3283
10-19,PAYER,Unlimited Lives,4,234745.0,0.0,3436,68.3193,0.0,68.3193
10-19,PAYER,Unlimited Lives,5,206050.0,0.0,3436,59.968,0.0,59.968
10-19,PAYER,Unlimited Lives,6,181540.0,0.0,3436,52.8347,0.0,52.8347
10-19,PAYER,Unlimited Lives,7,163005.0,0.0,3436,47.4403,0.0,47.4403
10-19,PAYER,Unlimited Lives,8,259145.0,0.0,3436,75.4205,0.0,75.4205
10-19,PAYER,Unlimited Lives,9,262770.0,0.0,3436,76.4756,0.0,76.4756
10-19,PAYER,Unlimited Lives,10,237240.0,0.0,3436,69.0454,0.0,69.0454
10-19,PAYER,Unlimited Lives,11,210173.0,0.0,3436,61.1679,0.0,61.1679
10-19,PAYER,Unlimited Lives,12,209015.0,0.0,3436,60.8309,0.0,60.8309
10-19,PAYER,Unlimited Lives,13,178145.0,0.0,3436,51.8466,0.0,51.8466
10-19,PAYER,Unlimited Lives,14,163065.0,0.0,3436,47.4578,0.0,47.4578
10-19,PAYER,Unlimited Lives,15,281405.0,0.0,3436,81.899,0.0,81.899
10-19,PAYER,Unlimited Lives,16,238345.0,0.0,3436,69.367,0.0,69.367
10-19,PAYER,Unlimited Lives,17,219443.0,0.0,3436,63.8658,0.0,63.8658
10-19,PAYER,Unlimited Lives,18,194095.0,0.0,3436,56.4886,0.0,56.4886
10-19,PAYER,Unlimited Lives,19,184720.0,0.0,3436,53.7602,0.0,53.7602
10-19,PAYER,Unlimited Lives,20,159650.0,0.0,3436,46.4639,0.0,46.4639
10-19,PAYER,Unlimited Lives,21,153145.0,0.0,3436,44.5707,0.0,44.5707
10-19,PAYER,SPT,1,274478.0,0.0,3337,82.2529,0.0,82.2529
10-19,PAYER,SPT,2,240495.0,0.0,3337,72.0692,0.0,72.0692
10-19,PAYER,SPT,3,147684.0,0.0,3337,44.2565,0.0,44.2565
10-19,PAYER,SPT,4,221790.0,0.0,3337,66.4639,0.0,66.4639
10-19,PAYER,SPT,5,252579.0,0.0,3337,75.6904,0.0,75.6904
10-19,PAYER,SPT,6,237086.0,0.0,3337,71.0476,0.0,71.0476
10-19,PAYER,SPT,7,211559.0,0.0,3337,63.398,0.0,63.398
10-19,PAYER,SPT,8,357795.0,0.0,3337,107.2206,0.0,107.2206
10-19,PAYER,SPT,9,274116.0,0.0,3337,82.1444,0.0,82.1444
10-19,PAYER,SPT,10,255384.0,0.0,3337,76.531,0.0,76.531
10-19,PAYER,SPT,11,278045.0,0.0,3337,83.3218,0.0,83.3218
10-19,PAYER,SPT,12,303746.0,0.0,3337,91.0237,0.0,91.0237
10-19,PAYER,SPT,13,262661.0,0.0,3337,78.7117,0.0,78.7117
10-19,PAYER,SPT,14,224428.0,0.0,3337,67.2544,0.0,67.2544
10-19,PAYER,SPT,15,387435.0,0.0,3337,116.1028,0.0,116.1028
10-19,PAYER,SPT,16,304359.0,0.0,3337,91.2074,0.0,91.2074
10-19,PAYER,SPT,17,265725.0,0.0,3337,79.6299,0.0,79.6299
10-19,PAYER,SPT,18,240137.0,0.0,3337,71.9619,0.0,71.9619
10-19,PAYER,SPT,19,228227.0,0.0,3337,68.3929,0.0,68.3929
10-19,PAYER,SPT,20,192367.0,0.0,3337,57.6467,0.0,57.6467
10-19,PAYER,SPT,21,173713.0,0.0,3337,52.0566,0.0,52.0566
10-19,PAYER,SPTx2,1,0.0,0.0,2399,0.0,0.0,0.0
10-19,PAYER,SPTx2,2,0.0,0.0,2399,0.0,0.0,0.0
10-19,PAYER,SPTx2,3,0.0,0.0,2399,0.0,0.0,0.0
10-19,PAYER,SPTx2,4,15.0,0.0,2399,0.0063,0.0,0.0063
10-19,PAYER,SPTx2,5,0.0,0.0,2399,0.0,0.0,0.0
10-19,PAYER,SPTx2,6,0.0,0.0,2399,0.0,0.0,0.0
10-19,PAYER,SPTx2,7,15.0,0.0,2399,0.0063,0.0,0.0063
10-19,PAYER,SPTx2,8,10630.0,0.0,2399,4.431,0.0,4.431
10-19,PAYER,SPTx2,9,5600.0,0.0,2399,2.3343,0.0,2.3343
10-19,PAYER,SPTx2,10,3090.0,0.0,2399,1.288,0.0,1.288
10-19,PAYER,SPTx2,11,2280.0,0.0,2399,0.9504,0.0,0.9504
10-19,PAYER,SPTx2,12,90.0,0.0,2399,0.0375,0.0,0.0375
10-19,PAYER,SPTx2,13,20.0,0.0,2399,0.0083,0.0,0.0083
10-19,PAYER,SPTx2,14,0.0,0.0,2399,0.0,0.0,0.0
10-19,PAYER,SPTx2,15,10350.0,0.0,2399,4.3143,0.0,4.3143
10-19,PAYER,SPTx2,16,5710.0,0.0,2399,2.3802,0.0,2.3802
10-19,PAYER,SPTx2,17,3220.0,0.0,2399,1.3422,0.0,1.3422
10-19,PAYER,SPTx2,18,2410.0,0.0,2399,1.0046,0.0,1.0046
10-19,PAYER,SPTx2,19,170.0,0.0,2399,0.0709,0.0,0.0709
10-19,PAYER,SPTx2,20,25.0,0.0,2399,0.0104,0.0,0.0104
10-19,PAYER,SPTx2,21,25.0,0.0,2399,0.0104,0.0,0.0104
20-39,NONPAYER,HC,1,1056816.0,916400.0,11588,91.1992,79.0818,12.1174
20-39,NONPAYER,HC,2,616044.0,708300.0,11588,53.1622,61.1236,-7.9613
20-39,NONPAYER,HC,3,640674.0,673550.0,11588,55.2877,58.1248,-2.8371
20-39,NONPAYER,HC,4,571477.0,596650.0,11588,49.3163,51.4886,-2.1723
20-39,NONPAYER,HC,5,816574.0,702950.0,11588,70.4672,60.6619,9.8053
20-39,NONPAYER,HC,6,579398.0,620650.0,11588,49.9998,53.5597,-3.5599
20-39,NONPAYER,HC,7,555523.0,595850.0,11588,47.9395,51.4196,-3.4801
20-39,NONPAYER,HC,8,1022765.0,850000.0,11588,88.2607,73.3517,14.909
20-39,NONPAYER,HC,9,616842.0,701450.0,11588,53.2311,60.5324,-7.3013
20-39,NONPAYER,HC,10,626893.0,629850.0,11588,54.0985,54.3536,-0.2552
20-39,NONPAYER,HC,11,532068.0,593900.0,11588,45.9154,51.2513,-5.3359
20-39,NONPAYER,HC,12,820759.0,701050.0,11588,70.8284,60.4979,10.3304
20-39,NONPAYER,HC,13,566534.0,604950.0,11588,48.8897,52.2049,-3.3152
20-39,NONPAYER,HC,14,554108.0,600300.0,11588,47.8174,51.8036,-3.9862
20-39,NONPAYER,HC,15,1055297.0,919950.0,11588,91.0681,79.3882,11.6799
20-39,NONPAYER,HC,16,604880.0,698400.0,11588,52.1988,60.2692,-8.0704
20-39,NONPAYER,HC,17,583791.0,610450.0,11588,50.3789,52.6795,-2.3006
20-39,NONPAYER,HC,18,436580.0,513650.0,11588,37.6752,44.326,-6.6508
20-39,NONPAYER,HC,19,740809.0,633000.0,11588,63.929,54.6255,9.3035
20-39,NONPAYER,HC,20,539563.0,582600.0,11588,46.5622,50.2761,-3.7139
20-39,NONPAYER,HC,21,514031.0,557250.0,11588,44.3589,48.0885,-3.7296
20-39,NONPAYER,Slingshot,1,16275.0,11430.0,11162,1.4581,1.024,0.4341
20-39,NONPAYER,Slingshot,2,9947.0,9346.0,11162,0.8911,0.8373,0.0538
20-39,NONPAYER,Slingshot,3,9614.0,8675.0,11162,0.8613,0.7772,0.0841
20-39,NONPAYER,Slingshot,4,8045.0,8034.0,11162,0.7207,0.7198,0.001
20-39,NONPAYER,Slingshot,5,9041.0,8079.0,11162,0.81,0.7238,0.0862
20-39,NONPAYER,Slingshot,6,5800.0,6872.0,11162,0.5196,0.6157,-0.096
20-39,NONPAYER,Slingshot,7,5489.0,6478.0,11162,0.4918,0.5804,-0.0886
20-39,NONPAYER,Slingshot,8,15928.0,11306.0,11162,1.427,1.0129,0.4141
20-39,NONPAYER,Slingshot,9,10102.0,9544.0,11162,0.905,0.855,0.05
20-39,NONPAYER,Slingshot,10,9811.0,8708.0,11162,0.879,0.7801,0.0988
20-39,NONPAYER,Slingshot,11,7985.0,7876.0,11162,0.7154,0.7056,0.0098
20-39,NONPAYER,Slingshot,12,9023.0,8470.0,11162,0.8084,0.7588,0.0495
20-39,NONPAYER,Slingshot,13,5552.0,6541.0,11162,0.4974,0.586,-0.0886
20-39,NONPAYER,Slingshot,14,5497.0,6611.0,11162,0.4925,0.5923,-0.0998
20-39,NONPAYER,Slingshot,15,16082.0,11497.0,11162,1.4408,1.03,0.4108
20-39,NONPAYER,Slingshot,16,10012.0,9579.0,11162,0.897,0.8582,0.0388
20-39,NONPAYER,Slingshot,17,9420.0,8567.0,11162,0.8439,0.7675,0.0764
20-39,NONPAYER,Slingshot,18,7269.0,7409.0,11162,0.6512,0.6638,-0.0125
20-39,NONPAYER,Slingshot,19,8196.0,7632.0,11162,0.7343,0.6837,0.0505
20-39,NONPAYER,Slingshot,20,5285.0,6701.0,11162,0.4735,0.6003,-0.1269
20-39,NONPAYER,Slingshot,21,4741.0,6044.0,11162,0.4247,0.5415,-0.1167
20-39,NONPAYER,Shuffle,1,11363.0,8705.0,10909,1.0416,0.798,0.2437
20-39,NONPAYER,Shuffle,2,7126.0,7799.0,10909,0.6532,0.7149,-0.0617
20-39,NONPAYER,Shuffle,3,7786.0,7520.0,10909,0.7137,0.6893,0.0244
20-39,NONPAYER,Shuffle,4,6247.0,6609.0,10909,0.5726,0.6058,-0.0332
20-39,NONPAYER,Shuffle,5,7694.0,7141.0,10909,0.7053,0.6546,0.0507
20-39,NONPAYER,Shuffle,6,4726.0,5869.0,10909,0.4332,0.538,-0.1048
20-39,NONPAYER,Shuffle,7,4566.0,5502.0,10909,0.4186,0.5044,-0.0858
20-39,NONPAYER,Shuffle,8,10001.0,8044.0,10909,0.9168,0.7374,0.1794
20-39,NONPAYER,Shuffle,9,7109.0,7320.0,10909,0.6517,0.671,-0.0193
20-39,NONPAYER,Shuffle,10,7524.0,6832.0,10909,0.6897,0.6263,0.0634
20-39,NONPAYER,Shuffle,11,6100.0,6481.0,10909,0.5592,0.5941,-0.0349
20-39,NONPAYER,Shuffle,12,7677.0,6853.0,10909,0.7037,0.6282,0.0755
20-39,NONPAYER,Shuffle,13,4681.0,5799.0,10909,0.4291,0.5316,-0.1025
20-39,NONPAYER,Shuffle,14,4478.0,5245.0,10909,0.4105,0.4808,-0.0703
20-39,NONPAYER,Shuffle,15,9441.0,7664.0,10909,0.8654,0.7025,0.1629
20-39,NONPAYER,Shuffle,16,6749.0,6978.0,10909,0.6187,0.6397,-0.021
20-39,NONPAYER,Shuffle,17,7258.0,6661.0,10909,0.6653,0.6106,0.0547
20-39,NONPAYER,Shuffle,18,5471.0,5823.0,10909,0.5015,0.5338,-0.0323
20-39,NONPAYER,Shuffle,19,6758.0,6186.0,10909,0.6195,0.5671,0.0524
20-39,NONPAYER,Shuffle,20,4382.0,5512.0,10909,0.4017,0.5053,-0.1036
20-39,NONPAYER,Shuffle,21,4067.0,4995.0,10909,0.3728,0.4579,-0.0851
20-39,NONPAYER,Comet,1,6644.0,4986.0,9561,0.6949,0.5215,0.1734
20-39,NONPAYER,Comet,2,4245.0,4412.0,9561,0.444,0.4615,-0.0175
20-39,NONPAYER,Comet,3,3229.0,3680.0,9561,0.3377,0.3849,-0.0472
20-39,NONPAYER,Comet,4,2223.0,2894.0,9561,0.2325,0.3027,-0.0702
20-39,NONPAYER,Comet,5,2785.0,2723.0,9561,0.2913,0.2848,0.0065
20-39,NONPAYER,Comet,6,1677.0,2270.0,9561,0.1754,0.2374,-0.062
20-39,NONPAYER,Comet,7,1567.0,2165.0,9561,0.1639,0.2264,-0.0625
20-39,NONPAYER,Comet,8,6554.0,4894.0,9561,0.6855,0.5119,0.1736
20-39,NONPAYER,Comet,9,4274.0,4322.0,9561,0.447,0.452,-0.005
20-39,NONPAYER,Comet,10,3186.0,3466.0,9561,0.3332,0.3625,-0.0293
20-39,NONPAYER,Comet,11,2372.0,2814.0,9561,0.2481,0.2943,-0.0462
20-39,NONPAYER,Comet,12,2876.0,2753.0,9561,0.3008,0.2879,0.0129
20-39,NONPAYER,Comet,13,1686.0,2302.0,9561,0.1763,0.2408,-0.0644
20-39,NONPAYER,Comet,14,1588.0,2115.0,9561,0.1661,0.2212,-0.0551
20-39,NONPAYER,Comet,15,6432.0,4900.0,9561,0.6727,0.5125,0.1602
20-39,NONPAYER,Comet,16,4288.0,4094.0,9561,0.4485,0.4282,0.0203
20-39,NONPAYER,Comet,17,3190.0,3252.0,9561,0.3336,0.3401,-0.0065
20-39,NONPAYER,Comet,18,2276.0,2680.0,9561,0.2381,0.2803,-0.0423
20-39,NONPAYER,Comet,19,2757.0,2603.0,9561,0.2884,0.2723,0.0161
20-39,NONPAYER,Comet,20,1655.0,2223.0,9561,0.1731,0.2325,-0.0594
20-39,NONPAYER,Comet,21,1542.0,2079.0,9561,0.1613,0.2174,-0.0562
20-39,NONPAYER,Red,1,14103.0,11727.0,11392,1.238,1.0294,0.2086
20-39,NONPAYER,Red,2,8545.0,10388.0,11392,0.7501,0.9119,-0.1618
20-39,NONPAYER,Red,3,7042.0,8399.0,11392,0.6182,0.7373,-0.1191
20-39,NONPAYER,Red,4,7198.0,8309.0,11392,0.6318,0.7294,-0.0975
20-39,NONPAYER,Red,5,8723.0,8808.0,11392,0.7657,0.7732,-0.0075
20-39,NONPAYER,Red,6,6465.0,7522.0,11392,0.5675,0.6603,-0.0928
20-39,NONPAYER,Red,7,6141.0,7216.0,11392,0.5391,0.6334,-0.0944
20-39,NONPAYER,Red,8,13508.0,10994.0,11392,1.1857,0.9651,0.2207
20-39,NONPAYER,Red,9,7866.0,9568.0,11392,0.6905,0.8399,-0.1494
20-39,NONPAYER,Red,10,6641.0,7998.0,11392,0.583,0.7021,-0.1191
20-39,NONPAYER,Red,11,6615.0,7795.0,11392,0.5807,0.6843,-0.1036
20-39,NONPAYER,Red,12,7827.0,8236.0,11392,0.6871,0.723,-0.0359
20-39,NONPAYER,Red,13,6152.0,7306.0,11392,0.54,0.6413,-0.1013
20-39,NONPAYER,Red,14,6137.0,7333.0,11392,0.5387,0.6437,-0.105
20-39,NONPAYER,Red,15,14070.0,11194.0,11392,1.2351,0.9826,0.2525
20-39,NONPAYER,Red,16,8025.0,9701.0,11392,0.7044,0.8516,-0.1471
20-39,NONPAYER,Red,17,6200.0,8277.0,11392,0.5442,0.7266,-0.1823
20-39,NONPAYER,Red,18,5421.0,7404.0,11392,0.4759,0.6499,-0.1741
20-39,NONPAYER,Red,19,7122.0,7271.0,11392,0.6252,0.6383,-0.0131
20-39,NONPAYER,Red,20,5471.0,6514.0,11392,0.4802,0.5718,-0.0916
20-39,NONPAYER,Red,21,5017.0,6463.0,11392,0.4404,0.5673,-0.1269
20-39,NONPAYER,Chuck,1,12484.0,9859.0,11300,1.1048,0.8725,0.2323
20-39,NONPAYER,Chuck,2,8138.0,8521.0,11300,0.7202,0.7541,-0.0339
20-39,NONPAYER,Chuck,3,6411.0,7169.0,11300,0.5673,0.6344,-0.0671
20-39,NONPAYER,Chuck,4,6364.0,7276.0,11300,0.5632,0.6439,-0.0807
20-39,NONPAYER,Chuck,5,10537.0,9141.0,11300,0.9325,0.8089,0.1235
20-39,NONPAYER,Chuck,6,6673.0,7617.0,11300,0.5905,0.6741,-0.0835
20-39,NONPAYER,Chuck,7,5794.0,7036.0,11300,0.5127,0.6227,-0.1099
20-39,NONPAYER,Chuck,8,13141.0,9637.0,11300,1.1629,0.8528,0.3101
20-39,NONPAYER,Chuck,9,8031.0,8292.0,11300,0.7107,0.7338,-0.0231
20-39,NONPAYER,Chuck,10,6111.0,6818.0,11300,0.5408,0.6034,-0.0626
20-39,NONPAYER,Chuck,11,5679.0,6968.0,11300,0.5026,0.6166,-0.1141
20-39,NONPAYER,Chuck,12,9370.0,8320.0,11300,0.8292,0.7363,0.0929
20-39,NONPAYER,Chuck,13,6067.0,7266.0,11300,0.5369,0.643,-0.1061
20-39,NONPAYER,Chuck,14,5433.0,6849.0,11300,0.4808,0.6061,-0.1253
20-39,NONPAYER,Chuck,15,12915.0,9630.0,11300,1.1429,0.8522,0.2907
20-39,NONPAYER,Chuck,16,7640.0,8124.0,11300,0.6761,0.7189,-0.0428
20-39,NONPAYER,Chuck,17,5691.0,7107.0,11300,0.5036,0.6289,-0.1253
20-39,NONPAYER,Chuck,18,4702.0,6425.0,11300,0.4161,0.5686,-0.1525
20-39,NONPAYER,Chuck,19,7810.0,7050.0,11300,0.6912,0.6239,0.0673
20-39,NONPAYER,Chuck,20,5579.0,6461.0,11300,0.4937,0.5718,-0.0781
20-39,NONPAYER,Chuck,21,4629.0,6189.0,11300,0.4096,0.5477,-0.1381
20-39,NONPAYER,Bomb,1,6327.0,5024.0,10839,0.5837,0.4635,0.1202
20-39,NONPAYER,Bomb,2,5648.0,5209.0,10839,0.5211,0.4806,0.0405
20-39,NONPAYER,Bomb,3,5192.0,4710.0,10839,0.479,0.4345,0.0445
20-39,NONPAYER,Bomb,4,5051.0,4599.0,10839,0.466,0.4243,0.0417
20-39,NONPAYER,Bomb,5,6372.0,4856.0,10839,0.5879,0.448,0.1399
20-39,NONPAYER,Bomb,6,3956.0,4625.0,10839,0.365,0.4267,-0.0617
20-39,NONPAYER,Bomb,7,3559.0,4492.0,10839,0.3284,0.4144,-0.0861
20-39,NONPAYER,Bomb,8,6229.0,5195.0,10839,0.5747,0.4793,0.0954
20-39,NONPAYER,Bomb,9,5847.0,5112.0,10839,0.5394,0.4716,0.0678
20-39,NONPAYER,Bomb,10,5144.0,4566.0,10839,0.4746,0.4213,0.0533
20-39,NONPAYER,Bomb,11,4959.0,4597.0,10839,0.4575,0.4241,0.0334
20-39,NONPAYER,Bomb,12,5762.0,4519.0,10839,0.5316,0.4169,0.1147
20-39,NONPAYER,Bomb,13,3690.0,4430.0,10839,0.3404,0.4087,-0.0683
20-39,NONPAYER,Bomb,14,3445.0,4542.0,10839,0.3178,0.419,-0.1012
20-39,NONPAYER,Bomb,15,5788.0,5411.0,10839,0.534,0.4992,0.0348
20-39,NONPAYER,Bomb,16,5280.0,5186.0,10839,0.4871,0.4785,0.0087
20-39,NONPAYER,Bomb,17,4931.0,4853.0,10839,0.4549,0.4477,0.0072
20-39,NONPAYER,Bomb,18,4363.0,4437.0,10839,0.4025,0.4094,-0.0068
20-39,NONPAYER,Bomb,19,5633.0,4629.0,10839,0.5197,0.4271,0.0926
20-39,NONPAYER,Bomb,20,3589.0,4060.0,10839,0.3311,0.3746,-0.0435
20-39,NONPAYER,Bomb,21,3101.0,3822.0,10839,0.2861,0.3526,-0.0665
20-39,NONPAYER,UL Bomb,1,2900.0,1273.0,4587,0.6322,0.2775,0.3547
20-39,NONPAYER,UL Bomb,2,2500.0,1091.0,4587,0.545,0.2378,0.3072
20-39,NONPAYER,UL Bomb,3,2060.0,940.0,4587,0.4491,0.2049,0.2442
20-39,NONPAYER,UL Bomb,4,2680.0,1096.0,4587,0.5843,0.2389,0.3453
20-39,NONPAYER,UL Bomb,5,5770.0,2974.0,4587,1.2579,0.6484,0.6095
20-39,NONPAYER,UL Bomb,6,10830.0,6087.0,4587,2.361,1.327,1.034
20-39,NONPAYER,UL Bomb,7,11815.0,6473.0,4587,2.5758,1.4112,1.1646
20-39,NONPAYER,UL Bomb,8,8080.0,4205.0,4587,1.7615,0.9167,0.8448
20-39,NONPAYER,UL Bomb,9,3055.0,1370.0,4587,0.666,0.2987,0.3673
20-39,NONPAYER,UL Bomb,10,2960.0,1390.0,4587,0.6453,0.303,0.3423
20-39,NONPAYER,UL Bomb,11,2430.0,1199.0,4587,0.5298,0.2614,0.2684
20-39,NONPAYER,UL Bomb,12,4400.0,2087.0,4587,0.9592,0.455,0.5043
20-39,NONPAYER,UL Bomb,13,9220.0,4966.0,4587,2.01,1.0826,0.9274
20-39,NONPAYER,UL Bomb,14,11400.0,5987.0,4587,2.4853,1.3052,1.1801
20-39,NONPAYER,UL Bomb,15,12620.0,5682.0,4587,2.7513,1.2387,1.5125
20-39,NONPAYER,UL Bomb,16,4520.0,1827.0,4587,0.9854,0.3983,0.5871
20-39,NONPAYER,UL Bomb,17,3170.0,1322.0,4587,0.6911,0.2882,0.4029
20-39,NONPAYER,UL Bomb,18,2920.0,1297.0,4587,0.6366,0.2828,0.3538
20-39,NONPAYER,UL Bomb,19,3035.0,1203.0,4587,0.6617,0.2623,0.3994
20-39,NONPAYER,UL Bomb,20,3285.0,1574.0,4587,0.7162,0.3431,0.373
20-39,NONPAYER,UL Bomb,21,4235.0,2053.0,4587,0.9233,0.4476,0.4757
20-39,NONPAYER,UL Chuck,1,14385.0,6286.0,8805,1.6337,0.7139,0.9198
20-39,NONPAYER,UL Chuck,2,13020.0,5307.0,8805,1.4787,0.6027,0.876
20-39,NONPAYER,UL Chuck,3,13790.0,5840.0,8805,1.5662,0.6633,0.9029
20-39,NONPAYER,UL Chuck,4,17225.0,7134.0,8805,1.9563,0.8102,1.1461
20-39,NONPAYER,UL Chuck,5,28730.0,13380.0,8805,3.2629,1.5196,1.7433
20-39,NONPAYER,UL Chuck,6,21945.0,9925.0,8805,2.4923,1.1272,1.3651
20-39,NONPAYER,UL Chuck,7,18420.0,8039.0,8805,2.092,0.913,1.179
20-39,NONPAYER,UL Chuck,8,16640.0,7431.0,8805,1.8898,0.844,1.0459
20-39,NONPAYER,UL Chuck,9,11795.0,5041.0,8805,1.3396,0.5725,0.7671
20-39,NONPAYER,UL Chuck,10,12805.0,5254.0,8805,1.4543,0.5967,0.8576
20-39,NONPAYER,UL Chuck,11,16670.0,6783.0,8805,1.8932,0.7704,1.1229
20-39,NONPAYER,UL Chuck,12,28550.0,12865.0,8805,3.2425,1.4611,1.7814
20-39,NONPAYER,UL Chuck,13,21385.0,9662.0,8805,2.4287,1.0973,1.3314
20-39,NONPAYER,UL Chuck,14,18300.0,7742.0,8805,2.0784,0.8793,1.1991
20-39,NONPAYER,UL Chuck,15,25060.0,9903.0,8805,2.8461,1.1247,1.7214
20-39,NONPAYER,UL Chuck,16,12700.0,4855.0,8805,1.4424,0.5514,0.891
20-39,NONPAYER,UL Chuck,17,12720.0,4932.0,8805,1.4446,0.5601,0.8845
20-39,NONPAYER,UL Chuck,18,13835.0,5332.0,8805,1.5713,0.6056,0.9657
20-39,NONPAYER,UL Chuck,19,12985.0,5052.0,8805,1.4747,0.5738,0.901
20-39,NONPAYER,UL Chuck,20,11130.0,4140.0,8805,1.2641,0.4702,0.7939
20-39,NONPAYER,UL Chuck,21,11150.0,4300.0,8805,1.2663,0.4884,0.778
20-39,NONPAYER,UL Red,1,39845.0,16694.0,10266,3.8813,1.6261,2.2551
20-39,NONPAYER,UL Red,2,43370.0,16931.0,10266,4.2246,1.6492,2.5754
20-39,NONPAYER,UL Red,3,36345.0,14527.0,10266,3.5403,1.4151,2.1253
20-39,NONPAYER,UL Red,4,32450.0,13022.0,10266,3.1609,1.2685,1.8925
20-39,NONPAYER,UL Red,5,44690.0,19781.0,10266,4.3532,1.9268,2.4264
20-39,NONPAYER,UL Red,6,29700.0,13158.0,10266,2.893,1.2817,1.6113
20-39,NONPAYER,UL Red,7,27905.0,11564.0,10266,2.7182,1.1264,1.5918
20-39,NONPAYER,UL Red,8,40320.0,16985.0,10266,3.9275,1.6545,2.273
20-39,NONPAYER,UL Red,9,42130.0,16869.0,10266,4.1038,1.6432,2.4606
20-39,NONPAYER,UL Red,10,35575.0,13850.0,10266,3.4653,1.3491,2.1162
20-39,NONPAYER,UL Red,11,30395.0,11794.0,10266,2.9607,1.1488,1.8119
20-39,NONPAYER,UL Red,12,40610.0,18207.0,10266,3.9558,1.7735,2.1823
20-39,NONPAYER,UL Red,13,27210.0,11523.0,10266,2.6505,1.1224,1.5281
20-39,NONPAYER,UL Red,14,25080.0,10722.0,10266,2.443,1.0444,1.3986
20-39,NONPAYER,UL Red,15,46845.0,18098.0,10266,4.5631,1.7629,2.8002
20-39,NONPAYER,UL Red,16,39735.0,15152.0,10266,3.8705,1.4759,2.3946
20-39,NONPAYER,UL Red,17,32700.0,12297.0,10266,3.1853,1.1978,1.9874
20-39,NONPAYER,UL Red,18,25305.0,10125.0,10266,2.4649,0.9863,1.4787
20-39,NONPAYER,UL Red,19,21100.0,8426.0,10266,2.0553,0.8208,1.2346
20-39,NONPAYER,UL Red,20,17580.0,6667.0,10266,1.7124,0.6494,1.063
20-39,NONPAYER,UL Red,21,18885.0,7378.0,10266,1.8396,0.7187,1.1209
20-39,NONPAYER,Unlimited Lives,1,1157475.0,0.0,11563,100.1016,0.0,100.1016
20-39,NONPAYER,Unlimited Lives,2,968787.0,0.0,11563,83.7834,0.0,83.7834
20-39,NONPAYER,Unlimited Lives,3,965815.0,1.0,11563,83.5263,0.0001,83.5262
20-39,NONPAYER,Unlimited Lives,4,919426.0,0.0,11563,79.5145,0.0,79.5145
20-39,NONPAYER,Unlimited Lives,5,827948.0,0.0,11563,71.6032,0.0,71.6032
20-39,NONPAYER,Unlimited Lives,6,714632.0,0.0,11563,61.8033,0.0,61.8033
20-39,NONPAYER,Unlimited Lives,7,699320.0,0.0,11563,60.4791,0.0,60.4791
20-39,NONPAYER,Unlimited Lives,8,1067662.0,0.0,11563,92.3343,0.0,92.3343
20-39,NONPAYER,Unlimited Lives,9,1032797.0,0.0,11563,89.3191,0.0,89.3191
20-39,NONPAYER,Unlimited Lives,10,902080.0,0.0,11563,78.0144,0.0,78.0144
20-39,NONPAYER,Unlimited Lives,11,837318.0,0.0,11563,72.4136,0.0,72.4136
20-39,NONPAYER,Unlimited Lives,12,809282.0,0.0,11563,69.9889,0.0,69.9889
20-39,NONPAYER,Unlimited Lives,13,700876.0,0.0,11563,60.6137,0.0,60.6137
20-39,NONPAYER,Unlimited Lives,14,708407.0,0.0,11563,61.265,0.0,61.265
20-39,NONPAYER,Unlimited Lives,15,1140736.0,0.0,11563,98.654,0.0,98.654
20-39,NONPAYER,Unlimited Lives,16,956243.0,0.0,11563,82.6985,0.0,82.6985
20-39,NONPAYER,Unlimited Lives,17,826186.0,0.0,11563,71.4508,0.0,71.4508
20-39,NONPAYER,Unlimited Lives,18,747684.0,9.0,11563,64.6618,0.0008,64.661
20-39,NONPAYER,Unlimited Lives,19,733869.0,2.0,11563,63.467,0.0002,63.4668
20-39,NONPAYER,Unlimited Lives,20,648635.0,0.0,11563,56.0957,0.0,56.0957
20-39,NONPAYER,Unlimited Lives,21,635741.0,0.0,11563,54.9806,0.0,54.9806
20-39,NONPAYER,SPT,1,1295043.0,0.0,11204,115.5876,0.0,115.5876
20-39,NONPAYER,SPT,2,1170887.0,0.0,11204,104.5062,0.0,104.5062
20-39,NONPAYER,SPT,3,760208.0,0.0,11204,67.8515,0.0,67.8515
20-39,NONPAYER,SPT,4,1221945.0,0.0,11204,109.0633,0.0,109.0633
20-39,NONPAYER,SPT,5,1276218.0,0.0,11204,113.9074,0.0,113.9074
20-39,NONPAYER,SPT,6,1124718.0,0.0,11204,100.3854,0.0,100.3854
20-39,NONPAYER,SPT,7,1106699.0,0.0,11204,98.7771,0.0,98.7771
20-39,NONPAYER,SPT,8,1728299.0,0.0,11204,154.2573,0.0,154.2573
20-39,NONPAYER,SPT,9,1312726.0,0.0,11204,117.1658,0.0,117.1658
20-39,NONPAYER,SPT,10,1220852.0,0.0,11204,108.9657,0.0,108.9657
20-39,NONPAYER,SPT,11,1374532.0,0.0,11204,122.6823,0.0,122.6823
20-39,NONPAYER,SPT,12,1276619.0,0.0,11204,113.9431,0.0,113.9431
20-39,NONPAYER,SPT,13,1136073.0,0.0,11204,101.3989,0.0,101.3989
20-39,NONPAYER,SPT,14,1151695.0,0.0,11204,102.7932,0.0,102.7932
20-39,NONPAYER,SPT,15,1778869.0,0.0,11204,158.7709,0.0,158.7709
20-39,NONPAYER,SPT,16,1491762.0,0.0,11204,133.1455,0.0,133.1455
20-39,NONPAYER,SPT,17,1297097.0,0.0,11204,115.7709,0.0,115.7709
20-39,NONPAYER,SPT,18,1220826.0,0.0,11204,108.9634,0.0,108.9634
20-39,NONPAYER,SPT,19,1087735.0,0.0,11204,97.0845,0.0,97.0845
20-39,NONPAYER,SPT,20,994946.0,0.0,11204,88.8027,0.0,88.8027
20-39,NONPAYER,SPT,21,969675.0,0.0,11204,86.5472,0.0,86.5472
20-39,NONPAYER,SPTx2,1,15.0,0.0,7813,0.0019,0.0,0.0019
20-39,NONPAYER,SPTx2,2,0.0,0.0,7813,0.0,0.0,0.0
20-39,NONPAYER,SPTx2,3,0.0,0.0,7813,0.0,0.0,0.0
20-39,NONPAYER,SPTx2,4,15.0,0.0,7813,0.0019,0.0,0.0019
20-39,NONPAYER,SPTx2,5,60.0,0.0,7813,0.0077,0.0,0.0077
20-39,NONPAYER,SPTx2,6,15.0,0.0,7813,0.0019,0.0,0.0019
20-39,NONPAYER,SPTx2,7,15.0,0.0,7813,0.0019,0.0,0.0019
20-39,NONPAYER,SPTx2,8,39095.0,0.0,7813,5.0038,0.0,5.0038
20-39,NONPAYER,SPTx2,9,18105.0,0.0,7813,2.3173,0.0,2.3173
20-39,NONPAYER,SPTx2,10,14845.0,0.0,7813,1.9,0.0,1.9
20-39,NONPAYER,SPTx2,11,17920.0,0.0,7813,2.2936,0.0,2.2936
20-39,NONPAYER,SPTx2,12,1420.0,0.0,7813,0.1817,0.0,0.1817
20-39,NONPAYER,SPTx2,13,30.0,0.0,7813,0.0038,0.0,0.0038
20-39,NONPAYER,SPTx2,14,135.0,0.0,7813,0.0173,0.0,0.0173
20-39,NONPAYER,SPTx2,15,39215.0,0.0,7813,5.0192,0.0,5.0192
20-39,NONPAYER,SPTx2,16,19215.0,0.0,7813,2.4594,0.0,2.4594
20-39,NONPAYER,SPTx2,17,14860.0,0.0,7813,1.902,0.0,1.902
20-39,NONPAYER,SPTx2,18,14775.0,0.0,7813,1.8911,0.0,1.8911
20-39,NONPAYER,SPTx2,19,820.0,0.0,7813,0.105,0.0,0.105
20-39,NONPAYER,SPTx2,20,60.0,0.0,7813,0.0077,0.0,0.0077
20-39,NONPAYER,SPTx2,21,70.0,0.0,7813,0.009,0.0,0.009
20-39,PAYER,HC,1,387140.0,370000.0,2544,152.1777,145.4403,6.7374
20-39,PAYER,HC,2,268490.0,296050.0,2544,105.5385,116.3719,-10.8333
20-39,PAYER,HC,3,254112.0,231450.0,2544,99.8868,90.9788,8.908
20-39,PAYER,HC,4,216576.0,227950.0,2544,85.1321,89.603,-4.4709
20-39,PAYER,HC,5,311115.0,297850.0,2544,122.2936,117.0794,5.2142
20-39,PAYER,HC,6,232476.0,251550.0,2544,91.3821,98.8797,-7.4976
20-39,PAYER,HC,7,247961.0,254650.0,2544,97.4689,100.0983,-2.6293
20-39,PAYER,HC,8,387719.0,365100.0,2544,152.4053,143.5142,8.8911
20-39,PAYER,HC,9,233666.0,250850.0,2544,91.8498,98.6046,-6.7547
20-39,PAYER,HC,10,259170.0,222850.0,2544,101.875,87.5983,14.2767
20-39,PAYER,HC,11,205445.0,214100.0,2544,80.7567,84.1588,-3.4021
20-39,PAYER,HC,12,284602.0,267400.0,2544,111.8719,105.1101,6.7618
20-39,PAYER,HC,13,226048.0,228200.0,2544,88.8553,89.7013,-0.8459
20-39,PAYER,HC,14,211699.0,239650.0,2544,83.215,94.202,-10.987
20-39,PAYER,HC,15,386803.0,376150.0,2544,152.0452,147.8577,4.1875
20-39,PAYER,HC,16,246378.0,262300.0,2544,96.8467,103.1053,-6.2586
20-39,PAYER,HC,17,222905.0,237000.0,2544,87.6199,93.1604,-5.5405
20-39,PAYER,HC,18,192646.0,232950.0,2544,75.7256,91.5684,-15.8428
20-39,PAYER,HC,19,269267.0,254850.0,2544,105.8439,100.1769,5.6671
20-39,PAYER,HC,20,216951.0,228350.0,2544,85.2795,89.7602,-4.4807
20-39,PAYER,HC,21,204244.0,210450.0,2544,80.2846,82.7241,-2.4395
20-39,PAYER,Slingshot,1,4113.0,3428.0,2485,1.6551,1.3795,0.2757
20-39,PAYER,Slingshot,2,2460.0,2736.0,2485,0.9899,1.101,-0.1111
20-39,PAYER,Slingshot,3,2290.0,2221.0,2485,0.9215,0.8938,0.0278
20-39,PAYER,Slingshot,4,2021.0,2117.0,2485,0.8133,0.8519,-0.0386
20-39,PAYER,Slingshot,5,2478.0,2437.0,2485,0.9972,0.9807,0.0165
20-39,PAYER,Slingshot,6,1534.0,1974.0,2485,0.6173,0.7944,-0.1771
20-39,PAYER,Slingshot,7,1429.0,1758.0,2485,0.5751,0.7074,-0.1324
20-39,PAYER,Slingshot,8,4156.0,3371.0,2485,1.6724,1.3565,0.3159
20-39,PAYER,Slingshot,9,2441.0,2539.0,2485,0.9823,1.0217,-0.0394
20-39,PAYER,Slingshot,10,2406.0,2216.0,2485,0.9682,0.8918,0.0765
20-39,PAYER,Slingshot,11,1858.0,2106.0,2485,0.7477,0.8475,-0.0998
20-39,PAYER,Slingshot,12,2314.0,2356.0,2485,0.9312,0.9481,-0.0169
20-39,PAYER,Slingshot,13,1406.0,1840.0,2485,0.5658,0.7404,-0.1746
20-39,PAYER,Slingshot,14,1302.0,1695.0,2485,0.5239,0.6821,-0.1581
20-39,PAYER,Slingshot,15,4071.0,3246.0,2485,1.6382,1.3062,0.332
20-39,PAYER,Slingshot,16,2397.0,2531.0,2485,0.9646,1.0185,-0.0539
20-39,PAYER,Slingshot,17,2251.0,2340.0,2485,0.9058,0.9416,-0.0358
20-39,PAYER,Slingshot,18,1742.0,1954.0,2485,0.701,0.7863,-0.0853
20-39,PAYER,Slingshot,19,2068.0,2190.0,2485,0.8322,0.8813,-0.0491
20-39,PAYER,Slingshot,20,1245.0,1818.0,2485,0.501,0.7316,-0.2306
20-39,PAYER,Slingshot,21,1074.0,1484.0,2485,0.4322,0.5972,-0.165
20-39,PAYER,Shuffle,1,2921.0,2599.0,2421,1.2065,1.0735,0.133
20-39,PAYER,Shuffle,2,1816.0,2133.0,2421,0.7501,0.881,-0.1309
20-39,PAYER,Shuffle,3,1749.0,1802.0,2421,0.7224,0.7443,-0.0219
20-39,PAYER,Shuffle,4,1484.0,1664.0,2421,0.613,0.6873,-0.0743
20-39,PAYER,Shuffle,5,1985.0,2024.0,2421,0.8199,0.836,-0.0161
20-39,PAYER,Shuffle,6,1198.0,1593.0,2421,0.4948,0.658,-0.1632
20-39,PAYER,Shuffle,7,1221.0,1551.0,2421,0.5043,0.6406,-0.1363
20-39,PAYER,Shuffle,8,2724.0,2452.0,2421,1.1252,1.0128,0.1124
20-39,PAYER,Shuffle,9,1778.0,2015.0,2421,0.7344,0.8323,-0.0979
20-39,PAYER,Shuffle,10,1748.0,1735.0,2421,0.722,0.7166,0.0054
20-39,PAYER,Shuffle,11,1463.0,1613.0,2421,0.6043,0.6663,-0.062
20-39,PAYER,Shuffle,12,1753.0,1890.0,2421,0.7241,0.7807,-0.0566
20-39,PAYER,Shuffle,13,1176.0,1617.0,2421,0.4857,0.6679,-0.1822
20-39,PAYER,Shuffle,14,1087.0,1414.0,2421,0.449,0.5841,-0.1351
20-39,PAYER,Shuffle,15,2512.0,2330.0,2421,1.0376,0.9624,0.0752
20-39,PAYER,Shuffle,16,1683.0,1905.0,2421,0.6952,0.7869,-0.0917
20-39,PAYER,Shuffle,17,1642.0,1739.0,2421,0.6782,0.7183,-0.0401
20-39,PAYER,Shuffle,18,1338.0,1599.0,2421,0.5527,0.6605,-0.1078
20-39,PAYER,Shuffle,19,1530.0,1615.0,2421,0.632,0.6671,-0.0351
20-39,PAYER,Shuffle,20,1041.0,1409.0,2421,0.43,0.582,-0.152
20-39,PAYER,Shuffle,21,879.0,1219.0,2421,0.3631,0.5035,-0.1404
20-39,PAYER,Comet,1,1845.0,1715.0,2181,0.8459,0.7863,0.0596
20-39,PAYER,Comet,2,1123.0,1274.0,2181,0.5149,0.5841,-0.0692
20-39,PAYER,Comet,3,827.0,984.0,2181,0.3792,0.4512,-0.072
20-39,PAYER,Comet,4,591.0,806.0,2181,0.271,0.3696,-0.0986
20-39,PAYER,Comet,5,833.0,954.0,2181,0.3819,0.4374,-0.0555
20-39,PAYER,Comet,6,505.0,794.0,2181,0.2315,0.3641,-0.1325
20-39,PAYER,Comet,7,504.0,712.0,2181,0.2311,0.3265,-0.0954
20-39,PAYER,Comet,8,1974.0,1739.0,2181,0.9051,0.7973,0.1077
20-39,PAYER,Comet,9,1149.0,1263.0,2181,0.5268,0.5791,-0.0523
20-39,PAYER,Comet,10,773.0,978.0,2181,0.3544,0.4484,-0.094
20-39,PAYER,Comet,11,631.0,841.0,2181,0.2893,0.3856,-0.0963
20-39,PAYER,Comet,12,767.0,957.0,2181,0.3517,0.4388,-0.0871
20-39,PAYER,Comet,13,470.0,741.0,2181,0.2155,0.3398,-0.1243
20-39,PAYER,Comet,14,447.0,712.0,2181,0.205,0.3265,-0.1215
20-39,PAYER,Comet,15,1965.0,1748.0,2181,0.901,0.8015,0.0995
20-39,PAYER,Comet,16,1050.0,1236.0,2181,0.4814,0.5667,-0.0853
20-39,PAYER,Comet,17,878.0,1030.0,2181,0.4026,0.4723,-0.0697
20-39,PAYER,Comet,18,580.0,858.0,2181,0.2659,0.3934,-0.1275
20-39,PAYER,Comet,19,728.0,902.0,2181,0.3338,0.4136,-0.0798
20-39,PAYER,Comet,20,464.0,802.0,2181,0.2127,0.3677,-0.155
20-39,PAYER,Comet,21,410.0,657.0,2181,0.188,0.3012,-0.1133
20-39,PAYER,Red,1,3599.0,3528.0,2531,1.422,1.3939,0.0281
20-39,PAYER,Red,2,2337.0,3104.0,2531,0.9234,1.2264,-0.303
20-39,PAYER,Red,3,1716.0,2232.0,2531,0.678,0.8819,-0.2039
20-39,PAYER,Red,4,1841.0,2241.0,2531,0.7274,0.8854,-0.158
20-39,PAYER,Red,5,2330.0,2637.0,2531,0.9206,1.0419,-0.1213
20-39,PAYER,Red,6,1621.0,2264.0,2531,0.6405,0.8945,-0.254
20-39,PAYER,Red,7,1679.0,2403.0,2531,0.6634,0.9494,-0.2861
20-39,PAYER,Red,8,3407.0,3358.0,2531,1.3461,1.3267,0.0194
20-39,PAYER,Red,9,2014.0,2767.0,2531,0.7957,1.0932,-0.2975
20-39,PAYER,Red,10,1647.0,2083.0,2531,0.6507,0.823,-0.1723
20-39,PAYER,Red,11,1699.0,2091.0,2531,0.6713,0.8262,-0.1549
20-39,PAYER,Red,12,1934.0,2440.0,2531,0.7641,0.964,-0.1999
20-39,PAYER,Red,13,1607.0,2035.0,2531,0.6349,0.804,-0.1691
20-39,PAYER,Red,14,1407.0,2216.0,2531,0.5559,0.8755,-0.3196
20-39,PAYER,Red,15,3500.0,3293.0,2531,1.3829,1.3011,0.0818
20-39,PAYER,Red,16,1943.0,2648.0,2531,0.7677,1.0462,-0.2785
20-39,PAYER,Red,17,1525.0,2462.0,2531,0.6025,0.9727,-0.3702
20-39,PAYER,Red,18,1393.0,2098.0,2531,0.5504,0.8289,-0.2785
20-39,PAYER,Red,19,1620.0,1988.0,2531,0.6401,0.7855,-0.1454
20-39,PAYER,Red,20,1284.0,1906.0,2531,0.5073,0.7531,-0.2458
20-39,PAYER,Red,21,1128.0,1743.0,2531,0.4457,0.6887,-0.243
20-39,PAYER,Chuck,1,3236.0,3010.0,2519,1.2846,1.1949,0.0897
20-39,PAYER,Chuck,2,2120.0,2646.0,2519,0.8416,1.0504,-0.2088
20-39,PAYER,Chuck,3,1565.0,1939.0,2519,0.6213,0.7697,-0.1485
20-39,PAYER,Chuck,4,1693.0,1989.0,2519,0.6721,0.7896,-0.1175
20-39,PAYER,Chuck,5,2766.0,2750.0,2519,1.0981,1.0917,0.0064
20-39,PAYER,Chuck,6,1702.0,2266.0,2519,0.6757,0.8996,-0.2239
20-39,PAYER,Chuck,7,1540.0,2210.0,2519,0.6114,0.8773,-0.266
20-39,PAYER,Chuck,8,3309.0,3011.0,2519,1.3136,1.1953,0.1183
20-39,PAYER,Chuck,9,2005.0,2439.0,2519,0.796,0.9682,-0.1723
20-39,PAYER,Chuck,10,1579.0,1843.0,2519,0.6268,0.7316,-0.1048
20-39,PAYER,Chuck,11,1376.0,1781.0,2519,0.5462,0.707,-0.1608
20-39,PAYER,Chuck,12,2408.0,2591.0,2519,0.9559,1.0286,-0.0726
20-39,PAYER,Chuck,13,1622.0,2058.0,2519,0.6439,0.817,-0.1731
20-39,PAYER,Chuck,14,1323.0,2043.0,2519,0.5252,0.811,-0.2858
20-39,PAYER,Chuck,15,3237.0,2899.0,2519,1.285,1.1509,0.1342
20-39,PAYER,Chuck,16,1892.0,2339.0,2519,0.7511,0.9285,-0.1775
20-39,PAYER,Chuck,17,1425.0,2100.0,2519,0.5657,0.8337,-0.268
20-39,PAYER,Chuck,18,1237.0,1893.0,2519,0.4911,0.7515,-0.2604
20-39,PAYER,Chuck,19,1826.0,2041.0,2519,0.7249,0.8102,-0.0854
20-39,PAYER,Chuck,20,1389.0,1940.0,2519,0.5514,0.7701,-0.2187
20-39,PAYER,Chuck,21,1170.0,1635.0,2519,0.4645,0.6491,-0.1846
20-39,PAYER,Bomb,1,1678.0,1736.0,2442,0.6871,0.7109,-0.0238
20-39,PAYER,Bomb,2,1466.0,1722.0,2442,0.6003,0.7052,-0.1048
20-39,PAYER,Bomb,3,1297.0,1410.0,2442,0.5311,0.5774,-0.0463
20-39,PAYER,Bomb,4,1213.0,1331.0,2442,0.4967,0.545,-0.0483
20-39,PAYER,Bomb,5,1757.0,1800.0,2442,0.7195,0.7371,-0.0176
20-39,PAYER,Bomb,6,1092.0,1504.0,2442,0.4472,0.6159,-0.1687
20-39,PAYER,Bomb,7,1001.0,1604.0,2442,0.4099,0.6568,-0.2469
20-39,PAYER,Bomb,8,1793.0,1791.0,2442,0.7342,0.7334,0.0008
20-39,PAYER,Bomb,9,1579.0,1710.0,2442,0.6466,0.7002,-0.0536
20-39,PAYER,Bomb,10,1339.0,1476.0,2442,0.5483,0.6044,-0.0561
20-39,PAYER,Bomb,11,1237.0,1348.0,2442,0.5066,0.552,-0.0455
20-39,PAYER,Bomb,12,1512.0,1601.0,2442,0.6192,0.6556,-0.0364
20-39,PAYER,Bomb,13,968.0,1356.0,2442,0.3964,0.5553,-0.1589
20-39,PAYER,Bomb,14,894.0,1467.0,2442,0.3661,0.6007,-0.2346
20-39,PAYER,Bomb,15,1645.0,1750.0,2442,0.6736,0.7166,-0.043
20-39,PAYER,Bomb,16,1332.0,1660.0,2442,0.5455,0.6798,-0.1343
20-39,PAYER,Bomb,17,1218.0,1562.0,2442,0.4988,0.6396,-0.1409
20-39,PAYER,Bomb,18,1065.0,1374.0,2442,0.4361,0.5627,-0.1265
20-39,PAYER,Bomb,19,1372.0,1496.0,2442,0.5618,0.6126,-0.0508
20-39,PAYER,Bomb,20,883.0,1302.0,2442,0.3616,0.5332,-0.1716
20-39,PAYER,Bomb,21,721.0,1142.0,2442,0.2952,0.4676,-0.1724
20-39,PAYER,UL Bomb,1,1395.0,2659.0,1205,1.1577,2.2066,-1.049
20-39,PAYER,UL Bomb,2,1385.0,2631.0,1205,1.1494,2.1834,-1.034
20-39,PAYER,UL Bomb,3,1075.0,1859.0,1205,0.8921,1.5427,-0.6506
20-39,PAYER,UL Bomb,4,1255.0,2256.0,1205,1.0415,1.8722,-0.8307
20-39,PAYER,UL Bomb,5,2265.0,3277.0,1205,1.8797,2.7195,-0.8398
20-39,PAYER,UL Bomb,6,3440.0,3887.0,1205,2.8548,3.2257,-0.371
20-39,PAYER,UL Bomb,7,3920.0,4408.0,1205,3.2531,3.6581,-0.405
20-39,PAYER,UL Bomb,8,1885.0,3496.0,1205,1.5643,2.9012,-1.3369
20-39,PAYER,UL Bomb,9,1190.0,2444.0,1205,0.9876,2.0282,-1.0407
20-39,PAYER,UL Bomb,10,1080.0,2143.0,1205,0.8963,1.7784,-0.8822
20-39,PAYER,UL Bomb,11,3995.0,2067.0,1205,3.3154,1.7154,1.6
20-39,PAYER,UL Bomb,12,1445.0,1991.0,1205,1.1992,1.6523,-0.4531
20-39,PAYER,UL Bomb,13,2795.0,3085.0,1205,2.3195,2.5602,-0.2407
20-39,PAYER,UL Bomb,14,3105.0,3655.0,1205,2.5768,3.0332,-0.4564
20-39,PAYER,UL Bomb,15,2695.0,4783.0,1205,2.2365,3.9693,-1.7328
20-39,PAYER,UL Bomb,16,1460.0,2725.0,1205,1.2116,2.2614,-1.0498
20-39,PAYER,UL Bomb,17,1155.0,2282.0,1205,0.9585,1.8938,-0.9353
20-39,PAYER,UL Bomb,18,955.0,3002.0,1205,0.7925,2.4913,-1.6988
20-39,PAYER,UL Bomb,19,825.0,1839.0,1205,0.6846,1.5261,-0.8415
20-39,PAYER,UL Bomb,20,1220.0,3146.0,1205,1.0124,2.6108,-1.5983
20-39,PAYER,UL Bomb,21,1325.0,2725.0,1205,1.0996,2.2614,-1.1618
20-39,PAYER,UL Chuck,1,4640.0,4333.0,2133,2.1753,2.0314,0.1439
20-39,PAYER,UL Chuck,2,4505.0,4006.0,2133,2.112,1.8781,0.2339
20-39,PAYER,UL Chuck,3,4610.0,3371.0,2133,2.1613,1.5804,0.5809
20-39,PAYER,UL Chuck,4,5060.0,4057.0,2133,2.3722,1.902,0.4702
20-39,PAYER,UL Chuck,5,8525.0,6557.0,2133,3.9967,3.0741,0.9226
20-39,PAYER,UL Chuck,6,7305.0,5392.0,2133,3.4248,2.5279,0.8969
20-39,PAYER,UL Chuck,7,6365.0,5296.0,2133,2.9841,2.4829,0.5012
20-39,PAYER,UL Chuck,8,4235.0,4549.0,2133,1.9855,2.1327,-0.1472
20-39,PAYER,UL Chuck,9,3555.0,3529.0,2133,1.6667,1.6545,0.0122
20-39,PAYER,UL Chuck,10,4290.0,3690.0,2133,2.0113,1.73,0.2813
20-39,PAYER,UL Chuck,11,5125.0,3835.0,2133,2.4027,1.7979,0.6048
20-39,PAYER,UL Chuck,12,7220.0,4944.0,2133,3.3849,2.3179,1.067
20-39,PAYER,UL Chuck,13,5260.0,4063.0,2133,2.466,1.9048,0.5612
20-39,PAYER,UL Chuck,14,5275.0,4351.0,2133,2.473,2.0398,0.4332
20-39,PAYER,UL Chuck,15,5065.0,5678.0,2133,2.3746,2.662,-0.2874
20-39,PAYER,UL Chuck,16,3560.0,3591.0,2133,1.669,1.6835,-0.0145
20-39,PAYER,UL Chuck,17,4305.0,3723.0,2133,2.0183,1.7454,0.2729
20-39,PAYER,UL Chuck,18,4095.0,4485.0,2133,1.9198,2.1027,-0.1828
20-39,PAYER,UL Chuck,19,2725.0,2773.0,2133,1.2775,1.3,-0.0225
20-39,PAYER,UL Chuck,20,3025.0,3799.0,2133,1.4182,1.7811,-0.3629
20-39,PAYER,UL Chuck,21,2790.0,3340.0,2133,1.308,1.5659,-0.2579
20-39,PAYER,UL Red,1,11105.0,6997.0,2367,4.6916,2.9561,1.7355
20-39,PAYER,UL Red,2,11785.0,7308.0,2367,4.9789,3.0875,1.8914
20-39,PAYER,UL Red,3,9045.0,5524.0,2367,3.8213,2.3338,1.4875
20-39,PAYER,UL Red,4,8065.0,5329.0,2367,3.4073,2.2514,1.1559
20-39,PAYER,UL Red,5,11605.0,8119.0,2367,4.9028,3.4301,1.4728
20-39,PAYER,UL Red,6,8595.0,6060.0,2367,3.6312,2.5602,1.071
20-39,PAYER,UL Red,7,8185.0,6042.0,2367,3.458,2.5526,0.9054
20-39,PAYER,UL Red,8,10365.0,7297.0,2367,4.379,3.0828,1.2962
20-39,PAYER,UL Red,9,10605.0,6649.0,2367,4.4804,2.809,1.6713
20-39,PAYER,UL Red,10,8415.0,5346.0,2367,3.5551,2.2586,1.2966
20-39,PAYER,UL Red,11,7465.0,4796.0,2367,3.1538,2.0262,1.1276
20-39,PAYER,UL Red,12,9810.0,6252.0,2367,4.1445,2.6413,1.5032
20-39,PAYER,UL Red,13,7500.0,4839.0,2367,3.1686,2.0444,1.1242
20-39,PAYER,UL Red,14,7090.0,5255.0,2367,2.9954,2.2201,0.7752
20-39,PAYER,UL Red,15,10950.0,8323.0,2367,4.6261,3.5163,1.1098
20-39,PAYER,UL Red,16,10120.0,6608.0,2367,4.2755,2.7917,1.4837
20-39,PAYER,UL Red,17,7740.0,5304.0,2367,3.27,2.2408,1.0292
20-39,PAYER,UL Red,18,6570.0,5605.0,2367,2.7757,2.368,0.4077
20-39,PAYER,UL Red,19,4175.0,3482.0,2367,1.7638,1.4711,0.2928
20-39,PAYER,UL Red,20,4755.0,4524.0,2367,2.0089,1.9113,0.0976
20-39,PAYER,UL Red,21,4460.0,3883.0,2367,1.8842,1.6405,0.2438
20-39,PAYER,Unlimited Lives,1,287920.0,0.0,2540,113.3543,0.0,113.3543
20-39,PAYER,Unlimited Lives,2,240215.0,0.0,2540,94.5728,0.0,94.5728
20-39,PAYER,Unlimited Lives,3,224944.0,0.0,2540,88.5606,0.0,88.5606
20-39,PAYER,Unlimited Lives,4,223466.0,0.0,2540,87.9787,0.0,87.9787
20-39,PAYER,Unlimited Lives,5,212046.0,0.0,2540,83.4827,0.0,83.4827
20-39,PAYER,Unlimited Lives,6,185525.0,0.0,2540,73.0413,0.0,73.0413
20-39,PAYER,Unlimited Lives,7,189711.0,0.0,2540,74.6894,0.0,74.6894
20-39,PAYER,Unlimited Lives,8,274421.0,0.0,2540,108.0398,0.0,108.0398
20-39,PAYER,Unlimited Lives,9,250245.0,0.0,2540,98.5217,0.0,98.5217
20-39,PAYER,Unlimited Lives,10,213304.0,0.0,2540,83.978,0.0,83.978
20-39,PAYER,Unlimited Lives,11,206760.0,0.0,2540,81.4016,0.0,81.4016
20-39,PAYER,Unlimited Lives,12,189835.0,0.0,2540,74.7382,0.0,74.7382
20-39,PAYER,Unlimited Lives,13,169367.0,0.0,2540,66.6799,0.0,66.6799
20-39,PAYER,Unlimited Lives,14,171930.0,0.0,2540,67.689,0.0,67.689
20-39,PAYER,Unlimited Lives,15,280200.0,0.0,2540,110.315,0.0,110.315
20-39,PAYER,Unlimited Lives,16,225415.0,0.0,2540,88.7461,0.0,88.7461
20-39,PAYER,Unlimited Lives,17,197535.0,0.0,2540,77.7697,0.0,77.7697
20-39,PAYER,Unlimited Lives,18,177345.0,0.0,2540,69.8209,0.0,69.8209
20-39,PAYER,Unlimited Lives,19,164270.0,0.0,2540,64.6732,0.0,64.6732
20-39,PAYER,Unlimited Lives,20,152425.0,0.0,2540,60.0098,0.0,60.0098
20-39,PAYER,Unlimited Lives,21,144690.0,0.0,2540,56.9646,0.0,56.9646
20-39,PAYER,SPT,1,311210.0,0.0,2487,125.1347,0.0,125.1347
20-39,PAYER,SPT,2,276394.0,0.0,2487,111.1355,0.0,111.1355
20-39,PAYER,SPT,3,165431.0,0.0,2487,66.5183,0.0,66.5183
20-39,PAYER,SPT,4,280059.0,0.0,2487,112.6092,0.0,112.6092
20-39,PAYER,SPT,5,323446.0,0.0,2487,130.0547,0.0,130.0547
20-39,PAYER,SPT,6,268729.0,0.0,2487,108.0535,0.0,108.0535
20-39,PAYER,SPT,7,271348.0,0.0,2487,109.1066,0.0,109.1066
20-39,PAYER,SPT,8,422111.0,0.0,2487,169.727,0.0,169.727
20-39,PAYER,SPT,9,295566.0,0.0,2487,118.8444,0.0,118.8444
20-39,PAYER,SPT,10,255850.0,0.0,2487,102.8749,0.0,102.8749
20-39,PAYER,SPT,11,286843.0,0.0,2487,115.337,0.0,115.337
20-39,PAYER,SPT,12,287366.0,0.0,2487,115.5472,0.0,115.5472
20-39,PAYER,SPT,13,253898.0,0.0,2487,102.0901,0.0,102.0901
20-39,PAYER,SPT,14,251058.0,0.0,2487,100.9481,0.0,100.9481
20-39,PAYER,SPT,15,404980.0,0.0,2487,162.8388,0.0,162.8388
20-39,PAYER,SPT,16,317449.0,0.0,2487,127.6433,0.0,127.6433
20-39,PAYER,SPT,17,263614.0,0.0,2487,105.9968,0.0,105.9968
20-39,PAYER,SPT,18,250692.0,0.0,2487,100.801,0.0,100.801
20-39,PAYER,SPT,19,228548.0,0.0,2487,91.8971,0.0,91.8971
20-39,PAYER,SPT,20,204649.0,0.0,2487,82.2875,0.0,82.2875
20-39,PAYER,SPT,21,186034.0,0.0,2487,74.8026,0.0,74.8026
20-39,PAYER,SPTx2,1,0.0,0.0,1847,0.0,0.0,0.0
20-39,PAYER,SPTx2,2,0.0,0.0,1847,0.0,0.0,0.0
20-39,PAYER,SPTx2,3,0.0,0.0,1847,0.0,0.0,0.0
20-39,PAYER,SPTx2,4,0.0,0.0,1847,0.0,0.0,0.0
20-39,PAYER,SPTx2,5,0.0,0.0,1847,0.0,0.0,0.0
20-39,PAYER,SPTx2,6,0.0,0.0,1847,0.0,0.0,0.0
20-39,PAYER,SPTx2,7,0.0,0.0,1847,0.0,0.0,0.0
20-39,PAYER,SPTx2,8,9670.0,0.0,1847,5.2355,0.0,5.2355
20-39,PAYER,SPTx2,9,4255.0,0.0,1847,2.3037,0.0,2.3037
20-39,PAYER,SPTx2,10,3675.0,0.0,1847,1.9897,0.0,1.9897
20-39,PAYER,SPTx2,11,4600.0,0.0,1847,2.4905,0.0,2.4905
20-39,PAYER,SPTx2,12,300.0,0.0,1847,0.1624,0.0,0.1624
20-39,PAYER,SPTx2,13,0.0,0.0,1847,0.0,0.0,0.0
20-39,PAYER,SPTx2,14,15.0,0.0,1847,0.0081,0.0,0.0081
20-39,PAYER,SPTx2,15,9470.0,0.0,1847,5.1272,0.0,5.1272
20-39,PAYER,SPTx2,16,4850.0,0.0,1847,2.6259,0.0,2.6259
20-39,PAYER,SPTx2,17,3370.0,0.0,1847,1.8246,0.0,1.8246
20-39,PAYER,SPTx2,18,4390.0,0.0,1847,2.3768,0.0,2.3768
20-39,PAYER,SPTx2,19,210.0,0.0,1847,0.1137,0.0,0.1137
20-39,PAYER,SPTx2,20,0.0,0.0,1847,0.0,0.0,0.0
20-39,PAYER,SPTx2,21,15.0,0.0,1847,0.0081,0.0,0.0081
40-99,NONPAYER,HC,1,1005812.0,854250.0,7035,142.9726,121.4286,21.544
40-99,NONPAYER,HC,2,560810.0,618550.0,7035,79.7171,87.9247,-8.2075
40-99,NONPAYER,HC,3,725645.0,694550.0,7035,103.1478,98.7278,4.42
40-99,NONPAYER,HC,4,729420.0,624450.0,7035,103.6844,88.7633,14.9211
40-99,NONPAYER,HC,5,911802.0,790400.0,7035,129.6094,112.3525,17.2569
40-99,NONPAYER,HC,6,609806.0,655500.0,7035,86.6817,93.177,-6.4952
40-99,NONPAYER,HC,7,607982.0,664450.0,7035,86.4225,94.4492,-8.0267
40-99,NONPAYER,HC,8,1045380.0,869000.0,7035,148.597,123.5252,25.0718
40-99,NONPAYER,HC,9,577701.0,623050.0,7035,82.1181,88.5643,-6.4462
40-99,NONPAYER,HC,10,775329.0,762500.0,7035,110.2102,108.3866,1.8236
40-99,NONPAYER,HC,11,633998.0,612950.0,7035,90.1205,87.1286,2.9919
40-99,NONPAYER,HC,12,931026.0,770850.0,7035,132.342,109.5736,22.7684
40-99,NONPAYER,HC,13,660035.0,684800.0,7035,93.8216,97.3419,-3.5203
40-99,NONPAYER,HC,14,667996.0,690800.0,7035,94.9532,98.1947,-3.2415
40-99,NONPAYER,HC,15,1133704.0,954400.0,7035,161.152,135.6645,25.4874
40-99,NONPAYER,HC,16,625138.0,719500.0,7035,88.8611,102.2743,-13.4132
40-99,NONPAYER,HC,17,700932.0,714100.0,7035,99.635,101.5068,-1.8718
40-99,NONPAYER,HC,18,519963.0,606400.0,7035,73.9109,86.1976,-12.2867
40-99,NONPAYER,HC,19,921989.0,835100.0,7035,131.0574,118.7065,12.351
40-99,NONPAYER,HC,20,634178.0,684550.0,7035,90.1461,97.3063,-7.1602
40-99,NONPAYER,HC,21,632242.0,674450.0,7035,89.8709,95.8706,-5.9997
40-99,NONPAYER,Slingshot,1,12225.0,9354.0,6954,1.758,1.3451,0.4129
40-99,NONPAYER,Slingshot,2,7086.0,7475.0,6954,1.019,1.0749,-0.0559
40-99,NONPAYER,Slingshot,3,6703.0,6917.0,6954,0.9639,0.9947,-0.0308
40-99,NONPAYER,Slingshot,4,6457.0,6212.0,6954,0.9285,0.8933,0.0352
40-99,NONPAYER,Slingshot,5,6662.0,6547.0,6954,0.958,0.9415,0.0165
40-99,NONPAYER,Slingshot,6,4720.0,5607.0,6954,0.6787,0.8063,-0.1276
40-99,NONPAYER,Slingshot,7,4767.0,5686.0,6954,0.6855,0.8177,-0.1322
40-99,NONPAYER,Slingshot,8,12984.0,9440.0,6954,1.8671,1.3575,0.5096
40-99,NONPAYER,Slingshot,9,7647.0,7579.0,6954,1.0997,1.0899,0.0098
40-99,NONPAYER,Slingshot,10,7184.0,7133.0,6954,1.0331,1.0257,0.0073
40-99,NONPAYER,Slingshot,11,6295.0,6255.0,6954,0.9052,0.8995,0.0058
40-99,NONPAYER,Slingshot,12,6899.0,7002.0,6954,0.9921,1.0069,-0.0148
40-99,NONPAYER,Slingshot,13,5191.0,5956.0,6954,0.7465,0.8565,-0.11
40-99,NONPAYER,Slingshot,14,5359.0,6379.0,6954,0.7706,0.9173,-0.1467
40-99,NONPAYER,Slingshot,15,14253.0,10492.0,6954,2.0496,1.5088,0.5408
40-99,NONPAYER,Slingshot,16,8404.0,8474.0,6954,1.2085,1.2186,-0.0101
40-99,NONPAYER,Slingshot,17,7588.0,7646.0,6954,1.0912,1.0995,-0.0083
40-99,NONPAYER,Slingshot,18,6012.0,6720.0,6954,0.8645,0.9664,-0.1018
40-99,NONPAYER,Slingshot,19,7815.0,7792.0,6954,1.1238,1.1205,0.0033
40-99,NONPAYER,Slingshot,20,4828.0,6154.0,6954,0.6943,0.885,-0.1907
40-99,NONPAYER,Slingshot,21,4738.0,6014.0,6954,0.6813,0.8648,-0.1835
40-99,NONPAYER,Shuffle,1,9572.0,8240.0,6973,1.3727,1.1817,0.191
40-99,NONPAYER,Shuffle,2,6159.0,6414.0,6973,0.8833,0.9198,-0.0366
40-99,NONPAYER,Shuffle,3,6784.0,6783.0,6973,0.9729,0.9728,0.0001
40-99,NONPAYER,Shuffle,4,6465.0,6002.0,6973,0.9271,0.8607,0.0664
40-99,NONPAYER,Shuffle,5,6873.0,7669.0,6973,0.9857,1.0998,-0.1142
40-99,NONPAYER,Shuffle,6,4697.0,5569.0,6973,0.6736,0.7987,-0.1251
40-99,NONPAYER,Shuffle,7,4652.0,5483.0,6973,0.6671,0.7863,-0.1192
40-99,NONPAYER,Shuffle,8,9471.0,7951.0,6973,1.3582,1.1403,0.218
40-99,NONPAYER,Shuffle,9,6149.0,6085.0,6973,0.8818,0.8727,0.0092
40-99,NONPAYER,Shuffle,10,7255.0,7109.0,6973,1.0404,1.0195,0.0209
40-99,NONPAYER,Shuffle,11,5822.0,5703.0,6973,0.8349,0.8179,0.0171
40-99,NONPAYER,Shuffle,12,6966.0,6440.0,6973,0.999,0.9236,0.0754
40-99,NONPAYER,Shuffle,13,4814.0,5579.0,6973,0.6904,0.8001,-0.1097
40-99,NONPAYER,Shuffle,14,4988.0,5875.0,6973,0.7153,0.8425,-0.1272
40-99,NONPAYER,Shuffle,15,9951.0,8369.0,6973,1.4271,1.2002,0.2269
40-99,NONPAYER,Shuffle,16,6967.0,7105.0,6973,0.9991,1.0189,-0.0198
40-99,NONPAYER,Shuffle,17,7255.0,6904.0,6973,1.0404,0.9901,0.0503
40-99,NONPAYER,Shuffle,18,5787.0,6311.0,6973,0.8299,0.9051,-0.0751
40-99,NONPAYER,Shuffle,19,7270.0,7188.0,6973,1.0426,1.0308,0.0118
40-99,NONPAYER,Shuffle,20,4999.0,5962.0,6973,0.7169,0.855,-0.1381
40-99,NONPAYER,Shuffle,21,5022.0,5972.0,6973,0.7202,0.8564,-0.1362
40-99,NONPAYER,Comet,1,6307.0,5128.0,6548,0.9632,0.7831,0.1801
40-99,NONPAYER,Comet,2,2704.0,3330.0,6548,0.413,0.5086,-0.0956
40-99,NONPAYER,Comet,3,2618.0,2802.0,6548,0.3998,0.4279,-0.0281
40-99,NONPAYER,Comet,4,2594.0,2415.0,6548,0.3962,0.3688,0.0273
40-99,NONPAYER,Comet,5,2981.0,2977.0,6548,0.4553,0.4546,0.0006
40-99,NONPAYER,Comet,6,1952.0,2408.0,6548,0.2981,0.3677,-0.0696
40-99,NONPAYER,Comet,7,2085.0,2668.0,6548,0.3184,0.4075,-0.089
40-99,NONPAYER,Comet,8,6699.0,5114.0,6548,1.0231,0.781,0.2421
40-99,NONPAYER,Comet,9,2965.0,3266.0,6548,0.4528,0.4988,-0.046
40-99,NONPAYER,Comet,10,2885.0,3064.0,6548,0.4406,0.4679,-0.0273
40-99,NONPAYER,Comet,11,2441.0,2404.0,6548,0.3728,0.3671,0.0057
40-99,NONPAYER,Comet,12,3051.0,2920.0,6548,0.4659,0.4459,0.02
40-99,NONPAYER,Comet,13,2184.0,2656.0,6548,0.3335,0.4056,-0.0721
40-99,NONPAYER,Comet,14,2409.0,2848.0,6548,0.3679,0.4349,-0.067
40-99,NONPAYER,Comet,15,7106.0,5505.0,6548,1.0852,0.8407,0.2445
40-99,NONPAYER,Comet,16,3367.0,3790.0,6548,0.5142,0.5788,-0.0646
40-99,NONPAYER,Comet,17,2785.0,3113.0,6548,0.4253,0.4754,-0.0501
40-99,NONPAYER,Comet,18,2046.0,2768.0,6548,0.3125,0.4227,-0.1103
40-99,NONPAYER,Comet,19,3075.0,3193.0,6548,0.4696,0.4876,-0.018
40-99,NONPAYER,Comet,20,2067.0,2694.0,6548,0.3157,0.4114,-0.0958
40-99,NONPAYER,Comet,21,1975.0,2573.0,6548,0.3016,0.3929,-0.0913
40-99,NONPAYER,Red,1,9017.0,8882.0,6988,1.2904,1.271,0.0193
40-99,NONPAYER,Red,2,6245.0,7152.0,6988,0.8937,1.0235,-0.1298
40-99,NONPAYER,Red,3,5968.0,6369.0,6988,0.854,0.9114,-0.0574
40-99,NONPAYER,Red,4,5598.0,5992.0,6988,0.8011,0.8575,-0.0564
40-99,NONPAYER,Red,5,6596.0,6624.0,6988,0.9439,0.9479,-0.004
40-99,NONPAYER,Red,6,4832.0,6004.0,6988,0.6915,0.8592,-0.1677
40-99,NONPAYER,Red,7,4349.0,5629.0,6988,0.6224,0.8055,-0.1832
40-99,NONPAYER,Red,8,9680.0,8913.0,6988,1.3852,1.2755,0.1098
40-99,NONPAYER,Red,9,6178.0,7040.0,6988,0.8841,1.0074,-0.1234
40-99,NONPAYER,Red,10,6206.0,6475.0,6988,0.8881,0.9266,-0.0385
40-99,NONPAYER,Red,11,5536.0,5871.0,6988,0.7922,0.8402,-0.0479
40-99,NONPAYER,Red,12,6264.0,6785.0,6988,0.8964,0.971,-0.0746
40-99,NONPAYER,Red,13,4965.0,5853.0,6988,0.7105,0.8376,-0.1271
40-99,NONPAYER,Red,14,4791.0,6174.0,6988,0.6856,0.8835,-0.1979
40-99,NONPAYER,Red,15,10980.0,9803.0,6988,1.5713,1.4028,0.1684
40-99,NONPAYER,Red,16,6922.0,8091.0,6988,0.9906,1.1578,-0.1673
40-99,NONPAYER,Red,17,6190.0,7208.0,6988,0.8858,1.0315,-0.1457
40-99,NONPAYER,Red,18,5472.0,6464.0,6988,0.7831,0.925,-0.142
40-99,NONPAYER,Red,19,6678.0,6937.0,6988,0.9556,0.9927,-0.0371
40-99,NONPAYER,Red,20,4611.0,6017.0,6988,0.6598,0.861,-0.2012
40-99,NONPAYER,Red,21,4402.0,5730.0,6988,0.6299,0.82,-0.19
40-99,NONPAYER,Chuck,1,8460.0,7516.0,6918,1.2229,1.0864,0.1365
40-99,NONPAYER,Chuck,2,5480.0,6453.0,6918,0.7921,0.9328,-0.1406
40-99,NONPAYER,Chuck,3,5177.0,6035.0,6918,0.7483,0.8724,-0.124
40-99,NONPAYER,Chuck,4,5307.0,6057.0,6918,0.7671,0.8755,-0.1084
40-99,NONPAYER,Chuck,5,7474.0,6882.0,6918,1.0804,0.9948,0.0856
40-99,NONPAYER,Chuck,6,4410.0,5746.0,6918,0.6375,0.8306,-0.1931
40-99,NONPAYER,Chuck,7,3985.0,5587.0,6918,0.576,0.8076,-0.2316
40-99,NONPAYER,Chuck,8,9487.0,7620.0,6918,1.3714,1.1015,0.2699
40-99,NONPAYER,Chuck,9,5404.0,6177.0,6918,0.7812,0.8929,-0.1117
40-99,NONPAYER,Chuck,10,5281.0,6248.0,6918,0.7634,0.9032,-0.1398
40-99,NONPAYER,Chuck,11,5129.0,5919.0,6918,0.7414,0.8556,-0.1142
40-99,NONPAYER,Chuck,12,7119.0,7019.0,6918,1.0291,1.0146,0.0145
40-99,NONPAYER,Chuck,13,4577.0,5648.0,6918,0.6616,0.8164,-0.1548
40-99,NONPAYER,Chuck,14,4433.0,5991.0,6918,0.6408,0.866,-0.2252
40-99,NONPAYER,Chuck,15,10535.0,8421.0,6918,1.5228,1.2173,0.3056
40-99,NONPAYER,Chuck,16,6062.0,7304.0,6918,0.8763,1.0558,-0.1795
40-99,NONPAYER,Chuck,17,5261.0,6877.0,6918,0.7605,0.9941,-0.2336
40-99,NONPAYER,Chuck,18,4924.0,6273.0,6918,0.7118,0.9068,-0.195
40-99,NONPAYER,Chuck,19,7633.0,7231.0,6918,1.1034,1.0452,0.0581
40-99,NONPAYER,Chuck,20,4443.0,5827.0,6918,0.6422,0.8423,-0.2001
40-99,NONPAYER,Chuck,21,4058.0,5592.0,6918,0.5866,0.8083,-0.2217
40-99,NONPAYER,Bomb,1,6096.0,4808.0,6928,0.8799,0.694,0.1859
40-99,NONPAYER,Bomb,2,4984.0,4265.0,6928,0.7194,0.6156,0.1038
40-99,NONPAYER,Bomb,3,4261.0,3901.0,6928,0.615,0.5631,0.052
40-99,NONPAYER,Bomb,4,4315.0,3822.0,6928,0.6228,0.5517,0.0712
40-99,NONPAYER,Bomb,5,5041.0,4224.0,6928,0.7276,0.6097,0.1179
40-99,NONPAYER,Bomb,6,3423.0,4272.0,6928,0.4941,0.6166,-0.1225
40-99,NONPAYER,Bomb,7,3278.0,4200.0,6928,0.4732,0.6062,-0.1331
40-99,NONPAYER,Bomb,8,6614.0,5179.0,6928,0.9547,0.7475,0.2071
40-99,NONPAYER,Bomb,9,5106.0,4103.0,6928,0.737,0.5922,0.1448
40-99,NONPAYER,Bomb,10,4556.0,4076.0,6928,0.6576,0.5883,0.0693
40-99,NONPAYER,Bomb,11,4121.0,3910.0,6928,0.5948,0.5644,0.0305
40-99,NONPAYER,Bomb,12,4877.0,4305.0,6928,0.704,0.6214,0.0826
40-99,NONPAYER,Bomb,13,3672.0,4284.0,6928,0.53,0.6184,-0.0883
40-99,NONPAYER,Bomb,14,3886.0,4696.0,6928,0.5609,0.6778,-0.1169
40-99,NONPAYER,Bomb,15,6856.0,5619.0,6928,0.9896,0.8111,0.1786
40-99,NONPAYER,Bomb,16,5636.0,5019.0,6928,0.8135,0.7245,0.0891
40-99,NONPAYER,Bomb,17,4615.0,4627.0,6928,0.6661,0.6679,-0.0017
40-99,NONPAYER,Bomb,18,4243.0,4270.0,6928,0.6124,0.6163,-0.0039
40-99,NONPAYER,Bomb,19,5523.0,4837.0,6928,0.7972,0.6982,0.099
40-99,NONPAYER,Bomb,20,3512.0,4218.0,6928,0.5069,0.6088,-0.1019
40-99,NONPAYER,Bomb,21,3477.0,4135.0,6928,0.5019,0.5969,-0.095
40-99,NONPAYER,UL Bomb,1,1885.0,1033.0,3755,0.502,0.2751,0.2269
40-99,NONPAYER,UL Bomb,2,1120.0,645.0,3755,0.2983,0.1718,0.1265
40-99,NONPAYER,UL Bomb,3,1535.0,875.0,3755,0.4088,0.233,0.1758
40-99,NONPAYER,UL Bomb,4,1670.0,807.0,3755,0.4447,0.2149,0.2298
40-99,NONPAYER,UL Bomb,5,8860.0,5705.0,3755,2.3595,1.5193,0.8402
40-99,NONPAYER,UL Bomb,6,12460.0,8123.0,3755,3.3182,2.1632,1.155
40-99,NONPAYER,UL Bomb,7,13415.0,8319.0,3755,3.5726,2.2154,1.3571
40-99,NONPAYER,UL Bomb,8,6710.0,4058.0,3755,1.787,1.0807,0.7063
40-99,NONPAYER,UL Bomb,9,1620.0,901.0,3755,0.4314,0.2399,0.1915
40-99,NONPAYER,UL Bomb,10,1845.0,896.0,3755,0.4913,0.2386,0.2527
40-99,NONPAYER,UL Bomb,11,1575.0,866.0,3755,0.4194,0.2306,0.1888
40-99,NONPAYER,UL Bomb,12,8105.0,5146.0,3755,2.1585,1.3704,0.788
40-99,NONPAYER,UL Bomb,13,12655.0,8007.0,3755,3.3702,2.1324,1.2378
40-99,NONPAYER,UL Bomb,14,13090.0,8076.0,3755,3.486,2.1507,1.3353
40-99,NONPAYER,UL Bomb,15,9050.0,4817.0,3755,2.4101,1.2828,1.1273
40-99,NONPAYER,UL Bomb,16,1955.0,982.0,3755,0.5206,0.2615,0.2591
40-99,NONPAYER,UL Bomb,17,1740.0,932.0,3755,0.4634,0.2482,0.2152
40-99,NONPAYER,UL Bomb,18,2140.0,1106.0,3755,0.5699,0.2945,0.2754
40-99,NONPAYER,UL Bomb,19,2450.0,1352.0,3755,0.6525,0.3601,0.2924
40-99,NONPAYER,UL Bomb,20,5315.0,3311.0,3755,1.4154,0.8818,0.5337
40-99,NONPAYER,UL Bomb,21,6170.0,4192.0,3755,1.6431,1.1164,0.5268
40-99,NONPAYER,UL Chuck,1,10480.0,5565.0,5860,1.7884,0.9497,0.8387
40-99,NONPAYER,UL Chuck,2,14830.0,7443.0,5860,2.5307,1.2701,1.2606
40-99,NONPAYER,UL Chuck,3,16320.0,8353.0,5860,2.785,1.4254,1.3596
40-99,NONPAYER,UL Chuck,4,15000.0,7109.0,5860,2.5597,1.2131,1.3466
40-99,NONPAYER,UL Chuck,5,23910.0,13614.0,5860,4.0802,2.3232,1.757
40-99,NONPAYER,UL Chuck,6,16670.0,9315.0,5860,2.8447,1.5896,1.2551
40-99,NONPAYER,UL Chuck,7,17475.0,9307.0,5860,2.9821,1.5882,1.3939
40-99,NONPAYER,UL Chuck,8,14130.0,7574.0,5860,2.4113,1.2925,1.1188
40-99,NONPAYER,UL Chuck,9,13545.0,7109.0,5860,2.3114,1.2131,1.0983
40-99,NONPAYER,UL Chuck,10,17370.0,8538.0,5860,2.9642,1.457,1.5072
40-99,NONPAYER,UL Chuck,11,15515.0,7377.0,5860,2.6476,1.2589,1.3887
40-99,NONPAYER,UL Chuck,12,23540.0,13149.0,5860,4.0171,2.2439,1.7732
40-99,NONPAYER,UL Chuck,13,18070.0,9809.0,5860,3.0836,1.6739,1.4097
40-99,NONPAYER,UL Chuck,14,18320.0,10308.0,5860,3.1263,1.759,1.3672
40-99,NONPAYER,UL Chuck,15,19895.0,9541.0,5860,3.3951,1.6282,1.7669
40-99,NONPAYER,UL Chuck,16,16270.0,8242.0,5860,2.7765,1.4065,1.37
40-99,NONPAYER,UL Chuck,17,17035.0,8559.0,5860,2.907,1.4606,1.4464
40-99,NONPAYER,UL Chuck,18,15355.0,7282.0,5860,2.6203,1.2427,1.3776
40-99,NONPAYER,UL Chuck,19,11355.0,5908.0,5860,1.9377,1.0082,0.9295
40-99,NONPAYER,UL Chuck,20,12330.0,6000.0,5860,2.1041,1.0239,1.0802
40-99,NONPAYER,UL Chuck,21,13295.0,6969.0,5860,2.2688,1.1892,1.0795
40-99,NONPAYER,UL Red,1,38255.0,17637.0,6556,5.8351,2.6902,3.1449
40-99,NONPAYER,UL Red,2,27030.0,12793.0,6556,4.1229,1.9513,2.1716
40-99,NONPAYER,UL Red,3,20115.0,9087.0,6556,3.0682,1.3861,1.6821
40-99,NONPAYER,UL Red,4,16150.0,7339.0,6556,2.4634,1.1194,1.344
40-99,NONPAYER,UL Red,5,33600.0,17433.0,6556,5.1251,2.6591,2.466
40-99,NONPAYER,UL Red,6,24120.0,12513.0,6556,3.6791,1.9086,1.7704
40-99,NONPAYER,UL Red,7,22585.0,11293.0,6556,3.4449,1.7225,1.7224
40-99,NONPAYER,UL Red,8,40940.0,18910.0,6556,6.2447,2.8844,3.3603
40-99,NONPAYER,UL Red,9,30025.0,13987.0,6556,4.5798,2.1335,2.4463
40-99,NONPAYER,UL Red,10,21125.0,9490.0,6556,3.2222,1.4475,1.7747
40-99,NONPAYER,UL Red,11,16325.0,7329.0,6556,2.4901,1.1179,1.3722
40-99,NONPAYER,UL Red,12,32045.0,17502.0,6556,4.8879,2.6696,2.2183
40-99,NONPAYER,UL Red,13,27145.0,13829.0,6556,4.1405,2.1094,2.0311
40-99,NONPAYER,UL Red,14,24495.0,11982.0,6556,3.7363,1.8276,1.9086
40-99,NONPAYER,UL Red,15,52380.0,22856.0,6556,7.9896,3.4863,4.5034
40-99,NONPAYER,UL Red,16,32985.0,14689.0,6556,5.0313,2.2405,2.7907
40-99,NONPAYER,UL Red,17,22925.0,10434.0,6556,3.4968,1.5915,1.9053
40-99,NONPAYER,UL Red,18,20970.0,8827.0,6556,3.1986,1.3464,1.8522
40-99,NONPAYER,UL Red,19,25730.0,11459.0,6556,3.9246,1.7479,2.1768
40-99,NONPAYER,UL Red,20,21315.0,9281.0,6556,3.2512,1.4156,1.8356
40-99,NONPAYER,UL Red,21,18595.0,8164.0,6556,2.8363,1.2453,1.5911
40-99,NONPAYER,Unlimited Lives,1,944455.0,0.0,7033,134.2891,0.0,134.2891
40-99,NONPAYER,Unlimited Lives,2,786196.0,0.0,7033,111.7867,0.0,111.7867
40-99,NONPAYER,Unlimited Lives,3,842505.0,91.0,7033,119.7931,0.0129,119.7802
40-99,NONPAYER,Unlimited Lives,4,803230.0,1.0,7033,114.2087,0.0001,114.2086
40-99,NONPAYER,Unlimited Lives,5,760840.0,13.0,7033,108.1814,0.0018,108.1796
40-99,NONPAYER,Unlimited Lives,6,676795.0,0.0,7033,96.2313,0.0,96.2313
40-99,NONPAYER,Unlimited Lives,7,668430.0,0.0,7033,95.0419,0.0,95.0419
40-99,NONPAYER,Unlimited Lives,8,975387.0,0.0,7033,138.6872,0.0,138.6872
40-99,NONPAYER,Unlimited Lives,9,841715.0,2.0,7033,119.6808,0.0003,119.6805
40-99,NONPAYER,Unlimited Lives,10,820815.0,0.0,7033,116.7091,0.0,116.7091
40-99,NONPAYER,Unlimited Lives,11,743535.0,0.0,7033,105.7209,0.0,105.7209
40-99,NONPAYER,Unlimited Lives,12,765735.0,0.0,7033,108.8774,0.0,108.8774
40-99,NONPAYER,Unlimited Lives,13,727300.0,0.0,7033,103.4125,0.0,103.4125
40-99,NONPAYER,Unlimited Lives,14,734705.0,0.0,7033,104.4654,0.0,104.4654
40-99,NONPAYER,Unlimited Lives,15,1107444.0,0.0,7033,157.464,0.0,157.464
40-99,NONPAYER,Unlimited Lives,16,877563.0,0.0,7033,124.7779,0.0,124.7779
40-99,NONPAYER,Unlimited Lives,17,785735.0,0.0,7033,111.7212,0.0,111.7212
40-99,NONPAYER,Unlimited Lives,18,757025.0,0.0,7033,107.639,0.0,107.639
40-99,NONPAYER,Unlimited Lives,19,799470.0,0.0,7033,113.6741,0.0,113.6741
40-99,NONPAYER,Unlimited Lives,20,694835.0,0.0,7033,98.7964,0.0,98.7964
40-99,NONPAYER,Unlimited Lives,21,719775.0,3.0,7033,102.3425,0.0004,102.3421
40-99,NONPAYER,SPT,1,1205741.0,0.0,6955,173.3632,0.0,173.3632
40-99,NONPAYER,SPT,2,1030806.0,0.0,6955,148.2108,0.0,148.2108
40-99,NONPAYER,SPT,3,806829.0,0.0,6955,116.007,0.0,116.007
40-99,NONPAYER,SPT,4,1374444.0,0.0,6955,197.6196,0.0,197.6196
40-99,NONPAYER,SPT,5,1185430.0,0.0,6955,170.4428,0.0,170.4428
40-99,NONPAYER,SPT,6,1045229.0,0.0,6955,150.2845,0.0,150.2845
40-99,NONPAYER,SPT,7,1026473.0,0.0,6955,147.5878,0.0,147.5878
40-99,NONPAYER,SPT,8,1637789.0,0.0,6955,235.4837,0.0,235.4837
40-99,NONPAYER,SPT,9,1170084.0,0.0,6955,168.2364,0.0,168.2364
40-99,NONPAYER,SPT,10,1302220.0,0.0,6955,187.2351,0.0,187.2351
40-99,NONPAYER,SPT,11,1402186.0,0.0,6955,201.6083,0.0,201.6083
40-99,NONPAYER,SPT,12,1261521.0,0.0,6955,181.3833,0.0,181.3833
40-99,NONPAYER,SPT,13,1165760.0,0.0,6955,167.6147,0.0,167.6147
40-99,NONPAYER,SPT,14,1213856.0,0.0,6955,174.53,0.0,174.53
40-99,NONPAYER,SPT,15,1937055.0,0.0,6955,278.5126,0.0,278.5126
40-99,NONPAYER,SPT,16,1535764.0,0.0,6955,220.8144,0.0,220.8144
40-99,NONPAYER,SPT,17,1441057.0,0.0,6955,207.1973,0.0,207.1973
40-99,NONPAYER,SPT,18,1433437.0,0.0,6955,206.1017,0.0,206.1017
40-99,NONPAYER,SPT,19,1317073.0,0.0,6955,189.3707,0.0,189.3707
40-99,NONPAYER,SPT,20,1117043.0,0.0,6955,160.6101,0.0,160.6101
40-99,NONPAYER,SPT,21,1127634.0,0.0,6955,162.1329,0.0,162.1329
40-99,NONPAYER,SPTx2,1,45.0,0.0,5082,0.0089,0.0,0.0089
40-99,NONPAYER,SPTx2,2,0.0,0.0,5082,0.0,0.0,0.0
40-99,NONPAYER,SPTx2,3,30.0,0.0,5082,0.0059,0.0,0.0059
40-99,NONPAYER,SPTx2,4,15.0,0.0,5082,0.003,0.0,0.003
40-99,NONPAYER,SPTx2,5,15.0,0.0,5082,0.003,0.0,0.003
40-99,NONPAYER,SPTx2,6,0.0,0.0,5082,0.0,0.0,0.0
40-99,NONPAYER,SPTx2,7,10.0,0.0,5082,0.002,0.0,0.002
40-99,NONPAYER,SPTx2,8,30125.0,0.0,5082,5.9278,0.0,5.9278
40-99,NONPAYER,SPTx2,9,20705.0,0.0,5082,4.0742,0.0,4.0742
40-99,NONPAYER,SPTx2,10,22130.0,0.0,5082,4.3546,0.0,4.3546
40-99,NONPAYER,SPTx2,11,16990.0,0.0,5082,3.3432,0.0,3.3432
40-99,NONPAYER,SPTx2,12,945.0,0.0,5082,0.186,0.0,0.186
40-99,NONPAYER,SPTx2,13,25.0,0.0,5082,0.0049,0.0,0.0049
40-99,NONPAYER,SPTx2,14,10.0,0.0,5082,0.002,0.0,0.002
40-99,NONPAYER,SPTx2,15,32290.0,0.0,5082,6.3538,0.0,6.3538
40-99,NONPAYER,SPTx2,16,22990.0,0.0,5082,4.5238,0.0,4.5238
40-99,NONPAYER,SPTx2,17,21985.0,0.0,5082,4.3261,0.0,4.3261
40-99,NONPAYER,SPTx2,18,18450.0,0.0,5082,3.6305,0.0,3.6305
40-99,NONPAYER,SPTx2,19,870.0,0.0,5082,0.1712,0.0,0.1712
40-99,NONPAYER,SPTx2,20,10.0,0.0,5082,0.002,0.0,0.002
40-99,NONPAYER,SPTx2,21,60.0,0.0,5082,0.0118,0.0,0.0118
40-99,PAYER,HC,1,419214.0,392950.0,1665,251.7802,236.006,15.7742
40-99,PAYER,HC,2,228626.0,234350.0,1665,137.3129,140.7508,-3.4378
40-99,PAYER,HC,3,311369.0,293050.0,1665,187.0084,176.006,11.0024
40-99,PAYER,HC,4,270087.0,250850.0,1665,162.2144,150.6607,11.5538
40-99,PAYER,HC,5,372383.0,340200.0,1665,223.6535,204.3243,19.3291
40-99,PAYER,HC,6,301531.0,307100.0,1665,181.0997,184.4444,-3.3447
40-99,PAYER,HC,7,273563.0,278350.0,1665,164.3021,167.1772,-2.8751
40-99,PAYER,HC,8,388036.0,370450.0,1665,233.0547,222.4925,10.5622
40-99,PAYER,HC,9,250816.0,267000.0,1665,150.6402,160.3604,-9.7201
40-99,PAYER,HC,10,263719.0,260300.0,1665,158.3898,156.3363,2.0535
40-99,PAYER,HC,11,266549.0,252950.0,1665,160.0895,151.9219,8.1676
40-99,PAYER,HC,12,358006.0,330500.0,1665,215.0186,198.4985,16.5201
40-99,PAYER,HC,13,270849.0,284100.0,1665,162.6721,170.6306,-7.9586
40-99,PAYER,HC,14,264482.0,268700.0,1665,158.848,161.3814,-2.5333
40-99,PAYER,HC,15,424105.0,403300.0,1665,254.7177,242.2222,12.4955
40-99,PAYER,HC,16,288289.0,314300.0,1665,173.1465,188.7688,-15.6222
40-99,PAYER,HC,17,280283.0,271600.0,1665,168.3381,163.1231,5.215
40-99,PAYER,HC,18,460317.0,250400.0,1665,276.4667,150.3904,126.0763
40-99,PAYER,HC,19,347471.0,306000.0,1665,208.6913,183.7838,24.9075
40-99,PAYER,HC,20,251999.0,266300.0,1665,151.3508,159.9399,-8.5892
40-99,PAYER,HC,21,230368.0,246500.0,1665,138.3592,148.048,-9.6889
40-99,PAYER,Slingshot,1,3612.0,3248.0,1658,2.1785,1.959,0.2195
40-99,PAYER,Slingshot,2,1985.0,2024.0,1658,1.1972,1.2207,-0.0235
40-99,PAYER,Slingshot,3,2004.0,2141.0,1658,1.2087,1.2913,-0.0826
40-99,PAYER,Slingshot,4,1837.0,1739.0,1658,1.108,1.0489,0.0591
40-99,PAYER,Slingshot,5,2091.0,2306.0,1658,1.2612,1.3908,-0.1297
40-99,PAYER,Slingshot,6,1476.0,1872.0,1658,0.8902,1.1291,-0.2388
40-99,PAYER,Slingshot,7,1371.0,1770.0,1658,0.8269,1.0676,-0.2407
40-99,PAYER,Slingshot,8,3723.0,3211.0,1658,2.2455,1.9367,0.3088
40-99,PAYER,Slingshot,9,2202.0,2334.0,1658,1.3281,1.4077,-0.0796
40-99,PAYER,Slingshot,10,1877.0,2063.0,1658,1.1321,1.2443,-0.1122
40-99,PAYER,Slingshot,11,1698.0,1866.0,1658,1.0241,1.1255,-0.1013
40-99,PAYER,Slingshot,12,2022.0,2230.0,1658,1.2195,1.345,-0.1255
40-99,PAYER,Slingshot,13,1464.0,1777.0,1658,0.883,1.0718,-0.1888
40-99,PAYER,Slingshot,14,1452.0,1751.0,1658,0.8758,1.0561,-0.1803
40-99,PAYER,Slingshot,15,3954.0,3413.0,1658,2.3848,2.0585,0.3263
40-99,PAYER,Slingshot,16,2226.0,2524.0,1658,1.3426,1.5223,-0.1797
40-99,PAYER,Slingshot,17,1813.0,2035.0,1658,1.0935,1.2274,-0.1339
40-99,PAYER,Slingshot,18,2927.0,1840.0,1658,1.7654,1.1098,0.6556
40-99,PAYER,Slingshot,19,1993.0,2073.0,1658,1.2021,1.2503,-0.0483
40-99,PAYER,Slingshot,20,1159.0,1613.0,1658,0.699,0.9729,-0.2738
40-99,PAYER,Slingshot,21,1046.0,1412.0,1658,0.6309,0.8516,-0.2207
40-99,PAYER,Shuffle,1,2842.0,2624.0,1653,1.7193,1.5874,0.1319
40-99,PAYER,Shuffle,2,1612.0,1776.0,1653,0.9752,1.0744,-0.0992
40-99,PAYER,Shuffle,3,1957.0,1949.0,1653,1.1839,1.1791,0.0048
40-99,PAYER,Shuffle,4,1725.0,1694.0,1653,1.0436,1.0248,0.0188
40-99,PAYER,Shuffle,5,2000.0,2085.0,1653,1.2099,1.2613,-0.0514
40-99,PAYER,Shuffle,6,1346.0,1646.0,1653,0.8143,0.9958,-0.1815
40-99,PAYER,Shuffle,7,1265.0,1604.0,1653,0.7653,0.9704,-0.2051
40-99,PAYER,Shuffle,8,2747.0,2472.0,1653,1.6618,1.4955,0.1664
40-99,PAYER,Shuffle,9,1710.0,1936.0,1653,1.0345,1.1712,-0.1367
40-99,PAYER,Shuffle,10,1793.0,1892.0,1653,1.0847,1.1446,-0.0599
40-99,PAYER,Shuffle,11,1451.0,1668.0,1653,0.8778,1.0091,-0.1313
40-99,PAYER,Shuffle,12,1863.0,1961.0,1653,1.127,1.1863,-0.0593
40-99,PAYER,Shuffle,13,1320.0,1631.0,1653,0.7985,0.9867,-0.1881
40-99,PAYER,Shuffle,14,1276.0,1565.0,1653,0.7719,0.9468,-0.1748
40-99,PAYER,Shuffle,15,2902.0,2534.0,1653,1.7556,1.533,0.2226
40-99,PAYER,Shuffle,16,1852.0,2109.0,1653,1.1204,1.2759,-0.1555
40-99,PAYER,Shuffle,17,1686.0,1862.0,1653,1.02,1.1264,-0.1065
40-99,PAYER,Shuffle,18,2778.0,1808.0,1653,1.6806,1.0938,0.5868
40-99,PAYER,Shuffle,19,1782.0,1839.0,1653,1.078,1.1125,-0.0345
40-99,PAYER,Shuffle,20,1105.0,1632.0,1653,0.6685,0.9873,-0.3188
40-99,PAYER,Shuffle,21,1030.0,1441.0,1653,0.6231,0.8717,-0.2486
40-99,PAYER,Comet,1,2042.0,1983.0,1602,1.2747,1.2378,0.0368
40-99,PAYER,Comet,2,787.0,967.0,1602,0.4913,0.6036,-0.1124
40-99,PAYER,Comet,3,832.0,1042.0,1602,0.5194,0.6504,-0.1311
40-99,PAYER,Comet,4,797.0,789.0,1602,0.4975,0.4925,0.005
40-99,PAYER,Comet,5,911.0,1085.0,1602,0.5687,0.6773,-0.1086
40-99,PAYER,Comet,6,691.0,872.0,1602,0.4313,0.5443,-0.113
40-99,PAYER,Comet,7,643.0,895.0,1602,0.4014,0.5587,-0.1573
40-99,PAYER,Comet,8,2073.0,1869.0,1602,1.294,1.1667,0.1273
40-99,PAYER,Comet,9,883.0,1148.0,1602,0.5512,0.7166,-0.1654
40-99,PAYER,Comet,10,761.0,907.0,1602,0.475,0.5662,-0.0911
40-99,PAYER,Comet,11,667.0,818.0,1602,0.4164,0.5106,-0.0943
40-99,PAYER,Comet,12,898.0,1066.0,1602,0.5605,0.6654,-0.1049
40-99,PAYER,Comet,13,665.0,874.0,1602,0.4151,0.5456,-0.1305
40-99,PAYER,Comet,14,690.0,889.0,1602,0.4307,0.5549,-0.1242
40-99,PAYER,Comet,15,2190.0,1970.0,1602,1.367,1.2297,0.1373
40-99,PAYER,Comet,16,905.0,1233.0,1602,0.5649,0.7697,-0.2047
40-99,PAYER,Comet,17,765.0,966.0,1602,0.4775,0.603,-0.1255
40-99,PAYER,Comet,18,1992.0,925.0,1602,1.2434,0.5774,0.666
40-99,PAYER,Comet,19,859.0,963.0,1602,0.5362,0.6011,-0.0649
40-99,PAYER,Comet,20,518.0,796.0,1602,0.3233,0.4969,-0.1735
40-99,PAYER,Comet,21,457.0,734.0,1602,0.2853,0.4582,-0.1729
40-99,PAYER,Red,1,2870.0,3354.0,1656,1.7331,2.0254,-0.2923
40-99,PAYER,Red,2,1672.0,2170.0,1656,1.0097,1.3104,-0.3007
40-99,PAYER,Red,3,1762.0,2382.0,1656,1.064,1.4384,-0.3744
40-99,PAYER,Red,4,1502.0,1983.0,1656,0.907,1.1975,-0.2905
40-99,PAYER,Red,5,1905.0,2508.0,1656,1.1504,1.5145,-0.3641
40-99,PAYER,Red,6,1431.0,2231.0,1656,0.8641,1.3472,-0.4831
40-99,PAYER,Red,7,1245.0,1853.0,1656,0.7518,1.119,-0.3671
40-99,PAYER,Red,8,2825.0,3032.0,1656,1.7059,1.8309,-0.125
40-99,PAYER,Red,9,1861.0,2496.0,1656,1.1238,1.5072,-0.3835
40-99,PAYER,Red,10,1568.0,1958.0,1656,0.9469,1.1824,-0.2355
40-99,PAYER,Red,11,1555.0,1904.0,1656,0.939,1.1498,-0.2107
40-99,PAYER,Red,12,1789.0,2328.0,1656,1.0803,1.4058,-0.3255
40-99,PAYER,Red,13,1411.0,2064.0,1656,0.8521,1.2464,-0.3943
40-99,PAYER,Red,14,1230.0,1896.0,1656,0.7428,1.1449,-0.4022
40-99,PAYER,Red,15,3142.0,3253.0,1656,1.8973,1.9644,-0.067
40-99,PAYER,Red,16,1795.0,2514.0,1656,1.0839,1.5181,-0.4342
40-99,PAYER,Red,17,1443.0,1943.0,1656,0.8714,1.1733,-0.3019
40-99,PAYER,Red,18,1334.0,2018.0,1656,0.8056,1.2186,-0.413
40-99,PAYER,Red,19,1568.0,2025.0,1656,0.9469,1.2228,-0.276
40-99,PAYER,Red,20,1077.0,1650.0,1656,0.6504,0.9964,-0.346
40-99,PAYER,Red,21,987.0,1689.0,1656,0.596,1.0199,-0.4239
40-99,PAYER,Chuck,1,2653.0,2919.0,1656,1.6021,1.7627,-0.1606
40-99,PAYER,Chuck,2,1491.0,1934.0,1656,0.9004,1.1679,-0.2675
40-99,PAYER,Chuck,3,1577.0,2235.0,1656,0.9523,1.3496,-0.3973
40-99,PAYER,Chuck,4,1429.0,1936.0,1656,0.8629,1.1691,-0.3062
40-99,PAYER,Chuck,5,2216.0,2664.0,1656,1.3382,1.6087,-0.2705
40-99,PAYER,Chuck,6,1340.0,2111.0,1656,0.8092,1.2748,-0.4656
40-99,PAYER,Chuck,7,1137.0,1739.0,1656,0.6866,1.0501,-0.3635
40-99,PAYER,Chuck,8,2803.0,2611.0,1656,1.6926,1.5767,0.1159
40-99,PAYER,Chuck,9,1669.0,2190.0,1656,1.0079,1.3225,-0.3146
40-99,PAYER,Chuck,10,1447.0,1850.0,1656,0.8738,1.1171,-0.2434
40-99,PAYER,Chuck,11,1415.0,1868.0,1656,0.8545,1.128,-0.2736
40-99,PAYER,Chuck,12,2084.0,2443.0,1656,1.2585,1.4752,-0.2168
40-99,PAYER,Chuck,13,1283.0,1910.0,1656,0.7748,1.1534,-0.3786
40-99,PAYER,Chuck,14,1158.0,1784.0,1656,0.6993,1.0773,-0.378
40-99,PAYER,Chuck,15,2919.0,2778.0,1656,1.7627,1.6775,0.0851
40-99,PAYER,Chuck,16,1534.0,2152.0,1656,0.9263,1.2995,-0.3732
40-99,PAYER,Chuck,17,1306.0,1867.0,1656,0.7886,1.1274,-0.3388
40-99,PAYER,Chuck,18,1234.0,1987.0,1656,0.7452,1.1999,-0.4547
40-99,PAYER,Chuck,19,1816.0,2058.0,1656,1.0966,1.2428,-0.1461
40-99,PAYER,Chuck,20,1133.0,1641.0,1656,0.6842,0.9909,-0.3068
40-99,PAYER,Chuck,21,888.0,1631.0,1656,0.5362,0.9849,-0.4487
40-99,PAYER,Bomb,1,1980.0,2033.0,1649,1.2007,1.2329,-0.0321
40-99,PAYER,Bomb,2,1349.0,1495.0,1649,0.8181,0.9066,-0.0885
40-99,PAYER,Bomb,3,1360.0,1644.0,1649,0.8247,0.997,-0.1722
40-99,PAYER,Bomb,4,1169.0,1419.0,1649,0.7089,0.8605,-0.1516
40-99,PAYER,Bomb,5,1479.0,1802.0,1649,0.8969,1.0928,-0.1959
40-99,PAYER,Bomb,6,1043.0,1669.0,1649,0.6325,1.0121,-0.3796
40-99,PAYER,Bomb,7,938.0,1424.0,1649,0.5688,0.8636,-0.2947
40-99,PAYER,Bomb,8,2061.0,1898.0,1649,1.2498,1.151,0.0988
40-99,PAYER,Bomb,9,1435.0,1625.0,1649,0.8702,0.9854,-0.1152
40-99,PAYER,Bomb,10,1182.0,1337.0,1649,0.7168,0.8108,-0.094
40-99,PAYER,Bomb,11,1303.0,1417.0,1649,0.7902,0.8593,-0.0691
40-99,PAYER,Bomb,12,1407.0,1673.0,1649,0.8532,1.0146,-0.1613
40-99,PAYER,Bomb,13,1051.0,1508.0,1649,0.6374,0.9145,-0.2771
40-99,PAYER,Bomb,14,1004.0,1468.0,1649,0.6089,0.8902,-0.2814
40-99,PAYER,Bomb,15,2107.0,2106.0,1649,1.2777,1.2771,0.0006
40-99,PAYER,Bomb,16,1487.0,1769.0,1649,0.9018,1.0728,-0.171
40-99,PAYER,Bomb,17,1141.0,1452.0,1649,0.6919,0.8805,-0.1886
40-99,PAYER,Bomb,18,1057.0,1543.0,1649,0.641,0.9357,-0.2947
40-99,PAYER,Bomb,19,1331.0,1527.0,1649,0.8072,0.926,-0.1189
40-99,PAYER,Bomb,20,814.0,1223.0,1649,0.4936,0.7417,-0.248
40-99,PAYER,Bomb,21,742.0,1286.0,1649,0.45,0.7799,-0.3299
40-99,PAYER,UL Bomb,1,1240.0,2552.0,1072,1.1567,2.3806,-1.2239
40-99,PAYER,UL Bomb,2,1105.0,1473.0,1072,1.0308,1.3741,-0.3433
40-99,PAYER,UL Bomb,3,985.0,2030.0,1072,0.9188,1.8937,-0.9748
40-99,PAYER,UL Bomb,4,995.0,1895.0,1072,0.9282,1.7677,-0.8396
40-99,PAYER,UL Bomb,5,3500.0,3574.0,1072,3.2649,3.334,-0.069
40-99,PAYER,UL Bomb,6,4385.0,4384.0,1072,4.0905,4.0896,0.0009
40-99,PAYER,UL Bomb,7,3790.0,4667.0,1072,3.5354,4.3535,-0.8181
40-99,PAYER,UL Bomb,8,1570.0,3377.0,1072,1.4646,3.1502,-1.6856
40-99,PAYER,UL Bomb,9,930.0,1664.0,1072,0.8675,1.5522,-0.6847
40-99,PAYER,UL Bomb,10,905.0,2000.0,1072,0.8442,1.8657,-1.0215
40-99,PAYER,UL Bomb,11,1110.0,2187.0,1072,1.0354,2.0401,-1.0047
40-99,PAYER,UL Bomb,12,2715.0,3306.0,1072,2.5326,3.084,-0.5513
40-99,PAYER,UL Bomb,13,4015.0,4001.0,1072,3.7453,3.7323,0.0131
40-99,PAYER,UL Bomb,14,3765.0,4340.0,1072,3.5121,4.0485,-0.5364
40-99,PAYER,UL Bomb,15,2115.0,3340.0,1072,1.9729,3.1157,-1.1427
40-99,PAYER,UL Bomb,16,940.0,2318.0,1072,0.8769,2.1623,-1.2854
40-99,PAYER,UL Bomb,17,850.0,2086.0,1072,0.7929,1.9459,-1.153
40-99,PAYER,UL Bomb,18,750.0,2372.0,1072,0.6996,2.2127,-1.5131
40-99,PAYER,UL Bomb,19,910.0,2222.0,1072,0.8489,2.0728,-1.2239
40-99,PAYER,UL Bomb,20,1505.0,2682.0,1072,1.4039,2.5019,-1.0979
40-99,PAYER,UL Bomb,21,1345.0,3200.0,1072,1.2547,2.9851,-1.7304
40-99,PAYER,UL Chuck,1,4895.0,4748.0,1521,3.2183,3.1216,0.0966
40-99,PAYER,UL Chuck,2,4965.0,3540.0,1521,3.2643,2.3274,0.9369
40-99,PAYER,UL Chuck,3,5620.0,4623.0,1521,3.6949,3.0394,0.6555
40-99,PAYER,UL Chuck,4,5370.0,3873.0,1521,3.5306,2.5464,0.9842
40-99,PAYER,UL Chuck,5,7755.0,5965.0,1521,5.0986,3.9218,1.1769
40-99,PAYER,UL Chuck,6,6180.0,4816.0,1521,4.0631,3.1663,0.8968
40-99,PAYER,UL Chuck,7,5405.0,5009.0,1521,3.5536,3.2932,0.2604
40-99,PAYER,UL Chuck,8,3740.0,4662.0,1521,2.4589,3.0651,-0.6062
40-99,PAYER,UL Chuck,9,4575.0,3699.0,1521,3.0079,2.432,0.5759
40-99,PAYER,UL Chuck,10,4985.0,4171.0,1521,3.2774,2.7423,0.5352
40-99,PAYER,UL Chuck,11,4260.0,3947.0,1521,2.8008,2.595,0.2058
40-99,PAYER,UL Chuck,12,7775.0,6104.0,1521,5.1118,4.0131,1.0986
40-99,PAYER,UL Chuck,13,5635.0,4676.0,1521,3.7048,3.0743,0.6305
40-99,PAYER,UL Chuck,14,4875.0,4825.0,1521,3.2051,3.1723,0.0329
40-99,PAYER,UL Chuck,15,5120.0,4933.0,1521,3.3662,3.2433,0.1229
40-99,PAYER,UL Chuck,16,4915.0,4390.0,1521,3.2314,2.8863,0.3452
40-99,PAYER,UL Chuck,17,4335.0,3997.0,1521,2.8501,2.6279,0.2222
40-99,PAYER,UL Chuck,18,4355.0,4270.0,1521,2.8632,2.8074,0.0559
40-99,PAYER,UL Chuck,19,2875.0,3166.0,1521,1.8902,2.0815,-0.1913
40-99,PAYER,UL Chuck,20,3665.0,3662.0,1521,2.4096,2.4076,0.002
40-99,PAYER,UL Chuck,21,2990.0,4042.0,1521,1.9658,2.6575,-0.6917
40-99,PAYER,UL Red,1,12000.0,8452.0,1625,7.3846,5.2012,2.1834
40-99,PAYER,UL Red,2,8180.0,5143.0,1625,5.0338,3.1649,1.8689
40-99,PAYER,UL Red,3,5615.0,4601.0,1625,3.4554,2.8314,0.624
40-99,PAYER,UL Red,4,4960.0,3970.0,1625,3.0523,2.4431,0.6092
40-99,PAYER,UL Red,5,10455.0,7104.0,1625,6.4338,4.3717,2.0622
40-99,PAYER,UL Red,6,8010.0,5777.0,1625,4.9292,3.5551,1.3742
40-99,PAYER,UL Red,7,5840.0,5462.0,1625,3.5938,3.3612,0.2326
40-99,PAYER,UL Red,8,11820.0,8429.0,1625,7.2738,5.1871,2.0868
40-99,PAYER,UL Red,9,8405.0,5308.0,1625,5.1723,3.2665,1.9058
40-99,PAYER,UL Red,10,5700.0,4323.0,1625,3.5077,2.6603,0.8474
40-99,PAYER,UL Red,11,4680.0,4003.0,1625,2.88,2.4634,0.4166
40-99,PAYER,UL Red,12,9845.0,7163.0,1625,6.0585,4.408,1.6505
40-99,PAYER,UL Red,13,6885.0,5376.0,1625,4.2369,3.3083,0.9286
40-99,PAYER,UL Red,14,6355.0,5469.0,1625,3.9108,3.3655,0.5452
40-99,PAYER,UL Red,15,12660.0,8572.0,1625,7.7908,5.2751,2.5157
40-99,PAYER,UL Red,16,8820.0,6072.0,1625,5.4277,3.7366,1.6911
40-99,PAYER,UL Red,17,5125.0,4282.0,1625,3.1538,2.6351,0.5188
40-99,PAYER,UL Red,18,5145.0,4373.0,1625,3.1662,2.6911,0.4751
40-99,PAYER,UL Red,19,5080.0,4173.0,1625,3.1262,2.568,0.5582
40-99,PAYER,UL Red,20,5065.0,4146.0,1625,3.1169,2.5514,0.5655
40-99,PAYER,UL Red,21,4250.0,4105.0,1625,2.6154,2.5262,0.0892
40-99,PAYER,Unlimited Lives,1,287890.0,0.0,1662,173.219,0.0,173.219
40-99,PAYER,Unlimited Lives,2,206376.0,0.0,1662,124.1733,0.0,124.1733
40-99,PAYER,Unlimited Lives,3,246910.0,0.0,1662,148.562,0.0,148.562
40-99,PAYER,Unlimited Lives,4,219560.0,0.0,1662,132.1059,0.0,132.1059
40-99,PAYER,Unlimited Lives,5,218430.0,0.0,1662,131.426,0.0,131.426
40-99,PAYER,Unlimited Lives,6,204942.0,0.0,1662,123.3105,0.0,123.3105
40-99,PAYER,Unlimited Lives,7,188612.0,0.0,1662,113.485,0.0,113.485
40-99,PAYER,Unlimited Lives,8,272855.0,0.0,1662,164.1727,0.0,164.1727
40-99,PAYER,Unlimited Lives,9,236325.0,0.0,1662,142.1931,0.0,142.1931
40-99,PAYER,Unlimited Lives,10,213240.0,0.0,1662,128.3032,0.0,128.3032
40-99,PAYER,Unlimited Lives,11,208328.0,0.0,1662,125.3478,0.0,125.3478
40-99,PAYER,Unlimited Lives,12,218285.0,0.0,1662,131.3387,0.0,131.3387
40-99,PAYER,Unlimited Lives,13,197530.0,0.0,1662,118.8508,0.0,118.8508
40-99,PAYER,Unlimited Lives,14,190335.0,0.0,1662,114.5217,0.0,114.5217
40-99,PAYER,Unlimited Lives,15,307050.0,0.0,1662,184.7473,0.0,184.7473
40-99,PAYER,Unlimited Lives,16,229970.0,0.0,1662,138.3694,0.0,138.3694
40-99,PAYER,Unlimited Lives,17,187730.0,0.0,1662,112.9543,0.0,112.9543
40-99,PAYER,Unlimited Lives,18,184342.0,0.0,1662,110.9158,0.0,110.9158
40-99,PAYER,Unlimited Lives,19,180753.0,0.0,1662,108.7563,0.0,108.7563
40-99,PAYER,Unlimited Lives,20,164770.0,0.0,1662,99.1396,0.0,99.1396
40-99,PAYER,Unlimited Lives,21,155530.0,0.0,1662,93.58,0.0,93.58
40-99,PAYER,SPT,1,356137.0,0.0,1645,216.4967,0.0,216.4967
40-99,PAYER,SPT,2,257957.0,0.0,1645,156.8128,0.0,156.8128
40-99,PAYER,SPT,3,218501.0,0.0,1645,132.8274,0.0,132.8274
40-99,PAYER,SPT,4,333365.0,0.0,1645,202.6535,0.0,202.6535
40-99,PAYER,SPT,5,307922.0,0.0,1645,187.1866,0.0,187.1866
40-99,PAYER,SPT,6,261528.0,0.0,1645,158.9836,0.0,158.9836
40-99,PAYER,SPT,7,246691.0,0.0,1645,149.9641,0.0,149.9641
40-99,PAYER,SPT,8,438092.0,0.0,1645,266.3173,0.0,266.3173
40-99,PAYER,SPT,9,290284.0,0.0,1645,176.4644,0.0,176.4644
40-99,PAYER,SPT,10,311941.0,0.0,1645,189.6298,0.0,189.6298
40-99,PAYER,SPT,11,362449.0,0.0,1645,220.3337,0.0,220.3337
40-99,PAYER,SPT,12,297174.0,0.0,1645,180.6529,0.0,180.6529
40-99,PAYER,SPT,13,277900.0,0.0,1645,168.9362,0.0,168.9362
40-99,PAYER,SPT,14,274068.0,0.0,1645,166.6067,0.0,166.6067
40-99,PAYER,SPT,15,491765.0,0.0,1645,298.9453,0.0,298.9453
40-99,PAYER,SPT,16,358187.0,0.0,1645,217.7429,0.0,217.7429
40-99,PAYER,SPT,17,287937.0,0.0,1645,175.0377,0.0,175.0377
40-99,PAYER,SPT,18,281228.0,0.0,1645,170.9593,0.0,170.9593
40-99,PAYER,SPT,19,249806.0,0.0,1645,151.8578,0.0,151.8578
40-99,PAYER,SPT,20,214809.0,0.0,1645,130.583,0.0,130.583
40-99,PAYER,SPT,21,201771.0,0.0,1645,122.6571,0.0,122.6571
40-99,PAYER,SPTx2,1,0.0,0.0,1311,0.0,0.0,0.0
40-99,PAYER,SPTx2,2,15.0,0.0,1311,0.0114,0.0,0.0114
40-99,PAYER,SPTx2,3,15.0,0.0,1311,0.0114,0.0,0.0114
40-99,PAYER,SPTx2,4,15.0,0.0,1311,0.0114,0.0,0.0114
40-99,PAYER,SPTx2,5,0.0,0.0,1311,0.0,0.0,0.0
40-99,PAYER,SPTx2,6,15.0,0.0,1311,0.0114,0.0,0.0114
40-99,PAYER,SPTx2,7,0.0,0.0,1311,0.0,0.0,0.0
40-99,PAYER,SPTx2,8,8610.0,0.0,1311,6.5675,0.0,6.5675
40-99,PAYER,SPTx2,9,6445.0,0.0,1311,4.9161,0.0,4.9161
40-99,PAYER,SPTx2,10,4875.0,0.0,1311,3.7185,0.0,3.7185
40-99,PAYER,SPTx2,11,3590.0,0.0,1311,2.7384,0.0,2.7384
40-99,PAYER,SPTx2,12,150.0,0.0,1311,0.1144,0.0,0.1144
40-99,PAYER,SPTx2,13,0.0,0.0,1311,0.0,0.0,0.0
40-99,PAYER,SPTx2,14,0.0,0.0,1311,0.0,0.0,0.0
40-99,PAYER,SPTx2,15,9335.0,0.0,1311,7.1205,0.0,7.1205
40-99,PAYER,SPTx2,16,6330.0,0.0,1311,4.8284,0.0,4.8284
40-99,PAYER,SPTx2,17,4580.0,0.0,1311,3.4935,0.0,3.4935
40-99,PAYER,SPTx2,18,3990.0,0.0,1311,3.0435,0.0,3.0435
40-99,PAYER,SPTx2,19,80.0,0.0,1311,0.061,0.0,0.061
40-99,PAYER,SPTx2,20,70.0,0.0,1311,0.0534,0.0,0.0534
40-99,PAYER,SPTx2,21,0.0,0.0,1311,0.0,0.0,0.0
100+,NONPAYER,HC,1,169839.0,139900.0,988,171.9018,141.5992,30.3026
100+,NONPAYER,HC,2,128146.0,133600.0,988,129.7024,135.2227,-5.5202
100+,NONPAYER,HC,3,454175.0,151150.0,988,459.6913,152.9858,306.7055
100+,NONPAYER,HC,4,818059.0,137500.0,988,827.9949,139.17,688.8249
100+,NONPAYER,HC,5,235684.0,173100.0,988,238.5466,175.2024,63.3441
100+,NONPAYER,HC,6,128080.0,132700.0,988,129.6356,134.3117,-4.6761
100+,NONPAYER,HC,7,119441.0,117900.0,988,120.8917,119.332,1.5597
100+,NONPAYER,HC,8,175585.0,139500.0,988,177.7176,141.1943,36.5233
100+,NONPAYER,HC,9,113949.0,118000.0,988,115.333,119.4332,-4.1002
100+,NONPAYER,HC,10,234115.0,135500.0,988,236.9585,137.1457,99.8128
100+,NONPAYER,HC,11,684879.0,120750.0,988,693.1974,122.2166,570.9808
100+,NONPAYER,HC,12,244694.0,181000.0,988,247.666,183.1984,64.4676
100+,NONPAYER,HC,13,149783.0,147450.0,988,151.6022,149.2409,2.3613
100+,NONPAYER,HC,14,142669.0,146100.0,988,144.4018,147.8745,-3.4727
100+,NONPAYER,HC,15,213860.0,174250.0,988,216.4575,176.3664,40.0911
100+,NONPAYER,HC,16,139556.0,166500.0,988,141.251,168.5223,-27.2713
100+,NONPAYER,HC,17,285987.0,173750.0,988,289.4605,175.8603,113.6002
100+,NONPAYER,HC,18,691173.0,141000.0,988,699.5678,142.7126,556.8553
100+,NONPAYER,HC,19,246522.0,207600.0,988,249.5162,210.1215,39.3947
100+,NONPAYER,HC,20,157989.0,169350.0,988,159.9079,171.4069,-11.499
100+,NONPAYER,HC,21,126379.0,135250.0,988,127.914,136.8927,-8.9787
100+,NONPAYER,Slingshot,1,1744.0,1426.0,988,1.7652,1.4433,0.3219
100+,NONPAYER,Slingshot,2,1274.0,1446.0,988,1.2895,1.4636,-0.1741
100+,NONPAYER,Slingshot,3,4097.0,1467.0,988,4.1468,1.4848,2.6619
100+,NONPAYER,Slingshot,4,7804.0,1276.0,988,7.8988,1.2915,6.6073
100+,NONPAYER,Slingshot,5,1664.0,1419.0,988,1.6842,1.4362,0.248
100+,NONPAYER,Slingshot,6,920.0,1134.0,988,0.9312,1.1478,-0.2166
100+,NONPAYER,Slingshot,7,952.0,1149.0,988,0.9636,1.163,-0.1994
100+,NONPAYER,Slingshot,8,1887.0,1439.0,988,1.9099,1.4565,0.4534
100+,NONPAYER,Slingshot,9,1198.0,1334.0,988,1.2126,1.3502,-0.1377
100+,NONPAYER,Slingshot,10,1599.0,1084.0,988,1.6184,1.0972,0.5213
100+,NONPAYER,Slingshot,11,4545.0,1475.0,988,4.6002,1.4929,3.1073
100+,NONPAYER,Slingshot,12,1566.0,1586.0,988,1.585,1.6053,-0.0202
100+,NONPAYER,Slingshot,13,1178.0,1518.0,988,1.1923,1.5364,-0.3441
100+,NONPAYER,Slingshot,14,1063.0,1334.0,988,1.0759,1.3502,-0.2743
100+,NONPAYER,Slingshot,15,2382.0,1863.0,988,2.4109,1.8856,0.5253
100+,NONPAYER,Slingshot,16,1561.0,1699.0,988,1.58,1.7196,-0.1397
100+,NONPAYER,Slingshot,17,2105.0,1417.0,988,2.1306,1.4342,0.6964
100+,NONPAYER,Slingshot,18,4778.0,1687.0,988,4.836,1.7075,3.1285
100+,NONPAYER,Slingshot,19,1771.0,1813.0,988,1.7925,1.835,-0.0425
100+,NONPAYER,Slingshot,20,1172.0,1501.0,988,1.1862,1.5192,-0.333
100+,NONPAYER,Slingshot,21,991.0,1311.0,988,1.003,1.3269,-0.3239
100+,NONPAYER,Shuffle,1,1548.0,1410.0,988,1.5668,1.4271,0.1397
100+,NONPAYER,Shuffle,2,1300.0,1779.0,988,1.3158,1.8006,-0.4848
100+,NONPAYER,Shuffle,3,4138.0,2153.0,988,4.1883,2.1791,2.0091
100+,NONPAYER,Shuffle,4,7807.0,1802.0,988,7.9018,1.8239,6.0779
100+,NONPAYER,Shuffle,5,1677.0,1601.0,988,1.6974,1.6204,0.0769
100+,NONPAYER,Shuffle,6,969.0,1119.0,988,0.9808,1.1326,-0.1518
100+,NONPAYER,Shuffle,7,962.0,1034.0,988,0.9737,1.0466,-0.0729
100+,NONPAYER,Shuffle,8,1602.0,1213.0,988,1.6215,1.2277,0.3937
100+,NONPAYER,Shuffle,9,1168.0,1228.0,988,1.1822,1.2429,-0.0607
100+,NONPAYER,Shuffle,10,1682.0,1445.0,988,1.7024,1.4626,0.2399
100+,NONPAYER,Shuffle,11,4489.0,2089.0,988,4.5435,2.1144,2.4291
100+,NONPAYER,Shuffle,12,1622.0,1911.0,988,1.6417,1.9342,-0.2925
100+,NONPAYER,Shuffle,13,1104.0,1769.0,988,1.1174,1.7905,-0.6731
100+,NONPAYER,Shuffle,14,1112.0,1440.0,988,1.1255,1.4575,-0.332
100+,NONPAYER,Shuffle,15,1940.0,1841.0,988,1.9636,1.8634,0.1002
100+,NONPAYER,Shuffle,16,1471.0,1578.0,988,1.4889,1.5972,-0.1083
100+,NONPAYER,Shuffle,17,2179.0,1695.0,988,2.2055,1.7156,0.4899
100+,NONPAYER,Shuffle,18,4688.0,2142.0,988,4.7449,2.168,2.5769
100+,NONPAYER,Shuffle,19,1862.0,1772.0,988,1.8846,1.7935,0.0911
100+,NONPAYER,Shuffle,20,1337.0,1612.0,988,1.3532,1.6316,-0.2783
100+,NONPAYER,Shuffle,21,1084.0,1357.0,988,1.0972,1.3735,-0.2763
100+,NONPAYER,Comet,1,981.0,905.0,954,1.0283,0.9486,0.0797
100+,NONPAYER,Comet,2,501.0,1364.0,954,0.5252,1.4298,-0.9046
100+,NONPAYER,Comet,3,3526.0,1410.0,954,3.696,1.478,2.218
100+,NONPAYER,Comet,4,7185.0,1294.0,954,7.5314,1.3564,6.1751
100+,NONPAYER,Comet,5,1063.0,1412.0,954,1.1143,1.4801,-0.3658
100+,NONPAYER,Comet,6,525.0,1271.0,954,0.5503,1.3323,-0.782
100+,NONPAYER,Comet,7,494.0,872.0,954,0.5178,0.914,-0.3962
100+,NONPAYER,Comet,8,1102.0,1025.0,954,1.1551,1.0744,0.0807
100+,NONPAYER,Comet,9,438.0,654.0,954,0.4591,0.6855,-0.2264
100+,NONPAYER,Comet,10,1059.0,1041.0,954,1.1101,1.0912,0.0189
100+,NONPAYER,Comet,11,3807.0,1411.0,954,3.9906,1.479,2.5115
100+,NONPAYER,Comet,12,933.0,1711.0,954,0.978,1.7935,-0.8155
100+,NONPAYER,Comet,13,590.0,1596.0,954,0.6184,1.673,-1.0545
100+,NONPAYER,Comet,14,588.0,953.0,954,0.6164,0.999,-0.3826
100+,NONPAYER,Comet,15,1291.0,1042.0,954,1.3532,1.0922,0.261
100+,NONPAYER,Comet,16,570.0,748.0,954,0.5975,0.7841,-0.1866
100+,NONPAYER,Comet,17,1378.0,795.0,954,1.4444,0.8333,0.6111
100+,NONPAYER,Comet,18,3852.0,1195.0,954,4.0377,1.2526,2.7851
100+,NONPAYER,Comet,19,922.0,1814.0,954,0.9665,1.9015,-0.935
100+,NONPAYER,Comet,20,561.0,1579.0,954,0.5881,1.6551,-1.0671
100+,NONPAYER,Comet,21,480.0,911.0,954,0.5031,0.9549,-0.4518
100+,NONPAYER,Red,1,1381.0,1215.0,982,1.4063,1.2373,0.169
100+,NONPAYER,Red,2,1242.0,1203.0,982,1.2648,1.2251,0.0397
100+,NONPAYER,Red,3,1102.0,1213.0,982,1.1222,1.2352,-0.113
100+,NONPAYER,Red,4,869.0,962.0,982,0.8849,0.9796,-0.0947
100+,NONPAYER,Red,5,1207.0,1291.0,982,1.2291,1.3147,-0.0855
100+,NONPAYER,Red,6,718.0,908.0,982,0.7312,0.9246,-0.1935
100+,NONPAYER,Red,7,701.0,866.0,982,0.7138,0.8819,-0.168
100+,NONPAYER,Red,8,1385.0,1101.0,982,1.4104,1.1212,0.2892
100+,NONPAYER,Red,9,1111.0,1083.0,982,1.1314,1.1029,0.0285
100+,NONPAYER,Red,10,960.0,985.0,982,0.9776,1.0031,-0.0255
100+,NONPAYER,Red,11,953.0,982.0,982,0.9705,1.0,-0.0295
100+,NONPAYER,Red,12,1289.0,1421.0,982,1.3126,1.447,-0.1344
100+,NONPAYER,Red,13,955.0,1156.0,982,0.9725,1.1772,-0.2047
100+,NONPAYER,Red,14,896.0,1031.0,982,0.9124,1.0499,-0.1375
100+,NONPAYER,Red,15,1798.0,1516.0,982,1.831,1.5438,0.2872
100+,NONPAYER,Red,16,1455.0,1445.0,982,1.4817,1.4715,0.0102
100+,NONPAYER,Red,17,1156.0,1336.0,982,1.1772,1.3605,-0.1833
100+,NONPAYER,Red,18,1210.0,1530.0,982,1.2322,1.558,-0.3259
100+,NONPAYER,Red,19,1463.0,1491.0,982,1.4898,1.5183,-0.0285
100+,NONPAYER,Red,20,1057.0,1321.0,982,1.0764,1.3452,-0.2688
100+,NONPAYER,Red,21,844.0,1055.0,982,0.8595,1.0743,-0.2149
100+,NONPAYER,Chuck,1,1287.0,1039.0,978,1.316,1.0624,0.2536
100+,NONPAYER,Chuck,2,1205.0,1269.0,978,1.2321,1.2975,-0.0654
100+,NONPAYER,Chuck,3,1127.0,1246.0,978,1.1524,1.274,-0.1217
100+,NONPAYER,Chuck,4,872.0,931.0,978,0.8916,0.9519,-0.0603
100+,NONPAYER,Chuck,5,1250.0,1215.0,978,1.2781,1.2423,0.0358
100+,NONPAYER,Chuck,6,680.0,911.0,978,0.6953,0.9315,-0.2362
100+,NONPAYER,Chuck,7,716.0,827.0,978,0.7321,0.8456,-0.1135
100+,NONPAYER,Chuck,8,1276.0,913.0,978,1.3047,0.9335,0.3712
100+,NONPAYER,Chuck,9,1137.0,1109.0,978,1.1626,1.1339,0.0286
100+,NONPAYER,Chuck,10,1041.0,1053.0,978,1.0644,1.0767,-0.0123
100+,NONPAYER,Chuck,11,975.0,1017.0,978,0.9969,1.0399,-0.0429
100+,NONPAYER,Chuck,12,1340.0,1419.0,978,1.3701,1.4509,-0.0808
100+,NONPAYER,Chuck,13,922.0,1198.0,978,0.9427,1.2249,-0.2822
100+,NONPAYER,Chuck,14,923.0,1091.0,978,0.9438,1.1155,-0.1718
100+,NONPAYER,Chuck,15,1720.0,1330.0,978,1.7587,1.3599,0.3988
100+,NONPAYER,Chuck,16,1345.0,1474.0,978,1.3753,1.5072,-0.1319
100+,NONPAYER,Chuck,17,1250.0,1449.0,978,1.2781,1.4816,-0.2035
100+,NONPAYER,Chuck,18,1210.0,1560.0,978,1.2372,1.5951,-0.3579
100+,NONPAYER,Chuck,19,1632.0,1567.0,978,1.6687,1.6022,0.0665
100+,NONPAYER,Chuck,20,1091.0,1370.0,978,1.1155,1.4008,-0.2853
100+,NONPAYER,Chuck,21,872.0,1125.0,978,0.8916,1.1503,-0.2587
100+,NONPAYER,Bomb,1,1090.0,726.0,982,1.11,0.7393,0.3707
100+,NONPAYER,Bomb,2,983.0,835.0,982,1.001,0.8503,0.1507
100+,NONPAYER,Bomb,3,1089.0,973.0,982,1.109,0.9908,0.1181
100+,NONPAYER,Bomb,4,962.0,828.0,982,0.9796,0.8432,0.1365
100+,NONPAYER,Bomb,5,911.0,904.0,982,0.9277,0.9206,0.0071
100+,NONPAYER,Bomb,6,677.0,814.0,982,0.6894,0.8289,-0.1395
100+,NONPAYER,Bomb,7,658.0,736.0,982,0.6701,0.7495,-0.0794
100+,NONPAYER,Bomb,8,1185.0,752.0,982,1.2067,0.7658,0.4409
100+,NONPAYER,Bomb,9,981.0,760.0,982,0.999,0.7739,0.2251
100+,NONPAYER,Bomb,10,1009.0,840.0,982,1.0275,0.8554,0.1721
100+,NONPAYER,Bomb,11,1094.0,868.0,982,1.1141,0.8839,0.2301
100+,NONPAYER,Bomb,12,1021.0,1002.0,982,1.0397,1.0204,0.0193
100+,NONPAYER,Bomb,13,891.0,1033.0,982,0.9073,1.0519,-0.1446
100+,NONPAYER,Bomb,14,859.0,928.0,982,0.8747,0.945,-0.0703
100+,NONPAYER,Bomb,15,1466.0,975.0,982,1.4929,0.9929,0.5
100+,NONPAYER,Bomb,16,1165.0,1030.0,982,1.1864,1.0489,0.1375
100+,NONPAYER,Bomb,17,1166.0,1079.0,982,1.1874,1.0988,0.0886
100+,NONPAYER,Bomb,18,1212.0,1210.0,982,1.2342,1.2322,0.002
100+,NONPAYER,Bomb,19,1183.0,1116.0,982,1.2047,1.1365,0.0682
100+,NONPAYER,Bomb,20,931.0,1134.0,982,0.9481,1.1548,-0.2067
100+,NONPAYER,Bomb,21,741.0,952.0,982,0.7546,0.9695,-0.2149
100+,NONPAYER,UL Bomb,1,250.0,166.0,573,0.4363,0.2897,0.1466
100+,NONPAYER,UL Bomb,2,110.0,54.0,573,0.192,0.0942,0.0977
100+,NONPAYER,UL Bomb,3,240.0,146.0,573,0.4188,0.2548,0.164
100+,NONPAYER,UL Bomb,4,180.0,99.0,573,0.3141,0.1728,0.1414
100+,NONPAYER,UL Bomb,5,2795.0,2151.0,573,4.8778,3.7539,1.1239
100+,NONPAYER,UL Bomb,6,2245.0,1676.0,573,3.918,2.925,0.993
100+,NONPAYER,UL Bomb,7,1710.0,1263.0,573,2.9843,2.2042,0.7801
100+,NONPAYER,UL Bomb,8,695.0,440.0,573,1.2129,0.7679,0.445
100+,NONPAYER,UL Bomb,9,165.0,198.0,573,0.288,0.3455,-0.0576
100+,NONPAYER,UL Bomb,10,300.0,257.0,573,0.5236,0.4485,0.075
100+,NONPAYER,UL Bomb,11,220.0,131.0,573,0.3839,0.2286,0.1553
100+,NONPAYER,UL Bomb,12,2440.0,1817.0,573,4.2583,3.171,1.0873
100+,NONPAYER,UL Bomb,13,3375.0,2413.0,573,5.8901,4.2112,1.6789
100+,NONPAYER,UL Bomb,14,2140.0,1585.0,573,3.7347,2.7661,0.9686
100+,NONPAYER,UL Bomb,15,715.0,546.0,573,1.2478,0.9529,0.2949
100+,NONPAYER,UL Bomb,16,245.0,139.0,573,0.4276,0.2426,0.185
100+,NONPAYER,UL Bomb,17,140.0,141.0,573,0.2443,0.2461,-0.0017
100+,NONPAYER,UL Bomb,18,235.0,107.0,573,0.4101,0.1867,0.2234
100+,NONPAYER,UL Bomb,19,735.0,556.0,573,1.2827,0.9703,0.3124
100+,NONPAYER,UL Bomb,20,1810.0,1474.0,573,3.1588,2.5724,0.5864
100+,NONPAYER,UL Bomb,21,1195.0,1102.0,573,2.0855,1.9232,0.1623
100+,NONPAYER,UL Chuck,1,2005.0,1416.0,876,2.2888,1.6164,0.6724
100+,NONPAYER,UL Chuck,2,3375.0,2061.0,876,3.8527,2.3527,1.5
100+,NONPAYER,UL Chuck,3,2345.0,1307.0,876,2.6769,1.492,1.1849
100+,NONPAYER,UL Chuck,4,1290.0,760.0,876,1.4726,0.8676,0.605
100+,NONPAYER,UL Chuck,5,3995.0,2830.0,876,4.5605,3.2306,1.3299
100+,NONPAYER,UL Chuck,6,2750.0,1826.0,876,3.1393,2.0845,1.0548
100+,NONPAYER,UL Chuck,7,1985.0,1237.0,876,2.266,1.4121,0.8539
100+,NONPAYER,UL Chuck,8,2420.0,1507.0,876,2.7626,1.7203,1.0422
100+,NONPAYER,UL Chuck,9,3005.0,1894.0,876,3.4304,2.1621,1.2683
100+,NONPAYER,UL Chuck,10,2100.0,1267.0,876,2.3973,1.4463,0.9509
100+,NONPAYER,UL Chuck,11,1745.0,1062.0,876,1.992,1.2123,0.7797
100+,NONPAYER,UL Chuck,12,4330.0,3037.0,876,4.9429,3.4669,1.476
100+,NONPAYER,UL Chuck,13,4030.0,2748.0,876,4.6005,3.137,1.4635
100+,NONPAYER,UL Chuck,14,2510.0,1738.0,876,2.8653,1.984,0.8813
100+,NONPAYER,UL Chuck,15,3255.0,2089.0,876,3.7158,2.3847,1.3311
100+,NONPAYER,UL Chuck,16,3715.0,2080.0,876,4.2409,2.3744,1.8664
100+,NONPAYER,UL Chuck,17,2970.0,1716.0,876,3.3904,1.9589,1.4315
100+,NONPAYER,UL Chuck,18,2415.0,1469.0,876,2.7568,1.6769,1.0799
100+,NONPAYER,UL Chuck,19,3275.0,2066.0,876,3.7386,2.3584,1.3801
100+,NONPAYER,UL Chuck,20,2435.0,1854.0,876,2.7797,2.1164,0.6632
100+,NONPAYER,UL Chuck,21,1900.0,1450.0,876,2.1689,1.6553,0.5137
100+,NONPAYER,UL Red,1,5295.0,3010.0,916,5.7806,3.286,2.4945
100+,NONPAYER,UL Red,2,2550.0,1562.0,916,2.7838,1.7052,1.0786
100+,NONPAYER,UL Red,3,2140.0,1342.0,916,2.3362,1.4651,0.8712
100+,NONPAYER,UL Red,4,1750.0,948.0,916,1.9105,1.0349,0.8755
100+,NONPAYER,UL Red,5,5720.0,3806.0,916,6.2445,4.155,2.0895
100+,NONPAYER,UL Red,6,2815.0,1784.0,916,3.0731,1.9476,1.1255
100+,NONPAYER,UL Red,7,2575.0,1498.0,916,2.8111,1.6354,1.1758
100+,NONPAYER,UL Red,8,6370.0,3279.0,916,6.9541,3.5797,3.3745
100+,NONPAYER,UL Red,9,2945.0,1569.0,916,3.2151,1.7129,1.5022
100+,NONPAYER,UL Red,10,2235.0,1374.0,916,2.44,1.5,0.94
100+,NONPAYER,UL Red,11,2030.0,1098.0,916,2.2162,1.1987,1.0175
100+,NONPAYER,UL Red,12,6490.0,4173.0,916,7.0852,4.5557,2.5295
100+,NONPAYER,UL Red,13,3795.0,2510.0,916,4.143,2.7402,1.4028
100+,NONPAYER,UL Red,14,2985.0,1959.0,916,3.2587,2.1386,1.1201
100+,NONPAYER,UL Red,15,7000.0,3964.0,916,7.6419,4.3275,3.3144
100+,NONPAYER,UL Red,16,4030.0,2230.0,916,4.3996,2.4345,1.9651
100+,NONPAYER,UL Red,17,2950.0,1825.0,916,3.2205,1.9924,1.2282
100+,NONPAYER,UL Red,18,2985.0,1827.0,916,3.2587,1.9945,1.2642
100+,NONPAYER,UL Red,19,4350.0,2731.0,916,4.7489,2.9814,1.7675
100+,NONPAYER,UL Red,20,3945.0,2288.0,916,4.3068,2.4978,1.809
100+,NONPAYER,UL Red,21,2720.0,1775.0,916,2.9694,1.9378,1.0317
100+,NONPAYER,Unlimited Lives,1,168980.0,0.0,982,172.0774,0.0,172.0774
100+,NONPAYER,Unlimited Lives,2,162605.0,0.0,982,165.5855,0.0,165.5855
100+,NONPAYER,Unlimited Lives,3,189785.0,81.0,982,193.2637,0.0825,193.1813
100+,NONPAYER,Unlimited Lives,4,154520.0,0.0,982,157.3523,0.0,157.3523
100+,NONPAYER,Unlimited Lives,5,170845.0,0.0,982,173.9766,0.0,173.9766
100+,NONPAYER,Unlimited Lives,6,141660.0,0.0,982,144.2566,0.0,144.2566
100+,NONPAYER,Unlimited Lives,7,134185.0,0.0,982,136.6446,0.0,136.6446
100+,NONPAYER,Unlimited Lives,8,167660.0,0.0,982,170.7332,0.0,170.7332
100+,NONPAYER,Unlimited Lives,9,165150.0,0.0,982,168.1772,0.0,168.1772
100+,NONPAYER,Unlimited Lives,10,158800.0,0.0,982,161.7108,0.0,161.7108
100+,NONPAYER,Unlimited Lives,11,159110.0,0.0,982,162.0265,0.0,162.0265
100+,NONPAYER,Unlimited Lives,12,182450.0,0.0,982,185.7943,0.0,185.7943
100+,NONPAYER,Unlimited Lives,13,172875.0,0.0,982,176.0438,0.0,176.0438
100+,NONPAYER,Unlimited Lives,14,163130.0,0.0,982,166.1202,0.0,166.1202
100+,NONPAYER,Unlimited Lives,15,206620.0,0.0,982,210.4073,0.0,210.4073
100+,NONPAYER,Unlimited Lives,16,185660.0,0.0,982,189.0631,0.0,189.0631
100+,NONPAYER,Unlimited Lives,17,174930.0,0.0,982,178.1365,0.0,178.1365
100+,NONPAYER,Unlimited Lives,18,182985.0,0.0,982,186.3391,0.0,186.3391
100+,NONPAYER,Unlimited Lives,19,198295.0,0.0,982,201.9297,0.0,201.9297
100+,NONPAYER,Unlimited Lives,20,191945.0,0.0,982,195.4633,0.0,195.4633
100+,NONPAYER,Unlimited Lives,21,156230.0,0.0,982,159.0937,0.0,159.0937
100+,NONPAYER,SPT,1,223124.0,0.0,977,228.3767,0.0,228.3767
100+,NONPAYER,SPT,2,248678.0,0.0,977,254.5322,0.0,254.5322
100+,NONPAYER,SPT,3,209507.0,0.0,977,214.4391,0.0,214.4391
100+,NONPAYER,SPT,4,271957.0,0.0,977,278.3593,0.0,278.3593
100+,NONPAYER,SPT,5,264763.0,0.0,977,270.9959,0.0,270.9959
100+,NONPAYER,SPT,6,212903.0,0.0,977,217.915,0.0,217.915
100+,NONPAYER,SPT,7,208021.0,0.0,977,212.9181,0.0,212.9181
100+,NONPAYER,SPT,8,296315.0,0.0,977,303.2907,0.0,303.2907
100+,NONPAYER,SPT,9,277746.0,0.0,977,284.2845,0.0,284.2845
100+,NONPAYER,SPT,10,310683.0,0.0,977,317.9969,0.0,317.9969
100+,NONPAYER,SPT,11,320363.0,0.0,977,327.9048,0.0,327.9048
100+,NONPAYER,SPT,12,301194.0,0.0,977,308.2845,0.0,308.2845
100+,NONPAYER,SPT,13,284625.0,0.0,977,291.3255,0.0,291.3255
100+,NONPAYER,SPT,14,277050.0,0.0,977,283.5722,0.0,283.5722
100+,NONPAYER,SPT,15,413692.0,0.0,977,423.4309,0.0,423.4309
100+,NONPAYER,SPT,16,381021.0,0.0,977,389.9908,0.0,389.9908
100+,NONPAYER,SPT,17,395885.0,0.0,977,405.2047,0.0,405.2047
100+,NONPAYER,SPT,18,374989.0,0.0,977,383.8168,0.0,383.8168
100+,NONPAYER,SPT,19,352553.0,0.0,977,360.8526,0.0,360.8526
100+,NONPAYER,SPT,20,326879.0,0.0,977,334.5742,0.0,334.5742
100+,NONPAYER,SPT,21,267558.0,0.0,977,273.8567,0.0,273.8567
100+,NONPAYER,SPTx2,1,0.0,0.0,641,0.0,0.0,0.0
100+,NONPAYER,SPTx2,2,0.0,0.0,641,0.0,0.0,0.0
100+,NONPAYER,SPTx2,3,0.0,0.0,641,0.0,0.0,0.0
100+,NONPAYER,SPTx2,4,0.0,0.0,641,0.0,0.0,0.0
100+,NONPAYER,SPTx2,5,0.0,0.0,641,0.0,0.0,0.0
100+,NONPAYER,SPTx2,6,0.0,0.0,641,0.0,0.0,0.0
100+,NONPAYER,SPTx2,7,0.0,0.0,641,0.0,0.0,0.0
100+,NONPAYER,SPTx2,8,5500.0,0.0,641,8.5803,0.0,8.5803
100+,NONPAYER,SPTx2,9,3060.0,0.0,641,4.7738,0.0,4.7738
100+,NONPAYER,SPTx2,10,2200.0,0.0,641,3.4321,0.0,3.4321
100+,NONPAYER,SPTx2,11,1565.0,0.0,641,2.4415,0.0,2.4415
100+,NONPAYER,SPTx2,12,70.0,0.0,641,0.1092,0.0,0.1092
100+,NONPAYER,SPTx2,13,0.0,0.0,641,0.0,0.0,0.0
100+,NONPAYER,SPTx2,14,0.0,0.0,641,0.0,0.0,0.0
100+,NONPAYER,SPTx2,15,6140.0,0.0,641,9.5788,0.0,9.5788
100+,NONPAYER,SPTx2,16,5270.0,0.0,641,8.2215,0.0,8.2215
100+,NONPAYER,SPTx2,17,2500.0,0.0,641,3.9002,0.0,3.9002
100+,NONPAYER,SPTx2,18,2375.0,0.0,641,3.7051,0.0,3.7051
100+,NONPAYER,SPTx2,19,80.0,0.0,641,0.1248,0.0,0.1248
100+,NONPAYER,SPTx2,20,20.0,0.0,641,0.0312,0.0,0.0312
100+,NONPAYER,SPTx2,21,0.0,0.0,641,0.0,0.0,0.0
100+,PAYER,HC,1,62267.0,56500.0,239,260.5314,236.4017,24.1297
100+,PAYER,HC,2,59125.0,60100.0,239,247.3849,251.4644,-4.0795
100+,PAYER,HC,3,132952.0,46550.0,239,556.2845,194.7699,361.5146
100+,PAYER,HC,4,201404.0,59200.0,239,842.6946,247.6987,594.9958
100+,PAYER,HC,5,96014.0,75650.0,239,401.7322,316.5272,85.205
100+,PAYER,HC,6,44895.0,50500.0,239,187.8452,211.2971,-23.4519
100+,PAYER,HC,7,46636.0,49350.0,239,195.1297,206.4854,-11.3556
100+,PAYER,HC,8,69782.0,63000.0,239,291.9749,263.5983,28.3766
100+,PAYER,HC,9,45292.0,46100.0,239,189.5063,192.887,-3.3808
100+,PAYER,HC,10,141790.0,57200.0,239,593.2636,239.3305,353.9331
100+,PAYER,HC,11,424130.0,60650.0,239,1774.6025,253.7657,1520.8368
100+,PAYER,HC,12,113025.0,75600.0,239,472.9079,316.318,156.59
100+,PAYER,HC,13,52461.0,54700.0,239,219.5021,228.8703,-9.3682
100+,PAYER,HC,14,53006.0,53600.0,239,221.7824,224.2678,-2.4854
100+,PAYER,HC,15,68644.0,61950.0,239,287.2134,259.205,28.0084
100+,PAYER,HC,16,43964.0,50550.0,239,183.9498,211.5063,-27.5565
100+,PAYER,HC,17,69274.0,56600.0,239,289.8494,236.8201,53.0293
100+,PAYER,HC,18,92161.0,54550.0,239,385.6109,228.2427,157.3682
100+,PAYER,HC,19,59442.0,58000.0,239,248.7113,242.6778,6.0335
100+,PAYER,HC,20,53887.0,56550.0,239,225.4686,236.6109,-11.1423
100+,PAYER,HC,21,59417.0,53050.0,239,248.6067,221.9665,26.6402
100+,PAYER,Slingshot,1,486.0,497.0,239,2.0335,2.0795,-0.046
100+,PAYER,Slingshot,2,424.0,480.0,239,1.7741,2.0084,-0.2343
100+,PAYER,Slingshot,3,1123.0,336.0,239,4.6987,1.4059,3.2929
100+,PAYER,Slingshot,4,1756.0,367.0,239,7.3473,1.5356,5.8117
100+,PAYER,Slingshot,5,549.0,438.0,239,2.2971,1.8326,0.4644
100+,PAYER,Slingshot,6,282.0,343.0,239,1.1799,1.4351,-0.2552
100+,PAYER,Slingshot,7,297.0,368.0,239,1.2427,1.5397,-0.2971
100+,PAYER,Slingshot,8,613.0,563.0,239,2.5649,2.3556,0.2092
100+,PAYER,Slingshot,9,357.0,436.0,239,1.4937,1.8243,-0.3305
100+,PAYER,Slingshot,10,794.0,347.0,239,3.3222,1.4519,1.8703
100+,PAYER,Slingshot,11,2576.0,427.0,239,10.7782,1.7866,8.9916
100+,PAYER,Slingshot,12,591.0,406.0,239,2.4728,1.6987,0.7741
100+,PAYER,Slingshot,13,282.0,364.0,239,1.1799,1.523,-0.3431
100+,PAYER,Slingshot,14,257.0,274.0,239,1.0753,1.1464,-0.0711
100+,PAYER,Slingshot,15,617.0,545.0,239,2.5816,2.2803,0.3013
100+,PAYER,Slingshot,16,341.0,379.0,239,1.4268,1.5858,-0.159
100+,PAYER,Slingshot,17,356.0,311.0,239,1.4895,1.3013,0.1883
100+,PAYER,Slingshot,18,615.0,359.0,239,2.5732,1.5021,1.0711
100+,PAYER,Slingshot,19,323.0,353.0,239,1.3515,1.477,-0.1255
100+,PAYER,Slingshot,20,241.0,332.0,239,1.0084,1.3891,-0.3808
100+,PAYER,Slingshot,21,238.0,289.0,239,0.9958,1.2092,-0.2134
100+,PAYER,Shuffle,1,419.0,404.0,239,1.7531,1.6904,0.0628
100+,PAYER,Shuffle,2,427.0,484.0,239,1.7866,2.0251,-0.2385
100+,PAYER,Shuffle,3,1130.0,305.0,239,4.728,1.2762,3.4519
100+,PAYER,Shuffle,4,1745.0,372.0,239,7.3013,1.5565,5.7448
100+,PAYER,Shuffle,5,522.0,367.0,239,2.1841,1.5356,0.6485
100+,PAYER,Shuffle,6,254.0,302.0,239,1.0628,1.2636,-0.2008
100+,PAYER,Shuffle,7,281.0,311.0,239,1.1757,1.3013,-0.1255
100+,PAYER,Shuffle,8,527.0,462.0,239,2.205,1.9331,0.272
100+,PAYER,Shuffle,9,327.0,384.0,239,1.3682,1.6067,-0.2385
100+,PAYER,Shuffle,10,805.0,343.0,239,3.3682,1.4351,1.9331
100+,PAYER,Shuffle,11,2571.0,400.0,239,10.7573,1.6736,9.0837
100+,PAYER,Shuffle,12,575.0,404.0,239,2.4059,1.6904,0.7155
100+,PAYER,Shuffle,13,276.0,341.0,239,1.1548,1.4268,-0.272
100+,PAYER,Shuffle,14,267.0,297.0,239,1.1172,1.2427,-0.1255
100+,PAYER,Shuffle,15,530.0,462.0,239,2.2176,1.9331,0.2845
100+,PAYER,Shuffle,16,298.0,362.0,239,1.2469,1.5146,-0.2678
100+,PAYER,Shuffle,17,342.0,334.0,239,1.431,1.3975,0.0335
100+,PAYER,Shuffle,18,577.0,332.0,239,2.4142,1.3891,1.0251
100+,PAYER,Shuffle,19,301.0,323.0,239,1.2594,1.3515,-0.0921
100+,PAYER,Shuffle,20,289.0,369.0,239,1.2092,1.5439,-0.3347
100+,PAYER,Shuffle,21,263.0,334.0,239,1.1004,1.3975,-0.2971
100+,PAYER,Comet,1,285.0,286.0,233,1.2232,1.2275,-0.0043
100+,PAYER,Comet,2,193.0,225.0,233,0.8283,0.9657,-0.1373
100+,PAYER,Comet,3,988.0,213.0,233,4.2403,0.9142,3.3262
100+,PAYER,Comet,4,1572.0,321.0,233,6.7468,1.3777,5.3691
100+,PAYER,Comet,5,391.0,242.0,233,1.6781,1.0386,0.6395
100+,PAYER,Comet,6,155.0,185.0,233,0.6652,0.794,-0.1288
100+,PAYER,Comet,7,158.0,186.0,233,0.6781,0.7983,-0.1202
100+,PAYER,Comet,8,359.0,324.0,233,1.5408,1.3906,0.1502
100+,PAYER,Comet,9,115.0,169.0,233,0.4936,0.7253,-0.2318
100+,PAYER,Comet,10,657.0,253.0,233,2.8197,1.0858,1.7339
100+,PAYER,Comet,11,2365.0,323.0,233,10.1502,1.3863,8.7639
100+,PAYER,Comet,12,426.0,255.0,233,1.8283,1.0944,0.7339
100+,PAYER,Comet,13,143.0,181.0,233,0.6137,0.7768,-0.1631
100+,PAYER,Comet,14,153.0,179.0,233,0.6567,0.7682,-0.1116
100+,PAYER,Comet,15,344.0,323.0,233,1.4764,1.3863,0.0901
100+,PAYER,Comet,16,142.0,181.0,233,0.6094,0.7768,-0.1674
100+,PAYER,Comet,17,204.0,167.0,233,0.8755,0.7167,0.1588
100+,PAYER,Comet,18,395.0,164.0,233,1.6953,0.7039,0.9914
100+,PAYER,Comet,19,173.0,182.0,233,0.7425,0.7811,-0.0386
100+,PAYER,Comet,20,119.0,169.0,233,0.5107,0.7253,-0.2146
100+,PAYER,Comet,21,116.0,189.0,233,0.4979,0.8112,-0.3133
100+,PAYER,Red,1,401.0,367.0,239,1.6778,1.5356,0.1423
100+,PAYER,Red,2,358.0,480.0,239,1.4979,2.0084,-0.5105
100+,PAYER,Red,3,261.0,312.0,239,1.0921,1.3054,-0.2134
100+,PAYER,Red,4,280.0,302.0,239,1.1715,1.2636,-0.0921
100+,PAYER,Red,5,317.0,407.0,239,1.3264,1.7029,-0.3766
100+,PAYER,Red,6,221.0,371.0,239,0.9247,1.5523,-0.6276
100+,PAYER,Red,7,236.0,309.0,239,0.9874,1.2929,-0.3054
100+,PAYER,Red,8,469.0,518.0,239,1.9623,2.1674,-0.205
100+,PAYER,Red,9,362.0,411.0,239,1.5146,1.7197,-0.205
100+,PAYER,Red,10,253.0,389.0,239,1.0586,1.6276,-0.569
100+,PAYER,Red,11,275.0,358.0,239,1.1506,1.4979,-0.3473
100+,PAYER,Red,12,325.0,449.0,239,1.3598,1.8787,-0.5188
100+,PAYER,Red,13,243.0,398.0,239,1.0167,1.6653,-0.6485
100+,PAYER,Red,14,220.0,297.0,239,0.9205,1.2427,-0.3222
100+,PAYER,Red,15,499.0,455.0,239,2.0879,1.9038,0.1841
100+,PAYER,Red,16,288.0,482.0,239,1.205,2.0167,-0.8117
100+,PAYER,Red,17,249.0,406.0,239,1.0418,1.6987,-0.6569
100+,PAYER,Red,18,248.0,426.0,239,1.0377,1.7824,-0.7448
100+,PAYER,Red,19,244.0,323.0,239,1.0209,1.3515,-0.3305
100+,PAYER,Red,20,230.0,394.0,239,0.9623,1.6485,-0.6862
100+,PAYER,Red,21,212.0,310.0,239,0.887,1.2971,-0.41
100+,PAYER,Chuck,1,376.0,328.0,239,1.5732,1.3724,0.2008
100+,PAYER,Chuck,2,374.0,478.0,239,1.5649,2.0,-0.4351
100+,PAYER,Chuck,3,255.0,322.0,239,1.0669,1.3473,-0.2803
100+,PAYER,Chuck,4,285.0,305.0,239,1.1925,1.2762,-0.0837
100+,PAYER,Chuck,5,311.0,395.0,239,1.3013,1.6527,-0.3515
100+,PAYER,Chuck,6,230.0,367.0,239,0.9623,1.5356,-0.5732
100+,PAYER,Chuck,7,217.0,327.0,239,0.9079,1.3682,-0.4603
100+,PAYER,Chuck,8,443.0,461.0,239,1.8536,1.9289,-0.0753
100+,PAYER,Chuck,9,339.0,407.0,239,1.4184,1.7029,-0.2845
100+,PAYER,Chuck,10,285.0,380.0,239,1.1925,1.59,-0.3975
100+,PAYER,Chuck,11,271.0,378.0,239,1.1339,1.5816,-0.4477
100+,PAYER,Chuck,12,351.0,454.0,239,1.4686,1.8996,-0.431
100+,PAYER,Chuck,13,253.0,402.0,239,1.0586,1.682,-0.6234
100+,PAYER,Chuck,14,209.0,297.0,239,0.8745,1.2427,-0.3682
100+,PAYER,Chuck,15,454.0,367.0,239,1.8996,1.5356,0.364
100+,PAYER,Chuck,16,309.0,480.0,239,1.2929,2.0084,-0.7155
100+,PAYER,Chuck,17,235.0,427.0,239,0.9833,1.7866,-0.8033
100+,PAYER,Chuck,18,280.0,434.0,239,1.1715,1.8159,-0.6444
100+,PAYER,Chuck,19,284.0,340.0,239,1.1883,1.4226,-0.2343
100+,PAYER,Chuck,20,234.0,394.0,239,0.9791,1.6485,-0.6695
100+,PAYER,Chuck,21,212.0,307.0,239,0.887,1.2845,-0.3975
100+,PAYER,Bomb,1,302.0,250.0,239,1.2636,1.046,0.2176
100+,PAYER,Bomb,2,308.0,330.0,239,1.2887,1.3808,-0.0921
100+,PAYER,Bomb,3,238.0,287.0,239,0.9958,1.2008,-0.205
100+,PAYER,Bomb,4,316.0,283.0,239,1.3222,1.1841,0.1381
100+,PAYER,Bomb,5,239.0,323.0,239,1.0,1.3515,-0.3515
100+,PAYER,Bomb,6,184.0,288.0,239,0.7699,1.205,-0.4351
100+,PAYER,Bomb,7,217.0,277.0,239,0.9079,1.159,-0.251
100+,PAYER,Bomb,8,415.0,361.0,239,1.7364,1.5105,0.2259
100+,PAYER,Bomb,9,302.0,324.0,239,1.2636,1.3556,-0.0921
100+,PAYER,Bomb,10,330.0,345.0,239,1.3808,1.4435,-0.0628
100+,PAYER,Bomb,11,283.0,316.0,239,1.1841,1.3222,-0.1381
100+,PAYER,Bomb,12,267.0,328.0,239,1.1172,1.3724,-0.2552
100+,PAYER,Bomb,13,234.0,358.0,239,0.9791,1.4979,-0.5188
100+,PAYER,Bomb,14,191.0,278.0,239,0.7992,1.1632,-0.364
100+,PAYER,Bomb,15,386.0,306.0,239,1.6151,1.2803,0.3347
100+,PAYER,Bomb,16,262.0,398.0,239,1.0962,1.6653,-0.569
100+,PAYER,Bomb,17,253.0,357.0,239,1.0586,1.4937,-0.4351
100+,PAYER,Bomb,18,260.0,346.0,239,1.0879,1.4477,-0.3598
100+,PAYER,Bomb,19,216.0,265.0,239,0.9038,1.1088,-0.205
100+,PAYER,Bomb,20,219.0,302.0,239,0.9163,1.2636,-0.3473
100+,PAYER,Bomb,21,184.0,269.0,239,0.7699,1.1255,-0.3556
100+,PAYER,UL Bomb,1,170.0,331.0,169,1.0059,1.9586,-0.9527
100+,PAYER,UL Bomb,2,235.0,317.0,169,1.3905,1.8757,-0.4852
100+,PAYER,UL Bomb,3,135.0,238.0,169,0.7988,1.4083,-0.6095
100+,PAYER,UL Bomb,4,100.0,106.0,169,0.5917,0.6272,-0.0355
100+,PAYER,UL Bomb,5,725.0,750.0,169,4.2899,4.4379,-0.1479
100+,PAYER,UL Bomb,6,770.0,811.0,169,4.5562,4.7988,-0.2426
100+,PAYER,UL Bomb,7,595.0,726.0,169,3.5207,4.2959,-0.7751
100+,PAYER,UL Bomb,8,145.0,706.0,169,0.858,4.1775,-3.3195
100+,PAYER,UL Bomb,9,40.0,109.0,169,0.2367,0.645,-0.4083
100+,PAYER,UL Bomb,10,65.0,167.0,169,0.3846,0.9882,-0.6036
100+,PAYER,UL Bomb,11,145.0,230.0,169,0.858,1.3609,-0.503
100+,PAYER,UL Bomb,12,680.0,568.0,169,4.0237,3.3609,0.6627
100+,PAYER,UL Bomb,13,835.0,771.0,169,4.9408,4.5621,0.3787
100+,PAYER,UL Bomb,14,600.0,529.0,169,3.5503,3.1302,0.4201
100+,PAYER,UL Bomb,15,205.0,586.0,169,1.213,3.4675,-2.2544
100+,PAYER,UL Bomb,16,145.0,568.0,169,0.858,3.3609,-2.503
100+,PAYER,UL Bomb,17,140.0,195.0,169,0.8284,1.1538,-0.3254
100+,PAYER,UL Bomb,18,60.0,204.0,169,0.355,1.2071,-0.8521
100+,PAYER,UL Bomb,19,270.0,335.0,169,1.5976,1.9822,-0.3846
100+,PAYER,UL Bomb,20,415.0,1005.0,169,2.4556,5.9467,-3.4911
100+,PAYER,UL Bomb,21,455.0,465.0,169,2.6923,2.7515,-0.0592
100+,PAYER,UL Chuck,1,575.0,628.0,225,2.5556,2.7911,-0.2356
100+,PAYER,UL Chuck,2,1130.0,876.0,225,5.0222,3.8933,1.1289
100+,PAYER,UL Chuck,3,515.0,481.0,225,2.2889,2.1378,0.1511
100+,PAYER,UL Chuck,4,540.0,431.0,225,2.4,1.9156,0.4844
100+,PAYER,UL Chuck,5,1265.0,1066.0,225,5.6222,4.7378,0.8844
100+,PAYER,UL Chuck,6,985.0,940.0,225,4.3778,4.1778,0.2
100+,PAYER,UL Chuck,7,785.0,820.0,225,3.4889,3.6444,-0.1556
100+,PAYER,UL Chuck,8,860.0,1181.0,225,3.8222,5.2489,-1.4267
100+,PAYER,UL Chuck,9,995.0,646.0,225,4.4222,2.8711,1.5511
100+,PAYER,UL Chuck,10,445.0,375.0,225,1.9778,1.6667,0.3111
100+,PAYER,UL Chuck,11,820.0,648.0,225,3.6444,2.88,0.7644
100+,PAYER,UL Chuck,12,1115.0,870.0,225,4.9556,3.8667,1.0889
100+,PAYER,UL Chuck,13,970.0,772.0,225,4.3111,3.4311,0.88
100+,PAYER,UL Chuck,14,860.0,625.0,225,3.8222,2.7778,1.0444
100+,PAYER,UL Chuck,15,955.0,1013.0,225,4.2444,4.5022,-0.2578
100+,PAYER,UL Chuck,16,860.0,966.0,225,3.8222,4.2933,-0.4711
100+,PAYER,UL Chuck,17,720.0,584.0,225,3.2,2.5956,0.6044
100+,PAYER,UL Chuck,18,720.0,657.0,225,3.2,2.92,0.28
100+,PAYER,UL Chuck,19,500.0,424.0,225,2.2222,1.8844,0.3378
100+,PAYER,UL Chuck,20,700.0,1190.0,225,3.1111,5.2889,-2.1778
100+,PAYER,UL Chuck,21,810.0,665.0,225,3.6,2.9556,0.6444
100+,PAYER,UL Red,1,1450.0,1095.0,234,6.1966,4.6795,1.5171
100+,PAYER,UL Red,2,1280.0,913.0,234,5.4701,3.9017,1.5684
100+,PAYER,UL Red,3,675.0,553.0,234,2.8846,2.3632,0.5214
100+,PAYER,UL Red,4,615.0,512.0,234,2.6282,2.188,0.4402
100+,PAYER,UL Red,5,1505.0,1226.0,234,6.4316,5.2393,1.1923
100+,PAYER,UL Red,6,1105.0,1009.0,234,4.7222,4.312,0.4103
100+,PAYER,UL Red,7,800.0,883.0,234,3.4188,3.7735,-0.3547
100+,PAYER,UL Red,8,1935.0,1803.0,234,8.2692,7.7051,0.5641
100+,PAYER,UL Red,9,1060.0,637.0,234,4.5299,2.7222,1.8077
100+,PAYER,UL Red,10,445.0,351.0,234,1.9017,1.5,0.4017
100+,PAYER,UL Red,11,750.0,612.0,234,3.2051,2.6154,0.5897
100+,PAYER,UL Red,12,1545.0,1145.0,234,6.6026,4.8932,1.7094
100+,PAYER,UL Red,13,1130.0,946.0,234,4.8291,4.0427,0.7863
100+,PAYER,UL Red,14,750.0,601.0,234,3.2051,2.5684,0.6368
100+,PAYER,UL Red,15,1775.0,1546.0,234,7.5855,6.6068,0.9786
100+,PAYER,UL Red,16,1085.0,1125.0,234,4.6368,4.8077,-0.1709
100+,PAYER,UL Red,17,1010.0,648.0,234,4.3162,2.7692,1.547
100+,PAYER,UL Red,18,700.0,581.0,234,2.9915,2.4829,0.5085
100+,PAYER,UL Red,19,670.0,595.0,234,2.8632,2.5427,0.3205
100+,PAYER,UL Red,20,1305.0,1513.0,234,5.5769,6.4658,-0.8889
100+,PAYER,UL Red,21,835.0,555.0,234,3.5684,2.3718,1.1966
100+,PAYER,Unlimited Lives,1,47150.0,0.0,239,197.2803,0.0,197.2803
100+,PAYER,Unlimited Lives,2,51145.0,0.0,239,213.9958,0.0,213.9958
100+,PAYER,Unlimited Lives,3,44855.0,0.0,239,187.6778,0.0,187.6778
100+,PAYER,Unlimited Lives,4,46180.0,0.0,239,193.2218,0.0,193.2218
100+,PAYER,Unlimited Lives,5,45994.0,0.0,239,192.4435,0.0,192.4435
100+,PAYER,Unlimited Lives,6,40535.0,0.0,239,169.6025,0.0,169.6025
100+,PAYER,Unlimited Lives,7,41655.0,0.0,239,174.2887,0.0,174.2887
100+,PAYER,Unlimited Lives,8,56075.0,0.0,239,234.6234,0.0,234.6234
100+,PAYER,Unlimited Lives,9,48705.0,0.0,239,203.7866,0.0,203.7866
100+,PAYER,Unlimited Lives,10,45985.0,0.0,239,192.4059,0.0,192.4059
100+,PAYER,Unlimited Lives,11,46385.0,0.0,239,194.0795,0.0,194.0795
100+,PAYER,Unlimited Lives,12,46710.0,0.0,239,195.4393,0.0,195.4393
100+,PAYER,Unlimited Lives,13,43230.0,0.0,239,180.8787,0.0,180.8787
100+,PAYER,Unlimited Lives,14,39140.0,0.0,239,163.7657,0.0,163.7657
100+,PAYER,Unlimited Lives,15,52335.0,0.0,239,218.9749,0.0,218.9749
100+,PAYER,Unlimited Lives,16,39795.0,0.0,239,166.5063,0.0,166.5063
100+,PAYER,Unlimited Lives,17,35670.0,0.0,239,149.2469,0.0,149.2469
100+,PAYER,Unlimited Lives,18,37183.0,0.0,239,155.5774,0.0,155.5774
100+,PAYER,Unlimited Lives,19,31560.0,0.0,239,132.0502,0.0,132.0502
100+,PAYER,Unlimited Lives,20,38450.0,0.0,239,160.8787,0.0,160.8787
100+,PAYER,Unlimited Lives,21,35250.0,0.0,239,147.4895,0.0,147.4895
100+,PAYER,SPT,1,63008.0,0.0,236,266.9831,0.0,266.9831
100+,PAYER,SPT,2,77024.0,0.0,236,326.3729,0.0,326.3729
100+,PAYER,SPT,3,52076.0,0.0,236,220.661,0.0,220.661
100+,PAYER,SPT,4,93471.0,0.0,236,396.0636,0.0,396.0636
100+,PAYER,SPT,5,69003.0,0.0,236,292.3856,0.0,292.3856
100+,PAYER,SPT,6,59320.0,0.0,236,251.3559,0.0,251.3559
100+,PAYER,SPT,7,62660.0,0.0,236,265.5085,0.0,265.5085
100+,PAYER,SPT,8,104808.0,0.0,236,444.1017,0.0,444.1017
100+,PAYER,SPT,9,93580.0,0.0,236,396.5254,0.0,396.5254
100+,PAYER,SPT,10,88823.0,0.0,236,376.3686,0.0,376.3686
100+,PAYER,SPT,11,87820.0,0.0,236,372.1186,0.0,372.1186
100+,PAYER,SPT,12,75797.0,0.0,236,321.1737,0.0,321.1737
100+,PAYER,SPT,13,69178.0,0.0,236,293.1271,0.0,293.1271
100+,PAYER,SPT,14,59009.0,0.0,236,250.0381,0.0,250.0381
100+,PAYER,SPT,15,107349.0,0.0,236,454.8686,0.0,454.8686
100+,PAYER,SPT,16,77119.0,0.0,236,326.7754,0.0,326.7754
100+,PAYER,SPT,17,68164.0,0.0,236,288.8305,0.0,288.8305
100+,PAYER,SPT,18,75668.0,0.0,236,320.6271,0.0,320.6271
100+,PAYER,SPT,19,46920.0,0.0,236,198.8136,0.0,198.8136
100+,PAYER,SPT,20,51390.0,0.0,236,217.7542,0.0,217.7542
100+,PAYER,SPT,21,55004.0,0.0,236,233.0678,0.0,233.0678
100+,PAYER,SPTx2,1,0.0,0.0,166,0.0,0.0,0.0
100+,PAYER,SPTx2,2,0.0,0.0,166,0.0,0.0,0.0
100+,PAYER,SPTx2,3,0.0,0.0,166,0.0,0.0,0.0
100+,PAYER,SPTx2,4,0.0,0.0,166,0.0,0.0,0.0
100+,PAYER,SPTx2,5,0.0,0.0,166,0.0,0.0,0.0
100+,PAYER,SPTx2,6,0.0,0.0,166,0.0,0.0,0.0
100+,PAYER,SPTx2,7,0.0,0.0,166,0.0,0.0,0.0
100+,PAYER,SPTx2,8,1680.0,0.0,166,10.1205,0.0,10.1205
100+,PAYER,SPTx2,9,900.0,0.0,166,5.4217,0.0,5.4217
100+,PAYER,SPTx2,10,360.0,0.0,166,2.1687,0.0,2.1687
100+,PAYER,SPTx2,11,400.0,0.0,166,2.4096,0.0,2.4096
100+,PAYER,SPTx2,12,30.0,0.0,166,0.1807,0.0,0.1807
100+,PAYER,SPTx2,13,0.0,0.0,166,0.0,0.0,0.0
100+,PAYER,SPTx2,14,0.0,0.0,166,0.0,0.0,0.0
100+,PAYER,SPTx2,15,1560.0,0.0,166,9.3976,0.0,9.3976
100+,PAYER,SPTx2,16,900.0,0.0,166,5.4217,0.0,5.4217
100+,PAYER,SPTx2,17,480.0,0.0,166,2.8916,0.0,2.8916
100+,PAYER,SPTx2,18,420.0,0.0,166,2.5301,0.0,2.5301
100+,PAYER,SPTx2,19,20.0,0.0,166,0.1205,0.0,0.1205
100+,PAYER,SPTx2,20,0.0,0.0,166,0.0,0.0,0.0
100+,PAYER,SPTx2,21,0.0,0.0,166,0.0,0.0,0.0
