event_date,ab_group,avg_completions_7d_bucket,players,pct_of_dau,total_revenue,arpdau,payer_rate_pct,arppu,avg_time_spent_mins,avg_level_attempts,avg_level_completes,pass_rate,oom_rate,foom_rate,avg_apc,avg_hc_gain_total,avg_hc_gain_total_minus_saga,avg_hc_gain_saga,avg_hc_gain_paid,avg_hc_gain_free,avg_hc_spent,hc_spent_per_attempt,paid_pct_of_total_gain,p50_hc_balance,p75_hc_balance,p90_hc_balance,avg_player_performance,avg_pr_last_50_levels,avg_daily_streak,p25_daily_streak,p50_daily_streak,p75_daily_streak,p90_daily_streak,pct_player_days_passed_R1,pct_player_days_passed_R2,pct_player_days_passed_R3,d1_churn_rate,actual_liveops_active_rate_pct,actual_pct_finished_R1,actual_pct_finished_R2,actual_pct_finished_R3,avg_booster_gain_total,avg_booster_gain_paid,avg_booster_gain_free,avg_booster_spend,booster_spend_per_attempt,hc_clean_players,hc_excluded_players,avg_hc_gain_CORE,avg_hc_gain_META,avg_hc_gain_ADS,avg_hc_gain_PURCHASE,avg_hc_gain_OTHER,p99_daily_streak,p99_hc_balance,avg_prelevel_gain_total,avg_prelevel_gain_paid,avg_prelevel_gain_free,avg_prelevel_spend,prelevel_spend_per_attempt,avg_ingame_gain_total,avg_ingame_gain_paid,avg_ingame_gain_free,avg_ingame_spend,ingame_spend_per_attempt,avg_red_gain_total,avg_red_gain_paid,avg_red_gain_free,avg_red_spend,avg_chuck_gain_total,avg_chuck_gain_paid,avg_chuck_gain_free,avg_chuck_spend,avg_bomb_gain_total,avg_bomb_gain_paid,avg_bomb_gain_free,avg_bomb_spend,avg_star_gain_total,avg_star_gain_paid,avg_star_gain_free,avg_star_spend,avg_slingshot_gain_total,avg_slingshot_gain_paid,avg_slingshot_gain_free,avg_slingshot_spend,avg_shuffle_gain_total,avg_shuffle_gain_paid,avg_shuffle_gain_free,avg_shuffle_spend,avg_spt_gain_total,spt_gainer_rate_pct,avg_spt_gain_per_gainer,avg_spt_gain_CORE,avg_spt_gain_RAINBOW,avg_spt_gain_OFFER,avg_spt_gain_EVENT,avg_spt_gain_OTHER,hc_players_over_config,avg_hc_excess_removed,avg_hc_gain_total_uncorrected,avg_spt_excess_removed,avg_spt_gain_RAINBOW_uncorrected
2026-07-27,Control,A. 0,4318,15.82,0.0,0.0,0.0,,4.11,1.58,0.16,0.0991,0.9155,0.5449,10.0929,23.57,23.32,0.25,0.0,23.57,2.81,1.7755,0.0,200,385,2962,49.7155,0.5911,,,,,,0.0,0.0,0.0,0.6237,,,,,1.0373,0.0063,1.031,0.2992,0.1888,4318,0,10.67,11.97,0.84,0.0,0.1,,27057,0.4514,0.0049,0.4465,0.1881,0.1187,0.5859,0.0014,0.5845,0.1112,0.0701,0.1563,0.0028,0.1535,0.0706,0.1688,0.0014,0.1674,0.0739,0.1262,0.0007,0.1255,0.0435,0.1429,0.0,0.1429,0.0181,0.2429,0.0007,0.2422,0.0514,0.2001,0.0007,0.1994,0.0417,4.45,5.03,88.6,2.71,0.0,1.14,0.6,0.0,0,0.0,23.57,0.0,0.0
2026-07-27,Control,B. 1-9,8408,30.8,118.98,0.0142,0.52,2.7041,18.65,9.92,4.99,0.5028,0.5981,0.3424,1.9889,51.25,43.46,7.79,1.2,50.05,40.07,4.0397,2.33,200,294,1029,49.5469,0.5937,3.92,2,3,5,8,75.76,34.07,5.2,0.5645,,,,,2.8437,0.0441,2.7996,2.1497,0.2167,8408,0,25.1,22.64,1.78,1.2,0.53,15,17026,1.6243,0.0307,1.5936,1.2104,0.122,1.2194,0.0134,1.206,0.9393,0.0947,0.5827,0.0094,0.5733,0.4811,0.7041,0.0087,0.6954,0.4635,0.3375,0.0126,0.3249,0.2658,0.3164,0.0031,0.3133,0.2086,0.4773,0.0057,0.4716,0.4001,0.4258,0.0046,0.4211,0.3306,67.32,59.07,113.95,63.13,0.0,3.16,1.03,0.0,0,0.0,51.25,0.0,0.0
2026-07-27,Control,C. 10-19,6323,23.16,355.46,0.0562,1.79,3.1457,40.13,22.11,13.52,0.6112,0.5117,0.3088,1.6362,110.2,85.96,24.23,4.23,105.97,97.08,4.3902,3.84,247,402,1237,51.7513,0.6662,9.66,4,9,13,18,67.52,28.25,2.88,0.3788,,,,,6.5192,0.1129,6.4063,4.9125,0.2222,6323,0,58.05,43.7,3.13,4.22,1.09,34,21248,3.8363,0.0759,3.7604,2.6655,0.1205,2.6829,0.037,2.6459,2.247,0.1016,1.4316,0.0263,1.4053,1.0538,1.6592,0.0153,1.6438,1.0348,0.7455,0.0343,0.7112,0.5769,0.6053,0.0074,0.5978,0.5402,1.0514,0.016,1.0354,0.8743,1.0263,0.0136,1.0127,0.8325,158.53,79.84,198.57,151.38,0.0,3.94,3.21,0.0,0,0.0,110.2,0.0,0.0
2026-07-27,Control,D. 20-39,4762,17.45,810.12,0.1701,2.86,5.9568,62.5,35.94,26.01,0.7237,0.4058,0.2658,1.3818,194.5,145.26,49.23,14.52,179.98,175.12,4.8722,7.47,294,480,1141,53.2659,0.7333,16.94,7,14,24,33,61.55,21.78,3.72,0.3087,,,,,10.6436,0.2587,10.3849,7.9584,0.2214,4762,0,104.43,70.38,3.0,14.52,2.17,60,17918,6.278,0.1562,6.1218,4.219,0.1174,4.3656,0.1025,4.2631,3.7394,0.104,2.1703,0.0493,2.121,1.5779,2.8205,0.0449,2.7755,1.7476,1.2873,0.0619,1.2253,0.8935,0.9015,0.0269,0.8746,0.8322,1.7075,0.0422,1.6653,1.4454,1.7566,0.0334,1.7232,1.4618,291.41,91.85,317.26,280.24,0.05,5.44,5.68,0.0,1,0.0,194.5,0.0,0.05
2026-07-27,Control,E. 40-99,3044,11.15,729.96,0.2398,3.94,6.083,120.43,73.8,55.81,0.7562,0.3552,0.2333,1.3225,367.79,257.89,109.89,20.15,347.63,348.18,4.7176,5.48,381,635,1570,55.2403,0.751,30.76,12,24,42,63,45.07,11.53,2.14,0.1643,,,,,18.2789,0.3223,17.9566,14.7559,0.1999,3044,0,209.88,128.01,4.24,20.15,5.5,119,18618,10.6015,0.1577,10.4438,7.4767,0.1013,7.6774,0.1646,7.5128,7.2792,0.0986,3.9402,0.0457,3.8945,2.7684,4.6659,0.0506,4.6153,3.1557,1.9954,0.0614,1.934,1.5526,1.6616,0.0532,1.6084,1.7057,2.8328,0.066,2.7668,2.6468,3.183,0.0453,3.1376,2.9267,639.6,99.34,643.83,622.53,0.0,8.12,8.95,0.0,0,0.0,367.79,0.0,0.0
2026-07-27,Control,F. 100+,441,1.62,129.73,0.2942,6.12,4.8048,247.04,169.1,129.78,0.7675,0.3191,0.2023,1.3029,754.03,482.2,271.83,32.09,721.94,736.51,4.3554,4.26,470,783,1510,57.4282,0.7907,60.36,24,43,82,133,26.08,4.54,0.68,0.0975,,,,,36.6848,0.4807,36.2041,32.8571,0.1943,441,0,473.38,229.5,5.68,32.09,13.38,244,13513,21.542,0.1837,21.3583,16.9116,0.1,15.1429,0.2971,14.8458,15.9456,0.0943,8.263,0.0567,8.2063,6.3741,9.3968,0.0431,9.3537,7.0975,3.8821,0.0839,3.7982,3.4399,3.3946,0.0612,3.3333,4.4603,5.4603,0.1383,5.322,5.6236,6.288,0.0975,6.1905,5.8617,1476.82,99.77,1480.18,1450.12,0.0,12.83,13.86,0.0,0,0.0,754.03,0.0,0.0
2026-07-27,Variant,A. 0,4459,16.23,96.12,0.0216,0.04,48.06,3.8,1.5,0.11,0.0712,0.9403,0.6331,14.0504,20.72,20.61,0.11,2.94,17.78,2.57,1.712,14.18,200,303,1926,49.4995,0.5721,,,,,,0.0,0.0,0.0,0.6575,0.34,0.34,0.07,0.02,0.9942,0.0713,0.9229,0.2945,0.1963,4459,0,6.38,10.64,0.64,2.94,0.11,,24935,0.4355,0.035,0.4005,0.1812,0.1208,0.5586,0.0363,0.5223,0.1133,0.0755,0.1529,0.0119,0.1411,0.0724,0.1722,0.0112,0.161,0.0718,0.1103,0.0119,0.0985,0.037,0.131,0.0112,0.1198,0.0191,0.2339,0.0132,0.2207,0.0478,0.1938,0.0119,0.1819,0.0464,11.4,4.55,250.44,9.71,0.27,0.83,0.58,0.0,476,0.02,20.73,0.01,0.29
2026-07-27,Variant,B. 1-9,8273,30.12,103.04,0.0125,0.64,1.9442,19.66,10.35,5.07,0.4901,0.6088,0.3391,2.0405,47.1,44.37,2.73,0.99,46.12,39.34,3.8019,2.09,200,279,954,49.4988,0.5956,4.03,2,3,5,8,75.63,34.88,5.89,0.5635,28.89,28.89,14.05,4.62,3.4154,0.0265,3.389,2.2856,0.2209,8273,0,16.3,27.8,1.61,0.99,0.4,16,15629,2.1001,0.0167,2.0834,1.3029,0.1259,1.3154,0.0098,1.3056,0.9827,0.095,1.0241,0.0077,1.0163,0.6062,0.7776,0.0019,0.7757,0.4609,0.2984,0.007,0.2914,0.2358,0.2669,0.0012,0.2657,0.1912,0.6758,0.0048,0.671,0.4727,0.3727,0.0037,0.3689,0.3187,48.31,58.37,82.76,37.66,7.33,2.37,0.94,0.0,1514,0.62,47.72,0.58,7.91
2026-07-27,Variant,C. 10-19,6235,22.7,351.06,0.0563,1.67,3.3756,43.85,23.3,14.34,0.6153,0.5086,0.3028,1.6251,110.55,101.43,9.12,4.87,105.68,97.2,4.1714,4.4,232,367,1104,51.6093,0.6734,10.21,5,10,14,19,69.59,31.15,3.79,0.3867,37.75,37.75,23.18,11.31,7.8245,0.0957,7.7288,5.5408,0.2378,6235,0,38.52,63.43,2.63,4.87,1.1,36,19071,4.345,0.0592,4.2858,2.9601,0.127,3.4796,0.0366,3.443,2.5808,0.1108,1.9785,0.0257,1.9528,1.3129,1.6581,0.0122,1.6459,1.0704,0.7084,0.0213,0.6871,0.5767,0.5596,0.0077,0.5519,0.4948,1.856,0.0125,1.8435,1.2191,1.064,0.0164,1.0476,0.8669,122.56,79.41,154.35,85.58,30.63,3.65,2.7,0.0,1981,2.0,112.55,2.73,33.35
2026-07-27,Variant,D. 20-39,5093,18.54,645.21,0.1267,2.49,5.0804,69.66,39.21,28.06,0.7158,0.4101,0.2588,1.3971,196.67,180.9,15.78,10.36,186.32,172.84,4.4081,5.27,273,445,1108,53.2363,0.72,17.85,7,15,25,36,62.75,24.35,4.73,0.3108,38.94,38.94,22.82,12.19,12.3036,0.1704,12.1331,8.6705,0.2211,5093,0,69.14,111.92,3.27,10.36,1.99,64,17861,6.5154,0.0978,6.4176,4.2368,0.1081,5.7881,0.0726,5.7155,4.4337,0.1131,2.6825,0.0351,2.6474,1.7273,2.5125,0.0263,2.4862,1.5924,1.3204,0.0363,1.2841,0.9171,1.0399,0.02,1.0198,1.0139,2.8302,0.0269,2.8033,1.873,1.9181,0.0257,1.8924,1.5468,218.45,92.3,236.67,147.86,60.5,5.16,4.93,0.0,1964,3.38,200.06,5.98,66.48
2026-07-27,Variant,E. 40-99,3021,11.0,742.68,0.2458,4.07,6.038,124.73,76.03,56.97,0.7492,0.3607,0.2298,1.3347,356.24,324.8,31.44,20.99,335.25,332.17,4.3687,5.89,343,560,1407,55.1229,0.7354,31.05,13,24,43,63,45.28,11.49,2.42,0.184,45.58,45.58,29.63,18.01,20.2148,0.6246,19.5902,15.1675,0.1995,3021,0,125.46,201.26,3.88,20.99,4.66,120,16381,10.2307,0.4598,9.7709,7.0205,0.0923,9.9841,0.1648,9.8193,8.147,0.1071,3.7756,0.143,3.6326,2.6058,3.9603,0.1529,3.8073,2.669,2.4949,0.1639,2.331,1.7458,2.0156,0.0414,1.9742,1.8252,4.4919,0.0712,4.4207,3.2688,3.4767,0.0523,3.4244,3.053,442.31,99.01,446.74,305.79,121.95,7.84,6.72,0.0,1508,5.33,361.58,10.85,132.81
2026-07-27,Variant,F. 100+,388,1.41,162.75,0.4195,4.64,9.0417,253.06,169.1,125.53,0.7423,0.3393,0.2075,1.3471,620.87,542.17,78.7,31.96,588.91,594.46,3.5155,5.15,423,672,1466,56.9135,0.7692,56.48,25,41,73,112,22.42,3.87,0.52,0.0902,65.72,65.72,53.09,45.62,34.8041,0.9021,33.9021,29.6598,0.1754,388,0,265.12,309.39,4.56,31.96,9.84,233,11500,17.6933,0.6649,17.0284,11.6933,0.0692,17.1108,0.2371,16.8737,17.9665,0.1063,6.1675,0.1495,6.018,4.1469,6.5258,0.1727,6.3531,4.3067,5.0,0.3428,4.6572,3.2397,3.5412,0.0644,3.4768,5.3351,7.3402,0.0979,7.2423,6.3969,6.2294,0.0747,6.1546,6.2345,914.06,99.74,916.42,649.77,243.69,10.93,9.66,0.0,222,10.41,631.28,20.86,264.55
2026-07-28,Control,A. 0,4657,17.07,226.82,0.0487,0.67,7.3168,10.46,5.6,3.59,0.6407,0.4609,0.2133,1.5607,31.72,31.58,0.15,4.91,26.82,19.72,3.5229,15.47,200,401,2757,49.6388,0.5422,,,,,,0.0,0.0,0.0,0.5922,,,,,0.9255,0.0369,0.8886,0.67,0.1197,4657,0,9.18,16.07,1.42,4.91,0.15,,26628,0.335,0.0135,0.3215,0.3496,0.0624,0.5905,0.0234,0.5671,0.3204,0.0572,0.1153,0.0054,0.1099,0.1422,0.1432,0.0041,0.1391,0.1303,0.0764,0.0041,0.0724,0.0771,0.117,0.0034,0.1136,0.0777,0.2547,0.0155,0.2392,0.1132,0.2188,0.0045,0.2143,0.1295,52.63,7.3,720.83,49.56,0.0,0.77,2.29,0.0,1,0.0,31.72,0.0,0.0
2026-07-28,Control,B. 1-9,8069,29.57,90.88,0.0113,0.59,1.8933,17.59,9.52,4.97,0.5225,0.5863,0.3491,1.9139,40.63,32.39,8.25,1.04,39.59,40.47,4.2514,2.56,200,300,1026,49.6339,0.5927,4.03,2,3,5,8,75.46,34.74,6.59,0.5365,,,,,2.2977,0.0342,2.2635,2.0602,0.2164,8069,0,25.55,11.66,1.8,1.04,0.59,16,16362,1.3388,0.0193,1.3195,1.1219,0.1179,0.9589,0.0149,0.944,0.9383,0.0986,0.48,0.0087,0.4713,0.455,0.6236,0.0027,0.6209,0.4447,0.2352,0.0079,0.2273,0.2223,0.1711,0.0037,0.1674,0.1861,0.4496,0.0082,0.4414,0.4158,0.3381,0.003,0.3351,0.3363,68.25,62.83,108.62,63.34,0.0,2.45,2.46,0.0,0,0.0,40.63,0.0,0.0
2026-07-28,Control,C. 10-19,6189,22.68,380.87,0.0615,1.91,3.2277,37.06,20.57,13.31,0.6472,0.48,0.2996,1.545,93.41,68.96,24.45,4.9,88.51,89.41,4.3473,5.24,244,413,1286,51.8578,0.6842,9.62,4,9,13,18,66.2,28.36,3.15,0.3686,,,,,5.2385,0.0973,5.1412,4.5317,0.2203,6189,0,56.18,28.2,2.87,4.9,1.26,32,22904,3.1601,0.064,3.0961,2.4818,0.1207,2.0784,0.0333,2.0451,2.0499,0.0997,1.2047,0.025,1.1797,0.9924,1.4106,0.0139,1.3967,0.9948,0.5448,0.025,0.5198,0.4946,0.3359,0.0073,0.3286,0.3997,0.9386,0.0142,0.9244,0.8572,0.8038,0.0118,0.7921,0.793,152.73,81.98,186.3,137.94,0.0,3.89,10.9,0.0,0,0.0,93.41,0.0,0.0
2026-07-28,Control,D. 20-39,4839,17.73,654.21,0.1352,2.67,5.0714,58.9,35.03,26.08,0.7444,0.3784,0.2486,1.3433,171.67,123.13,48.54,10.55,161.12,164.65,4.7003,6.15,294,488,1211,53.2329,0.753,16.83,7,14,24,33,59.91,21.74,4.32,0.3207,,,,,8.8119,0.1918,8.6202,7.328,0.2092,4839,0,99.75,55.99,2.9,10.55,2.47,60,18773,5.2707,0.1141,5.1566,3.7781,0.1079,3.5412,0.0777,3.4635,3.5499,0.1013,1.9357,0.0322,1.9035,1.4313,2.3542,0.0329,2.3213,1.5627,0.9808,0.049,0.9318,0.784,0.6005,0.0203,0.5803,0.7342,1.4406,0.0275,1.4131,1.341,1.5001,0.03,1.4701,1.4747,307.96,93.24,330.28,284.08,0.0,5.37,18.52,0.0,0,0.0,171.67,0.0,0.0
2026-07-28,Control,E. 40-99,3066,11.24,508.06,0.1657,3.36,4.9326,110.17,68.59,52.1,0.7595,0.3492,0.2311,1.3166,347.71,240.66,107.05,19.91,327.8,322.73,4.705,5.73,370,623,1429,55.2714,0.7848,29.85,11,22,42,62,41.42,10.93,2.02,0.1791,,,,,15.4279,0.3767,15.0512,13.122,0.1913,3066,0,200.43,118.42,3.72,19.91,5.22,126,15324,8.8995,0.1879,8.7117,6.5894,0.0961,6.5284,0.1888,6.3395,6.5326,0.0952,3.5391,0.0568,3.4824,2.5525,3.8519,0.0587,3.7932,2.7508,1.5085,0.0724,1.4361,1.286,1.2893,0.0672,1.2221,1.5796,2.3777,0.0682,2.3095,2.3206,2.8614,0.0535,2.8079,2.6324,606.86,99.12,612.25,567.12,0.06,7.66,32.02,0.0,1,0.0,347.71,0.0,0.07
2026-07-28,Control,F. 100+,468,1.72,217.78,0.4653,5.98,7.7779,234.59,160.07,124.4,0.7771,0.307,0.1985,1.2868,712.35,450.19,262.17,39.0,673.36,675.53,4.2201,5.47,477,877,1667,57.8386,0.8077,58.51,23,40,77,135,23.72,3.85,0.21,0.1175,,,,,32.3654,0.5748,31.7906,32.5534,0.2034,468,0,457.78,196.89,6.93,39.0,11.76,268,16673,18.9765,0.25,18.7265,14.5534,0.0909,13.3889,0.3248,13.0641,18.0,0.1124,7.4017,0.0791,7.3226,5.7201,8.3141,0.0791,8.235,6.1325,3.2607,0.0919,3.1688,2.7009,2.7244,0.1026,2.6218,5.609,4.891,0.1239,4.7671,5.3483,5.7735,0.0983,5.6752,7.0427,1433.33,100.0,1433.33,1379.03,0.0,13.25,41.06,0.0,0,0.0,712.35,0.0,0.0
2026-07-28,Variant,A. 0,4670,17.3,162.19,0.0347,0.49,7.0517,15.68,8.39,5.59,0.6664,0.4499,0.2247,1.5007,31.41,31.31,0.11,3.58,27.84,24.34,2.9016,11.38,200,341,2469,49.5224,0.527,,,,,,0.0,0.0,0.0,0.594,4.54,4.54,2.91,1.46,1.4403,0.0452,1.3951,1.4544,0.1734,4670,0,7.49,18.48,1.68,3.58,0.18,,24795,0.6077,0.0186,0.5891,0.6966,0.0831,0.8325,0.0266,0.806,0.7578,0.0904,0.231,0.006,0.2251,0.2784,0.2227,0.0066,0.2161,0.2351,0.154,0.006,0.148,0.1831,0.1794,0.0075,0.1719,0.1681,0.3743,0.0118,0.3625,0.239,0.2788,0.0073,0.2715,0.3507,50.35,10.71,470.25,35.3,13.46,0.69,0.9,0.0,721,5.44,36.86,1.35,14.81
2026-07-28,Variant,B. 1-9,7877,29.19,105.73,0.0134,0.61,2.2027,19.12,10.02,4.9,0.4889,0.61,0.3484,2.0452,34.04,31.43,2.61,1.28,32.76,36.35,3.6281,3.77,200,283,977,49.4744,0.5999,3.94,2,3,5,8,75.42,33.82,5.27,0.5473,28.31,28.31,12.64,3.59,2.6852,0.0621,2.6231,2.2191,0.2215,7877,0,15.5,15.22,1.55,1.28,0.49,15,17118,1.6401,0.0514,1.5887,1.2688,0.1266,1.0451,0.0107,1.0344,0.9504,0.0949,0.7352,0.0176,0.7175,0.5657,0.6806,0.0146,0.666,0.4748,0.2243,0.0192,0.2052,0.2283,0.1303,0.0024,0.1278,0.1653,0.6298,0.0039,0.6259,0.4782,0.285,0.0043,0.2807,0.3068,46.92,61.18,76.69,33.78,10.26,2.11,0.76,0.0,1533,0.66,34.7,1.09,11.35
2026-07-28,Variant,C. 10-19,6158,22.82,320.84,0.0521,1.88,2.7659,43.0,22.97,13.85,0.6031,0.5174,0.306,1.6582,76.53,68.09,8.44,4.79,71.74,85.27,3.713,6.26,222,347,1022,51.5577,0.6812,9.7,4,9,13,19,66.45,28.11,3.43,0.3668,36.34,36.34,21.06,10.67,5.7826,0.0822,5.7004,5.1327,0.2235,6158,0,34.89,33.17,2.78,4.79,0.9,33,17968,3.2286,0.057,3.1716,2.7309,0.1189,2.5539,0.0252,2.5287,2.4018,0.1046,1.3688,0.0291,1.3397,1.1718,1.3019,0.0101,1.2918,1.0166,0.558,0.0179,0.5401,0.5425,0.3819,0.0049,0.3771,0.4513,1.3649,0.0109,1.354,1.1122,0.8071,0.0094,0.7977,0.8383,108.14,82.12,131.68,70.47,31.85,3.48,2.33,0.0,2050,1.83,78.36,3.87,35.72
2026-07-28,Variant,D. 20-39,4971,18.42,514.95,0.1036,2.45,4.2209,65.8,37.28,26.46,0.7098,0.407,0.254,1.4089,128.59,113.33,15.26,8.76,119.82,138.72,3.7214,6.81,257,420,1018,53.4842,0.7464,16.71,7,13,23,33,59.55,20.96,4.53,0.2991,37.34,37.34,21.67,11.55,8.8954,0.1452,8.7502,7.6399,0.2049,4971,0,60.78,53.85,3.05,8.76,2.15,63,15952,4.9167,0.0833,4.8334,3.8228,0.1025,3.9787,0.062,3.9167,3.8171,0.1024,1.8175,0.0292,1.7884,1.4715,1.9139,0.0231,1.8908,1.4359,1.1853,0.031,1.1543,0.9153,0.7047,0.0139,0.6908,0.7988,1.9121,0.0255,1.8865,1.6055,1.3619,0.0225,1.3394,1.4128,204.76,92.52,221.33,138.87,57.32,4.65,3.92,0.0,1997,2.42,131.0,6.69,64.01
2026-07-28,Variant,E. 40-99,2898,10.74,692.03,0.2388,3.76,6.3489,116.37,70.63,52.27,0.7401,0.3627,0.2306,1.3512,232.56,201.43,31.12,20.48,212.08,256.19,3.6273,8.81,302,509,1281,55.1871,0.7821,29.1,11,21,41,60,40.44,10.25,2.31,0.1932,41.03,41.03,24.29,15.73,14.6021,0.3282,14.274,12.8806,0.1824,2898,0,119.23,84.89,3.57,20.48,4.38,120,16301,7.8727,0.1822,7.6905,6.0669,0.0859,6.7295,0.146,6.5835,6.8137,0.0965,2.775,0.0611,2.7139,2.1998,2.8747,0.06,2.8147,2.2233,2.2229,0.0611,2.1618,1.6439,1.0932,0.0397,1.0535,1.3965,3.1598,0.0531,3.1066,2.8751,2.4765,0.0531,2.4234,2.5421,385.94,99.03,389.71,271.98,100.84,7.3,5.82,0.0,1488,3.1,235.65,9.77,110.61
2026-07-28,Variant,F. 100+,414,1.53,114.76,0.2772,6.28,4.4138,253.81,171.27,131.3,0.7666,0.3115,0.1969,1.3044,493.38,412.03,81.34,32.25,461.13,533.33,3.1139,6.54,400,703,1443,58.2731,0.7986,60.42,22,41,82,141,25.85,5.31,0.97,0.1039,65.46,65.46,51.93,44.44,29.7778,0.3961,29.3816,34.9203,0.2039,414,0,276.88,165.69,4.81,32.25,13.75,275,16217,16.3019,0.1449,16.157,12.2319,0.0714,13.4758,0.2512,13.2246,22.6884,0.1325,5.6739,0.0531,5.6208,4.3502,6.1546,0.0459,6.1087,4.5411,4.4734,0.0459,4.4275,3.3406,2.0966,0.0676,2.029,10.3333,5.9952,0.0918,5.9034,6.0338,5.3841,0.0918,5.2923,6.3213,1007.48,99.03,1017.31,704.54,282.73,13.33,6.88,0.0,229,13.4,506.78,29.88,312.61
2026-07-29,Control,A. 0,4972,18.43,427.24,0.0859,0.84,10.1724,17.97,9.59,6.24,0.6503,0.4578,0.215,1.5376,25.73,25.63,0.1,6.27,19.47,24.5,2.5532,24.35,199,390,2929,50.0925,0.5166,,,,,,0.0,0.0,0.0,0.5392,,,,,0.9829,0.0708,0.9121,1.077,0.1123,4972,0,10.86,6.01,2.38,6.27,0.22,,27283,0.4085,0.0284,0.3801,0.5535,0.0577,0.5744,0.0424,0.532,0.5235,0.0546,0.1364,0.0105,0.1259,0.2228,0.1593,0.0093,0.15,0.1935,0.1128,0.0086,0.1042,0.1372,0.0748,0.0097,0.0652,0.0939,0.2745,0.0191,0.2554,0.2104,0.2251,0.0137,0.2114,0.2192,70.96,11.06,641.49,69.33,0.0,0.46,1.18,0.0,1,0.0,25.73,0.0,0.0
2026-07-29,Control,B. 1-9,7931,29.39,124.35,0.0157,0.67,2.3462,19.28,10.42,4.95,0.4748,0.6231,0.3618,2.1063,37.73,29.58,8.14,1.75,35.98,37.52,3.6009,4.63,201,313,1127,49.802,0.6025,3.92,1,3,5,8,74.32,34.06,5.5,0.5224,,,,,1.9919,0.0488,1.9431,2.0149,0.1934,7931,0,25.96,7.51,1.94,1.75,0.56,15,18144,1.2027,0.0329,1.1698,1.1391,0.1093,0.7892,0.0159,0.7733,0.8758,0.0841,0.4279,0.0131,0.4148,0.4611,0.5682,0.0067,0.5615,0.4524,0.2067,0.0131,0.1935,0.2256,0.1286,0.003,0.1256,0.1647,0.3566,0.0076,0.349,0.3818,0.304,0.0053,0.2987,0.3293,43.97,44.58,98.62,40.93,0.0,1.52,1.51,0.0,0,0.0,37.73,0.0,0.0
2026-07-29,Control,C. 10-19,5969,22.12,349.46,0.0585,1.78,3.2968,39.91,22.29,13.54,0.6074,0.5121,0.3063,1.6464,79.18,54.5,24.68,4.81,74.37,82.05,3.6817,6.08,238,393,1165,51.8027,0.6894,9.21,4,8,13,18,64.28,25.77,2.7,0.3806,,,,,4.5264,0.0978,4.4285,4.3222,0.1939,5969,0,56.84,13.92,2.51,4.81,1.11,32,21057,2.9152,0.0623,2.8529,2.4671,0.1107,1.6112,0.0355,1.5756,1.8551,0.0832,1.1139,0.0209,1.093,0.9846,1.2955,0.0134,1.2821,0.9854,0.5058,0.028,0.4778,0.4971,0.2441,0.0069,0.2372,0.3386,0.745,0.0151,0.7299,0.7675,0.622,0.0136,0.6085,0.749,109.61,62.79,174.56,102.28,0.01,2.44,4.88,0.0,0,0.0,79.18,0.0,0.01
2026-07-29,Control,D. 20-39,4629,17.15,648.0,0.14,2.83,4.9466,57.74,34.35,24.48,0.7127,0.4019,0.2544,1.4032,142.42,93.75,48.66,11.68,130.74,153.24,4.4614,8.2,279,473,1164,53.2494,0.7785,16.1,7,13,22,32,57.68,19.44,3.78,0.3102,,,,,7.7038,0.1964,7.5075,6.9216,0.2015,4629,0,100.08,25.76,2.4,11.68,2.49,61,18055,4.8743,0.1231,4.7511,3.7691,0.1097,2.8296,0.0732,2.7563,3.1525,0.0918,1.7583,0.0363,1.722,1.4398,2.2,0.0389,2.1612,1.5509,0.916,0.048,0.868,0.7784,0.461,0.0199,0.4411,0.6369,1.2322,0.0264,1.2059,1.2426,1.1363,0.027,1.1093,1.2731,203.74,76.0,268.08,192.94,0.0,3.28,7.52,0.0,0,0.0,142.42,0.0,0.0
2026-07-29,Control,E. 40-99,3029,11.22,565.12,0.1866,3.53,5.2815,113.52,70.96,52.26,0.7364,0.3703,0.2359,1.358,266.36,158.66,107.7,20.24,246.12,311.08,4.3836,7.6,328,594,1420,55.2414,0.786,29.38,11,21,41,62,40.28,11.22,2.21,0.1737,,,,,14.689,0.6193,14.0697,13.4279,0.1892,3029,0,200.0,38.24,3.72,20.24,4.17,129,14226,9.0928,0.4338,8.659,7.0716,0.0997,5.5962,0.1855,5.4107,6.3562,0.0896,3.555,0.1113,3.4437,2.7696,3.8313,0.135,3.6963,2.8874,1.7065,0.1875,1.519,1.4147,0.9396,0.068,0.8716,1.3516,2.3133,0.0647,2.2486,2.3189,2.3433,0.0528,2.2905,2.6857,475.23,89.37,531.76,458.16,0.0,5.76,11.3,0.0,0,0.0,266.36,0.0,0.0
2026-07-29,Control,F. 100+,455,1.69,121.73,0.2675,5.71,4.6819,232.2,158.08,119.44,0.7556,0.3245,0.2044,1.3235,546.55,293.35,253.2,26.59,519.96,611.1,3.8657,4.87,416,717,1457,58.3162,0.8178,53.97,19,37,67,120,20.44,3.52,0.88,0.1011,,,,,31.0396,1.0484,29.9912,28.3275,0.1792,455,0,441.14,56.81,5.54,26.59,16.46,273,15903,19.2044,0.8374,18.367,15.0308,0.0951,11.8352,0.211,11.6242,13.2967,0.0841,7.2703,0.0901,7.1802,5.8659,8.0923,0.1429,7.9495,6.1978,3.8418,0.6044,3.2374,2.967,2.0813,0.0484,2.033,2.9956,4.6901,0.0879,4.6022,4.8681,5.0637,0.0747,4.989,5.433,1170.13,95.82,1221.12,1144.29,0.0,8.48,17.35,0.0,0,0.0,546.55,0.0,0.0
2026-07-29,Variant,A. 0,4903,18.27,305.57,0.0623,0.98,6.366,21.82,11.88,8.42,0.7085,0.4137,0.2192,1.4114,49.01,48.91,0.1,4.75,44.26,42.32,3.563,9.7,200,368,2280,49.785,0.4989,,,,,,0.0,0.0,0.0,0.555,8.32,8.32,5.04,2.71,2.9345,0.0518,2.8827,1.7675,0.1488,4903,0,8.49,33.09,2.49,4.75,0.19,,26129,0.7192,0.0196,0.6996,0.7812,0.0658,2.2154,0.0322,2.1832,0.9863,0.083,0.2692,0.008,0.2613,0.3078,0.2515,0.0061,0.2454,0.2735,0.1984,0.0055,0.1929,0.1999,0.5782,0.008,0.5703,0.2217,0.8476,0.0137,0.834,0.34,0.7895,0.0106,0.7789,0.4246,66.06,13.73,481.24,46.81,17.83,0.67,0.74,0.0,962,41.62,90.63,1.98,19.81
2026-07-29,Variant,B. 1-9,7688,28.64,98.99,0.0129,0.56,2.3021,19.48,10.29,4.97,0.4828,0.6146,0.3528,2.0713,32.07,29.16,2.91,1.09,30.98,32.29,3.1395,3.41,200,292,1012,49.4469,0.6046,3.93,1,3,5,8,75.29,33.17,5.75,0.5405,28.92,28.92,13.25,3.93,2.5592,0.0369,2.5222,2.1406,0.2081,7688,0,16.16,12.69,1.62,1.09,0.51,15,16638,1.4648,0.025,1.4398,1.1893,0.1156,1.0944,0.012,1.0825,0.9514,0.0925,0.6401,0.0104,0.6297,0.5294,0.6237,0.0057,0.618,0.4519,0.201,0.0088,0.1921,0.208,0.113,0.002,0.1111,0.1318,0.6579,0.004,0.6539,0.4939,0.3235,0.006,0.3175,0.3257,39.47,45.02,87.68,30.98,6.52,1.33,0.65,0.0,1603,0.77,32.85,0.79,7.31
2026-07-29,Variant,C. 10-19,5972,22.25,476.58,0.0798,2.39,3.3327,41.6,22.36,13.61,0.6089,0.5063,0.2938,1.6424,73.29,65.22,8.08,7.23,66.06,77.5,3.4663,9.87,222,359,1113,51.6897,0.6999,9.52,4,8,13,18,66.24,27.19,3.18,0.3948,34.76,34.76,20.11,9.21,5.3552,0.1256,5.2296,4.6934,0.2099,5972,0,34.25,27.98,2.63,7.23,1.2,33,18629,2.7649,0.0794,2.6855,2.4148,0.108,2.5903,0.0462,2.544,2.2786,0.1019,1.1077,0.0311,1.0765,1.0069,1.0812,0.0216,1.0596,0.8853,0.576,0.0266,0.5494,0.5226,0.4151,0.0117,0.4034,0.43,1.3523,0.0188,1.3336,1.0573,0.8228,0.0157,0.8071,0.7914,77.43,61.3,126.31,55.13,19.13,2.0,1.17,0.0,1951,1.37,74.66,2.53,21.66
2026-07-29,Variant,D. 20-39,4843,18.04,397.39,0.0821,2.13,3.8582,62.92,36.17,25.5,0.7049,0.4122,0.2578,1.4186,131.8,115.88,15.92,6.96,124.85,139.49,3.8567,5.28,249,399,1013,53.3962,0.7716,16.75,7,14,23,34,60.62,20.81,4.27,0.3079,37.04,37.04,20.48,10.39,8.6054,0.2059,8.3995,7.4859,0.207,4843,0,62.13,57.54,2.58,6.96,2.59,60,16787,4.4846,0.1493,4.3353,3.4908,0.0965,4.1208,0.0566,4.0642,3.995,0.1105,1.5897,0.0502,1.5395,1.3093,1.6727,0.0471,1.6256,1.2893,1.2222,0.052,1.1701,0.8922,0.61,0.0136,0.5963,0.9273,1.973,0.0227,1.9502,1.6273,1.5379,0.0202,1.5177,1.4404,150.64,76.61,196.64,110.37,35.44,2.92,1.91,0.0,1972,1.74,133.54,4.51,39.96
2026-07-29,Variant,E. 40-99,2999,11.17,891.95,0.2974,3.77,7.8934,114.71,70.88,52.51,0.7408,0.3622,0.2306,1.3499,296.95,265.98,30.97,28.51,268.44,278.29,3.926,9.6,322,526,1222,55.4129,0.7843,29.49,11,22,41,61,41.28,10.7,2.13,0.1774,42.78,42.78,26.74,15.97,14.5432,0.3491,14.1941,12.2621,0.173,2999,0,118.2,142.27,3.58,28.49,4.41,119,14467,7.4732,0.146,7.3271,5.7489,0.0811,7.07,0.2031,6.867,6.5132,0.0919,2.7066,0.0467,2.6599,2.107,2.7529,0.0497,2.7032,2.1,2.0137,0.0497,1.964,1.5418,1.0917,0.0584,1.0333,1.2361,3.089,0.0764,3.0127,2.6869,2.8893,0.0684,2.8209,2.5902,328.85,89.3,368.26,238.53,80.45,6.75,3.12,0.0,1539,6.71,303.66,8.98,89.43
2026-07-29,Variant,F. 100+,436,1.62,101.66,0.2332,5.05,4.6209,247.8,170.08,129.16,0.7594,0.3162,0.2008,1.3169,574.54,494.8,79.75,21.1,553.44,540.48,3.1778,3.67,382,706,1384,58.9602,0.8148,55.9,24,44,72,114,22.71,2.06,0.0,0.094,69.04,69.04,55.05,47.02,38.5138,0.3693,38.1445,30.3761,0.1786,436,0,276.58,260.16,4.22,21.1,12.48,203,19713,15.8073,0.117,15.6904,12.2844,0.0722,22.7064,0.2523,22.4541,18.0917,0.1064,5.2982,0.0367,5.2615,4.2317,5.9817,0.0367,5.945,4.5711,4.5275,0.0436,4.4839,3.4817,5.4794,0.0436,5.4358,7.2202,8.9771,0.1284,8.8486,5.0367,8.25,0.0803,8.1697,5.8349,884.78,96.33,918.48,626.07,238.7,12.94,7.08,0.0,254,312.2,886.74,21.91,260.61
2026-07-30,Control,A. 0,5190,19.66,448.7,0.0865,1.29,6.697,21.14,11.81,8.43,0.7139,0.4009,0.2014,1.4007,61.64,61.46,0.18,6.92,54.72,37.74,3.1954,11.22,200,454,3214,49.8882,0.4998,,,,,,0.0,0.0,0.0,0.5119,,,,,1.604,0.0603,1.5437,1.311,0.111,5190,0,12.89,39.25,2.35,6.92,0.23,,29208,0.4784,0.0208,0.4576,0.5048,0.0427,1.1256,0.0395,1.0861,0.8062,0.0683,0.1703,0.0079,0.1624,0.2,0.1775,0.0062,0.1713,0.1817,0.1306,0.0067,0.1239,0.1231,0.2495,0.0081,0.2414,0.1973,0.41,0.0206,0.3894,0.2651,0.4661,0.0108,0.4553,0.3437,136.7,17.57,777.94,109.16,0.0,0.92,26.62,0.0,0,0.0,61.64,0.0,0.0
2026-07-30,Control,B. 1-9,7640,28.94,64.7,0.0085,0.5,1.7026,17.9,9.57,4.76,0.4974,0.6086,0.3675,2.0105,37.15,29.35,7.8,1.0,36.15,37.63,3.9315,2.7,200,316,1239,49.7605,0.5961,3.8,1,3,5,8,73.64,31.69,5.42,0.5075,,,,,2.0107,0.0357,1.975,1.9501,0.2037,7640,0,26.05,7.87,1.83,1.0,0.39,15,17834,1.1263,0.0243,1.102,1.064,0.1112,0.8844,0.0114,0.873,0.8861,0.0926,0.4171,0.0153,0.4018,0.4338,0.5291,0.0039,0.5251,0.4255,0.1801,0.0051,0.175,0.2047,0.1153,0.0007,0.1147,0.1457,0.4359,0.0065,0.4293,0.4056,0.3332,0.0042,0.3291,0.3348,49.91,52.66,94.78,45.25,0.0,1.32,3.33,0.0,0,0.0,37.15,0.0,0.0
2026-07-30,Control,C. 10-19,5628,21.32,325.92,0.0579,1.58,3.662,36.22,20.18,13.1,0.649,0.4754,0.294,1.5408,92.15,67.42,24.73,4.8,87.35,85.32,4.2286,5.21,240,404,1187,51.8577,0.7084,9.5,4,8,13,18,64.02,27.91,3.23,0.3868,,,,,4.9684,0.1103,4.858,4.1811,0.2072,5628,0,56.8,26.64,2.61,4.8,1.3,36,20973,2.8797,0.0762,2.8035,2.202,0.1091,2.0887,0.0341,2.0545,1.979,0.0981,1.0739,0.0211,1.0528,0.8699,1.2752,0.0153,1.26,0.8772,0.5306,0.0398,0.4908,0.4549,0.3225,0.0073,0.3152,0.3779,0.9042,0.0158,0.8884,0.8303,0.8619,0.011,0.8509,0.7708,142.47,68.51,207.94,123.89,0.0,1.95,16.63,0.0,0,0.0,92.15,0.0,0.0
2026-07-30,Control,D. 20-39,4497,17.04,590.12,0.1312,2.56,5.1315,55.96,33.19,24.26,0.7311,0.3879,0.2548,1.3678,175.73,126.52,49.21,11.7,164.03,163.61,4.9295,6.66,281,467,1119,53.1917,0.7763,16.45,6,13,23,34,57.99,20.66,4.96,0.318,,,,,8.7392,0.366,8.3731,7.0925,0.2137,4497,0,101.12,58.02,2.48,11.7,2.41,61,17903,4.9242,0.2722,4.652,3.5239,0.1062,3.815,0.0938,3.7211,3.5686,0.1075,1.8303,0.0825,1.7478,1.3273,2.1256,0.0798,2.0458,1.447,0.9682,0.1099,0.8584,0.7496,0.6613,0.0247,0.6366,0.775,1.4928,0.0342,1.4585,1.3053,1.6609,0.0349,1.626,1.4883,276.47,83.37,331.63,237.68,0.03,3.73,35.03,0.0,1,0.0,175.73,0.0,0.03
2026-07-30,Control,E. 40-99,3018,11.43,456.9,0.1514,3.21,4.7103,109.86,68.45,52.18,0.7623,0.3487,0.2334,1.3118,365.34,257.14,108.2,16.29,349.05,336.86,4.9212,4.46,373,664,1615,55.4082,0.7809,30.22,11,22,42,64,41.95,12.26,2.49,0.1915,,,,,15.8032,0.6064,15.1968,12.7727,0.1866,3018,0,197.79,142.26,3.68,16.29,5.32,126,14637,8.8002,0.4622,8.338,6.1375,0.0897,7.003,0.1441,6.8588,6.6352,0.0969,3.4347,0.1325,3.3022,2.3824,3.721,0.1484,3.5726,2.5149,1.6445,0.1812,1.4632,1.2402,1.4264,0.0461,1.3804,1.4645,2.4254,0.059,2.3665,2.3486,3.1511,0.0391,3.112,2.8221,638.57,94.3,677.16,557.68,0.04,5.49,75.36,0.0,1,0.0,365.34,0.0,0.04
2026-07-30,Control,F. 100+,425,1.61,188.83,0.4443,5.65,7.8679,236.39,162.23,126.8,0.7816,0.3095,0.2045,1.2794,775.43,509.07,266.36,40.35,735.08,670.47,4.1329,5.2,532,897,1657,59.0346,0.8032,61.36,23,44,87,131,28.71,4.24,0.71,0.1224,,,,,32.6871,0.68,32.0071,27.8471,0.1717,425,0,438.39,278.56,5.74,40.35,12.38,237,17169,18.3294,0.2894,18.04,13.1153,0.0808,14.3576,0.3906,13.9671,14.7318,0.0908,7.2306,0.0824,7.1482,5.0753,7.8424,0.0894,7.7529,5.3788,3.2565,0.1176,3.1388,2.6612,3.3459,0.1012,3.2447,3.5529,5.0165,0.1835,4.8329,5.2988,5.9953,0.1059,5.8894,5.88,1554.07,97.18,1599.23,1404.95,0.0,7.25,141.87,0.0,0,0.0,775.43,0.0,0.0
2026-07-30,Variant,A. 0,5019,19.43,297.67,0.0593,1.22,4.8798,23.51,12.82,8.86,0.6913,0.4296,0.2186,1.4466,56.1,56.04,0.07,5.42,50.68,42.56,3.3209,9.66,200,399,2829,49.5673,0.4847,,,,,,0.0,0.0,0.0,0.5304,9.82,9.82,5.48,3.21,5.8344,0.0412,5.7932,1.8848,0.1471,5019,0,8.67,39.2,2.6,5.42,0.22,,25834,0.7703,0.0137,0.7565,0.7737,0.0604,5.0642,0.0275,5.0367,1.1112,0.0867,0.2781,0.0052,0.273,0.3005,0.268,0.0046,0.2634,0.2638,0.2241,0.004,0.2202,0.2094,1.5324,0.0058,1.5266,0.3054,1.8103,0.0112,1.7992,0.374,1.7215,0.0106,1.7109,0.4318,123.04,19.31,637.29,77.42,20.0,0.47,25.14,0.0,1083,135.55,191.65,1.52,21.52
2026-07-30,Variant,B. 1-9,7239,28.02,94.99,0.0131,0.58,2.2617,19.45,10.26,4.94,0.482,0.6168,0.3573,2.0748,30.81,27.95,2.87,1.11,29.7,32.91,3.2082,3.59,200,298,1171,49.787,0.6103,3.92,1,3,5,8,74.39,33.22,5.72,0.5267,31.94,31.94,14.39,4.43,2.4908,0.0333,2.4575,2.1412,0.2088,7239,0,16.15,11.31,1.75,1.11,0.5,16,16731,1.4531,0.0195,1.4336,1.1583,0.1129,1.0377,0.0138,1.0239,0.9829,0.0958,0.6523,0.0086,0.6437,0.5078,0.6005,0.0044,0.5961,0.4432,0.2003,0.0065,0.1938,0.2073,0.131,0.0019,0.129,0.1579,0.5794,0.0047,0.5747,0.4887,0.3274,0.0072,0.3202,0.3362,53.13,51.49,103.19,41.29,8.3,1.19,2.34,0.0,1540,0.67,31.48,0.99,9.29
2026-07-30,Variant,C. 10-19,5615,21.73,540.81,0.0963,2.01,4.7859,41.05,22.3,13.05,0.5853,0.5296,0.3128,1.7087,69.36,61.12,8.24,5.79,63.57,72.82,3.265,8.34,209,347,961,51.5593,0.6978,9.11,4,8,12,18,63.26,25.13,2.8,0.3751,38.47,38.47,22.28,10.2,5.0766,0.096,4.9806,4.5808,0.2054,5615,0,34.9,25.08,2.58,5.79,1.01,32,18174,2.8142,0.0492,2.7651,2.3825,0.1068,2.2623,0.0468,2.2155,2.1982,0.0986,1.1081,0.0201,1.088,0.9799,1.0725,0.0132,1.0593,0.8677,0.6337,0.0159,0.6178,0.535,0.3792,0.0089,0.3703,0.4139,1.1252,0.016,1.1092,1.0023,0.758,0.0219,0.7361,0.782,121.05,70.7,171.21,85.67,22.13,2.39,10.86,0.0,1856,1.03,70.39,3.01,25.14
2026-07-30,Variant,D. 20-39,4632,17.93,384.03,0.0829,2.37,3.4912,63.45,36.28,24.96,0.688,0.4284,0.2701,1.4535,127.31,111.86,15.46,9.3,118.01,130.17,3.588,7.31,239,405,1047,53.4111,0.7671,15.92,6,13,22,32,56.52,18.83,4.45,0.2971,39.03,39.03,21.76,11.31,7.9495,0.1725,7.777,7.2252,0.1992,4632,0,60.57,52.44,2.76,9.3,2.24,60,15549,4.3836,0.0991,4.2845,3.4907,0.0962,3.5658,0.0734,3.4924,3.7345,0.1029,1.5708,0.0289,1.5419,1.3001,1.6259,0.0289,1.5969,1.288,1.187,0.0412,1.1457,0.9026,0.4674,0.0194,0.448,0.7653,1.7705,0.0309,1.7396,1.5954,1.3279,0.0231,1.3048,1.3737,238.76,84.28,283.28,168.53,39.01,3.17,28.05,0.0,1955,1.56,128.88,4.94,43.95
2026-07-30,Variant,E. 40-99,2927,11.33,456.8,0.1561,3.21,4.8596,109.73,67.99,49.61,0.7296,0.3731,0.2391,1.3705,251.36,221.57,29.79,14.47,236.89,243.95,3.588,5.76,312,542,1232,55.5113,0.7827,27.2,10,19,38,58,37.17,9.43,1.95,0.1865,42.71,42.71,26.48,16.84,12.8678,0.1698,12.698,11.1613,0.1642,2927,0,110.94,118.27,3.34,14.47,4.34,116,15745,7.0061,0.0687,6.9375,5.494,0.0808,5.8616,0.1011,5.7605,5.6672,0.0834,2.4906,0.0236,2.467,2.0208,2.6522,0.0225,2.6297,2.0407,1.8633,0.0225,1.8408,1.4325,0.8275,0.0284,0.7991,1.0284,2.6795,0.0451,2.6344,2.3806,2.3546,0.0277,2.327,2.2583,529.72,94.57,560.15,361.09,94.06,5.28,69.3,0.0,1510,4.7,256.06,11.39,105.45
2026-07-30,Variant,F. 100+,403,1.56,128.5,0.3189,4.71,6.7632,244.62,164.58,121.47,0.738,0.3441,0.22,1.3549,581.78,507.86,73.92,30.02,551.76,539.45,3.2777,5.16,427,817,1660,58.4041,0.7778,48.44,19,32,62,112,17.12,2.73,0.5,0.1191,63.77,63.77,50.12,43.18,61.9553,0.5409,61.4144,29.402,0.1786,403,0,248.35,285.19,5.35,30.02,12.87,221,21175,14.0819,0.3499,13.732,12.335,0.0749,47.8734,0.1911,47.6824,17.067,0.1037,4.6352,0.1414,4.4938,4.1836,5.0596,0.0521,5.0074,4.4194,4.3871,0.1563,4.2308,3.732,13.8809,0.0471,13.8337,5.6526,17.2407,0.0868,17.1538,5.2382,16.7519,0.0571,16.6948,6.1762,1226.72,98.51,1245.26,868.92,211.44,9.38,136.99,0.0,247,1166.3,1748.08,23.66,235.1
2026-07-31,Control,A. 0,5020,19.36,614.18,0.1223,1.35,9.0321,23.48,12.78,9.01,0.7052,0.4134,0.2107,1.4181,62.96,62.78,0.18,9.14,53.81,40.71,3.1843,14.52,203,523,3722,49.9906,0.4878,,,,,,0.0,0.0,0.0,0.5159,,,,,2.7518,0.0815,2.6703,1.7239,0.1349,5020,0,14.22,36.47,2.85,9.14,0.27,,28926,1.4725,0.0329,1.4396,0.8335,0.0652,1.2793,0.0486,1.2307,0.8904,0.0697,0.5086,0.0114,0.4972,0.3131,0.5261,0.0096,0.5165,0.298,0.4378,0.012,0.4259,0.2223,0.2283,0.0122,0.2161,0.1914,0.641,0.0221,0.6189,0.3735,0.41,0.0143,0.3956,0.3255,135.44,29.82,454.18,120.83,0.0,10.29,4.31,0.0,0,0.0,62.96,0.0,0.0
2026-07-31,Control,B. 1-9,7507,28.95,179.84,0.024,0.83,2.9006,20.59,10.84,5.19,0.4789,0.6277,0.3765,2.0881,59.65,50.62,9.02,1.87,57.78,45.58,4.2054,3.14,202,343,1220,49.6002,0.5974,3.97,1,3,5,8,74.88,33.26,6.73,0.5216,,,,,3.3031,0.0512,3.2519,2.4911,0.2298,7507,0,28.58,26.62,2.02,1.87,0.55,16,18097,2.0721,0.0324,2.0397,1.4629,0.135,1.231,0.0188,1.2122,1.0282,0.0949,0.7689,0.0125,0.7564,0.5761,0.8236,0.0077,0.8159,0.558,0.4796,0.0121,0.4674,0.3288,0.1918,0.0044,0.1874,0.1705,0.5737,0.008,0.5657,0.4608,0.4654,0.0064,0.459,0.397,72.12,63.23,114.06,58.82,0.0,11.33,1.97,0.0,0,0.0,59.65,0.0,0.0
2026-07-31,Control,C. 10-19,5506,21.24,408.39,0.0742,2.02,3.6792,40.12,22.23,13.74,0.618,0.5068,0.3094,1.6182,118.84,91.75,27.08,5.62,113.22,98.57,4.4338,4.73,251,434,1217,51.8696,0.7081,9.78,4,9,13,19,66.53,27.59,3.8,0.3954,,,,,6.8483,0.1371,6.7112,5.0265,0.2261,5506,0,60.83,48.48,2.55,5.62,1.36,35,19621,4.4279,0.085,4.3429,2.8614,0.1287,2.4205,0.0521,2.3683,2.1651,0.0974,1.7105,0.0291,1.6814,1.1217,1.7911,0.0252,1.7659,1.1213,0.9263,0.0307,0.8956,0.6184,0.4206,0.0122,0.4085,0.4143,1.0776,0.0178,1.0598,0.8997,0.9223,0.0222,0.9001,0.8511,172.13,78.71,218.68,146.49,0.0,17.24,8.4,0.0,0,0.0,118.84,0.0,0.0
2026-07-31,Control,D. 20-39,4474,17.26,483.44,0.1081,2.62,4.132,60.31,35.12,25.02,0.7123,0.4111,0.2661,1.4039,189.72,139.09,50.63,9.56,180.17,166.67,4.7458,5.04,296,508,1194,53.2304,0.7696,16.42,7,13,23,33,58.25,19.76,4.56,0.3154,,,,,10.9902,0.2378,10.7523,7.7955,0.222,4474,0,102.5,72.89,2.41,9.56,2.37,64,17621,7.0103,0.1676,6.8426,4.2215,0.1202,3.9799,0.0702,3.9097,3.574,0.1018,2.681,0.0536,2.6274,1.6323,2.8283,0.051,2.7774,1.6701,1.5009,0.063,1.4379,0.9191,0.6942,0.0159,0.6784,0.715,1.7459,0.0308,1.715,1.4519,1.5398,0.0235,1.5163,1.407,300.07,89.34,335.88,262.64,0.0,22.97,14.46,0.0,0,0.0,189.72,0.0,0.0
2026-07-31,Control,E. 40-99,3001,11.57,563.7,0.1878,3.13,5.9968,113.88,70.4,52.07,0.7396,0.3679,0.2375,1.352,332.2,224.23,107.97,19.46,312.74,317.16,4.505,5.86,371,683,1634,55.6828,0.7877,29.16,11,21,41,62,40.72,10.83,2.37,0.1926,,,,,18.986,0.4302,18.5558,14.3192,0.2034,3001,0,196.77,107.13,3.48,19.46,5.36,122,14612,11.7471,0.2469,11.5002,7.4382,0.1057,7.2389,0.1833,7.0556,6.881,0.0977,4.6088,0.064,4.5448,2.8797,4.6581,0.088,4.5701,2.9657,2.4802,0.095,2.3852,1.5928,1.2982,0.0477,1.2506,1.5055,3.0417,0.0773,2.9643,2.6431,2.899,0.0583,2.8407,2.7324,626.4,96.9,646.44,573.66,0.0,30.09,22.65,0.0,1,0.0,332.2,0.0,0.0
2026-07-31,Control,F. 100+,419,1.62,85.21,0.2034,4.77,4.2605,241.49,167.0,131.3,0.7862,0.2996,0.2091,1.2719,689.0,417.61,271.38,24.22,664.77,635.56,3.8058,3.52,479,853,1704,59.3105,0.8121,56.79,22,41,73,131,22.67,3.58,0.48,0.1241,,,,,39.6921,0.4368,39.2554,31.1408,0.1865,419,0,466.89,177.43,5.05,24.22,15.4,250,15120,23.6611,0.1933,23.4678,16.0095,0.0959,16.031,0.2434,15.7876,15.1313,0.0906,9.1838,0.0597,9.1241,6.2673,9.7184,0.0597,9.6587,6.5036,4.7589,0.074,4.685,3.2387,3.1718,0.074,3.0979,3.284,6.5394,0.0955,6.4439,6.0167,6.3198,0.074,6.2458,5.8305,1515.23,98.33,1540.97,1440.93,0.0,36.18,38.11,0.0,0,0.0,689.0,0.0,0.0
2026-07-31,Variant,A. 0,5024,19.54,379.41,0.0755,1.19,6.3235,25.09,13.5,10.02,0.7419,0.3852,0.2097,1.3478,82.31,82.23,0.08,7.55,74.75,52.35,3.8764,9.18,200,462,2958,49.6263,0.4787,,,,,,0.0,0.0,0.0,0.5259,11.74,11.74,6.95,3.48,3.2717,0.1055,3.1662,2.0472,0.1516,5024,0,9.91,61.8,2.78,7.55,0.26,,26399,1.4266,0.0442,1.3824,0.924,0.0684,1.8451,0.0613,1.7838,1.1232,0.0832,0.5123,0.0155,0.4968,0.3432,0.5476,0.0143,0.5332,0.3441,0.3666,0.0143,0.3523,0.2367,0.4168,0.0153,0.4015,0.2379,0.7986,0.0245,0.7741,0.4122,0.6298,0.0215,0.6083,0.4731,127.26,26.55,479.29,109.88,1.41,8.7,7.27,0.0,1143,12.86,95.17,0.12,1.53
2026-07-31,Variant,B. 1-9,7264,28.25,110.62,0.0152,0.56,2.698,19.77,10.08,5.05,0.5015,0.6067,0.3608,1.9941,50.42,47.45,2.97,1.47,48.95,40.18,3.9871,2.91,200,321,1164,49.6862,0.6119,3.93,1,3,5,8,74.34,33.11,5.71,0.5322,37.27,37.27,17.17,4.96,3.467,0.0335,3.4335,2.5542,0.2534,7264,0,17.52,29.25,1.78,1.47,0.41,16,17559,2.2338,0.019,2.2148,1.5008,0.1489,1.2332,0.0145,1.2188,1.0534,0.1045,0.9093,0.0096,0.8996,0.625,0.8643,0.0034,0.8608,0.5588,0.4602,0.0059,0.4543,0.317,0.1601,0.0025,0.1576,0.1604,0.6736,0.0045,0.6691,0.5297,0.3995,0.0074,0.3921,0.3633,64.36,61.8,104.15,50.42,0.88,10.6,2.45,0.0,1490,0.09,50.51,0.11,1.0
2026-07-31,Variant,C. 10-19,5562,21.63,260.26,0.0468,1.91,2.4553,40.69,21.54,13.13,0.6094,0.514,0.3126,1.6411,103.76,95.39,8.37,4.26,99.5,87.09,4.0424,4.11,226,372,1047,51.6699,0.7037,9.38,4,8,13,18,64.02,26.2,3.47,0.3932,42.23,42.23,25.73,11.88,6.9998,0.0885,6.9114,5.1733,0.2401,5562,0,35.87,59.39,2.79,4.26,1.45,33,16954,4.3558,0.0556,4.3003,2.8594,0.1327,2.644,0.0329,2.6111,2.3139,0.1074,1.571,0.0241,1.5469,1.0818,1.7591,0.0111,1.7479,1.1025,1.0257,0.0203,1.0054,0.6751,0.4029,0.0059,0.397,0.4058,1.356,0.0156,1.3403,1.0831,0.8851,0.0113,0.8738,0.8251,142.49,79.38,179.51,111.57,1.94,17.55,11.43,0.0,1786,0.07,103.83,0.38,2.32
2026-07-31,Variant,D. 20-39,4583,17.82,502.62,0.1097,2.55,4.2959,61.26,34.49,24.72,0.7168,0.4078,0.2662,1.3952,179.29,163.81,15.48,9.18,170.11,151.54,4.3942,5.12,270,448,1149,53.541,0.7638,16.33,7,13,23,33,57.84,19.68,4.63,0.3092,41.89,41.89,23.85,12.44,10.0441,0.1348,9.9092,7.5654,0.2194,4583,0,59.95,105.06,2.72,9.18,2.38,62,16647,5.9031,0.0694,5.8337,3.753,0.1088,4.141,0.0655,4.0755,3.8123,0.1105,1.9284,0.0249,1.9036,1.3249,2.4552,0.0209,2.4342,1.4752,1.5195,0.0236,1.496,0.9529,0.6029,0.0148,0.588,0.7633,1.9376,0.0279,1.9097,1.6378,1.6005,0.0227,1.5778,1.4113,259.73,88.35,293.99,213.03,2.83,22.78,21.09,0.0,1846,0.14,179.43,0.25,3.08
2026-07-31,Variant,E. 40-99,2858,11.11,600.51,0.2101,3.71,5.6652,115.93,71.16,53.07,0.7458,0.3656,0.2406,1.3408,353.0,320.81,32.2,19.7,333.3,316.76,4.4513,5.58,361,620,1287,55.4375,0.7708,29.72,11,22,41,63,41.53,11.72,2.52,0.1865,47.27,47.27,28.24,17.14,15.2036,0.3055,14.8982,12.5322,0.1761,2858,0,116.4,207.91,3.73,19.7,5.26,129,14006,8.5399,0.1638,8.3761,5.9318,0.0834,6.6638,0.1417,6.522,6.6004,0.0928,2.8268,0.0462,2.7806,2.0325,3.4811,0.0504,3.4307,2.3383,2.232,0.0672,2.1648,1.5609,1.1291,0.0343,1.0948,1.2558,2.7862,0.0595,2.7267,2.6298,2.7484,0.0479,2.7005,2.7148,553.45,97.38,568.37,483.41,5.71,31.38,32.95,0.0,1439,2.37,355.38,0.69,6.4
2026-07-31,Variant,F. 100+,423,1.65,213.71,0.5052,6.38,7.9152,242.93,167.95,128.33,0.7641,0.3214,0.2126,1.3087,691.08,612.05,79.03,54.96,636.12,609.34,3.6281,7.95,518,925,1574,58.2427,0.7755,55.27,24,39,70,115,20.57,4.02,0.71,0.0969,69.98,69.98,52.96,43.97,29.1371,0.948,28.1891,24.8109,0.1477,423,0,263.53,360.52,4.87,54.96,7.19,252,15436,14.8109,0.4184,14.3924,10.8865,0.0648,14.3262,0.5296,13.7967,13.9243,0.0829,5.1395,0.1395,5.0,3.8038,5.7801,0.1395,5.6407,4.0638,3.8913,0.1395,3.7518,3.0189,3.0733,0.1489,2.9243,4.2009,5.6643,0.208,5.4563,4.7116,5.5887,0.1726,5.4161,5.0118,1260.23,99.29,1269.23,1175.13,8.09,37.78,39.23,0.0,237,81.11,772.19,0.84,8.94
2026-08-01,Control,A. 0,5208,20.13,607.26,0.1166,1.54,7.5907,22.44,12.54,8.94,0.7126,0.4041,0.2081,1.4032,62.93,62.77,0.15,10.5,52.42,43.73,3.4868,16.69,200,465,3187,49.9118,0.4665,,,,,,0.0,0.0,0.0,0.5048,,,,,1.9827,0.1181,1.8646,1.5513,0.1237,5208,0,14.93,34.57,2.62,10.5,0.31,,29185,0.7659,0.0495,0.7164,0.6601,0.0526,1.2168,0.0685,1.1482,0.8911,0.0711,0.2498,0.0177,0.2321,0.2465,0.2723,0.0154,0.2569,0.2243,0.2439,0.0165,0.2273,0.1893,0.2742,0.0179,0.2563,0.2195,0.5071,0.0288,0.4783,0.3449,0.4355,0.0219,0.4136,0.3268,130.72,23.02,567.78,118.89,0.0,3.61,8.22,0.0,0,0.0,62.93,0.0,0.0
2026-08-01,Control,B. 1-9,7390,28.57,150.37,0.0203,0.74,2.734,18.98,10.16,5.11,0.503,0.6074,0.3696,1.988,49.23,39.97,9.26,1.61,47.62,43.23,4.2547,3.27,201,353,1298,49.6483,0.6036,4.01,2,3,5,8,75.48,33.18,6.43,0.5221,,,,,2.7124,0.0353,2.6771,2.316,0.2279,7390,0,29.91,15.23,1.93,1.61,0.54,17,18031,1.6678,0.0207,1.6471,1.335,0.1314,1.0447,0.0146,1.03,0.9809,0.0965,0.6602,0.0085,0.6517,0.5425,0.6704,0.0045,0.6659,0.5009,0.3372,0.0077,0.3295,0.2916,0.1597,0.0028,0.1568,0.1689,0.4863,0.0061,0.4802,0.4401,0.3986,0.0057,0.393,0.372,71.84,65.02,110.48,63.11,0.0,6.05,2.67,0.0,0,0.0,49.23,0.0,0.0
2026-08-01,Control,C. 10-19,5431,21.0,312.25,0.0575,1.45,3.9525,37.55,20.87,13.29,0.6366,0.4892,0.3022,1.5709,99.99,74.19,25.8,4.63,95.36,93.69,4.4883,4.63,246,440,1293,51.917,0.7144,9.77,4,9,13,19,67.46,28.36,3.5,0.4066,,,,,5.8324,0.1053,5.7271,4.6485,0.2227,5431,0,59.74,31.62,2.54,4.63,1.46,34,20095,3.6091,0.0685,3.5406,2.6227,0.1256,2.2233,0.0368,2.1865,2.0258,0.097,1.4257,0.0263,1.3994,1.0499,1.5058,0.018,1.4878,1.0221,0.6776,0.0241,0.6535,0.5507,0.3533,0.007,0.3463,0.3532,0.967,0.0144,0.9527,0.87,0.903,0.0155,0.8875,0.8026,161.51,80.63,200.31,142.64,0.0,7.76,11.12,0.0,0,0.0,99.99,0.0,0.0
2026-08-01,Control,D. 20-39,4469,17.28,547.64,0.1225,3.07,3.9974,59.54,34.71,25.2,0.7261,0.3965,0.2611,1.3772,174.57,123.72,50.85,10.66,163.91,162.17,4.6728,6.11,292,515,1194,53.2889,0.7726,16.58,7,13,23,33,58.51,20.68,4.86,0.3162,,,,,9.4294,0.1707,9.2587,7.4321,0.2141,4469,0,103.39,55.83,2.39,10.66,2.3,63,16313,5.5549,0.0947,5.4603,3.8418,0.1107,3.8745,0.0761,3.7984,3.5903,0.1034,2.0864,0.0273,2.0591,1.4795,2.3086,0.0286,2.2799,1.5303,1.16,0.0387,1.1213,0.832,0.633,0.0206,0.6124,0.7286,1.5563,0.0291,1.5272,1.414,1.6852,0.0264,1.6588,1.4478,300.74,91.77,327.73,271.18,0.0,9.03,20.53,0.0,0,0.0,174.57,0.0,0.0
2026-08-01,Control,E. 40-99,2934,11.34,558.13,0.1902,3.48,5.4719,103.9,65.7,50.48,0.7683,0.341,0.2296,1.3016,327.11,222.91,104.2,15.76,311.35,299.64,4.5606,4.82,374,674,1620,55.9545,0.7933,29.19,11,22,41,63,40.59,11.25,1.94,0.1905,,,,,16.0637,0.227,15.8367,12.7941,0.1947,2934,0,194.78,108.76,3.34,15.76,4.47,114,14354,8.9659,0.092,8.8739,6.3776,0.0971,7.0978,0.135,6.9628,6.4165,0.0977,3.4775,0.0286,3.4489,2.4431,3.7151,0.0276,3.6875,2.5709,1.7733,0.0358,1.7376,1.3637,1.3736,0.0348,1.3388,1.3896,2.7164,0.0593,2.6571,2.411,3.0078,0.0409,2.9669,2.6159,606.89,97.85,620.2,561.94,0.0,10.81,34.14,0.0,0,0.0,327.11,0.0,0.0
2026-08-01,Control,F. 100+,436,1.69,121.72,0.2792,6.42,4.3471,215.12,149.61,117.72,0.7868,0.2961,0.1996,1.2709,690.02,443.4,246.62,36.81,653.21,677.75,4.5302,5.33,494,927,1742,59.0803,0.8074,52.55,20,37,68,112,20.41,3.67,0.92,0.1055,,,,,34.6147,1.6812,32.9335,30.75,0.2055,436,0,434.21,204.38,4.35,36.81,10.27,279,16243,19.9725,1.3486,18.6239,15.0917,0.1009,14.6422,0.3326,14.3096,15.6583,0.1047,7.4977,0.3509,7.1468,5.7385,8.4633,0.4679,7.9954,6.2431,4.0115,0.5298,3.4817,3.1101,3.2752,0.1101,3.1651,4.7064,5.3509,0.1147,5.2362,5.2982,6.0161,0.1078,5.9083,5.6537,1389.53,99.54,1395.94,1325.71,0.0,14.31,49.51,0.0,0,0.0,690.02,0.0,0.0
2026-08-01,Variant,A. 0,5299,20.69,377.68,0.0713,1.3,5.4736,22.84,12.57,8.93,0.7102,0.4073,0.2098,1.4081,54.47,54.38,0.09,6.88,47.59,47.44,3.7749,12.63,200,402,2522,49.6189,0.4669,,,,,,0.0,0.0,0.0,0.5097,10.93,10.93,6.25,3.15,1.705,0.07,1.635,1.732,0.1378,5299,0,10.52,34.21,2.63,6.88,0.23,,25863,0.802,0.026,0.776,0.8462,0.0673,0.903,0.044,0.859,0.8858,0.0705,0.3225,0.0098,0.3127,0.3344,0.2857,0.0075,0.2782,0.2972,0.1938,0.0087,0.1851,0.2146,0.1914,0.0091,0.1823,0.2059,0.4018,0.0177,0.384,0.3293,0.3099,0.0172,0.2927,0.3506,108.11,21.51,502.52,97.42,0.01,3.29,7.39,0.0,1225,0.0,54.47,0.0,0.01
2026-08-01,Variant,B. 1-9,7249,28.3,90.71,0.0125,0.51,2.4516,19.46,10.05,4.95,0.493,0.6101,0.3627,2.0286,36.34,33.45,2.89,1.04,35.3,37.48,3.7289,2.87,200,317,1171,49.8144,0.6226,3.88,1,3,5,8,73.89,31.92,5.81,0.5263,36.05,36.05,16.65,4.97,2.5615,0.0443,2.5172,2.3163,0.2304,7249,0,17.82,15.05,1.75,1.04,0.67,16,18229,1.7357,0.0286,1.7071,1.3603,0.1353,0.8258,0.0157,0.81,0.956,0.0951,0.7049,0.013,0.692,0.565,0.7002,0.0047,0.6955,0.5147,0.3305,0.0109,0.3196,0.2806,0.0963,0.0026,0.0937,0.1382,0.4297,0.008,0.4217,0.4712,0.2998,0.0051,0.2947,0.3465,57.65,64.05,90.01,48.85,0.09,5.82,2.89,0.0,1407,0.01,36.35,0.01,0.11
2026-08-01,Variant,C. 10-19,5309,20.73,347.99,0.0655,1.92,3.4117,37.76,20.63,12.63,0.6123,0.508,0.3095,1.6333,77.58,69.64,7.94,5.47,72.11,80.66,3.9101,7.05,222,360,1044,51.7129,0.7129,9.28,4,8,13,18,63.14,26.52,3.41,0.3882,40.42,40.42,23.94,11.41,4.8781,0.1226,4.7555,4.5558,0.2208,5309,0,34.97,33.49,2.41,5.47,1.24,35,17339,3.1626,0.0819,3.0806,2.567,0.1244,1.7156,0.0407,1.6749,1.9889,0.0964,1.1757,0.032,1.1437,1.0151,1.3163,0.019,1.2972,0.9678,0.6706,0.0309,0.6397,0.5841,0.2185,0.0102,0.2083,0.3439,0.8857,0.017,0.8687,0.9412,0.6114,0.0136,0.5979,0.7037,128.48,80.07,160.46,107.05,0.2,7.8,13.44,0.0,1704,0.02,77.6,0.03,0.23
2026-08-01,Variant,D. 20-39,4594,17.94,635.26,0.1383,2.55,5.4296,59.11,34.16,23.91,0.6999,0.421,0.2694,1.4287,135.78,120.7,15.08,10.12,125.66,140.15,4.1025,7.45,257,432,1072,53.5794,0.7653,15.62,6,12,22,32,55.25,19.0,4.07,0.2995,41.1,41.1,21.92,11.8,7.0993,0.1831,6.9162,6.7536,0.1977,4594,0,57.89,62.59,2.61,10.08,2.61,59,14780,4.3513,0.1117,4.2397,3.5509,0.1039,2.7479,0.0714,2.6765,3.2027,0.0937,1.5028,0.0357,1.4671,1.2821,1.7912,0.0324,1.7588,1.3846,1.0572,0.0435,1.0137,0.8842,0.3801,0.0176,0.3624,0.5866,1.3076,0.0318,1.2758,1.3964,1.0603,0.022,1.0383,1.2196,244.95,91.08,268.95,212.53,0.13,8.84,23.45,0.0,1815,0.01,135.79,0.03,0.16
2026-08-01,Variant,E. 40-99,2761,10.78,721.23,0.2612,3.73,7.0022,112.17,70.37,52.13,0.7408,0.3642,0.2378,1.35,265.05,234.48,30.57,22.93,242.12,270.17,3.8391,8.65,314,587,1270,55.7145,0.7823,28.56,11,20,39,62,38.57,11.01,2.46,0.1916,43.53,43.53,26.4,16.91,11.3966,0.2963,11.1003,10.8855,0.1547,2761,0,114.75,117.85,3.7,22.93,5.82,121,15968,6.402,0.1119,6.2901,5.243,0.0745,4.9946,0.1844,4.8102,5.6425,0.0802,2.2372,0.0362,2.201,1.8968,2.4886,0.0373,2.4513,1.9627,1.6762,0.0384,1.6378,1.3836,0.8004,0.0456,0.7548,1.0619,2.1528,0.0819,2.071,2.3108,2.0413,0.0569,1.9844,2.2698,520.15,98.41,528.57,474.39,0.1,10.53,35.12,0.0,1317,0.02,265.07,0.05,0.15
2026-08-01,Variant,F. 100+,402,1.57,135.1,0.3361,3.98,8.4437,233.37,160.03,121.78,0.761,0.3237,0.2184,1.3141,491.33,417.59,73.74,28.86,462.48,501.0,3.1307,5.87,436,746,1561,59.0857,0.8126,51.56,19,35,65,114,20.65,3.98,0.0,0.1095,63.93,63.93,49.75,42.54,21.1169,0.4303,20.6866,22.4677,0.1404,402,0,243.74,201.6,5.19,28.86,11.94,230,15261,11.0647,0.1343,10.9303,10.1144,0.0632,10.0522,0.296,9.7562,12.3532,0.0772,3.6791,0.0448,3.6343,3.4478,4.2612,0.0448,4.2164,3.7886,3.1244,0.0448,3.0796,2.8781,1.8532,0.0721,1.7811,4.0721,4.2512,0.1343,4.1169,4.3358,3.9478,0.0896,3.8582,3.9453,1170.02,99.0,1181.78,1116.79,0.19,12.39,40.66,0.0,207,0.0,491.33,0.12,0.31
2026-08-02,Control,A. 0,5197,19.92,470.23,0.0905,1.4,6.4415,23.8,13.12,8.83,0.6732,0.4411,0.219,1.4854,40.51,40.32,0.19,7.79,32.71,34.98,2.6658,19.24,200,487,3562,50.0072,0.4679,,,,,,0.0,0.0,0.0,0.5066,,,,,1.4959,0.0791,1.4168,1.463,0.1115,5197,0,16.05,13.65,2.76,7.79,0.25,,30300,0.6419,0.0346,0.6073,0.6704,0.0511,0.854,0.0444,0.8095,0.7926,0.0604,0.2115,0.0129,0.1986,0.2438,0.2349,0.0117,0.2232,0.2399,0.1955,0.01,0.1855,0.1866,0.1714,0.0104,0.1611,0.1714,0.4027,0.0196,0.3831,0.3421,0.2798,0.0144,0.2653,0.279,122.71,21.13,580.8,117.1,0.0,1.75,3.86,0.0,0,0.0,40.51,0.0,0.0
2026-08-02,Control,B. 1-9,7493,28.73,94.73,0.0126,0.52,2.429,20.21,10.87,5.1,0.4688,0.6355,0.3784,2.133,42.8,33.71,9.1,1.21,41.59,42.34,3.8933,2.84,203,346,1217,49.5729,0.6107,3.93,2,3,5,8,75.34,32.47,5.87,0.5324,,,,,2.3122,0.032,2.2801,2.2095,0.2032,7493,0,29.82,9.21,1.92,1.21,0.64,17,18208,1.4798,0.02,1.4598,1.258,0.1157,0.8324,0.012,0.8204,0.9516,0.0875,0.5751,0.0093,0.5657,0.5205,0.6273,0.0041,0.6231,0.482,0.2775,0.0065,0.2709,0.2554,0.1304,0.0028,0.1276,0.1612,0.3691,0.004,0.3651,0.4256,0.3328,0.0052,0.3276,0.3647,66.2,66.36,99.77,60.38,0.0,3.7,2.12,0.0,0,0.0,42.8,0.0,0.0
2026-08-02,Control,C. 10-19,5453,20.9,361.7,0.0663,1.8,3.6908,39.76,22.55,13.59,0.6028,0.5148,0.3082,1.659,89.23,62.83,26.4,5.88,83.35,87.39,3.8763,6.59,240,414,1273,51.9381,0.7108,9.76,4,9,13,18,67.45,28.97,3.63,0.4022,,,,,5.1584,0.0981,5.0603,4.5522,0.2019,5453,0,60.54,19.21,2.48,5.88,1.12,35,19037,3.3145,0.0627,3.2518,2.5978,0.1152,1.8439,0.0354,1.8085,1.9543,0.0867,1.2435,0.0198,1.2237,1.0237,1.4255,0.016,1.4095,1.0321,0.6455,0.027,0.6186,0.5421,0.2842,0.0061,0.2782,0.3431,0.7854,0.0158,0.7697,0.8177,0.7743,0.0136,0.7607,0.7935,153.62,81.04,189.56,140.37,0.0,4.81,8.44,0.0,0,0.0,89.23,0.0,0.0
2026-08-02,Control,D. 20-39,4498,17.24,504.95,0.1123,2.42,4.6326,61.32,36.42,25.77,0.7076,0.4111,0.264,1.4132,151.86,99.95,51.91,9.48,142.38,156.2,4.2887,6.24,278,490,1185,53.3701,0.7747,16.58,7,13,23,34,58.05,20.45,4.85,0.3086,,,,,8.8348,0.1287,8.7061,7.7257,0.2121,4498,0,104.65,32.95,2.57,9.47,2.21,66,16405,5.3975,0.06,5.3375,3.9762,0.1092,3.4373,0.0687,3.3686,3.7494,0.1029,2.004,0.0227,1.9813,1.4911,2.265,0.0167,2.2483,1.6016,1.1285,0.0207,1.1078,0.8835,0.5845,0.0189,0.5656,0.7706,1.4124,0.0269,1.3855,1.4589,1.4404,0.0229,1.4175,1.52,296.2,91.49,323.77,274.79,0.0,5.85,15.56,0.0,0,0.0,151.86,0.0,0.0
2026-08-02,Control,E. 40-99,2998,11.49,561.9,0.1874,3.47,5.4029,107.09,67.92,51.17,0.7534,0.3526,0.2328,1.3273,272.59,166.91,105.68,16.73,255.86,279.6,4.1166,6.14,340,666,1563,56.1239,0.7994,28.77,11,21,41,60,40.19,10.24,1.73,0.1975,,,,,15.3369,0.2252,15.1117,12.8746,0.1896,2998,0,195.6,53.26,3.21,16.73,3.79,116,14966,9.033,0.0801,8.953,6.5434,0.0963,6.3039,0.1451,6.1588,6.3312,0.0932,3.5841,0.0267,3.5574,2.557,3.6985,0.0247,3.6738,2.6141,1.7505,0.0287,1.7218,1.3722,1.2302,0.0334,1.1968,1.3809,2.557,0.0634,2.4937,2.441,2.5167,0.0484,2.4683,2.5093,592.64,98.57,601.26,563.33,0.0,8.07,21.23,0.0,1,0.0,272.59,0.0,0.0
2026-08-02,Control,F. 100+,446,1.71,116.82,0.2619,5.83,4.4931,231.33,166.46,123.01,0.739,0.326,0.2146,1.3532,582.0,327.98,254.02,29.37,552.63,554.71,3.3324,5.05,452,864,1595,58.0302,0.7952,47.7,20,33,62,110,16.37,1.79,0.22,0.13,,,,,33.4305,0.3879,33.0426,28.3767,0.1705,446,0,453.17,78.48,4.78,29.37,16.21,198,13618,19.8498,0.1345,19.7152,14.1749,0.0852,13.5807,0.2534,13.3274,14.2018,0.0853,7.6883,0.0426,7.6457,5.4372,8.4327,0.0426,8.3901,5.8498,3.7287,0.0493,3.6794,2.8879,2.6143,0.0605,2.5538,3.8274,5.4686,0.0964,5.3722,5.1413,5.4978,0.0964,5.4013,5.2332,1407.75,99.33,1417.28,1368.92,0.0,14.57,24.25,0.0,0,0.0,582.0,0.0,0.0
2026-08-02,Variant,A. 0,5308,20.52,429.65,0.0809,1.36,5.9674,23.8,13.02,9.02,0.6928,0.4257,0.2153,1.4435,51.94,51.84,0.1,7.46,44.48,43.49,3.3414,14.36,197,418,2623,49.5787,0.4635,,,,,,0.0,0.0,0.0,0.5062,10.85,10.85,6.61,3.52,1.519,0.0722,1.4469,1.731,0.133,5308,0,10.69,30.48,2.96,7.46,0.35,,27405,0.6592,0.0311,0.6281,0.8173,0.0628,0.8598,0.0411,0.8188,0.9137,0.0702,0.2728,0.0115,0.2613,0.3193,0.2255,0.0098,0.2157,0.2856,0.1609,0.0098,0.1511,0.2123,0.1974,0.0107,0.1867,0.2127,0.3781,0.0183,0.3598,0.3195,0.2843,0.0121,0.2722,0.3815,107.96,20.1,537.05,98.45,0.0,2.16,7.34,0.0,1291,0.0,51.94,0.0,0.0
2026-08-02,Variant,B. 1-9,7276,28.13,155.25,0.0213,0.88,2.4258,19.5,10.08,4.92,0.4879,0.6134,0.3666,2.0495,33.44,30.62,2.82,1.77,31.67,36.28,3.6,5.28,200,316,1109,49.6431,0.6191,3.86,1,3,5,8,73.67,31.68,5.59,0.5427,36.23,36.23,16.67,5.28,2.2349,0.0401,2.1947,2.0825,0.2066,7276,0,18.36,11.02,1.76,1.77,0.54,16,16290,1.4924,0.0231,1.4694,1.2001,0.1191,0.7424,0.017,0.7254,0.8824,0.0875,0.6282,0.0092,0.619,0.5084,0.6016,0.0047,0.5969,0.4549,0.2626,0.0092,0.2534,0.2368,0.0882,0.0027,0.0855,0.1282,0.3892,0.0076,0.3817,0.4289,0.265,0.0067,0.2582,0.3252,51.7,65.42,79.03,44.93,0.04,3.51,3.22,0.0,1443,0.01,33.45,0.01,0.05
2026-08-02,Variant,C. 10-19,5475,21.17,292.51,0.0534,1.84,2.8961,38.56,21.23,12.83,0.6044,0.513,0.3117,1.6544,72.7,64.42,8.29,4.77,67.94,75.87,3.5742,6.56,220,352,953,51.7877,0.7137,9.3,4,8,13,18,63.78,26.05,3.18,0.3974,40.73,40.73,23.36,11.34,4.3005,0.0953,4.2051,4.3467,0.2048,5475,0,36.15,28.24,2.54,4.77,1.01,34,17073,2.7578,0.0564,2.7014,2.4446,0.1152,1.5426,0.0389,1.5037,1.9021,0.0896,1.0743,0.0314,1.0429,0.9911,1.1264,0.0111,1.1153,0.9271,0.5571,0.0139,0.5432,0.5264,0.1825,0.0071,0.1753,0.3196,0.8011,0.0153,0.7858,0.8809,0.5591,0.0164,0.5426,0.7016,125.75,81.26,154.76,107.38,0.08,4.76,13.53,0.0,1716,0.01,72.72,0.02,0.1
2026-08-02,Variant,D. 20-39,4606,17.81,537.73,0.1167,2.74,4.2677,59.49,34.44,24.24,0.7037,0.4168,0.2644,1.4211,130.99,115.62,15.37,9.7,121.29,133.75,3.8835,7.41,245,415,1044,53.3807,0.7675,15.98,6,13,22,32,56.97,19.24,4.15,0.3079,40.1,40.1,21.75,11.55,6.6274,0.1539,6.4735,6.2716,0.1821,4606,0,60.61,55.59,2.94,9.67,2.18,59,15374,4.0226,0.0827,3.9399,3.2929,0.0956,2.6049,0.0712,2.5337,2.9787,0.0865,1.4427,0.0276,1.4151,1.2555,1.6042,0.0243,1.5799,1.239,0.9757,0.0308,0.9449,0.7983,0.3521,0.0185,0.3337,0.4967,1.2191,0.0306,1.1884,1.2968,1.0337,0.0221,1.0115,1.1852,243.62,91.77,265.46,213.46,0.05,5.77,24.34,0.0,1859,0.01,131.0,0.01,0.06
2026-08-02,Variant,E. 40-99,2765,10.69,713.6,0.2581,3.98,6.4873,110.73,70.27,52.1,0.7413,0.362,0.2371,1.3489,260.18,229.32,30.86,24.7,235.48,261.93,3.7273,9.49,306,536,1201,55.9071,0.7846,28.48,10,20,40,60,38.26,10.13,2.39,0.1986,43.91,43.91,27.2,16.64,11.013,0.3338,10.6792,10.634,0.1513,2765,0,116.3,110.14,3.59,24.7,5.45,124,14348,6.0629,0.1313,5.9316,5.2231,0.0743,4.9501,0.2025,4.7476,5.4108,0.077,2.1052,0.0438,2.0615,1.8861,2.3501,0.0416,2.3085,1.9606,1.6076,0.0459,1.5617,1.3765,0.8199,0.0564,0.7635,1.0485,2.1732,0.0828,2.0904,2.2593,1.957,0.0633,1.8937,2.1031,514.63,98.52,522.38,471.61,0.01,8.08,34.93,0.0,1316,0.04,260.22,0.0,0.01
2026-08-02,Variant,F. 100+,435,1.68,164.13,0.3773,5.52,6.8387,237.32,167.74,125.26,0.7468,0.3172,0.2071,1.3391,514.78,439.53,75.25,40.69,474.09,506.32,3.0184,7.9,414,799,1493,58.9751,0.7915,51.08,19,35,67,112,22.07,3.22,0.69,0.1011,65.52,65.52,51.03,46.67,22.7402,0.6322,22.108,22.5195,0.1343,435,0,261.0,189.07,4.95,40.69,19.07,228,14656,12.0322,0.2138,11.8184,10.1356,0.0604,10.708,0.4184,10.2897,12.3839,0.0738,4.0713,0.0667,4.0046,3.4207,4.646,0.0805,4.5655,3.7747,3.3149,0.0667,3.2483,2.9402,1.8943,0.0966,1.7977,3.2897,4.5218,0.2161,4.3057,4.8759,4.292,0.1057,4.1862,4.2184,1175.16,98.85,1188.83,1120.16,0.0,12.83,42.17,0.0,238,0.0,514.78,0.0,0.0
2026-08-03,Control,A. 0,4023,15.92,4.47,0.0011,0.05,2.235,4.63,1.8,0.17,0.0954,0.9203,0.5839,10.4768,25.82,25.71,0.11,0.05,25.77,3.02,1.6807,0.19,200,541,3590,49.7525,0.581,,,,,,0.0,0.0,0.0,0.5819,,,,,1.1402,0.006,1.1342,0.301,0.1675,4023,0,10.93,13.75,1.0,0.05,0.09,,27585,0.4681,0.0022,0.4658,0.18,0.1002,0.6721,0.0037,0.6684,0.1211,0.0674,0.166,0.0,0.166,0.0701,0.1703,0.0022,0.168,0.0708,0.1317,0.0,0.1317,0.039,0.1534,0.0,0.1534,0.0214,0.2769,0.0015,0.2754,0.0497,0.2419,0.0022,0.2396,0.05,6.73,5.92,113.81,4.48,0.0,1.24,1.01,0.0,0,0.0,25.82,0.0,0.0
2026-08-03,Control,B. 1-9,7220,28.56,85.33,0.0118,0.61,1.9393,22.23,11.53,5.3,0.4596,0.6492,0.3975,2.1757,62.37,52.85,9.52,1.11,61.26,49.47,4.2903,1.78,207,372,1354,49.4903,0.5874,4.05,2,3,5,9,75.66,33.77,6.69,0.4673,,,,,3.4039,0.0298,3.3741,2.5615,0.2222,7220,0,29.74,28.72,2.18,1.11,0.62,16,19348,1.8393,0.015,1.8244,1.3953,0.121,1.5645,0.0148,1.5497,1.1662,0.1011,0.6662,0.0089,0.6573,0.5439,0.778,0.0022,0.7758,0.5548,0.3952,0.0039,0.3913,0.2965,0.4114,0.0024,0.409,0.2647,0.6044,0.005,0.5994,0.4756,0.5488,0.0075,0.5413,0.4259,65.92,71.02,92.81,61.64,0.0,2.9,1.38,0.0,1,0.0,62.37,0.0,0.0
2026-08-03,Control,C. 10-19,5697,22.54,258.28,0.0453,1.67,2.7187,42.67,23.27,14.21,0.6106,0.5186,0.3203,1.6378,119.41,92.19,27.22,3.88,115.53,102.92,4.4223,3.25,247,435,1306,51.7991,0.6718,9.92,4,9,14,19,67.11,28.47,4.3,0.3439,,,,,7.0239,0.0837,6.9401,5.135,0.2206,5697,0,61.5,50.02,2.86,3.88,1.15,36,19969,3.9201,0.0563,3.8638,2.6044,0.1119,3.1037,0.0274,3.0764,2.5306,0.1087,1.3727,0.0228,1.3498,0.9521,1.7372,0.0102,1.727,1.0734,0.8103,0.0233,0.7869,0.5789,0.7072,0.0049,0.7023,0.5652,1.1882,0.0128,1.1754,0.9993,1.2084,0.0097,1.1987,0.9661,164.18,85.62,191.74,156.37,0.0,3.49,4.32,0.0,0,0.0,119.41,0.0,0.0
2026-08-03,Control,D. 20-39,4766,18.86,876.32,0.1839,2.85,6.4435,68.77,39.11,28.5,0.7286,0.4036,0.2693,1.3725,210.57,155.86,54.71,13.68,196.89,187.6,4.7965,6.5,301,535,1269,53.6526,0.7247,17.51,7,14,25,36,61.27,24.05,4.78,0.2721,,,,,11.282,0.1878,11.0942,8.2906,0.212,4766,0,110.92,80.59,3.27,13.68,2.11,59,20192,6.1865,0.1114,6.0751,4.043,0.1034,5.0955,0.0764,5.0191,4.2476,0.1086,2.1395,0.0344,2.1051,1.4559,2.7763,0.0332,2.7432,1.6916,1.2707,0.0439,1.2268,0.8955,1.0632,0.0201,1.043,0.9276,1.9419,0.0313,1.9106,1.637,2.0904,0.025,2.0655,1.683,335.33,93.92,357.06,321.85,0.05,4.73,8.7,0.0,0,0.0,210.57,0.0,0.05
2026-08-03,Control,E. 40-99,3139,12.42,766.26,0.2441,3.73,6.5492,117.83,73.34,56.26,0.7671,0.3498,0.2367,1.3035,379.55,268.8,110.75,20.18,359.37,337.26,4.5986,5.32,384,709,1734,55.7463,0.746,30.08,12,23,41,62,42.56,11.02,2.55,0.1637,,,,,18.3364,0.3488,17.9876,14.1574,0.193,3139,0,202.79,147.93,4.13,20.18,4.52,124,16417,10.0532,0.1634,9.8898,6.8289,0.0931,8.2832,0.1854,8.0978,7.3284,0.0999,3.7502,0.0577,3.6926,2.5642,4.3746,0.05,4.3246,2.8554,1.9283,0.0558,1.8726,1.4094,1.8993,0.0443,1.855,1.7888,3.0182,0.0768,2.9414,2.7334,3.3657,0.0644,3.3014,2.8063,661.98,98.82,669.87,640.98,0.0,5.92,15.08,0.0,0,0.0,379.55,0.0,0.0
2026-08-03,Control,F. 100+,432,1.71,195.03,0.4515,6.71,6.7252,236.48,168.01,129.91,0.7732,0.301,0.2038,1.2933,795.03,523.9,271.13,45.72,749.32,730.09,4.3455,5.75,505,1030,1794,58.5025,0.7986,60.14,21,40,82,134,25.23,5.32,0.93,0.1065,,,,,36.8009,0.5324,36.2685,28.9907,0.1726,432,0,454.26,274.16,4.66,45.72,16.24,247,13640,20.8218,0.2083,20.6134,14.2176,0.0846,15.9792,0.3241,15.6551,14.7731,0.0879,8.1227,0.0741,8.0486,5.5231,8.8287,0.0671,8.7616,5.9861,3.8704,0.0671,3.8032,2.7083,3.9815,0.0972,3.8843,3.7731,5.8704,0.1343,5.7361,5.4259,6.1273,0.0926,6.0347,5.5741,1492.71,98.61,1513.73,1465.53,0.0,10.83,16.34,0.0,0,0.0,795.03,0.0,0.0
2026-08-03,Variant,A. 0,3940,15.64,25.93,0.0066,0.03,25.93,4.53,1.83,0.1,0.0524,0.9586,0.6849,19.0686,21.01,20.87,0.13,1.02,19.99,2.36,1.2868,4.83,199,398,2930,49.3675,0.5646,,,,,,0.0,0.0,0.0,0.5919,0.28,0.28,0.13,0.03,1.0376,0.0244,1.0132,0.3236,0.1764,3940,0,6.94,12.13,0.79,1.02,0.13,,26663,0.4525,0.0129,0.4396,0.2081,0.1135,0.585,0.0114,0.5736,0.1155,0.063,0.1439,0.0053,0.1386,0.0774,0.198,0.0038,0.1942,0.0858,0.1107,0.0038,0.1069,0.0449,0.1495,0.003,0.1464,0.0183,0.2404,0.003,0.2373,0.0556,0.1952,0.0053,0.1898,0.0416,5.9,7.92,74.5,1.72,0.22,0.99,2.97,0.0,642,0.01,21.01,0.03,0.24
2026-08-03,Variant,B. 1-9,7159,28.42,110.18,0.0154,0.73,2.1188,22.29,11.44,5.48,0.479,0.6283,0.3781,2.0879,56.13,52.97,3.16,1.31,54.82,45.28,3.9587,2.34,200,320,1219,49.7402,0.6032,4.19,2,3,6,9,76.42,35.97,7.08,0.4907,36.82,36.82,18.12,5.87,4.099,0.025,4.074,2.7895,0.2439,7159,0,17.73,34.68,1.99,1.31,0.42,17,17983,2.5276,0.0138,2.5138,1.5783,0.138,1.5714,0.0112,1.5603,1.2112,0.1059,1.2464,0.0073,1.2391,0.7279,0.9297,0.0018,0.9279,0.5684,0.3514,0.0047,0.3467,0.282,0.3343,0.0022,0.332,0.2478,0.7898,0.0049,0.7849,0.5719,0.4474,0.0041,0.4434,0.3915,73.3,69.65,105.24,58.76,9.02,2.74,2.78,0.0,1755,0.96,57.09,0.75,9.77
2026-08-03,Variant,C. 10-19,5828,23.13,429.17,0.0736,2.26,3.2513,44.47,23.76,14.24,0.5994,0.5267,0.3219,1.6684,115.57,106.9,8.67,6.25,109.32,95.13,4.0029,5.41,226,370,1072,51.4953,0.6663,9.85,5,8,13,19,67.88,28.77,3.69,0.333,42.57,42.57,25.82,11.94,8.1232,0.1021,8.0211,5.5643,0.2341,5828,0,37.28,67.97,2.7,6.25,1.36,35,18870,4.6265,0.0587,4.5678,2.9679,0.1249,3.4967,0.0434,3.4533,2.5964,0.1093,2.0153,0.0201,1.9952,1.2603,1.8856,0.017,1.8686,1.1366,0.7256,0.0216,0.704,0.571,0.6146,0.0091,0.6055,0.5304,1.8706,0.0177,1.853,1.2371,1.0115,0.0166,0.9949,0.8289,194.23,85.11,228.22,148.54,31.39,3.35,10.95,0.0,2092,2.23,117.8,2.95,34.34
2026-08-03,Variant,D. 20-39,4851,19.26,514.61,0.1061,2.74,3.8692,70.46,39.74,27.92,0.7025,0.43,0.2801,1.4234,191.96,175.94,16.02,10.52,181.44,173.35,4.3624,5.48,272,463,1130,53.3101,0.7201,17.17,8,14,24,35,61.43,22.02,4.64,0.2711,45.31,45.31,24.57,13.23,12.3869,0.256,12.1309,8.6718,0.2182,4851,0,64.33,111.63,3.32,10.52,2.15,60,17456,6.6885,0.188,6.5005,4.1255,0.1038,5.6984,0.068,5.6304,4.5463,0.1144,2.7153,0.0598,2.6555,1.63,2.6778,0.0623,2.6155,1.5964,1.2954,0.066,1.2294,0.8992,1.054,0.0144,1.0396,1.0254,2.8518,0.028,2.8237,2.0037,1.7926,0.0256,1.7671,1.5172,376.97,94.04,400.85,284.4,64.3,4.28,23.99,0.0,2205,3.61,195.57,5.89,70.18
2026-08-03,Variant,E. 40-99,3004,11.92,551.21,0.1835,3.7,4.9659,127.53,77.68,57.72,0.7431,0.373,0.2469,1.3457,345.89,315.32,30.57,16.38,329.51,307.91,3.964,4.74,342,612,1346,55.4744,0.7125,28.91,12,22,40,60,41.05,10.15,1.9,0.1674,47.74,47.74,28.7,16.48,19.5306,0.1864,19.3442,14.1901,0.1827,3004,0,119.52,201.1,4.35,16.38,4.54,110,17080,9.8535,0.0709,9.7826,6.5819,0.0847,9.6771,0.1155,9.5616,7.6082,0.0979,3.6568,0.023,3.6338,2.4527,3.8439,0.024,3.8199,2.4744,2.3529,0.024,2.3289,1.6548,2.0336,0.0286,2.005,1.7763,4.4304,0.0449,4.3855,3.1871,3.213,0.0419,3.1711,2.6448,760.37,98.97,768.3,579.77,125.96,6.02,48.63,0.0,1557,5.56,351.46,11.94,137.89
2026-08-03,Variant,F. 100+,411,1.63,73.96,0.18,5.11,3.5219,241.36,172.62,125.95,0.7296,0.3085,0.216,1.3705,622.81,545.62,77.19,19.71,603.1,552.92,3.2032,3.16,442,853,1610,58.8911,0.7808,52.14,20,36,64,115,20.19,4.38,0.49,0.0779,67.64,67.64,47.2,40.88,33.708,0.2433,33.4647,26.1873,0.1517,411,0,246.63,334.98,5.51,19.71,15.99,240,8756,16.4672,0.073,16.3942,12.0024,0.0695,17.2409,0.1703,17.0706,14.1849,0.0822,5.7226,0.0243,5.6983,4.129,5.9805,0.0243,5.9562,4.399,4.764,0.0243,4.7397,3.4745,3.7567,0.0365,3.7202,3.6107,7.4355,0.0852,7.3504,5.6667,6.0487,0.0487,6.0,4.9075,1563.54,98.78,1582.8,1215.25,248.81,8.95,90.52,0.0,249,11.85,634.66,28.81,277.63
2026-08-04,Control,A. 0,4448,17.26,236.49,0.0532,0.63,8.4461,14.77,8.13,5.45,0.6695,0.4334,0.2118,1.4937,43.87,43.72,0.15,4.44,39.43,25.8,3.1716,10.12,201,488,3126,49.5645,0.5305,,,,,,0.0,0.0,0.0,0.5461,,,,,1.2273,0.0434,1.1839,0.942,0.1158,4448,0,10.87,26.44,1.86,4.44,0.25,,28285,0.3849,0.0142,0.3707,0.4161,0.0512,0.8424,0.0292,0.8132,0.5259,0.0646,0.1284,0.0056,0.1228,0.1556,0.1405,0.0043,0.1362,0.1589,0.116,0.0043,0.1117,0.1016,0.2046,0.0056,0.199,0.1394,0.3568,0.0169,0.3399,0.1999,0.281,0.0067,0.2743,0.1866,81.64,9.22,885.7,77.53,0.0,0.72,3.39,0.0,0,0.0,43.87,0.0,0.0
2026-08-04,Control,B. 1-9,7342,28.49,127.53,0.0174,0.84,2.0569,20.07,10.53,5.25,0.499,0.6152,0.3806,2.0039,47.67,38.01,9.66,1.5,46.17,43.18,4.1009,3.14,203,362,1307,49.4898,0.593,4.12,1,3,6,9,75.25,33.91,7.56,0.4749,,,,,2.6046,0.0249,2.5797,2.3569,0.2239,7342,0,28.68,14.73,2.17,1.5,0.6,18,19949,1.4451,0.0155,1.4296,1.2378,0.1176,1.1595,0.0094,1.1501,1.119,0.1063,0.5132,0.0075,0.5057,0.4797,0.6715,0.0018,0.6697,0.5054,0.2604,0.0063,0.2542,0.2527,0.2192,0.0014,0.2178,0.2359,0.5124,0.0054,0.5069,0.4767,0.4279,0.0026,0.4254,0.4064,58.59,57.14,102.55,55.0,0.0,1.73,1.86,0.0,1,0.0,47.67,0.0,0.01
2026-08-04,Control,C. 10-19,5732,22.24,386.27,0.0674,1.74,3.8627,38.54,21.28,13.82,0.6495,0.4812,0.3036,1.5397,101.68,75.12,26.56,5.91,95.77,94.65,4.4474,5.81,242,441,1318,52.0397,0.6843,9.76,4,9,13,19,66.24,28.21,3.94,0.3543,,,,,5.4438,0.1106,5.3332,4.6771,0.2198,5732,0,58.26,33.53,2.77,5.91,1.22,36,19545,2.9857,0.0602,2.9255,2.3594,0.1109,2.4581,0.0504,2.4077,2.3177,0.1089,1.0522,0.0187,1.0335,0.8852,1.3943,0.0171,1.3772,0.9698,0.5393,0.0244,0.5148,0.5044,0.4206,0.0131,0.4075,0.4536,1.1001,0.0208,1.0794,0.9484,0.9374,0.0166,0.9208,0.9157,148.59,70.69,210.2,138.35,0.0,2.41,7.84,0.0,0,0.0,101.68,0.0,0.0
2026-08-04,Control,D. 20-39,4836,18.77,552.92,0.1143,2.3,4.9813,60.52,35.91,26.39,0.7349,0.3917,0.2575,1.3607,178.75,128.02,50.74,9.35,169.41,161.11,4.4872,5.23,292,514,1267,53.5945,0.747,16.27,7,13,23,33,57.75,20.33,4.4,0.2713,,,,,8.6445,0.147,8.4975,7.3145,0.2037,4836,0,100.54,63.71,2.77,9.35,2.39,60,19276,4.7479,0.0763,4.6716,3.6001,0.1003,3.8966,0.0707,3.8259,3.7144,0.1034,1.7829,0.0261,1.7568,1.3832,2.1015,0.023,2.0786,1.47,0.8635,0.0273,0.8362,0.7469,0.7008,0.019,0.6818,0.7514,1.5693,0.0289,1.5403,1.458,1.6266,0.0227,1.6038,1.505,293.94,82.15,357.79,275.2,0.0,3.04,15.7,0.0,1,0.0,178.75,0.0,0.0
2026-08-04,Control,E. 40-99,3013,11.69,680.34,0.2258,3.55,6.3583,107.6,67.95,52.02,0.7657,0.3484,0.2346,1.3061,354.88,247.41,107.47,20.32,334.56,324.78,4.7798,5.73,380,730,1788,56.0482,0.7876,29.78,11,22,41,63,40.82,11.78,2.49,0.1772,,,,,15.4514,0.3316,15.1198,12.916,0.1901,3013,0,194.95,131.43,3.67,20.28,4.55,126,16489,8.6017,0.1663,8.4354,6.2526,0.092,6.8497,0.1653,6.6844,6.6635,0.0981,3.4985,0.0528,3.4457,2.455,3.6392,0.0528,3.5865,2.5785,1.464,0.0607,1.4033,1.2191,1.4378,0.0468,1.391,1.5629,2.5546,0.0627,2.4919,2.3983,2.8573,0.0558,2.8015,2.7023,618.58,92.23,670.66,583.82,0.0,5.81,28.95,0.0,0,0.0,354.88,0.0,0.0
2026-08-04,Control,F. 100+,400,1.55,176.97,0.4424,6.0,7.3738,234.52,156.64,125.4,0.8006,0.2954,0.208,1.2491,752.74,487.5,265.24,34.88,717.86,660.38,4.216,4.63,518,1025,2046,58.8355,0.8201,59.36,21,40,89,128,28.5,4.75,0.25,0.125,,,,,33.0925,0.4575,32.635,28.9775,0.185,400,0,434.58,265.13,6.33,34.88,11.84,232,11443,18.1975,0.18,18.0175,12.5625,0.0802,14.895,0.2775,14.6175,16.415,0.1048,7.0175,0.0475,6.97,4.7925,7.7325,0.0625,7.67,5.245,3.4475,0.07,3.3775,2.525,3.6225,0.055,3.5675,5.7075,5.6425,0.1,5.5425,5.325,5.63,0.1225,5.5075,5.3825,1593.01,99.25,1605.05,1538.5,0.0,9.15,45.36,0.0,0,0.0,752.74,0.0,0.0
2026-08-04,Variant,A. 0,4372,17.1,190.14,0.0435,0.85,5.1389,18.26,10.0,6.76,0.6766,0.4355,0.2131,1.4781,34.46,34.34,0.12,3.75,30.71,26.86,2.6868,10.88,197,410,2866,49.7256,0.5178,,,,,,0.0,0.0,0.0,0.5368,5.83,5.83,3.48,1.72,1.5156,0.0325,1.4831,1.5814,0.1582,4372,0,7.93,20.5,2.15,3.75,0.13,,25950,0.7081,0.0117,0.6965,0.8131,0.0813,0.8074,0.0208,0.7866,0.7683,0.0768,0.2781,0.0043,0.2738,0.3136,0.2489,0.0037,0.2452,0.2724,0.1812,0.0037,0.1775,0.2271,0.145,0.0037,0.1414,0.1704,0.3708,0.0082,0.3625,0.2441,0.2916,0.0089,0.2827,0.3538,101.26,11.67,868.03,84.54,15.16,0.56,1.0,0.0,853,2.32,36.78,1.64,16.79
2026-08-04,Variant,B. 1-9,7244,28.33,92.89,0.0128,0.77,1.6587,21.24,11.04,5.19,0.4699,0.6328,0.3831,2.1279,39.56,36.53,3.02,1.3,38.25,39.4,3.5697,3.3,200,324,1185,49.6962,0.6101,4.03,2,3,5,8,75.52,34.0,6.31,0.4949,34.88,34.88,16.36,5.04,3.1691,0.0338,3.1353,2.586,0.2343,7244,0,17.32,18.63,1.88,1.3,0.42,16,17945,1.8879,0.0199,1.868,1.3991,0.1268,1.2812,0.0139,1.2673,1.1869,0.1075,0.8769,0.0109,0.866,0.6367,0.7626,0.0018,0.7608,0.5228,0.2485,0.0072,0.2413,0.2396,0.1679,0.0029,0.165,0.202,0.7387,0.0043,0.7344,0.593,0.3747,0.0068,0.3679,0.3919,62.71,55.76,112.48,51.5,8.98,1.5,0.74,0.0,1763,0.83,40.38,0.98,9.96
2026-08-04,Variant,C. 10-19,5784,22.62,360.99,0.0624,1.9,3.2817,43.16,23.35,13.83,0.5925,0.5289,0.3198,1.6878,81.16,72.7,8.46,5.54,75.62,80.68,3.4552,6.83,220,375,1091,51.8384,0.6863,9.52,4,8,13,18,66.32,26.82,3.6,0.3537,41.72,41.72,23.37,11.77,6.098,0.0915,6.0066,5.0742,0.2173,5784,0,34.44,37.12,2.65,5.54,1.41,33,19024,3.3662,0.0482,3.3179,2.5586,0.1096,2.7318,0.0432,2.6886,2.5156,0.1077,1.3696,0.0187,1.351,1.0448,1.3907,0.0114,1.3793,0.9969,0.6058,0.0182,0.5877,0.5169,0.4142,0.0105,0.4037,0.5111,1.4633,0.0182,1.4452,1.1855,0.8543,0.0145,0.8397,0.819,158.99,72.75,218.54,128.26,26.28,2.33,2.11,0.0,2121,2.02,83.18,3.09,29.37
2026-08-04,Variant,D. 20-39,4877,19.08,469.76,0.0963,2.46,3.9147,68.28,38.52,26.43,0.6862,0.4395,0.2803,1.4573,128.58,113.33,15.26,8.63,119.95,142.65,3.7033,6.71,246,416,1058,53.3131,0.7367,15.94,7,12,22,33,56.12,19.11,4.51,0.2666,43.1,43.1,23.48,11.95,8.8671,0.1665,8.7006,7.6061,0.1975,4877,0,57.98,57.07,3.17,8.63,1.73,60,14580,4.7909,0.1015,4.6894,3.7675,0.0978,4.0763,0.065,4.0113,3.8386,0.0997,1.7088,0.0306,1.6783,1.3957,1.8561,0.0355,1.8206,1.4191,1.226,0.0355,1.1905,0.9526,0.758,0.0137,0.7443,0.7769,1.9321,0.0262,1.9059,1.7101,1.3861,0.025,1.3611,1.3517,297.19,83.43,356.2,241.92,48.2,3.02,4.04,0.0,2185,2.38,130.96,5.32,53.53
2026-08-04,Variant,E. 40-99,2896,11.33,510.28,0.1762,3.69,4.769,117.37,72.98,52.06,0.7133,0.3903,0.2489,1.4019,231.11,200.66,30.45,17.83,213.27,244.85,3.3549,7.72,304,540,1226,55.8959,0.7743,26.55,10,19,38,55,35.84,8.25,1.35,0.1747,43.02,43.02,25.55,15.61,14.2113,0.2994,13.9119,12.5791,0.1724,2896,0,112.93,92.36,3.63,17.83,4.34,105,13673,7.586,0.1989,7.3871,5.9865,0.082,6.6253,0.1005,6.5249,6.5925,0.0903,2.6613,0.058,2.6032,2.1713,2.7293,0.0673,2.6619,2.1903,2.1954,0.0735,2.1219,1.625,1.0946,0.0262,1.0684,1.4824,3.1032,0.0418,3.0615,2.7756,2.4275,0.0325,2.395,2.3346,583.39,93.37,624.82,488.48,84.14,5.83,4.94,0.0,1465,2.99,234.1,7.48,91.62
2026-08-04,Variant,F. 100+,393,1.54,169.44,0.4311,6.62,6.5169,232.03,159.07,120.43,0.7571,0.325,0.2183,1.3208,462.07,388.29,73.78,45.93,416.14,466.41,2.9322,9.94,415,750,1372,58.7888,0.8,45.75,19,32,57,106,17.3,1.78,0.0,0.1196,61.32,61.32,45.29,36.64,27.1425,0.5751,26.5674,23.1934,0.1458,393,0,242.9,159.63,5.28,45.93,8.33,203,14486,14.8422,0.2061,14.6361,10.883,0.0684,12.3003,0.369,11.9313,12.3104,0.0774,5.0916,0.0687,5.0229,3.8346,5.5674,0.0687,5.4987,3.9847,4.1832,0.0687,4.1145,3.0636,1.8575,0.084,1.7735,2.5573,5.4784,0.1425,5.3359,5.2366,4.9644,0.1425,4.8219,4.5165,1447.79,97.2,1489.48,1198.42,231.9,10.99,6.47,0.0,245,12.54,474.6,29.07,260.97
2026-08-05,Control,A. 0,4757,18.46,363.72,0.0765,0.99,7.7387,21.03,11.83,7.93,0.6706,0.4321,0.2035,1.4911,34.6,34.43,0.17,5.63,28.97,28.52,2.4106,16.28,199,476,3701,49.9941,0.5051,,,,,,0.0,0.0,0.0,0.4927,,,,,1.2645,0.0338,1.2306,1.157,0.0978,4757,0,12.4,13.77,2.57,5.63,0.22,,28766,0.4696,0.0107,0.4589,0.5104,0.0431,0.7948,0.0231,0.7717,0.6466,0.0547,0.1535,0.0036,0.1499,0.1854,0.1629,0.0042,0.1587,0.1865,0.1532,0.0029,0.1503,0.1385,0.1467,0.0038,0.1429,0.136,0.4099,0.0128,0.3971,0.2924,0.2382,0.0065,0.2317,0.2182,135.5,14.04,964.9,132.25,0.0,0.85,2.4,0.0,0,0.0,34.6,0.0,0.0
2026-08-05,Control,B. 1-9,7358,28.56,90.6,0.0123,0.71,1.7423,21.6,11.38,5.14,0.4516,0.6519,0.39,2.2145,40.86,31.45,9.4,1.38,39.48,39.99,3.5154,3.38,202,352,1371,49.5658,0.5994,3.98,1,3,5,8,74.97,33.3,6.25,0.4768,,,,,2.1657,0.0262,2.1394,2.2452,0.1974,7358,0,28.36,8.51,2.12,1.38,0.5,16,20424,1.242,0.0155,1.2266,1.2363,0.1087,0.9236,0.0107,0.9129,1.0088,0.0887,0.439,0.0087,0.4303,0.4931,0.5905,0.0014,0.5892,0.5057,0.2126,0.0054,0.2071,0.2376,0.1548,0.0011,0.1537,0.1858,0.4115,0.0046,0.4069,0.4412,0.3573,0.005,0.3523,0.3819,63.48,50.54,125.6,60.57,0.0,1.19,1.73,0.0,0,0.0,40.86,0.0,0.0
2026-08-05,Control,C. 10-19,5580,21.66,222.26,0.0398,1.83,2.179,40.64,22.78,13.68,0.6008,0.5163,0.3046,1.6646,83.54,57.02,26.52,3.69,79.85,85.83,3.7685,4.42,235,414,1259,51.771,0.6908,9.47,4,8,13,18,65.61,27.56,2.99,0.3561,,,,,4.6376,0.091,4.5466,4.4208,0.1941,5580,0,58.49,17.64,2.66,3.69,1.07,32,20474,2.8106,0.064,2.7466,2.3165,0.1017,1.8271,0.0271,1.8,2.1043,0.0924,1.0326,0.0237,1.009,0.9007,1.2781,0.0172,1.2609,0.947,0.4998,0.0231,0.4767,0.4688,0.3007,0.0054,0.2953,0.395,0.814,0.0111,0.8029,0.8713,0.7124,0.0106,0.7018,0.838,156.23,67.19,232.54,148.81,0.01,1.71,5.71,0.0,1,0.0,83.55,0.0,0.01
2026-08-05,Control,D. 20-39,4672,18.13,542.72,0.1162,2.4,4.8457,59.35,35.27,24.97,0.7079,0.4144,0.2672,1.4125,145.95,95.46,50.49,10.02,135.94,153.26,4.3451,6.86,282,530,1279,53.6432,0.7742,16.41,7,13,23,33,58.93,20.36,4.28,0.2892,,,,,7.875,0.1706,7.7044,7.0,0.1985,4672,0,101.04,30.38,2.55,10.02,1.97,58,16136,4.7748,0.0931,4.6817,3.5901,0.1018,3.1002,0.0775,3.0227,3.4099,0.0967,1.8645,0.0304,1.8341,1.4107,2.0454,0.0278,2.0176,1.4488,0.8649,0.0349,0.8301,0.7305,0.5413,0.0216,0.5197,0.6751,1.3029,0.0289,1.274,1.3273,1.256,0.027,1.229,1.4075,298.99,80.5,371.41,284.71,0.02,3.4,10.86,0.0,1,0.01,145.96,0.0,0.02
2026-08-05,Control,E. 40-99,2991,11.61,622.65,0.2082,3.38,6.1649,112.24,71.44,52.83,0.7395,0.3677,0.2393,1.3523,275.65,166.08,109.57,18.14,257.51,288.82,4.0428,6.58,345,680,1707,56.0417,0.7908,29.2,11,21,41,64,39.69,11.77,2.54,0.1628,,,,,14.8047,0.2514,14.5533,12.8506,0.1799,2991,0,195.86,54.18,3.31,18.14,4.16,120,16672,8.777,0.1123,8.6647,6.6526,0.0931,6.0277,0.1391,5.8887,6.1979,0.0868,3.4848,0.0381,3.4467,2.6262,3.6677,0.0331,3.6346,2.7041,1.6245,0.0411,1.5834,1.3223,1.1638,0.0401,1.1237,1.3437,2.5186,0.0525,2.4661,2.4527,2.3454,0.0465,2.2989,2.4015,697.35,92.11,757.09,676.02,0.04,5.78,15.5,0.0,0,0.0,275.65,0.0,0.04
2026-08-05,Control,F. 100+,406,1.58,116.54,0.287,5.17,5.5495,243.86,166.84,129.52,0.7763,0.3058,0.2033,1.2881,619.53,347.74,271.79,30.67,588.86,600.62,3.6,4.95,460,1051,2103,59.4445,0.8409,59.07,21,41,80,127,25.12,5.42,0.74,0.0911,,,,,33.7734,0.3522,33.4212,33.5542,0.2011,406,0,459.37,108.24,6.34,30.67,14.91,244,11650,19.9261,0.1552,19.7709,14.6921,0.0881,13.8473,0.197,13.6502,18.8621,0.1131,7.8128,0.0493,7.7635,5.6773,8.4507,0.0567,8.3941,5.968,3.6626,0.0493,3.6133,3.0468,2.867,0.0493,2.8177,7.5197,5.6897,0.0813,5.6084,5.5049,5.2906,0.0665,5.2241,5.8374,1758.59,96.55,1821.4,1727.56,0.0,10.69,20.34,0.0,0,0.0,619.53,0.0,0.0
2026-08-05,Variant,A. 0,4678,18.29,367.16,0.0785,1.13,6.9275,23.22,12.47,8.7,0.6976,0.4266,0.223,1.4335,52.25,52.16,0.09,5.94,46.3,41.13,3.297,11.37,198,394,2588,49.6769,0.4891,,,,,,0.0,0.0,0.0,0.4917,9.53,9.53,5.28,2.33,2.6248,0.0703,2.5545,1.7255,0.1383,4678,0,8.58,34.89,2.53,5.94,0.3,,25571,0.7567,0.0301,0.7266,0.7828,0.0628,1.8681,0.0402,1.8279,0.9427,0.0756,0.285,0.0103,0.2747,0.2986,0.2452,0.0096,0.2356,0.2636,0.2266,0.0103,0.2163,0.2206,0.444,0.012,0.432,0.2084,0.7486,0.0154,0.7332,0.3375,0.6755,0.0128,0.6627,0.3968,142.56,15.52,918.61,120.41,20.69,0.52,0.94,0.0,1079,45.13,97.38,2.41,23.1
2026-08-05,Variant,B. 1-9,7206,28.18,141.11,0.0196,0.78,2.5198,21.09,10.94,5.1,0.4659,0.6338,0.3789,2.1464,34.49,31.49,3.0,1.52,32.97,35.36,3.2309,4.42,200,322,1158,49.8935,0.6119,3.97,1,3,5,8,74.95,33.46,6.23,0.4881,33.28,33.28,15.53,4.69,2.8425,0.0358,2.8067,2.4185,0.221,7206,0,16.79,13.72,1.82,1.52,0.64,16,17776,1.5895,0.0183,1.5712,1.3131,0.12,1.253,0.0175,1.2355,1.1055,0.101,0.7301,0.0067,0.7234,0.5824,0.6381,0.0042,0.6339,0.4915,0.2213,0.0075,0.2138,0.2391,0.1282,0.0042,0.1241,0.169,0.7459,0.0058,0.7401,0.573,0.3789,0.0075,0.3714,0.3634,60.97,49.26,123.76,50.37,9.03,1.12,0.45,0.0,1693,0.9,35.39,1.16,10.19
2026-08-05,Variant,C. 10-19,5706,22.32,570.85,0.1,1.96,5.0969,42.64,23.11,13.69,0.5922,0.5309,0.3197,1.6886,82.25,73.78,8.48,11.9,70.35,76.1,3.2924,14.47,213,374,1166,52.0224,0.6896,9.34,4,8,13,18,65.0,26.29,3.26,0.3382,42.43,42.43,24.1,11.13,5.7986,0.2093,5.5894,4.9306,0.2133,5706,0,34.05,32.25,2.76,11.9,1.3,34,19772,2.9418,0.1067,2.8351,2.4928,0.1079,2.8568,0.1025,2.7543,2.4378,0.1055,1.1265,0.0365,1.0901,0.9848,1.188,0.0312,1.1569,0.9618,0.6272,0.0391,0.5882,0.5463,0.4585,0.0303,0.4281,0.438,1.4921,0.0387,1.4534,1.1782,0.9062,0.0335,0.8728,0.8216,162.88,68.23,238.74,135.44,24.74,1.59,1.11,0.0,2075,1.44,83.69,3.02,27.76
2026-08-05,Variant,D. 20-39,4679,18.3,461.96,0.0987,2.52,3.9149,62.28,35.59,25.13,0.7062,0.4166,0.2682,1.4161,135.49,120.14,15.34,8.79,126.69,137.34,3.859,6.49,250,430,968,53.6435,0.7598,16.22,7,13,23,33,57.34,20.05,4.45,0.2763,41.5,41.5,22.87,11.31,8.5027,0.153,8.3496,7.2334,0.2032,4679,0,58.26,63.48,2.78,8.79,2.17,59,14037,4.3112,0.0859,4.2253,3.4238,0.0962,4.1915,0.0671,4.1244,3.8096,0.107,1.5221,0.0312,1.4909,1.2723,1.5912,0.0267,1.5644,1.2462,1.1979,0.028,1.1699,0.9053,0.6191,0.0137,0.6055,0.7901,2.0229,0.0267,1.9962,1.6491,1.5495,0.0267,1.5228,1.3704,291.66,80.25,363.43,245.36,41.48,2.89,1.93,0.0,2042,1.81,137.3,5.22,46.7
2026-08-05,Variant,E. 40-99,2882,11.27,396.32,0.1375,3.33,4.1283,114.79,71.14,51.3,0.7211,0.3856,0.2496,1.3867,280.93,249.53,31.4,14.0,266.93,283.52,3.9854,4.98,326,543,1259,55.6519,0.7602,27.23,10,20,39,59,36.81,9.72,1.94,0.1676,43.58,43.58,25.85,15.54,14.1492,0.5722,13.577,11.8914,0.1672,2882,0,113.37,145.69,3.42,14.0,4.46,114,14304,7.4594,0.4705,6.9889,5.4133,0.0761,6.6898,0.1017,6.5881,6.4781,0.0911,2.7224,0.1346,2.5878,1.9854,2.7099,0.1669,2.543,1.9681,2.0271,0.169,1.8581,1.4598,1.0291,0.0239,1.0052,1.2425,2.9251,0.042,2.8831,2.6437,2.7356,0.0357,2.6999,2.592,661.64,91.36,724.21,565.84,87.7,5.32,2.78,0.0,1475,2.71,283.65,10.39,98.09
2026-08-05,Variant,F. 100+,419,1.64,169.8,0.4053,4.3,9.4333,231.47,159.96,120.28,0.7519,0.3309,0.2188,1.3299,574.56,500.58,73.99,36.63,537.93,539.26,3.3712,6.38,437,798,1473,58.7834,0.7802,47.95,19,35,63,103,17.42,2.63,0.0,0.0788,65.63,65.63,48.93,39.62,30.4511,0.3031,30.148,29.2768,0.183,419,0,243.47,277.61,5.39,36.63,11.45,215,8030,14.1933,0.1074,14.0859,11.3365,0.0709,16.2578,0.1957,16.0621,17.9403,0.1122,4.6969,0.0334,4.6635,3.9308,5.2745,0.0334,5.2411,4.1527,4.222,0.0406,4.1814,3.253,3.5585,0.0549,3.5036,5.2005,6.4654,0.0811,6.3842,5.1074,6.2339,0.0597,6.1742,7.6325,1604.94,96.42,1664.53,1322.28,269.75,8.11,4.8,0.0,248,243.63,818.19,46.94,316.69
2026-08-06,Control,A. 0,5068,19.49,550.63,0.1086,1.38,7.8661,21.5,11.84,8.12,0.6856,0.4264,0.2132,1.4585,53.53,53.35,0.18,10.0,43.52,37.05,3.1277,18.69,199,516,3419,49.6583,0.478,,,,,,0.0,0.0,0.0,0.4736,,,,,1.3662,0.1202,1.2461,1.1886,0.1004,5068,0,13.54,26.41,3.3,10.0,0.28,,28717,0.3812,0.0474,0.3339,0.4546,0.0384,0.985,0.0728,0.9122,0.734,0.062,0.1245,0.017,0.1075,0.1652,0.1381,0.0158,0.1223,0.1657,0.1186,0.0146,0.104,0.1237,0.2119,0.0191,0.1928,0.1825,0.3968,0.0304,0.3664,0.2766,0.3763,0.0233,0.353,0.2749,146.84,17.46,840.87,139.57,0.0,0.97,6.3,0.0,0,0.0,53.53,0.0,0.0
2026-08-06,Control,B. 1-9,7304,28.09,125.52,0.0172,0.73,2.3683,19.05,10.03,5.0,0.4989,0.612,0.3749,2.0044,40.55,31.35,9.19,1.47,39.07,40.53,4.0429,3.63,202,365,1350,49.6141,0.6045,3.97,1,3,5,8,74.4,33.01,6.26,0.4899,,,,,2.2084,0.0427,2.1657,2.0913,0.2086,7304,0,28.91,7.76,1.97,1.47,0.43,16,19090,1.2212,0.0267,1.1946,1.1043,0.1101,0.9871,0.016,0.9711,0.987,0.0984,0.445,0.0104,0.4346,0.4284,0.5642,0.0042,0.56,0.4502,0.2121,0.012,0.2,0.2258,0.1251,0.0025,0.1227,0.1684,0.4921,0.0082,0.4838,0.4528,0.3699,0.0053,0.3646,0.3658,65.31,62.36,104.72,61.65,0.01,1.45,2.2,0.0,0,0.0,40.55,0.0,0.01
2026-08-06,Control,C. 10-19,5575,21.44,301.94,0.0542,1.83,2.9602,36.42,20.45,13.12,0.6416,0.4842,0.3004,1.5585,90.95,65.12,25.83,4.35,86.6,88.39,4.3226,4.78,238,431,1349,52.1052,0.7078,9.39,4,8,13,18,65.87,26.19,2.8,0.363,,,,,4.8556,0.1309,4.7247,4.2943,0.21,5575,0,57.93,24.86,2.67,4.33,1.15,33,18084,2.7557,0.0936,2.6621,2.2771,0.1114,2.0999,0.0373,2.0626,2.0172,0.0987,1.03,0.0305,0.9995,0.8786,1.2366,0.0283,1.2083,0.9295,0.4891,0.0348,0.4543,0.4691,0.2827,0.0079,0.2748,0.3503,0.9598,0.0163,0.9435,0.8741,0.8574,0.0131,0.8443,0.7928,175.02,77.61,225.5,162.95,0.02,2.08,9.97,0.0,2,0.0,90.95,0.0,0.03
2026-08-06,Control,D. 20-39,4631,17.81,628.41,0.1357,2.55,5.3255,57.12,33.78,24.48,0.7248,0.4032,0.2648,1.3797,170.04,120.13,49.91,11.7,158.35,158.81,4.7014,6.88,280,507,1315,53.7505,0.7751,16.21,7,13,23,33,57.05,19.84,3.95,0.2913,,,,,7.927,0.2082,7.7189,6.948,0.2057,4631,0,100.24,53.1,2.7,11.7,2.3,61,18585,4.496,0.127,4.369,3.5226,0.1043,3.431,0.0812,3.3498,3.4254,0.1014,1.7225,0.0421,1.6804,1.3997,1.9616,0.0382,1.9233,1.4217,0.8119,0.0466,0.7653,0.7011,0.5599,0.0199,0.5401,0.6774,1.3995,0.0307,1.3688,1.3213,1.4716,0.0307,1.4409,1.4267,338.67,89.16,379.85,317.51,0.02,3.7,17.45,0.0,1,0.0,170.04,0.0,0.02
2026-08-06,Control,E. 40-99,2997,11.53,725.43,0.2421,3.5,6.9089,109.79,69.32,52.7,0.7603,0.3556,0.2418,1.3153,342.93,233.52,109.41,20.05,322.88,328.95,4.745,5.85,374,705,1701,56.1322,0.7896,29.1,11,22,41,62,40.57,11.21,1.67,0.1815,,,,,14.9309,0.4855,14.4454,13.1989,0.1904,2997,0,196.79,117.84,3.94,20.05,4.31,110,15853,8.3013,0.3023,7.999,6.6006,0.0952,6.6296,0.1832,6.4464,6.5983,0.0952,3.2609,0.0894,3.1715,2.5729,3.5062,0.1034,3.4027,2.7087,1.5342,0.1094,1.4248,1.319,1.3851,0.0454,1.3397,1.5205,2.5199,0.0794,2.4404,2.4902,2.7247,0.0584,2.6663,2.5876,761.5,97.13,784.0,724.25,0.0,5.89,31.37,0.0,0,0.0,342.93,0.0,0.0
2026-08-06,Control,F. 100+,428,1.65,214.02,0.5,5.84,8.5608,235.95,164.57,128.31,0.7797,0.3092,0.2157,1.2826,722.57,452.96,269.61,45.68,676.89,689.37,4.189,6.32,528,1005,2001,58.7973,0.8166,51.5,21,37,70,117,21.26,1.87,0.23,0.0841,,,,,32.521,0.4813,32.0397,29.7196,0.1806,428,0,465.05,191.25,5.33,45.68,15.27,192,12080,18.6822,0.1612,18.521,13.8528,0.0842,13.8388,0.3201,13.5187,15.8668,0.0964,7.3435,0.0491,7.2944,5.3785,8.1238,0.0631,8.0607,5.8458,3.215,0.0491,3.1659,2.6285,3.0187,0.0678,2.9509,4.7991,5.1098,0.1262,4.9836,5.1519,5.7103,0.1262,5.5841,5.9159,1832.74,98.83,1854.41,1780.24,0.0,10.79,41.71,0.0,0,0.0,722.57,0.0,0.0
2026-08-06,Variant,A. 0,4995,19.2,462.66,0.0926,1.36,6.8038,24.39,13.31,9.01,0.6772,0.4378,0.2187,1.4767,45.4,45.3,0.1,7.03,38.38,38.12,2.8646,15.48,199,419,3144,49.6405,0.4832,,,,,,0.0,0.0,0.0,0.4897,9.95,9.95,5.63,2.84,5.3295,0.1051,5.2244,1.8352,0.1379,4995,0,9.47,25.92,2.73,7.03,0.25,,26306,0.7341,0.048,0.6861,0.7666,0.0576,4.5954,0.0571,4.5383,1.0687,0.0803,0.2807,0.0176,0.2631,0.2985,0.2472,0.0152,0.232,0.2553,0.2062,0.0152,0.191,0.2128,1.392,0.0154,1.3766,0.3021,1.6587,0.0232,1.6354,0.3932,1.5447,0.0184,1.5263,0.3734,149.39,18.22,819.98,126.09,21.73,0.49,1.07,0.0,1220,205.74,251.14,3.2,24.93
2026-08-06,Variant,B. 1-9,7312,28.11,173.72,0.0238,0.98,2.4128,20.45,10.73,5.06,0.4721,0.6287,0.3683,2.1184,34.35,31.35,3.0,2.11,32.24,35.78,3.3361,6.15,199,311,1114,49.7408,0.6131,3.98,2,3,6,8,75.7,33.68,5.94,0.51,35.27,35.27,16.06,4.87,2.6965,0.0589,2.6376,2.2912,0.2136,7312,0,17.52,12.41,1.78,2.11,0.53,16,17481,1.5365,0.0377,1.4988,1.2281,0.1145,1.16,0.0212,1.1388,1.063,0.0991,0.6885,0.0142,0.6742,0.5492,0.6224,0.0109,0.6115,0.4603,0.2257,0.0126,0.2131,0.2185,0.1411,0.0041,0.137,0.1667,0.6424,0.0104,0.632,0.539,0.3765,0.0067,0.3698,0.3574,73.14,61.67,118.61,60.27,11.04,1.4,0.43,0.0,1692,0.71,35.06,1.27,12.31
2026-08-06,Variant,C. 10-19,5640,21.68,351.44,0.0623,2.0,3.1101,40.62,22.12,13.22,0.5976,0.5207,0.3129,1.6733,70.78,62.47,8.31,6.03,64.75,74.57,3.3712,8.52,207,352,1032,52.0914,0.6978,9.3,4,8,13,18,64.33,26.38,3.14,0.3596,41.76,41.76,24.06,11.06,5.0775,0.0989,4.9785,4.5966,0.2078,5640,0,34.9,26.01,2.43,6.03,1.41,32,18611,2.8149,0.059,2.7559,2.3826,0.1077,2.2626,0.0399,2.2227,2.214,0.1001,1.0362,0.0207,1.0154,0.9356,1.1339,0.0181,1.1158,0.8957,0.6449,0.0202,0.6246,0.5512,0.4117,0.0089,0.4028,0.4339,1.1135,0.0158,1.0977,1.0401,0.7374,0.0152,0.7222,0.7401,171.85,78.33,219.38,142.36,26.17,2.03,1.29,0.0,2052,1.1,71.88,3.4,29.56
2026-08-06,Variant,D. 20-39,4744,18.24,427.75,0.0902,2.51,3.5945,62.73,36.0,24.83,0.6896,0.4293,0.2742,1.4502,120.74,105.54,15.2,8.26,112.48,127.67,3.5459,6.84,239,412,1101,53.6697,0.7621,15.6,7,12,22,31,55.52,18.25,3.98,0.2943,42.07,42.07,22.83,11.13,7.7403,0.1309,7.6094,6.8588,0.1905,4744,0,58.8,48.69,2.78,8.23,2.23,59,14419,4.2038,0.0683,4.1355,3.4113,0.0947,3.5365,0.0626,3.4739,3.4475,0.0958,1.5434,0.0247,1.5188,1.2753,1.5042,0.0215,1.4827,1.2283,1.1562,0.0221,1.1341,0.9077,0.4916,0.0133,0.4783,0.6161,1.7287,0.0266,1.7022,1.5339,1.3162,0.0228,1.2934,1.2974,325.74,88.39,368.55,276.72,43.52,3.22,2.28,0.0,1975,1.3,122.04,5.66,49.17
2026-08-06,Variant,E. 40-99,2897,11.14,513.14,0.1771,3.49,5.0806,111.87,69.28,49.73,0.7178,0.3862,0.2485,1.3931,220.58,191.47,29.11,19.33,201.25,248.21,3.5824,8.76,289,507,1227,55.6852,0.7631,25.61,10,18,35,54,32.93,7.87,1.66,0.1664,42.66,42.66,24.78,14.81,12.7497,0.5775,12.1722,11.0469,0.1594,2897,0,109.15,85.08,3.4,19.33,3.62,107,13960,7.1543,0.438,6.7163,5.475,0.079,5.5954,0.1395,5.456,5.572,0.0804,2.5744,0.1277,2.4467,1.9979,2.6579,0.1433,2.5147,1.9965,1.922,0.1671,1.7549,1.4805,0.8208,0.0356,0.7853,1.0211,2.5799,0.0576,2.5223,2.3731,2.1947,0.0463,2.1484,2.1778,697.26,97.27,716.81,581.08,107.79,5.05,3.34,0.0,1415,12.68,233.26,12.73,120.52
2026-08-06,Variant,F. 100+,422,1.62,134.33,0.3183,5.92,5.3732,233.39,163.14,121.59,0.7453,0.3355,0.2184,1.3417,483.05,407.38,75.68,30.21,452.84,464.45,2.847,6.25,389,756,1533,58.7537,0.7849,43.78,19,31,53,96,13.98,1.9,0.24,0.0735,65.88,65.88,51.66,42.18,41.6209,0.4408,41.1801,28.4905,0.1746,422,0,255.25,178.71,5.23,30.21,13.66,179,11983,14.4005,0.2062,14.1943,10.6137,0.0651,27.2204,0.2346,26.9858,17.8768,0.1096,4.7275,0.0569,4.6706,3.4834,5.2417,0.0711,5.1706,3.872,4.4313,0.0782,4.3531,3.2583,6.9242,0.0569,6.8673,5.5332,10.4147,0.1137,10.3009,5.1303,9.8815,0.064,9.8175,7.2133,1631.34,99.05,1646.96,1403.27,212.81,10.9,4.36,0.0,254,853.37,1336.42,26.84,239.66
2026-08-07,Control,A. 0,4824,18.33,550.59,0.1141,1.53,7.4404,24.9,13.53,9.56,0.7065,0.4111,0.2149,1.4153,61.23,61.12,0.11,11.59,49.65,41.72,3.0824,18.92,211,555,4510,50.1909,0.4829,,,,,,0.0,0.0,0.0,0.4994,,,,,2.757,0.1387,2.6184,1.7011,0.1257,4824,0,14.28,32.18,3.0,11.59,0.18,,30153,1.516,0.0653,1.4507,0.8209,0.0607,1.2411,0.0734,1.1677,0.8802,0.065,0.4888,0.0226,0.4662,0.2881,0.6076,0.0214,0.5862,0.3047,0.4196,0.0214,0.3982,0.228,0.1961,0.0209,0.1752,0.1685,0.6499,0.0278,0.6221,0.4044,0.3951,0.0247,0.3704,0.3072,180.57,30.66,588.96,166.94,0.0,10.71,2.92,0.0,0,0.0,61.23,0.0,0.0
2026-08-07,Control,B. 1-9,7459,28.35,118.85,0.0159,0.71,2.2425,21.4,11.35,5.41,0.4764,0.6291,0.3766,2.099,59.12,49.15,9.97,1.5,57.61,45.48,4.0051,2.54,204,361,1259,49.4517,0.5973,4.15,2,3,6,9,76.31,35.92,6.97,0.5001,,,,,3.4973,0.0369,3.4604,2.5332,0.2231,7459,0,29.94,24.86,2.18,1.5,0.63,16,20108,2.2738,0.0213,2.2524,1.4338,0.1263,1.2235,0.0156,1.2079,1.0993,0.0968,0.739,0.0086,0.7304,0.5416,1.0656,0.0046,1.061,0.5715,0.4692,0.0082,0.4611,0.3207,0.181,0.0031,0.1779,0.1813,0.5906,0.0072,0.5833,0.5026,0.4519,0.0052,0.4467,0.4155,81.14,65.3,124.25,68.53,0.0,10.74,1.86,0.0,0,0.0,59.12,0.0,0.0
2026-08-07,Control,C. 10-19,5641,21.44,331.64,0.0588,2.2,2.6745,39.16,22.01,13.78,0.6262,0.4926,0.2971,1.5969,117.34,90.1,27.24,4.4,112.94,97.27,4.419,3.75,247,434,1199,51.9585,0.7089,9.86,5,9,13,18,68.85,28.97,3.39,0.3648,,,,,6.7601,0.1326,6.6275,4.863,0.2209,5641,0,60.78,48.4,2.43,4.4,1.33,34,17439,4.4347,0.0957,4.3389,2.7538,0.1251,2.3255,0.0369,2.2886,2.1092,0.0958,1.6414,0.031,1.6104,1.0647,1.9314,0.0273,1.9041,1.087,0.8619,0.0374,0.8245,0.602,0.3622,0.0082,0.354,0.3755,1.0993,0.0154,1.0839,0.9023,0.864,0.0133,0.8507,0.8314,204.85,81.72,250.66,181.38,0.0,16.25,7.22,0.0,0,0.0,117.34,0.0,0.0
2026-08-07,Control,D. 20-39,4847,18.42,403.29,0.0832,2.08,3.993,60.35,35.94,25.93,0.7213,0.3997,0.2558,1.3864,183.64,131.0,52.64,6.56,177.08,163.15,4.5391,3.57,292,506,1253,53.602,0.7725,16.82,8,14,23,33,62.08,20.07,3.94,0.3031,,,,,10.6185,0.1774,10.4411,7.6361,0.2124,4847,0,105.1,67.1,2.48,6.56,2.41,59,17487,6.9072,0.1077,6.7995,4.1471,0.1154,3.7114,0.0697,3.6416,3.489,0.0971,2.7242,0.0314,2.6928,1.647,2.8201,0.027,2.7931,1.6161,1.3629,0.0493,1.3136,0.8841,0.5775,0.0169,0.5606,0.6357,1.7066,0.0276,1.679,1.4613,1.4273,0.0252,1.4021,1.392,372.08,90.51,411.09,339.28,0.02,21.03,11.75,0.0,2,0.0,183.64,0.0,0.03
2026-08-07,Control,E. 40-99,3112,11.83,677.56,0.2177,3.66,5.9435,114.23,71.72,53.93,0.752,0.3605,0.2386,1.3298,324.16,213.21,110.95,18.56,305.6,313.19,4.3671,5.72,366,647,1488,55.9413,0.7882,28.97,12,22,40,60,40.26,10.35,1.64,0.1838,,,,,18.7047,0.348,18.3567,14.7175,0.2052,3112,0,203.54,93.77,3.73,18.56,4.56,112,15224,11.8082,0.2102,11.598,7.8409,0.1093,6.8965,0.1379,6.7587,6.8766,0.0959,4.6934,0.0652,4.6282,3.0704,4.7288,0.0643,4.6645,3.1343,2.3859,0.0807,2.3053,1.6362,1.1607,0.0337,1.1269,1.5807,3.0029,0.0569,2.946,2.722,2.733,0.0472,2.6857,2.5739,780.11,97.85,797.27,734.89,0.0,29.38,15.84,0.0,1,0.0,324.16,0.0,0.0
2026-08-07,Control,F. 100+,430,1.63,183.98,0.4279,6.28,6.8141,253.84,171.25,131.17,0.766,0.3184,0.2058,1.3056,674.39,397.74,276.65,46.28,628.11,651.63,3.805,6.86,466,949,2096,58.4568,0.8123,53.89,21,39,67,116,18.37,3.02,0.7,0.0884,,,,,38.9,0.8209,38.0791,39.9721,0.2334,430,0,466.56,145.08,5.81,46.28,10.66,220,13254,23.2721,0.3488,22.9233,20.6698,0.1207,15.6279,0.4721,15.1558,19.3023,0.1127,9.0233,0.1093,8.914,7.9256,9.6698,0.1163,9.5535,8.3977,4.5791,0.1233,4.4558,4.3465,2.8953,0.1302,2.7651,5.0349,6.4209,0.2023,6.2186,6.0581,6.3116,0.1395,6.1721,8.2093,1909.01,100.0,1909.01,1852.98,0.0,37.63,18.41,0.0,0,0.0,674.39,0.0,0.0
2026-08-07,Variant,A. 0,4996,19.05,299.54,0.06,1.1,5.4462,26.96,14.73,11.11,0.7545,0.3717,0.2044,1.3254,85.09,84.96,0.13,5.37,79.72,52.67,3.5766,6.32,204,516,3529,49.6665,0.4754,,,,,,0.0,0.0,0.0,0.4952,12.49,12.49,7.73,4.26,3.3157,0.0548,3.2608,2.1731,0.1476,4996,0,11.36,64.67,3.36,5.37,0.33,,26988,1.4339,0.0228,1.4111,0.9912,0.0673,1.8817,0.032,1.8497,1.1819,0.0803,0.5294,0.0084,0.521,0.3693,0.5376,0.0072,0.5304,0.3731,0.3669,0.0072,0.3597,0.2488,0.4327,0.0084,0.4243,0.2578,0.8309,0.0142,0.8167,0.44,0.6181,0.0094,0.6087,0.4842,173.18,27.88,621.12,156.53,0.93,9.1,6.63,0.0,1273,19.6,104.69,0.14,1.06
2026-08-07,Variant,B. 1-9,7347,28.02,89.11,0.0121,0.64,1.896,19.96,10.15,5.05,0.4977,0.6059,0.3519,2.0093,49.32,46.4,2.93,1.1,48.22,39.92,3.9326,2.24,200,322,1105,49.8775,0.6173,4.06,2,3,5,8,75.02,34.15,6.49,0.5229,38.51,38.51,18.14,5.63,3.4373,0.0453,3.392,2.5643,0.2526,7347,0,17.74,27.84,1.93,1.1,0.71,17,17761,2.2001,0.0294,2.1707,1.4952,0.1473,1.2372,0.0159,1.2213,1.0691,0.1053,0.8918,0.0103,0.8814,0.6213,0.8609,0.0075,0.8534,0.5635,0.4474,0.0116,0.4358,0.3103,0.1524,0.0026,0.1499,0.1617,0.6694,0.0071,0.6623,0.5435,0.4154,0.0063,0.4091,0.364,70.76,63.81,110.89,57.87,1.07,9.63,2.19,0.0,1586,0.1,49.42,0.15,1.22
2026-08-07,Variant,C. 10-19,5696,21.72,290.39,0.051,1.84,2.7656,39.46,21.41,13.33,0.6224,0.4962,0.2909,1.6066,102.81,94.31,8.5,4.63,98.18,84.73,3.9569,4.5,226,373,1018,52.1679,0.7028,9.82,4,9,13,19,67.19,28.53,3.55,0.3827,43.84,43.84,26.33,12.89,6.6922,0.1103,6.582,4.9224,0.2299,5696,0,34.15,60.44,2.39,4.63,1.21,35,17734,4.0386,0.0758,3.9628,2.6743,0.1249,2.6536,0.0344,2.6192,2.2481,0.105,1.3912,0.0263,1.3648,0.9953,1.6754,0.0216,1.6538,1.0414,0.9721,0.0279,0.9442,0.6376,0.4131,0.0098,0.4033,0.3919,1.3578,0.0112,1.3466,1.0762,0.8827,0.0133,0.8694,0.78,171.0,79.51,215.06,143.93,2.13,15.39,9.54,0.0,1855,0.12,102.93,0.3,2.44
2026-08-07,Variant,D. 20-39,4809,18.34,684.52,0.1423,3.04,4.6885,62.63,35.82,25.86,0.7219,0.4019,0.2561,1.3852,183.74,168.17,15.57,11.77,171.97,153.19,4.2764,6.4,275,444,1023,53.7543,0.7604,16.94,7,14,24,34,60.84,21.36,4.26,0.3007,44.75,44.75,25.18,13.06,9.8093,0.2009,9.6084,7.2843,0.2033,4809,0,62.0,104.57,2.96,11.77,2.44,61,14456,5.6367,0.1067,5.53,3.58,0.0999,4.1726,0.0942,4.0784,3.7043,0.1034,1.8451,0.0343,1.8108,1.2618,2.3516,0.0281,2.3236,1.4009,1.44,0.0443,1.3957,0.9172,0.6087,0.0233,0.5854,0.6698,1.9532,0.0376,1.9156,1.6417,1.6107,0.0333,1.5775,1.3928,327.18,91.1,359.14,284.05,3.12,21.45,18.56,0.0,1846,0.12,183.86,0.32,3.44
2026-08-07,Variant,E. 40-99,2933,11.19,488.97,0.1667,3.1,5.3733,113.99,70.95,53.21,0.75,0.3634,0.2394,1.3333,337.09,305.55,31.54,15.57,321.52,294.26,4.1473,4.62,352,576,1214,55.5862,0.7573,28.27,11,21,40,57,40.33,9.04,1.74,0.1872,45.41,45.41,27.51,16.23,14.4664,0.2499,14.2165,12.2107,0.1721,2933,0,117.35,196.01,3.4,15.55,4.79,115,13335,8.1377,0.1146,8.0232,5.6001,0.0789,6.3287,0.1354,6.1933,6.6106,0.0932,2.6325,0.03,2.6025,1.9519,3.3604,0.0382,3.3222,2.1688,2.1449,0.0464,2.0985,1.4794,1.0532,0.0286,1.0245,1.494,2.6908,0.058,2.6328,2.5769,2.5847,0.0488,2.536,2.5397,657.23,97.51,674.01,594.98,5.84,27.51,28.9,0.0,1298,0.2,337.29,0.79,6.63
2026-08-07,Variant,F. 100+,439,1.67,147.49,0.336,6.38,5.2675,237.58,168.12,128.89,0.7666,0.3105,0.202,1.3044,664.17,586.65,77.52,38.39,625.77,595.79,3.5438,5.78,502,872,1648,58.7554,0.7773,51.96,21,37,66,114,20.5,2.96,0.23,0.1093,73.58,73.58,57.63,47.38,27.4897,0.3166,27.1731,25.1959,0.1499,439,0,258.95,342.91,4.57,38.04,19.7,198,8001,14.4897,0.1025,14.3872,11.0273,0.0656,13.0,0.2141,12.7859,14.1686,0.0843,4.9749,0.0319,4.9431,3.7995,5.6925,0.0319,5.6606,4.2323,3.8223,0.0387,3.7836,2.9954,2.5376,0.0433,2.4943,3.7859,5.2688,0.123,5.1458,4.8702,5.1936,0.0478,5.1458,5.5125,1525.11,98.86,1542.68,1444.04,9.21,33.58,38.28,0.0,219,83.09,747.26,1.9,11.12
2026-08-08,Control,A. 0,5130,18.92,462.23,0.0901,1.27,7.1112,22.6,12.43,8.52,0.685,0.4334,0.2224,1.4599,53.78,53.68,0.1,6.81,46.97,39.23,3.1558,12.67,201,487,3467,49.9396,0.4779,,,,,,0.0,0.0,0.0,0.4908,,,,,1.7251,0.0735,1.6517,1.4031,0.1129,5130,0,15.41,28.65,2.72,6.81,0.2,,27957,0.6891,0.0287,0.6604,0.609,0.049,1.0361,0.0448,0.9912,0.7942,0.0639,0.2166,0.0099,0.2066,0.2148,0.2676,0.0088,0.2589,0.2242,0.2049,0.0099,0.1949,0.17,0.2131,0.0105,0.2025,0.1825,0.4265,0.0201,0.4064,0.3074,0.3965,0.0142,0.3823,0.3043,157.67,24.25,650.18,147.21,0.0,3.8,6.66,0.0,0,0.0,53.78,0.0,0.0
2026-08-08,Control,B. 1-9,7532,27.78,115.71,0.0154,0.68,2.2688,19.3,10.34,5.09,0.4926,0.6152,0.372,2.0302,47.13,38.0,9.14,1.42,45.71,44.06,4.2621,3.01,204,364,1294,49.5196,0.6043,4.01,1,3,6,8,75.32,33.76,6.36,0.5035,,,,,2.6698,0.0543,2.6155,2.3306,0.2255,7532,0,29.54,13.6,1.99,1.42,0.58,16,19388,1.6539,0.0303,1.6236,1.3278,0.1284,1.0159,0.024,0.9919,1.0028,0.097,0.6164,0.0108,0.6057,0.5337,0.7094,0.0088,0.7006,0.5149,0.3281,0.0108,0.3173,0.2792,0.1393,0.0037,0.1356,0.1649,0.4888,0.0112,0.4777,0.4562,0.3878,0.0092,0.3787,0.3817,74.01,65.12,113.65,66.14,0.0,5.47,2.4,0.0,0,0.0,47.13,0.0,0.0
2026-08-08,Control,C. 10-19,5781,21.33,326.13,0.0564,2.04,2.7638,36.77,20.83,13.32,0.6395,0.4813,0.2913,1.5636,97.62,71.74,25.87,4.88,92.74,91.92,4.4135,5.0,244,421,1257,52.2894,0.7156,9.78,4,9,13,19,67.24,28.52,3.43,0.3792,,,,,5.4906,0.1069,5.3837,4.6051,0.2211,5781,0,60.53,28.41,2.36,4.88,1.45,33,17016,3.4117,0.0664,3.3453,2.5622,0.123,2.0789,0.0405,2.0384,2.0429,0.0981,1.2901,0.0218,1.2683,1.0211,1.4702,0.0192,1.451,1.01,0.6514,0.0254,0.626,0.531,0.3019,0.0102,0.2916,0.3659,0.9692,0.0159,0.9533,0.8844,0.8078,0.0144,0.7935,0.7926,183.95,80.35,228.93,166.5,0.0,7.05,10.4,0.0,1,0.0,97.62,0.0,0.0
2026-08-08,Control,D. 20-39,4907,18.1,519.46,0.1059,1.79,5.903,56.98,34.0,25.02,0.7359,0.3835,0.2488,1.3589,166.33,116.08,50.25,8.3,158.02,154.65,4.5481,4.99,290,514,1269,53.8483,0.785,16.53,7,14,23,33,60.12,21.21,3.48,0.3069,,,,,9.0169,0.2458,8.7711,7.2792,0.2141,4907,0,103.22,50.69,2.36,8.3,1.75,58,16737,5.4714,0.1706,5.3008,3.8785,0.1141,3.5455,0.0752,3.4703,3.4007,0.1,2.0273,0.064,1.9633,1.5093,2.3267,0.0499,2.2767,1.5386,1.1174,0.0567,1.0607,0.8307,0.5443,0.021,0.5233,0.6515,1.4977,0.0277,1.4699,1.3458,1.5036,0.0265,1.4771,1.4033,346.17,91.05,380.18,319.09,0.0,8.78,18.29,0.0,0,0.0,166.33,0.0,0.0
2026-08-08,Control,E. 40-99,3262,12.03,612.15,0.1877,3.28,5.721,107.61,68.79,53.02,0.7708,0.3393,0.2277,1.2973,331.82,223.04,108.79,17.41,314.41,311.51,4.5286,5.25,373,635,1522,55.7549,0.7926,28.96,12,22,40,59,40.34,9.87,1.72,0.1888,,,,,16.3369,0.2456,16.0914,13.2143,0.1921,3262,0,205.07,100.73,3.49,17.41,5.13,122,15261,9.3222,0.0892,9.233,6.5147,0.0947,7.0147,0.1563,6.8584,6.6996,0.0974,3.6235,0.0276,3.596,2.4991,3.8823,0.0276,3.8547,2.6508,1.8164,0.034,1.7823,1.3648,1.3148,0.0337,1.2811,1.5852,2.687,0.0677,2.6193,2.5116,3.0129,0.0549,2.958,2.6027,752.54,98.47,764.26,711.21,0.0,11.58,29.76,0.0,1,0.0,331.82,0.0,0.0
2026-08-08,Control,F. 100+,497,1.83,185.93,0.3741,6.04,6.1977,222.12,157.0,124.03,0.79,0.2906,0.193,1.2658,698.33,440.51,257.83,44.37,653.97,667.91,4.2541,6.35,512,910,1836,58.4209,0.8137,52.23,22,41,69,113,20.32,1.61,0.2,0.1006,,,,,34.334,0.7948,33.5392,31.6519,0.2016,497,0,462.55,173.24,5.44,44.37,12.74,203,12802,20.1771,0.5131,19.664,14.4527,0.0921,14.1569,0.2817,13.8753,17.1992,0.1095,7.6097,0.0543,7.5553,5.4085,8.6519,0.0905,8.5614,5.8974,3.9155,0.3682,3.5473,3.1469,3.0262,0.0765,2.9497,5.8229,5.3139,0.1268,5.1871,5.163,5.8169,0.0785,5.7384,6.2133,1710.78,98.79,1731.68,1656.34,0.0,17.34,37.09,0.0,0,0.0,698.33,0.0,0.0
2026-08-08,Variant,A. 0,5117,19.09,311.45,0.0609,1.13,5.3698,24.42,13.44,9.5,0.7065,0.4095,0.2084,1.4153,56.47,56.38,0.09,4.91,51.56,43.84,3.2623,8.7,200,453,3148,49.6046,0.4673,,,,,,0.0,0.0,0.0,0.4862,11.28,11.28,7.05,3.46,1.7121,0.0475,1.6646,1.8321,0.1363,5117,0,11.24,36.86,3.22,4.91,0.24,,28130,0.787,0.0205,0.7665,0.8835,0.0657,0.9252,0.027,0.8982,0.9486,0.0706,0.3234,0.0068,0.3166,0.3426,0.2683,0.0063,0.2621,0.3129,0.1952,0.0074,0.1878,0.2281,0.2097,0.0063,0.2034,0.221,0.4268,0.0104,0.4165,0.341,0.2886,0.0104,0.2783,0.3866,146.3,23.37,625.92,135.6,0.01,3.49,7.2,0.0,1335,0.0,56.48,0.0,0.02
2026-08-08,Variant,B. 1-9,7377,27.52,178.36,0.0242,0.72,3.3653,19.21,10.0,5.1,0.5106,0.5922,0.3469,1.9584,38.7,35.81,2.89,2.54,36.16,36.84,3.6854,6.57,200,320,1070,49.9021,0.6257,4.11,2,3,6,9,76.18,34.87,6.72,0.5232,37.47,37.47,17.8,5.44,2.5918,0.0377,2.5542,2.3458,0.2347,7377,0,18.45,15.47,1.69,2.54,0.55,17,17200,1.7217,0.0216,1.7001,1.3571,0.1358,0.8701,0.0161,0.854,0.9887,0.0989,0.6949,0.0108,0.684,0.559,0.6946,0.0047,0.6898,0.5097,0.3322,0.006,0.3263,0.2883,0.109,0.0027,0.1063,0.1441,0.4582,0.0077,0.4505,0.4987,0.303,0.0057,0.2973,0.3459,62.24,64.19,96.96,53.71,0.13,5.51,2.89,0.0,1519,0.03,38.73,0.03,0.16
2026-08-08,Variant,C. 10-19,5727,21.36,463.44,0.0809,2.2,3.6781,37.14,20.66,12.9,0.6244,0.4914,0.2887,1.6015,76.34,68.13,8.21,5.54,70.8,76.07,3.682,7.26,222,361,1026,52.0187,0.7147,9.52,4,9,13,18,66.18,27.8,2.95,0.3712,42.54,42.54,24.92,11.84,4.6581,0.1093,4.5488,4.3525,0.2107,5727,0,34.66,32.82,2.39,5.54,0.94,31,16515,2.9796,0.0707,2.9089,2.4577,0.119,1.6785,0.0386,1.64,1.8949,0.0917,1.0643,0.0236,1.0407,0.9462,1.2588,0.0194,1.2394,0.945,0.6565,0.0278,0.6288,0.5664,0.2102,0.01,0.2003,0.3141,0.882,0.0143,0.8676,0.9022,0.5863,0.0143,0.572,0.6785,154.83,79.38,195.05,134.73,0.17,7.37,12.56,0.0,1760,0.01,76.36,0.03,0.2
2026-08-08,Variant,D. 20-39,4942,18.44,597.21,0.1208,2.55,4.7398,58.82,34.78,24.88,0.7155,0.3998,0.2495,1.3976,134.97,119.9,15.07,10.17,124.8,134.74,3.8744,7.53,258,412,998,53.9585,0.7754,16.41,7,13,23,32,59.11,20.48,3.8,0.2922,40.23,40.23,22.02,11.59,6.9962,0.1748,6.8213,6.469,0.186,4942,0,61.4,58.75,2.4,10.17,2.25,60,14355,4.2908,0.0832,4.2076,3.308,0.0951,2.7054,0.0917,2.6137,3.1611,0.0909,1.4925,0.0295,1.463,1.2461,1.7422,0.0247,1.7175,1.2475,1.0561,0.0289,1.0271,0.8144,0.3792,0.0243,0.3549,0.6105,1.2596,0.034,1.2256,1.3549,1.0666,0.0334,1.0332,1.1957,290.47,91.16,318.65,259.51,0.22,8.8,21.95,0.0,1784,0.01,134.98,0.06,0.27
2026-08-08,Variant,E. 40-99,3150,11.75,592.55,0.1881,3.33,5.6433,109.19,70.37,51.99,0.7387,0.3595,0.2264,1.3537,252.77,222.55,30.22,16.37,236.4,257.57,3.66,6.47,319,531,1201,55.6141,0.781,27.4,11,21,39,56,38.48,8.06,1.68,0.2,43.4,43.4,26.51,17.05,11.4095,0.2454,11.1641,10.5892,0.1505,3150,0,120.99,106.88,3.24,16.37,5.29,112,13253,6.5397,0.0962,6.4435,5.0568,0.0719,4.8698,0.1492,4.7206,5.5324,0.0786,2.2667,0.033,2.2337,1.8295,2.5676,0.0311,2.5365,1.8825,1.7054,0.0321,1.6733,1.3448,0.7578,0.0397,0.7181,1.2994,2.1502,0.0629,2.0873,2.1362,1.9619,0.0467,1.9152,2.0968,608.06,98.41,617.87,564.68,0.06,10.7,32.62,0.0,1280,0.01,252.78,0.02,0.08
2026-08-08,Variant,F. 100+,493,1.84,172.31,0.3495,6.9,5.0679,241.6,175.7,131.53,0.7486,0.3219,0.2017,1.3359,543.71,464.7,79.02,36.71,507.0,545.44,3.1043,6.75,406,705,1318,58.7727,0.7971,47.91,20,37,62,100,15.42,1.62,0.2,0.0913,68.76,68.76,55.17,48.88,24.0649,0.4746,23.5903,26.6085,0.1514,493,0,280.66,206.98,4.71,36.71,14.66,228,7676,13.2008,0.1947,13.0061,10.9391,0.0623,10.8641,0.2799,10.5842,15.6694,0.0892,4.359,0.0649,4.2941,3.7262,5.1237,0.0649,5.0588,4.0913,3.7181,0.0649,3.6531,3.1217,1.9026,0.073,1.8296,5.3083,4.7241,0.1217,4.6024,5.0609,4.2373,0.0852,4.1521,5.3002,1494.87,98.58,1516.4,1439.49,0.0,15.66,39.72,0.0,218,0.0,543.71,0.0,0.0
2026-08-09,Control,A. 0,5086,18.71,618.26,0.1216,1.83,6.648,23.9,13.23,8.59,0.6495,0.4593,0.2206,1.5396,37.75,37.6,0.15,9.6,28.14,35.91,2.7143,25.45,201,516,3648,49.959,0.4679,,,,,,0.0,0.0,0.0,0.4776,,,,,1.4129,0.1085,1.3044,1.3173,0.0996,5086,0,16.36,8.68,2.81,9.6,0.28,,29418,0.6345,0.0436,0.5908,0.6076,0.0459,0.7784,0.0649,0.7135,0.7098,0.0536,0.2013,0.0142,0.1872,0.2133,0.2393,0.0142,0.2251,0.2212,0.1939,0.0153,0.1785,0.173,0.1374,0.0155,0.1219,0.1475,0.3824,0.0291,0.3533,0.3093,0.2586,0.0203,0.2383,0.253,157.17,22.77,690.31,151.14,0.0,2.84,3.19,0.0,0,0.0,37.75,0.0,0.0
2026-08-09,Control,B. 1-9,7499,27.58,190.09,0.0253,0.84,3.0173,21.01,11.35,5.22,0.4596,0.6426,0.3831,2.1758,44.52,35.05,9.47,2.9,41.62,43.48,3.8298,6.52,200,361,1236,49.6171,0.61,4.03,2,3,5,9,75.46,33.54,6.51,0.509,,,,,2.3488,0.0479,2.301,2.2907,0.2018,7499,0,30.09,8.91,1.94,2.9,0.68,17,18769,1.485,0.0232,1.4618,1.2971,0.1143,0.8638,0.0247,0.8392,0.9936,0.0875,0.5607,0.0079,0.5529,0.515,0.65,0.0067,0.6433,0.503,0.2743,0.0087,0.2656,0.2791,0.1342,0.0061,0.128,0.1716,0.3931,0.0099,0.3833,0.4398,0.3366,0.0087,0.3279,0.3822,75.76,67.46,112.3,70.18,0.0,3.49,2.09,0.0,0,0.0,44.52,0.0,0.0
2026-08-09,Control,C. 10-19,5824,21.42,390.07,0.067,1.91,3.5141,39.41,22.29,13.56,0.6082,0.5065,0.3005,1.6441,88.82,61.76,27.06,6.2,82.62,88.11,3.9524,6.98,237,403,1276,52.2647,0.7237,9.71,4,9,13,19,66.96,27.97,3.35,0.3965,,,,,5.1727,0.1396,5.0331,4.6252,0.2075,5824,0,62.03,16.63,2.61,6.2,1.35,34,18523,3.3201,0.0896,3.2304,2.6107,0.1171,1.8527,0.05,1.8027,2.0144,0.0904,1.2258,0.0299,1.1959,1.0039,1.4128,0.0232,1.3896,1.0391,0.6815,0.0366,0.6449,0.5677,0.2749,0.0146,0.2603,0.3558,0.813,0.0177,0.7953,0.8477,0.7648,0.0177,0.7471,0.811,187.29,82.97,225.74,174.28,0.0,4.98,8.04,0.0,1,0.0,88.82,0.0,0.0
2026-08-09,Control,D. 20-39,4936,18.16,459.46,0.0931,2.51,3.7053,61.32,36.49,25.74,0.7054,0.413,0.2612,1.4176,146.56,94.73,51.83,7.72,138.84,155.48,4.2612,5.27,277,489,1204,53.7245,0.7838,16.4,7,13,23,33,58.45,19.77,4.17,0.3063,,,,,8.5239,0.1718,8.3521,7.5308,0.2064,4936,0,105.38,28.79,2.5,7.72,2.17,63,14435,5.2425,0.1161,5.1264,3.9909,0.1094,3.2814,0.0557,3.2257,3.5399,0.097,1.9915,0.0373,1.9542,1.5207,2.1835,0.0348,2.1487,1.5881,1.0675,0.044,1.0235,0.8821,0.5136,0.0144,0.4992,0.7231,1.4064,0.0194,1.387,1.4021,1.3614,0.0219,1.3395,1.4147,360.43,92.61,389.21,341.08,0.0,5.69,13.66,0.0,1,0.0,146.56,0.0,0.0
2026-08-09,Control,E. 40-99,3330,12.25,1034.8,0.3108,3.99,7.7805,110.82,71.11,53.28,0.7493,0.3546,0.2306,1.3346,281.09,171.26,109.83,25.07,256.02,295.62,4.1572,8.92,339,634,1487,55.8067,0.7951,28.18,11,21,39,59,39.04,9.61,1.95,0.1949,,,,,15.8387,0.4637,15.3751,13.73,0.1931,3330,0,204.95,42.25,3.62,25.03,5.24,118,14627,9.539,0.2802,9.2589,7.1141,0.1,6.2997,0.1835,6.1162,6.6159,0.093,3.7126,0.0787,3.6339,2.7733,3.9544,0.0805,3.8739,2.8652,1.8721,0.121,1.7511,1.4757,1.1586,0.0535,1.1051,1.5694,2.579,0.07,2.509,2.5072,2.5622,0.0601,2.5021,2.5393,748.19,98.35,760.76,721.61,0.0,8.82,17.76,0.0,1,0.0,281.09,0.0,0.0
2026-08-09,Control,F. 100+,513,1.89,413.0,0.8051,7.02,11.4722,234.96,166.07,125.18,0.7538,0.3241,0.2021,1.3267,629.2,366.16,263.04,95.52,533.68,630.6,3.7972,15.18,442,885,1742,58.0804,0.8161,47.56,19,37,62,102,17.54,1.75,0.0,0.0936,,,,,33.5419,1.1832,32.3587,30.1131,0.1813,513,0,458.06,58.53,6.13,95.52,10.96,197,12340,20.1131,0.5439,19.5692,16.5224,0.0995,13.4288,0.6394,12.7895,13.5906,0.0818,7.7212,0.1871,7.5341,6.2904,8.6179,0.1754,8.4425,6.8811,3.7739,0.1813,3.5926,3.3509,2.5283,0.1696,2.3587,3.1559,5.4288,0.2554,5.1735,5.1131,5.4717,0.2144,5.2573,5.3216,1757.57,99.61,1764.45,1729.95,0.0,12.09,15.53,0.0,0,0.0,629.2,0.0,0.0
2026-08-09,Variant,A. 0,5278,19.41,365.44,0.0692,1.27,5.4543,24.87,13.76,9.5,0.69,0.4269,0.2122,1.4492,53.47,53.41,0.06,6.41,47.06,44.07,3.2023,11.99,198,439,2745,49.4936,0.4757,,,,,,0.0,0.0,0.0,0.4875,11.33,11.33,6.97,3.83,1.5517,0.0811,1.4706,1.4727,0.107,5278,0,10.96,32.34,3.32,6.41,0.43,,27284,0.6662,0.0347,0.6315,0.6914,0.0502,0.8856,0.0464,0.8391,0.7814,0.0568,0.2749,0.0127,0.2622,0.2867,0.2298,0.0121,0.2177,0.2351,0.1614,0.0099,0.1516,0.1696,0.2037,0.0108,0.1929,0.2058,0.3977,0.0167,0.381,0.3085,0.2842,0.0189,0.2653,0.2671,143.27,21.31,672.16,133.53,0.01,2.22,7.52,0.0,1328,0.0,53.47,0.0,0.01
2026-08-09,Variant,B. 1-9,7347,27.02,136.3,0.0186,0.69,2.6725,19.98,10.54,5.04,0.4777,0.6204,0.3596,2.0933,32.88,29.99,2.89,1.59,31.29,35.58,3.3755,4.82,200,309,1143,49.8718,0.6242,3.96,1,3,5,8,74.34,33.5,6.21,0.5259,37.73,37.73,17.61,5.53,2.2404,0.0393,2.201,2.2593,0.2143,7347,0,17.83,10.89,1.79,1.59,0.78,16,17857,1.4817,0.0208,1.4609,1.3116,0.1244,0.7587,0.0185,0.7402,0.9477,0.0899,0.6038,0.0088,0.5949,0.5503,0.6139,0.0044,0.6095,0.4988,0.2641,0.0076,0.2564,0.2624,0.0867,0.0035,0.0832,0.1349,0.3996,0.0083,0.3913,0.4703,0.2724,0.0067,0.2657,0.3426,63.38,66.42,95.42,56.92,0.07,3.53,2.86,0.0,1529,0.03,32.9,0.02,0.09
2026-08-09,Variant,C. 10-19,5840,21.48,285.45,0.0489,1.59,3.0694,37.47,21.06,13.11,0.6224,0.492,0.2884,1.6068,73.05,64.75,8.3,3.71,69.34,75.68,3.5932,5.07,225,373,1040,52.2607,0.7219,9.63,4,9,13,19,66.8,27.43,3.39,0.3908,42.17,42.17,25.07,12.36,4.318,0.0776,4.2404,4.2228,0.2005,5840,0,36.04,29.73,2.39,3.71,1.18,33,17015,2.7075,0.0488,2.6587,2.3885,0.1134,1.6104,0.0288,1.5817,1.8342,0.0871,1.0106,0.0193,0.9913,0.9521,1.1236,0.0116,1.112,0.9065,0.5733,0.0178,0.5555,0.53,0.195,0.0067,0.1884,0.3003,0.8315,0.0103,0.8212,0.8854,0.5839,0.0118,0.5721,0.6485,158.59,82.48,192.27,139.68,0.11,4.59,14.21,0.0,1805,0.02,73.07,0.07,0.18
2026-08-09,Variant,D. 20-39,5098,18.75,530.31,0.104,2.67,3.8993,58.08,34.77,24.42,0.7023,0.4118,0.2546,1.4239,127.11,112.59,14.52,9.27,117.84,133.2,3.8309,7.29,251,410,971,53.623,0.7761,15.9,6,13,22,32,56.83,18.97,3.61,0.3074,40.02,40.02,21.87,11.55,6.3495,0.1008,6.2487,6.052,0.1741,5098,0,60.94,52.36,2.62,9.27,1.92,62,12264,3.8274,0.0406,3.7868,3.1452,0.0905,2.5222,0.0602,2.4619,2.9068,0.0836,1.3962,0.0133,1.3829,1.2128,1.5182,0.0128,1.5055,1.1607,0.9129,0.0145,0.8984,0.7717,0.3311,0.0171,0.314,0.5339,1.1879,0.0233,1.1646,1.2821,1.0031,0.0198,0.9833,1.0908,291.04,92.68,314.02,262.4,0.13,5.65,22.86,0.0,1818,0.01,127.12,0.03,0.16
2026-08-09,Variant,E. 40-99,3102,11.41,477.66,0.154,3.32,4.6375,110.64,70.55,52.01,0.7372,0.364,0.2321,1.3565,248.34,217.96,30.38,13.39,234.94,247.84,3.5129,5.39,307,513,1107,55.5261,0.7703,27.56,10,20,38,56,37.62,8.9,2.39,0.1879,44.49,44.49,28.82,19.02,11.1344,0.2073,10.9271,10.3659,0.1469,3102,0,118.03,108.93,3.36,13.39,4.63,122,13069,6.1863,0.0793,6.107,4.9865,0.0707,4.9481,0.128,4.8201,5.3794,0.0762,2.1354,0.0245,2.1109,1.7963,2.4023,0.0255,2.3769,1.8362,1.6486,0.0293,1.6193,1.354,0.8114,0.0268,0.7847,1.0999,2.207,0.0525,2.1544,2.2234,1.9297,0.0487,1.881,2.0561,624.6,98.58,633.59,582.05,0.07,8.16,34.33,0.0,1266,0.0,248.34,0.05,0.11
2026-08-09,Variant,F. 100+,523,1.92,151.43,0.2895,6.5,4.4538,241.72,172.66,126.81,0.7344,0.3366,0.2065,1.3616,514.68,437.63,77.05,28.11,486.57,497.8,2.8831,5.46,387,680,1203,57.6006,0.776,47.32,19,35,61,102,17.02,2.68,0.19,0.1033,72.47,72.47,59.66,52.2,23.3862,0.2792,23.1071,24.1511,0.1399,523,0,276.53,191.24,5.02,28.11,13.78,206,7159,12.8738,0.1205,12.7533,10.1396,0.0587,10.5124,0.1587,10.3537,14.0115,0.0811,4.2409,0.0402,4.2008,3.3652,5.0019,0.0402,4.9618,3.805,3.631,0.0402,3.5908,2.9694,1.8623,0.044,1.8184,4.7648,4.4321,0.0631,4.369,4.543,4.218,0.0516,4.1663,4.7036,1464.92,99.81,1467.73,1407.45,0.0,14.8,42.67,0.0,226,0.01,514.69,0.0,0.0
2026-08-10,Control,A. 0,4087,15.17,4.14,0.001,0.07,1.38,4.85,1.87,0.16,0.0869,0.9303,0.5799,11.5136,27.93,27.77,0.16,0.16,27.77,3.6,1.9228,0.57,200,517,4052,50.0594,0.5951,,,,,,0.0,0.0,0.0,,,,,,1.2043,0.0081,1.1962,0.3281,0.1754,4087,0,11.72,14.85,1.08,0.16,0.12,,28066,0.4896,0.0051,0.4845,0.1899,0.1015,0.7147,0.0029,0.7118,0.1382,0.0739,0.1669,0.0044,0.1625,0.0783,0.1825,0.0007,0.1818,0.0717,0.1402,0.0,0.1402,0.0399,0.1674,0.0,0.1674,0.0284,0.2838,0.0022,0.2816,0.0551,0.2635,0.0007,0.2628,0.0548,4.99,5.46,91.38,3.15,0.0,1.12,0.72,0.0,0,0.0,27.93,0.0,0.0
2026-08-10,Control,B. 1-9,7404,27.49,126.41,0.0171,0.66,2.5798,22.67,11.92,5.43,0.4554,0.6544,0.4034,2.196,63.4,53.85,9.55,1.4,62.0,51.03,4.2796,2.22,204,380,1429,49.4708,0.5854,4.06,2,3,6,8,75.74,34.06,6.87,,,,,,3.4196,0.0396,3.3801,2.5769,0.2161,7404,0,30.32,28.93,2.15,1.4,0.6,17,20435,1.8471,0.0166,1.8305,1.3624,0.1143,1.5725,0.023,1.5496,1.2145,0.1019,0.638,0.005,0.633,0.5113,0.8241,0.0038,0.8204,0.5546,0.3849,0.0078,0.3771,0.2965,0.3999,0.0035,0.3964,0.2816,0.6259,0.0146,0.6113,0.5023,0.5467,0.0049,0.5419,0.4306,79.27,72.07,109.99,75.2,0.0,2.74,1.33,0.0,0,0.0,63.4,0.0,0.0
2026-08-10,Control,C. 10-19,6245,23.19,323.27,0.0518,1.83,2.8357,42.46,23.21,13.82,0.5957,0.5325,0.3312,1.6786,115.86,89.31,26.55,4.38,111.48,102.23,4.4052,3.78,246,433,1277,52.0646,0.6685,9.61,4,8,13,19,66.52,27.8,3.25,,,,,,6.7363,0.1041,6.6322,5.1231,0.2208,6245,0,61.09,46.21,3.14,4.38,1.04,34,21444,3.7758,0.0764,3.6994,2.6833,0.1156,2.9604,0.0277,2.9327,2.4399,0.1051,1.2665,0.0191,1.2474,0.9593,1.7404,0.0186,1.7219,1.1223,0.7689,0.0388,0.7302,0.6016,0.657,0.0062,0.6508,0.5303,1.1763,0.0117,1.1646,0.9753,1.1271,0.0098,1.1174,0.9342,194.85,84.76,229.9,187.87,0.0,3.37,3.61,0.0,1,0.0,115.86,0.0,0.0
2026-08-10,Control,D. 20-39,5236,19.44,586.7,0.1121,2.67,4.1907,64.11,37.48,26.58,0.7092,0.4183,0.2727,1.4101,193.61,140.52,53.09,9.38,184.23,177.09,4.7251,4.84,297,523,1263,53.685,0.7417,16.47,7,13,23,32,59.57,19.92,3.86,,,,,,10.5458,0.1757,10.3701,7.919,0.2113,5236,0,107.3,72.02,2.88,9.38,2.02,61,17501,5.9431,0.0985,5.8445,3.9106,0.1043,4.6028,0.0772,4.5256,4.0084,0.107,1.9612,0.0304,1.9309,1.3894,2.7998,0.0269,2.7729,1.6673,1.182,0.0413,1.1408,0.8539,0.9851,0.0195,0.9656,0.9708,1.7643,0.0311,1.7332,1.5269,1.8533,0.0265,1.8268,1.5107,375.62,93.74,400.73,364.46,0.01,4.9,6.26,0.0,1,0.0,193.61,0.0,0.01
2026-08-10,Control,E. 40-99,3434,12.75,1262.89,0.3678,4.16,8.8314,118.25,73.52,55.74,0.7581,0.359,0.2422,1.3191,379.3,268.23,111.08,31.97,347.33,364.6,4.9592,8.43,379,695,1552,55.6308,0.7558,28.79,11,21,39,59,40.07,9.87,2.07,,,,,,17.8925,0.5882,17.3043,14.5315,0.1977,3434,0,204.26,134.18,4.09,31.97,4.79,121,15590,10.168,0.3564,9.8116,7.2204,0.0982,7.7245,0.2318,7.4927,7.311,0.0994,3.7213,0.1095,3.6118,2.7117,4.5612,0.1209,4.4403,3.0585,1.8856,0.1261,1.7595,1.4502,1.7807,0.0542,1.7266,1.8451,2.7892,0.1054,2.6838,2.5874,3.1546,0.0722,3.0824,2.8786,805.16,98.86,814.41,790.08,0.0,6.59,8.49,0.0,1,0.0,379.3,0.0,0.0
2026-08-10,Control,F. 100+,529,1.96,339.94,0.6426,6.99,9.1876,241.98,169.4,130.25,0.7688,0.3173,0.2069,1.3007,770.3,498.39,271.92,72.4,697.9,720.7,4.2543,9.4,501,922,1754,58.3702,0.8002,54.3,20,37,73,113,22.5,3.21,0.95,,,,,,36.1172,0.9395,35.1777,30.3214,0.179,529,0,465.11,215.77,5.15,72.4,11.87,264,13054,21.2439,0.397,20.8469,15.2665,0.0901,14.8733,0.5425,14.3308,15.0548,0.0889,8.2155,0.1267,8.0888,5.7713,9.2836,0.1437,9.1399,6.4178,3.7448,0.1267,3.6181,3.0775,3.4764,0.155,3.3214,3.6125,5.5728,0.2193,5.3535,5.276,5.8242,0.1682,5.656,6.1664,1826.98,99.43,1837.4,1804.52,0.0,10.28,12.18,0.0,0,0.0,770.3,0.0,0.0
2026-08-10,Variant,A. 0,4066,15.15,17.29,0.0043,0.1,4.3225,4.63,1.87,0.19,0.103,0.9145,0.5222,9.7096,22.16,22.04,0.12,0.52,21.64,4.02,2.1451,2.33,200,406,3026,49.5574,0.5815,,,,,,0.0,0.0,0.0,,0.57,0.57,0.3,0.07,1.1306,0.0118,1.1188,0.3564,0.1901,4066,0,7.65,13.14,0.68,0.52,0.17,,26192,0.5379,0.0037,0.5342,0.2088,0.1114,0.5927,0.0081,0.5846,0.1476,0.0787,0.153,0.0007,0.1522,0.0762,0.2727,0.0007,0.272,0.0878,0.1121,0.0022,0.1099,0.0448,0.1444,0.001,0.1434,0.0275,0.2462,0.0039,0.2423,0.0637,0.2022,0.0032,0.199,0.0563,8.42,7.75,108.63,3.99,0.41,1.03,2.98,0.0,634,0.04,22.2,0.04,0.44
2026-08-10,Variant,B. 1-9,7304,27.21,121.38,0.0166,0.68,2.4276,22.99,11.98,5.59,0.467,0.6385,0.3795,2.1414,59.84,56.76,3.08,1.65,58.19,46.17,3.8534,2.76,201,331,1209,49.6896,0.5989,4.26,2,3,6,9,77.04,36.2,7.28,,36.99,36.99,18.39,5.82,4.3946,0.0382,4.3564,2.7881,0.2327,7304,0,18.82,36.94,1.94,1.65,0.49,18,19072,2.7296,0.0205,2.7091,1.5657,0.1307,1.665,0.0177,1.6473,1.2223,0.102,1.2462,0.0108,1.2354,0.6999,1.0964,0.0034,1.093,0.5805,0.387,0.0063,0.3808,0.2853,0.3624,0.0036,0.3588,0.2456,0.8219,0.0077,0.8142,0.5846,0.4807,0.0064,0.4743,0.3921,87.3,71.63,121.87,72.68,9.07,2.73,2.82,0.0,1775,0.84,60.69,0.79,9.86
2026-08-10,Variant,C. 10-19,6225,23.19,453.82,0.0729,1.99,3.6598,44.51,23.95,14.11,0.5891,0.5346,0.3189,1.6976,114.6,105.61,8.99,6.23,108.36,94.62,3.9501,5.44,232,406,1179,51.7036,0.6732,9.86,4,9,14,19,67.63,29.11,3.44,,43.12,43.12,25.43,11.86,8.0749,0.1107,7.9642,5.4533,0.2277,6225,0,37.45,67.09,2.8,6.23,1.03,35,19100,4.6164,0.0646,4.5518,2.8389,0.1185,3.4585,0.0461,3.4124,2.6145,0.1091,1.9598,0.0233,1.9365,1.2018,1.9528,0.0161,1.9367,1.0959,0.7038,0.0252,0.6786,0.5412,0.5891,0.0111,0.578,0.4885,1.8867,0.019,1.8678,1.2845,0.9827,0.0161,0.9666,0.8414,224.15,85.2,263.07,178.26,31.08,3.42,11.38,0.0,2182,2.12,116.71,3.3,34.38
2026-08-10,Variant,D. 20-39,5353,19.94,802.02,0.1498,2.95,5.0761,67.51,38.72,26.82,0.6927,0.4323,0.2724,1.4437,188.47,171.7,16.76,10.54,177.93,169.97,4.3901,5.59,274,467,1120,53.5271,0.7257,16.59,7,13,23,33,59.87,19.99,3.92,,42.29,42.29,22.38,11.12,11.7926,0.1399,11.6527,8.0177,0.2071,5353,0,65.66,107.51,2.96,10.54,1.81,61,15555,6.3906,0.0639,6.3267,3.8834,0.1003,5.402,0.076,5.326,4.1343,0.1068,2.6787,0.0174,2.6613,1.5621,2.5574,0.0168,2.5406,1.4695,1.1545,0.0297,1.1248,0.8519,1.0192,0.0189,1.0004,0.8976,2.7472,0.0319,2.7153,1.8827,1.6355,0.0252,1.6103,1.354,421.81,94.0,448.72,336.73,57.91,3.65,23.52,0.0,2156,3.87,192.34,7.59,65.5
2026-08-10,Variant,E. 40-99,3390,12.63,503.6,0.1486,3.57,4.162,123.48,76.56,56.97,0.7442,0.3658,0.2369,1.3437,342.46,310.12,32.35,14.5,327.97,305.81,3.9946,4.23,342,592,1360,55.2668,0.7307,28.44,12,21,39,57,39.17,9.12,2.15,,45.78,45.78,27.55,16.96,19.4478,0.1962,19.2516,13.9829,0.1826,3390,0,123.71,196.53,3.9,14.5,3.82,117,15018,9.9782,0.0929,9.8853,6.4779,0.0846,9.4696,0.1032,9.3664,7.505,0.098,3.8218,0.0316,3.7903,2.4153,3.8602,0.0307,3.8295,2.4212,2.2962,0.0307,2.2655,1.6413,1.9466,0.0227,1.9239,1.7345,4.4189,0.0416,4.3773,3.1558,3.1041,0.0389,3.0652,2.6147,876.65,99.06,885.01,705.4,118.89,6.25,46.12,0.0,1507,5.73,348.19,14.75,133.63
2026-08-10,Variant,F. 100+,501,1.87,109.21,0.218,5.79,3.7659,242.95,168.17,125.7,0.7475,0.329,0.2016,1.3378,628.24,550.3,77.93,25.45,602.79,565.87,3.3649,4.05,417,741,1513,57.7714,0.7575,49.0,19,37,63,102,16.57,3.19,0.2,,65.27,65.27,49.9,42.32,35.1238,0.3593,34.7645,29.7465,0.1769,501,0,263.7,322.79,4.6,25.45,11.69,237,9016,17.8124,0.1796,17.6327,11.6068,0.069,17.3114,0.1796,17.1317,18.1397,0.1079,6.2315,0.0659,6.1657,4.0379,6.6447,0.0539,6.5908,4.2954,4.9361,0.0599,4.8762,3.2735,3.5689,0.0619,3.507,4.7764,7.5409,0.0739,7.4671,5.9521,6.2016,0.0439,6.1577,7.4112,1820.81,99.4,1831.78,1492.37,238.93,9.18,80.33,0.0,248,10.8,639.04,27.41,266.34
