segment,ab_group,resource_category,resource,unit,source_detail,action,source_main,player_days,gainer_days,amount_gained,amount_gained_free,amount_gained_paid,amount_per_active_player_day,pct_of_resource_gained
A. 0,Control,Avatar,Avatar,items,saga_progression,chapter_complete,core,42977.0,526.0,640.0,,,0.015,98.92
A. 0,Control,Avatar,Avatar,items,season_pass_event,reward_event,meta,42977.0,6.0,7.0,,,0.0,1.08
A. 0,Control,currency,HardCoin,coins,daily_reward,daily_reward,core,42977.0,13679.0,506070.0,506070.0,0.0,11.775,27.35
A. 0,Control,currency,HardCoin,coins,team_collection,reward_event,meta,42977.0,1706.0,187770.0,187770.0,0.0,4.369,10.15
A. 0,Control,currency,HardCoin,coins,race_event,reward_event,meta,42977.0,1745.0,121800.0,121800.0,0.0,2.834,6.58
A. 0,Control,currency,HardCoin,coins,ad_chest,ad_chest,ads,42977.0,4287.0,105695.0,105695.0,0.0,2.459,5.71
A. 0,Control,currency,HardCoin,coins,river_rush,reward_event,meta,42977.0,562.0,81740.0,81740.0,0.0,1.902,4.42
A. 0,Control,currency,HardCoin,coins,ArcheryArena,reward_event,meta,42977.0,580.0,78850.0,78850.0,0.0,1.835,4.26
A. 0,Control,currency,HardCoin,coins,bomb_event,reward_event,meta,42977.0,547.0,73200.0,73200.0,0.0,1.703,3.96
A. 0,Control,currency,HardCoin,coins,player_level_up,reward_chest,core,42977.0,2040.0,71475.0,71475.0,0.0,1.663,3.86
A. 0,Control,currency,HardCoin,coins,team_versus_contribution,reward_event,meta,42977.0,1174.0,58690.0,58690.0,0.0,1.366,3.17
A. 0,Control,currency,HardCoin,coins,Hatchling Hideaway,event_reward,meta,42977.0,1722.0,53800.0,53800.0,0.0,1.252,2.91
A. 0,Control,currency,HardCoin,coins,red_event,reward_event,meta,42977.0,356.0,52800.0,52800.0,0.0,1.229,2.85
A. 0,Control,currency,HardCoin,coins,team_versus,reward_event,meta,42977.0,510.0,51910.0,51910.0,0.0,1.208,2.81
A. 0,Control,currency,HardCoin,coins,xs_coins_tier3,purchase,purchase,42977.0,101.0,45450.0,0.0,45450.0,1.058,2.46
A. 0,Control,currency,HardCoin,coins,Jigsaw,reward_event,meta,42977.0,1020.0,42500.0,42500.0,0.0,0.989,2.3
A. 0,Control,currency,HardCoin,coins,s_coins2,purchase,purchase,42977.0,9.0,35000.0,0.0,35000.0,0.814,1.89
A. 0,Control,currency,HardCoin,coins,dream_pass_event,reward_event,meta,42977.0,982.0,29180.0,29180.0,0.0,0.679,1.58
A. 0,Control,currency,HardCoin,coins,bundle_6_with_prelevel_boosters_tier3,purchase,purchase,42977.0,3.0,24000.0,0.0,24000.0,0.558,1.3
A. 0,Control,currency,HardCoin,coins,xs_coins2,purchase,purchase,42977.0,90.0,23600.0,0.0,23600.0,0.549,1.28
A. 0,Control,currency,HardCoin,coins,Hard_Level_Offer1,purchase,purchase,42977.0,155.0,22900.0,0.0,22900.0,0.533,1.24
A. 0,Control,currency,HardCoin,coins,single_collection,reward_event,meta,42977.0,167.0,19500.0,19500.0,0.0,0.454,1.05
A. 0,Control,currency,HardCoin,coins,bundle_2_with_prelevel_boosters2,purchase,purchase,42977.0,16.0,14000.0,0.0,14000.0,0.326,0.76
A. 0,Control,currency,HardCoin,coins,bundle_2_with_prelevel_boosters,purchase,purchase,42977.0,27.0,13500.0,0.0,13500.0,0.314,0.73
A. 0,Control,currency,HardCoin,coins,rolling_offer_tier1_p299,purchase,purchase,42977.0,45.0,9200.0,0.0,9200.0,0.214,0.5
A. 0,Control,currency,HardCoin,coins,bundle_3_with_prelevel_boosters_tier3,purchase,purchase,42977.0,8.0,9000.0,0.0,9000.0,0.209,0.49
A. 0,Control,currency,HardCoin,coins,bundle_4_with_prelevel_boosters_tier3,purchase,purchase,42977.0,4.0,8000.0,0.0,8000.0,0.186,0.43
A. 0,Control,currency,HardCoin,coins,Hard_level_offer1_tier3,purchase,purchase,42977.0,65.0,7000.0,0.0,7000.0,0.163,0.38
A. 0,Control,currency,HardCoin,coins,heart_gift,heart_gift,other,42977.0,3007.0,6740.0,6740.0,0.0,0.157,0.36
A. 0,Control,currency,HardCoin,coins,rolling_offer_p799_VarA,purchase,purchase,42977.0,12.0,6500.0,0.0,6500.0,0.151,0.35
A. 0,Control,currency,HardCoin,coins,saga_progression,chapter_complete,core,42977.0,293.0,6325.0,6325.0,0.0,0.147,0.34
A. 0,Control,currency,HardCoin,coins,dream_peak,reward_event,core,42977.0,13.0,6000.0,6000.0,0.0,0.14,0.32
A. 0,Control,currency,HardCoin,coins,season_pass_event,reward_event,meta,42977.0,294.0,5630.0,5630.0,0.0,0.131,0.3
A. 0,Control,currency,HardCoin,coins,rolling_offer_tier1_p499_VarA,purchase,purchase,42977.0,17.0,5100.0,0.0,5100.0,0.119,0.28
A. 0,Control,currency,HardCoin,coins,rolling_offer_p1999_VarA,purchase,purchase,42977.0,3.0,4500.0,0.0,4500.0,0.105,0.24
A. 0,Control,currency,HardCoin,coins,bundle_7_with_prelevel_boosters,purchase,purchase,42977.0,29.0,4350.0,0.0,4350.0,0.101,0.24
A. 0,Control,currency,HardCoin,coins,rolling_offer_tier1_p1499_VarA,purchase,purchase,42977.0,4.0,4000.0,0.0,4000.0,0.093,0.22
A. 0,Control,currency,HardCoin,coins,bundle_3_with_prelevel_boosters,purchase,purchase,42977.0,4.0,4000.0,0.0,4000.0,0.093,0.22
A. 0,Control,currency,HardCoin,coins,rolling_offer_tier1_p199_tier3,purchase,purchase,42977.0,18.0,3600.0,0.0,3600.0,0.084,0.19
A. 0,Control,currency,HardCoin,coins,kite_festival_event,reward_event,meta,42977.0,16.0,3200.0,3200.0,0.0,0.074,0.17
A. 0,Control,currency,HardCoin,coins,rolling_offer_p3999,purchase,purchase,42977.0,1.0,3000.0,0.0,3000.0,0.07,0.16
A. 0,Control,currency,HardCoin,coins,l_coins2,purchase,purchase,42977.0,1.0,2500.0,0.0,2500.0,0.058,0.14
A. 0,Control,currency,HardCoin,coins,rolling_offer_tier1_p2999_VARIANT_VarA,purchase,purchase,42977.0,1.0,2500.0,0.0,2500.0,0.058,0.14
A. 0,Control,currency,HardCoin,coins,special_offer9,purchase,purchase,42977.0,9.0,2250.0,0.0,2250.0,0.052,0.12
A. 0,Control,currency,HardCoin,coins,special_offer8,purchase,purchase,42977.0,9.0,2250.0,0.0,2250.0,0.052,0.12
A. 0,Control,currency,HardCoin,coins,bundle_7_with_prelevel_boosters2,purchase,purchase,42977.0,4.0,2100.0,0.0,2100.0,0.049,0.11
A. 0,Control,currency,HardCoin,coins,s_coins_tier3,purchase,purchase,42977.0,3.0,2000.0,0.0,2000.0,0.047,0.11
A. 0,Control,currency,HardCoin,coins,bundle_3_with_prelevel_boosters2,purchase,purchase,42977.0,2.0,2000.0,0.0,2000.0,0.047,0.11
A. 0,Control,currency,HardCoin,coins,rolling_offer_tier1_p299_tier3,purchase,purchase,42977.0,5.0,2000.0,0.0,2000.0,0.047,0.11
A. 0,Control,currency,HardCoin,coins,rolling_offer_tier1_p1499_VARIANT_tier3,purchase,purchase,42977.0,1.0,2000.0,0.0,2000.0,0.047,0.11
A. 0,Control,currency,HardCoin,coins,offer_free_items,rolling_offer,meta,42977.0,18.0,1800.0,1800.0,0.0,0.042,0.1
A. 0,Control,currency,HardCoin,coins,special_offer10,purchase,purchase,42977.0,5.0,1500.0,0.0,1500.0,0.035,0.08
A. 0,Control,currency,HardCoin,coins,rolling_offer_p999_tier3,purchase,purchase,42977.0,1.0,1400.0,0.0,1400.0,0.033,0.08
A. 0,Control,currency,HardCoin,coins,special_offer1_tier3,purchase,purchase,42977.0,4.0,1200.0,0.0,1200.0,0.028,0.06
A. 0,Control,currency,HardCoin,coins,rolling_offer_p349_tier3,purchase,purchase,42977.0,2.0,1100.0,0.0,1100.0,0.026,0.06
A. 0,Control,currency,HardCoin,coins,rolling_offer_tier1_p799_tier3,purchase,purchase,42977.0,1.0,1100.0,0.0,1100.0,0.026,0.06
A. 0,Control,currency,HardCoin,coins,bundle_2_with_prelevel_boosters_tier3,purchase,purchase,42977.0,2.0,1000.0,0.0,1000.0,0.023,0.05
A. 0,Control,currency,HardCoin,coins,m_coins_tier3,purchase,purchase,42977.0,1.0,1000.0,0.0,1000.0,0.023,0.05
A. 0,Control,currency,HardCoin,coins,special_offer3,purchase,purchase,42977.0,2.0,1000.0,0.0,1000.0,0.023,0.05
A. 0,Control,currency,HardCoin,coins,reward_chest,reward_chest,other,42977.0,10.0,910.0,910.0,0.0,0.021,0.05
A. 0,Control,currency,HardCoin,coins,great_offer1_299,purchase,purchase,42977.0,9.0,900.0,0.0,900.0,0.021,0.05
A. 0,Control,currency,HardCoin,coins,special_offer8_tier3,purchase,purchase,42977.0,2.0,800.0,0.0,800.0,0.019,0.04
A. 0,Control,currency,HardCoin,coins,gift,gift,other,42977.0,4.0,800.0,800.0,0.0,0.019,0.04
A. 0,Control,currency,HardCoin,coins,special_offer11,purchase,purchase,42977.0,1.0,700.0,0.0,700.0,0.016,0.04
A. 0,Control,currency,HardCoin,coins,great_offer1_199_tier3,purchase,purchase,42977.0,7.0,700.0,0.0,700.0,0.016,0.04
A. 0,Control,currency,HardCoin,coins,facebook_like,facebook_like,other,42977.0,6.0,600.0,600.0,0.0,0.014,0.03
A. 0,Control,currency,HardCoin,coins,special_offer1,purchase,purchase,42977.0,2.0,600.0,0.0,600.0,0.014,0.03
A. 0,Control,currency,HardCoin,coins,xs_coins,purchase,purchase,42977.0,2.0,600.0,0.0,600.0,0.014,0.03
A. 0,Control,currency,HardCoin,coins,special_offer10_tier3,purchase,purchase,42977.0,1.0,500.0,0.0,500.0,0.012,0.03
A. 0,Control,currency,HardCoin,coins,s_coins,purchase,purchase,42977.0,1.0,500.0,0.0,500.0,0.012,0.03
A. 0,Control,currency,HardCoin,coins,great_offer1_199,purchase,purchase,42977.0,2.0,300.0,0.0,300.0,0.007,0.02
A. 0,Control,currency,HardCoin,coins,chuck_event,reward_event,meta,42977.0,4.0,300.0,300.0,0.0,0.007,0.02
A. 0,Control,currency,HardCoin,coins,bundle_7_with_prelevel_boosters_tier3,purchase,purchase,42977.0,2.0,300.0,0.0,300.0,0.007,0.02
A. 0,Control,currency,HardCoin,coins,special_offer9_tier3,purchase,purchase,42977.0,1.0,300.0,0.0,300.0,0.007,0.02
A. 0,Control,currency,HardCoin,coins,league_rank_up,league_reward,meta,42977.0,1.0,200.0,200.0,0.0,0.005,0.01
A. 0,Control,currency,HardCoin,coins,reds_club,reds_club,other,42977.0,2.0,200.0,200.0,0.0,0.005,0.01
A. 0,Control,currency,HardCoin,coins,bundle_1_with_prelevel_boosters,purchase,purchase,42977.0,1.0,200.0,0.0,200.0,0.005,0.01
A. 0,Control,currency,HardCoin,coins,Photoshoot,reward_event,meta,42977.0,7.0,200.0,200.0,0.0,0.005,0.01
A. 0,Control,currency,HardCoin,coins,event_progress,reward_event,meta,42977.0,2.0,75.0,75.0,0.0,0.002,0.0
A. 0,Control,currency,HardCoin,coins,bomb_ballet_event,reward_event,meta,42977.0,3.0,75.0,75.0,0.0,0.002,0.0
A. 0,Control,currency,HardCoin,coins,special_event,reward_event,meta,42977.0,1.0,50.0,50.0,0.0,0.001,0.0
A. 0,Control,currency,HardCoin,coins,DreamAdventure,reward_event,meta,42977.0,1.0,10.0,10.0,0.0,0.0,0.0
A. 0,Control,dream_pass_tokens,DreamPassToken,items,offer_free_items,rolling_offer,meta,42977.0,2344.0,116960.0,,,2.721,43.53
A. 0,Control,dream_pass_tokens,DreamPassToken,items,race_event,reward_event,meta,42977.0,2079.0,105340.0,,,2.451,39.21
A. 0,Control,dream_pass_tokens,DreamPassToken,items,FlockRush,event_reward,meta,42977.0,1280.0,25860.0,,,0.602,9.63
A. 0,Control,dream_pass_tokens,DreamPassToken,items,kite_festival_event,reward_event,meta,42977.0,94.0,10430.0,,,0.243,3.88
A. 0,Control,dream_pass_tokens,DreamPassToken,items,river_rush,reward_event,meta,42977.0,257.0,10080.0,,,0.235,3.75
A. 0,Control,life,life,items,ask_for_lives,ask_for_lives,other,42977.0,1193.0,5706.0,,,0.133,75.34
A. 0,Control,life,life,items,ad_life,ad_life,ads,42977.0,1240.0,1868.0,,,0.043,24.66
A. 0,Control,life,liferefill,items,coin_purchase,coin_purchase,other,42977.0,574.0,4850.0,,,0.113,100.0
A. 0,Control,orb,Movie_Magic,items,dream_pass_event,reward_event,meta,42977.0,5.0,6.0,,,0.0,100.0
A. 0,Control,orb,Reds_Greatest_Challenge,items,dream_pass_event,reward_event,meta,42977.0,151.0,151.0,,,0.004,100.0
A. 0,Control,powerup,powerup_1,items,ad_chest,ad_chest,ads,42977.0,917.0,1110.0,,,0.026,14.29
A. 0,Control,powerup,powerup_1,items,team_versus,reward_event,meta,42977.0,827.0,840.0,,,0.02,10.81
A. 0,Control,powerup,powerup_1,items,race_event,reward_event,meta,42977.0,814.0,837.0,,,0.019,10.77
A. 0,Control,powerup,powerup_1,items,Hatchling Hideaway,event_reward,meta,42977.0,690.0,719.0,,,0.017,9.26
A. 0,Control,powerup,powerup_1,items,team_versus_contribution,reward_event,meta,42977.0,675.0,676.0,,,0.016,8.7
A. 0,Control,powerup,powerup_1,items,river_rush,reward_event,meta,42977.0,469.0,671.0,,,0.016,8.64
A. 0,Control,powerup,powerup_1,items,team_collection,reward_event,meta,42977.0,476.0,636.0,,,0.015,8.19
A. 0,Control,powerup,powerup_1,items,daily_reward,daily_reward,core,42977.0,361.0,368.0,,,0.009,4.74
A. 0,Control,powerup,powerup_1,items,Jigsaw,reward_event,meta,42977.0,325.0,330.0,,,0.008,4.25
A. 0,Control,powerup,powerup_1,items,ArcheryArena,reward_event,meta,42977.0,250.0,261.0,,,0.006,3.36
A. 0,Control,powerup,powerup_1,items,bomb_event,reward_event,meta,42977.0,237.0,245.0,,,0.006,3.15
A. 0,Control,powerup,powerup_1,items,player_level_up,reward_chest,core,42977.0,233.0,238.0,,,0.006,3.06
A. 0,Control,powerup,powerup_1,items,red_event,reward_event,meta,42977.0,184.0,190.0,,,0.004,2.45
A. 0,Control,powerup,powerup_1,items,bundle_6_with_prelevel_boosters_tier3,purchase,purchase,42977.0,3.0,75.0,,,0.002,0.97
A. 0,Control,powerup,powerup_1,items,dream_pass_event,reward_event,meta,42977.0,43.0,71.0,,,0.002,0.91
A. 0,Control,powerup,powerup_1,items,bundle_2_with_prelevel_boosters2,purchase,purchase,42977.0,16.0,56.0,,,0.001,0.72
A. 0,Control,powerup,powerup_1,items,single_collection,reward_event,meta,42977.0,48.0,50.0,,,0.001,0.64
A. 0,Control,powerup,powerup_1,items,offer_free_items,rolling_offer,meta,42977.0,30.0,46.0,,,0.001,0.59
A. 0,Control,powerup,powerup_1,items,rolling_offer_tier1_p299,purchase,purchase,42977.0,45.0,46.0,,,0.001,0.59
A. 0,Control,powerup,powerup_1,items,bundle_7_with_prelevel_boosters,purchase,purchase,42977.0,29.0,29.0,,,0.001,0.37
A. 0,Control,powerup,powerup_1,items,bundle_2_with_prelevel_boosters,purchase,purchase,42977.0,27.0,27.0,,,0.001,0.35
A. 0,Control,powerup,powerup_1,items,bundle_4_with_prelevel_boosters_tier3,purchase,purchase,42977.0,4.0,20.0,,,0.0,0.26
A. 0,Control,powerup,powerup_1,items,bundle_3_with_prelevel_boosters_tier3,purchase,purchase,42977.0,8.0,18.0,,,0.0,0.23
A. 0,Control,powerup,powerup_1,items,rolling_offer_tier1_p199_tier3,purchase,purchase,42977.0,18.0,18.0,,,0.0,0.23
A. 0,Control,powerup,powerup_1,items,rolling_offer_tier1_p499_VarA,purchase,purchase,42977.0,17.0,17.0,,,0.0,0.22
A. 0,Control,powerup,powerup_1,items,saga_progression,chapter_complete,core,42977.0,15.0,16.0,,,0.0,0.21
A. 0,Control,powerup,powerup_1,items,rolling_offer_p799_VarA,purchase,purchase,42977.0,12.0,13.0,,,0.0,0.17
A. 0,Control,powerup,powerup_1,items,gift,gift,other,42977.0,13.0,13.0,,,0.0,0.17
A. 0,Control,powerup,powerup_1,items,special_offer8,purchase,purchase,42977.0,9.0,9.0,,,0.0,0.12
A. 0,Control,powerup,powerup_1,items,ingame,purchase,purchase,42977.0,3.0,9.0,,,0.0,0.12
A. 0,Control,powerup,powerup_1,items,reward_chest,reward_chest,other,42977.0,9.0,9.0,,,0.0,0.12
A. 0,Control,powerup,powerup_1,items,rolling_offer_p3999,purchase,purchase,42977.0,1.0,9.0,,,0.0,0.12
A. 0,Control,powerup,powerup_1,items,special_offer9,purchase,purchase,42977.0,9.0,9.0,,,0.0,0.12
A. 0,Control,powerup,powerup_1,items,bundle_3_with_prelevel_boosters2,purchase,purchase,42977.0,2.0,8.0,,,0.0,0.1
A. 0,Control,powerup,powerup_1,items,bundle_3_with_prelevel_boosters,purchase,purchase,42977.0,4.0,8.0,,,0.0,0.1
A. 0,Control,powerup,powerup_1,items,dream_peak,reward_event,core,42977.0,6.0,8.0,,,0.0,0.1
A. 0,Control,powerup,powerup_1,items,bundle_7_with_prelevel_boosters2,purchase,purchase,42977.0,4.0,7.0,,,0.0,0.09
A. 0,Control,powerup,powerup_1,items,special_offer3,purchase,purchase,42977.0,2.0,6.0,,,0.0,0.08
A. 0,Control,powerup,powerup_1,items,rolling_offer_p1999_VarA,purchase,purchase,42977.0,3.0,6.0,,,0.0,0.08
A. 0,Control,powerup,powerup_1,items,special_offer10,purchase,purchase,42977.0,5.0,5.0,,,0.0,0.06
A. 0,Control,powerup,powerup_1,items,rolling_offer_tier1_p299_tier3,purchase,purchase,42977.0,5.0,5.0,,,0.0,0.06
A. 0,Control,powerup,powerup_1,items,rolling_offer_tier1_p1499_VarA,purchase,purchase,42977.0,4.0,4.0,,,0.0,0.05
A. 0,Control,powerup,powerup_1,items,kite_festival_event,reward_event,meta,42977.0,4.0,4.0,,,0.0,0.05
A. 0,Control,powerup,powerup_1,items,rolling_offer_tier1_p2999_VARIANT_VarA,purchase,purchase,42977.0,1.0,4.0,,,0.0,0.05
A. 0,Control,powerup,powerup_1,items,rolling_offer_tier1_p1499_VARIANT_tier3,purchase,purchase,42977.0,1.0,4.0,,,0.0,0.05
A. 0,Control,powerup,powerup_1,items,special_offer11,purchase,purchase,42977.0,1.0,3.0,,,0.0,0.04
A. 0,Control,powerup,powerup_1,items,special_offer8_tier3,purchase,purchase,42977.0,2.0,2.0,,,0.0,0.03
A. 0,Control,powerup,powerup_1,items,rolling_offer_p999_tier3,purchase,purchase,42977.0,1.0,2.0,,,0.0,0.03
A. 0,Control,powerup,powerup_1,items,bundle_7_with_prelevel_boosters_tier3,purchase,purchase,42977.0,2.0,2.0,,,0.0,0.03
A. 0,Control,powerup,powerup_1,items,rolling_offer_p349_tier3,purchase,purchase,42977.0,2.0,2.0,,,0.0,0.03
A. 0,Control,powerup,powerup_1,items,bundle_2_with_prelevel_boosters_tier3,purchase,purchase,42977.0,2.0,2.0,,,0.0,0.03
A. 0,Control,powerup,powerup_1,items,bundle_1_with_prelevel_boosters,purchase,purchase,42977.0,1.0,1.0,,,0.0,0.01
A. 0,Control,powerup,powerup_1,items,rolling_offer_tier1_p799_tier3,purchase,purchase,42977.0,1.0,1.0,,,0.0,0.01
A. 0,Control,powerup,powerup_1,items,special_event,reward_event,meta,42977.0,1.0,1.0,,,0.0,0.01
A. 0,Control,powerup,powerup_1,items,special_offer10_tier3,purchase,purchase,42977.0,1.0,1.0,,,0.0,0.01
A. 0,Control,powerup,powerup_1,items,special_offer9_tier3,purchase,purchase,42977.0,1.0,1.0,,,0.0,0.01
A. 0,Control,powerup,powerup_2,items,daily_reward,daily_reward,core,42977.0,4280.0,4403.0,,,0.102,25.22
A. 0,Control,powerup,powerup_2,items,ad_chest,ad_chest,ads,42977.0,1802.0,2295.0,,,0.053,13.14
A. 0,Control,powerup,powerup_2,items,team_collection,reward_event,meta,42977.0,1332.0,2165.0,,,0.05,12.4
A. 0,Control,powerup,powerup_2,items,FlockRush,event_reward,meta,42977.0,1344.0,1360.0,,,0.032,7.79
A. 0,Control,powerup,powerup_2,items,Hatchling Hideaway,event_reward,meta,42977.0,832.0,856.0,,,0.02,4.9
A. 0,Control,powerup,powerup_2,items,river_rush,reward_event,meta,42977.0,490.0,837.0,,,0.019,4.79
A. 0,Control,powerup,powerup_2,items,team_versus,reward_event,meta,42977.0,594.0,599.0,,,0.014,3.43
A. 0,Control,powerup,powerup_2,items,ArcheryArena,reward_event,meta,42977.0,570.0,594.0,,,0.014,3.4
A. 0,Control,powerup,powerup_2,items,bomb_event,reward_event,meta,42977.0,537.0,560.0,,,0.013,3.21
A. 0,Control,powerup,powerup_2,items,player_level_up,reward_chest,core,42977.0,530.0,539.0,,,0.013,3.09
A. 0,Control,powerup,powerup_2,items,single_collection,reward_event,meta,42977.0,502.0,521.0,,,0.012,2.98
A. 0,Control,powerup,powerup_2,items,Jigsaw,reward_event,meta,42977.0,391.0,412.0,,,0.01,2.36
A. 0,Control,powerup,powerup_2,items,race_event,reward_event,meta,42977.0,381.0,392.0,,,0.009,2.25
A. 0,Control,powerup,powerup_2,items,red_event,reward_event,meta,42977.0,338.0,359.0,,,0.008,2.06
A. 0,Control,powerup,powerup_2,items,ingame,purchase,purchase,42977.0,77.0,324.0,,,0.008,1.86
A. 0,Control,powerup,powerup_2,items,dream_pass_event,reward_event,meta,42977.0,184.0,236.0,,,0.005,1.35
A. 0,Control,powerup,powerup_2,items,team_versus_contribution,reward_event,meta,42977.0,188.0,192.0,,,0.004,1.1
A. 0,Control,powerup,powerup_2,items,offer_free_items,rolling_offer,meta,42977.0,92.0,160.0,,,0.004,0.92
A. 0,Control,powerup,powerup_2,items,bundle_6_with_prelevel_boosters_tier3,purchase,purchase,42977.0,3.0,75.0,,,0.002,0.43
A. 0,Control,powerup,powerup_2,items,bundle_2_with_prelevel_boosters2,purchase,purchase,42977.0,16.0,56.0,,,0.001,0.32
A. 0,Control,powerup,powerup_2,items,saga_progression,chapter_complete,core,42977.0,47.0,51.0,,,0.001,0.29
A. 0,Control,powerup,powerup_2,items,rolling_offer_tier1_p299,purchase,purchase,42977.0,45.0,46.0,,,0.001,0.26
A. 0,Control,powerup,powerup_2,items,kite_festival_event,reward_event,meta,42977.0,36.0,38.0,,,0.001,0.22
A. 0,Control,powerup,powerup_2,items,gift,gift,other,42977.0,13.0,37.0,,,0.001,0.21
A. 0,Control,powerup,powerup_2,items,bundle_7_with_prelevel_boosters,purchase,purchase,42977.0,29.0,29.0,,,0.001,0.17
A. 0,Control,powerup,powerup_2,items,bundle_2_with_prelevel_boosters,purchase,purchase,42977.0,27.0,27.0,,,0.001,0.15
A. 0,Control,powerup,powerup_2,items,league_rank_up,league_reward,meta,42977.0,15.0,27.0,,,0.001,0.15
A. 0,Control,powerup,powerup_2,items,bundle_4_with_prelevel_boosters_tier3,purchase,purchase,42977.0,4.0,20.0,,,0.0,0.11
A. 0,Control,powerup,powerup_2,items,rolling_offer_tier1_p199_tier3,purchase,purchase,42977.0,18.0,18.0,,,0.0,0.1
A. 0,Control,powerup,powerup_2,items,special_offer9,purchase,purchase,42977.0,9.0,18.0,,,0.0,0.1
A. 0,Control,powerup,powerup_2,items,bundle_3_with_prelevel_boosters_tier3,purchase,purchase,42977.0,8.0,18.0,,,0.0,0.1
A. 0,Control,powerup,powerup_2,items,special_offer8,purchase,purchase,42977.0,9.0,18.0,,,0.0,0.1
A. 0,Control,powerup,powerup_2,items,rolling_offer_tier1_p499_VarA,purchase,purchase,42977.0,17.0,17.0,,,0.0,0.1
A. 0,Control,powerup,powerup_2,items,special_offer10,purchase,purchase,42977.0,5.0,15.0,,,0.0,0.09
A. 0,Control,powerup,powerup_2,items,rolling_offer_p799_VarA,purchase,purchase,42977.0,12.0,13.0,,,0.0,0.07
A. 0,Control,powerup,powerup_2,items,rolling_offer_p3999,purchase,purchase,42977.0,1.0,10.0,,,0.0,0.06
A. 0,Control,powerup,powerup_2,items,special_offer3,purchase,purchase,42977.0,2.0,10.0,,,0.0,0.06
A. 0,Control,powerup,powerup_2,items,dream_peak,reward_event,core,42977.0,7.0,9.0,,,0.0,0.05
A. 0,Control,powerup,powerup_2,items,reward_chest,reward_chest,other,42977.0,9.0,9.0,,,0.0,0.05
A. 0,Control,powerup,powerup_2,items,chuck_event,reward_event,meta,42977.0,9.0,9.0,,,0.0,0.05
A. 0,Control,powerup,powerup_2,items,rolling_offer_p1999_VarA,purchase,purchase,42977.0,3.0,9.0,,,0.0,0.05
A. 0,Control,powerup,powerup_2,items,bundle_3_with_prelevel_boosters2,purchase,purchase,42977.0,2.0,8.0,,,0.0,0.05
A. 0,Control,powerup,powerup_2,items,rolling_offer_tier1_p1499_VarA,purchase,purchase,42977.0,4.0,8.0,,,0.0,0.05
A. 0,Control,powerup,powerup_2,items,bundle_3_with_prelevel_boosters,purchase,purchase,42977.0,4.0,8.0,,,0.0,0.05
A. 0,Control,powerup,powerup_2,items,bundle_7_with_prelevel_boosters2,purchase,purchase,42977.0,4.0,7.0,,,0.0,0.04
A. 0,Control,powerup,powerup_2,items,rolling_offer_tier1_p1499_VARIANT_tier3,purchase,purchase,42977.0,1.0,5.0,,,0.0,0.03
A. 0,Control,powerup,powerup_2,items,rolling_offer_tier1_p299_tier3,purchase,purchase,42977.0,5.0,5.0,,,0.0,0.03
A. 0,Control,powerup,powerup_2,items,rolling_offer_tier1_p2999_VARIANT_VarA,purchase,purchase,42977.0,1.0,5.0,,,0.0,0.03
A. 0,Control,powerup,powerup_2,items,special_offer8_tier3,purchase,purchase,42977.0,2.0,4.0,,,0.0,0.02
A. 0,Control,powerup,powerup_2,items,season_pass_event,reward_event,meta,42977.0,3.0,4.0,,,0.0,0.02
A. 0,Control,powerup,powerup_2,items,special_offer10_tier3,purchase,purchase,42977.0,1.0,3.0,,,0.0,0.02
A. 0,Control,powerup,powerup_2,items,special_offer11,purchase,purchase,42977.0,1.0,3.0,,,0.0,0.02
A. 0,Control,powerup,powerup_2,items,rolling_offer_p999_tier3,purchase,purchase,42977.0,1.0,3.0,,,0.0,0.02
A. 0,Control,powerup,powerup_2,items,bundle_2_with_prelevel_boosters_tier3,purchase,purchase,42977.0,2.0,2.0,,,0.0,0.01
A. 0,Control,powerup,powerup_2,items,bundle_7_with_prelevel_boosters_tier3,purchase,purchase,42977.0,2.0,2.0,,,0.0,0.01
A. 0,Control,powerup,powerup_2,items,wager_event,reward_event,meta,42977.0,2.0,2.0,,,0.0,0.01
A. 0,Control,powerup,powerup_2,items,rolling_offer_tier1_p799_tier3,purchase,purchase,42977.0,1.0,2.0,,,0.0,0.01
A. 0,Control,powerup,powerup_2,items,rolling_offer_p349_tier3,purchase,purchase,42977.0,2.0,2.0,,,0.0,0.01
A. 0,Control,powerup,powerup_2,items,special_offer9_tier3,purchase,purchase,42977.0,1.0,2.0,,,0.0,0.01
A. 0,Control,powerup,powerup_2,items,event_progress,reward_event,meta,42977.0,1.0,1.0,,,0.0,0.01
A. 0,Control,powerup,powerup_2,items,bundle_1_with_prelevel_boosters,purchase,purchase,42977.0,1.0,1.0,,,0.0,0.01
A. 0,Control,powerup,powerup_3,items,daily_reward,daily_reward,core,42977.0,2887.0,2971.0,,,0.069,22.4
A. 0,Control,powerup,powerup_3,items,ad_chest,ad_chest,ads,42977.0,1859.0,2390.0,,,0.056,18.02
A. 0,Control,powerup,powerup_3,items,Hatchling Hideaway,event_reward,meta,42977.0,1001.0,1030.0,,,0.024,7.77
A. 0,Control,powerup,powerup_3,items,team_collection,reward_event,meta,42977.0,375.0,844.0,,,0.02,6.36
A. 0,Control,powerup,powerup_3,items,team_versus,reward_event,meta,42977.0,782.0,795.0,,,0.018,5.99
A. 0,Control,powerup,powerup_3,items,player_level_up,reward_chest,core,42977.0,680.0,694.0,,,0.016,5.23
A. 0,Control,powerup,powerup_3,items,ArcheryArena,reward_event,meta,42977.0,613.0,630.0,,,0.015,4.75
A. 0,Control,powerup,powerup_3,items,bomb_event,reward_event,meta,42977.0,591.0,617.0,,,0.014,4.65
A. 0,Control,powerup,powerup_3,items,race_event,reward_event,meta,42977.0,551.0,566.0,,,0.013,4.27
A. 0,Control,powerup,powerup_3,items,river_rush,reward_event,meta,42977.0,361.0,498.0,,,0.012,3.75
A. 0,Control,powerup,powerup_3,items,dream_pass_event,reward_event,meta,42977.0,335.0,432.0,,,0.01,3.26
A. 0,Control,powerup,powerup_3,items,red_event,reward_event,meta,42977.0,313.0,322.0,,,0.007,2.43
A. 0,Control,powerup,powerup_3,items,team_versus_contribution,reward_event,meta,42977.0,311.0,315.0,,,0.007,2.38
A. 0,Control,powerup,powerup_3,items,single_collection,reward_event,meta,42977.0,281.0,306.0,,,0.007,2.31
A. 0,Control,powerup,powerup_3,items,ingame,purchase,purchase,42977.0,32.0,96.0,,,0.002,0.72
A. 0,Control,powerup,powerup_3,items,offer_free_items,rolling_offer,meta,42977.0,40.0,87.0,,,0.002,0.66
A. 0,Control,powerup,powerup_3,items,bundle_6_with_prelevel_boosters_tier3,purchase,purchase,42977.0,3.0,75.0,,,0.002,0.57
A. 0,Control,powerup,powerup_3,items,bundle_2_with_prelevel_boosters2,purchase,purchase,42977.0,16.0,56.0,,,0.001,0.42
A. 0,Control,powerup,powerup_3,items,saga_progression,chapter_complete,core,42977.0,48.0,50.0,,,0.001,0.38
A. 0,Control,powerup,powerup_3,items,rolling_offer_tier1_p299,purchase,purchase,42977.0,45.0,46.0,,,0.001,0.35
A. 0,Control,powerup,powerup_3,items,gift,gift,other,42977.0,13.0,37.0,,,0.001,0.28
A. 0,Control,powerup,powerup_3,items,bundle_7_with_prelevel_boosters,purchase,purchase,42977.0,29.0,29.0,,,0.001,0.22
A. 0,Control,powerup,powerup_3,items,kite_festival_event,reward_event,meta,42977.0,23.0,27.0,,,0.001,0.2
A. 0,Control,powerup,powerup_3,items,bundle_2_with_prelevel_boosters,purchase,purchase,42977.0,27.0,27.0,,,0.001,0.2
A. 0,Control,powerup,powerup_3,items,season_pass_event,reward_event,meta,42977.0,22.0,26.0,,,0.001,0.2
A. 0,Control,powerup,powerup_3,items,dream_peak,reward_event,core,42977.0,24.0,25.0,,,0.001,0.19
A. 0,Control,powerup,powerup_3,items,bundle_4_with_prelevel_boosters_tier3,purchase,purchase,42977.0,4.0,20.0,,,0.0,0.15
A. 0,Control,powerup,powerup_3,items,special_offer8,purchase,purchase,42977.0,9.0,18.0,,,0.0,0.14
A. 0,Control,powerup,powerup_3,items,special_offer9,purchase,purchase,42977.0,9.0,18.0,,,0.0,0.14
A. 0,Control,powerup,powerup_3,items,bundle_3_with_prelevel_boosters_tier3,purchase,purchase,42977.0,8.0,18.0,,,0.0,0.14
A. 0,Control,powerup,powerup_3,items,rolling_offer_tier1_p199_tier3,purchase,purchase,42977.0,18.0,18.0,,,0.0,0.14
A. 0,Control,powerup,powerup_3,items,rolling_offer_tier1_p499_VarA,purchase,purchase,42977.0,17.0,17.0,,,0.0,0.13
A. 0,Control,powerup,powerup_3,items,special_offer10,purchase,purchase,42977.0,5.0,15.0,,,0.0,0.11
A. 0,Control,powerup,powerup_3,items,rolling_offer_p799_VarA,purchase,purchase,42977.0,12.0,13.0,,,0.0,0.1
A. 0,Control,powerup,powerup_3,items,facebook_like,facebook_like,other,42977.0,6.0,12.0,,,0.0,0.09
A. 0,Control,powerup,powerup_3,items,special_offer3,purchase,purchase,42977.0,2.0,10.0,,,0.0,0.08
A. 0,Control,powerup,powerup_3,items,rolling_offer_p3999,purchase,purchase,42977.0,1.0,10.0,,,0.0,0.08
A. 0,Control,powerup,powerup_3,items,reward_chest,reward_chest,other,42977.0,9.0,9.0,,,0.0,0.07
A. 0,Control,powerup,powerup_3,items,rolling_offer_p1999_VarA,purchase,purchase,42977.0,3.0,9.0,,,0.0,0.07
A. 0,Control,powerup,powerup_3,items,rolling_offer_tier1_p1499_VarA,purchase,purchase,42977.0,4.0,8.0,,,0.0,0.06
A. 0,Control,powerup,powerup_3,items,bundle_3_with_prelevel_boosters,purchase,purchase,42977.0,4.0,8.0,,,0.0,0.06
A. 0,Control,powerup,powerup_3,items,bundle_3_with_prelevel_boosters2,purchase,purchase,42977.0,2.0,8.0,,,0.0,0.06
A. 0,Control,powerup,powerup_3,items,bundle_7_with_prelevel_boosters2,purchase,purchase,42977.0,4.0,7.0,,,0.0,0.05
A. 0,Control,powerup,powerup_3,items,league_rank_up,league_reward,meta,42977.0,3.0,7.0,,,0.0,0.05
A. 0,Control,powerup,powerup_3,items,chuck_event,reward_event,meta,42977.0,7.0,7.0,,,0.0,0.05
A. 0,Control,powerup,powerup_3,items,rolling_offer_tier1_p2999_VARIANT_VarA,purchase,purchase,42977.0,1.0,5.0,,,0.0,0.04
A. 0,Control,powerup,powerup_3,items,rolling_offer_tier1_p299_tier3,purchase,purchase,42977.0,5.0,5.0,,,0.0,0.04
A. 0,Control,powerup,powerup_3,items,rolling_offer_tier1_p1499_VARIANT_tier3,purchase,purchase,42977.0,1.0,5.0,,,0.0,0.04
A. 0,Control,powerup,powerup_3,items,special_offer8_tier3,purchase,purchase,42977.0,2.0,4.0,,,0.0,0.03
A. 0,Control,powerup,powerup_3,items,special_offer10_tier3,purchase,purchase,42977.0,1.0,3.0,,,0.0,0.02
A. 0,Control,powerup,powerup_3,items,special_offer11,purchase,purchase,42977.0,1.0,3.0,,,0.0,0.02
A. 0,Control,powerup,powerup_3,items,rolling_offer_p999_tier3,purchase,purchase,42977.0,1.0,3.0,,,0.0,0.02
A. 0,Control,powerup,powerup_3,items,bundle_2_with_prelevel_boosters_tier3,purchase,purchase,42977.0,2.0,2.0,,,0.0,0.02
A. 0,Control,powerup,powerup_3,items,bundle_7_with_prelevel_boosters_tier3,purchase,purchase,42977.0,2.0,2.0,,,0.0,0.02
A. 0,Control,powerup,powerup_3,items,rolling_offer_p349_tier3,purchase,purchase,42977.0,2.0,2.0,,,0.0,0.02
A. 0,Control,powerup,powerup_3,items,rolling_offer_tier1_p799_tier3,purchase,purchase,42977.0,1.0,2.0,,,0.0,0.02
A. 0,Control,powerup,powerup_3,items,special_offer9_tier3,purchase,purchase,42977.0,1.0,2.0,,,0.0,0.02
A. 0,Control,powerup,powerup_3,items,special_event,reward_event,meta,42977.0,1.0,1.0,,,0.0,0.01
A. 0,Control,powerup,powerup_3,items,bundle_1_with_prelevel_boosters,purchase,purchase,42977.0,1.0,1.0,,,0.0,0.01
A. 0,Control,pre_level_booster,pre_level_booster_1,items,offer_free_items,rolling_offer,meta,42977.0,2788.0,2882.0,,,0.067,32.12
A. 0,Control,pre_level_booster,pre_level_booster_1,items,Hatchling Hideaway,event_reward,meta,42977.0,1708.0,1750.0,,,0.041,19.51
A. 0,Control,pre_level_booster,pre_level_booster_1,items,FlockRush,event_reward,meta,42977.0,1344.0,1360.0,,,0.032,15.16
A. 0,Control,pre_level_booster,pre_level_booster_1,items,dream_pass_event,reward_event,meta,42977.0,525.0,813.0,,,0.019,9.06
A. 0,Control,pre_level_booster,pre_level_booster_1,items,Jigsaw,reward_event,meta,42977.0,501.0,553.0,,,0.013,6.16
A. 0,Control,pre_level_booster,pre_level_booster_1,items,player_level_up,reward_chest,core,42977.0,251.0,258.0,,,0.006,2.88
A. 0,Control,pre_level_booster,pre_level_booster_1,items,river_rush,reward_event,meta,42977.0,220.0,243.0,,,0.006,2.71
A. 0,Control,pre_level_booster,pre_level_booster_1,items,season_pass_event,reward_event,meta,42977.0,141.0,209.0,,,0.005,2.33
A. 0,Control,pre_level_booster,pre_level_booster_1,items,team_versus_contribution,reward_event,meta,42977.0,188.0,192.0,,,0.004,2.14
A. 0,Control,pre_level_booster,pre_level_booster_1,items,saga_progression,chapter_complete,core,42977.0,161.0,170.0,,,0.004,1.89
A. 0,Control,pre_level_booster,pre_level_booster_1,items,ingame,purchase,purchase,42977.0,29.0,87.0,,,0.002,0.97
A. 0,Control,pre_level_booster,pre_level_booster_1,items,bundle_6_with_prelevel_boosters_tier3,purchase,purchase,42977.0,3.0,75.0,,,0.002,0.84
A. 0,Control,pre_level_booster,pre_level_booster_1,items,race_event,reward_event,meta,42977.0,61.0,62.0,,,0.001,0.69
A. 0,Control,pre_level_booster,pre_level_booster_1,items,bundle_2_with_prelevel_boosters2,purchase,purchase,42977.0,16.0,56.0,,,0.001,0.62
A. 0,Control,pre_level_booster,pre_level_booster_1,items,rolling_offer_tier1_p299,purchase,purchase,42977.0,45.0,46.0,,,0.001,0.51
A. 0,Control,pre_level_booster,pre_level_booster_1,items,bundle_7_with_prelevel_boosters,purchase,purchase,42977.0,29.0,29.0,,,0.001,0.32
A. 0,Control,pre_level_booster,pre_level_booster_1,items,bundle_2_with_prelevel_boosters,purchase,purchase,42977.0,27.0,27.0,,,0.001,0.3
A. 0,Control,pre_level_booster,pre_level_booster_1,items,bundle_4_with_prelevel_boosters_tier3,purchase,purchase,42977.0,4.0,20.0,,,0.0,0.22
A. 0,Control,pre_level_booster,pre_level_booster_1,items,bundle_3_with_prelevel_boosters_tier3,purchase,purchase,42977.0,8.0,18.0,,,0.0,0.2
A. 0,Control,pre_level_booster,pre_level_booster_1,items,rolling_offer_tier1_p199_tier3,purchase,purchase,42977.0,18.0,18.0,,,0.0,0.2
A. 0,Control,pre_level_booster,pre_level_booster_1,items,kite_festival_event,reward_event,meta,42977.0,13.0,15.0,,,0.0,0.17
A. 0,Control,pre_level_booster,pre_level_booster_1,items,rolling_offer_p799_VarA,purchase,purchase,42977.0,12.0,13.0,,,0.0,0.14
A. 0,Control,pre_level_booster,pre_level_booster_1,items,reward_chest,reward_chest,other,42977.0,9.0,9.0,,,0.0,0.1
A. 0,Control,pre_level_booster,pre_level_booster_1,items,bundle_3_with_prelevel_boosters2,purchase,purchase,42977.0,2.0,8.0,,,0.0,0.09
A. 0,Control,pre_level_booster,pre_level_booster_1,items,bundle_3_with_prelevel_boosters,purchase,purchase,42977.0,4.0,8.0,,,0.0,0.09
A. 0,Control,pre_level_booster,pre_level_booster_1,items,bundle_7_with_prelevel_boosters2,purchase,purchase,42977.0,4.0,7.0,,,0.0,0.08
A. 0,Control,pre_level_booster,pre_level_booster_1,items,rolling_offer_p3999,purchase,purchase,42977.0,1.0,7.0,,,0.0,0.08
A. 0,Control,pre_level_booster,pre_level_booster_1,items,rolling_offer_tier1_p299_tier3,purchase,purchase,42977.0,5.0,5.0,,,0.0,0.06
A. 0,Control,pre_level_booster,pre_level_booster_1,items,Photoshoot,reward_event,meta,42977.0,4.0,4.0,,,0.0,0.04
A. 0,Control,pre_level_booster,pre_level_booster_1,items,rolling_offer_tier1_p1499_VarA,purchase,purchase,42977.0,4.0,4.0,,,0.0,0.04
A. 0,Control,pre_level_booster,pre_level_booster_1,items,rolling_offer_p1999_VarA,purchase,purchase,42977.0,3.0,3.0,,,0.0,0.03
A. 0,Control,pre_level_booster,pre_level_booster_1,items,bundle_2_with_prelevel_boosters_tier3,purchase,purchase,42977.0,2.0,2.0,,,0.0,0.02
A. 0,Control,pre_level_booster,pre_level_booster_1,items,great_offer1_199,purchase,purchase,42977.0,2.0,2.0,,,0.0,0.02
A. 0,Control,pre_level_booster,pre_level_booster_1,items,ArcheryArena,reward_event,meta,42977.0,2.0,2.0,,,0.0,0.02
A. 0,Control,pre_level_booster,pre_level_booster_1,items,rolling_offer_tier1_p2999_VARIANT_VarA,purchase,purchase,42977.0,1.0,2.0,,,0.0,0.02
A. 0,Control,pre_level_booster,pre_level_booster_1,items,bundle_7_with_prelevel_boosters_tier3,purchase,purchase,42977.0,2.0,2.0,,,0.0,0.02
A. 0,Control,pre_level_booster,pre_level_booster_1,items,bomb_ballet_event,reward_event,meta,42977.0,2.0,2.0,,,0.0,0.02
A. 0,Control,pre_level_booster,pre_level_booster_1,items,rolling_offer_p349_tier3,purchase,purchase,42977.0,2.0,2.0,,,0.0,0.02
A. 0,Control,pre_level_booster,pre_level_booster_1,items,rolling_offer_tier1_p1499_VARIANT_tier3,purchase,purchase,42977.0,1.0,2.0,,,0.0,0.02
A. 0,Control,pre_level_booster,pre_level_booster_1,items,bundle_1_with_prelevel_boosters,purchase,purchase,42977.0,1.0,1.0,,,0.0,0.01
A. 0,Control,pre_level_booster,pre_level_booster_1,items,DreamAdventure,reward_event,meta,42977.0,1.0,1.0,,,0.0,0.01
A. 0,Control,pre_level_booster,pre_level_booster_1,items,rolling_offer_p999_tier3,purchase,purchase,42977.0,1.0,1.0,,,0.0,0.01
A. 0,Control,pre_level_booster,pre_level_booster_1,items,rolling_offer_tier1_p799_tier3,purchase,purchase,42977.0,1.0,1.0,,,0.0,0.01
A. 0,Control,pre_level_booster,pre_level_booster_1,items,event_progress,reward_event,meta,42977.0,1.0,1.0,,,0.0,0.01
A. 0,Control,pre_level_booster,pre_level_booster_2,items,offer_free_items,rolling_offer,meta,42977.0,2722.0,2840.0,,,0.066,27.37
A. 0,Control,pre_level_booster,pre_level_booster_2,items,Jigsaw,reward_event,meta,42977.0,1130.0,1417.0,,,0.033,13.66
A. 0,Control,pre_level_booster,pre_level_booster_2,items,FlockRush,event_reward,meta,42977.0,1344.0,1360.0,,,0.032,13.11
A. 0,Control,pre_level_booster,pre_level_booster_2,items,Hatchling Hideaway,event_reward,meta,42977.0,1196.0,1220.0,,,0.028,11.76
A. 0,Control,pre_level_booster,pre_level_booster_2,items,dream_pass_event,reward_event,meta,42977.0,791.0,1139.0,,,0.027,10.98
A. 0,Control,pre_level_booster,pre_level_booster_2,items,player_level_up,reward_chest,core,42977.0,500.0,724.0,,,0.017,6.98
A. 0,Control,pre_level_booster,pre_level_booster_2,items,season_pass_event,reward_event,meta,42977.0,258.0,360.0,,,0.008,3.47
A. 0,Control,pre_level_booster,pre_level_booster_2,items,team_versus_contribution,reward_event,meta,42977.0,311.0,315.0,,,0.007,3.04
A. 0,Control,pre_level_booster,pre_level_booster_2,items,saga_progression,chapter_complete,core,42977.0,153.0,165.0,,,0.004,1.59
A. 0,Control,pre_level_booster,pre_level_booster_2,items,race_event,reward_event,meta,42977.0,160.0,163.0,,,0.004,1.57
A. 0,Control,pre_level_booster,pre_level_booster_2,items,river_rush,reward_event,meta,42977.0,138.0,150.0,,,0.003,1.45
A. 0,Control,pre_level_booster,pre_level_booster_2,items,bundle_6_with_prelevel_boosters_tier3,purchase,purchase,42977.0,3.0,75.0,,,0.002,0.72
A. 0,Control,pre_level_booster,pre_level_booster_2,items,bundle_2_with_prelevel_boosters2,purchase,purchase,42977.0,16.0,56.0,,,0.001,0.54
A. 0,Control,pre_level_booster,pre_level_booster_2,items,ingame,purchase,purchase,42977.0,18.0,54.0,,,0.001,0.52
A. 0,Control,pre_level_booster,pre_level_booster_2,items,bomb_ballet_event,reward_event,meta,42977.0,45.0,47.0,,,0.001,0.45
A. 0,Control,pre_level_booster,pre_level_booster_2,items,rolling_offer_tier1_p299,purchase,purchase,42977.0,45.0,46.0,,,0.001,0.44
A. 0,Control,pre_level_booster,pre_level_booster_2,items,Photoshoot,reward_event,meta,42977.0,32.0,34.0,,,0.001,0.33
A. 0,Control,pre_level_booster,pre_level_booster_2,items,bundle_7_with_prelevel_boosters,purchase,purchase,42977.0,29.0,29.0,,,0.001,0.28
A. 0,Control,pre_level_booster,pre_level_booster_2,items,bundle_2_with_prelevel_boosters,purchase,purchase,42977.0,27.0,27.0,,,0.001,0.26
A. 0,Control,pre_level_booster,pre_level_booster_2,items,bundle_4_with_prelevel_boosters_tier3,purchase,purchase,42977.0,4.0,20.0,,,0.0,0.19
A. 0,Control,pre_level_booster,pre_level_booster_2,items,rolling_offer_tier1_p199_tier3,purchase,purchase,42977.0,18.0,18.0,,,0.0,0.17
A. 0,Control,pre_level_booster,pre_level_booster_2,items,bundle_3_with_prelevel_boosters_tier3,purchase,purchase,42977.0,8.0,18.0,,,0.0,0.17
A. 0,Control,pre_level_booster,pre_level_booster_2,items,kite_festival_event,reward_event,meta,42977.0,13.0,14.0,,,0.0,0.13
A. 0,Control,pre_level_booster,pre_level_booster_2,items,rolling_offer_p799_VarA,purchase,purchase,42977.0,12.0,13.0,,,0.0,0.13
A. 0,Control,pre_level_booster,pre_level_booster_2,items,reward_chest,reward_chest,other,42977.0,9.0,9.0,,,0.0,0.09
A. 0,Control,pre_level_booster,pre_level_booster_2,items,bundle_3_with_prelevel_boosters2,purchase,purchase,42977.0,2.0,8.0,,,0.0,0.08
A. 0,Control,pre_level_booster,pre_level_booster_2,items,bundle_3_with_prelevel_boosters,purchase,purchase,42977.0,4.0,8.0,,,0.0,0.08
A. 0,Control,pre_level_booster,pre_level_booster_2,items,rolling_offer_p3999,purchase,purchase,42977.0,1.0,7.0,,,0.0,0.07
A. 0,Control,pre_level_booster,pre_level_booster_2,items,bundle_7_with_prelevel_boosters2,purchase,purchase,42977.0,4.0,7.0,,,0.0,0.07
A. 0,Control,pre_level_booster,pre_level_booster_2,items,rolling_offer_tier1_p299_tier3,purchase,purchase,42977.0,5.0,5.0,,,0.0,0.05
A. 0,Control,pre_level_booster,pre_level_booster_2,items,rolling_offer_tier1_p1499_VarA,purchase,purchase,42977.0,4.0,4.0,,,0.0,0.04
A. 0,Control,pre_level_booster,pre_level_booster_2,items,rolling_offer_p1999_VarA,purchase,purchase,42977.0,3.0,3.0,,,0.0,0.03
A. 0,Control,pre_level_booster,pre_level_booster_2,items,event_progress,reward_event,meta,42977.0,2.0,2.0,,,0.0,0.02
A. 0,Control,pre_level_booster,pre_level_booster_2,items,rolling_offer_p349_tier3,purchase,purchase,42977.0,2.0,2.0,,,0.0,0.02
A. 0,Control,pre_level_booster,pre_level_booster_2,items,bundle_2_with_prelevel_boosters_tier3,purchase,purchase,42977.0,2.0,2.0,,,0.0,0.02
A. 0,Control,pre_level_booster,pre_level_booster_2,items,bundle_7_with_prelevel_boosters_tier3,purchase,purchase,42977.0,2.0,2.0,,,0.0,0.02
A. 0,Control,pre_level_booster,pre_level_booster_2,items,rolling_offer_tier1_p1499_VARIANT_tier3,purchase,purchase,42977.0,1.0,2.0,,,0.0,0.02
A. 0,Control,pre_level_booster,pre_level_booster_2,items,rolling_offer_tier1_p2999_VARIANT_VarA,purchase,purchase,42977.0,1.0,2.0,,,0.0,0.02
A. 0,Control,pre_level_booster,pre_level_booster_2,items,ArcheryArena,reward_event,meta,42977.0,2.0,2.0,,,0.0,0.02
A. 0,Control,pre_level_booster,pre_level_booster_2,items,great_offer1_199,purchase,purchase,42977.0,2.0,2.0,,,0.0,0.02
A. 0,Control,pre_level_booster,pre_level_booster_2,items,ad_chest,ad_chest,ads,42977.0,1.0,1.0,,,0.0,0.01
A. 0,Control,pre_level_booster,pre_level_booster_2,items,bundle_1_with_prelevel_boosters,purchase,purchase,42977.0,1.0,1.0,,,0.0,0.01
A. 0,Control,pre_level_booster,pre_level_booster_2,items,rolling_offer_tier1_p799_tier3,purchase,purchase,42977.0,1.0,1.0,,,0.0,0.01
A. 0,Control,pre_level_booster,pre_level_booster_2,items,rolling_offer_p999_tier3,purchase,purchase,42977.0,1.0,1.0,,,0.0,0.01
A. 0,Control,pre_level_booster,pre_level_booster_3,items,offer_free_items,rolling_offer,meta,42977.0,2715.0,2837.0,,,0.066,34.93
A. 0,Control,pre_level_booster,pre_level_booster_3,items,FlockRush,event_reward,meta,42977.0,1344.0,1360.0,,,0.032,16.74
A. 0,Control,pre_level_booster,pre_level_booster_3,items,Hatchling Hideaway,event_reward,meta,42977.0,1001.0,1030.0,,,0.024,12.68
A. 0,Control,pre_level_booster,pre_level_booster_3,items,team_versus_contribution,reward_event,meta,42977.0,675.0,676.0,,,0.016,8.32
A. 0,Control,pre_level_booster,pre_level_booster_3,items,player_level_up,reward_chest,core,42977.0,339.0,492.0,,,0.011,6.06
A. 0,Control,pre_level_booster,pre_level_booster_3,items,dream_pass_event,reward_event,meta,42977.0,267.0,388.0,,,0.009,4.78
A. 0,Control,pre_level_booster,pre_level_booster_3,items,Jigsaw,reward_event,meta,42977.0,325.0,330.0,,,0.008,4.06
A. 0,Control,pre_level_booster,pre_level_booster_3,items,river_rush,reward_event,meta,42977.0,256.0,290.0,,,0.007,3.57
A. 0,Control,pre_level_booster,pre_level_booster_3,items,race_event,reward_event,meta,42977.0,267.0,273.0,,,0.006,3.36
A. 0,Control,pre_level_booster,pre_level_booster_3,items,bundle_6_with_prelevel_boosters_tier3,purchase,purchase,42977.0,3.0,75.0,,,0.002,0.92
A. 0,Control,pre_level_booster,pre_level_booster_3,items,bundle_2_with_prelevel_boosters2,purchase,purchase,42977.0,16.0,56.0,,,0.001,0.69
A. 0,Control,pre_level_booster,pre_level_booster_3,items,rolling_offer_tier1_p299,purchase,purchase,42977.0,45.0,46.0,,,0.001,0.57
A. 0,Control,pre_level_booster,pre_level_booster_3,items,ingame,purchase,purchase,42977.0,11.0,33.0,,,0.001,0.41
A. 0,Control,pre_level_booster,pre_level_booster_3,items,bundle_7_with_prelevel_boosters,purchase,purchase,42977.0,29.0,29.0,,,0.001,0.36
A. 0,Control,pre_level_booster,pre_level_booster_3,items,bundle_2_with_prelevel_boosters,purchase,purchase,42977.0,27.0,27.0,,,0.001,0.33
A. 0,Control,pre_level_booster,pre_level_booster_3,items,bundle_4_with_prelevel_boosters_tier3,purchase,purchase,42977.0,4.0,20.0,,,0.0,0.25
A. 0,Control,pre_level_booster,pre_level_booster_3,items,bundle_3_with_prelevel_boosters_tier3,purchase,purchase,42977.0,8.0,18.0,,,0.0,0.22
A. 0,Control,pre_level_booster,pre_level_booster_3,items,rolling_offer_tier1_p199_tier3,purchase,purchase,42977.0,18.0,18.0,,,0.0,0.22
A. 0,Control,pre_level_booster,pre_level_booster_3,items,saga_progression,chapter_complete,core,42977.0,16.0,17.0,,,0.0,0.21
A. 0,Control,pre_level_booster,pre_level_booster_3,items,season_pass_event,reward_event,meta,42977.0,12.0,14.0,,,0.0,0.17
A. 0,Control,pre_level_booster,pre_level_booster_3,items,rolling_offer_p799_VarA,purchase,purchase,42977.0,12.0,13.0,,,0.0,0.16
A. 0,Control,pre_level_booster,pre_level_booster_3,items,kite_festival_event,reward_event,meta,42977.0,10.0,10.0,,,0.0,0.12
A. 0,Control,pre_level_booster,pre_level_booster_3,items,reward_chest,reward_chest,other,42977.0,9.0,9.0,,,0.0,0.11
A. 0,Control,pre_level_booster,pre_level_booster_3,items,bundle_3_with_prelevel_boosters,purchase,purchase,42977.0,4.0,8.0,,,0.0,0.1
A. 0,Control,pre_level_booster,pre_level_booster_3,items,bundle_3_with_prelevel_boosters2,purchase,purchase,42977.0,2.0,8.0,,,0.0,0.1
A. 0,Control,pre_level_booster,pre_level_booster_3,items,bundle_7_with_prelevel_boosters2,purchase,purchase,42977.0,4.0,7.0,,,0.0,0.09
A. 0,Control,pre_level_booster,pre_level_booster_3,items,rolling_offer_p3999,purchase,purchase,42977.0,1.0,7.0,,,0.0,0.09
A. 0,Control,pre_level_booster,pre_level_booster_3,items,rolling_offer_tier1_p299_tier3,purchase,purchase,42977.0,5.0,5.0,,,0.0,0.06
A. 0,Control,pre_level_booster,pre_level_booster_3,items,FlowerCoop,reward_event,meta,42977.0,1.0,4.0,,,0.0,0.05
A. 0,Control,pre_level_booster,pre_level_booster_3,items,rolling_offer_tier1_p1499_VarA,purchase,purchase,42977.0,4.0,4.0,,,0.0,0.05
A. 0,Control,pre_level_booster,pre_level_booster_3,items,rolling_offer_p1999_VarA,purchase,purchase,42977.0,3.0,3.0,,,0.0,0.04
A. 0,Control,pre_level_booster,pre_level_booster_3,items,bundle_2_with_prelevel_boosters_tier3,purchase,purchase,42977.0,2.0,2.0,,,0.0,0.02
A. 0,Control,pre_level_booster,pre_level_booster_3,items,great_offer1_199,purchase,purchase,42977.0,2.0,2.0,,,0.0,0.02
A. 0,Control,pre_level_booster,pre_level_booster_3,items,rolling_offer_tier1_p1499_VARIANT_tier3,purchase,purchase,42977.0,1.0,2.0,,,0.0,0.02
A. 0,Control,pre_level_booster,pre_level_booster_3,items,rolling_offer_p349_tier3,purchase,purchase,42977.0,2.0,2.0,,,0.0,0.02
A. 0,Control,pre_level_booster,pre_level_booster_3,items,bundle_7_with_prelevel_boosters_tier3,purchase,purchase,42977.0,2.0,2.0,,,0.0,0.02
A. 0,Control,pre_level_booster,pre_level_booster_3,items,rolling_offer_tier1_p2999_VARIANT_VarA,purchase,purchase,42977.0,1.0,2.0,,,0.0,0.02
A. 0,Control,pre_level_booster,pre_level_booster_3,items,rolling_offer_tier1_p799_tier3,purchase,purchase,42977.0,1.0,1.0,,,0.0,0.01
A. 0,Control,pre_level_booster,pre_level_booster_3,items,rolling_offer_p999_tier3,purchase,purchase,42977.0,1.0,1.0,,,0.0,0.01
A. 0,Control,pre_level_booster,pre_level_booster_3,items,bundle_1_with_prelevel_boosters,purchase,purchase,42977.0,1.0,1.0,,,0.0,0.01
A. 0,Control,pre_level_booster,pre_level_booster_3,items,special_event,reward_event,meta,42977.0,1.0,1.0,,,0.0,0.01
A. 0,Control,season_pass_multiplier_2x,SeasonPassMultiplier2x,minutes,great_offer1_299,purchase,purchase,42977.0,9.0,3240.0,,,0.075,36.51
A. 0,Control,season_pass_multiplier_2x,SeasonPassMultiplier2x,minutes,river_rush,reward_event,meta,42977.0,135.0,2935.0,,,0.068,33.07
A. 0,Control,season_pass_multiplier_2x,SeasonPassMultiplier2x,minutes,great_offer1_199_tier3,purchase,purchase,42977.0,7.0,2520.0,,,0.059,28.39
A. 0,Control,season_pass_multiplier_2x,SeasonPassMultiplier2x,minutes,gift,gift,other,42977.0,10.0,180.0,,,0.004,2.03
A. 0,Control,season_pass_tokens,SeasonPassToken,items,offer_free_items,rolling_offer,meta,42977.0,8.0,320.0,,,0.007,59.26
A. 0,Control,season_pass_tokens,SeasonPassToken,items,race_event,reward_event,meta,42977.0,3.0,200.0,,,0.005,37.04
A. 0,Control,season_pass_tokens,SeasonPassToken,items,FlockRush,event_reward,meta,42977.0,1.0,20.0,,,0.0,3.7
A. 0,Control,ul_pre_booster,UnlimitedBooster1,minutes,daily_reward,daily_reward,core,42977.0,378.0,23160.0,,,0.539,25.2
A. 0,Control,ul_pre_booster,UnlimitedBooster1,minutes,Jigsaw,reward_event,meta,42977.0,1234.0,18690.0,,,0.435,20.34
A. 0,Control,ul_pre_booster,UnlimitedBooster1,minutes,river_rush,reward_event,meta,42977.0,447.0,15640.0,,,0.364,17.02
A. 0,Control,ul_pre_booster,UnlimitedBooster1,minutes,dream_pass_event,reward_event,meta,42977.0,638.0,9095.0,,,0.212,9.9
A. 0,Control,ul_pre_booster,UnlimitedBooster1,minutes,Hatchling Hideaway,event_reward,meta,42977.0,832.0,8560.0,,,0.199,9.32
A. 0,Control,ul_pre_booster,UnlimitedBooster1,minutes,Hard_Level_Offer1,purchase,purchase,42977.0,155.0,4580.0,,,0.107,4.98
A. 0,Control,ul_pre_booster,UnlimitedBooster1,minutes,season_pass_event,reward_event,meta,42977.0,270.0,3780.0,,,0.088,4.11
A. 0,Control,ul_pre_booster,UnlimitedBooster1,minutes,great_offer1_299,purchase,purchase,42977.0,9.0,3240.0,,,0.075,3.53
A. 0,Control,ul_pre_booster,UnlimitedBooster1,minutes,great_offer1_199_tier3,purchase,purchase,42977.0,7.0,2520.0,,,0.059,2.74
A. 0,Control,ul_pre_booster,UnlimitedBooster1,minutes,Hard_level_offer1_tier3,purchase,purchase,42977.0,65.0,1400.0,,,0.033,1.52
A. 0,Control,ul_pre_booster,UnlimitedBooster1,minutes,gift,gift,other,42977.0,22.0,810.0,,,0.019,0.88
A. 0,Control,ul_pre_booster,UnlimitedBooster1,minutes,bomb_ballet_event,reward_event,meta,42977.0,26.0,280.0,,,0.007,0.3
A. 0,Control,ul_pre_booster,UnlimitedBooster1,minutes,Photoshoot,reward_event,meta,42977.0,3.0,45.0,,,0.001,0.05
A. 0,Control,ul_pre_booster,UnlimitedBooster1,minutes,January,reward_event,meta,42977.0,2.0,30.0,,,0.001,0.03
A. 0,Control,ul_pre_booster,UnlimitedBooster1,minutes,event_progress,reward_event,meta,42977.0,1.0,25.0,,,0.001,0.03
A. 0,Control,ul_pre_booster,UnlimitedBooster1,minutes,FlowerCoop,reward_event,meta,42977.0,1.0,20.0,,,0.0,0.02
A. 0,Control,ul_pre_booster,UnlimitedBooster1,minutes,DreamAdventure,reward_event,meta,42977.0,1.0,15.0,,,0.0,0.02
A. 0,Control,ul_pre_booster,UnlimitedBooster2,minutes,daily_reward,daily_reward,core,42977.0,325.0,19980.0,,,0.465,28.26
A. 0,Control,ul_pre_booster,UnlimitedBooster2,minutes,Jigsaw,reward_event,meta,42977.0,924.0,13820.0,,,0.322,19.54
A. 0,Control,ul_pre_booster,UnlimitedBooster2,minutes,river_rush,reward_event,meta,42977.0,350.0,7460.0,,,0.174,10.55
A. 0,Control,ul_pre_booster,UnlimitedBooster2,minutes,Hatchling Hideaway,event_reward,meta,42977.0,690.0,7190.0,,,0.167,10.17
A. 0,Control,ul_pre_booster,UnlimitedBooster2,minutes,dream_pass_event,reward_event,meta,42977.0,375.0,6310.0,,,0.147,8.92
A. 0,Control,ul_pre_booster,UnlimitedBooster2,minutes,Hard_Level_Offer1,purchase,purchase,42977.0,155.0,4580.0,,,0.107,6.48
A. 0,Control,ul_pre_booster,UnlimitedBooster2,minutes,great_offer1_299,purchase,purchase,42977.0,9.0,3240.0,,,0.075,4.58
A. 0,Control,ul_pre_booster,UnlimitedBooster2,minutes,season_pass_event,reward_event,meta,42977.0,187.0,3195.0,,,0.074,4.52
A. 0,Control,ul_pre_booster,UnlimitedBooster2,minutes,great_offer1_199_tier3,purchase,purchase,42977.0,7.0,2520.0,,,0.059,3.56
A. 0,Control,ul_pre_booster,UnlimitedBooster2,minutes,Hard_level_offer1_tier3,purchase,purchase,42977.0,65.0,1400.0,,,0.033,1.98
A. 0,Control,ul_pre_booster,UnlimitedBooster2,minutes,gift,gift,other,42977.0,22.0,810.0,,,0.019,1.15
A. 0,Control,ul_pre_booster,UnlimitedBooster2,minutes,bomb_ballet_event,reward_event,meta,42977.0,15.0,150.0,,,0.003,0.21
A. 0,Control,ul_pre_booster,UnlimitedBooster2,minutes,Photoshoot,reward_event,meta,42977.0,2.0,30.0,,,0.001,0.04
A. 0,Control,ul_pre_booster,UnlimitedBooster2,minutes,event_progress,reward_event,meta,42977.0,1.0,25.0,,,0.001,0.04
A. 0,Control,ul_pre_booster,UnlimitedBooster3,minutes,Jigsaw,reward_event,meta,42977.0,762.0,10585.0,,,0.246,29.66
A. 0,Control,ul_pre_booster,UnlimitedBooster3,minutes,daily_reward,daily_reward,core,42977.0,328.0,10080.0,,,0.235,28.25
A. 0,Control,ul_pre_booster,UnlimitedBooster3,minutes,Hard_Level_Offer1,purchase,purchase,42977.0,155.0,4580.0,,,0.107,12.83
A. 0,Control,ul_pre_booster,UnlimitedBooster3,minutes,great_offer1_299,purchase,purchase,42977.0,9.0,3240.0,,,0.075,9.08
A. 0,Control,ul_pre_booster,UnlimitedBooster3,minutes,great_offer1_199_tier3,purchase,purchase,42977.0,7.0,2520.0,,,0.059,7.06
A. 0,Control,ul_pre_booster,UnlimitedBooster3,minutes,Hard_level_offer1_tier3,purchase,purchase,42977.0,65.0,1400.0,,,0.033,3.92
A. 0,Control,ul_pre_booster,UnlimitedBooster3,minutes,river_rush,reward_event,meta,42977.0,58.0,1005.0,,,0.023,2.82
A. 0,Control,ul_pre_booster,UnlimitedBooster3,minutes,gift,gift,other,42977.0,22.0,810.0,,,0.019,2.27
A. 0,Control,ul_pre_booster,UnlimitedBooster3,minutes,season_pass_event,reward_event,meta,42977.0,3.0,740.0,,,0.017,2.07
A. 0,Control,ul_pre_booster,UnlimitedBooster3,minutes,dream_pass_event,reward_event,meta,42977.0,44.0,680.0,,,0.016,1.91
A. 0,Control,ul_pre_booster,UnlimitedBooster3,minutes,event_progress,reward_event,meta,42977.0,1.0,25.0,,,0.001,0.07
A. 0,Control,ul_pre_booster,UnlimitedBooster3,minutes,bomb_ballet_event,reward_event,meta,42977.0,2.0,20.0,,,0.0,0.06
A. 0,Control,unlimited_lives,UnlimitedLives,minutes,daily_reward,daily_reward,core,42977.0,9937.0,402885.0,,,9.374,32.64
A. 0,Control,unlimited_lives,UnlimitedLives,minutes,FlockRush,event_reward,meta,42977.0,6005.0,362280.0,,,8.43,29.35
A. 0,Control,unlimited_lives,UnlimitedLives,minutes,Hatchling Hideaway,event_reward,meta,42977.0,2046.0,135900.0,,,3.162,11.01
A. 0,Control,unlimited_lives,UnlimitedLives,minutes,Jigsaw,reward_event,meta,42977.0,1062.0,71910.0,,,1.673,5.83
A. 0,Control,unlimited_lives,UnlimitedLives,minutes,dream_pass_event,reward_event,meta,42977.0,919.0,54210.0,,,1.261,4.39
A. 0,Control,unlimited_lives,UnlimitedLives,minutes,player_level_up,reward_chest,core,42977.0,866.0,39600.0,,,0.921,3.21
A. 0,Control,unlimited_lives,UnlimitedLives,minutes,ad_chest,ad_chest,ads,42977.0,2255.0,35330.0,,,0.822,2.86
A. 0,Control,unlimited_lives,UnlimitedLives,minutes,kite_festival_event,reward_event,meta,42977.0,791.0,30575.0,,,0.711,2.48
A. 0,Control,unlimited_lives,UnlimitedLives,minutes,offer_free_items,rolling_offer,meta,42977.0,474.0,27710.0,,,0.645,2.25
A. 0,Control,unlimited_lives,UnlimitedLives,minutes,season_pass_event,reward_event,meta,42977.0,284.0,19495.0,,,0.454,1.58
A. 0,Control,unlimited_lives,UnlimitedLives,minutes,ArcheryArena,reward_event,meta,42977.0,429.0,13280.0,,,0.309,1.08
A. 0,Control,unlimited_lives,UnlimitedLives,minutes,race_event,reward_event,meta,42977.0,150.0,7675.0,,,0.179,0.62
A. 0,Control,unlimited_lives,UnlimitedLives,minutes,Hard_Level_Offer1,purchase,purchase,42977.0,155.0,4580.0,,,0.107,0.37
A. 0,Control,unlimited_lives,UnlimitedLives,minutes,bundle_6_with_prelevel_boosters_tier3,purchase,purchase,42977.0,3.0,4320.0,,,0.101,0.35
A. 0,Control,unlimited_lives,UnlimitedLives,minutes,saga_progression,chapter_complete,core,42977.0,171.0,4080.0,,,0.095,0.33
A. 0,Control,unlimited_lives,UnlimitedLives,minutes,river_rush,reward_event,meta,42977.0,123.0,4060.0,,,0.094,0.33
A. 0,Control,unlimited_lives,UnlimitedLives,minutes,great_offer1_299,purchase,purchase,42977.0,9.0,3240.0,,,0.075,0.26
A. 0,Control,unlimited_lives,UnlimitedLives,minutes,great_offer1_199_tier3,purchase,purchase,42977.0,7.0,2520.0,,,0.059,0.2
A. 0,Control,unlimited_lives,UnlimitedLives,minutes,bundle_4_with_prelevel_boosters_tier3,purchase,purchase,42977.0,4.0,1440.0,,,0.034,0.12
A. 0,Control,unlimited_lives,UnlimitedLives,minutes,Hard_level_offer1_tier3,purchase,purchase,42977.0,65.0,1400.0,,,0.033,0.11
A. 0,Control,unlimited_lives,UnlimitedLives,minutes,league_rank_up,league_reward,meta,42977.0,33.0,1295.0,,,0.03,0.1
A. 0,Control,unlimited_lives,UnlimitedLives,minutes,gift,gift,other,42977.0,24.0,900.0,,,0.021,0.07
A. 0,Control,unlimited_lives,UnlimitedLives,minutes,rolling_offer_p799_VarA,purchase,purchase,42977.0,12.0,780.0,,,0.018,0.06
A. 0,Control,unlimited_lives,UnlimitedLives,minutes,rolling_offer_tier1_p499_VarA,purchase,purchase,42977.0,17.0,680.0,,,0.016,0.06
A. 0,Control,unlimited_lives,UnlimitedLives,minutes,Photoshoot,reward_event,meta,42977.0,12.0,510.0,,,0.012,0.04
A. 0,Control,unlimited_lives,UnlimitedLives,minutes,rolling_offer_tier1_p1499_VarA,purchase,purchase,42977.0,4.0,480.0,,,0.011,0.04
A. 0,Control,unlimited_lives,UnlimitedLives,minutes,rolling_offer_p3999,purchase,purchase,42977.0,1.0,360.0,,,0.008,0.03
A. 0,Control,unlimited_lives,UnlimitedLives,minutes,rolling_offer_p1999_VarA,purchase,purchase,42977.0,3.0,360.0,,,0.008,0.03
A. 0,Control,unlimited_lives,UnlimitedLives,minutes,wager_event,reward_event,meta,42977.0,2.0,300.0,,,0.007,0.02
A. 0,Control,unlimited_lives,UnlimitedLives,minutes,reward_chest,reward_chest,other,42977.0,10.0,280.0,,,0.007,0.02
A. 0,Control,unlimited_lives,UnlimitedLives,minutes,bomb_ballet_event,reward_event,meta,42977.0,7.0,270.0,,,0.006,0.02
A. 0,Control,unlimited_lives,UnlimitedLives,minutes,rolling_offer_tier1_p1499_VARIANT_tier3,purchase,purchase,42977.0,1.0,240.0,,,0.006,0.02
A. 0,Control,unlimited_lives,UnlimitedLives,minutes,rolling_offer_tier1_p2999_VARIANT_VarA,purchase,purchase,42977.0,1.0,240.0,,,0.006,0.02
A. 0,Control,unlimited_lives,UnlimitedLives,minutes,bundle_3_with_prelevel_boosters2,purchase,purchase,42977.0,2.0,240.0,,,0.006,0.02
A. 0,Control,unlimited_lives,UnlimitedLives,minutes,rolling_offer_tier1_p299_tier3,purchase,purchase,42977.0,5.0,150.0,,,0.003,0.01
A. 0,Control,unlimited_lives,UnlimitedLives,minutes,special_event,reward_event,meta,42977.0,1.0,150.0,,,0.003,0.01
A. 0,Control,unlimited_lives,UnlimitedLives,minutes,event_progress,reward_event,meta,42977.0,1.0,150.0,,,0.003,0.01
A. 0,Control,unlimited_lives,UnlimitedLives,minutes,rolling_offer_tier1_p799_tier3,purchase,purchase,42977.0,1.0,120.0,,,0.003,0.01
A. 0,Control,unlimited_lives,UnlimitedLives,minutes,rolling_offer_p349_tier3,purchase,purchase,42977.0,2.0,120.0,,,0.003,0.01
A. 0,Control,unlimited_lives,UnlimitedLives,minutes,rolling_offer_p999_tier3,purchase,purchase,42977.0,1.0,120.0,,,0.003,0.01
A. 0,Control,unlimited_lives,UnlimitedLives,minutes,January,reward_event,meta,42977.0,2.0,30.0,,,0.001,0.0
A. 0,Control,unlimited_lives,UnlimitedLives,minutes,DreamAdventure,reward_event,meta,42977.0,1.0,30.0,,,0.001,0.0
A. 0,Variant,Avatar,Avatar,items,saga_progression,chapter_complete,core,43108.0,585.0,624.0,,,0.014,98.73
A. 0,Variant,Avatar,Avatar,items,season_pass_event,reward_event,meta,43108.0,6.0,7.0,,,0.0,1.11
A. 0,Variant,Avatar,Avatar,items,single_collection,reward_event,meta,43108.0,1.0,1.0,,,0.0,0.16
A. 0,Variant,currency,HardCoin,coins,dreamheist_event,reward_event,meta,43108.0,3728.0,557130.0,557130.0,0.0,12.924,26.74
A. 0,Variant,currency,HardCoin,coins,daily_reward,daily_reward,core,43108.0,13949.0,332305.0,332305.0,0.0,7.709,15.95
A. 0,Variant,currency,HardCoin,coins,team_collection,reward_event,meta,43108.0,1723.0,181200.0,181200.0,0.0,4.203,8.7
A. 0,Variant,currency,HardCoin,coins,chuck_event,reward_event,meta,43108.0,935.0,119250.0,119250.0,0.0,2.766,5.72
A. 0,Variant,currency,HardCoin,coins,ad_chest,ad_chest,ads,43108.0,4136.0,108990.0,108990.0,0.0,2.528,5.23
A. 0,Variant,currency,HardCoin,coins,ArcheryArena,reward_event,meta,43108.0,1479.0,97450.0,97450.0,0.0,2.261,4.68
A. 0,Variant,currency,HardCoin,coins,race_event,reward_event,meta,43108.0,2282.0,78575.0,78575.0,0.0,1.823,3.77
A. 0,Variant,currency,HardCoin,coins,player_level_up,reward_chest,core,43108.0,2140.0,74325.0,74325.0,0.0,1.724,3.57
A. 0,Variant,currency,HardCoin,coins,Rainbow Maker,reward_event,meta,43108.0,1059.0,57089.0,57089.0,0.0,1.324,2.74
A. 0,Variant,currency,HardCoin,coins,team_versus_contribution,reward_event,meta,43108.0,1027.0,51170.0,51170.0,0.0,1.187,2.46
A. 0,Variant,currency,HardCoin,coins,team_versus,reward_event,meta,43108.0,471.0,47405.0,47405.0,0.0,1.1,2.27
A. 0,Variant,currency,HardCoin,coins,Jigsaw,reward_event,meta,43108.0,1158.0,44725.0,44725.0,0.0,1.038,2.15
A. 0,Variant,currency,HardCoin,coins,Hatchling Hideaway,event_reward,meta,43108.0,1169.0,36155.0,36155.0,0.0,0.839,1.74
A. 0,Variant,currency,HardCoin,coins,xs_coins2,purchase,purchase,43108.0,83.0,34900.0,0.0,34900.0,0.81,1.67
A. 0,Variant,currency,HardCoin,coins,bundle_3_with_prelevel_boosters_tier3,purchase,purchase,43108.0,21.0,32000.0,0.0,32000.0,0.742,1.54
A. 0,Variant,currency,HardCoin,coins,xs_coins_tier3,purchase,purchase,43108.0,81.0,30900.0,0.0,30900.0,0.717,1.48
A. 0,Variant,currency,HardCoin,coins,dream_pass_event,reward_event,meta,43108.0,1078.0,28620.0,28620.0,0.0,0.664,1.37
A. 0,Variant,currency,HardCoin,coins,bomb_ballet_event,reward_event,meta,43108.0,429.0,14875.0,14875.0,0.0,0.345,0.71
A. 0,Variant,currency,HardCoin,coins,Hard_Level_Offer1,purchase,purchase,43108.0,131.0,14100.0,0.0,14100.0,0.327,0.68
A. 0,Variant,currency,HardCoin,coins,m_coins_tier3,purchase,purchase,43108.0,7.0,11000.0,0.0,11000.0,0.255,0.53
A. 0,Variant,currency,HardCoin,coins,bundle_4_with_prelevel_boosters_tier3,purchase,purchase,43108.0,5.0,10000.0,0.0,10000.0,0.232,0.48
A. 0,Variant,currency,HardCoin,coins,bundle_3_with_prelevel_boosters2,purchase,purchase,43108.0,6.0,9000.0,0.0,9000.0,0.209,0.43
A. 0,Variant,currency,HardCoin,coins,heart_gift,heart_gift,other,43108.0,2988.0,7072.0,7072.0,0.0,0.164,0.34
A. 0,Variant,currency,HardCoin,coins,bundle_2_with_prelevel_boosters2,purchase,purchase,43108.0,12.0,7000.0,0.0,7000.0,0.162,0.34
A. 0,Variant,currency,HardCoin,coins,rolling_offer_tier1_p299,purchase,purchase,43108.0,33.0,6600.0,0.0,6600.0,0.153,0.32
A. 0,Variant,currency,HardCoin,coins,bundle_6_with_prelevel_boosters2,purchase,purchase,43108.0,1.0,6500.0,0.0,6500.0,0.151,0.31
A. 0,Variant,currency,HardCoin,coins,season_pass_event,reward_event,meta,43108.0,283.0,6450.0,6450.0,0.0,0.15,0.31
A. 0,Variant,currency,HardCoin,coins,Hard_level_offer1_tier3,purchase,purchase,43108.0,62.0,6200.0,0.0,6200.0,0.144,0.3
A. 0,Variant,currency,HardCoin,coins,kite_festival_event,reward_event,meta,43108.0,45.0,6050.0,6050.0,0.0,0.14,0.29
A. 0,Variant,currency,HardCoin,coins,red_event,reward_event,meta,43108.0,47.0,5100.0,5100.0,0.0,0.118,0.24
A. 0,Variant,currency,HardCoin,coins,dream_peak,reward_event,core,43108.0,13.0,4700.0,4700.0,0.0,0.109,0.23
A. 0,Variant,currency,HardCoin,coins,bundle_7_with_prelevel_boosters,purchase,purchase,43108.0,31.0,4650.0,0.0,4650.0,0.108,0.22
A. 0,Variant,currency,HardCoin,coins,rolling_offer_tier1_p499_VarA,purchase,purchase,43108.0,15.0,4500.0,0.0,4500.0,0.104,0.22
A. 0,Variant,currency,HardCoin,coins,saga_progression,chapter_complete,core,43108.0,246.0,4415.0,4415.0,0.0,0.102,0.21
A. 0,Variant,currency,HardCoin,coins,bundle_5_with_prelevel_boosters_tier3,purchase,purchase,43108.0,1.0,4000.0,0.0,4000.0,0.093,0.19
A. 0,Variant,currency,HardCoin,coins,bundle_2_with_prelevel_boosters,purchase,purchase,43108.0,7.0,3500.0,0.0,3500.0,0.081,0.17
A. 0,Variant,currency,HardCoin,coins,gift,gift,other,43108.0,15.0,3200.0,3200.0,0.0,0.074,0.15
A. 0,Variant,currency,HardCoin,coins,m_coins2,purchase,purchase,43108.0,3.0,3000.0,0.0,3000.0,0.07,0.14
A. 0,Variant,currency,HardCoin,coins,rolling_offer_tier1_p199_tier3,purchase,purchase,43108.0,14.0,2800.0,0.0,2800.0,0.065,0.13
A. 0,Variant,currency,HardCoin,coins,single_collection,reward_event,meta,43108.0,18.0,2550.0,2550.0,0.0,0.059,0.12
A. 0,Variant,currency,HardCoin,coins,rolling_offer_p799_VarA,purchase,purchase,43108.0,5.0,2500.0,0.0,2500.0,0.058,0.12
A. 0,Variant,currency,HardCoin,coins,rolling_offer_p349_tier3,purchase,purchase,43108.0,4.0,2200.0,0.0,2200.0,0.051,0.11
A. 0,Variant,currency,HardCoin,coins,rolling_offer_tier1_p299_tier3,purchase,purchase,43108.0,4.0,1600.0,0.0,1600.0,0.037,0.08
A. 0,Variant,currency,HardCoin,coins,bundle_2_with_prelevel_boosters_tier3,purchase,purchase,43108.0,3.0,1500.0,0.0,1500.0,0.035,0.07
A. 0,Variant,currency,HardCoin,coins,special_offer9,purchase,purchase,43108.0,5.0,1500.0,0.0,1500.0,0.035,0.07
A. 0,Variant,currency,HardCoin,coins,offer_free_items,rolling_offer,meta,43108.0,12.0,1200.0,1200.0,0.0,0.028,0.06
A. 0,Variant,currency,HardCoin,coins,special_offer8_tier3,purchase,purchase,43108.0,3.0,1200.0,0.0,1200.0,0.028,0.06
A. 0,Variant,currency,HardCoin,coins,rolling_offer_tier1_p799_tier3,purchase,purchase,43108.0,1.0,1100.0,0.0,1100.0,0.026,0.05
A. 0,Variant,currency,HardCoin,coins,special_offer8,purchase,purchase,43108.0,4.0,1000.0,0.0,1000.0,0.023,0.05
A. 0,Variant,currency,HardCoin,coins,great_offer1_299,purchase,purchase,43108.0,9.0,1000.0,0.0,1000.0,0.023,0.05
A. 0,Variant,currency,HardCoin,coins,special_offer1_tier3,purchase,purchase,43108.0,3.0,900.0,0.0,900.0,0.021,0.04
A. 0,Variant,currency,HardCoin,coins,special_offer1,purchase,purchase,43108.0,2.0,900.0,0.0,900.0,0.021,0.04
A. 0,Variant,currency,HardCoin,coins,special_offer10,purchase,purchase,43108.0,3.0,900.0,0.0,900.0,0.021,0.04
A. 0,Variant,currency,HardCoin,coins,great_offer1_199_tier3,purchase,purchase,43108.0,8.0,800.0,0.0,800.0,0.019,0.04
A. 0,Variant,currency,HardCoin,coins,special_offer3_tier3,purchase,purchase,43108.0,1.0,800.0,0.0,800.0,0.019,0.04
A. 0,Variant,currency,HardCoin,coins,reward_chest,reward_chest,other,43108.0,8.0,725.0,725.0,0.0,0.017,0.03
A. 0,Variant,currency,HardCoin,coins,bundle_7_with_prelevel_boosters2,purchase,purchase,43108.0,2.0,600.0,0.0,600.0,0.014,0.03
A. 0,Variant,currency,HardCoin,coins,bundle_7_with_prelevel_boosters_tier3,purchase,purchase,43108.0,4.0,600.0,0.0,600.0,0.014,0.03
A. 0,Variant,currency,HardCoin,coins,great_offer1_199,purchase,purchase,43108.0,4.0,600.0,0.0,600.0,0.014,0.03
A. 0,Variant,currency,HardCoin,coins,river_rush,reward_event,meta,43108.0,8.0,585.0,585.0,0.0,0.014,0.03
A. 0,Variant,currency,HardCoin,coins,s_coins2,purchase,purchase,43108.0,1.0,500.0,0.0,500.0,0.012,0.02
A. 0,Variant,currency,HardCoin,coins,facebook_like,facebook_like,other,43108.0,4.0,400.0,400.0,0.0,0.009,0.02
A. 0,Variant,currency,HardCoin,coins,bomb_event,reward_event,meta,43108.0,5.0,400.0,400.0,0.0,0.009,0.02
A. 0,Variant,currency,HardCoin,coins,special_offer9_tier3,purchase,purchase,43108.0,1.0,300.0,0.0,300.0,0.007,0.01
A. 0,Variant,currency,HardCoin,coins,reds_club,reds_club,other,43108.0,1.0,200.0,200.0,0.0,0.005,0.01
A. 0,Variant,currency,HardCoin,coins,rolling_offer_p099_VarA,purchase,purchase,43108.0,1.0,200.0,0.0,200.0,0.005,0.01
A. 0,Variant,currency,HardCoin,coins,treasure_dive_event,reward_event,meta,43108.0,1.0,85.0,85.0,0.0,0.002,0.0
A. 0,Variant,currency,HardCoin,coins,event_progress,reward_event,meta,43108.0,2.0,35.0,35.0,0.0,0.001,0.0
A. 0,Variant,currency,HardCoin,coins,minigame_event,reward_event,meta,43108.0,1.0,10.0,10.0,0.0,0.0,0.0
A. 0,Variant,dream_pass_tokens,DreamPassToken,items,Rainbow Maker,reward_event,meta,43108.0,1237.0,279528.0,,,6.484,49.07
A. 0,Variant,dream_pass_tokens,DreamPassToken,items,race_event,reward_event,meta,43108.0,2962.0,152900.0,,,3.547,26.84
A. 0,Variant,dream_pass_tokens,DreamPassToken,items,offer_free_items,rolling_offer,meta,43108.0,2210.0,102500.0,,,2.378,17.99
A. 0,Variant,dream_pass_tokens,DreamPassToken,items,kite_festival_event,reward_event,meta,43108.0,317.0,21115.0,,,0.49,3.71
A. 0,Variant,dream_pass_tokens,DreamPassToken,items,FlockRush,event_reward,meta,43108.0,654.0,13500.0,,,0.313,2.37
A. 0,Variant,dream_pass_tokens,DreamPassToken,items,river_rush,reward_event,meta,43108.0,3.0,90.0,,,0.002,0.02
A. 0,Variant,life,life,items,ask_for_lives,ask_for_lives,other,43108.0,1211.0,5858.0,,,0.136,73.27
A. 0,Variant,life,life,items,ad_life,ad_life,ads,43108.0,1288.0,2137.0,,,0.05,26.73
A. 0,Variant,life,liferefill,items,coin_purchase,coin_purchase,other,43108.0,530.0,4575.0,,,0.106,100.0
A. 0,Variant,orb,Movie_Magic,items,dream_pass_event,reward_event,meta,43108.0,2.0,2.0,,,0.0,100.0
A. 0,Variant,orb,Reds_Greatest_Challenge,items,dream_pass_event,reward_event,meta,43108.0,181.0,181.0,,,0.004,100.0
A. 0,Variant,powerup,powerup_1,items,Rainbow Maker,reward_event,meta,43108.0,336.0,8462.0,,,0.196,51.97
A. 0,Variant,powerup,powerup_1,items,ad_chest,ad_chest,ads,43108.0,906.0,1097.0,,,0.025,6.74
A. 0,Variant,powerup,powerup_1,items,race_event,reward_event,meta,43108.0,1028.0,1055.0,,,0.024,6.48
A. 0,Variant,powerup,powerup_1,items,team_versus,reward_event,meta,43108.0,797.0,804.0,,,0.019,4.94
A. 0,Variant,powerup,powerup_1,items,Hatchling Hideaway,event_reward,meta,43108.0,654.0,692.0,,,0.016,4.25
A. 0,Variant,powerup,powerup_1,items,ArcheryArena,reward_event,meta,43108.0,583.0,613.0,,,0.014,3.76
A. 0,Variant,powerup,powerup_1,items,team_collection,reward_event,meta,43108.0,457.0,596.0,,,0.014,3.66
A. 0,Variant,powerup,powerup_1,items,team_versus_contribution,reward_event,meta,43108.0,586.0,589.0,,,0.014,3.62
A. 0,Variant,powerup,powerup_1,items,dreamheist_event,reward_event,meta,43108.0,475.0,512.0,,,0.012,3.14
A. 0,Variant,powerup,powerup_1,items,daily_reward,daily_reward,core,43108.0,344.0,357.0,,,0.008,2.19
A. 0,Variant,powerup,powerup_1,items,chuck_event,reward_event,meta,43108.0,338.0,356.0,,,0.008,2.19
A. 0,Variant,powerup,powerup_1,items,player_level_up,reward_chest,core,43108.0,266.0,273.0,,,0.006,1.68
A. 0,Variant,powerup,powerup_1,items,Jigsaw,reward_event,meta,43108.0,252.0,258.0,,,0.006,1.58
A. 0,Variant,powerup,powerup_1,items,bomb_ballet_event,reward_event,meta,43108.0,102.0,102.0,,,0.002,0.63
A. 0,Variant,powerup,powerup_1,items,dream_pass_event,reward_event,meta,43108.0,51.0,72.0,,,0.002,0.44
A. 0,Variant,powerup,powerup_1,items,bundle_3_with_prelevel_boosters_tier3,purchase,purchase,43108.0,21.0,64.0,,,0.001,0.39
A. 0,Variant,powerup,powerup_1,items,bundle_3_with_prelevel_boosters2,purchase,purchase,43108.0,6.0,36.0,,,0.001,0.22
A. 0,Variant,powerup,powerup_1,items,rolling_offer_tier1_p299,purchase,purchase,43108.0,33.0,33.0,,,0.001,0.2
A. 0,Variant,powerup,powerup_1,items,bundle_7_with_prelevel_boosters,purchase,purchase,43108.0,31.0,31.0,,,0.001,0.19
A. 0,Variant,powerup,powerup_1,items,bundle_2_with_prelevel_boosters2,purchase,purchase,43108.0,12.0,28.0,,,0.001,0.17
A. 0,Variant,powerup,powerup_1,items,bundle_6_with_prelevel_boosters2,purchase,purchase,43108.0,1.0,25.0,,,0.001,0.15
A. 0,Variant,powerup,powerup_1,items,bundle_4_with_prelevel_boosters_tier3,purchase,purchase,43108.0,5.0,25.0,,,0.001,0.15
A. 0,Variant,powerup,powerup_1,items,ingame,purchase,purchase,43108.0,7.0,21.0,,,0.0,0.13
A. 0,Variant,powerup,powerup_1,items,offer_free_items,rolling_offer,meta,43108.0,19.0,20.0,,,0.0,0.12
A. 0,Variant,powerup,powerup_1,items,gift,gift,other,43108.0,18.0,20.0,,,0.0,0.12
A. 0,Variant,powerup,powerup_1,items,rolling_offer_tier1_p499_VarA,purchase,purchase,43108.0,15.0,15.0,,,0.0,0.09
A. 0,Variant,powerup,powerup_1,items,rolling_offer_tier1_p199_tier3,purchase,purchase,43108.0,14.0,14.0,,,0.0,0.09
A. 0,Variant,powerup,powerup_1,items,red_event,reward_event,meta,43108.0,11.0,13.0,,,0.0,0.08
A. 0,Variant,powerup,powerup_1,items,bundle_5_with_prelevel_boosters_tier3,purchase,purchase,43108.0,1.0,12.0,,,0.0,0.07
A. 0,Variant,powerup,powerup_1,items,river_rush,reward_event,meta,43108.0,7.0,8.0,,,0.0,0.05
A. 0,Variant,powerup,powerup_1,items,saga_progression,chapter_complete,core,43108.0,8.0,8.0,,,0.0,0.05
A. 0,Variant,powerup,powerup_1,items,bundle_2_with_prelevel_boosters,purchase,purchase,43108.0,7.0,7.0,,,0.0,0.04
A. 0,Variant,powerup,powerup_1,items,reward_chest,reward_chest,other,43108.0,7.0,7.0,,,0.0,0.04
A. 0,Variant,powerup,powerup_1,items,single_collection,reward_event,meta,43108.0,5.0,6.0,,,0.0,0.04
A. 0,Variant,powerup,powerup_1,items,special_offer9,purchase,purchase,43108.0,5.0,6.0,,,0.0,0.04
A. 0,Variant,powerup,powerup_1,items,rolling_offer_p799_VarA,purchase,purchase,43108.0,5.0,5.0,,,0.0,0.03
A. 0,Variant,powerup,powerup_1,items,dream_peak,reward_event,core,43108.0,5.0,5.0,,,0.0,0.03
A. 0,Variant,powerup,powerup_1,items,kite_festival_event,reward_event,meta,43108.0,4.0,4.0,,,0.0,0.02
A. 0,Variant,powerup,powerup_1,items,special_offer8,purchase,purchase,43108.0,4.0,4.0,,,0.0,0.02
A. 0,Variant,powerup,powerup_1,items,bundle_7_with_prelevel_boosters_tier3,purchase,purchase,43108.0,4.0,4.0,,,0.0,0.02
A. 0,Variant,powerup,powerup_1,items,rolling_offer_tier1_p299_tier3,purchase,purchase,43108.0,4.0,4.0,,,0.0,0.02
A. 0,Variant,powerup,powerup_1,items,rolling_offer_p349_tier3,purchase,purchase,43108.0,4.0,4.0,,,0.0,0.02
A. 0,Variant,powerup,powerup_1,items,special_offer10,purchase,purchase,43108.0,3.0,3.0,,,0.0,0.02
A. 0,Variant,powerup,powerup_1,items,special_offer8_tier3,purchase,purchase,43108.0,3.0,3.0,,,0.0,0.02
A. 0,Variant,powerup,powerup_1,items,special_offer3_tier3,purchase,purchase,43108.0,1.0,3.0,,,0.0,0.02
A. 0,Variant,powerup,powerup_1,items,bundle_2_with_prelevel_boosters_tier3,purchase,purchase,43108.0,3.0,3.0,,,0.0,0.02
A. 0,Variant,powerup,powerup_1,items,bundle_7_with_prelevel_boosters2,purchase,purchase,43108.0,2.0,2.0,,,0.0,0.01
A. 0,Variant,powerup,powerup_1,items,rolling_offer_p099_VarA,purchase,purchase,43108.0,1.0,1.0,,,0.0,0.01
A. 0,Variant,powerup,powerup_1,items,special_offer9_tier3,purchase,purchase,43108.0,1.0,1.0,,,0.0,0.01
A. 0,Variant,powerup,powerup_1,items,rolling_offer_tier1_p799_tier3,purchase,purchase,43108.0,1.0,1.0,,,0.0,0.01
A. 0,Variant,powerup,powerup_2,items,Rainbow Maker,reward_event,meta,43108.0,563.0,8844.0,,,0.205,34.01
A. 0,Variant,powerup,powerup_2,items,daily_reward,daily_reward,core,43108.0,4181.0,4321.0,,,0.1,16.61
A. 0,Variant,powerup,powerup_2,items,ad_chest,ad_chest,ads,43108.0,1913.0,2596.0,,,0.06,9.98
A. 0,Variant,powerup,powerup_2,items,team_collection,reward_event,meta,43108.0,1355.0,2120.0,,,0.049,8.15
A. 0,Variant,powerup,powerup_2,items,dreamheist_event,reward_event,meta,43108.0,1123.0,1205.0,,,0.028,4.63
A. 0,Variant,powerup,powerup_2,items,chuck_event,reward_event,meta,43108.0,1066.0,1122.0,,,0.026,4.31
A. 0,Variant,powerup,powerup_2,items,ArcheryArena,reward_event,meta,43108.0,824.0,850.0,,,0.02,3.27
A. 0,Variant,powerup,powerup_2,items,FlockRush,event_reward,meta,43108.0,734.0,756.0,,,0.018,2.91
A. 0,Variant,powerup,powerup_2,items,Hatchling Hideaway,event_reward,meta,43108.0,590.0,627.0,,,0.015,2.41
A. 0,Variant,powerup,powerup_2,items,team_versus,reward_event,meta,43108.0,588.0,592.0,,,0.014,2.28
A. 0,Variant,powerup,powerup_2,items,player_level_up,reward_chest,core,43108.0,537.0,542.0,,,0.013,2.08
A. 0,Variant,powerup,powerup_2,items,race_event,reward_event,meta,43108.0,416.0,430.0,,,0.01,1.65
A. 0,Variant,powerup,powerup_2,items,Jigsaw,reward_event,meta,43108.0,303.0,311.0,,,0.007,1.2
A. 0,Variant,powerup,powerup_2,items,dream_pass_event,reward_event,meta,43108.0,185.0,222.0,,,0.005,0.85
A. 0,Variant,powerup,powerup_2,items,ingame,purchase,purchase,43108.0,57.0,207.0,,,0.005,0.8
A. 0,Variant,powerup,powerup_2,items,team_versus_contribution,reward_event,meta,43108.0,171.0,172.0,,,0.004,0.66
A. 0,Variant,powerup,powerup_2,items,red_event,reward_event,meta,43108.0,159.0,165.0,,,0.004,0.63
A. 0,Variant,powerup,powerup_2,items,bomb_ballet_event,reward_event,meta,43108.0,126.0,128.0,,,0.003,0.49
A. 0,Variant,powerup,powerup_2,items,offer_free_items,rolling_offer,meta,43108.0,63.0,87.0,,,0.002,0.33
A. 0,Variant,powerup,powerup_2,items,single_collection,reward_event,meta,43108.0,71.0,75.0,,,0.002,0.29
A. 0,Variant,powerup,powerup_2,items,kite_festival_event,reward_event,meta,43108.0,71.0,74.0,,,0.002,0.28
A. 0,Variant,powerup,powerup_2,items,bundle_3_with_prelevel_boosters_tier3,purchase,purchase,43108.0,21.0,64.0,,,0.001,0.25
A. 0,Variant,powerup,powerup_2,items,gift,gift,other,43108.0,18.0,60.0,,,0.001,0.23
A. 0,Variant,powerup,powerup_2,items,saga_progression,chapter_complete,core,43108.0,47.0,51.0,,,0.001,0.2
A. 0,Variant,powerup,powerup_2,items,bomb_event,reward_event,meta,43108.0,36.0,39.0,,,0.001,0.15
A. 0,Variant,powerup,powerup_2,items,bundle_3_with_prelevel_boosters2,purchase,purchase,43108.0,6.0,36.0,,,0.001,0.14
A. 0,Variant,powerup,powerup_2,items,rolling_offer_tier1_p299,purchase,purchase,43108.0,33.0,33.0,,,0.001,0.13
A. 0,Variant,powerup,powerup_2,items,bundle_7_with_prelevel_boosters,purchase,purchase,43108.0,31.0,31.0,,,0.001,0.12
A. 0,Variant,powerup,powerup_2,items,bundle_2_with_prelevel_boosters2,purchase,purchase,43108.0,12.0,28.0,,,0.001,0.11
A. 0,Variant,powerup,powerup_2,items,bundle_4_with_prelevel_boosters_tier3,purchase,purchase,43108.0,5.0,25.0,,,0.001,0.1
A. 0,Variant,powerup,powerup_2,items,bundle_6_with_prelevel_boosters2,purchase,purchase,43108.0,1.0,25.0,,,0.001,0.1
A. 0,Variant,powerup,powerup_2,items,league_rank_up,league_reward,meta,43108.0,15.0,21.0,,,0.0,0.08
A. 0,Variant,powerup,powerup_2,items,rolling_offer_tier1_p499_VarA,purchase,purchase,43108.0,15.0,15.0,,,0.0,0.06
A. 0,Variant,powerup,powerup_2,items,rolling_offer_tier1_p199_tier3,purchase,purchase,43108.0,14.0,14.0,,,0.0,0.05
A. 0,Variant,powerup,powerup_2,items,bundle_5_with_prelevel_boosters_tier3,purchase,purchase,43108.0,1.0,12.0,,,0.0,0.05
A. 0,Variant,powerup,powerup_2,items,special_offer9,purchase,purchase,43108.0,5.0,12.0,,,0.0,0.05
A. 0,Variant,powerup,powerup_2,items,dream_peak,reward_event,core,43108.0,8.0,11.0,,,0.0,0.04
A. 0,Variant,powerup,powerup_2,items,special_offer10,purchase,purchase,43108.0,3.0,9.0,,,0.0,0.03
A. 0,Variant,powerup,powerup_2,items,season_pass_event,reward_event,meta,43108.0,7.0,8.0,,,0.0,0.03
A. 0,Variant,powerup,powerup_2,items,special_offer8,purchase,purchase,43108.0,4.0,8.0,,,0.0,0.03
A. 0,Variant,powerup,powerup_2,items,bundle_2_with_prelevel_boosters,purchase,purchase,43108.0,7.0,7.0,,,0.0,0.03
A. 0,Variant,powerup,powerup_2,items,reward_chest,reward_chest,other,43108.0,7.0,7.0,,,0.0,0.03
A. 0,Variant,powerup,powerup_2,items,river_rush,reward_event,meta,43108.0,4.0,6.0,,,0.0,0.02
A. 0,Variant,powerup,powerup_2,items,special_offer8_tier3,purchase,purchase,43108.0,3.0,6.0,,,0.0,0.02
A. 0,Variant,powerup,powerup_2,items,special_offer3_tier3,purchase,purchase,43108.0,1.0,5.0,,,0.0,0.02
A. 0,Variant,powerup,powerup_2,items,rolling_offer_p799_VarA,purchase,purchase,43108.0,5.0,5.0,,,0.0,0.02
A. 0,Variant,powerup,powerup_2,items,rolling_offer_p349_tier3,purchase,purchase,43108.0,4.0,4.0,,,0.0,0.02
A. 0,Variant,powerup,powerup_2,items,rolling_offer_tier1_p299_tier3,purchase,purchase,43108.0,4.0,4.0,,,0.0,0.02
A. 0,Variant,powerup,powerup_2,items,bundle_7_with_prelevel_boosters_tier3,purchase,purchase,43108.0,4.0,4.0,,,0.0,0.02
A. 0,Variant,powerup,powerup_2,items,bundle_2_with_prelevel_boosters_tier3,purchase,purchase,43108.0,3.0,3.0,,,0.0,0.01
A. 0,Variant,powerup,powerup_2,items,rolling_offer_tier1_p799_tier3,purchase,purchase,43108.0,1.0,2.0,,,0.0,0.01
A. 0,Variant,powerup,powerup_2,items,bundle_7_with_prelevel_boosters2,purchase,purchase,43108.0,2.0,2.0,,,0.0,0.01
A. 0,Variant,powerup,powerup_2,items,special_offer9_tier3,purchase,purchase,43108.0,1.0,2.0,,,0.0,0.01
A. 0,Variant,powerup,powerup_2,items,treasure_dive_event,reward_event,meta,43108.0,1.0,1.0,,,0.0,0.0
A. 0,Variant,powerup,powerup_2,items,wager_event,reward_event,meta,43108.0,1.0,1.0,,,0.0,0.0
A. 0,Variant,powerup,powerup_3,items,Rainbow Maker,reward_event,meta,43108.0,803.0,9010.0,,,0.209,41.99
A. 0,Variant,powerup,powerup_3,items,daily_reward,daily_reward,core,43108.0,2887.0,2971.0,,,0.069,13.85
A. 0,Variant,powerup,powerup_3,items,ad_chest,ad_chest,ads,43108.0,1876.0,2470.0,,,0.057,11.51
A. 0,Variant,powerup,powerup_3,items,chuck_event,reward_event,meta,43108.0,1057.0,1113.0,,,0.026,5.19
A. 0,Variant,powerup,powerup_3,items,team_collection,reward_event,meta,43108.0,368.0,854.0,,,0.02,3.98
A. 0,Variant,powerup,powerup_3,items,race_event,reward_event,meta,43108.0,751.0,768.0,,,0.018,3.58
A. 0,Variant,powerup,powerup_3,items,player_level_up,reward_chest,core,43108.0,736.0,745.0,,,0.017,3.47
A. 0,Variant,powerup,powerup_3,items,team_versus,reward_event,meta,43108.0,725.0,734.0,,,0.017,3.42
A. 0,Variant,powerup,powerup_3,items,Hatchling Hideaway,event_reward,meta,43108.0,615.0,647.0,,,0.015,3.02
A. 0,Variant,powerup,powerup_3,items,ArcheryArena,reward_event,meta,43108.0,498.0,518.0,,,0.012,2.41
A. 0,Variant,powerup,powerup_3,items,dream_pass_event,reward_event,meta,43108.0,350.0,407.0,,,0.009,1.9
A. 0,Variant,powerup,powerup_3,items,team_versus_contribution,reward_event,meta,43108.0,270.0,274.0,,,0.006,1.28
A. 0,Variant,powerup,powerup_3,items,ingame,purchase,purchase,43108.0,40.0,135.0,,,0.003,0.63
A. 0,Variant,powerup,powerup_3,items,bomb_ballet_event,reward_event,meta,43108.0,103.0,103.0,,,0.002,0.48
A. 0,Variant,powerup,powerup_3,items,red_event,reward_event,meta,43108.0,64.0,65.0,,,0.002,0.3
A. 0,Variant,powerup,powerup_3,items,bundle_3_with_prelevel_boosters_tier3,purchase,purchase,43108.0,21.0,64.0,,,0.001,0.3
A. 0,Variant,powerup,powerup_3,items,gift,gift,other,43108.0,18.0,60.0,,,0.001,0.28
A. 0,Variant,powerup,powerup_3,items,offer_free_items,rolling_offer,meta,43108.0,27.0,39.0,,,0.001,0.18
A. 0,Variant,powerup,powerup_3,items,bundle_3_with_prelevel_boosters2,purchase,purchase,43108.0,6.0,36.0,,,0.001,0.17
A. 0,Variant,powerup,powerup_3,items,rolling_offer_tier1_p299,purchase,purchase,43108.0,33.0,33.0,,,0.001,0.15
A. 0,Variant,powerup,powerup_3,items,single_collection,reward_event,meta,43108.0,30.0,32.0,,,0.001,0.15
A. 0,Variant,powerup,powerup_3,items,bundle_7_with_prelevel_boosters,purchase,purchase,43108.0,31.0,31.0,,,0.001,0.14
A. 0,Variant,powerup,powerup_3,items,dream_peak,reward_event,core,43108.0,23.0,30.0,,,0.001,0.14
A. 0,Variant,powerup,powerup_3,items,season_pass_event,reward_event,meta,43108.0,23.0,29.0,,,0.001,0.14
A. 0,Variant,powerup,powerup_3,items,bundle_2_with_prelevel_boosters2,purchase,purchase,43108.0,12.0,28.0,,,0.001,0.13
A. 0,Variant,powerup,powerup_3,items,saga_progression,chapter_complete,core,43108.0,26.0,27.0,,,0.001,0.13
A. 0,Variant,powerup,powerup_3,items,bundle_6_with_prelevel_boosters2,purchase,purchase,43108.0,1.0,25.0,,,0.001,0.12
A. 0,Variant,powerup,powerup_3,items,bundle_4_with_prelevel_boosters_tier3,purchase,purchase,43108.0,5.0,25.0,,,0.001,0.12
A. 0,Variant,powerup,powerup_3,items,kite_festival_event,reward_event,meta,43108.0,22.0,22.0,,,0.001,0.1
A. 0,Variant,powerup,powerup_3,items,bomb_event,reward_event,meta,43108.0,17.0,19.0,,,0.0,0.09
A. 0,Variant,powerup,powerup_3,items,rolling_offer_tier1_p499_VarA,purchase,purchase,43108.0,15.0,15.0,,,0.0,0.07
A. 0,Variant,powerup,powerup_3,items,rolling_offer_tier1_p199_tier3,purchase,purchase,43108.0,14.0,14.0,,,0.0,0.07
A. 0,Variant,powerup,powerup_3,items,bundle_5_with_prelevel_boosters_tier3,purchase,purchase,43108.0,1.0,12.0,,,0.0,0.06
A. 0,Variant,powerup,powerup_3,items,special_offer9,purchase,purchase,43108.0,5.0,12.0,,,0.0,0.06
A. 0,Variant,powerup,powerup_3,items,river_rush,reward_event,meta,43108.0,8.0,10.0,,,0.0,0.05
A. 0,Variant,powerup,powerup_3,items,special_offer10,purchase,purchase,43108.0,3.0,9.0,,,0.0,0.04
A. 0,Variant,powerup,powerup_3,items,facebook_like,facebook_like,other,43108.0,4.0,8.0,,,0.0,0.04
A. 0,Variant,powerup,powerup_3,items,special_offer8,purchase,purchase,43108.0,4.0,8.0,,,0.0,0.04
A. 0,Variant,powerup,powerup_3,items,bundle_2_with_prelevel_boosters,purchase,purchase,43108.0,7.0,7.0,,,0.0,0.03
A. 0,Variant,powerup,powerup_3,items,reward_chest,reward_chest,other,43108.0,7.0,7.0,,,0.0,0.03
A. 0,Variant,powerup,powerup_3,items,special_offer8_tier3,purchase,purchase,43108.0,3.0,6.0,,,0.0,0.03
A. 0,Variant,powerup,powerup_3,items,special_offer3_tier3,purchase,purchase,43108.0,1.0,5.0,,,0.0,0.02
A. 0,Variant,powerup,powerup_3,items,rolling_offer_p799_VarA,purchase,purchase,43108.0,5.0,5.0,,,0.0,0.02
A. 0,Variant,powerup,powerup_3,items,rolling_offer_tier1_p299_tier3,purchase,purchase,43108.0,4.0,4.0,,,0.0,0.02
A. 0,Variant,powerup,powerup_3,items,rolling_offer_p349_tier3,purchase,purchase,43108.0,4.0,4.0,,,0.0,0.02
A. 0,Variant,powerup,powerup_3,items,bundle_7_with_prelevel_boosters_tier3,purchase,purchase,43108.0,4.0,4.0,,,0.0,0.02
A. 0,Variant,powerup,powerup_3,items,bundle_2_with_prelevel_boosters_tier3,purchase,purchase,43108.0,3.0,3.0,,,0.0,0.01
A. 0,Variant,powerup,powerup_3,items,league_rank_up,league_reward,meta,43108.0,1.0,2.0,,,0.0,0.01
A. 0,Variant,powerup,powerup_3,items,rolling_offer_tier1_p799_tier3,purchase,purchase,43108.0,1.0,2.0,,,0.0,0.01
A. 0,Variant,powerup,powerup_3,items,bundle_7_with_prelevel_boosters2,purchase,purchase,43108.0,2.0,2.0,,,0.0,0.01
A. 0,Variant,powerup,powerup_3,items,special_offer9_tier3,purchase,purchase,43108.0,1.0,2.0,,,0.0,0.01
A. 0,Variant,powerup,powerup_3,items,treasure_dive_event,reward_event,meta,43108.0,1.0,2.0,,,0.0,0.01
A. 0,Variant,pre_level_booster,pre_level_booster_1,items,offer_free_items,rolling_offer,meta,43108.0,2634.0,2719.0,,,0.063,21.89
A. 0,Variant,pre_level_booster,pre_level_booster_1,items,dreamheist_event,reward_event,meta,43108.0,2160.0,2293.0,,,0.053,18.46
A. 0,Variant,pre_level_booster,pre_level_booster_1,items,Rainbow Maker,reward_event,meta,43108.0,657.0,1251.0,,,0.029,10.07
A. 0,Variant,pre_level_booster,pre_level_booster_1,items,Hatchling Hideaway,event_reward,meta,43108.0,1192.0,1223.0,,,0.028,9.84
A. 0,Variant,pre_level_booster,pre_level_booster_1,items,ArcheryArena,reward_event,meta,43108.0,1142.0,1182.0,,,0.027,9.51
A. 0,Variant,pre_level_booster,pre_level_booster_1,items,FlockRush,event_reward,meta,43108.0,734.0,756.0,,,0.018,6.09
A. 0,Variant,pre_level_booster,pre_level_booster_1,items,dream_pass_event,reward_event,meta,43108.0,541.0,743.0,,,0.017,5.98
A. 0,Variant,pre_level_booster,pre_level_booster_1,items,Jigsaw,reward_event,meta,43108.0,682.0,704.0,,,0.016,5.67
A. 0,Variant,pre_level_booster,pre_level_booster_1,items,player_level_up,reward_chest,core,43108.0,260.0,263.0,,,0.006,2.12
A. 0,Variant,pre_level_booster,pre_level_booster_1,items,season_pass_event,reward_event,meta,43108.0,124.0,218.0,,,0.005,1.75
A. 0,Variant,pre_level_booster,pre_level_booster_1,items,bomb_ballet_event,reward_event,meta,43108.0,194.0,199.0,,,0.005,1.6
A. 0,Variant,pre_level_booster,pre_level_booster_1,items,team_versus_contribution,reward_event,meta,43108.0,171.0,172.0,,,0.004,1.38
A. 0,Variant,pre_level_booster,pre_level_booster_1,items,race_event,reward_event,meta,43108.0,134.0,136.0,,,0.003,1.09
A. 0,Variant,pre_level_booster,pre_level_booster_1,items,saga_progression,chapter_complete,core,43108.0,100.0,113.0,,,0.003,0.91
A. 0,Variant,pre_level_booster,pre_level_booster_1,items,ingame,purchase,purchase,43108.0,28.0,84.0,,,0.002,0.68
A. 0,Variant,pre_level_booster,pre_level_booster_1,items,bundle_3_with_prelevel_boosters_tier3,purchase,purchase,43108.0,21.0,64.0,,,0.001,0.52
A. 0,Variant,pre_level_booster,pre_level_booster_1,items,kite_festival_event,reward_event,meta,43108.0,48.0,49.0,,,0.001,0.39
A. 0,Variant,pre_level_booster,pre_level_booster_1,items,bundle_3_with_prelevel_boosters2,purchase,purchase,43108.0,6.0,36.0,,,0.001,0.29
A. 0,Variant,pre_level_booster,pre_level_booster_1,items,rolling_offer_tier1_p299,purchase,purchase,43108.0,33.0,33.0,,,0.001,0.27
A. 0,Variant,pre_level_booster,pre_level_booster_1,items,bundle_7_with_prelevel_boosters,purchase,purchase,43108.0,31.0,31.0,,,0.001,0.25
A. 0,Variant,pre_level_booster,pre_level_booster_1,items,bundle_2_with_prelevel_boosters2,purchase,purchase,43108.0,12.0,28.0,,,0.001,0.23
A. 0,Variant,pre_level_booster,pre_level_booster_1,items,bundle_6_with_prelevel_boosters2,purchase,purchase,43108.0,1.0,25.0,,,0.001,0.2
A. 0,Variant,pre_level_booster,pre_level_booster_1,items,bundle_4_with_prelevel_boosters_tier3,purchase,purchase,43108.0,5.0,25.0,,,0.001,0.2
A. 0,Variant,pre_level_booster,pre_level_booster_1,items,rolling_offer_tier1_p199_tier3,purchase,purchase,43108.0,14.0,14.0,,,0.0,0.11
A. 0,Variant,pre_level_booster,pre_level_booster_1,items,bundle_5_with_prelevel_boosters_tier3,purchase,purchase,43108.0,1.0,12.0,,,0.0,0.1
A. 0,Variant,pre_level_booster,pre_level_booster_1,items,reward_chest,reward_chest,other,43108.0,7.0,7.0,,,0.0,0.06
A. 0,Variant,pre_level_booster,pre_level_booster_1,items,bundle_2_with_prelevel_boosters,purchase,purchase,43108.0,7.0,7.0,,,0.0,0.06
A. 0,Variant,pre_level_booster,pre_level_booster_1,items,rolling_offer_p799_VarA,purchase,purchase,43108.0,5.0,5.0,,,0.0,0.04
A. 0,Variant,pre_level_booster,pre_level_booster_1,items,river_rush,reward_event,meta,43108.0,5.0,5.0,,,0.0,0.04
A. 0,Variant,pre_level_booster,pre_level_booster_1,items,rolling_offer_tier1_p299_tier3,purchase,purchase,43108.0,4.0,4.0,,,0.0,0.03
A. 0,Variant,pre_level_booster,pre_level_booster_1,items,rolling_offer_p349_tier3,purchase,purchase,43108.0,4.0,4.0,,,0.0,0.03
A. 0,Variant,pre_level_booster,pre_level_booster_1,items,bundle_7_with_prelevel_boosters_tier3,purchase,purchase,43108.0,4.0,4.0,,,0.0,0.03
A. 0,Variant,pre_level_booster,pre_level_booster_1,items,great_offer1_199,purchase,purchase,43108.0,4.0,4.0,,,0.0,0.03
A. 0,Variant,pre_level_booster,pre_level_booster_1,items,bundle_2_with_prelevel_boosters_tier3,purchase,purchase,43108.0,3.0,3.0,,,0.0,0.02
A. 0,Variant,pre_level_booster,pre_level_booster_1,items,bundle_7_with_prelevel_boosters2,purchase,purchase,43108.0,2.0,2.0,,,0.0,0.02
A. 0,Variant,pre_level_booster,pre_level_booster_1,items,chuck_event,reward_event,meta,43108.0,1.0,1.0,,,0.0,0.01
A. 0,Variant,pre_level_booster,pre_level_booster_1,items,SagaPath,reward_event,meta,43108.0,1.0,1.0,,,0.0,0.01
A. 0,Variant,pre_level_booster,pre_level_booster_1,items,treasure_dive_event,reward_event,meta,43108.0,1.0,1.0,,,0.0,0.01
A. 0,Variant,pre_level_booster,pre_level_booster_1,items,rolling_offer_tier1_p799_tier3,purchase,purchase,43108.0,1.0,1.0,,,0.0,0.01
A. 0,Variant,pre_level_booster,pre_level_booster_1,items,event_progress,reward_event,meta,43108.0,1.0,1.0,,,0.0,0.01
A. 0,Variant,pre_level_booster,pre_level_booster_2,items,offer_free_items,rolling_offer,meta,43108.0,2581.0,2654.0,,,0.062,22.29
A. 0,Variant,pre_level_booster,pre_level_booster_2,items,Jigsaw,reward_event,meta,43108.0,1413.0,1566.0,,,0.036,13.15
A. 0,Variant,pre_level_booster,pre_level_booster_2,items,dream_pass_event,reward_event,meta,43108.0,827.0,1135.0,,,0.026,9.53
A. 0,Variant,pre_level_booster,pre_level_booster_2,items,Rainbow Maker,reward_event,meta,43108.0,527.0,960.0,,,0.022,8.06
A. 0,Variant,pre_level_booster,pre_level_booster_2,items,ArcheryArena,reward_event,meta,43108.0,783.0,811.0,,,0.019,6.81
A. 0,Variant,pre_level_booster,pre_level_booster_2,items,Hatchling Hideaway,event_reward,meta,43108.0,762.0,783.0,,,0.018,6.58
A. 0,Variant,pre_level_booster,pre_level_booster_2,items,FlockRush,event_reward,meta,43108.0,734.0,756.0,,,0.018,6.35
A. 0,Variant,pre_level_booster,pre_level_booster_2,items,dreamheist_event,reward_event,meta,43108.0,651.0,693.0,,,0.016,5.82
A. 0,Variant,pre_level_booster,pre_level_booster_2,items,player_level_up,reward_chest,core,43108.0,426.0,619.0,,,0.014,5.2
A. 0,Variant,pre_level_booster,pre_level_booster_2,items,bomb_ballet_event,reward_event,meta,43108.0,527.0,539.0,,,0.013,4.53
A. 0,Variant,pre_level_booster,pre_level_booster_2,items,season_pass_event,reward_event,meta,43108.0,251.0,390.0,,,0.009,3.28
A. 0,Variant,pre_level_booster,pre_level_booster_2,items,team_versus_contribution,reward_event,meta,43108.0,270.0,274.0,,,0.006,2.3
A. 0,Variant,pre_level_booster,pre_level_booster_2,items,race_event,reward_event,meta,43108.0,226.0,232.0,,,0.005,1.95
A. 0,Variant,pre_level_booster,pre_level_booster_2,items,saga_progression,chapter_complete,core,43108.0,82.0,87.0,,,0.002,0.73
A. 0,Variant,pre_level_booster,pre_level_booster_2,items,bundle_3_with_prelevel_boosters_tier3,purchase,purchase,43108.0,21.0,64.0,,,0.001,0.54
A. 0,Variant,pre_level_booster,pre_level_booster_2,items,kite_festival_event,reward_event,meta,43108.0,45.0,46.0,,,0.001,0.39
A. 0,Variant,pre_level_booster,pre_level_booster_2,items,ingame,purchase,purchase,43108.0,13.0,39.0,,,0.001,0.33
A. 0,Variant,pre_level_booster,pre_level_booster_2,items,bundle_3_with_prelevel_boosters2,purchase,purchase,43108.0,6.0,36.0,,,0.001,0.3
A. 0,Variant,pre_level_booster,pre_level_booster_2,items,rolling_offer_tier1_p299,purchase,purchase,43108.0,33.0,33.0,,,0.001,0.28
A. 0,Variant,pre_level_booster,pre_level_booster_2,items,bundle_7_with_prelevel_boosters,purchase,purchase,43108.0,31.0,31.0,,,0.001,0.26
A. 0,Variant,pre_level_booster,pre_level_booster_2,items,bundle_2_with_prelevel_boosters2,purchase,purchase,43108.0,12.0,28.0,,,0.001,0.24
A. 0,Variant,pre_level_booster,pre_level_booster_2,items,bundle_6_with_prelevel_boosters2,purchase,purchase,43108.0,1.0,25.0,,,0.001,0.21
A. 0,Variant,pre_level_booster,pre_level_booster_2,items,bundle_4_with_prelevel_boosters_tier3,purchase,purchase,43108.0,5.0,25.0,,,0.001,0.21
A. 0,Variant,pre_level_booster,pre_level_booster_2,items,rolling_offer_tier1_p199_tier3,purchase,purchase,43108.0,14.0,14.0,,,0.0,0.12
A. 0,Variant,pre_level_booster,pre_level_booster_2,items,bundle_5_with_prelevel_boosters_tier3,purchase,purchase,43108.0,1.0,12.0,,,0.0,0.1
A. 0,Variant,pre_level_booster,pre_level_booster_2,items,reward_chest,reward_chest,other,43108.0,8.0,9.0,,,0.0,0.08
A. 0,Variant,pre_level_booster,pre_level_booster_2,items,bundle_2_with_prelevel_boosters,purchase,purchase,43108.0,7.0,7.0,,,0.0,0.06
A. 0,Variant,pre_level_booster,pre_level_booster_2,items,rolling_offer_p799_VarA,purchase,purchase,43108.0,5.0,5.0,,,0.0,0.04
A. 0,Variant,pre_level_booster,pre_level_booster_2,items,great_offer1_199,purchase,purchase,43108.0,4.0,4.0,,,0.0,0.03
A. 0,Variant,pre_level_booster,pre_level_booster_2,items,rolling_offer_tier1_p299_tier3,purchase,purchase,43108.0,4.0,4.0,,,0.0,0.03
A. 0,Variant,pre_level_booster,pre_level_booster_2,items,bundle_7_with_prelevel_boosters_tier3,purchase,purchase,43108.0,4.0,4.0,,,0.0,0.03
A. 0,Variant,pre_level_booster,pre_level_booster_2,items,rolling_offer_p349_tier3,purchase,purchase,43108.0,4.0,4.0,,,0.0,0.03
A. 0,Variant,pre_level_booster,pre_level_booster_2,items,Photoshoot,reward_event,meta,43108.0,3.0,3.0,,,0.0,0.03
A. 0,Variant,pre_level_booster,pre_level_booster_2,items,bundle_2_with_prelevel_boosters_tier3,purchase,purchase,43108.0,3.0,3.0,,,0.0,0.03
A. 0,Variant,pre_level_booster,pre_level_booster_2,items,river_rush,reward_event,meta,43108.0,2.0,2.0,,,0.0,0.02
A. 0,Variant,pre_level_booster,pre_level_booster_2,items,wager_event,reward_event,meta,43108.0,1.0,2.0,,,0.0,0.02
A. 0,Variant,pre_level_booster,pre_level_booster_2,items,event_progress,reward_event,meta,43108.0,2.0,2.0,,,0.0,0.02
A. 0,Variant,pre_level_booster,pre_level_booster_2,items,daily_reward,daily_reward,core,43108.0,1.0,2.0,,,0.0,0.02
A. 0,Variant,pre_level_booster,pre_level_booster_2,items,bundle_7_with_prelevel_boosters2,purchase,purchase,43108.0,2.0,2.0,,,0.0,0.02
A. 0,Variant,pre_level_booster,pre_level_booster_2,items,chuck_event,reward_event,meta,43108.0,1.0,1.0,,,0.0,0.01
A. 0,Variant,pre_level_booster,pre_level_booster_2,items,rolling_offer_tier1_p799_tier3,purchase,purchase,43108.0,1.0,1.0,,,0.0,0.01
A. 0,Variant,pre_level_booster,pre_level_booster_3,items,offer_free_items,rolling_offer,meta,43108.0,2569.0,2636.0,,,0.061,31.43
A. 0,Variant,pre_level_booster,pre_level_booster_3,items,Rainbow Maker,reward_event,meta,43108.0,535.0,1009.0,,,0.023,12.03
A. 0,Variant,pre_level_booster,pre_level_booster_3,items,FlockRush,event_reward,meta,43108.0,734.0,756.0,,,0.018,9.01
A. 0,Variant,pre_level_booster,pre_level_booster_3,items,Hatchling Hideaway,event_reward,meta,43108.0,666.0,704.0,,,0.016,8.39
A. 0,Variant,pre_level_booster,pre_level_booster_3,items,team_versus_contribution,reward_event,meta,43108.0,586.0,589.0,,,0.014,7.02
A. 0,Variant,pre_level_booster,pre_level_booster_3,items,player_level_up,reward_chest,core,43108.0,362.0,548.0,,,0.013,6.53
A. 0,Variant,pre_level_booster,pre_level_booster_3,items,race_event,reward_event,meta,43108.0,532.0,547.0,,,0.013,6.52
A. 0,Variant,pre_level_booster,pre_level_booster_3,items,ArcheryArena,reward_event,meta,43108.0,410.0,422.0,,,0.01,5.03
A. 0,Variant,pre_level_booster,pre_level_booster_3,items,dream_pass_event,reward_event,meta,43108.0,295.0,369.0,,,0.009,4.4
A. 0,Variant,pre_level_booster,pre_level_booster_3,items,Jigsaw,reward_event,meta,43108.0,252.0,258.0,,,0.006,3.08
A. 0,Variant,pre_level_booster,pre_level_booster_3,items,bomb_ballet_event,reward_event,meta,43108.0,102.0,102.0,,,0.002,1.22
A. 0,Variant,pre_level_booster,pre_level_booster_3,items,bundle_3_with_prelevel_boosters_tier3,purchase,purchase,43108.0,21.0,64.0,,,0.001,0.76
A. 0,Variant,pre_level_booster,pre_level_booster_3,items,ingame,purchase,purchase,43108.0,14.0,42.0,,,0.001,0.5
A. 0,Variant,pre_level_booster,pre_level_booster_3,items,saga_progression,chapter_complete,core,43108.0,39.0,40.0,,,0.001,0.48
A. 0,Variant,pre_level_booster,pre_level_booster_3,items,bundle_3_with_prelevel_boosters2,purchase,purchase,43108.0,6.0,36.0,,,0.001,0.43
A. 0,Variant,pre_level_booster,pre_level_booster_3,items,rolling_offer_tier1_p299,purchase,purchase,43108.0,33.0,33.0,,,0.001,0.39
A. 0,Variant,pre_level_booster,pre_level_booster_3,items,bundle_7_with_prelevel_boosters,purchase,purchase,43108.0,31.0,31.0,,,0.001,0.37
A. 0,Variant,pre_level_booster,pre_level_booster_3,items,bundle_2_with_prelevel_boosters2,purchase,purchase,43108.0,12.0,28.0,,,0.001,0.33
A. 0,Variant,pre_level_booster,pre_level_booster_3,items,kite_festival_event,reward_event,meta,43108.0,26.0,27.0,,,0.001,0.32
A. 0,Variant,pre_level_booster,pre_level_booster_3,items,bundle_4_with_prelevel_boosters_tier3,purchase,purchase,43108.0,5.0,25.0,,,0.001,0.3
A. 0,Variant,pre_level_booster,pre_level_booster_3,items,season_pass_event,reward_event,meta,43108.0,16.0,25.0,,,0.001,0.3
A. 0,Variant,pre_level_booster,pre_level_booster_3,items,bundle_6_with_prelevel_boosters2,purchase,purchase,43108.0,1.0,25.0,,,0.001,0.3
A. 0,Variant,pre_level_booster,pre_level_booster_3,items,rolling_offer_tier1_p199_tier3,purchase,purchase,43108.0,14.0,14.0,,,0.0,0.17
A. 0,Variant,pre_level_booster,pre_level_booster_3,items,bundle_5_with_prelevel_boosters_tier3,purchase,purchase,43108.0,1.0,12.0,,,0.0,0.14
A. 0,Variant,pre_level_booster,pre_level_booster_3,items,reward_chest,reward_chest,other,43108.0,7.0,7.0,,,0.0,0.08
A. 0,Variant,pre_level_booster,pre_level_booster_3,items,bundle_2_with_prelevel_boosters,purchase,purchase,43108.0,7.0,7.0,,,0.0,0.08
A. 0,Variant,pre_level_booster,pre_level_booster_3,items,rolling_offer_p799_VarA,purchase,purchase,43108.0,5.0,5.0,,,0.0,0.06
A. 0,Variant,pre_level_booster,pre_level_booster_3,items,rolling_offer_tier1_p299_tier3,purchase,purchase,43108.0,4.0,4.0,,,0.0,0.05
A. 0,Variant,pre_level_booster,pre_level_booster_3,items,bundle_7_with_prelevel_boosters_tier3,purchase,purchase,43108.0,4.0,4.0,,,0.0,0.05
A. 0,Variant,pre_level_booster,pre_level_booster_3,items,rolling_offer_p349_tier3,purchase,purchase,43108.0,4.0,4.0,,,0.0,0.05
A. 0,Variant,pre_level_booster,pre_level_booster_3,items,great_offer1_199,purchase,purchase,43108.0,4.0,4.0,,,0.0,0.05
A. 0,Variant,pre_level_booster,pre_level_booster_3,items,river_rush,reward_event,meta,43108.0,3.0,3.0,,,0.0,0.04
A. 0,Variant,pre_level_booster,pre_level_booster_3,items,bundle_2_with_prelevel_boosters_tier3,purchase,purchase,43108.0,3.0,3.0,,,0.0,0.04
A. 0,Variant,pre_level_booster,pre_level_booster_3,items,bundle_7_with_prelevel_boosters2,purchase,purchase,43108.0,2.0,2.0,,,0.0,0.02
A. 0,Variant,pre_level_booster,pre_level_booster_3,items,rolling_offer_tier1_p799_tier3,purchase,purchase,43108.0,1.0,1.0,,,0.0,0.01
A. 0,Variant,pre_level_booster,pre_level_booster_3,items,single_collection,reward_event,meta,43108.0,1.0,1.0,,,0.0,0.01
A. 0,Variant,pre_level_booster,pre_level_booster_3,items,treasure_dive_event,reward_event,meta,43108.0,1.0,1.0,,,0.0,0.01
A. 0,Variant,season_pass_multiplier_2x,SeasonPassMultiplier2x,minutes,Rainbow Maker,reward_event,meta,43108.0,573.0,12450.0,,,0.289,65.08
A. 0,Variant,season_pass_multiplier_2x,SeasonPassMultiplier2x,minutes,great_offer1_299,purchase,purchase,43108.0,9.0,3600.0,,,0.084,18.82
A. 0,Variant,season_pass_multiplier_2x,SeasonPassMultiplier2x,minutes,great_offer1_199_tier3,purchase,purchase,43108.0,8.0,2880.0,,,0.067,15.05
A. 0,Variant,season_pass_multiplier_2x,SeasonPassMultiplier2x,minutes,gift,gift,other,43108.0,9.0,150.0,,,0.003,0.78
A. 0,Variant,season_pass_multiplier_2x,SeasonPassMultiplier2x,minutes,river_rush,reward_event,meta,43108.0,3.0,50.0,,,0.001,0.26
A. 0,Variant,season_pass_tokens,SeasonPassToken,items,offer_free_items,rolling_offer,meta,43108.0,6.0,240.0,,,0.006,54.55
A. 0,Variant,season_pass_tokens,SeasonPassToken,items,wager_event,reward_event,meta,43108.0,1.0,150.0,,,0.003,34.09
A. 0,Variant,season_pass_tokens,SeasonPassToken,items,race_event,reward_event,meta,43108.0,1.0,50.0,,,0.001,11.36
A. 0,Variant,ul_pre_booster,UnlimitedBooster1,minutes,daily_reward,daily_reward,core,43108.0,369.0,22860.0,,,0.53,27.58
A. 0,Variant,ul_pre_booster,UnlimitedBooster1,minutes,Jigsaw,reward_event,meta,43108.0,1494.0,21010.0,,,0.487,25.35
A. 0,Variant,ul_pre_booster,UnlimitedBooster1,minutes,dream_pass_event,reward_event,meta,43108.0,703.0,9425.0,,,0.219,11.37
A. 0,Variant,ul_pre_booster,UnlimitedBooster1,minutes,Hatchling Hideaway,event_reward,meta,43108.0,609.0,6410.0,,,0.149,7.73
A. 0,Variant,ul_pre_booster,UnlimitedBooster1,minutes,bomb_ballet_event,reward_event,meta,43108.0,462.0,6020.0,,,0.14,7.26
A. 0,Variant,ul_pre_booster,UnlimitedBooster1,minutes,season_pass_event,reward_event,meta,43108.0,247.0,4065.0,,,0.094,4.9
A. 0,Variant,ul_pre_booster,UnlimitedBooster1,minutes,great_offer1_299,purchase,purchase,43108.0,9.0,3600.0,,,0.084,4.34
A. 0,Variant,ul_pre_booster,UnlimitedBooster1,minutes,great_offer1_199_tier3,purchase,purchase,43108.0,8.0,2880.0,,,0.067,3.47
A. 0,Variant,ul_pre_booster,UnlimitedBooster1,minutes,Hard_Level_Offer1,purchase,purchase,43108.0,131.0,2820.0,,,0.065,3.4
A. 0,Variant,ul_pre_booster,UnlimitedBooster1,minutes,gift,gift,other,43108.0,36.0,1680.0,,,0.039,2.03
A. 0,Variant,ul_pre_booster,UnlimitedBooster1,minutes,Hard_level_offer1_tier3,purchase,purchase,43108.0,62.0,1240.0,,,0.029,1.5
A. 0,Variant,ul_pre_booster,UnlimitedBooster1,minutes,Rainbow Maker,reward_event,meta,43108.0,61.0,780.0,,,0.018,0.94
A. 0,Variant,ul_pre_booster,UnlimitedBooster1,minutes,river_rush,reward_event,meta,43108.0,2.0,40.0,,,0.001,0.05
A. 0,Variant,ul_pre_booster,UnlimitedBooster1,minutes,event_progress,reward_event,meta,43108.0,1.0,40.0,,,0.001,0.05
A. 0,Variant,ul_pre_booster,UnlimitedBooster1,minutes,SagaPath,reward_event,meta,43108.0,1.0,15.0,,,0.0,0.02
A. 0,Variant,ul_pre_booster,UnlimitedBooster2,minutes,daily_reward,daily_reward,core,43108.0,333.0,20280.0,,,0.47,27.84
A. 0,Variant,ul_pre_booster,UnlimitedBooster2,minutes,Jigsaw,reward_event,meta,43108.0,1237.0,16040.0,,,0.372,22.02
A. 0,Variant,ul_pre_booster,UnlimitedBooster2,minutes,Hatchling Hideaway,event_reward,meta,43108.0,584.0,6210.0,,,0.144,8.53
A. 0,Variant,ul_pre_booster,UnlimitedBooster2,minutes,dream_pass_event,reward_event,meta,43108.0,352.0,6000.0,,,0.139,8.24
A. 0,Variant,ul_pre_booster,UnlimitedBooster2,minutes,bomb_ballet_event,reward_event,meta,43108.0,358.0,4685.0,,,0.109,6.43
A. 0,Variant,ul_pre_booster,UnlimitedBooster2,minutes,Rainbow Maker,reward_event,meta,43108.0,367.0,4190.0,,,0.097,5.75
A. 0,Variant,ul_pre_booster,UnlimitedBooster2,minutes,great_offer1_299,purchase,purchase,43108.0,9.0,3600.0,,,0.084,4.94
A. 0,Variant,ul_pre_booster,UnlimitedBooster2,minutes,season_pass_event,reward_event,meta,43108.0,181.0,3210.0,,,0.074,4.41
A. 0,Variant,ul_pre_booster,UnlimitedBooster2,minutes,great_offer1_199_tier3,purchase,purchase,43108.0,8.0,2880.0,,,0.067,3.95
A. 0,Variant,ul_pre_booster,UnlimitedBooster2,minutes,Hard_Level_Offer1,purchase,purchase,43108.0,131.0,2820.0,,,0.065,3.87
A. 0,Variant,ul_pre_booster,UnlimitedBooster2,minutes,gift,gift,other,43108.0,36.0,1680.0,,,0.039,2.31
A. 0,Variant,ul_pre_booster,UnlimitedBooster2,minutes,Hard_level_offer1_tier3,purchase,purchase,43108.0,62.0,1240.0,,,0.029,1.7
A. 0,Variant,ul_pre_booster,UnlimitedBooster3,minutes,Jigsaw,reward_event,meta,43108.0,862.0,10940.0,,,0.254,28.15
A. 0,Variant,ul_pre_booster,UnlimitedBooster3,minutes,daily_reward,daily_reward,core,43108.0,337.0,10710.0,,,0.248,27.56
A. 0,Variant,ul_pre_booster,UnlimitedBooster3,minutes,bomb_ballet_event,reward_event,meta,43108.0,307.0,4035.0,,,0.094,10.38
A. 0,Variant,ul_pre_booster,UnlimitedBooster3,minutes,great_offer1_299,purchase,purchase,43108.0,9.0,3600.0,,,0.084,9.26
A. 0,Variant,ul_pre_booster,UnlimitedBooster3,minutes,great_offer1_199_tier3,purchase,purchase,43108.0,8.0,2880.0,,,0.067,7.41
A. 0,Variant,ul_pre_booster,UnlimitedBooster3,minutes,Hard_Level_Offer1,purchase,purchase,43108.0,131.0,2820.0,,,0.065,7.26
A. 0,Variant,ul_pre_booster,UnlimitedBooster3,minutes,gift,gift,other,43108.0,36.0,1680.0,,,0.039,4.32
A. 0,Variant,ul_pre_booster,UnlimitedBooster3,minutes,Hard_level_offer1_tier3,purchase,purchase,43108.0,62.0,1240.0,,,0.029,3.19
A. 0,Variant,ul_pre_booster,UnlimitedBooster3,minutes,dream_pass_event,reward_event,meta,43108.0,48.0,785.0,,,0.018,2.02
A. 0,Variant,ul_pre_booster,UnlimitedBooster3,minutes,season_pass_event,reward_event,meta,43108.0,10.0,130.0,,,0.003,0.33
A. 0,Variant,ul_pre_booster,UnlimitedBooster3,minutes,river_rush,reward_event,meta,43108.0,2.0,40.0,,,0.001,0.1
A. 0,Variant,unlimited_lives,UnlimitedLives,minutes,daily_reward,daily_reward,core,43108.0,9890.0,399610.0,,,9.27,30.9
A. 0,Variant,unlimited_lives,UnlimitedLives,minutes,FlockRush,event_reward,meta,43108.0,3617.0,219660.0,,,5.096,16.99
A. 0,Variant,unlimited_lives,UnlimitedLives,minutes,dreamheist_event,reward_event,meta,43108.0,4097.0,120840.0,,,2.803,9.34
A. 0,Variant,unlimited_lives,UnlimitedLives,minutes,Hatchling Hideaway,event_reward,meta,43108.0,1368.0,94500.0,,,2.192,7.31
A. 0,Variant,unlimited_lives,UnlimitedLives,minutes,Jigsaw,reward_event,meta,43108.0,1302.0,80730.0,,,1.873,6.24
A. 0,Variant,unlimited_lives,UnlimitedLives,minutes,ArcheryArena,reward_event,meta,43108.0,2240.0,69160.0,,,1.604,5.35
A. 0,Variant,unlimited_lives,UnlimitedLives,minutes,dream_pass_event,reward_event,meta,43108.0,989.0,55470.0,,,1.287,4.29
A. 0,Variant,unlimited_lives,UnlimitedLives,minutes,Rainbow Maker,reward_event,meta,43108.0,617.0,43140.0,,,1.001,3.34
A. 0,Variant,unlimited_lives,UnlimitedLives,minutes,player_level_up,reward_chest,core,43108.0,936.0,41940.0,,,0.973,3.24
A. 0,Variant,unlimited_lives,UnlimitedLives,minutes,ad_chest,ad_chest,ads,43108.0,2225.0,37325.0,,,0.866,2.89
A. 0,Variant,unlimited_lives,UnlimitedLives,minutes,kite_festival_event,reward_event,meta,43108.0,954.0,33185.0,,,0.77,2.57
A. 0,Variant,unlimited_lives,UnlimitedLives,minutes,bomb_ballet_event,reward_event,meta,43108.0,460.0,26040.0,,,0.604,2.01
A. 0,Variant,unlimited_lives,UnlimitedLives,minutes,season_pass_event,reward_event,meta,43108.0,282.0,21035.0,,,0.488,1.63
A. 0,Variant,unlimited_lives,UnlimitedLives,minutes,offer_free_items,rolling_offer,meta,43108.0,435.0,20630.0,,,0.479,1.6
A. 0,Variant,unlimited_lives,UnlimitedLives,minutes,saga_progression,chapter_complete,core,43108.0,292.0,6935.0,,,0.161,0.54
A. 0,Variant,unlimited_lives,UnlimitedLives,minutes,great_offer1_299,purchase,purchase,43108.0,9.0,3600.0,,,0.084,0.28
A. 0,Variant,unlimited_lives,UnlimitedLives,minutes,race_event,reward_event,meta,43108.0,56.0,2930.0,,,0.068,0.23
A. 0,Variant,unlimited_lives,UnlimitedLives,minutes,great_offer1_199_tier3,purchase,purchase,43108.0,8.0,2880.0,,,0.067,0.22
A. 0,Variant,unlimited_lives,UnlimitedLives,minutes,Hard_Level_Offer1,purchase,purchase,43108.0,131.0,2820.0,,,0.065,0.22
A. 0,Variant,unlimited_lives,UnlimitedLives,minutes,bundle_4_with_prelevel_boosters_tier3,purchase,purchase,43108.0,5.0,1800.0,,,0.042,0.14
A. 0,Variant,unlimited_lives,UnlimitedLives,minutes,gift,gift,other,43108.0,36.0,1740.0,,,0.04,0.13
A. 0,Variant,unlimited_lives,UnlimitedLives,minutes,Hard_level_offer1_tier3,purchase,purchase,43108.0,62.0,1240.0,,,0.029,0.1
A. 0,Variant,unlimited_lives,UnlimitedLives,minutes,bundle_3_with_prelevel_boosters2,purchase,purchase,43108.0,6.0,1080.0,,,0.025,0.08
A. 0,Variant,unlimited_lives,UnlimitedLives,minutes,bundle_6_with_prelevel_boosters2,purchase,purchase,43108.0,1.0,1080.0,,,0.025,0.08
A. 0,Variant,unlimited_lives,UnlimitedLives,minutes,league_rank_up,league_reward,meta,43108.0,28.0,992.0,,,0.023,0.08
A. 0,Variant,unlimited_lives,UnlimitedLives,minutes,bundle_5_with_prelevel_boosters_tier3,purchase,purchase,43108.0,1.0,720.0,,,0.017,0.06
A. 0,Variant,unlimited_lives,UnlimitedLives,minutes,rolling_offer_tier1_p499_VarA,purchase,purchase,43108.0,15.0,600.0,,,0.014,0.05
A. 0,Variant,unlimited_lives,UnlimitedLives,minutes,rolling_offer_p799_VarA,purchase,purchase,43108.0,5.0,300.0,,,0.007,0.02
A. 0,Variant,unlimited_lives,UnlimitedLives,minutes,rolling_offer_p349_tier3,purchase,purchase,43108.0,4.0,240.0,,,0.006,0.02
A. 0,Variant,unlimited_lives,UnlimitedLives,minutes,wager_event,reward_event,meta,43108.0,2.0,235.0,,,0.005,0.02
A. 0,Variant,unlimited_lives,UnlimitedLives,minutes,reward_chest,reward_chest,other,43108.0,7.0,210.0,,,0.005,0.02
A. 0,Variant,unlimited_lives,UnlimitedLives,minutes,rolling_offer_tier1_p299_tier3,purchase,purchase,43108.0,4.0,120.0,,,0.003,0.01
A. 0,Variant,unlimited_lives,UnlimitedLives,minutes,rolling_offer_tier1_p799_tier3,purchase,purchase,43108.0,1.0,120.0,,,0.003,0.01
A. 0,Variant,unlimited_lives,UnlimitedLives,minutes,league_same_rank,league_reward,meta,43108.0,1.0,100.0,,,0.002,0.01
A. 0,Variant,unlimited_lives,UnlimitedLives,minutes,special_event,reward_event,meta,43108.0,1.0,50.0,,,0.001,0.0
A. 0,Variant,unlimited_lives,UnlimitedLives,minutes,rolling_offer_p099_VarA,purchase,purchase,43108.0,1.0,45.0,,,0.001,0.0
A. 0,Variant,unlimited_lives,UnlimitedLives,minutes,treasure_dive_event,reward_event,meta,43108.0,1.0,30.0,,,0.001,0.0
A. 0,Variant,unlimited_lives,UnlimitedLives,minutes,event_progress,reward_event,meta,43108.0,1.0,30.0,,,0.001,0.0
A. 0,Variant,unlimited_lives,UnlimitedLives,minutes,SagaPath,reward_event,meta,43108.0,1.0,15.0,,,0.0,0.0
B. 1-9,Control,Avatar,Avatar,items,saga_progression,chapter_complete,core,67171.0,7340.0,7689.0,,,0.114,99.9
B. 1-9,Control,Avatar,Avatar,items,season_pass_event,reward_event,meta,67171.0,8.0,8.0,,,0.0,0.1
B. 1-9,Control,currency,HardCoin,coins,daily_reward,daily_reward,core,67171.0,28265.0,974525.0,974525.0,0.0,14.508,29.09
B. 1-9,Control,currency,HardCoin,coins,saga_progression,chapter_complete,core,67171.0,27184.0,635395.0,635395.0,0.0,9.459,18.96
B. 1-9,Control,currency,HardCoin,coins,player_level_up,reward_chest,core,67171.0,11161.0,363675.0,363675.0,0.0,5.414,10.85
B. 1-9,Control,currency,HardCoin,coins,team_collection,reward_event,meta,67171.0,3040.0,335570.0,335570.0,0.0,4.996,10.02
B. 1-9,Control,currency,HardCoin,coins,team_versus_contribution,reward_event,meta,67171.0,4674.0,246950.0,246950.0,0.0,3.676,7.37
B. 1-9,Control,currency,HardCoin,coins,team_versus,reward_event,meta,67171.0,1898.0,192735.0,192735.0,0.0,2.869,5.75
B. 1-9,Control,currency,HardCoin,coins,ad_chest,ad_chest,ads,67171.0,6930.0,139885.0,139885.0,0.0,2.083,4.18
B. 1-9,Control,currency,HardCoin,coins,dream_pass_event,reward_event,meta,67171.0,6312.0,115125.0,115125.0,0.0,1.714,3.44
B. 1-9,Control,currency,HardCoin,coins,race_event,reward_event,meta,67171.0,1263.0,69750.0,69750.0,0.0,1.038,2.08
B. 1-9,Control,currency,HardCoin,coins,single_collection,reward_event,meta,67171.0,225.0,23150.0,23150.0,0.0,0.345,0.69
B. 1-9,Control,currency,HardCoin,coins,river_rush,reward_event,meta,67171.0,577.0,20380.0,20380.0,0.0,0.303,0.61
B. 1-9,Control,currency,HardCoin,coins,Hatchling Hideaway,event_reward,meta,67171.0,1735.0,19505.0,19505.0,0.0,0.29,0.58
B. 1-9,Control,currency,HardCoin,coins,reward_chest,reward_chest,other,67171.0,194.0,19485.0,19485.0,0.0,0.29,0.58
B. 1-9,Control,currency,HardCoin,coins,ArcheryArena,reward_event,meta,67171.0,147.0,13370.0,13370.0,0.0,0.199,0.4
B. 1-9,Control,currency,HardCoin,coins,Hard_Level_Offer1,purchase,purchase,67171.0,130.0,13300.0,0.0,13300.0,0.198,0.4
B. 1-9,Control,currency,HardCoin,coins,bomb_event,reward_event,meta,67171.0,134.0,12550.0,12550.0,0.0,0.187,0.37
B. 1-9,Control,currency,HardCoin,coins,dream_peak,reward_event,core,67171.0,33.0,10400.0,10400.0,0.0,0.155,0.31
B. 1-9,Control,currency,HardCoin,coins,season_pass_event,reward_event,meta,67171.0,558.0,10270.0,10270.0,0.0,0.153,0.31
B. 1-9,Control,currency,HardCoin,coins,heart_gift,heart_gift,other,67171.0,4237.0,9754.0,9754.0,0.0,0.145,0.29
B. 1-9,Control,currency,HardCoin,coins,xs_coins_tier3,purchase,purchase,67171.0,50.0,9150.0,0.0,9150.0,0.136,0.27
B. 1-9,Control,currency,HardCoin,coins,red_event,reward_event,meta,67171.0,96.0,9000.0,9000.0,0.0,0.134,0.27
B. 1-9,Control,currency,HardCoin,coins,special_offer1,purchase,purchase,67171.0,28.0,8400.0,0.0,8400.0,0.125,0.25
B. 1-9,Control,currency,HardCoin,coins,Hard_level_offer1_tier3,purchase,purchase,67171.0,81.0,8300.0,0.0,8300.0,0.124,0.25
B. 1-9,Control,currency,HardCoin,coins,xs_coins2,purchase,purchase,67171.0,61.0,8300.0,0.0,8300.0,0.124,0.25
B. 1-9,Control,currency,HardCoin,coins,special_offer1_tier3,purchase,purchase,67171.0,25.0,7500.0,0.0,7500.0,0.112,0.22
B. 1-9,Control,currency,HardCoin,coins,facebook_like,facebook_like,other,67171.0,60.0,7300.0,7300.0,0.0,0.109,0.22
B. 1-9,Control,currency,HardCoin,coins,m_coins_tier3,purchase,purchase,67171.0,3.0,6000.0,0.0,6000.0,0.089,0.18
B. 1-9,Control,currency,HardCoin,coins,kite_festival_event,reward_event,meta,67171.0,29.0,5300.0,5300.0,0.0,0.079,0.16
B. 1-9,Control,currency,HardCoin,coins,Jigsaw,reward_event,meta,67171.0,179.0,5125.0,5125.0,0.0,0.076,0.15
B. 1-9,Control,currency,HardCoin,coins,bundle_2_with_prelevel_boosters2,purchase,purchase,67171.0,10.0,5000.0,0.0,5000.0,0.074,0.15
B. 1-9,Control,currency,HardCoin,coins,bundle_3_with_prelevel_boosters2,purchase,purchase,67171.0,5.0,5000.0,0.0,5000.0,0.074,0.15
B. 1-9,Control,currency,HardCoin,coins,bundle_3_with_prelevel_boosters_tier3,purchase,purchase,67171.0,4.0,4000.0,0.0,4000.0,0.06,0.12
B. 1-9,Control,currency,HardCoin,coins,xl_coins_tier3,purchase,purchase,67171.0,1.0,4000.0,0.0,4000.0,0.06,0.12
B. 1-9,Control,currency,HardCoin,coins,s_coins_tier3,purchase,purchase,67171.0,7.0,4000.0,0.0,4000.0,0.06,0.12
B. 1-9,Control,currency,HardCoin,coins,rolling_offer_tier1_p299,purchase,purchase,67171.0,19.0,3800.0,0.0,3800.0,0.057,0.11
B. 1-9,Control,currency,HardCoin,coins,gift,gift,other,67171.0,13.0,3000.0,3000.0,0.0,0.045,0.09
B. 1-9,Control,currency,HardCoin,coins,bundle_4_with_prelevel_boosters_tier3,purchase,purchase,67171.0,1.0,2000.0,0.0,2000.0,0.03,0.06
B. 1-9,Control,currency,HardCoin,coins,bundle_7_with_prelevel_boosters,purchase,purchase,67171.0,12.0,1800.0,0.0,1800.0,0.027,0.05
B. 1-9,Control,currency,HardCoin,coins,s_coins2,purchase,purchase,67171.0,3.0,1500.0,0.0,1500.0,0.022,0.04
B. 1-9,Control,currency,HardCoin,coins,great_offer1_199,purchase,purchase,67171.0,9.0,1350.0,0.0,1350.0,0.02,0.04
B. 1-9,Control,currency,HardCoin,coins,rolling_offer_tier1_p199_tier3,purchase,purchase,67171.0,6.0,1200.0,0.0,1200.0,0.018,0.04
B. 1-9,Control,currency,HardCoin,coins,special_offer8_tier3,purchase,purchase,67171.0,3.0,1200.0,0.0,1200.0,0.018,0.04
B. 1-9,Control,currency,HardCoin,coins,bundle_2_with_prelevel_boosters_tier3,purchase,purchase,67171.0,2.0,1000.0,0.0,1000.0,0.015,0.03
B. 1-9,Control,currency,HardCoin,coins,special_offer10_tier3,purchase,purchase,67171.0,2.0,1000.0,0.0,1000.0,0.015,0.03
B. 1-9,Control,currency,HardCoin,coins,bundle_3_with_prelevel_boosters,purchase,purchase,67171.0,1.0,1000.0,0.0,1000.0,0.015,0.03
B. 1-9,Control,currency,HardCoin,coins,offer_free_items,rolling_offer,meta,67171.0,8.0,850.0,850.0,0.0,0.013,0.03
B. 1-9,Control,currency,HardCoin,coins,bundle_7_with_prelevel_boosters_tier3,purchase,purchase,67171.0,5.0,750.0,0.0,750.0,0.011,0.02
B. 1-9,Control,currency,HardCoin,coins,special_offer9,purchase,purchase,67171.0,3.0,750.0,0.0,750.0,0.011,0.02
B. 1-9,Control,currency,HardCoin,coins,chuck_event,reward_event,meta,67171.0,6.0,750.0,750.0,0.0,0.011,0.02
B. 1-9,Control,currency,HardCoin,coins,special_offer8,purchase,purchase,67171.0,3.0,750.0,0.0,750.0,0.011,0.02
B. 1-9,Control,currency,HardCoin,coins,rolling_offer_tier1_p499_VarA,purchase,purchase,67171.0,2.0,600.0,0.0,600.0,0.009,0.02
B. 1-9,Control,currency,HardCoin,coins,bundle_7_with_prelevel_boosters2,purchase,purchase,67171.0,2.0,600.0,0.0,600.0,0.009,0.02
B. 1-9,Control,currency,HardCoin,coins,bundle_2_with_prelevel_boosters,purchase,purchase,67171.0,1.0,500.0,0.0,500.0,0.007,0.01
B. 1-9,Control,currency,HardCoin,coins,bomb_ballet_event,reward_event,meta,67171.0,18.0,500.0,500.0,0.0,0.007,0.01
B. 1-9,Control,currency,HardCoin,coins,xs_coins,purchase,purchase,67171.0,3.0,450.0,0.0,450.0,0.007,0.01
B. 1-9,Control,currency,HardCoin,coins,bundle_1_with_prelevel_boosters_tier3,purchase,purchase,67171.0,2.0,400.0,0.0,400.0,0.006,0.01
B. 1-9,Control,currency,HardCoin,coins,wager_event,reward_event,meta,67171.0,2.0,400.0,400.0,0.0,0.006,0.01
B. 1-9,Control,currency,HardCoin,coins,Photoshoot,reward_event,meta,67171.0,16.0,400.0,400.0,0.0,0.006,0.01
B. 1-9,Control,currency,HardCoin,coins,great_offer1_199_tier3,purchase,purchase,67171.0,3.0,300.0,0.0,300.0,0.004,0.01
B. 1-9,Control,currency,HardCoin,coins,special_offer9_tier3,purchase,purchase,67171.0,1.0,300.0,0.0,300.0,0.004,0.01
B. 1-9,Control,currency,HardCoin,coins,special_offer10,purchase,purchase,67171.0,1.0,300.0,0.0,300.0,0.004,0.01
B. 1-9,Control,currency,HardCoin,coins,rolling_offer_p099_VarA,purchase,purchase,67171.0,1.0,200.0,0.0,200.0,0.003,0.01
B. 1-9,Control,currency,HardCoin,coins,dreamheist_event,reward_event,meta,67171.0,5.0,165.0,165.0,0.0,0.002,0.0
B. 1-9,Control,currency,HardCoin,coins,rolling_offer_p049_tier3,purchase,purchase,67171.0,1.0,150.0,0.0,150.0,0.002,0.0
B. 1-9,Control,currency,HardCoin,coins,league_rank_up,league_reward,meta,67171.0,1.0,120.0,120.0,0.0,0.002,0.0
B. 1-9,Control,currency,HardCoin,coins,reds_club,reds_club,other,67171.0,1.0,100.0,100.0,0.0,0.001,0.0
B. 1-9,Control,currency,HardCoin,coins,great_offer1_299,purchase,purchase,67171.0,1.0,100.0,0.0,100.0,0.001,0.0
B. 1-9,Control,currency,HardCoin,coins,event_progress,reward_event,meta,67171.0,3.0,60.0,60.0,0.0,0.001,0.0
B. 1-9,Control,currency,HardCoin,coins,saga_progression,reward_chest,core,67171.0,1.0,15.0,15.0,0.0,0.0,0.0
B. 1-9,Control,currency,HardCoin,coins,SeasonPassHoliday,reward_event,meta,67171.0,1.0,10.0,10.0,0.0,0.0,0.0
B. 1-9,Control,dream_pass_tokens,DreamPassToken,items,offer_free_items,rolling_offer,meta,67171.0,6020.0,249960.0,,,3.721,68.11
B. 1-9,Control,dream_pass_tokens,DreamPassToken,items,race_event,reward_event,meta,67171.0,1597.0,78805.0,,,1.173,21.47
B. 1-9,Control,dream_pass_tokens,DreamPassToken,items,FlockRush,event_reward,meta,67171.0,923.0,18740.0,,,0.279,5.11
B. 1-9,Control,dream_pass_tokens,DreamPassToken,items,kite_festival_event,reward_event,meta,67171.0,188.0,16570.0,,,0.247,4.51
B. 1-9,Control,dream_pass_tokens,DreamPassToken,items,river_rush,reward_event,meta,67171.0,75.0,1610.0,,,0.024,0.44
B. 1-9,Control,dream_pass_tokens,DreamPassToken,items,wager_event,reward_event,meta,67171.0,5.0,750.0,,,0.011,0.2
B. 1-9,Control,dream_pass_tokens,DreamPassToken,items,special_event,reward_event,meta,67171.0,4.0,365.0,,,0.005,0.1
B. 1-9,Control,dream_pass_tokens,DreamPassToken,items,Rainbow Maker,reward_event,meta,67171.0,3.0,91.0,,,0.001,0.02
B. 1-9,Control,dream_pass_tokens,DreamPassToken,items,ArcheryArena,reward_event,meta,67171.0,5.0,70.0,,,0.001,0.02
B. 1-9,Control,dream_pass_tokens,DreamPassToken,items,team_versus,reward_event,meta,67171.0,1.0,40.0,,,0.001,0.01
B. 1-9,Control,dream_pass_tokens,DreamPassToken,items,team_versus_contribution,reward_event,meta,67171.0,1.0,20.0,,,0.0,0.01
B. 1-9,Control,life,life,items,ask_for_lives,ask_for_lives,other,67171.0,2038.0,8768.0,,,0.131,67.81
B. 1-9,Control,life,life,items,ad_life,ad_life,ads,67171.0,2750.0,4162.0,,,0.062,32.19
B. 1-9,Control,life,liferefill,items,coin_purchase,coin_purchase,other,67171.0,1742.0,12040.0,,,0.179,100.0
B. 1-9,Control,orb,Movie_Magic,items,dream_pass_event,reward_event,meta,67171.0,6.0,6.0,,,0.0,100.0
B. 1-9,Control,orb,Ocean_rescue,items,dream_pass_event,reward_event,meta,67171.0,1.0,1.0,,,0.0,100.0
B. 1-9,Control,orb,Reds_Greatest_Challenge,items,dream_pass_event,reward_event,meta,67171.0,119.0,119.0,,,0.002,100.0
B. 1-9,Control,powerup,powerup_1,items,team_versus,reward_event,meta,67171.0,3041.0,3095.0,,,0.046,21.9
B. 1-9,Control,powerup,powerup_1,items,team_versus_contribution,reward_event,meta,67171.0,2931.0,2951.0,,,0.044,20.88
B. 1-9,Control,powerup,powerup_1,items,saga_progression,chapter_complete,core,67171.0,2531.0,2553.0,,,0.038,18.07
B. 1-9,Control,powerup,powerup_1,items,ad_chest,ad_chest,ads,67171.0,1347.0,1457.0,,,0.022,10.31
B. 1-9,Control,powerup,powerup_1,items,player_level_up,reward_chest,core,67171.0,990.0,997.0,,,0.015,7.06
B. 1-9,Control,powerup,powerup_1,items,team_collection,reward_event,meta,67171.0,610.0,996.0,,,0.015,7.05
B. 1-9,Control,powerup,powerup_1,items,daily_reward,daily_reward,core,67171.0,602.0,617.0,,,0.009,4.37
B. 1-9,Control,powerup,powerup_1,items,river_rush,reward_event,meta,67171.0,401.0,403.0,,,0.006,2.85
B. 1-9,Control,powerup,powerup_1,items,race_event,reward_event,meta,67171.0,349.0,353.0,,,0.005,2.5
B. 1-9,Control,powerup,powerup_1,items,reward_chest,reward_chest,other,67171.0,190.0,193.0,,,0.003,1.37
B. 1-9,Control,powerup,powerup_1,items,dream_pass_event,reward_event,meta,67171.0,91.0,108.0,,,0.002,0.76
B. 1-9,Control,powerup,powerup_1,items,ingame,purchase,purchase,67171.0,23.0,81.0,,,0.001,0.57
B. 1-9,Control,powerup,powerup_1,items,single_collection,reward_event,meta,67171.0,54.0,55.0,,,0.001,0.39
B. 1-9,Control,powerup,powerup_1,items,gift,gift,other,67171.0,37.0,41.0,,,0.001,0.29
B. 1-9,Control,powerup,powerup_1,items,Hatchling Hideaway,event_reward,meta,67171.0,29.0,29.0,,,0.0,0.21
B. 1-9,Control,powerup,powerup_1,items,ArcheryArena,reward_event,meta,67171.0,24.0,25.0,,,0.0,0.18
B. 1-9,Control,powerup,powerup_1,items,bundle_2_with_prelevel_boosters2,purchase,purchase,67171.0,10.0,20.0,,,0.0,0.14
B. 1-9,Control,powerup,powerup_1,items,bundle_3_with_prelevel_boosters2,purchase,purchase,67171.0,5.0,20.0,,,0.0,0.14
B. 1-9,Control,powerup,powerup_1,items,bomb_event,reward_event,meta,67171.0,19.0,19.0,,,0.0,0.13
B. 1-9,Control,powerup,powerup_1,items,rolling_offer_tier1_p299,purchase,purchase,67171.0,19.0,19.0,,,0.0,0.13
B. 1-9,Control,powerup,powerup_1,items,red_event,reward_event,meta,67171.0,17.0,17.0,,,0.0,0.12
B. 1-9,Control,powerup,powerup_1,items,bundle_7_with_prelevel_boosters,purchase,purchase,67171.0,12.0,12.0,,,0.0,0.08
B. 1-9,Control,powerup,powerup_1,items,dream_peak,reward_event,core,67171.0,8.0,8.0,,,0.0,0.06
B. 1-9,Control,powerup,powerup_1,items,bundle_3_with_prelevel_boosters_tier3,purchase,purchase,67171.0,4.0,8.0,,,0.0,0.06
B. 1-9,Control,powerup,powerup_1,items,rolling_offer_tier1_p199_tier3,purchase,purchase,67171.0,6.0,6.0,,,0.0,0.04
B. 1-9,Control,powerup,powerup_1,items,kite_festival_event,reward_event,meta,67171.0,5.0,5.0,,,0.0,0.04
B. 1-9,Control,powerup,powerup_1,items,bundle_4_with_prelevel_boosters_tier3,purchase,purchase,67171.0,1.0,5.0,,,0.0,0.04
B. 1-9,Control,powerup,powerup_1,items,bundle_7_with_prelevel_boosters_tier3,purchase,purchase,67171.0,5.0,5.0,,,0.0,0.04
B. 1-9,Control,powerup,powerup_1,items,special_offer8,purchase,purchase,67171.0,3.0,3.0,,,0.0,0.02
B. 1-9,Control,powerup,powerup_1,items,special_offer8_tier3,purchase,purchase,67171.0,3.0,3.0,,,0.0,0.02
B. 1-9,Control,powerup,powerup_1,items,special_offer9,purchase,purchase,67171.0,3.0,3.0,,,0.0,0.02
B. 1-9,Control,powerup,powerup_1,items,bundle_1_with_prelevel_boosters_tier3,purchase,purchase,67171.0,2.0,2.0,,,0.0,0.01
B. 1-9,Control,powerup,powerup_1,items,chuck_event,reward_event,meta,67171.0,2.0,2.0,,,0.0,0.01
B. 1-9,Control,powerup,powerup_1,items,bundle_3_with_prelevel_boosters,purchase,purchase,67171.0,1.0,2.0,,,0.0,0.01
B. 1-9,Control,powerup,powerup_1,items,bundle_7_with_prelevel_boosters2,purchase,purchase,67171.0,2.0,2.0,,,0.0,0.01
B. 1-9,Control,powerup,powerup_1,items,special_offer10_tier3,purchase,purchase,67171.0,2.0,2.0,,,0.0,0.01
B. 1-9,Control,powerup,powerup_1,items,rolling_offer_tier1_p499_VarA,purchase,purchase,67171.0,2.0,2.0,,,0.0,0.01
B. 1-9,Control,powerup,powerup_1,items,offer_free_items,rolling_offer,meta,67171.0,2.0,2.0,,,0.0,0.01
B. 1-9,Control,powerup,powerup_1,items,bundle_2_with_prelevel_boosters_tier3,purchase,purchase,67171.0,2.0,2.0,,,0.0,0.01
B. 1-9,Control,powerup,powerup_1,items,bundle_2_with_prelevel_boosters,purchase,purchase,67171.0,1.0,1.0,,,0.0,0.01
B. 1-9,Control,powerup,powerup_1,items,dreamheist_event,reward_event,meta,67171.0,1.0,1.0,,,0.0,0.01
B. 1-9,Control,powerup,powerup_1,items,rolling_offer_p099_VarA,purchase,purchase,67171.0,1.0,1.0,,,0.0,0.01
B. 1-9,Control,powerup,powerup_1,items,Jigsaw,reward_event,meta,67171.0,1.0,1.0,,,0.0,0.01
B. 1-9,Control,powerup,powerup_1,items,special_offer9_tier3,purchase,purchase,67171.0,1.0,1.0,,,0.0,0.01
B. 1-9,Control,powerup,powerup_1,items,rolling_offer_p049_tier3,purchase,purchase,67171.0,1.0,1.0,,,0.0,0.01
B. 1-9,Control,powerup,powerup_1,items,special_offer10,purchase,purchase,67171.0,1.0,1.0,,,0.0,0.01
B. 1-9,Control,powerup,powerup_2,items,daily_reward,daily_reward,core,67171.0,7267.0,7456.0,,,0.111,22.23
B. 1-9,Control,powerup,powerup_2,items,saga_progression,chapter_complete,core,67171.0,5573.0,5682.0,,,0.085,16.94
B. 1-9,Control,powerup,powerup_2,items,team_collection,reward_event,meta,67171.0,2230.0,3671.0,,,0.055,10.95
B. 1-9,Control,powerup,powerup_2,items,ad_chest,ad_chest,ads,67171.0,2824.0,3186.0,,,0.047,9.5
B. 1-9,Control,powerup,powerup_2,items,player_level_up,reward_chest,core,67171.0,2501.0,2527.0,,,0.038,7.54
B. 1-9,Control,powerup,powerup_2,items,team_versus,reward_event,meta,67171.0,2191.0,2215.0,,,0.033,6.61
B. 1-9,Control,powerup,powerup_2,items,single_collection,reward_event,meta,67171.0,1558.0,1638.0,,,0.024,4.88
B. 1-9,Control,powerup,powerup_2,items,ArcheryArena,reward_event,meta,67171.0,1463.0,1507.0,,,0.022,4.49
B. 1-9,Control,powerup,powerup_2,items,FlockRush,event_reward,meta,67171.0,1117.0,1133.0,,,0.017,3.38
B. 1-9,Control,powerup,powerup_2,items,bomb_event,reward_event,meta,67171.0,958.0,987.0,,,0.015,2.94
B. 1-9,Control,powerup,powerup_2,items,red_event,reward_event,meta,67171.0,931.0,957.0,,,0.014,2.85
B. 1-9,Control,powerup,powerup_2,items,team_versus_contribution,reward_event,meta,67171.0,615.0,616.0,,,0.009,1.84
B. 1-9,Control,powerup,powerup_2,items,race_event,reward_event,meta,67171.0,474.0,482.0,,,0.007,1.44
B. 1-9,Control,powerup,powerup_2,items,ingame,purchase,purchase,67171.0,106.0,390.0,,,0.006,1.16
B. 1-9,Control,powerup,powerup_2,items,dream_pass_event,reward_event,meta,67171.0,295.0,346.0,,,0.005,1.03
B. 1-9,Control,powerup,powerup_2,items,reward_chest,reward_chest,other,67171.0,190.0,193.0,,,0.003,0.58
B. 1-9,Control,powerup,powerup_2,items,gift,gift,other,67171.0,36.0,115.0,,,0.002,0.34
B. 1-9,Control,powerup,powerup_2,items,Hatchling Hideaway,event_reward,meta,67171.0,76.0,77.0,,,0.001,0.23
B. 1-9,Control,powerup,powerup_2,items,kite_festival_event,reward_event,meta,67171.0,62.0,65.0,,,0.001,0.19
B. 1-9,Control,powerup,powerup_2,items,league_rank_up,league_reward,meta,67171.0,19.0,37.0,,,0.001,0.11
B. 1-9,Control,powerup,powerup_2,items,dream_peak,reward_event,core,67171.0,25.0,30.0,,,0.0,0.09
B. 1-9,Control,powerup,powerup_2,items,offer_free_items,rolling_offer,meta,67171.0,29.0,29.0,,,0.0,0.09
B. 1-9,Control,powerup,powerup_2,items,chuck_event,reward_event,meta,67171.0,21.0,23.0,,,0.0,0.07
B. 1-9,Control,powerup,powerup_2,items,bundle_2_with_prelevel_boosters2,purchase,purchase,67171.0,10.0,20.0,,,0.0,0.06
B. 1-9,Control,powerup,powerup_2,items,bundle_3_with_prelevel_boosters2,purchase,purchase,67171.0,5.0,20.0,,,0.0,0.06
B. 1-9,Control,powerup,powerup_2,items,rolling_offer_tier1_p299,purchase,purchase,67171.0,19.0,19.0,,,0.0,0.06
B. 1-9,Control,powerup,powerup_2,items,river_rush,reward_event,meta,67171.0,14.0,14.0,,,0.0,0.04
B. 1-9,Control,powerup,powerup_2,items,season_pass_event,reward_event,meta,67171.0,11.0,13.0,,,0.0,0.04
B. 1-9,Control,powerup,powerup_2,items,bundle_7_with_prelevel_boosters,purchase,purchase,67171.0,12.0,12.0,,,0.0,0.04
B. 1-9,Control,powerup,powerup_2,items,bundle_3_with_prelevel_boosters_tier3,purchase,purchase,67171.0,4.0,8.0,,,0.0,0.02
B. 1-9,Control,powerup,powerup_2,items,special_offer8_tier3,purchase,purchase,67171.0,3.0,6.0,,,0.0,0.02
B. 1-9,Control,powerup,powerup_2,items,special_offer8,purchase,purchase,67171.0,3.0,6.0,,,0.0,0.02
B. 1-9,Control,powerup,powerup_2,items,special_offer10_tier3,purchase,purchase,67171.0,2.0,6.0,,,0.0,0.02
B. 1-9,Control,powerup,powerup_2,items,special_offer9,purchase,purchase,67171.0,3.0,6.0,,,0.0,0.02
B. 1-9,Control,powerup,powerup_2,items,rolling_offer_tier1_p199_tier3,purchase,purchase,67171.0,6.0,6.0,,,0.0,0.02
B. 1-9,Control,powerup,powerup_2,items,special_event,reward_event,meta,67171.0,4.0,5.0,,,0.0,0.01
B. 1-9,Control,powerup,powerup_2,items,bundle_4_with_prelevel_boosters_tier3,purchase,purchase,67171.0,1.0,5.0,,,0.0,0.01
B. 1-9,Control,powerup,powerup_2,items,bundle_7_with_prelevel_boosters_tier3,purchase,purchase,67171.0,5.0,5.0,,,0.0,0.01
B. 1-9,Control,powerup,powerup_2,items,special_offer10,purchase,purchase,67171.0,1.0,3.0,,,0.0,0.01
B. 1-9,Control,powerup,powerup_2,items,special_offer9_tier3,purchase,purchase,67171.0,1.0,2.0,,,0.0,0.01
B. 1-9,Control,powerup,powerup_2,items,bundle_2_with_prelevel_boosters_tier3,purchase,purchase,67171.0,2.0,2.0,,,0.0,0.01
B. 1-9,Control,powerup,powerup_2,items,Rainbow Maker,reward_event,meta,67171.0,1.0,2.0,,,0.0,0.01
B. 1-9,Control,powerup,powerup_2,items,bundle_3_with_prelevel_boosters,purchase,purchase,67171.0,1.0,2.0,,,0.0,0.01
B. 1-9,Control,powerup,powerup_2,items,bundle_1_with_prelevel_boosters_tier3,purchase,purchase,67171.0,2.0,2.0,,,0.0,0.01
B. 1-9,Control,powerup,powerup_2,items,bundle_7_with_prelevel_boosters2,purchase,purchase,67171.0,2.0,2.0,,,0.0,0.01
B. 1-9,Control,powerup,powerup_2,items,rolling_offer_tier1_p499_VarA,purchase,purchase,67171.0,2.0,2.0,,,0.0,0.01
B. 1-9,Control,powerup,powerup_2,items,saga_progression,reward_chest,core,67171.0,1.0,1.0,,,0.0,0.0
B. 1-9,Control,powerup,powerup_2,items,SeasonPassHalloween,reward_event,meta,67171.0,1.0,1.0,,,0.0,0.0
B. 1-9,Control,powerup,powerup_2,items,bundle_2_with_prelevel_boosters,purchase,purchase,67171.0,1.0,1.0,,,0.0,0.0
B. 1-9,Control,powerup,powerup_2,items,dreamheist_event,reward_event,meta,67171.0,1.0,1.0,,,0.0,0.0
B. 1-9,Control,powerup,powerup_2,items,treasure_dive_event,reward_event,meta,67171.0,1.0,1.0,,,0.0,0.0
B. 1-9,Control,powerup,powerup_3,items,saga_progression,chapter_complete,core,67171.0,5755.0,5854.0,,,0.087,20.82
B. 1-9,Control,powerup,powerup_3,items,daily_reward,daily_reward,core,67171.0,4368.0,4481.0,,,0.067,15.94
B. 1-9,Control,powerup,powerup_3,items,ad_chest,ad_chest,ads,67171.0,2699.0,3002.0,,,0.045,10.68
B. 1-9,Control,powerup,powerup_3,items,team_versus,reward_event,meta,67171.0,2925.0,2970.0,,,0.044,10.56
B. 1-9,Control,powerup,powerup_3,items,player_level_up,reward_chest,core,67171.0,2782.0,2818.0,,,0.042,10.02
B. 1-9,Control,powerup,powerup_3,items,team_collection,reward_event,meta,67171.0,811.0,2150.0,,,0.032,7.65
B. 1-9,Control,powerup,powerup_3,items,dream_pass_event,reward_event,meta,67171.0,1640.0,1768.0,,,0.026,6.29
B. 1-9,Control,powerup,powerup_3,items,team_versus_contribution,reward_event,meta,67171.0,1131.0,1140.0,,,0.017,4.05
B. 1-9,Control,powerup,powerup_3,items,river_rush,reward_event,meta,67171.0,542.0,546.0,,,0.008,1.94
B. 1-9,Control,powerup,powerup_3,items,single_collection,reward_event,meta,67171.0,494.0,520.0,,,0.008,1.85
B. 1-9,Control,powerup,powerup_3,items,race_event,reward_event,meta,67171.0,444.0,448.0,,,0.007,1.59
B. 1-9,Control,powerup,powerup_3,items,ArcheryArena,reward_event,meta,67171.0,423.0,436.0,,,0.006,1.55
B. 1-9,Control,powerup,powerup_3,items,bomb_event,reward_event,meta,67171.0,321.0,331.0,,,0.005,1.18
B. 1-9,Control,powerup,powerup_3,items,red_event,reward_event,meta,67171.0,278.0,291.0,,,0.004,1.03
B. 1-9,Control,powerup,powerup_3,items,ingame,purchase,purchase,67171.0,87.0,267.0,,,0.004,0.95
B. 1-9,Control,powerup,powerup_3,items,Hatchling Hideaway,event_reward,meta,67171.0,253.0,256.0,,,0.004,0.91
B. 1-9,Control,powerup,powerup_3,items,reward_chest,reward_chest,other,67171.0,190.0,193.0,,,0.003,0.69
B. 1-9,Control,powerup,powerup_3,items,facebook_like,facebook_like,other,67171.0,60.0,146.0,,,0.002,0.52
B. 1-9,Control,powerup,powerup_3,items,dream_peak,reward_event,core,67171.0,97.0,127.0,,,0.002,0.45
B. 1-9,Control,powerup,powerup_3,items,gift,gift,other,67171.0,37.0,117.0,,,0.002,0.42
B. 1-9,Control,powerup,powerup_3,items,season_pass_event,reward_event,meta,67171.0,40.0,45.0,,,0.001,0.16
B. 1-9,Control,powerup,powerup_3,items,kite_festival_event,reward_event,meta,67171.0,38.0,40.0,,,0.001,0.14
B. 1-9,Control,powerup,powerup_3,items,bundle_3_with_prelevel_boosters2,purchase,purchase,67171.0,5.0,20.0,,,0.0,0.07
B. 1-9,Control,powerup,powerup_3,items,bundle_2_with_prelevel_boosters2,purchase,purchase,67171.0,10.0,20.0,,,0.0,0.07
B. 1-9,Control,powerup,powerup_3,items,rolling_offer_tier1_p299,purchase,purchase,67171.0,19.0,19.0,,,0.0,0.07
B. 1-9,Control,powerup,powerup_3,items,chuck_event,reward_event,meta,67171.0,18.0,19.0,,,0.0,0.07
B. 1-9,Control,powerup,powerup_3,items,bundle_7_with_prelevel_boosters,purchase,purchase,67171.0,12.0,12.0,,,0.0,0.04
B. 1-9,Control,powerup,powerup_3,items,bundle_3_with_prelevel_boosters_tier3,purchase,purchase,67171.0,4.0,8.0,,,0.0,0.03
B. 1-9,Control,powerup,powerup_3,items,league_rank_up,league_reward,meta,67171.0,3.0,7.0,,,0.0,0.02
B. 1-9,Control,powerup,powerup_3,items,special_offer9,purchase,purchase,67171.0,3.0,6.0,,,0.0,0.02
B. 1-9,Control,powerup,powerup_3,items,special_offer10_tier3,purchase,purchase,67171.0,2.0,6.0,,,0.0,0.02
B. 1-9,Control,powerup,powerup_3,items,special_offer8_tier3,purchase,purchase,67171.0,3.0,6.0,,,0.0,0.02
B. 1-9,Control,powerup,powerup_3,items,rolling_offer_tier1_p199_tier3,purchase,purchase,67171.0,6.0,6.0,,,0.0,0.02
B. 1-9,Control,powerup,powerup_3,items,special_offer8,purchase,purchase,67171.0,3.0,6.0,,,0.0,0.02
B. 1-9,Control,powerup,powerup_3,items,bundle_4_with_prelevel_boosters_tier3,purchase,purchase,67171.0,1.0,5.0,,,0.0,0.02
B. 1-9,Control,powerup,powerup_3,items,bundle_7_with_prelevel_boosters_tier3,purchase,purchase,67171.0,5.0,5.0,,,0.0,0.02
B. 1-9,Control,powerup,powerup_3,items,offer_free_items,rolling_offer,meta,67171.0,4.0,4.0,,,0.0,0.01
B. 1-9,Control,powerup,powerup_3,items,special_offer10,purchase,purchase,67171.0,1.0,3.0,,,0.0,0.01
B. 1-9,Control,powerup,powerup_3,items,dreamheist_event,reward_event,meta,67171.0,2.0,2.0,,,0.0,0.01
B. 1-9,Control,powerup,powerup_3,items,special_offer9_tier3,purchase,purchase,67171.0,1.0,2.0,,,0.0,0.01
B. 1-9,Control,powerup,powerup_3,items,wager_event,reward_event,meta,67171.0,2.0,2.0,,,0.0,0.01
B. 1-9,Control,powerup,powerup_3,items,bundle_3_with_prelevel_boosters,purchase,purchase,67171.0,1.0,2.0,,,0.0,0.01
B. 1-9,Control,powerup,powerup_3,items,bundle_1_with_prelevel_boosters_tier3,purchase,purchase,67171.0,2.0,2.0,,,0.0,0.01
B. 1-9,Control,powerup,powerup_3,items,bundle_2_with_prelevel_boosters_tier3,purchase,purchase,67171.0,2.0,2.0,,,0.0,0.01
B. 1-9,Control,powerup,powerup_3,items,rolling_offer_tier1_p499_VarA,purchase,purchase,67171.0,2.0,2.0,,,0.0,0.01
B. 1-9,Control,powerup,powerup_3,items,bundle_7_with_prelevel_boosters2,purchase,purchase,67171.0,2.0,2.0,,,0.0,0.01
B. 1-9,Control,powerup,powerup_3,items,special_event,reward_event,meta,67171.0,1.0,1.0,,,0.0,0.0
B. 1-9,Control,powerup,powerup_3,items,bundle_2_with_prelevel_boosters,purchase,purchase,67171.0,1.0,1.0,,,0.0,0.0
B. 1-9,Control,powerup,powerup_3,items,Rainbow Maker,reward_event,meta,67171.0,1.0,1.0,,,0.0,0.0
B. 1-9,Control,powerup,powerup_3,items,treasure_dive_event,reward_event,meta,67171.0,1.0,1.0,,,0.0,0.0
B. 1-9,Control,powerup,powerup_3,items,Photoshoot,reward_event,meta,67171.0,1.0,1.0,,,0.0,0.0
B. 1-9,Control,pre_level_booster,pre_level_booster_1,items,saga_progression,chapter_complete,core,67171.0,12392.0,13239.0,,,0.197,34.11
B. 1-9,Control,pre_level_booster,pre_level_booster_1,items,offer_free_items,rolling_offer,meta,67171.0,8113.0,8295.0,,,0.123,21.37
B. 1-9,Control,pre_level_booster,pre_level_booster_1,items,Hatchling Hideaway,event_reward,meta,67171.0,6446.0,6635.0,,,0.099,17.1
B. 1-9,Control,pre_level_booster,pre_level_booster_1,items,dream_pass_event,reward_event,meta,67171.0,5085.0,5995.0,,,0.089,15.45
B. 1-9,Control,pre_level_booster,pre_level_booster_1,items,player_level_up,reward_chest,core,67171.0,1389.0,1396.0,,,0.021,3.6
B. 1-9,Control,pre_level_booster,pre_level_booster_1,items,FlockRush,event_reward,meta,67171.0,1117.0,1133.0,,,0.017,2.92
B. 1-9,Control,pre_level_booster,pre_level_booster_1,items,team_versus_contribution,reward_event,meta,67171.0,614.0,615.0,,,0.009,1.58
B. 1-9,Control,pre_level_booster,pre_level_booster_1,items,ingame,purchase,purchase,67171.0,143.0,462.0,,,0.007,1.19
B. 1-9,Control,pre_level_booster,pre_level_booster_1,items,season_pass_event,reward_event,meta,67171.0,268.0,396.0,,,0.006,1.02
B. 1-9,Control,pre_level_booster,pre_level_booster_1,items,reward_chest,reward_chest,other,67171.0,190.0,193.0,,,0.003,0.5
B. 1-9,Control,pre_level_booster,pre_level_booster_1,items,river_rush,reward_event,meta,67171.0,116.0,119.0,,,0.002,0.31
B. 1-9,Control,pre_level_booster,pre_level_booster_1,items,race_event,reward_event,meta,67171.0,102.0,105.0,,,0.002,0.27
B. 1-9,Control,pre_level_booster,pre_level_booster_1,items,Jigsaw,reward_event,meta,67171.0,44.0,50.0,,,0.001,0.13
B. 1-9,Control,pre_level_booster,pre_level_booster_1,items,kite_festival_event,reward_event,meta,67171.0,35.0,36.0,,,0.001,0.09
B. 1-9,Control,pre_level_booster,pre_level_booster_1,items,bundle_2_with_prelevel_boosters2,purchase,purchase,67171.0,10.0,20.0,,,0.0,0.05
B. 1-9,Control,pre_level_booster,pre_level_booster_1,items,bundle_3_with_prelevel_boosters2,purchase,purchase,67171.0,5.0,20.0,,,0.0,0.05
B. 1-9,Control,pre_level_booster,pre_level_booster_1,items,rolling_offer_tier1_p299,purchase,purchase,67171.0,19.0,19.0,,,0.0,0.05
B. 1-9,Control,pre_level_booster,pre_level_booster_1,items,bundle_7_with_prelevel_boosters,purchase,purchase,67171.0,12.0,12.0,,,0.0,0.03
B. 1-9,Control,pre_level_booster,pre_level_booster_1,items,ad_chest,ad_chest,ads,67171.0,8.0,9.0,,,0.0,0.02
B. 1-9,Control,pre_level_booster,pre_level_booster_1,items,great_offer1_199,purchase,purchase,67171.0,9.0,9.0,,,0.0,0.02
B. 1-9,Control,pre_level_booster,pre_level_booster_1,items,bundle_3_with_prelevel_boosters_tier3,purchase,purchase,67171.0,4.0,8.0,,,0.0,0.02
B. 1-9,Control,pre_level_booster,pre_level_booster_1,items,rolling_offer_tier1_p199_tier3,purchase,purchase,67171.0,6.0,6.0,,,0.0,0.02
B. 1-9,Control,pre_level_booster,pre_level_booster_1,items,ArcheryArena,reward_event,meta,67171.0,6.0,6.0,,,0.0,0.02
B. 1-9,Control,pre_level_booster,pre_level_booster_1,items,bundle_7_with_prelevel_boosters_tier3,purchase,purchase,67171.0,5.0,5.0,,,0.0,0.01
B. 1-9,Control,pre_level_booster,pre_level_booster_1,items,bundle_4_with_prelevel_boosters_tier3,purchase,purchase,67171.0,1.0,5.0,,,0.0,0.01
B. 1-9,Control,pre_level_booster,pre_level_booster_1,items,Photoshoot,reward_event,meta,67171.0,4.0,4.0,,,0.0,0.01
B. 1-9,Control,pre_level_booster,pre_level_booster_1,items,dreamheist_event,reward_event,meta,67171.0,2.0,3.0,,,0.0,0.01
B. 1-9,Control,pre_level_booster,pre_level_booster_1,items,bomb_ballet_event,reward_event,meta,67171.0,2.0,2.0,,,0.0,0.01
B. 1-9,Control,pre_level_booster,pre_level_booster_1,items,bundle_3_with_prelevel_boosters,purchase,purchase,67171.0,1.0,2.0,,,0.0,0.01
B. 1-9,Control,pre_level_booster,pre_level_booster_1,items,bundle_1_with_prelevel_boosters_tier3,purchase,purchase,67171.0,2.0,2.0,,,0.0,0.01
B. 1-9,Control,pre_level_booster,pre_level_booster_1,items,bundle_7_with_prelevel_boosters2,purchase,purchase,67171.0,2.0,2.0,,,0.0,0.01
B. 1-9,Control,pre_level_booster,pre_level_booster_1,items,bundle_2_with_prelevel_boosters_tier3,purchase,purchase,67171.0,2.0,2.0,,,0.0,0.01
B. 1-9,Control,pre_level_booster,pre_level_booster_1,items,event_progress,reward_event,meta,67171.0,1.0,1.0,,,0.0,0.0
B. 1-9,Control,pre_level_booster,pre_level_booster_1,items,bundle_2_with_prelevel_boosters,purchase,purchase,67171.0,1.0,1.0,,,0.0,0.0
B. 1-9,Control,pre_level_booster,pre_level_booster_1,items,wager_event,reward_event,meta,67171.0,1.0,1.0,,,0.0,0.0
B. 1-9,Control,pre_level_booster,pre_level_booster_1,items,bomb_event,reward_event,meta,67171.0,1.0,1.0,,,0.0,0.0
B. 1-9,Control,pre_level_booster,pre_level_booster_2,items,saga_progression,chapter_complete,core,67171.0,12067.0,12910.0,,,0.192,26.68
B. 1-9,Control,pre_level_booster,pre_level_booster_2,items,offer_free_items,rolling_offer,meta,67171.0,7902.0,8019.0,,,0.119,16.57
B. 1-9,Control,pre_level_booster,pre_level_booster_2,items,Jigsaw,reward_event,meta,67171.0,6417.0,7467.0,,,0.111,15.43
B. 1-9,Control,pre_level_booster,pre_level_booster_2,items,player_level_up,reward_chest,core,67171.0,4030.0,6815.0,,,0.101,14.09
B. 1-9,Control,pre_level_booster,pre_level_booster_2,items,dream_pass_event,reward_event,meta,67171.0,5145.0,6339.0,,,0.094,13.1
B. 1-9,Control,pre_level_booster,pre_level_booster_2,items,Hatchling Hideaway,event_reward,meta,67171.0,1699.0,1719.0,,,0.026,3.55
B. 1-9,Control,pre_level_booster,pre_level_booster_2,items,team_versus_contribution,reward_event,meta,67171.0,1131.0,1140.0,,,0.017,2.36
B. 1-9,Control,pre_level_booster,pre_level_booster_2,items,FlockRush,event_reward,meta,67171.0,1117.0,1133.0,,,0.017,2.34
B. 1-9,Control,pre_level_booster,pre_level_booster_2,items,bomb_ballet_event,reward_event,meta,67171.0,1092.0,1115.0,,,0.017,2.3
B. 1-9,Control,pre_level_booster,pre_level_booster_2,items,season_pass_event,reward_event,meta,67171.0,479.0,669.0,,,0.01,1.38
B. 1-9,Control,pre_level_booster,pre_level_booster_2,items,race_event,reward_event,meta,67171.0,231.0,233.0,,,0.003,0.48
B. 1-9,Control,pre_level_booster,pre_level_booster_2,items,reward_chest,reward_chest,other,67171.0,190.0,193.0,,,0.003,0.4
B. 1-9,Control,pre_level_booster,pre_level_booster_2,items,river_rush,reward_event,meta,67171.0,177.0,177.0,,,0.003,0.37
B. 1-9,Control,pre_level_booster,pre_level_booster_2,items,ingame,purchase,purchase,67171.0,49.0,171.0,,,0.003,0.35
B. 1-9,Control,pre_level_booster,pre_level_booster_2,items,Photoshoot,reward_event,meta,67171.0,108.0,110.0,,,0.002,0.23
B. 1-9,Control,pre_level_booster,pre_level_booster_2,items,kite_festival_event,reward_event,meta,67171.0,34.0,34.0,,,0.001,0.07
B. 1-9,Control,pre_level_booster,pre_level_booster_2,items,bundle_2_with_prelevel_boosters2,purchase,purchase,67171.0,10.0,20.0,,,0.0,0.04
B. 1-9,Control,pre_level_booster,pre_level_booster_2,items,bundle_3_with_prelevel_boosters2,purchase,purchase,67171.0,5.0,20.0,,,0.0,0.04
B. 1-9,Control,pre_level_booster,pre_level_booster_2,items,rolling_offer_tier1_p299,purchase,purchase,67171.0,19.0,19.0,,,0.0,0.04
B. 1-9,Control,pre_level_booster,pre_level_booster_2,items,bundle_7_with_prelevel_boosters,purchase,purchase,67171.0,12.0,12.0,,,0.0,0.02
B. 1-9,Control,pre_level_booster,pre_level_booster_2,items,event_progress,reward_event,meta,67171.0,9.0,10.0,,,0.0,0.02
B. 1-9,Control,pre_level_booster,pre_level_booster_2,items,great_offer1_199,purchase,purchase,67171.0,9.0,9.0,,,0.0,0.02
B. 1-9,Control,pre_level_booster,pre_level_booster_2,items,bundle_3_with_prelevel_boosters_tier3,purchase,purchase,67171.0,4.0,8.0,,,0.0,0.02
B. 1-9,Control,pre_level_booster,pre_level_booster_2,items,ArcheryArena,reward_event,meta,67171.0,5.0,7.0,,,0.0,0.01
B. 1-9,Control,pre_level_booster,pre_level_booster_2,items,rolling_offer_tier1_p199_tier3,purchase,purchase,67171.0,6.0,6.0,,,0.0,0.01
B. 1-9,Control,pre_level_booster,pre_level_booster_2,items,ad_chest,ad_chest,ads,67171.0,5.0,6.0,,,0.0,0.01
B. 1-9,Control,pre_level_booster,pre_level_booster_2,items,bundle_4_with_prelevel_boosters_tier3,purchase,purchase,67171.0,1.0,5.0,,,0.0,0.01
B. 1-9,Control,pre_level_booster,pre_level_booster_2,items,bundle_7_with_prelevel_boosters_tier3,purchase,purchase,67171.0,5.0,5.0,,,0.0,0.01
B. 1-9,Control,pre_level_booster,pre_level_booster_2,items,bundle_2_with_prelevel_boosters_tier3,purchase,purchase,67171.0,2.0,2.0,,,0.0,0.0
B. 1-9,Control,pre_level_booster,pre_level_booster_2,items,wager_event,reward_event,meta,67171.0,2.0,2.0,,,0.0,0.0
B. 1-9,Control,pre_level_booster,pre_level_booster_2,items,bundle_7_with_prelevel_boosters2,purchase,purchase,67171.0,2.0,2.0,,,0.0,0.0
B. 1-9,Control,pre_level_booster,pre_level_booster_2,items,bundle_1_with_prelevel_boosters_tier3,purchase,purchase,67171.0,2.0,2.0,,,0.0,0.0
B. 1-9,Control,pre_level_booster,pre_level_booster_2,items,bundle_3_with_prelevel_boosters,purchase,purchase,67171.0,1.0,2.0,,,0.0,0.0
B. 1-9,Control,pre_level_booster,pre_level_booster_2,items,bundle_2_with_prelevel_boosters,purchase,purchase,67171.0,1.0,1.0,,,0.0,0.0
B. 1-9,Control,pre_level_booster,pre_level_booster_2,items,Rainbow Maker,reward_event,meta,67171.0,1.0,1.0,,,0.0,0.0
B. 1-9,Control,pre_level_booster,pre_level_booster_3,items,offer_free_items,rolling_offer,meta,67171.0,7832.0,7983.0,,,0.119,38.0
B. 1-9,Control,pre_level_booster,pre_level_booster_3,items,player_level_up,reward_chest,core,67171.0,2076.0,3434.0,,,0.051,16.35
B. 1-9,Control,pre_level_booster,pre_level_booster_3,items,team_versus_contribution,reward_event,meta,67171.0,2931.0,2951.0,,,0.044,14.05
B. 1-9,Control,pre_level_booster,pre_level_booster_3,items,saga_progression,chapter_complete,core,67171.0,2534.0,2556.0,,,0.038,12.17
B. 1-9,Control,pre_level_booster,pre_level_booster_3,items,dream_pass_event,reward_event,meta,67171.0,1266.0,1387.0,,,0.021,6.6
B. 1-9,Control,pre_level_booster,pre_level_booster_3,items,FlockRush,event_reward,meta,67171.0,1117.0,1133.0,,,0.017,5.39
B. 1-9,Control,pre_level_booster,pre_level_booster_3,items,ingame,purchase,purchase,67171.0,121.0,411.0,,,0.006,1.96
B. 1-9,Control,pre_level_booster,pre_level_booster_3,items,race_event,reward_event,meta,67171.0,350.0,356.0,,,0.005,1.69
B. 1-9,Control,pre_level_booster,pre_level_booster_3,items,Hatchling Hideaway,event_reward,meta,67171.0,253.0,256.0,,,0.004,1.22
B. 1-9,Control,pre_level_booster,pre_level_booster_3,items,reward_chest,reward_chest,other,67171.0,190.0,193.0,,,0.003,0.92
B. 1-9,Control,pre_level_booster,pre_level_booster_3,items,river_rush,reward_event,meta,67171.0,184.0,184.0,,,0.003,0.88
B. 1-9,Control,pre_level_booster,pre_level_booster_3,items,kite_festival_event,reward_event,meta,67171.0,27.0,28.0,,,0.0,0.13
B. 1-9,Control,pre_level_booster,pre_level_booster_3,items,bundle_3_with_prelevel_boosters2,purchase,purchase,67171.0,5.0,20.0,,,0.0,0.1
B. 1-9,Control,pre_level_booster,pre_level_booster_3,items,bundle_2_with_prelevel_boosters2,purchase,purchase,67171.0,10.0,20.0,,,0.0,0.1
B. 1-9,Control,pre_level_booster,pre_level_booster_3,items,rolling_offer_tier1_p299,purchase,purchase,67171.0,19.0,19.0,,,0.0,0.09
B. 1-9,Control,pre_level_booster,pre_level_booster_3,items,season_pass_event,reward_event,meta,67171.0,15.0,18.0,,,0.0,0.09
B. 1-9,Control,pre_level_booster,pre_level_booster_3,items,bundle_7_with_prelevel_boosters,purchase,purchase,67171.0,12.0,12.0,,,0.0,0.06
B. 1-9,Control,pre_level_booster,pre_level_booster_3,items,great_offer1_199,purchase,purchase,67171.0,9.0,9.0,,,0.0,0.04
B. 1-9,Control,pre_level_booster,pre_level_booster_3,items,bundle_3_with_prelevel_boosters_tier3,purchase,purchase,67171.0,4.0,8.0,,,0.0,0.04
B. 1-9,Control,pre_level_booster,pre_level_booster_3,items,rolling_offer_tier1_p199_tier3,purchase,purchase,67171.0,6.0,6.0,,,0.0,0.03
B. 1-9,Control,pre_level_booster,pre_level_booster_3,items,bundle_7_with_prelevel_boosters_tier3,purchase,purchase,67171.0,5.0,5.0,,,0.0,0.02
B. 1-9,Control,pre_level_booster,pre_level_booster_3,items,bundle_4_with_prelevel_boosters_tier3,purchase,purchase,67171.0,1.0,5.0,,,0.0,0.02
B. 1-9,Control,pre_level_booster,pre_level_booster_3,items,ArcheryArena,reward_event,meta,67171.0,2.0,3.0,,,0.0,0.01
B. 1-9,Control,pre_level_booster,pre_level_booster_3,items,FlowerCoop,reward_event,meta,67171.0,1.0,2.0,,,0.0,0.01
B. 1-9,Control,pre_level_booster,pre_level_booster_3,items,bundle_3_with_prelevel_boosters,purchase,purchase,67171.0,1.0,2.0,,,0.0,0.01
B. 1-9,Control,pre_level_booster,pre_level_booster_3,items,bundle_2_with_prelevel_boosters_tier3,purchase,purchase,67171.0,2.0,2.0,,,0.0,0.01
B. 1-9,Control,pre_level_booster,pre_level_booster_3,items,bundle_7_with_prelevel_boosters2,purchase,purchase,67171.0,2.0,2.0,,,0.0,0.01
B. 1-9,Control,pre_level_booster,pre_level_booster_3,items,bundle_1_with_prelevel_boosters_tier3,purchase,purchase,67171.0,2.0,2.0,,,0.0,0.01
B. 1-9,Control,pre_level_booster,pre_level_booster_3,items,Jigsaw,reward_event,meta,67171.0,1.0,1.0,,,0.0,0.0
B. 1-9,Control,pre_level_booster,pre_level_booster_3,items,bundle_2_with_prelevel_boosters,purchase,purchase,67171.0,1.0,1.0,,,0.0,0.0
B. 1-9,Control,season_pass_multiplier_2x,SeasonPassMultiplier2x,minutes,river_rush,reward_event,meta,67171.0,151.0,1570.0,,,0.023,45.24
B. 1-9,Control,season_pass_multiplier_2x,SeasonPassMultiplier2x,minutes,great_offer1_199_tier3,purchase,purchase,67171.0,3.0,1080.0,,,0.016,31.12
B. 1-9,Control,season_pass_multiplier_2x,SeasonPassMultiplier2x,minutes,gift,gift,other,67171.0,24.0,450.0,,,0.007,12.97
B. 1-9,Control,season_pass_multiplier_2x,SeasonPassMultiplier2x,minutes,great_offer1_299,purchase,purchase,67171.0,1.0,360.0,,,0.005,10.37
B. 1-9,Control,season_pass_multiplier_2x,SeasonPassMultiplier2x,minutes,Rainbow Maker,reward_event,meta,67171.0,1.0,10.0,,,0.0,0.29
B. 1-9,Control,season_pass_tokens,SeasonPassToken,items,season_pass_event,event_reward,meta,67171.0,473.0,9499.0,,,0.141,92.77
B. 1-9,Control,season_pass_tokens,SeasonPassToken,items,offer_free_items,rolling_offer,meta,67171.0,8.0,320.0,,,0.005,3.13
B. 1-9,Control,season_pass_tokens,SeasonPassToken,items,season_pass_challenge_event,event_reward,meta,67171.0,12.0,225.0,,,0.003,2.2
B. 1-9,Control,season_pass_tokens,SeasonPassToken,items,race_event,reward_event,meta,67171.0,3.0,145.0,,,0.002,1.42
B. 1-9,Control,season_pass_tokens,SeasonPassToken,items,wager_event,reward_event,meta,67171.0,1.0,50.0,,,0.001,0.49
B. 1-9,Control,season_pass_tokens,unknown,items,season_pass_event,event_reward,meta,67171.0,1.0,12.0,,,0.0,100.0
B. 1-9,Control,ul_pre_booster,UnlimitedBooster1,minutes,Jigsaw,reward_event,meta,67171.0,4098.0,47970.0,,,0.714,30.35
B. 1-9,Control,ul_pre_booster,UnlimitedBooster1,minutes,dream_pass_event,reward_event,meta,67171.0,3726.0,47820.0,,,0.712,30.26
B. 1-9,Control,ul_pre_booster,UnlimitedBooster1,minutes,daily_reward,daily_reward,core,67171.0,656.0,40440.0,,,0.602,25.59
B. 1-9,Control,ul_pre_booster,UnlimitedBooster1,minutes,season_pass_event,reward_event,meta,67171.0,487.0,7425.0,,,0.111,4.7
B. 1-9,Control,ul_pre_booster,UnlimitedBooster1,minutes,bomb_ballet_event,reward_event,meta,67171.0,410.0,4195.0,,,0.062,2.65
B. 1-9,Control,ul_pre_booster,UnlimitedBooster1,minutes,Hard_Level_Offer1,purchase,purchase,67171.0,130.0,2660.0,,,0.04,1.68
B. 1-9,Control,ul_pre_booster,UnlimitedBooster1,minutes,gift,gift,other,67171.0,43.0,1770.0,,,0.026,1.12
B. 1-9,Control,ul_pre_booster,UnlimitedBooster1,minutes,river_rush,reward_event,meta,67171.0,155.0,1690.0,,,0.025,1.07
B. 1-9,Control,ul_pre_booster,UnlimitedBooster1,minutes,Hard_level_offer1_tier3,purchase,purchase,67171.0,81.0,1660.0,,,0.025,1.05
B. 1-9,Control,ul_pre_booster,UnlimitedBooster1,minutes,great_offer1_199_tier3,purchase,purchase,67171.0,3.0,1080.0,,,0.016,0.68
B. 1-9,Control,ul_pre_booster,UnlimitedBooster1,minutes,Hatchling Hideaway,event_reward,meta,67171.0,76.0,770.0,,,0.011,0.49
B. 1-9,Control,ul_pre_booster,UnlimitedBooster1,minutes,great_offer1_299,purchase,purchase,67171.0,1.0,360.0,,,0.005,0.23
B. 1-9,Control,ul_pre_booster,UnlimitedBooster1,minutes,Photoshoot,reward_event,meta,67171.0,7.0,120.0,,,0.002,0.08
B. 1-9,Control,ul_pre_booster,UnlimitedBooster1,minutes,reward_chest,reward_chest,other,67171.0,3.0,60.0,,,0.001,0.04
B. 1-9,Control,ul_pre_booster,UnlimitedBooster1,minutes,FlowerCoop,reward_event,meta,67171.0,2.0,20.0,,,0.0,0.01
B. 1-9,Control,ul_pre_booster,UnlimitedBooster1,minutes,team_versus,reward_event,meta,67171.0,1.0,15.0,,,0.0,0.01
B. 1-9,Control,ul_pre_booster,UnlimitedBooster2,minutes,daily_reward,daily_reward,core,67171.0,640.0,39360.0,,,0.586,35.23
B. 1-9,Control,ul_pre_booster,UnlimitedBooster2,minutes,dream_pass_event,reward_event,meta,67171.0,1770.0,28920.0,,,0.431,25.88
B. 1-9,Control,ul_pre_booster,UnlimitedBooster2,minutes,Jigsaw,reward_event,meta,67171.0,2162.0,25105.0,,,0.374,22.47
B. 1-9,Control,ul_pre_booster,UnlimitedBooster2,minutes,season_pass_event,reward_event,meta,67171.0,367.0,6150.0,,,0.092,5.5
B. 1-9,Control,ul_pre_booster,UnlimitedBooster2,minutes,river_rush,reward_event,meta,67171.0,275.0,2875.0,,,0.043,2.57
B. 1-9,Control,ul_pre_booster,UnlimitedBooster2,minutes,Hard_Level_Offer1,purchase,purchase,67171.0,130.0,2660.0,,,0.04,2.38
B. 1-9,Control,ul_pre_booster,UnlimitedBooster2,minutes,gift,gift,other,67171.0,43.0,1770.0,,,0.026,1.58
B. 1-9,Control,ul_pre_booster,UnlimitedBooster2,minutes,Hard_level_offer1_tier3,purchase,purchase,67171.0,81.0,1660.0,,,0.025,1.49
B. 1-9,Control,ul_pre_booster,UnlimitedBooster2,minutes,bomb_ballet_event,reward_event,meta,67171.0,136.0,1390.0,,,0.021,1.24
B. 1-9,Control,ul_pre_booster,UnlimitedBooster2,minutes,great_offer1_199_tier3,purchase,purchase,67171.0,3.0,1080.0,,,0.016,0.97
B. 1-9,Control,ul_pre_booster,UnlimitedBooster2,minutes,great_offer1_299,purchase,purchase,67171.0,1.0,360.0,,,0.005,0.32
B. 1-9,Control,ul_pre_booster,UnlimitedBooster2,minutes,Hatchling Hideaway,event_reward,meta,67171.0,29.0,290.0,,,0.004,0.26
B. 1-9,Control,ul_pre_booster,UnlimitedBooster2,minutes,reward_chest,reward_chest,other,67171.0,3.0,60.0,,,0.001,0.05
B. 1-9,Control,ul_pre_booster,UnlimitedBooster2,minutes,Photoshoot,reward_event,meta,67171.0,3.0,45.0,,,0.001,0.04
B. 1-9,Control,ul_pre_booster,UnlimitedBooster2,minutes,dreamheist_event,reward_event,meta,67171.0,1.0,10.0,,,0.0,0.01
B. 1-9,Control,ul_pre_booster,UnlimitedBooster3,minutes,daily_reward,daily_reward,core,67171.0,636.0,19470.0,,,0.29,62.74
B. 1-9,Control,ul_pre_booster,UnlimitedBooster3,minutes,Hard_Level_Offer1,purchase,purchase,67171.0,130.0,2660.0,,,0.04,8.57
B. 1-9,Control,ul_pre_booster,UnlimitedBooster3,minutes,river_rush,reward_event,meta,67171.0,130.0,2585.0,,,0.038,8.33
B. 1-9,Control,ul_pre_booster,UnlimitedBooster3,minutes,gift,gift,other,67171.0,43.0,1770.0,,,0.026,5.7
B. 1-9,Control,ul_pre_booster,UnlimitedBooster3,minutes,Hard_level_offer1_tier3,purchase,purchase,67171.0,81.0,1660.0,,,0.025,5.35
B. 1-9,Control,ul_pre_booster,UnlimitedBooster3,minutes,great_offer1_199_tier3,purchase,purchase,67171.0,3.0,1080.0,,,0.016,3.48
B. 1-9,Control,ul_pre_booster,UnlimitedBooster3,minutes,dream_pass_event,reward_event,meta,67171.0,52.0,600.0,,,0.009,1.93
B. 1-9,Control,ul_pre_booster,UnlimitedBooster3,minutes,Jigsaw,reward_event,meta,67171.0,45.0,515.0,,,0.008,1.66
B. 1-9,Control,ul_pre_booster,UnlimitedBooster3,minutes,great_offer1_299,purchase,purchase,67171.0,1.0,360.0,,,0.005,1.16
B. 1-9,Control,ul_pre_booster,UnlimitedBooster3,minutes,season_pass_event,reward_event,meta,67171.0,15.0,150.0,,,0.002,0.48
B. 1-9,Control,ul_pre_booster,UnlimitedBooster3,minutes,bomb_ballet_event,reward_event,meta,67171.0,10.0,110.0,,,0.002,0.35
B. 1-9,Control,ul_pre_booster,UnlimitedBooster3,minutes,reward_chest,reward_chest,other,67171.0,3.0,60.0,,,0.001,0.19
B. 1-9,Control,ul_pre_booster,UnlimitedBooster3,minutes,Photoshoot,reward_event,meta,67171.0,1.0,15.0,,,0.0,0.05
B. 1-9,Control,unlimited_lives,UnlimitedLives,minutes,FlockRush,event_reward,meta,67171.0,17434.0,1053500.0,,,15.684,30.36
B. 1-9,Control,unlimited_lives,UnlimitedLives,minutes,daily_reward,daily_reward,core,67171.0,22113.0,797090.0,,,11.867,22.97
B. 1-9,Control,unlimited_lives,UnlimitedLives,minutes,saga_progression,chapter_complete,core,67171.0,16548.0,429870.0,,,6.4,12.39
B. 1-9,Control,unlimited_lives,UnlimitedLives,minutes,Hatchling Hideaway,event_reward,meta,67171.0,6568.0,405780.0,,,6.041,11.69
B. 1-9,Control,unlimited_lives,UnlimitedLives,minutes,dream_pass_event,reward_event,meta,67171.0,5322.0,210885.0,,,3.14,6.08
B. 1-9,Control,unlimited_lives,UnlimitedLives,minutes,player_level_up,reward_chest,core,67171.0,3651.0,165540.0,,,2.464,4.77
B. 1-9,Control,unlimited_lives,UnlimitedLives,minutes,kite_festival_event,reward_event,meta,67171.0,2419.0,89155.0,,,1.327,2.57
B. 1-9,Control,unlimited_lives,UnlimitedLives,minutes,ArcheryArena,reward_event,meta,67171.0,2822.0,88440.0,,,1.317,2.55
B. 1-9,Control,unlimited_lives,UnlimitedLives,minutes,offer_free_items,rolling_offer,meta,67171.0,1849.0,74975.0,,,1.116,2.16
B. 1-9,Control,unlimited_lives,UnlimitedLives,minutes,ad_chest,ad_chest,ads,67171.0,3452.0,46605.0,,,0.694,1.34
B. 1-9,Control,unlimited_lives,UnlimitedLives,minutes,season_pass_event,reward_event,meta,67171.0,555.0,37055.0,,,0.552,1.07
B. 1-9,Control,unlimited_lives,UnlimitedLives,minutes,Jigsaw,reward_event,meta,67171.0,826.0,30240.0,,,0.45,0.87
B. 1-9,Control,unlimited_lives,UnlimitedLives,minutes,race_event,reward_event,meta,67171.0,346.0,17685.0,,,0.263,0.51
B. 1-9,Control,unlimited_lives,UnlimitedLives,minutes,reward_chest,reward_chest,other,67171.0,194.0,5860.0,,,0.087,0.17
B. 1-9,Control,unlimited_lives,UnlimitedLives,minutes,gift,gift,other,67171.0,45.0,3450.0,,,0.051,0.1
B. 1-9,Control,unlimited_lives,UnlimitedLives,minutes,Hard_Level_Offer1,purchase,purchase,67171.0,130.0,2660.0,,,0.04,0.08
B. 1-9,Control,unlimited_lives,UnlimitedLives,minutes,league_rank_up,league_reward,meta,67171.0,39.0,1796.0,,,0.027,0.05
B. 1-9,Control,unlimited_lives,UnlimitedLives,minutes,river_rush,reward_event,meta,67171.0,106.0,1700.0,,,0.025,0.05
B. 1-9,Control,unlimited_lives,UnlimitedLives,minutes,Hard_level_offer1_tier3,purchase,purchase,67171.0,81.0,1660.0,,,0.025,0.05
B. 1-9,Control,unlimited_lives,UnlimitedLives,minutes,Photoshoot,reward_event,meta,67171.0,52.0,1650.0,,,0.025,0.05
B. 1-9,Control,unlimited_lives,UnlimitedLives,minutes,bomb_ballet_event,reward_event,meta,67171.0,44.0,1530.0,,,0.023,0.04
B. 1-9,Control,unlimited_lives,UnlimitedLives,minutes,great_offer1_199_tier3,purchase,purchase,67171.0,3.0,1080.0,,,0.016,0.03
B. 1-9,Control,unlimited_lives,UnlimitedLives,minutes,bundle_3_with_prelevel_boosters2,purchase,purchase,67171.0,5.0,600.0,,,0.009,0.02
B. 1-9,Control,unlimited_lives,UnlimitedLives,minutes,great_offer1_299,purchase,purchase,67171.0,1.0,360.0,,,0.005,0.01
B. 1-9,Control,unlimited_lives,UnlimitedLives,minutes,bundle_4_with_prelevel_boosters_tier3,purchase,purchase,67171.0,1.0,360.0,,,0.005,0.01
B. 1-9,Control,unlimited_lives,UnlimitedLives,minutes,special_event,reward_event,meta,67171.0,2.0,350.0,,,0.005,0.01
B. 1-9,Control,unlimited_lives,UnlimitedLives,minutes,event_progress,reward_event,meta,67171.0,3.0,120.0,,,0.002,0.0
B. 1-9,Control,unlimited_lives,UnlimitedLives,minutes,dreamheist_event,reward_event,meta,67171.0,5.0,110.0,,,0.002,0.0
B. 1-9,Control,unlimited_lives,UnlimitedLives,minutes,rolling_offer_tier1_p499_VarA,purchase,purchase,67171.0,2.0,80.0,,,0.001,0.0
B. 1-9,Control,unlimited_lives,UnlimitedLives,minutes,team_collection,reward_event,meta,67171.0,1.0,60.0,,,0.001,0.0
B. 1-9,Control,unlimited_lives,UnlimitedLives,minutes,unknown,purchase,purchase,67171.0,1.0,60.0,,,0.001,0.0
B. 1-9,Control,unlimited_lives,UnlimitedLives,minutes,rolling_offer_p049_tier3,purchase,purchase,67171.0,1.0,45.0,,,0.001,0.0
B. 1-9,Control,unlimited_lives,UnlimitedLives,minutes,rolling_offer_p099_VarA,purchase,purchase,67171.0,1.0,45.0,,,0.001,0.0
B. 1-9,Control,unlimited_lives,UnlimitedLives,minutes,Rainbow Maker,reward_event,meta,67171.0,1.0,10.0,,,0.0,0.0
B. 1-9,Variant,Avatar,Avatar,items,saga_progression,chapter_complete,core,66147.0,7433.0,7772.0,,,0.117,99.95
B. 1-9,Variant,Avatar,Avatar,items,season_pass_event,reward_event,meta,66147.0,3.0,4.0,,,0.0,0.05
B. 1-9,Variant,currency,HardCoin,coins,daily_reward,daily_reward,core,66147.0,27813.0,604075.0,604075.0,0.0,9.132,21.64
B. 1-9,Variant,currency,HardCoin,coins,player_level_up,reward_chest,core,66147.0,11440.0,374235.0,374235.0,0.0,5.658,13.4
B. 1-9,Variant,currency,HardCoin,coins,team_collection,reward_event,meta,66147.0,2965.0,329240.0,329240.0,0.0,4.977,11.79
B. 1-9,Variant,currency,HardCoin,coins,team_versus_contribution,reward_event,meta,66147.0,4410.0,236040.0,236040.0,0.0,3.568,8.45
B. 1-9,Variant,currency,HardCoin,coins,saga_progression,chapter_complete,core,66147.0,14939.0,200415.0,200415.0,0.0,3.03,7.18
B. 1-9,Variant,currency,HardCoin,coins,dreamheist_event,reward_event,meta,66147.0,12775.0,198735.0,198735.0,0.0,3.004,7.12
B. 1-9,Variant,currency,HardCoin,coins,team_versus,reward_event,meta,66147.0,1756.0,177360.0,177360.0,0.0,2.681,6.35
B. 1-9,Variant,currency,HardCoin,coins,Rainbow Maker,reward_event,meta,66147.0,13745.0,168908.0,168908.0,0.0,2.554,6.05
B. 1-9,Variant,currency,HardCoin,coins,ad_chest,ad_chest,ads,66147.0,6263.0,122730.0,122730.0,0.0,1.855,4.4
B. 1-9,Variant,currency,HardCoin,coins,dream_pass_event,reward_event,meta,66147.0,6346.0,109305.0,109305.0,0.0,1.652,3.92
B. 1-9,Variant,currency,HardCoin,coins,race_event,reward_event,meta,66147.0,1172.0,34335.0,34335.0,0.0,0.519,1.23
B. 1-9,Variant,currency,HardCoin,coins,Hatchling Hideaway,event_reward,meta,66147.0,1765.0,18860.0,18860.0,0.0,0.285,0.68
B. 1-9,Variant,currency,HardCoin,coins,reward_chest,reward_chest,other,66147.0,182.0,18445.0,18445.0,0.0,0.279,0.66
B. 1-9,Variant,currency,HardCoin,coins,ArcheryArena,reward_event,meta,66147.0,316.0,16000.0,16000.0,0.0,0.242,0.57
B. 1-9,Variant,currency,HardCoin,coins,Hard_Level_Offer1,purchase,purchase,66147.0,149.0,15300.0,0.0,15300.0,0.231,0.55
B. 1-9,Variant,currency,HardCoin,coins,xs_coins2,purchase,purchase,66147.0,81.0,10900.0,0.0,10900.0,0.165,0.39
B. 1-9,Variant,currency,HardCoin,coins,Hard_level_offer1_tier3,purchase,purchase,66147.0,94.0,10100.0,0.0,10100.0,0.153,0.36
B. 1-9,Variant,currency,HardCoin,coins,xs_coins_tier3,purchase,purchase,66147.0,53.0,9600.0,0.0,9600.0,0.145,0.34
B. 1-9,Variant,currency,HardCoin,coins,season_pass_event,reward_event,meta,66147.0,511.0,9410.0,9335.0,75.0,0.142,0.34
B. 1-9,Variant,currency,HardCoin,coins,heart_gift,heart_gift,other,66147.0,3765.0,8894.0,8894.0,0.0,0.134,0.32
B. 1-9,Variant,currency,HardCoin,coins,dream_peak,reward_event,core,66147.0,26.0,8300.0,8300.0,0.0,0.125,0.3
B. 1-9,Variant,currency,HardCoin,coins,red_event,reward_event,meta,66147.0,82.0,8050.0,8050.0,0.0,0.122,0.29
B. 1-9,Variant,currency,HardCoin,coins,xxl_coins_tier3,purchase,purchase,66147.0,1.0,8000.0,0.0,8000.0,0.121,0.29
B. 1-9,Variant,currency,HardCoin,coins,chuck_event,reward_event,meta,66147.0,92.0,7400.0,7400.0,0.0,0.112,0.27
B. 1-9,Variant,currency,HardCoin,coins,kite_festival_event,reward_event,meta,66147.0,49.0,7300.0,7300.0,0.0,0.11,0.26
B. 1-9,Variant,currency,HardCoin,coins,facebook_like,facebook_like,other,66147.0,63.0,7200.0,7200.0,0.0,0.109,0.26
B. 1-9,Variant,currency,HardCoin,coins,special_offer1,purchase,purchase,66147.0,23.0,6900.0,0.0,6900.0,0.104,0.25
B. 1-9,Variant,currency,HardCoin,coins,special_offer1_tier3,purchase,purchase,66147.0,15.0,4500.0,0.0,4500.0,0.068,0.16
B. 1-9,Variant,currency,HardCoin,coins,rolling_offer_tier1_p299,purchase,purchase,66147.0,20.0,4200.0,0.0,4200.0,0.063,0.15
B. 1-9,Variant,currency,HardCoin,coins,bundle_3_with_prelevel_boosters_tier3,purchase,purchase,66147.0,4.0,4000.0,0.0,4000.0,0.06,0.14
B. 1-9,Variant,currency,HardCoin,coins,bundle_5_with_prelevel_boosters_tier3,purchase,purchase,66147.0,1.0,4000.0,0.0,4000.0,0.06,0.14
B. 1-9,Variant,currency,HardCoin,coins,bundle_2_with_prelevel_boosters2,purchase,purchase,66147.0,7.0,3500.0,0.0,3500.0,0.053,0.13
B. 1-9,Variant,currency,HardCoin,coins,single_collection,reward_event,meta,66147.0,33.0,3450.0,3450.0,0.0,0.052,0.12
B. 1-9,Variant,currency,HardCoin,coins,Jigsaw,reward_event,meta,66147.0,104.0,3225.0,3225.0,0.0,0.049,0.12
B. 1-9,Variant,currency,HardCoin,coins,bundle_3_with_prelevel_boosters2,purchase,purchase,66147.0,2.0,3000.0,0.0,3000.0,0.045,0.11
B. 1-9,Variant,currency,HardCoin,coins,bundle_7_with_prelevel_boosters,purchase,purchase,66147.0,18.0,2700.0,0.0,2700.0,0.041,0.1
B. 1-9,Variant,currency,HardCoin,coins,gift,gift,other,66147.0,6.0,2600.0,2600.0,0.0,0.039,0.09
B. 1-9,Variant,currency,HardCoin,coins,bundle_2_with_prelevel_boosters_tier3,purchase,purchase,66147.0,5.0,2500.0,0.0,2500.0,0.038,0.09
B. 1-9,Variant,currency,HardCoin,coins,bomb_event,reward_event,meta,66147.0,24.0,2350.0,2350.0,0.0,0.036,0.08
B. 1-9,Variant,currency,HardCoin,coins,bomb_ballet_event,reward_event,meta,66147.0,82.0,2150.0,2150.0,0.0,0.033,0.08
B. 1-9,Variant,currency,HardCoin,coins,bundle_4_with_prelevel_boosters_tier3,purchase,purchase,66147.0,1.0,2000.0,0.0,2000.0,0.03,0.07
B. 1-9,Variant,currency,HardCoin,coins,rolling_offer_tier1_p199_tier3,purchase,purchase,66147.0,10.0,2000.0,0.0,2000.0,0.03,0.07
B. 1-9,Variant,currency,HardCoin,coins,s_coins_tier3,purchase,purchase,66147.0,4.0,2000.0,0.0,2000.0,0.03,0.07
B. 1-9,Variant,currency,HardCoin,coins,special_offer9,purchase,purchase,66147.0,7.0,1750.0,0.0,1750.0,0.026,0.06
B. 1-9,Variant,currency,HardCoin,coins,bundle_2_with_prelevel_boosters,purchase,purchase,66147.0,3.0,1500.0,0.0,1500.0,0.023,0.05
B. 1-9,Variant,currency,HardCoin,coins,special_offer8,purchase,purchase,66147.0,6.0,1500.0,0.0,1500.0,0.023,0.05
B. 1-9,Variant,currency,HardCoin,coins,great_offer1_199,purchase,purchase,66147.0,8.0,1350.0,0.0,1350.0,0.02,0.05
B. 1-9,Variant,currency,HardCoin,coins,bundle_7_with_prelevel_boosters_tier3,purchase,purchase,66147.0,7.0,1200.0,0.0,1200.0,0.018,0.04
B. 1-9,Variant,currency,HardCoin,coins,rolling_offer_tier1_p499_VarA,purchase,purchase,66147.0,4.0,1200.0,0.0,1200.0,0.018,0.04
B. 1-9,Variant,currency,HardCoin,coins,bundle_7_with_prelevel_boosters2,purchase,purchase,66147.0,3.0,900.0,0.0,900.0,0.014,0.03
B. 1-9,Variant,currency,HardCoin,coins,special_offer3_tier3,purchase,purchase,66147.0,1.0,800.0,0.0,800.0,0.012,0.03
B. 1-9,Variant,currency,HardCoin,coins,offer_free_items,rolling_offer,meta,66147.0,8.0,800.0,800.0,0.0,0.012,0.03
B. 1-9,Variant,currency,HardCoin,coins,special_offer11,purchase,purchase,66147.0,1.0,700.0,0.0,700.0,0.011,0.03
B. 1-9,Variant,currency,HardCoin,coins,special_offer10,purchase,purchase,66147.0,2.0,600.0,0.0,600.0,0.009,0.02
B. 1-9,Variant,currency,HardCoin,coins,special_offer9_tier3,purchase,purchase,66147.0,2.0,600.0,0.0,600.0,0.009,0.02
B. 1-9,Variant,currency,HardCoin,coins,rolling_offer_p349_tier3,purchase,purchase,66147.0,1.0,550.0,0.0,550.0,0.008,0.02
B. 1-9,Variant,currency,HardCoin,coins,wager_event,reward_event,meta,66147.0,2.0,500.0,500.0,0.0,0.008,0.02
B. 1-9,Variant,currency,HardCoin,coins,special_offer10_tier3,purchase,purchase,66147.0,1.0,500.0,0.0,500.0,0.008,0.02
B. 1-9,Variant,currency,HardCoin,coins,rolling_offer_p799_VarA,purchase,purchase,66147.0,1.0,500.0,0.0,500.0,0.008,0.02
B. 1-9,Variant,currency,HardCoin,coins,great_offer1_299,purchase,purchase,66147.0,4.0,400.0,0.0,400.0,0.006,0.01
B. 1-9,Variant,currency,HardCoin,coins,special_offer8_tier3,purchase,purchase,66147.0,1.0,400.0,0.0,400.0,0.006,0.01
B. 1-9,Variant,currency,HardCoin,coins,rolling_offer_tier1_p299_tier3,purchase,purchase,66147.0,1.0,400.0,0.0,400.0,0.006,0.01
B. 1-9,Variant,currency,HardCoin,coins,river_rush,reward_event,meta,66147.0,9.0,390.0,390.0,0.0,0.006,0.01
B. 1-9,Variant,currency,HardCoin,coins,reds_club,reds_club,other,66147.0,3.0,300.0,300.0,0.0,0.005,0.01
B. 1-9,Variant,currency,HardCoin,coins,great_offer1_199_tier3,purchase,purchase,66147.0,2.0,200.0,0.0,200.0,0.003,0.01
B. 1-9,Variant,currency,HardCoin,coins,bundle_1_with_prelevel_boosters_tier3,purchase,purchase,66147.0,1.0,200.0,0.0,200.0,0.003,0.01
B. 1-9,Variant,currency,HardCoin,coins,surprise_chest,surprise_chest,other,66147.0,1.0,100.0,100.0,0.0,0.002,0.0
B. 1-9,Variant,currency,HardCoin,coins,special_event,reward_event,meta,66147.0,2.0,100.0,100.0,0.0,0.002,0.0
B. 1-9,Variant,currency,HardCoin,coins,Photoshoot,reward_event,meta,66147.0,3.0,75.0,75.0,0.0,0.001,0.0
B. 1-9,Variant,currency,HardCoin,coins,treasure_dive_event,reward_event,meta,66147.0,1.0,35.0,35.0,0.0,0.001,0.0
B. 1-9,Variant,currency,HardCoin,coins,saga_progression,reward_chest,core,66147.0,2.0,30.0,30.0,0.0,0.0,0.0
B. 1-9,Variant,currency,HardCoin,coins,minigame_event,reward_event,meta,66147.0,1.0,20.0,20.0,0.0,0.0,0.0
B. 1-9,Variant,currency,HardCoin,coins,event_progress,reward_event,meta,66147.0,1.0,15.0,15.0,0.0,0.0,0.0
B. 1-9,Variant,dream_pass_tokens,DreamPassToken,items,Rainbow Maker,reward_event,meta,66147.0,9988.0,354304.0,,,5.356,49.61
B. 1-9,Variant,dream_pass_tokens,DreamPassToken,items,offer_free_items,rolling_offer,meta,66147.0,5633.0,233720.0,,,3.533,32.72
B. 1-9,Variant,dream_pass_tokens,DreamPassToken,items,race_event,reward_event,meta,66147.0,1832.0,90345.0,,,1.366,12.65
B. 1-9,Variant,dream_pass_tokens,DreamPassToken,items,kite_festival_event,reward_event,meta,66147.0,389.0,25750.0,,,0.389,3.61
B. 1-9,Variant,dream_pass_tokens,DreamPassToken,items,FlockRush,event_reward,meta,66147.0,443.0,9080.0,,,0.137,1.27
B. 1-9,Variant,dream_pass_tokens,DreamPassToken,items,wager_event,reward_event,meta,66147.0,4.0,720.0,,,0.011,0.1
B. 1-9,Variant,dream_pass_tokens,DreamPassToken,items,special_event,reward_event,meta,66147.0,2.0,180.0,,,0.003,0.03
B. 1-9,Variant,dream_pass_tokens,DreamPassToken,items,ArcheryArena,reward_event,meta,66147.0,8.0,80.0,,,0.001,0.01
B. 1-9,Variant,dream_pass_tokens,DreamPassToken,items,river_rush,reward_event,meta,66147.0,1.0,30.0,,,0.0,0.0
B. 1-9,Variant,life,life,items,ask_for_lives,ask_for_lives,other,66147.0,1529.0,6346.0,,,0.096,68.38
B. 1-9,Variant,life,life,items,ad_life,ad_life,ads,66147.0,2007.0,2935.0,,,0.044,31.62
B. 1-9,Variant,life,liferefill,items,coin_purchase,coin_purchase,other,66147.0,1292.0,8590.0,,,0.13,100.0
B. 1-9,Variant,orb,Movie_Magic,items,dream_pass_event,reward_event,meta,66147.0,4.0,4.0,,,0.0,100.0
B. 1-9,Variant,orb,Reds_Greatest_Challenge,items,dream_pass_event,reward_event,meta,66147.0,66.0,66.0,,,0.001,100.0
B. 1-9,Variant,powerup,powerup_1,items,team_versus,reward_event,meta,66147.0,2837.0,2877.0,,,0.043,24.85
B. 1-9,Variant,powerup,powerup_1,items,team_versus_contribution,reward_event,meta,66147.0,2832.0,2858.0,,,0.043,24.68
B. 1-9,Variant,powerup,powerup_1,items,ad_chest,ad_chest,ads,66147.0,1148.0,1241.0,,,0.019,10.72
B. 1-9,Variant,powerup,powerup_1,items,team_collection,reward_event,meta,66147.0,594.0,978.0,,,0.015,8.45
B. 1-9,Variant,powerup,powerup_1,items,player_level_up,reward_chest,core,66147.0,955.0,962.0,,,0.015,8.31
B. 1-9,Variant,powerup,powerup_1,items,Rainbow Maker,reward_event,meta,66147.0,653.0,692.0,,,0.01,5.98
B. 1-9,Variant,powerup,powerup_1,items,daily_reward,daily_reward,core,66147.0,601.0,616.0,,,0.009,5.32
B. 1-9,Variant,powerup,powerup_1,items,race_event,reward_event,meta,66147.0,313.0,317.0,,,0.005,2.74
B. 1-9,Variant,powerup,powerup_1,items,Hatchling Hideaway,event_reward,meta,66147.0,289.0,295.0,,,0.004,2.55
B. 1-9,Variant,powerup,powerup_1,items,reward_chest,reward_chest,other,66147.0,177.0,182.0,,,0.003,1.57
B. 1-9,Variant,powerup,powerup_1,items,dream_pass_event,reward_event,meta,66147.0,104.0,114.0,,,0.002,0.98
B. 1-9,Variant,powerup,powerup_1,items,saga_progression,chapter_complete,core,66147.0,70.0,71.0,,,0.001,0.61
B. 1-9,Variant,powerup,powerup_1,items,ArcheryArena,reward_event,meta,66147.0,58.0,61.0,,,0.001,0.53
B. 1-9,Variant,powerup,powerup_1,items,ingame,purchase,purchase,66147.0,18.0,60.0,,,0.001,0.52
B. 1-9,Variant,powerup,powerup_1,items,gift,gift,other,66147.0,26.0,26.0,,,0.0,0.22
B. 1-9,Variant,powerup,powerup_1,items,rolling_offer_tier1_p299,purchase,purchase,66147.0,20.0,21.0,,,0.0,0.18
B. 1-9,Variant,powerup,powerup_1,items,bundle_7_with_prelevel_boosters,purchase,purchase,66147.0,18.0,18.0,,,0.0,0.16
B. 1-9,Variant,powerup,powerup_1,items,red_event,reward_event,meta,66147.0,17.0,17.0,,,0.0,0.15
B. 1-9,Variant,powerup,powerup_1,items,bundle_2_with_prelevel_boosters2,purchase,purchase,66147.0,7.0,14.0,,,0.0,0.12
B. 1-9,Variant,powerup,powerup_1,items,bundle_5_with_prelevel_boosters_tier3,purchase,purchase,66147.0,1.0,12.0,,,0.0,0.1
B. 1-9,Variant,powerup,powerup_1,items,bundle_3_with_prelevel_boosters2,purchase,purchase,66147.0,2.0,12.0,,,0.0,0.1
B. 1-9,Variant,powerup,powerup_1,items,chuck_event,reward_event,meta,66147.0,10.0,11.0,,,0.0,0.09
B. 1-9,Variant,powerup,powerup_1,items,rolling_offer_tier1_p199_tier3,purchase,purchase,66147.0,10.0,10.0,,,0.0,0.09
B. 1-9,Variant,powerup,powerup_1,items,kite_festival_event,reward_event,meta,66147.0,9.0,10.0,,,0.0,0.09
B. 1-9,Variant,powerup,powerup_1,items,river_rush,reward_event,meta,66147.0,10.0,10.0,,,0.0,0.09
B. 1-9,Variant,powerup,powerup_1,items,bundle_3_with_prelevel_boosters_tier3,purchase,purchase,66147.0,4.0,8.0,,,0.0,0.07
B. 1-9,Variant,powerup,powerup_1,items,bundle_7_with_prelevel_boosters_tier3,purchase,purchase,66147.0,7.0,8.0,,,0.0,0.07
B. 1-9,Variant,powerup,powerup_1,items,special_offer9,purchase,purchase,66147.0,7.0,7.0,,,0.0,0.06
B. 1-9,Variant,powerup,powerup_1,items,single_collection,reward_event,meta,66147.0,6.0,7.0,,,0.0,0.06
B. 1-9,Variant,powerup,powerup_1,items,dream_peak,reward_event,core,66147.0,5.0,6.0,,,0.0,0.05
B. 1-9,Variant,powerup,powerup_1,items,special_offer8,purchase,purchase,66147.0,6.0,6.0,,,0.0,0.05
B. 1-9,Variant,powerup,powerup_1,items,bundle_4_with_prelevel_boosters_tier3,purchase,purchase,66147.0,1.0,5.0,,,0.0,0.04
B. 1-9,Variant,powerup,powerup_1,items,bomb_event,reward_event,meta,66147.0,5.0,5.0,,,0.0,0.04
B. 1-9,Variant,powerup,powerup_1,items,bundle_2_with_prelevel_boosters_tier3,purchase,purchase,66147.0,5.0,5.0,,,0.0,0.04
B. 1-9,Variant,powerup,powerup_1,items,offer_free_items,rolling_offer,meta,66147.0,4.0,4.0,,,0.0,0.03
B. 1-9,Variant,powerup,powerup_1,items,rolling_offer_tier1_p499_VarA,purchase,purchase,66147.0,4.0,4.0,,,0.0,0.03
B. 1-9,Variant,powerup,powerup_1,items,bundle_2_with_prelevel_boosters,purchase,purchase,66147.0,3.0,3.0,,,0.0,0.03
B. 1-9,Variant,powerup,powerup_1,items,special_offer3_tier3,purchase,purchase,66147.0,1.0,3.0,,,0.0,0.03
B. 1-9,Variant,powerup,powerup_1,items,special_offer11,purchase,purchase,66147.0,1.0,3.0,,,0.0,0.03
B. 1-9,Variant,powerup,powerup_1,items,bundle_7_with_prelevel_boosters2,purchase,purchase,66147.0,3.0,3.0,,,0.0,0.03
B. 1-9,Variant,powerup,powerup_1,items,special_offer10,purchase,purchase,66147.0,2.0,2.0,,,0.0,0.02
B. 1-9,Variant,powerup,powerup_1,items,FlowerCoop,reward_event,meta,66147.0,1.0,2.0,,,0.0,0.02
B. 1-9,Variant,powerup,powerup_1,items,special_offer9_tier3,purchase,purchase,66147.0,2.0,2.0,,,0.0,0.02
B. 1-9,Variant,powerup,powerup_1,items,Jigsaw,reward_event,meta,66147.0,2.0,2.0,,,0.0,0.02
B. 1-9,Variant,powerup,powerup_1,items,special_offer10_tier3,purchase,purchase,66147.0,1.0,1.0,,,0.0,0.01
B. 1-9,Variant,powerup,powerup_1,items,bundle_1_with_prelevel_boosters_tier3,purchase,purchase,66147.0,1.0,1.0,,,0.0,0.01
B. 1-9,Variant,powerup,powerup_1,items,special_event,reward_event,meta,66147.0,1.0,1.0,,,0.0,0.01
B. 1-9,Variant,powerup,powerup_1,items,rolling_offer_p799_VarA,purchase,purchase,66147.0,1.0,1.0,,,0.0,0.01
B. 1-9,Variant,powerup,powerup_1,items,rolling_offer_tier1_p299_tier3,purchase,purchase,66147.0,1.0,1.0,,,0.0,0.01
B. 1-9,Variant,powerup,powerup_1,items,rolling_offer_p349_tier3,purchase,purchase,66147.0,1.0,1.0,,,0.0,0.01
B. 1-9,Variant,powerup,powerup_1,items,bomb_ballet_event,reward_event,meta,66147.0,1.0,1.0,,,0.0,0.01
B. 1-9,Variant,powerup,powerup_1,items,special_offer8_tier3,purchase,purchase,66147.0,1.0,1.0,,,0.0,0.01
B. 1-9,Variant,powerup,powerup_1,items,wager_event,reward_event,meta,66147.0,1.0,1.0,,,0.0,0.01
B. 1-9,Variant,powerup,powerup_2,items,Rainbow Maker,reward_event,meta,66147.0,6421.0,10588.0,,,0.16,25.49
B. 1-9,Variant,powerup,powerup_2,items,daily_reward,daily_reward,core,66147.0,6976.0,7192.0,,,0.109,17.31
B. 1-9,Variant,powerup,powerup_2,items,dreamheist_event,reward_event,meta,66147.0,3543.0,3681.0,,,0.056,8.86
B. 1-9,Variant,powerup,powerup_2,items,team_collection,reward_event,meta,66147.0,2175.0,3600.0,,,0.054,8.67
B. 1-9,Variant,powerup,powerup_2,items,saga_progression,chapter_complete,core,66147.0,2976.0,3027.0,,,0.046,7.29
B. 1-9,Variant,powerup,powerup_2,items,player_level_up,reward_chest,core,66147.0,2716.0,2750.0,,,0.042,6.62
B. 1-9,Variant,powerup,powerup_2,items,ad_chest,ad_chest,ads,66147.0,2359.0,2620.0,,,0.04,6.31
B. 1-9,Variant,powerup,powerup_2,items,team_versus,reward_event,meta,66147.0,2044.0,2068.0,,,0.031,4.98
B. 1-9,Variant,powerup,powerup_2,items,chuck_event,reward_event,meta,66147.0,1677.0,1733.0,,,0.026,4.17
B. 1-9,Variant,powerup,powerup_2,items,ArcheryArena,reward_event,meta,66147.0,618.0,637.0,,,0.01,1.53
B. 1-9,Variant,powerup,powerup_2,items,FlockRush,event_reward,meta,66147.0,597.0,616.0,,,0.009,1.48
B. 1-9,Variant,powerup,powerup_2,items,team_versus_contribution,reward_event,meta,66147.0,585.0,589.0,,,0.009,1.42
B. 1-9,Variant,powerup,powerup_2,items,red_event,reward_event,meta,66147.0,469.0,491.0,,,0.007,1.18
B. 1-9,Variant,powerup,powerup_2,items,race_event,reward_event,meta,66147.0,398.0,404.0,,,0.006,0.97
B. 1-9,Variant,powerup,powerup_2,items,ingame,purchase,purchase,66147.0,88.0,297.0,,,0.004,0.71
B. 1-9,Variant,powerup,powerup_2,items,dream_pass_event,reward_event,meta,66147.0,242.0,264.0,,,0.004,0.64
B. 1-9,Variant,powerup,powerup_2,items,single_collection,reward_event,meta,66147.0,179.0,187.0,,,0.003,0.45
B. 1-9,Variant,powerup,powerup_2,items,reward_chest,reward_chest,other,66147.0,177.0,183.0,,,0.003,0.44
B. 1-9,Variant,powerup,powerup_2,items,bomb_event,reward_event,meta,66147.0,121.0,122.0,,,0.002,0.29
B. 1-9,Variant,powerup,powerup_2,items,kite_festival_event,reward_event,meta,66147.0,80.0,82.0,,,0.001,0.2
B. 1-9,Variant,powerup,powerup_2,items,gift,gift,other,66147.0,26.0,78.0,,,0.001,0.19
B. 1-9,Variant,powerup,powerup_2,items,league_rank_up,league_reward,meta,66147.0,27.0,45.0,,,0.001,0.11
B. 1-9,Variant,powerup,powerup_2,items,offer_free_items,rolling_offer,meta,66147.0,35.0,38.0,,,0.001,0.09
B. 1-9,Variant,powerup,powerup_2,items,dream_peak,reward_event,core,66147.0,21.0,29.0,,,0.0,0.07
B. 1-9,Variant,powerup,powerup_2,items,rolling_offer_tier1_p299,purchase,purchase,66147.0,20.0,21.0,,,0.0,0.05
B. 1-9,Variant,powerup,powerup_2,items,Hatchling Hideaway,event_reward,meta,66147.0,20.0,20.0,,,0.0,0.05
B. 1-9,Variant,powerup,powerup_2,items,bundle_7_with_prelevel_boosters,purchase,purchase,66147.0,18.0,18.0,,,0.0,0.04
B. 1-9,Variant,powerup,powerup_2,items,special_offer9,purchase,purchase,66147.0,7.0,14.0,,,0.0,0.03
B. 1-9,Variant,powerup,powerup_2,items,bundle_2_with_prelevel_boosters2,purchase,purchase,66147.0,7.0,14.0,,,0.0,0.03
B. 1-9,Variant,powerup,powerup_2,items,bundle_5_with_prelevel_boosters_tier3,purchase,purchase,66147.0,1.0,12.0,,,0.0,0.03
B. 1-9,Variant,powerup,powerup_2,items,bundle_3_with_prelevel_boosters2,purchase,purchase,66147.0,2.0,12.0,,,0.0,0.03
B. 1-9,Variant,powerup,powerup_2,items,special_offer8,purchase,purchase,66147.0,6.0,12.0,,,0.0,0.03
B. 1-9,Variant,powerup,powerup_2,items,Jigsaw,reward_event,meta,66147.0,9.0,10.0,,,0.0,0.02
B. 1-9,Variant,powerup,powerup_2,items,rolling_offer_tier1_p199_tier3,purchase,purchase,66147.0,10.0,10.0,,,0.0,0.02
B. 1-9,Variant,powerup,powerup_2,items,season_pass_event,reward_event,meta,66147.0,7.0,8.0,,,0.0,0.02
B. 1-9,Variant,powerup,powerup_2,items,bundle_7_with_prelevel_boosters_tier3,purchase,purchase,66147.0,7.0,8.0,,,0.0,0.02
B. 1-9,Variant,powerup,powerup_2,items,bundle_3_with_prelevel_boosters_tier3,purchase,purchase,66147.0,4.0,8.0,,,0.0,0.02
B. 1-9,Variant,powerup,powerup_2,items,special_offer10,purchase,purchase,66147.0,2.0,6.0,,,0.0,0.01
B. 1-9,Variant,powerup,powerup_2,items,bundle_2_with_prelevel_boosters_tier3,purchase,purchase,66147.0,5.0,5.0,,,0.0,0.01
B. 1-9,Variant,powerup,powerup_2,items,bundle_4_with_prelevel_boosters_tier3,purchase,purchase,66147.0,1.0,5.0,,,0.0,0.01
B. 1-9,Variant,powerup,powerup_2,items,special_offer3_tier3,purchase,purchase,66147.0,1.0,5.0,,,0.0,0.01
B. 1-9,Variant,powerup,powerup_2,items,special_offer9_tier3,purchase,purchase,66147.0,2.0,4.0,,,0.0,0.01
B. 1-9,Variant,powerup,powerup_2,items,rolling_offer_tier1_p499_VarA,purchase,purchase,66147.0,4.0,4.0,,,0.0,0.01
B. 1-9,Variant,powerup,powerup_2,items,bundle_7_with_prelevel_boosters2,purchase,purchase,66147.0,3.0,3.0,,,0.0,0.01
B. 1-9,Variant,powerup,powerup_2,items,bundle_2_with_prelevel_boosters,purchase,purchase,66147.0,3.0,3.0,,,0.0,0.01
B. 1-9,Variant,powerup,powerup_2,items,special_offer11,purchase,purchase,66147.0,1.0,3.0,,,0.0,0.01
B. 1-9,Variant,powerup,powerup_2,items,special_offer10_tier3,purchase,purchase,66147.0,1.0,3.0,,,0.0,0.01
B. 1-9,Variant,powerup,powerup_2,items,special_offer8_tier3,purchase,purchase,66147.0,1.0,2.0,,,0.0,0.0
B. 1-9,Variant,powerup,powerup_2,items,river_rush,reward_event,meta,66147.0,2.0,2.0,,,0.0,0.0
B. 1-9,Variant,powerup,powerup_2,items,surprise_chest,surprise_chest,other,66147.0,1.0,1.0,,,0.0,0.0
B. 1-9,Variant,powerup,powerup_2,items,rolling_offer_p349_tier3,purchase,purchase,66147.0,1.0,1.0,,,0.0,0.0
B. 1-9,Variant,powerup,powerup_2,items,rolling_offer_p799_VarA,purchase,purchase,66147.0,1.0,1.0,,,0.0,0.0
B. 1-9,Variant,powerup,powerup_2,items,wager_event,reward_event,meta,66147.0,1.0,1.0,,,0.0,0.0
B. 1-9,Variant,powerup,powerup_2,items,rolling_offer_tier1_p299_tier3,purchase,purchase,66147.0,1.0,1.0,,,0.0,0.0
B. 1-9,Variant,powerup,powerup_2,items,special_event,reward_event,meta,66147.0,1.0,1.0,,,0.0,0.0
B. 1-9,Variant,powerup,powerup_2,items,bundle_1_with_prelevel_boosters_tier3,purchase,purchase,66147.0,1.0,1.0,,,0.0,0.0
B. 1-9,Variant,powerup,powerup_2,items,event_progress,reward_event,meta,66147.0,1.0,1.0,,,0.0,0.0
B. 1-9,Variant,powerup,powerup_2,items,treasure_dive_event,reward_event,meta,66147.0,1.0,1.0,,,0.0,0.0
B. 1-9,Variant,powerup,powerup_2,items,bomb_ballet_event,reward_event,meta,66147.0,1.0,1.0,,,0.0,0.0
B. 1-9,Variant,powerup,powerup_3,items,daily_reward,daily_reward,core,66147.0,4107.0,4245.0,,,0.064,17.36
B. 1-9,Variant,powerup,powerup_3,items,saga_progression,chapter_complete,core,66147.0,2800.0,2856.0,,,0.043,11.68
B. 1-9,Variant,powerup,powerup_3,items,player_level_up,reward_chest,core,66147.0,2761.0,2793.0,,,0.042,11.42
B. 1-9,Variant,powerup,powerup_3,items,team_versus,reward_event,meta,66147.0,2704.0,2733.0,,,0.041,11.17
B. 1-9,Variant,powerup,powerup_3,items,ad_chest,ad_chest,ads,66147.0,2360.0,2634.0,,,0.04,10.77
B. 1-9,Variant,powerup,powerup_3,items,team_collection,reward_event,meta,66147.0,793.0,2108.0,,,0.032,8.62
B. 1-9,Variant,powerup,powerup_3,items,Rainbow Maker,reward_event,meta,66147.0,1780.0,1968.0,,,0.03,8.05
B. 1-9,Variant,powerup,powerup_3,items,dream_pass_event,reward_event,meta,66147.0,1700.0,1810.0,,,0.027,7.4
B. 1-9,Variant,powerup,powerup_3,items,team_versus_contribution,reward_event,meta,66147.0,994.0,1003.0,,,0.015,4.1
B. 1-9,Variant,powerup,powerup_3,items,race_event,reward_event,meta,66147.0,423.0,427.0,,,0.006,1.75
B. 1-9,Variant,powerup,powerup_3,items,chuck_event,reward_event,meta,66147.0,286.0,295.0,,,0.004,1.21
B. 1-9,Variant,powerup,powerup_3,items,ingame,purchase,purchase,66147.0,75.0,249.0,,,0.004,1.02
B. 1-9,Variant,powerup,powerup_3,items,reward_chest,reward_chest,other,66147.0,178.0,183.0,,,0.003,0.75
B. 1-9,Variant,powerup,powerup_3,items,red_event,reward_event,meta,66147.0,167.0,174.0,,,0.003,0.71
B. 1-9,Variant,powerup,powerup_3,items,ArcheryArena,reward_event,meta,66147.0,133.0,148.0,,,0.002,0.61
B. 1-9,Variant,powerup,powerup_3,items,facebook_like,facebook_like,other,66147.0,63.0,144.0,,,0.002,0.59
B. 1-9,Variant,powerup,powerup_3,items,dream_peak,reward_event,core,66147.0,98.0,129.0,,,0.002,0.53
B. 1-9,Variant,powerup,powerup_3,items,gift,gift,other,66147.0,26.0,78.0,,,0.001,0.32
B. 1-9,Variant,powerup,powerup_3,items,single_collection,reward_event,meta,66147.0,76.0,77.0,,,0.001,0.31
B. 1-9,Variant,powerup,powerup_3,items,Hatchling Hideaway,event_reward,meta,66147.0,69.0,72.0,,,0.001,0.29
B. 1-9,Variant,powerup,powerup_3,items,bomb_event,reward_event,meta,66147.0,51.0,52.0,,,0.001,0.21
B. 1-9,Variant,powerup,powerup_3,items,season_pass_event,reward_event,meta,66147.0,39.0,43.0,,,0.001,0.18
B. 1-9,Variant,powerup,powerup_3,items,kite_festival_event,reward_event,meta,66147.0,31.0,31.0,,,0.0,0.13
B. 1-9,Variant,powerup,powerup_3,items,rolling_offer_tier1_p299,purchase,purchase,66147.0,20.0,21.0,,,0.0,0.09
B. 1-9,Variant,powerup,powerup_3,items,bundle_7_with_prelevel_boosters,purchase,purchase,66147.0,18.0,18.0,,,0.0,0.07
B. 1-9,Variant,powerup,powerup_3,items,bundle_2_with_prelevel_boosters2,purchase,purchase,66147.0,7.0,14.0,,,0.0,0.06
B. 1-9,Variant,powerup,powerup_3,items,special_offer9,purchase,purchase,66147.0,7.0,14.0,,,0.0,0.06
B. 1-9,Variant,powerup,powerup_3,items,bundle_5_with_prelevel_boosters_tier3,purchase,purchase,66147.0,1.0,12.0,,,0.0,0.05
B. 1-9,Variant,powerup,powerup_3,items,river_rush,reward_event,meta,66147.0,12.0,12.0,,,0.0,0.05
B. 1-9,Variant,powerup,powerup_3,items,bundle_3_with_prelevel_boosters2,purchase,purchase,66147.0,2.0,12.0,,,0.0,0.05
B. 1-9,Variant,powerup,powerup_3,items,special_offer8,purchase,purchase,66147.0,6.0,12.0,,,0.0,0.05
B. 1-9,Variant,powerup,powerup_3,items,rolling_offer_tier1_p199_tier3,purchase,purchase,66147.0,10.0,10.0,,,0.0,0.04
B. 1-9,Variant,powerup,powerup_3,items,offer_free_items,rolling_offer,meta,66147.0,6.0,8.0,,,0.0,0.03
B. 1-9,Variant,powerup,powerup_3,items,bundle_7_with_prelevel_boosters_tier3,purchase,purchase,66147.0,7.0,8.0,,,0.0,0.03
B. 1-9,Variant,powerup,powerup_3,items,bundle_3_with_prelevel_boosters_tier3,purchase,purchase,66147.0,4.0,8.0,,,0.0,0.03
B. 1-9,Variant,powerup,powerup_3,items,special_offer10,purchase,purchase,66147.0,2.0,6.0,,,0.0,0.02
B. 1-9,Variant,powerup,powerup_3,items,bundle_2_with_prelevel_boosters_tier3,purchase,purchase,66147.0,5.0,5.0,,,0.0,0.02
B. 1-9,Variant,powerup,powerup_3,items,bundle_4_with_prelevel_boosters_tier3,purchase,purchase,66147.0,1.0,5.0,,,0.0,0.02
B. 1-9,Variant,powerup,powerup_3,items,special_offer3_tier3,purchase,purchase,66147.0,1.0,5.0,,,0.0,0.02
B. 1-9,Variant,powerup,powerup_3,items,special_offer9_tier3,purchase,purchase,66147.0,2.0,4.0,,,0.0,0.02
B. 1-9,Variant,powerup,powerup_3,items,rolling_offer_tier1_p499_VarA,purchase,purchase,66147.0,4.0,4.0,,,0.0,0.02
B. 1-9,Variant,powerup,powerup_3,items,bundle_7_with_prelevel_boosters2,purchase,purchase,66147.0,3.0,3.0,,,0.0,0.01
B. 1-9,Variant,powerup,powerup_3,items,bundle_2_with_prelevel_boosters,purchase,purchase,66147.0,3.0,3.0,,,0.0,0.01
B. 1-9,Variant,powerup,powerup_3,items,special_offer11,purchase,purchase,66147.0,1.0,3.0,,,0.0,0.01
B. 1-9,Variant,powerup,powerup_3,items,special_offer10_tier3,purchase,purchase,66147.0,1.0,3.0,,,0.0,0.01
B. 1-9,Variant,powerup,powerup_3,items,dreamheist_event,reward_event,meta,66147.0,2.0,2.0,,,0.0,0.01
B. 1-9,Variant,powerup,powerup_3,items,special_event,reward_event,meta,66147.0,2.0,2.0,,,0.0,0.01
B. 1-9,Variant,powerup,powerup_3,items,surprise_chest,surprise_chest,other,66147.0,1.0,2.0,,,0.0,0.01
B. 1-9,Variant,powerup,powerup_3,items,special_offer8_tier3,purchase,purchase,66147.0,1.0,2.0,,,0.0,0.01
B. 1-9,Variant,powerup,powerup_3,items,rolling_offer_p799_VarA,purchase,purchase,66147.0,1.0,1.0,,,0.0,0.0
B. 1-9,Variant,powerup,powerup_3,items,treasure_dive_event,reward_event,meta,66147.0,1.0,1.0,,,0.0,0.0
B. 1-9,Variant,powerup,powerup_3,items,wager_event,reward_event,meta,66147.0,1.0,1.0,,,0.0,0.0
B. 1-9,Variant,powerup,powerup_3,items,rolling_offer_p349_tier3,purchase,purchase,66147.0,1.0,1.0,,,0.0,0.0
B. 1-9,Variant,powerup,powerup_3,items,bomb_ballet_event,reward_event,meta,66147.0,1.0,1.0,,,0.0,0.0
B. 1-9,Variant,powerup,powerup_3,items,rolling_offer_tier1_p299_tier3,purchase,purchase,66147.0,1.0,1.0,,,0.0,0.0
B. 1-9,Variant,powerup,powerup_3,items,bundle_1_with_prelevel_boosters_tier3,purchase,purchase,66147.0,1.0,1.0,,,0.0,0.0
B. 1-9,Variant,powerup,powerup_3,items,league_rank_up,league_reward,meta,66147.0,1.0,1.0,,,0.0,0.0
B. 1-9,Variant,pre_level_booster,pre_level_booster_1,items,Rainbow Maker,reward_event,meta,66147.0,12682.0,13064.0,,,0.197,23.41
B. 1-9,Variant,pre_level_booster,pre_level_booster_1,items,dreamheist_event,reward_event,meta,66147.0,11243.0,11739.0,,,0.177,21.04
B. 1-9,Variant,pre_level_booster,pre_level_booster_1,items,offer_free_items,rolling_offer,meta,66147.0,7582.0,7735.0,,,0.117,13.86
B. 1-9,Variant,pre_level_booster,pre_level_booster_1,items,Hatchling Hideaway,event_reward,meta,66147.0,6054.0,6295.0,,,0.095,11.28
B. 1-9,Variant,pre_level_booster,pre_level_booster_1,items,dream_pass_event,reward_event,meta,66147.0,5291.0,6221.0,,,0.094,11.15
B. 1-9,Variant,pre_level_booster,pre_level_booster_1,items,saga_progression,chapter_complete,core,66147.0,3601.0,3705.0,,,0.056,6.64
B. 1-9,Variant,pre_level_booster,pre_level_booster_1,items,ArcheryArena,reward_event,meta,66147.0,2849.0,2924.0,,,0.044,5.24
B. 1-9,Variant,pre_level_booster,pre_level_booster_1,items,player_level_up,reward_chest,core,66147.0,1392.0,1406.0,,,0.021,2.52
B. 1-9,Variant,pre_level_booster,pre_level_booster_1,items,FlockRush,event_reward,meta,66147.0,597.0,616.0,,,0.009,1.1
B. 1-9,Variant,pre_level_booster,pre_level_booster_1,items,team_versus_contribution,reward_event,meta,66147.0,585.0,589.0,,,0.009,1.06
B. 1-9,Variant,pre_level_booster,pre_level_booster_1,items,ingame,purchase,purchase,66147.0,155.0,525.0,,,0.008,0.94
B. 1-9,Variant,pre_level_booster,pre_level_booster_1,items,season_pass_event,reward_event,meta,66147.0,236.0,329.0,,,0.005,0.59
B. 1-9,Variant,pre_level_booster,pre_level_booster_1,items,reward_chest,reward_chest,other,66147.0,178.0,187.0,,,0.003,0.34
B. 1-9,Variant,pre_level_booster,pre_level_booster_1,items,race_event,reward_event,meta,66147.0,178.0,184.0,,,0.003,0.33
B. 1-9,Variant,pre_level_booster,pre_level_booster_1,items,kite_festival_event,reward_event,meta,66147.0,57.0,62.0,,,0.001,0.11
B. 1-9,Variant,pre_level_booster,pre_level_booster_1,items,Jigsaw,reward_event,meta,66147.0,43.0,53.0,,,0.001,0.09
B. 1-9,Variant,pre_level_booster,pre_level_booster_1,items,rolling_offer_tier1_p299,purchase,purchase,66147.0,20.0,21.0,,,0.0,0.04
B. 1-9,Variant,pre_level_booster,pre_level_booster_1,items,bundle_7_with_prelevel_boosters,purchase,purchase,66147.0,18.0,18.0,,,0.0,0.03
B. 1-9,Variant,pre_level_booster,pre_level_booster_1,items,bomb_ballet_event,reward_event,meta,66147.0,17.0,17.0,,,0.0,0.03
B. 1-9,Variant,pre_level_booster,pre_level_booster_1,items,bundle_2_with_prelevel_boosters2,purchase,purchase,66147.0,7.0,14.0,,,0.0,0.03
B. 1-9,Variant,pre_level_booster,pre_level_booster_1,items,bundle_5_with_prelevel_boosters_tier3,purchase,purchase,66147.0,1.0,12.0,,,0.0,0.02
B. 1-9,Variant,pre_level_booster,pre_level_booster_1,items,bundle_3_with_prelevel_boosters2,purchase,purchase,66147.0,2.0,12.0,,,0.0,0.02
B. 1-9,Variant,pre_level_booster,pre_level_booster_1,items,rolling_offer_tier1_p199_tier3,purchase,purchase,66147.0,10.0,10.0,,,0.0,0.02
B. 1-9,Variant,pre_level_booster,pre_level_booster_1,items,great_offer1_199,purchase,purchase,66147.0,8.0,9.0,,,0.0,0.02
B. 1-9,Variant,pre_level_booster,pre_level_booster_1,items,bundle_7_with_prelevel_boosters_tier3,purchase,purchase,66147.0,7.0,8.0,,,0.0,0.01
B. 1-9,Variant,pre_level_booster,pre_level_booster_1,items,bundle_3_with_prelevel_boosters_tier3,purchase,purchase,66147.0,4.0,8.0,,,0.0,0.01
B. 1-9,Variant,pre_level_booster,pre_level_booster_1,items,river_rush,reward_event,meta,66147.0,5.0,5.0,,,0.0,0.01
B. 1-9,Variant,pre_level_booster,pre_level_booster_1,items,ad_chest,ad_chest,ads,66147.0,5.0,5.0,,,0.0,0.01
B. 1-9,Variant,pre_level_booster,pre_level_booster_1,items,bundle_2_with_prelevel_boosters_tier3,purchase,purchase,66147.0,5.0,5.0,,,0.0,0.01
B. 1-9,Variant,pre_level_booster,pre_level_booster_1,items,bundle_4_with_prelevel_boosters_tier3,purchase,purchase,66147.0,1.0,5.0,,,0.0,0.01
B. 1-9,Variant,pre_level_booster,pre_level_booster_1,items,bundle_7_with_prelevel_boosters2,purchase,purchase,66147.0,3.0,3.0,,,0.0,0.01
B. 1-9,Variant,pre_level_booster,pre_level_booster_1,items,bundle_2_with_prelevel_boosters,purchase,purchase,66147.0,3.0,3.0,,,0.0,0.01
B. 1-9,Variant,pre_level_booster,pre_level_booster_1,items,balloon_event,reward_event,meta,66147.0,2.0,2.0,,,0.0,0.0
B. 1-9,Variant,pre_level_booster,pre_level_booster_1,items,saga_progression,reward_chest,core,66147.0,1.0,2.0,,,0.0,0.0
B. 1-9,Variant,pre_level_booster,pre_level_booster_1,items,treasure_dive_event,reward_event,meta,66147.0,1.0,1.0,,,0.0,0.0
B. 1-9,Variant,pre_level_booster,pre_level_booster_1,items,rolling_offer_tier1_p299_tier3,purchase,purchase,66147.0,1.0,1.0,,,0.0,0.0
B. 1-9,Variant,pre_level_booster,pre_level_booster_1,items,red_event,reward_event,meta,66147.0,1.0,1.0,,,0.0,0.0
B. 1-9,Variant,pre_level_booster,pre_level_booster_1,items,SagaPath,reward_event,meta,66147.0,1.0,1.0,,,0.0,0.0
B. 1-9,Variant,pre_level_booster,pre_level_booster_1,items,bundle_1_with_prelevel_boosters_tier3,purchase,purchase,66147.0,1.0,1.0,,,0.0,0.0
B. 1-9,Variant,pre_level_booster,pre_level_booster_1,items,event_progress,reward_event,meta,66147.0,1.0,1.0,,,0.0,0.0
B. 1-9,Variant,pre_level_booster,pre_level_booster_1,items,rolling_offer_p349_tier3,purchase,purchase,66147.0,1.0,1.0,,,0.0,0.0
B. 1-9,Variant,pre_level_booster,pre_level_booster_1,items,rolling_offer_p799_VarA,purchase,purchase,66147.0,1.0,1.0,,,0.0,0.0
B. 1-9,Variant,pre_level_booster,pre_level_booster_2,items,Rainbow Maker,reward_event,meta,66147.0,7412.0,8526.0,,,0.129,17.02
B. 1-9,Variant,pre_level_booster,pre_level_booster_2,items,offer_free_items,rolling_offer,meta,66147.0,7379.0,7500.0,,,0.113,14.97
B. 1-9,Variant,pre_level_booster,pre_level_booster_2,items,player_level_up,reward_chest,core,66147.0,4171.0,7081.0,,,0.107,14.13
B. 1-9,Variant,pre_level_booster,pre_level_booster_2,items,dream_pass_event,reward_event,meta,66147.0,5038.0,6194.0,,,0.094,12.36
B. 1-9,Variant,pre_level_booster,pre_level_booster_2,items,Jigsaw,reward_event,meta,66147.0,4451.0,5077.0,,,0.077,10.13
B. 1-9,Variant,pre_level_booster,pre_level_booster_2,items,dreamheist_event,reward_event,meta,66147.0,3541.0,3679.0,,,0.056,7.34
B. 1-9,Variant,pre_level_booster,pre_level_booster_2,items,saga_progression,chapter_complete,core,66147.0,3190.0,3303.0,,,0.05,6.59
B. 1-9,Variant,pre_level_booster,pre_level_booster_2,items,bomb_ballet_event,reward_event,meta,66147.0,2689.0,2748.0,,,0.042,5.48
B. 1-9,Variant,pre_level_booster,pre_level_booster_2,items,Hatchling Hideaway,event_reward,meta,66147.0,1739.0,1773.0,,,0.027,3.54
B. 1-9,Variant,pre_level_booster,pre_level_booster_2,items,ArcheryArena,reward_event,meta,66147.0,1130.0,1161.0,,,0.018,2.32
B. 1-9,Variant,pre_level_booster,pre_level_booster_2,items,team_versus_contribution,reward_event,meta,66147.0,994.0,1003.0,,,0.015,2.0
B. 1-9,Variant,pre_level_booster,pre_level_booster_2,items,FlockRush,event_reward,meta,66147.0,597.0,616.0,,,0.009,1.23
B. 1-9,Variant,pre_level_booster,pre_level_booster_2,items,season_pass_event,reward_event,meta,66147.0,427.0,606.0,,,0.009,1.21
B. 1-9,Variant,pre_level_booster,pre_level_booster_2,items,race_event,reward_event,meta,66147.0,268.0,268.0,,,0.004,0.53
B. 1-9,Variant,pre_level_booster,pre_level_booster_2,items,ingame,purchase,purchase,66147.0,41.0,189.0,,,0.003,0.38
B. 1-9,Variant,pre_level_booster,pre_level_booster_2,items,reward_chest,reward_chest,other,66147.0,179.0,186.0,,,0.003,0.37
B. 1-9,Variant,pre_level_booster,pre_level_booster_2,items,kite_festival_event,reward_event,meta,66147.0,42.0,44.0,,,0.001,0.09
B. 1-9,Variant,pre_level_booster,pre_level_booster_2,items,rolling_offer_tier1_p299,purchase,purchase,66147.0,20.0,21.0,,,0.0,0.04
B. 1-9,Variant,pre_level_booster,pre_level_booster_2,items,bundle_7_with_prelevel_boosters,purchase,purchase,66147.0,18.0,18.0,,,0.0,0.04
B. 1-9,Variant,pre_level_booster,pre_level_booster_2,items,bundle_2_with_prelevel_boosters2,purchase,purchase,66147.0,7.0,14.0,,,0.0,0.03
B. 1-9,Variant,pre_level_booster,pre_level_booster_2,items,bundle_5_with_prelevel_boosters_tier3,purchase,purchase,66147.0,1.0,12.0,,,0.0,0.02
B. 1-9,Variant,pre_level_booster,pre_level_booster_2,items,bundle_3_with_prelevel_boosters2,purchase,purchase,66147.0,2.0,12.0,,,0.0,0.02
B. 1-9,Variant,pre_level_booster,pre_level_booster_2,items,rolling_offer_tier1_p199_tier3,purchase,purchase,66147.0,10.0,10.0,,,0.0,0.02
B. 1-9,Variant,pre_level_booster,pre_level_booster_2,items,great_offer1_199,purchase,purchase,66147.0,8.0,9.0,,,0.0,0.02
B. 1-9,Variant,pre_level_booster,pre_level_booster_2,items,bundle_3_with_prelevel_boosters_tier3,purchase,purchase,66147.0,4.0,8.0,,,0.0,0.02
B. 1-9,Variant,pre_level_booster,pre_level_booster_2,items,bundle_7_with_prelevel_boosters_tier3,purchase,purchase,66147.0,7.0,8.0,,,0.0,0.02
B. 1-9,Variant,pre_level_booster,pre_level_booster_2,items,bundle_2_with_prelevel_boosters_tier3,purchase,purchase,66147.0,5.0,5.0,,,0.0,0.01
B. 1-9,Variant,pre_level_booster,pre_level_booster_2,items,bundle_4_with_prelevel_boosters_tier3,purchase,purchase,66147.0,1.0,5.0,,,0.0,0.01
B. 1-9,Variant,pre_level_booster,pre_level_booster_2,items,Photoshoot,reward_event,meta,66147.0,5.0,5.0,,,0.0,0.01
B. 1-9,Variant,pre_level_booster,pre_level_booster_2,items,ad_chest,ad_chest,ads,66147.0,4.0,4.0,,,0.0,0.01
B. 1-9,Variant,pre_level_booster,pre_level_booster_2,items,river_rush,reward_event,meta,66147.0,3.0,3.0,,,0.0,0.01
B. 1-9,Variant,pre_level_booster,pre_level_booster_2,items,bundle_7_with_prelevel_boosters2,purchase,purchase,66147.0,3.0,3.0,,,0.0,0.01
B. 1-9,Variant,pre_level_booster,pre_level_booster_2,items,bundle_2_with_prelevel_boosters,purchase,purchase,66147.0,3.0,3.0,,,0.0,0.01
B. 1-9,Variant,pre_level_booster,pre_level_booster_2,items,saga_progression,reward_chest,core,66147.0,1.0,2.0,,,0.0,0.0
B. 1-9,Variant,pre_level_booster,pre_level_booster_2,items,FlowerCoop,reward_event,meta,66147.0,1.0,2.0,,,0.0,0.0
B. 1-9,Variant,pre_level_booster,pre_level_booster_2,items,rolling_offer_p799_VarA,purchase,purchase,66147.0,1.0,1.0,,,0.0,0.0
B. 1-9,Variant,pre_level_booster,pre_level_booster_2,items,rolling_offer_tier1_p299_tier3,purchase,purchase,66147.0,1.0,1.0,,,0.0,0.0
B. 1-9,Variant,pre_level_booster,pre_level_booster_2,items,rolling_offer_p349_tier3,purchase,purchase,66147.0,1.0,1.0,,,0.0,0.0
B. 1-9,Variant,pre_level_booster,pre_level_booster_2,items,event_progress,reward_event,meta,66147.0,1.0,1.0,,,0.0,0.0
B. 1-9,Variant,pre_level_booster,pre_level_booster_2,items,bundle_1_with_prelevel_boosters_tier3,purchase,purchase,66147.0,1.0,1.0,,,0.0,0.0
B. 1-9,Variant,pre_level_booster,pre_level_booster_2,items,SeasonPassHoliday,reward_event,meta,66147.0,1.0,1.0,,,0.0,0.0
B. 1-9,Variant,pre_level_booster,pre_level_booster_3,items,offer_free_items,rolling_offer,meta,66147.0,7306.0,7404.0,,,0.112,36.75
B. 1-9,Variant,pre_level_booster,pre_level_booster_3,items,player_level_up,reward_chest,core,66147.0,2155.0,3615.0,,,0.055,17.94
B. 1-9,Variant,pre_level_booster,pre_level_booster_3,items,team_versus_contribution,reward_event,meta,66147.0,2832.0,2858.0,,,0.043,14.19
B. 1-9,Variant,pre_level_booster,pre_level_booster_3,items,saga_progression,chapter_complete,core,66147.0,2658.0,2708.0,,,0.041,13.44
B. 1-9,Variant,pre_level_booster,pre_level_booster_3,items,dream_pass_event,reward_event,meta,66147.0,1086.0,1179.0,,,0.018,5.85
B. 1-9,Variant,pre_level_booster,pre_level_booster_3,items,FlockRush,event_reward,meta,66147.0,597.0,616.0,,,0.009,3.06
B. 1-9,Variant,pre_level_booster,pre_level_booster_3,items,race_event,reward_event,meta,66147.0,430.0,439.0,,,0.007,2.18
B. 1-9,Variant,pre_level_booster,pre_level_booster_3,items,ingame,purchase,purchase,66147.0,107.0,402.0,,,0.006,2.0
B. 1-9,Variant,pre_level_booster,pre_level_booster_3,items,Hatchling Hideaway,event_reward,meta,66147.0,325.0,331.0,,,0.005,1.64
B. 1-9,Variant,pre_level_booster,pre_level_booster_3,items,reward_chest,reward_chest,other,66147.0,178.0,183.0,,,0.003,0.91
B. 1-9,Variant,pre_level_booster,pre_level_booster_3,items,ArcheryArena,reward_event,meta,66147.0,159.0,166.0,,,0.003,0.82
B. 1-9,Variant,pre_level_booster,pre_level_booster_3,items,Rainbow Maker,reward_event,meta,66147.0,32.0,38.0,,,0.001,0.19
B. 1-9,Variant,pre_level_booster,pre_level_booster_3,items,kite_festival_event,reward_event,meta,66147.0,30.0,32.0,,,0.0,0.16
B. 1-9,Variant,pre_level_booster,pre_level_booster_3,items,season_pass_event,reward_event,meta,66147.0,21.0,25.0,,,0.0,0.12
B. 1-9,Variant,pre_level_booster,pre_level_booster_3,items,rolling_offer_tier1_p299,purchase,purchase,66147.0,20.0,21.0,,,0.0,0.1
B. 1-9,Variant,pre_level_booster,pre_level_booster_3,items,bundle_7_with_prelevel_boosters,purchase,purchase,66147.0,18.0,18.0,,,0.0,0.09
B. 1-9,Variant,pre_level_booster,pre_level_booster_3,items,bundle_2_with_prelevel_boosters2,purchase,purchase,66147.0,7.0,14.0,,,0.0,0.07
B. 1-9,Variant,pre_level_booster,pre_level_booster_3,items,bundle_3_with_prelevel_boosters2,purchase,purchase,66147.0,2.0,12.0,,,0.0,0.06
B. 1-9,Variant,pre_level_booster,pre_level_booster_3,items,bundle_5_with_prelevel_boosters_tier3,purchase,purchase,66147.0,1.0,12.0,,,0.0,0.06
B. 1-9,Variant,pre_level_booster,pre_level_booster_3,items,rolling_offer_tier1_p199_tier3,purchase,purchase,66147.0,10.0,10.0,,,0.0,0.05
B. 1-9,Variant,pre_level_booster,pre_level_booster_3,items,great_offer1_199,purchase,purchase,66147.0,8.0,9.0,,,0.0,0.04
B. 1-9,Variant,pre_level_booster,pre_level_booster_3,items,bundle_7_with_prelevel_boosters_tier3,purchase,purchase,66147.0,7.0,8.0,,,0.0,0.04
B. 1-9,Variant,pre_level_booster,pre_level_booster_3,items,bundle_3_with_prelevel_boosters_tier3,purchase,purchase,66147.0,4.0,8.0,,,0.0,0.04
B. 1-9,Variant,pre_level_booster,pre_level_booster_3,items,bundle_2_with_prelevel_boosters_tier3,purchase,purchase,66147.0,5.0,5.0,,,0.0,0.02
B. 1-9,Variant,pre_level_booster,pre_level_booster_3,items,bundle_4_with_prelevel_boosters_tier3,purchase,purchase,66147.0,1.0,5.0,,,0.0,0.02
B. 1-9,Variant,pre_level_booster,pre_level_booster_3,items,bundle_2_with_prelevel_boosters,purchase,purchase,66147.0,3.0,3.0,,,0.0,0.01
B. 1-9,Variant,pre_level_booster,pre_level_booster_3,items,wager_event,reward_event,meta,66147.0,2.0,3.0,,,0.0,0.01
B. 1-9,Variant,pre_level_booster,pre_level_booster_3,items,river_rush,reward_event,meta,66147.0,3.0,3.0,,,0.0,0.01
B. 1-9,Variant,pre_level_booster,pre_level_booster_3,items,bundle_7_with_prelevel_boosters2,purchase,purchase,66147.0,3.0,3.0,,,0.0,0.01
B. 1-9,Variant,pre_level_booster,pre_level_booster_3,items,FlowerCoop,reward_event,meta,66147.0,1.0,2.0,,,0.0,0.01
B. 1-9,Variant,pre_level_booster,pre_level_booster_3,items,dreamheist_event,reward_event,meta,66147.0,2.0,2.0,,,0.0,0.01
B. 1-9,Variant,pre_level_booster,pre_level_booster_3,items,Jigsaw,reward_event,meta,66147.0,2.0,2.0,,,0.0,0.01
B. 1-9,Variant,pre_level_booster,pre_level_booster_3,items,ad_chest,ad_chest,ads,66147.0,2.0,2.0,,,0.0,0.01
B. 1-9,Variant,pre_level_booster,pre_level_booster_3,items,rolling_offer_p349_tier3,purchase,purchase,66147.0,1.0,1.0,,,0.0,0.0
B. 1-9,Variant,pre_level_booster,pre_level_booster_3,items,rolling_offer_p799_VarA,purchase,purchase,66147.0,1.0,1.0,,,0.0,0.0
B. 1-9,Variant,pre_level_booster,pre_level_booster_3,items,bundle_1_with_prelevel_boosters_tier3,purchase,purchase,66147.0,1.0,1.0,,,0.0,0.0
B. 1-9,Variant,pre_level_booster,pre_level_booster_3,items,special_event,reward_event,meta,66147.0,1.0,1.0,,,0.0,0.0
B. 1-9,Variant,pre_level_booster,pre_level_booster_3,items,bomb_ballet_event,reward_event,meta,66147.0,1.0,1.0,,,0.0,0.0
B. 1-9,Variant,pre_level_booster,pre_level_booster_3,items,rolling_offer_tier1_p299_tier3,purchase,purchase,66147.0,1.0,1.0,,,0.0,0.0
B. 1-9,Variant,pre_level_booster,pre_level_booster_3,items,treasure_dive_event,reward_event,meta,66147.0,1.0,1.0,,,0.0,0.0
B. 1-9,Variant,season_pass_multiplier_2x,SeasonPassMultiplier2x,minutes,Rainbow Maker,reward_event,meta,66147.0,5416.0,57690.0,,,0.872,95.7
B. 1-9,Variant,season_pass_multiplier_2x,SeasonPassMultiplier2x,minutes,great_offer1_299,purchase,purchase,66147.0,4.0,1440.0,,,0.022,2.39
B. 1-9,Variant,season_pass_multiplier_2x,SeasonPassMultiplier2x,minutes,great_offer1_199_tier3,purchase,purchase,66147.0,2.0,720.0,,,0.011,1.19
B. 1-9,Variant,season_pass_multiplier_2x,SeasonPassMultiplier2x,minutes,gift,gift,other,66147.0,24.0,435.0,,,0.007,0.72
B. 1-9,Variant,season_pass_tokens,SeasonPassToken,items,season_pass_event,event_reward,meta,66147.0,451.0,8756.0,,,0.132,94.23
B. 1-9,Variant,season_pass_tokens,SeasonPassToken,items,season_pass_challenge_event,event_reward,meta,66147.0,10.0,246.0,,,0.004,2.65
B. 1-9,Variant,season_pass_tokens,SeasonPassToken,items,offer_free_items,rolling_offer,meta,66147.0,5.0,200.0,,,0.003,2.15
B. 1-9,Variant,season_pass_tokens,SeasonPassToken,items,race_event,reward_event,meta,66147.0,2.0,90.0,,,0.001,0.97
B. 1-9,Variant,season_pass_tokens,unknown,items,season_pass_event,event_reward,meta,66147.0,4.0,198.0,,,0.003,100.0
B. 1-9,Variant,ul_pre_booster,UnlimitedBooster1,minutes,dream_pass_event,reward_event,meta,66147.0,3824.0,47115.0,,,0.712,31.24
B. 1-9,Variant,ul_pre_booster,UnlimitedBooster1,minutes,daily_reward,daily_reward,core,66147.0,598.0,36840.0,,,0.557,24.43
B. 1-9,Variant,ul_pre_booster,UnlimitedBooster1,minutes,Jigsaw,reward_event,meta,66147.0,2572.0,29920.0,,,0.452,19.84
B. 1-9,Variant,ul_pre_booster,UnlimitedBooster1,minutes,bomb_ballet_event,reward_event,meta,66147.0,1438.0,14670.0,,,0.222,9.73
B. 1-9,Variant,ul_pre_booster,UnlimitedBooster1,minutes,season_pass_event,reward_event,meta,66147.0,436.0,6760.0,,,0.102,4.48
B. 1-9,Variant,ul_pre_booster,UnlimitedBooster1,minutes,Rainbow Maker,reward_event,meta,66147.0,465.0,5370.0,,,0.081,3.56
B. 1-9,Variant,ul_pre_booster,UnlimitedBooster1,minutes,Hard_Level_Offer1,purchase,purchase,66147.0,149.0,3060.0,,,0.046,2.03
B. 1-9,Variant,ul_pre_booster,UnlimitedBooster1,minutes,gift,gift,other,66147.0,54.0,2280.0,,,0.034,1.51
B. 1-9,Variant,ul_pre_booster,UnlimitedBooster1,minutes,Hard_level_offer1_tier3,purchase,purchase,66147.0,94.0,2020.0,,,0.031,1.34
B. 1-9,Variant,ul_pre_booster,UnlimitedBooster1,minutes,great_offer1_299,purchase,purchase,66147.0,4.0,1440.0,,,0.022,0.95
B. 1-9,Variant,ul_pre_booster,UnlimitedBooster1,minutes,great_offer1_199_tier3,purchase,purchase,66147.0,2.0,720.0,,,0.011,0.48
B. 1-9,Variant,ul_pre_booster,UnlimitedBooster1,minutes,Hatchling Hideaway,event_reward,meta,66147.0,37.0,400.0,,,0.006,0.27
B. 1-9,Variant,ul_pre_booster,UnlimitedBooster1,minutes,SeasonPass,reward_event,meta,66147.0,3.0,110.0,,,0.002,0.07
B. 1-9,Variant,ul_pre_booster,UnlimitedBooster1,minutes,river_rush,reward_event,meta,66147.0,3.0,40.0,,,0.001,0.03
B. 1-9,Variant,ul_pre_booster,UnlimitedBooster1,minutes,reward_chest,reward_chest,other,66147.0,1.0,30.0,,,0.0,0.02
B. 1-9,Variant,ul_pre_booster,UnlimitedBooster1,minutes,Photoshoot,reward_event,meta,66147.0,1.0,15.0,,,0.0,0.01
B. 1-9,Variant,ul_pre_booster,UnlimitedBooster1,minutes,event_progress,reward_event,meta,66147.0,1.0,10.0,,,0.0,0.01
B. 1-9,Variant,ul_pre_booster,UnlimitedBooster2,minutes,daily_reward,daily_reward,core,66147.0,596.0,36420.0,,,0.551,35.98
B. 1-9,Variant,ul_pre_booster,UnlimitedBooster2,minutes,dream_pass_event,reward_event,meta,66147.0,1868.0,29780.0,,,0.45,29.42
B. 1-9,Variant,ul_pre_booster,UnlimitedBooster2,minutes,Jigsaw,reward_event,meta,66147.0,1146.0,13215.0,,,0.2,13.06
B. 1-9,Variant,ul_pre_booster,UnlimitedBooster2,minutes,bomb_ballet_event,reward_event,meta,66147.0,683.0,6935.0,,,0.105,6.85
B. 1-9,Variant,ul_pre_booster,UnlimitedBooster2,minutes,season_pass_event,reward_event,meta,66147.0,313.0,5115.0,,,0.077,5.05
B. 1-9,Variant,ul_pre_booster,UnlimitedBooster2,minutes,Hard_Level_Offer1,purchase,purchase,66147.0,149.0,3060.0,,,0.046,3.02
B. 1-9,Variant,ul_pre_booster,UnlimitedBooster2,minutes,gift,gift,other,66147.0,54.0,2280.0,,,0.034,2.25
B. 1-9,Variant,ul_pre_booster,UnlimitedBooster2,minutes,Hard_level_offer1_tier3,purchase,purchase,66147.0,94.0,2020.0,,,0.031,2.0
B. 1-9,Variant,ul_pre_booster,UnlimitedBooster2,minutes,great_offer1_299,purchase,purchase,66147.0,4.0,1440.0,,,0.022,1.42
B. 1-9,Variant,ul_pre_booster,UnlimitedBooster2,minutes,great_offer1_199_tier3,purchase,purchase,66147.0,2.0,720.0,,,0.011,0.71
B. 1-9,Variant,ul_pre_booster,UnlimitedBooster2,minutes,Hatchling Hideaway,event_reward,meta,66147.0,16.0,160.0,,,0.002,0.16
B. 1-9,Variant,ul_pre_booster,UnlimitedBooster2,minutes,river_rush,reward_event,meta,66147.0,3.0,30.0,,,0.0,0.03
B. 1-9,Variant,ul_pre_booster,UnlimitedBooster2,minutes,reward_chest,reward_chest,other,66147.0,1.0,30.0,,,0.0,0.03
B. 1-9,Variant,ul_pre_booster,UnlimitedBooster2,minutes,event_progress,reward_event,meta,66147.0,1.0,10.0,,,0.0,0.01
B. 1-9,Variant,ul_pre_booster,UnlimitedBooster3,minutes,daily_reward,daily_reward,core,66147.0,622.0,19470.0,,,0.294,63.59
B. 1-9,Variant,ul_pre_booster,UnlimitedBooster3,minutes,Hard_Level_Offer1,purchase,purchase,66147.0,149.0,3060.0,,,0.046,9.99
B. 1-9,Variant,ul_pre_booster,UnlimitedBooster3,minutes,gift,gift,other,66147.0,54.0,2280.0,,,0.034,7.45
B. 1-9,Variant,ul_pre_booster,UnlimitedBooster3,minutes,Hard_level_offer1_tier3,purchase,purchase,66147.0,94.0,2020.0,,,0.031,6.6
B. 1-9,Variant,ul_pre_booster,UnlimitedBooster3,minutes,great_offer1_299,purchase,purchase,66147.0,4.0,1440.0,,,0.022,4.7
B. 1-9,Variant,ul_pre_booster,UnlimitedBooster3,minutes,great_offer1_199_tier3,purchase,purchase,66147.0,2.0,720.0,,,0.011,2.35
B. 1-9,Variant,ul_pre_booster,UnlimitedBooster3,minutes,Jigsaw,reward_event,meta,66147.0,44.0,545.0,,,0.008,1.78
B. 1-9,Variant,ul_pre_booster,UnlimitedBooster3,minutes,dream_pass_event,reward_event,meta,66147.0,47.0,500.0,,,0.008,1.63
B. 1-9,Variant,ul_pre_booster,UnlimitedBooster3,minutes,bomb_ballet_event,reward_event,meta,66147.0,27.0,300.0,,,0.005,0.98
B. 1-9,Variant,ul_pre_booster,UnlimitedBooster3,minutes,season_pass_event,reward_event,meta,66147.0,13.0,130.0,,,0.002,0.42
B. 1-9,Variant,ul_pre_booster,UnlimitedBooster3,minutes,river_rush,reward_event,meta,66147.0,5.0,100.0,,,0.002,0.33
B. 1-9,Variant,ul_pre_booster,UnlimitedBooster3,minutes,reward_chest,reward_chest,other,66147.0,1.0,30.0,,,0.0,0.1
B. 1-9,Variant,ul_pre_booster,UnlimitedBooster3,minutes,event_progress,reward_event,meta,66147.0,2.0,25.0,,,0.0,0.08
B. 1-9,Variant,unlimited_lives,UnlimitedLives,minutes,daily_reward,daily_reward,core,66147.0,21827.0,773345.0,,,11.691,17.66
B. 1-9,Variant,unlimited_lives,UnlimitedLives,minutes,saga_progression,chapter_complete,core,66147.0,25571.0,729105.0,,,11.022,16.65
B. 1-9,Variant,unlimited_lives,UnlimitedLives,minutes,FlockRush,event_reward,meta,66147.0,11736.0,713040.0,,,10.78,16.29
B. 1-9,Variant,unlimited_lives,UnlimitedLives,minutes,dreamheist_event,reward_event,meta,66147.0,24682.0,541290.0,,,8.183,12.36
B. 1-9,Variant,unlimited_lives,UnlimitedLives,minutes,Hatchling Hideaway,event_reward,meta,66147.0,6240.0,387630.0,,,5.86,8.85
B. 1-9,Variant,unlimited_lives,UnlimitedLives,minutes,ArcheryArena,reward_event,meta,66147.0,12102.0,382560.0,,,5.783,8.74
B. 1-9,Variant,unlimited_lives,UnlimitedLives,minutes,Rainbow Maker,reward_event,meta,66147.0,10621.0,200275.0,,,3.028,4.57
B. 1-9,Variant,unlimited_lives,UnlimitedLives,minutes,dream_pass_event,reward_event,meta,66147.0,5201.0,199275.0,,,3.013,4.55
B. 1-9,Variant,unlimited_lives,UnlimitedLives,minutes,player_level_up,reward_chest,core,66147.0,3841.0,175590.0,,,2.655,4.01
B. 1-9,Variant,unlimited_lives,UnlimitedLives,minutes,kite_festival_event,reward_event,meta,66147.0,2296.0,78520.0,,,1.187,1.79
B. 1-9,Variant,unlimited_lives,UnlimitedLives,minutes,offer_free_items,rolling_offer,meta,66147.0,1714.0,70110.0,,,1.06,1.6
B. 1-9,Variant,unlimited_lives,UnlimitedLives,minutes,ad_chest,ad_chest,ads,66147.0,3050.0,40765.0,,,0.616,0.93
B. 1-9,Variant,unlimited_lives,UnlimitedLives,minutes,season_pass_event,reward_event,meta,66147.0,506.0,33880.0,,,0.512,0.77
B. 1-9,Variant,unlimited_lives,UnlimitedLives,minutes,Jigsaw,reward_event,meta,66147.0,383.0,14940.0,,,0.226,0.34
B. 1-9,Variant,unlimited_lives,UnlimitedLives,minutes,bomb_ballet_event,reward_event,meta,66147.0,288.0,9330.0,,,0.141,0.21
B. 1-9,Variant,unlimited_lives,UnlimitedLives,minutes,race_event,reward_event,meta,66147.0,163.0,8335.0,,,0.126,0.19
B. 1-9,Variant,unlimited_lives,UnlimitedLives,minutes,reward_chest,reward_chest,other,66147.0,179.0,5480.0,,,0.083,0.13
B. 1-9,Variant,unlimited_lives,UnlimitedLives,minutes,Hard_Level_Offer1,purchase,purchase,66147.0,149.0,3060.0,,,0.046,0.07
B. 1-9,Variant,unlimited_lives,UnlimitedLives,minutes,gift,gift,other,66147.0,55.0,2460.0,,,0.037,0.06
B. 1-9,Variant,unlimited_lives,UnlimitedLives,minutes,Hard_level_offer1_tier3,purchase,purchase,66147.0,94.0,2020.0,,,0.031,0.05
B. 1-9,Variant,unlimited_lives,UnlimitedLives,minutes,league_rank_up,league_reward,meta,66147.0,59.0,1999.0,,,0.03,0.05
B. 1-9,Variant,unlimited_lives,UnlimitedLives,minutes,great_offer1_299,purchase,purchase,66147.0,4.0,1440.0,,,0.022,0.03
B. 1-9,Variant,unlimited_lives,UnlimitedLives,minutes,bundle_5_with_prelevel_boosters_tier3,purchase,purchase,66147.0,1.0,720.0,,,0.011,0.02
B. 1-9,Variant,unlimited_lives,UnlimitedLives,minutes,great_offer1_199_tier3,purchase,purchase,66147.0,2.0,720.0,,,0.011,0.02
B. 1-9,Variant,unlimited_lives,UnlimitedLives,minutes,wager_event,reward_event,meta,66147.0,2.0,500.0,,,0.008,0.01
B. 1-9,Variant,unlimited_lives,UnlimitedLives,minutes,bundle_3_with_prelevel_boosters2,purchase,purchase,66147.0,2.0,360.0,,,0.005,0.01
B. 1-9,Variant,unlimited_lives,UnlimitedLives,minutes,bundle_4_with_prelevel_boosters_tier3,purchase,purchase,66147.0,1.0,360.0,,,0.005,0.01
B. 1-9,Variant,unlimited_lives,UnlimitedLives,minutes,event_progress,reward_event,meta,66147.0,5.0,250.0,,,0.004,0.01
B. 1-9,Variant,unlimited_lives,UnlimitedLives,minutes,rolling_offer_tier1_p499_VarA,purchase,purchase,66147.0,4.0,160.0,,,0.002,0.0
B. 1-9,Variant,unlimited_lives,UnlimitedLives,minutes,Photoshoot,reward_event,meta,66147.0,4.0,150.0,,,0.002,0.0
B. 1-9,Variant,unlimited_lives,UnlimitedLives,minutes,rolling_offer_p799_VarA,purchase,purchase,66147.0,1.0,60.0,,,0.001,0.0
B. 1-9,Variant,unlimited_lives,UnlimitedLives,minutes,SeasonPassHoliday,reward_event,meta,66147.0,1.0,60.0,,,0.001,0.0
B. 1-9,Variant,unlimited_lives,UnlimitedLives,minutes,rolling_offer_p349_tier3,purchase,purchase,66147.0,1.0,60.0,,,0.001,0.0
B. 1-9,Variant,unlimited_lives,UnlimitedLives,minutes,saga_progression,reward_chest,core,66147.0,2.0,35.0,,,0.001,0.0
B. 1-9,Variant,unlimited_lives,UnlimitedLives,minutes,treasure_dive_event,reward_event,meta,66147.0,1.0,30.0,,,0.0,0.0
B. 1-9,Variant,unlimited_lives,UnlimitedLives,minutes,rolling_offer_tier1_p299_tier3,purchase,purchase,66147.0,1.0,30.0,,,0.0,0.0
B. 1-9,Variant,unlimited_lives,UnlimitedLives,minutes,river_rush,reward_event,meta,66147.0,1.0,15.0,,,0.0,0.0
B. 1-9,Variant,unlimited_lives,UnlimitedLives,minutes,FlowerCoop,reward_event,meta,66147.0,1.0,15.0,,,0.0,0.0
C. 10-19,Control,Avatar,Avatar,items,saga_progression,chapter_complete,core,51989.0,11395.0,14590.0,,,0.281,99.97
C. 10-19,Control,Avatar,Avatar,items,season_pass_event,reward_event,meta,51989.0,2.0,3.0,,,0.0,0.02
C. 10-19,Control,Avatar,Avatar,items,dream_pass_event,reward_event,meta,51989.0,1.0,1.0,,,0.0,0.01
C. 10-19,Control,currency,HardCoin,coins,saga_progression,chapter_complete,core,51989.0,42372.0,1382735.0,1382735.0,0.0,26.597,26.37
C. 10-19,Control,currency,HardCoin,coins,daily_reward,daily_reward,core,51989.0,26369.0,903285.0,903285.0,0.0,17.375,17.22
C. 10-19,Control,currency,HardCoin,coins,player_level_up,reward_chest,core,51989.0,19538.0,808505.0,808505.0,0.0,15.551,15.42
C. 10-19,Control,currency,HardCoin,coins,team_collection,reward_event,meta,51989.0,2772.0,320730.0,320730.0,0.0,6.169,6.12
C. 10-19,Control,currency,HardCoin,coins,race_event,reward_event,meta,51989.0,4290.0,248750.0,248750.0,0.0,4.785,4.74
C. 10-19,Control,currency,HardCoin,coins,team_versus,reward_event,meta,51989.0,2261.0,229320.0,229320.0,0.0,4.411,4.37
C. 10-19,Control,currency,HardCoin,coins,team_versus_contribution,reward_event,meta,51989.0,4156.0,218910.0,218910.0,0.0,4.211,4.17
C. 10-19,Control,currency,HardCoin,coins,dream_pass_event,reward_event,meta,51989.0,8158.0,199760.0,199760.0,0.0,3.842,3.81
C. 10-19,Control,currency,HardCoin,coins,ad_chest,ad_chest,ads,51989.0,6534.0,140765.0,140765.0,0.0,2.708,2.68
C. 10-19,Control,currency,HardCoin,coins,single_collection,reward_event,meta,51989.0,841.0,91175.0,91175.0,0.0,1.754,1.74
C. 10-19,Control,currency,HardCoin,coins,Jigsaw,reward_event,meta,51989.0,2371.0,68475.0,68475.0,0.0,1.317,1.31
C. 10-19,Control,currency,HardCoin,coins,Hatchling Hideaway,event_reward,meta,51989.0,5294.0,64410.0,64410.0,0.0,1.239,1.23
C. 10-19,Control,currency,HardCoin,coins,river_rush,reward_event,meta,51989.0,1274.0,61635.0,61635.0,0.0,1.186,1.18
C. 10-19,Control,currency,HardCoin,coins,ArcheryArena,reward_event,meta,51989.0,571.0,54220.0,54220.0,0.0,1.043,1.03
C. 10-19,Control,currency,HardCoin,coins,red_event,reward_event,meta,51989.0,427.0,42400.0,42400.0,0.0,0.816,0.81
C. 10-19,Control,currency,HardCoin,coins,bomb_event,reward_event,meta,51989.0,383.0,37700.0,37700.0,0.0,0.725,0.72
C. 10-19,Control,currency,HardCoin,coins,reward_chest,reward_chest,other,51989.0,354.0,35695.0,35695.0,0.0,0.687,0.68
C. 10-19,Control,currency,HardCoin,coins,dream_peak,reward_event,core,51989.0,93.0,32800.0,32800.0,0.0,0.631,0.63
C. 10-19,Control,currency,HardCoin,coins,xs_coins_tier3,purchase,purchase,51989.0,127.0,32100.0,0.0,32100.0,0.617,0.61
C. 10-19,Control,currency,HardCoin,coins,Hard_Level_Offer1,purchase,purchase,51989.0,295.0,29900.0,0.0,29900.0,0.575,0.57
C. 10-19,Control,currency,HardCoin,coins,xs_coins2,purchase,purchase,51989.0,176.0,27400.0,0.0,27400.0,0.527,0.52
C. 10-19,Control,currency,HardCoin,coins,Hard_level_offer1_tier3,purchase,purchase,51989.0,186.0,19500.0,0.0,19500.0,0.375,0.37
C. 10-19,Control,currency,HardCoin,coins,facebook_like,facebook_like,other,51989.0,139.0,16500.0,16500.0,0.0,0.317,0.31
C. 10-19,Control,currency,HardCoin,coins,bundle_6_with_prelevel_boosters_tier3,purchase,purchase,51989.0,2.0,16000.0,0.0,16000.0,0.308,0.31
C. 10-19,Control,currency,HardCoin,coins,bundle_2_with_prelevel_boosters2,purchase,purchase,51989.0,26.0,13500.0,0.0,13500.0,0.26,0.26
C. 10-19,Control,currency,HardCoin,coins,rolling_offer_tier1_p299,purchase,purchase,51989.0,58.0,11800.0,0.0,11800.0,0.227,0.23
C. 10-19,Control,currency,HardCoin,coins,bundle_3_with_prelevel_boosters_tier3,purchase,purchase,51989.0,10.0,11000.0,0.0,11000.0,0.212,0.21
C. 10-19,Control,currency,HardCoin,coins,heart_gift,heart_gift,other,51989.0,4306.0,9993.0,9993.0,0.0,0.192,0.19
C. 10-19,Control,currency,HardCoin,coins,m_coins_tier3,purchase,purchase,51989.0,6.0,8000.0,0.0,8000.0,0.154,0.15
C. 10-19,Control,currency,HardCoin,coins,kite_festival_event,reward_event,meta,51989.0,45.0,7800.0,7800.0,0.0,0.15,0.15
C. 10-19,Control,currency,HardCoin,coins,bundle_7_with_prelevel_boosters,purchase,purchase,51989.0,49.0,7350.0,0.0,7350.0,0.141,0.14
C. 10-19,Control,currency,HardCoin,coins,special_offer1_tier3,purchase,purchase,51989.0,24.0,7200.0,0.0,7200.0,0.138,0.14
C. 10-19,Control,currency,HardCoin,coins,m_coins2,purchase,purchase,51989.0,4.0,7000.0,0.0,7000.0,0.135,0.13
C. 10-19,Control,currency,HardCoin,coins,special_offer1,purchase,purchase,51989.0,22.0,6900.0,0.0,6900.0,0.133,0.13
C. 10-19,Control,currency,HardCoin,coins,season_pass_event,reward_event,meta,51989.0,286.0,5985.0,5905.0,80.0,0.115,0.11
C. 10-19,Control,currency,HardCoin,coins,bundle_2_with_prelevel_boosters,purchase,purchase,51989.0,10.0,5000.0,0.0,5000.0,0.096,0.1
C. 10-19,Control,currency,HardCoin,coins,rolling_offer_tier1_p499_VarA,purchase,purchase,51989.0,16.0,4800.0,0.0,4800.0,0.092,0.09
C. 10-19,Control,currency,HardCoin,coins,bundle_2_with_prelevel_boosters_tier3,purchase,purchase,51989.0,7.0,4000.0,0.0,4000.0,0.077,0.08
C. 10-19,Control,currency,HardCoin,coins,s_coins2,purchase,purchase,51989.0,7.0,4000.0,0.0,4000.0,0.077,0.08
C. 10-19,Control,currency,HardCoin,coins,rolling_offer_tier1_p199_tier3,purchase,purchase,51989.0,16.0,3200.0,0.0,3200.0,0.062,0.06
C. 10-19,Control,currency,HardCoin,coins,rolling_offer_tier1_p1499_VarA,purchase,purchase,51989.0,3.0,3000.0,0.0,3000.0,0.058,0.06
C. 10-19,Control,currency,HardCoin,coins,bundle_3_with_prelevel_boosters,purchase,purchase,51989.0,3.0,3000.0,0.0,3000.0,0.058,0.06
C. 10-19,Control,currency,HardCoin,coins,rolling_offer_p799_VarA,purchase,purchase,51989.0,5.0,2500.0,0.0,2500.0,0.048,0.05
C. 10-19,Control,currency,HardCoin,coins,special_offer8,purchase,purchase,51989.0,10.0,2500.0,0.0,2500.0,0.048,0.05
C. 10-19,Control,currency,HardCoin,coins,l_coins2,purchase,purchase,51989.0,1.0,2500.0,0.0,2500.0,0.048,0.05
C. 10-19,Control,currency,HardCoin,coins,bundle_7_with_prelevel_boosters_tier3,purchase,purchase,51989.0,15.0,2250.0,0.0,2250.0,0.043,0.04
C. 10-19,Control,currency,HardCoin,coins,great_offer1_199,purchase,purchase,51989.0,15.0,2250.0,0.0,2250.0,0.043,0.04
C. 10-19,Control,currency,HardCoin,coins,bundle_7_with_prelevel_boosters2,purchase,purchase,51989.0,6.0,2100.0,0.0,2100.0,0.04,0.04
C. 10-19,Control,currency,HardCoin,coins,s_coins_tier3,purchase,purchase,51989.0,4.0,2000.0,0.0,2000.0,0.038,0.04
C. 10-19,Control,currency,HardCoin,coins,bundle_3_with_prelevel_boosters2,purchase,purchase,51989.0,2.0,2000.0,0.0,2000.0,0.038,0.04
C. 10-19,Control,currency,HardCoin,coins,bomb_ballet_event,reward_event,meta,51989.0,78.0,1975.0,1975.0,0.0,0.038,0.04
C. 10-19,Control,currency,HardCoin,coins,offer_free_items,rolling_offer,meta,51989.0,17.0,1800.0,1800.0,0.0,0.035,0.03
C. 10-19,Control,currency,HardCoin,coins,special_offer9_tier3,purchase,purchase,51989.0,6.0,1800.0,0.0,1800.0,0.035,0.03
C. 10-19,Control,currency,HardCoin,coins,bundle_1_with_prelevel_boosters_tier3,purchase,purchase,51989.0,7.0,1400.0,0.0,1400.0,0.027,0.03
C. 10-19,Control,currency,HardCoin,coins,Photoshoot,reward_event,meta,51989.0,51.0,1375.0,1375.0,0.0,0.026,0.03
C. 10-19,Control,currency,HardCoin,coins,xs_coins,purchase,purchase,51989.0,5.0,1350.0,0.0,1350.0,0.026,0.03
C. 10-19,Control,currency,HardCoin,coins,special_offer10,purchase,purchase,51989.0,4.0,1200.0,0.0,1200.0,0.023,0.02
C. 10-19,Control,currency,HardCoin,coins,great_offer1_199_tier3,purchase,purchase,51989.0,11.0,1100.0,0.0,1100.0,0.021,0.02
C. 10-19,Control,currency,HardCoin,coins,great_offer1_299,purchase,purchase,51989.0,10.0,1000.0,0.0,1000.0,0.019,0.02
C. 10-19,Control,currency,HardCoin,coins,special_offer11_tier3,purchase,purchase,51989.0,1.0,1000.0,0.0,1000.0,0.019,0.02
C. 10-19,Control,currency,HardCoin,coins,gift,gift,other,51989.0,5.0,1000.0,1000.0,0.0,0.019,0.02
C. 10-19,Control,currency,HardCoin,coins,rolling_offer_tier1_p299_tier3,purchase,purchase,51989.0,2.0,800.0,0.0,800.0,0.015,0.02
C. 10-19,Control,currency,HardCoin,coins,special_offer3_tier3,purchase,purchase,51989.0,1.0,800.0,0.0,800.0,0.015,0.02
C. 10-19,Control,currency,HardCoin,coins,special_offer9,purchase,purchase,51989.0,3.0,750.0,0.0,750.0,0.014,0.01
C. 10-19,Control,currency,HardCoin,coins,special_offer11,purchase,purchase,51989.0,1.0,700.0,0.0,700.0,0.013,0.01
C. 10-19,Control,currency,HardCoin,coins,chuck_event,reward_event,meta,51989.0,7.0,650.0,650.0,0.0,0.013,0.01
C. 10-19,Control,currency,HardCoin,coins,special_offer10_tier3,purchase,purchase,51989.0,1.0,500.0,0.0,500.0,0.01,0.01
C. 10-19,Control,currency,HardCoin,coins,special_offer8_tier3,purchase,purchase,51989.0,1.0,400.0,0.0,400.0,0.008,0.01
C. 10-19,Control,currency,HardCoin,coins,league_rank_up,league_reward,meta,51989.0,1.0,200.0,200.0,0.0,0.004,0.0
C. 10-19,Control,currency,HardCoin,coins,wager_event,reward_event,meta,51989.0,1.0,150.0,150.0,0.0,0.003,0.0
C. 10-19,Control,currency,HardCoin,coins,event_progress,reward_event,meta,51989.0,2.0,60.0,60.0,0.0,0.001,0.0
C. 10-19,Control,currency,HardCoin,coins,unknown,,other,51989.0,1.0,50.0,50.0,0.0,0.001,0.0
C. 10-19,Control,currency,HardCoin,coins,Rainbow Maker,reward_event,meta,51989.0,1.0,30.0,30.0,0.0,0.001,0.0
C. 10-19,Control,currency,HardCoin,coins,saga_progression,reward_chest,core,51989.0,2.0,30.0,30.0,0.0,0.001,0.0
C. 10-19,Control,currency,HardCoin,coins,dreamheist_event,reward_event,meta,51989.0,3.0,25.0,25.0,0.0,0.0,0.0
C. 10-19,Control,dream_pass_tokens,DreamPassToken,items,race_event,reward_event,meta,51989.0,5463.0,272070.0,,,5.233,42.84
C. 10-19,Control,dream_pass_tokens,DreamPassToken,items,offer_free_items,rolling_offer,meta,51989.0,6144.0,265560.0,,,5.108,41.81
C. 10-19,Control,dream_pass_tokens,DreamPassToken,items,FlockRush,event_reward,meta,51989.0,2405.0,49600.0,,,0.954,7.81
C. 10-19,Control,dream_pass_tokens,DreamPassToken,items,kite_festival_event,reward_event,meta,51989.0,392.0,39140.0,,,0.753,6.16
C. 10-19,Control,dream_pass_tokens,DreamPassToken,items,river_rush,reward_event,meta,51989.0,286.0,8020.0,,,0.154,1.26
C. 10-19,Control,dream_pass_tokens,DreamPassToken,items,wager_event,reward_event,meta,51989.0,4.0,330.0,,,0.006,0.05
C. 10-19,Control,dream_pass_tokens,DreamPassToken,items,special_event,reward_event,meta,51989.0,2.0,200.0,,,0.004,0.03
C. 10-19,Control,dream_pass_tokens,DreamPassToken,items,Rainbow Maker,reward_event,meta,51989.0,2.0,165.0,,,0.003,0.03
C. 10-19,Control,dream_pass_tokens,DreamPassToken,items,event_progress,reward_event,meta,51989.0,1.0,25.0,,,0.0,0.0
C. 10-19,Control,dream_pass_tokens,DreamPassToken,items,ArcheryArena,reward_event,meta,51989.0,1.0,10.0,,,0.0,0.0
C. 10-19,Control,life,life,items,ask_for_lives,ask_for_lives,other,51989.0,2069.0,8998.0,,,0.173,68.01
C. 10-19,Control,life,life,items,ad_life,ad_life,ads,51989.0,2676.0,4233.0,,,0.081,31.99
C. 10-19,Control,life,liferefill,items,coin_purchase,coin_purchase,other,51989.0,1980.0,15260.0,,,0.294,100.0
C. 10-19,Control,orb,Movie_Magic,items,dream_pass_event,reward_event,meta,51989.0,4.0,4.0,,,0.0,100.0
C. 10-19,Control,orb,Ocean_rescue,items,dream_pass_event,reward_event,meta,51989.0,1.0,1.0,,,0.0,100.0
C. 10-19,Control,orb,Reds_Greatest_Challenge,items,dream_pass_event,reward_event,meta,51989.0,968.0,969.0,,,0.019,100.0
C. 10-19,Control,powerup,powerup_1,items,saga_progression,chapter_complete,core,51989.0,5349.0,5405.0,,,0.104,25.77
C. 10-19,Control,powerup,powerup_1,items,team_versus,reward_event,meta,51989.0,3600.0,3654.0,,,0.07,17.42
C. 10-19,Control,powerup,powerup_1,items,team_versus_contribution,reward_event,meta,51989.0,2618.0,2637.0,,,0.051,12.57
C. 10-19,Control,powerup,powerup_1,items,player_level_up,reward_chest,core,51989.0,2097.0,2110.0,,,0.041,10.06
C. 10-19,Control,powerup,powerup_1,items,ad_chest,ad_chest,ads,51989.0,1347.0,1490.0,,,0.029,7.1
C. 10-19,Control,powerup,powerup_1,items,race_event,reward_event,meta,51989.0,1314.0,1336.0,,,0.026,6.37
C. 10-19,Control,powerup,powerup_1,items,team_collection,reward_event,meta,51989.0,698.0,1064.0,,,0.02,5.07
C. 10-19,Control,powerup,powerup_1,items,river_rush,reward_event,meta,51989.0,920.0,945.0,,,0.018,4.51
C. 10-19,Control,powerup,powerup_1,items,daily_reward,daily_reward,core,51989.0,581.0,599.0,,,0.012,2.86
C. 10-19,Control,powerup,powerup_1,items,reward_chest,reward_chest,other,51989.0,351.0,357.0,,,0.007,1.7
C. 10-19,Control,powerup,powerup_1,items,dream_pass_event,reward_event,meta,51989.0,191.0,244.0,,,0.005,1.16
C. 10-19,Control,powerup,powerup_1,items,single_collection,reward_event,meta,51989.0,195.0,213.0,,,0.004,1.02
C. 10-19,Control,powerup,powerup_1,items,Hatchling Hideaway,event_reward,meta,51989.0,128.0,132.0,,,0.003,0.63
C. 10-19,Control,powerup,powerup_1,items,ArcheryArena,reward_event,meta,51989.0,94.0,97.0,,,0.002,0.46
C. 10-19,Control,powerup,powerup_1,items,red_event,reward_event,meta,51989.0,80.0,83.0,,,0.002,0.4
C. 10-19,Control,powerup,powerup_1,items,ingame,purchase,purchase,51989.0,23.0,81.0,,,0.002,0.39
C. 10-19,Control,powerup,powerup_1,items,bomb_event,reward_event,meta,51989.0,71.0,74.0,,,0.001,0.35
C. 10-19,Control,powerup,powerup_1,items,rolling_offer_tier1_p299,purchase,purchase,51989.0,58.0,59.0,,,0.001,0.28
C. 10-19,Control,powerup,powerup_1,items,bundle_2_with_prelevel_boosters2,purchase,purchase,51989.0,26.0,54.0,,,0.001,0.26
C. 10-19,Control,powerup,powerup_1,items,bundle_6_with_prelevel_boosters_tier3,purchase,purchase,51989.0,2.0,50.0,,,0.001,0.24
C. 10-19,Control,powerup,powerup_1,items,bundle_7_with_prelevel_boosters,purchase,purchase,51989.0,49.0,49.0,,,0.001,0.23
C. 10-19,Control,powerup,powerup_1,items,dream_peak,reward_event,core,51989.0,25.0,30.0,,,0.001,0.14
C. 10-19,Control,powerup,powerup_1,items,bundle_3_with_prelevel_boosters_tier3,purchase,purchase,51989.0,10.0,22.0,,,0.0,0.1
C. 10-19,Control,powerup,powerup_1,items,offer_free_items,rolling_offer,meta,51989.0,20.0,21.0,,,0.0,0.1
C. 10-19,Control,powerup,powerup_1,items,rolling_offer_tier1_p199_tier3,purchase,purchase,51989.0,16.0,16.0,,,0.0,0.08
C. 10-19,Control,powerup,powerup_1,items,rolling_offer_tier1_p499_VarA,purchase,purchase,51989.0,16.0,16.0,,,0.0,0.08
C. 10-19,Control,powerup,powerup_1,items,bundle_7_with_prelevel_boosters_tier3,purchase,purchase,51989.0,15.0,15.0,,,0.0,0.07
C. 10-19,Control,powerup,powerup_1,items,special_offer8,purchase,purchase,51989.0,10.0,10.0,,,0.0,0.05
C. 10-19,Control,powerup,powerup_1,items,bundle_2_with_prelevel_boosters,purchase,purchase,51989.0,10.0,10.0,,,0.0,0.05
C. 10-19,Control,powerup,powerup_1,items,gift,gift,other,51989.0,10.0,10.0,,,0.0,0.05
C. 10-19,Control,powerup,powerup_1,items,kite_festival_event,reward_event,meta,51989.0,9.0,9.0,,,0.0,0.04
C. 10-19,Control,powerup,powerup_1,items,bundle_3_with_prelevel_boosters2,purchase,purchase,51989.0,2.0,8.0,,,0.0,0.04
C. 10-19,Control,powerup,powerup_1,items,bundle_2_with_prelevel_boosters_tier3,purchase,purchase,51989.0,7.0,8.0,,,0.0,0.04
C. 10-19,Control,powerup,powerup_1,items,bundle_7_with_prelevel_boosters2,purchase,purchase,51989.0,6.0,7.0,,,0.0,0.03
C. 10-19,Control,powerup,powerup_1,items,bundle_1_with_prelevel_boosters_tier3,purchase,purchase,51989.0,7.0,7.0,,,0.0,0.03
C. 10-19,Control,powerup,powerup_1,items,bundle_3_with_prelevel_boosters,purchase,purchase,51989.0,3.0,6.0,,,0.0,0.03
C. 10-19,Control,powerup,powerup_1,items,special_offer9_tier3,purchase,purchase,51989.0,6.0,6.0,,,0.0,0.03
C. 10-19,Control,powerup,powerup_1,items,rolling_offer_p799_VarA,purchase,purchase,51989.0,5.0,5.0,,,0.0,0.02
C. 10-19,Control,powerup,powerup_1,items,FlowerCoop,reward_event,meta,51989.0,1.0,4.0,,,0.0,0.02
C. 10-19,Control,powerup,powerup_1,items,special_offer10,purchase,purchase,51989.0,4.0,4.0,,,0.0,0.02
C. 10-19,Control,powerup,powerup_1,items,rolling_offer_tier1_p1499_VarA,purchase,purchase,51989.0,3.0,3.0,,,0.0,0.01
C. 10-19,Control,powerup,powerup_1,items,special_offer9,purchase,purchase,51989.0,3.0,3.0,,,0.0,0.01
C. 10-19,Control,powerup,powerup_1,items,special_offer11_tier3,purchase,purchase,51989.0,1.0,3.0,,,0.0,0.01
C. 10-19,Control,powerup,powerup_1,items,special_offer3_tier3,purchase,purchase,51989.0,1.0,3.0,,,0.0,0.01
C. 10-19,Control,powerup,powerup_1,items,special_offer11,purchase,purchase,51989.0,1.0,3.0,,,0.0,0.01
C. 10-19,Control,powerup,powerup_1,items,rolling_offer_tier1_p299_tier3,purchase,purchase,51989.0,2.0,2.0,,,0.0,0.01
C. 10-19,Control,powerup,powerup_1,items,Jigsaw,reward_event,meta,51989.0,2.0,2.0,,,0.0,0.01
C. 10-19,Control,powerup,powerup_1,items,season_pass_event,reward_event,meta,51989.0,1.0,2.0,,,0.0,0.01
C. 10-19,Control,powerup,powerup_1,items,chuck_event,reward_event,meta,51989.0,1.0,1.0,,,0.0,0.0
C. 10-19,Control,powerup,powerup_1,items,special_offer10_tier3,purchase,purchase,51989.0,1.0,1.0,,,0.0,0.0
C. 10-19,Control,powerup,powerup_1,items,Rainbow Maker,reward_event,meta,51989.0,1.0,1.0,,,0.0,0.0
C. 10-19,Control,powerup,powerup_1,items,special_offer8_tier3,purchase,purchase,51989.0,1.0,1.0,,,0.0,0.0
C. 10-19,Control,powerup,powerup_2,items,saga_progression,chapter_complete,core,51989.0,11036.0,12051.0,,,0.232,23.32
C. 10-19,Control,powerup,powerup_2,items,daily_reward,daily_reward,core,51989.0,7156.0,7324.0,,,0.141,14.17
C. 10-19,Control,powerup,powerup_2,items,player_level_up,reward_chest,core,51989.0,6406.0,6603.0,,,0.127,12.78
C. 10-19,Control,powerup,powerup_2,items,team_collection,reward_event,meta,51989.0,2060.0,3508.0,,,0.067,6.79
C. 10-19,Control,powerup,powerup_2,items,ad_chest,ad_chest,ads,51989.0,2630.0,3071.0,,,0.059,5.94
C. 10-19,Control,powerup,powerup_2,items,single_collection,reward_event,meta,51989.0,2887.0,3060.0,,,0.059,5.92
C. 10-19,Control,powerup,powerup_2,items,FlockRush,event_reward,meta,51989.0,2690.0,2774.0,,,0.053,5.37
C. 10-19,Control,powerup,powerup_2,items,team_versus,reward_event,meta,51989.0,2371.0,2405.0,,,0.046,4.65
C. 10-19,Control,powerup,powerup_2,items,ArcheryArena,reward_event,meta,51989.0,1677.0,1723.0,,,0.033,3.33
C. 10-19,Control,powerup,powerup_2,items,red_event,reward_event,meta,51989.0,1616.0,1677.0,,,0.032,3.24
C. 10-19,Control,powerup,powerup_2,items,bomb_event,reward_event,meta,51989.0,1529.0,1583.0,,,0.03,3.06
C. 10-19,Control,powerup,powerup_2,items,race_event,reward_event,meta,51989.0,1447.0,1472.0,,,0.028,2.85
C. 10-19,Control,powerup,powerup_2,items,dream_pass_event,reward_event,meta,51989.0,1239.0,1376.0,,,0.026,2.66
C. 10-19,Control,powerup,powerup_2,items,team_versus_contribution,reward_event,meta,51989.0,609.0,618.0,,,0.012,1.2
C. 10-19,Control,powerup,powerup_2,items,Hatchling Hideaway,event_reward,meta,51989.0,589.0,602.0,,,0.012,1.16
C. 10-19,Control,powerup,powerup_2,items,ingame,purchase,purchase,51989.0,124.0,402.0,,,0.008,0.78
C. 10-19,Control,powerup,powerup_2,items,reward_chest,reward_chest,other,51989.0,351.0,359.0,,,0.007,0.69
C. 10-19,Control,powerup,powerup_2,items,river_rush,reward_event,meta,51989.0,240.0,255.0,,,0.005,0.49
C. 10-19,Control,powerup,powerup_2,items,kite_festival_event,reward_event,meta,51989.0,125.0,130.0,,,0.003,0.25
C. 10-19,Control,powerup,powerup_2,items,offer_free_items,rolling_offer,meta,51989.0,94.0,114.0,,,0.002,0.22
C. 10-19,Control,powerup,powerup_2,items,dream_peak,reward_event,core,51989.0,68.0,87.0,,,0.002,0.17
C. 10-19,Control,powerup,powerup_2,items,rolling_offer_tier1_p299,purchase,purchase,51989.0,58.0,59.0,,,0.001,0.11
C. 10-19,Control,powerup,powerup_2,items,bundle_2_with_prelevel_boosters2,purchase,purchase,51989.0,26.0,54.0,,,0.001,0.1
C. 10-19,Control,powerup,powerup_2,items,bundle_6_with_prelevel_boosters_tier3,purchase,purchase,51989.0,2.0,50.0,,,0.001,0.1
C. 10-19,Control,powerup,powerup_2,items,bundle_7_with_prelevel_boosters,purchase,purchase,51989.0,49.0,49.0,,,0.001,0.09
C. 10-19,Control,powerup,powerup_2,items,gift,gift,other,51989.0,10.0,28.0,,,0.001,0.05
C. 10-19,Control,powerup,powerup_2,items,bundle_3_with_prelevel_boosters_tier3,purchase,purchase,51989.0,10.0,22.0,,,0.0,0.04
C. 10-19,Control,powerup,powerup_2,items,special_offer8,purchase,purchase,51989.0,10.0,20.0,,,0.0,0.04
C. 10-19,Control,powerup,powerup_2,items,league_rank_up,league_reward,meta,51989.0,11.0,18.0,,,0.0,0.03
C. 10-19,Control,powerup,powerup_2,items,chuck_event,reward_event,meta,51989.0,15.0,16.0,,,0.0,0.03
C. 10-19,Control,powerup,powerup_2,items,rolling_offer_tier1_p199_tier3,purchase,purchase,51989.0,16.0,16.0,,,0.0,0.03
C. 10-19,Control,powerup,powerup_2,items,rolling_offer_tier1_p499_VarA,purchase,purchase,51989.0,16.0,16.0,,,0.0,0.03
C. 10-19,Control,powerup,powerup_2,items,bundle_7_with_prelevel_boosters_tier3,purchase,purchase,51989.0,15.0,15.0,,,0.0,0.03
C. 10-19,Control,powerup,powerup_2,items,special_offer10,purchase,purchase,51989.0,4.0,12.0,,,0.0,0.02
C. 10-19,Control,powerup,powerup_2,items,special_offer9_tier3,purchase,purchase,51989.0,6.0,12.0,,,0.0,0.02
C. 10-19,Control,powerup,powerup_2,items,bundle_2_with_prelevel_boosters,purchase,purchase,51989.0,10.0,10.0,,,0.0,0.02
C. 10-19,Control,powerup,powerup_2,items,bundle_3_with_prelevel_boosters2,purchase,purchase,51989.0,2.0,8.0,,,0.0,0.02
C. 10-19,Control,powerup,powerup_2,items,bundle_2_with_prelevel_boosters_tier3,purchase,purchase,51989.0,7.0,8.0,,,0.0,0.02
C. 10-19,Control,powerup,powerup_2,items,bundle_7_with_prelevel_boosters2,purchase,purchase,51989.0,6.0,7.0,,,0.0,0.01
C. 10-19,Control,powerup,powerup_2,items,season_pass_event,reward_event,meta,51989.0,5.0,7.0,,,0.0,0.01
C. 10-19,Control,powerup,powerup_2,items,bundle_1_with_prelevel_boosters_tier3,purchase,purchase,51989.0,7.0,7.0,,,0.0,0.01
C. 10-19,Control,powerup,powerup_2,items,special_offer9,purchase,purchase,51989.0,3.0,6.0,,,0.0,0.01
C. 10-19,Control,powerup,powerup_2,items,rolling_offer_tier1_p1499_VarA,purchase,purchase,51989.0,3.0,6.0,,,0.0,0.01
C. 10-19,Control,powerup,powerup_2,items,bundle_3_with_prelevel_boosters,purchase,purchase,51989.0,3.0,6.0,,,0.0,0.01
C. 10-19,Control,powerup,powerup_2,items,rolling_offer_p799_VarA,purchase,purchase,51989.0,5.0,5.0,,,0.0,0.01
C. 10-19,Control,powerup,powerup_2,items,Jigsaw,reward_event,meta,51989.0,5.0,5.0,,,0.0,0.01
C. 10-19,Control,powerup,powerup_2,items,special_offer3_tier3,purchase,purchase,51989.0,1.0,5.0,,,0.0,0.01
C. 10-19,Control,powerup,powerup_2,items,wager_event,reward_event,meta,51989.0,3.0,3.0,,,0.0,0.01
C. 10-19,Control,powerup,powerup_2,items,special_offer11_tier3,purchase,purchase,51989.0,1.0,3.0,,,0.0,0.01
C. 10-19,Control,powerup,powerup_2,items,special_offer11,purchase,purchase,51989.0,1.0,3.0,,,0.0,0.01
C. 10-19,Control,powerup,powerup_2,items,special_offer10_tier3,purchase,purchase,51989.0,1.0,3.0,,,0.0,0.01
C. 10-19,Control,powerup,powerup_2,items,rolling_offer_tier1_p299_tier3,purchase,purchase,51989.0,2.0,2.0,,,0.0,0.0
C. 10-19,Control,powerup,powerup_2,items,special_offer8_tier3,purchase,purchase,51989.0,1.0,2.0,,,0.0,0.0
C. 10-19,Control,powerup,powerup_2,items,Rainbow Maker,reward_event,meta,51989.0,1.0,2.0,,,0.0,0.0
C. 10-19,Control,powerup,powerup_2,items,saga_progression,reward_chest,core,51989.0,1.0,2.0,,,0.0,0.0
C. 10-19,Control,powerup,powerup_2,items,unknown,,other,51989.0,1.0,1.0,,,0.0,0.0
C. 10-19,Control,powerup,powerup_2,items,event_progress,reward_event,meta,51989.0,1.0,1.0,,,0.0,0.0
C. 10-19,Control,powerup,powerup_3,items,saga_progression,chapter_complete,core,51989.0,11622.0,12551.0,,,0.241,26.82
C. 10-19,Control,powerup,powerup_3,items,player_level_up,reward_chest,core,51989.0,6380.0,6497.0,,,0.125,13.88
C. 10-19,Control,powerup,powerup_3,items,daily_reward,daily_reward,core,51989.0,4294.0,4419.0,,,0.085,9.44
C. 10-19,Control,powerup,powerup_3,items,team_versus,reward_event,meta,51989.0,3292.0,3337.0,,,0.064,7.13
C. 10-19,Control,powerup,powerup_3,items,ad_chest,ad_chest,ads,51989.0,2663.0,3122.0,,,0.06,6.67
C. 10-19,Control,powerup,powerup_3,items,dream_pass_event,reward_event,meta,51989.0,2486.0,2728.0,,,0.052,5.83
C. 10-19,Control,powerup,powerup_3,items,Hatchling Hideaway,event_reward,meta,51989.0,2363.0,2396.0,,,0.046,5.12
C. 10-19,Control,powerup,powerup_3,items,single_collection,reward_event,meta,51989.0,1617.0,1727.0,,,0.033,3.69
C. 10-19,Control,powerup,powerup_3,items,team_collection,reward_event,meta,51989.0,715.0,1660.0,,,0.032,3.55
C. 10-19,Control,powerup,powerup_3,items,race_event,reward_event,meta,51989.0,1551.0,1567.0,,,0.03,3.35
C. 10-19,Control,powerup,powerup_3,items,ArcheryArena,reward_event,meta,51989.0,1184.0,1213.0,,,0.023,2.59
C. 10-19,Control,powerup,powerup_3,items,river_rush,reward_event,meta,51989.0,1016.0,1088.0,,,0.021,2.33
C. 10-19,Control,powerup,powerup_3,items,team_versus_contribution,reward_event,meta,51989.0,929.0,938.0,,,0.018,2.0
C. 10-19,Control,powerup,powerup_3,items,red_event,reward_event,meta,51989.0,864.0,892.0,,,0.017,1.91
C. 10-19,Control,powerup,powerup_3,items,bomb_event,reward_event,meta,51989.0,806.0,826.0,,,0.016,1.77
C. 10-19,Control,powerup,powerup_3,items,reward_chest,reward_chest,other,51989.0,350.0,356.0,,,0.007,0.76
C. 10-19,Control,powerup,powerup_3,items,facebook_like,facebook_like,other,51989.0,139.0,330.0,,,0.006,0.71
C. 10-19,Control,powerup,powerup_3,items,ingame,purchase,purchase,51989.0,87.0,285.0,,,0.005,0.61
C. 10-19,Control,powerup,powerup_3,items,dream_peak,reward_event,core,51989.0,230.0,273.0,,,0.005,0.58
C. 10-19,Control,powerup,powerup_3,items,kite_festival_event,reward_event,meta,51989.0,64.0,64.0,,,0.001,0.14
C. 10-19,Control,powerup,powerup_3,items,rolling_offer_tier1_p299,purchase,purchase,51989.0,58.0,59.0,,,0.001,0.13
C. 10-19,Control,powerup,powerup_3,items,bundle_2_with_prelevel_boosters2,purchase,purchase,51989.0,26.0,54.0,,,0.001,0.12
C. 10-19,Control,powerup,powerup_3,items,bundle_6_with_prelevel_boosters_tier3,purchase,purchase,51989.0,2.0,50.0,,,0.001,0.11
C. 10-19,Control,powerup,powerup_3,items,bundle_7_with_prelevel_boosters,purchase,purchase,51989.0,49.0,49.0,,,0.001,0.1
C. 10-19,Control,powerup,powerup_3,items,offer_free_items,rolling_offer,meta,51989.0,24.0,36.0,,,0.001,0.08
C. 10-19,Control,powerup,powerup_3,items,season_pass_event,reward_event,meta,51989.0,25.0,30.0,,,0.001,0.06
C. 10-19,Control,powerup,powerup_3,items,gift,gift,other,51989.0,10.0,28.0,,,0.001,0.06
C. 10-19,Control,powerup,powerup_3,items,bundle_3_with_prelevel_boosters_tier3,purchase,purchase,51989.0,10.0,22.0,,,0.0,0.05
C. 10-19,Control,powerup,powerup_3,items,special_offer8,purchase,purchase,51989.0,10.0,20.0,,,0.0,0.04
C. 10-19,Control,powerup,powerup_3,items,rolling_offer_tier1_p199_tier3,purchase,purchase,51989.0,16.0,16.0,,,0.0,0.03
C. 10-19,Control,powerup,powerup_3,items,rolling_offer_tier1_p499_VarA,purchase,purchase,51989.0,16.0,16.0,,,0.0,0.03
C. 10-19,Control,powerup,powerup_3,items,bundle_7_with_prelevel_boosters_tier3,purchase,purchase,51989.0,15.0,15.0,,,0.0,0.03
C. 10-19,Control,powerup,powerup_3,items,chuck_event,reward_event,meta,51989.0,14.0,14.0,,,0.0,0.03
C. 10-19,Control,powerup,powerup_3,items,special_offer10,purchase,purchase,51989.0,4.0,12.0,,,0.0,0.03
C. 10-19,Control,powerup,powerup_3,items,special_offer9_tier3,purchase,purchase,51989.0,6.0,12.0,,,0.0,0.03
C. 10-19,Control,powerup,powerup_3,items,bundle_2_with_prelevel_boosters,purchase,purchase,51989.0,10.0,10.0,,,0.0,0.02
C. 10-19,Control,powerup,powerup_3,items,bundle_3_with_prelevel_boosters2,purchase,purchase,51989.0,2.0,8.0,,,0.0,0.02
C. 10-19,Control,powerup,powerup_3,items,bundle_2_with_prelevel_boosters_tier3,purchase,purchase,51989.0,7.0,8.0,,,0.0,0.02
C. 10-19,Control,powerup,powerup_3,items,bundle_1_with_prelevel_boosters_tier3,purchase,purchase,51989.0,7.0,7.0,,,0.0,0.01
C. 10-19,Control,powerup,powerup_3,items,bundle_7_with_prelevel_boosters2,purchase,purchase,51989.0,6.0,7.0,,,0.0,0.01
C. 10-19,Control,powerup,powerup_3,items,rolling_offer_tier1_p1499_VarA,purchase,purchase,51989.0,3.0,6.0,,,0.0,0.01
C. 10-19,Control,powerup,powerup_3,items,special_offer9,purchase,purchase,51989.0,3.0,6.0,,,0.0,0.01
C. 10-19,Control,powerup,powerup_3,items,bundle_3_with_prelevel_boosters,purchase,purchase,51989.0,3.0,6.0,,,0.0,0.01
C. 10-19,Control,powerup,powerup_3,items,rolling_offer_p799_VarA,purchase,purchase,51989.0,5.0,5.0,,,0.0,0.01
C. 10-19,Control,powerup,powerup_3,items,special_offer3_tier3,purchase,purchase,51989.0,1.0,5.0,,,0.0,0.01
C. 10-19,Control,powerup,powerup_3,items,league_rank_up,league_reward,meta,51989.0,1.0,4.0,,,0.0,0.01
C. 10-19,Control,powerup,powerup_3,items,special_offer11_tier3,purchase,purchase,51989.0,1.0,3.0,,,0.0,0.01
C. 10-19,Control,powerup,powerup_3,items,special_offer11,purchase,purchase,51989.0,1.0,3.0,,,0.0,0.01
C. 10-19,Control,powerup,powerup_3,items,special_offer10_tier3,purchase,purchase,51989.0,1.0,3.0,,,0.0,0.01
C. 10-19,Control,powerup,powerup_3,items,special_offer8_tier3,purchase,purchase,51989.0,1.0,2.0,,,0.0,0.0
C. 10-19,Control,powerup,powerup_3,items,rolling_offer_tier1_p299_tier3,purchase,purchase,51989.0,2.0,2.0,,,0.0,0.0
C. 10-19,Control,powerup,powerup_3,items,Photoshoot,reward_event,meta,51989.0,2.0,2.0,,,0.0,0.0
C. 10-19,Control,powerup,powerup_3,items,wager_event,reward_event,meta,51989.0,1.0,1.0,,,0.0,0.0
C. 10-19,Control,powerup,powerup_3,items,saga_progression,reward_chest,core,51989.0,1.0,1.0,,,0.0,0.0
C. 10-19,Control,powerup,powerup_3,items,special_event,reward_event,meta,51989.0,1.0,1.0,,,0.0,0.0
C. 10-19,Control,powerup,powerup_3,items,Rainbow Maker,reward_event,meta,51989.0,1.0,1.0,,,0.0,0.0
C. 10-19,Control,pre_level_booster,pre_level_booster_1,items,saga_progression,chapter_complete,core,51989.0,24665.0,30538.0,,,0.587,47.39
C. 10-19,Control,pre_level_booster,pre_level_booster_1,items,Hatchling Hideaway,event_reward,meta,51989.0,8072.0,8295.0,,,0.16,12.87
C. 10-19,Control,pre_level_booster,pre_level_booster_1,items,offer_free_items,rolling_offer,meta,51989.0,7640.0,7798.0,,,0.15,12.1
C. 10-19,Control,pre_level_booster,pre_level_booster_1,items,dream_pass_event,reward_event,meta,51989.0,5095.0,6884.0,,,0.132,10.68
C. 10-19,Control,pre_level_booster,pre_level_booster_1,items,player_level_up,reward_chest,core,51989.0,3383.0,3402.0,,,0.065,5.28
C. 10-19,Control,pre_level_booster,pre_level_booster_1,items,FlockRush,event_reward,meta,51989.0,2690.0,2774.0,,,0.053,4.3
C. 10-19,Control,pre_level_booster,pre_level_booster_1,items,Jigsaw,reward_event,meta,51989.0,1036.0,1192.0,,,0.023,1.85
C. 10-19,Control,pre_level_booster,pre_level_booster_1,items,ingame,purchase,purchase,51989.0,174.0,918.0,,,0.018,1.42
C. 10-19,Control,pre_level_booster,pre_level_booster_1,items,river_rush,reward_event,meta,51989.0,634.0,652.0,,,0.013,1.01
C. 10-19,Control,pre_level_booster,pre_level_booster_1,items,team_versus_contribution,reward_event,meta,51989.0,609.0,618.0,,,0.012,0.96
C. 10-19,Control,pre_level_booster,pre_level_booster_1,items,reward_chest,reward_chest,other,51989.0,349.0,355.0,,,0.007,0.55
C. 10-19,Control,pre_level_booster,pre_level_booster_1,items,race_event,reward_event,meta,51989.0,306.0,311.0,,,0.006,0.48
C. 10-19,Control,pre_level_booster,pre_level_booster_1,items,season_pass_event,reward_event,meta,51989.0,172.0,255.0,,,0.005,0.4
C. 10-19,Control,pre_level_booster,pre_level_booster_1,items,kite_festival_event,reward_event,meta,51989.0,57.0,60.0,,,0.001,0.09
C. 10-19,Control,pre_level_booster,pre_level_booster_1,items,rolling_offer_tier1_p299,purchase,purchase,51989.0,58.0,59.0,,,0.001,0.09
C. 10-19,Control,pre_level_booster,pre_level_booster_1,items,bundle_2_with_prelevel_boosters2,purchase,purchase,51989.0,26.0,54.0,,,0.001,0.08
C. 10-19,Control,pre_level_booster,pre_level_booster_1,items,bundle_6_with_prelevel_boosters_tier3,purchase,purchase,51989.0,2.0,50.0,,,0.001,0.08
C. 10-19,Control,pre_level_booster,pre_level_booster_1,items,bundle_7_with_prelevel_boosters,purchase,purchase,51989.0,49.0,49.0,,,0.001,0.08
C. 10-19,Control,pre_level_booster,pre_level_booster_1,items,bundle_3_with_prelevel_boosters_tier3,purchase,purchase,51989.0,10.0,22.0,,,0.0,0.03
C. 10-19,Control,pre_level_booster,pre_level_booster_1,items,ad_chest,ad_chest,ads,51989.0,19.0,20.0,,,0.0,0.03
C. 10-19,Control,pre_level_booster,pre_level_booster_1,items,rolling_offer_tier1_p199_tier3,purchase,purchase,51989.0,16.0,16.0,,,0.0,0.02
C. 10-19,Control,pre_level_booster,pre_level_booster_1,items,bundle_7_with_prelevel_boosters_tier3,purchase,purchase,51989.0,15.0,15.0,,,0.0,0.02
C. 10-19,Control,pre_level_booster,pre_level_booster_1,items,great_offer1_199,purchase,purchase,51989.0,15.0,15.0,,,0.0,0.02
C. 10-19,Control,pre_level_booster,pre_level_booster_1,items,bundle_2_with_prelevel_boosters,purchase,purchase,51989.0,10.0,10.0,,,0.0,0.02
C. 10-19,Control,pre_level_booster,pre_level_booster_1,items,Photoshoot,reward_event,meta,51989.0,9.0,10.0,,,0.0,0.02
C. 10-19,Control,pre_level_booster,pre_level_booster_1,items,bundle_3_with_prelevel_boosters2,purchase,purchase,51989.0,2.0,8.0,,,0.0,0.01
C. 10-19,Control,pre_level_booster,pre_level_booster_1,items,bundle_2_with_prelevel_boosters_tier3,purchase,purchase,51989.0,7.0,8.0,,,0.0,0.01
C. 10-19,Control,pre_level_booster,pre_level_booster_1,items,ArcheryArena,reward_event,meta,51989.0,7.0,8.0,,,0.0,0.01
C. 10-19,Control,pre_level_booster,pre_level_booster_1,items,bundle_1_with_prelevel_boosters_tier3,purchase,purchase,51989.0,7.0,7.0,,,0.0,0.01
C. 10-19,Control,pre_level_booster,pre_level_booster_1,items,bundle_7_with_prelevel_boosters2,purchase,purchase,51989.0,6.0,7.0,,,0.0,0.01
C. 10-19,Control,pre_level_booster,pre_level_booster_1,items,bundle_3_with_prelevel_boosters,purchase,purchase,51989.0,3.0,6.0,,,0.0,0.01
C. 10-19,Control,pre_level_booster,pre_level_booster_1,items,bomb_ballet_event,reward_event,meta,51989.0,5.0,5.0,,,0.0,0.01
C. 10-19,Control,pre_level_booster,pre_level_booster_1,items,rolling_offer_p799_VarA,purchase,purchase,51989.0,5.0,5.0,,,0.0,0.01
C. 10-19,Control,pre_level_booster,pre_level_booster_1,items,event_progress,reward_event,meta,51989.0,2.0,3.0,,,0.0,0.0
C. 10-19,Control,pre_level_booster,pre_level_booster_1,items,saga_progression,reward_chest,core,51989.0,2.0,3.0,,,0.0,0.0
C. 10-19,Control,pre_level_booster,pre_level_booster_1,items,rolling_offer_tier1_p1499_VarA,purchase,purchase,51989.0,3.0,3.0,,,0.0,0.0
C. 10-19,Control,pre_level_booster,pre_level_booster_1,items,rolling_offer_tier1_p299_tier3,purchase,purchase,51989.0,2.0,2.0,,,0.0,0.0
C. 10-19,Control,pre_level_booster,pre_level_booster_1,items,SagaPath,reward_event,meta,51989.0,1.0,1.0,,,0.0,0.0
C. 10-19,Control,pre_level_booster,pre_level_booster_1,items,unknown,,other,51989.0,1.0,1.0,,,0.0,0.0
C. 10-19,Control,pre_level_booster,pre_level_booster_1,items,wager_event,reward_event,meta,51989.0,1.0,1.0,,,0.0,0.0
C. 10-19,Control,pre_level_booster,pre_level_booster_1,items,SeasonPassSummer,reward_event,meta,51989.0,1.0,1.0,,,0.0,0.0
C. 10-19,Control,pre_level_booster,pre_level_booster_2,items,saga_progression,chapter_complete,core,51989.0,23782.0,29751.0,,,0.572,37.76
C. 10-19,Control,pre_level_booster,pre_level_booster_2,items,player_level_up,reward_chest,core,51989.0,6610.0,10430.0,,,0.201,13.24
C. 10-19,Control,pre_level_booster,pre_level_booster_2,items,dream_pass_event,reward_event,meta,51989.0,6743.0,9234.0,,,0.178,11.72
C. 10-19,Control,pre_level_booster,pre_level_booster_2,items,Jigsaw,reward_event,meta,51989.0,6877.0,7743.0,,,0.149,9.83
C. 10-19,Control,pre_level_booster,pre_level_booster_2,items,offer_free_items,rolling_offer,meta,51989.0,7421.0,7570.0,,,0.146,9.61
C. 10-19,Control,pre_level_booster,pre_level_booster_2,items,Hatchling Hideaway,event_reward,meta,51989.0,4955.0,5010.0,,,0.096,6.36
C. 10-19,Control,pre_level_booster,pre_level_booster_2,items,FlockRush,event_reward,meta,51989.0,2690.0,2774.0,,,0.053,3.52
C. 10-19,Control,pre_level_booster,pre_level_booster_2,items,bomb_ballet_event,reward_event,meta,51989.0,2336.0,2361.0,,,0.045,3.0
C. 10-19,Control,pre_level_booster,pre_level_booster_2,items,team_versus_contribution,reward_event,meta,51989.0,929.0,938.0,,,0.018,1.19
C. 10-19,Control,pre_level_booster,pre_level_booster_2,items,ingame,purchase,purchase,51989.0,73.0,690.0,,,0.013,0.88
C. 10-19,Control,pre_level_booster,pre_level_booster_2,items,race_event,reward_event,meta,51989.0,650.0,660.0,,,0.013,0.84
C. 10-19,Control,pre_level_booster,pre_level_booster_2,items,river_rush,reward_event,meta,51989.0,371.0,382.0,,,0.007,0.48
C. 10-19,Control,pre_level_booster,pre_level_booster_2,items,season_pass_event,reward_event,meta,51989.0,229.0,357.0,,,0.007,0.45
C. 10-19,Control,pre_level_booster,pre_level_booster_2,items,reward_chest,reward_chest,other,51989.0,349.0,355.0,,,0.007,0.45
C. 10-19,Control,pre_level_booster,pre_level_booster_2,items,Photoshoot,reward_event,meta,51989.0,127.0,129.0,,,0.002,0.16
C. 10-19,Control,pre_level_booster,pre_level_booster_2,items,rolling_offer_tier1_p299,purchase,purchase,51989.0,58.0,59.0,,,0.001,0.07
C. 10-19,Control,pre_level_booster,pre_level_booster_2,items,bundle_2_with_prelevel_boosters2,purchase,purchase,51989.0,26.0,54.0,,,0.001,0.07
C. 10-19,Control,pre_level_booster,pre_level_booster_2,items,kite_festival_event,reward_event,meta,51989.0,47.0,50.0,,,0.001,0.06
C. 10-19,Control,pre_level_booster,pre_level_booster_2,items,bundle_6_with_prelevel_boosters_tier3,purchase,purchase,51989.0,2.0,50.0,,,0.001,0.06
C. 10-19,Control,pre_level_booster,pre_level_booster_2,items,bundle_7_with_prelevel_boosters,purchase,purchase,51989.0,49.0,49.0,,,0.001,0.06
C. 10-19,Control,pre_level_booster,pre_level_booster_2,items,bundle_3_with_prelevel_boosters_tier3,purchase,purchase,51989.0,10.0,22.0,,,0.0,0.03
C. 10-19,Control,pre_level_booster,pre_level_booster_2,items,rolling_offer_tier1_p199_tier3,purchase,purchase,51989.0,16.0,16.0,,,0.0,0.02
C. 10-19,Control,pre_level_booster,pre_level_booster_2,items,event_progress,reward_event,meta,51989.0,15.0,15.0,,,0.0,0.02
C. 10-19,Control,pre_level_booster,pre_level_booster_2,items,great_offer1_199,purchase,purchase,51989.0,15.0,15.0,,,0.0,0.02
C. 10-19,Control,pre_level_booster,pre_level_booster_2,items,bundle_7_with_prelevel_boosters_tier3,purchase,purchase,51989.0,15.0,15.0,,,0.0,0.02
C. 10-19,Control,pre_level_booster,pre_level_booster_2,items,bundle_2_with_prelevel_boosters,purchase,purchase,51989.0,10.0,10.0,,,0.0,0.01
C. 10-19,Control,pre_level_booster,pre_level_booster_2,items,bundle_2_with_prelevel_boosters_tier3,purchase,purchase,51989.0,7.0,8.0,,,0.0,0.01
C. 10-19,Control,pre_level_booster,pre_level_booster_2,items,bundle_3_with_prelevel_boosters2,purchase,purchase,51989.0,2.0,8.0,,,0.0,0.01
C. 10-19,Control,pre_level_booster,pre_level_booster_2,items,bundle_7_with_prelevel_boosters2,purchase,purchase,51989.0,6.0,7.0,,,0.0,0.01
C. 10-19,Control,pre_level_booster,pre_level_booster_2,items,bundle_1_with_prelevel_boosters_tier3,purchase,purchase,51989.0,7.0,7.0,,,0.0,0.01
C. 10-19,Control,pre_level_booster,pre_level_booster_2,items,bundle_3_with_prelevel_boosters,purchase,purchase,51989.0,3.0,6.0,,,0.0,0.01
C. 10-19,Control,pre_level_booster,pre_level_booster_2,items,ad_chest,ad_chest,ads,51989.0,5.0,5.0,,,0.0,0.01
C. 10-19,Control,pre_level_booster,pre_level_booster_2,items,rolling_offer_p799_VarA,purchase,purchase,51989.0,5.0,5.0,,,0.0,0.01
C. 10-19,Control,pre_level_booster,pre_level_booster_2,items,ArcheryArena,reward_event,meta,51989.0,3.0,4.0,,,0.0,0.01
C. 10-19,Control,pre_level_booster,pre_level_booster_2,items,FlowerCoop,reward_event,meta,51989.0,1.0,4.0,,,0.0,0.01
C. 10-19,Control,pre_level_booster,pre_level_booster_2,items,rolling_offer_tier1_p1499_VarA,purchase,purchase,51989.0,3.0,3.0,,,0.0,0.0
C. 10-19,Control,pre_level_booster,pre_level_booster_2,items,rolling_offer_tier1_p299_tier3,purchase,purchase,51989.0,2.0,2.0,,,0.0,0.0
C. 10-19,Control,pre_level_booster,pre_level_booster_2,items,unknown,,other,51989.0,1.0,1.0,,,0.0,0.0
C. 10-19,Control,pre_level_booster,pre_level_booster_3,items,offer_free_items,rolling_offer,meta,51989.0,7367.0,7505.0,,,0.144,21.8
C. 10-19,Control,pre_level_booster,pre_level_booster_3,items,player_level_up,reward_chest,core,51989.0,4440.0,7153.0,,,0.138,20.77
C. 10-19,Control,pre_level_booster,pre_level_booster_3,items,saga_progression,chapter_complete,core,51989.0,5349.0,5405.0,,,0.104,15.7
C. 10-19,Control,pre_level_booster,pre_level_booster_3,items,dream_pass_event,reward_event,meta,51989.0,2739.0,3080.0,,,0.059,8.94
C. 10-19,Control,pre_level_booster,pre_level_booster_3,items,FlockRush,event_reward,meta,51989.0,2690.0,2774.0,,,0.053,8.06
C. 10-19,Control,pre_level_booster,pre_level_booster_3,items,team_versus_contribution,reward_event,meta,51989.0,2618.0,2637.0,,,0.051,7.66
C. 10-19,Control,pre_level_booster,pre_level_booster_3,items,Hatchling Hideaway,event_reward,meta,51989.0,2363.0,2396.0,,,0.046,6.96
C. 10-19,Control,pre_level_booster,pre_level_booster_3,items,ingame,purchase,purchase,51989.0,223.0,1233.0,,,0.024,3.58
C. 10-19,Control,pre_level_booster,pre_level_booster_3,items,race_event,reward_event,meta,51989.0,1095.0,1109.0,,,0.021,3.22
C. 10-19,Control,pre_level_booster,pre_level_booster_3,items,river_rush,reward_event,meta,51989.0,373.0,379.0,,,0.007,1.1
C. 10-19,Control,pre_level_booster,pre_level_booster_3,items,reward_chest,reward_chest,other,51989.0,349.0,355.0,,,0.007,1.03
C. 10-19,Control,pre_level_booster,pre_level_booster_3,items,rolling_offer_tier1_p299,purchase,purchase,51989.0,58.0,59.0,,,0.001,0.17
C. 10-19,Control,pre_level_booster,pre_level_booster_3,items,bundle_2_with_prelevel_boosters2,purchase,purchase,51989.0,26.0,54.0,,,0.001,0.16
C. 10-19,Control,pre_level_booster,pre_level_booster_3,items,bundle_6_with_prelevel_boosters_tier3,purchase,purchase,51989.0,2.0,50.0,,,0.001,0.15
C. 10-19,Control,pre_level_booster,pre_level_booster_3,items,bundle_7_with_prelevel_boosters,purchase,purchase,51989.0,49.0,49.0,,,0.001,0.14
C. 10-19,Control,pre_level_booster,pre_level_booster_3,items,kite_festival_event,reward_event,meta,51989.0,42.0,43.0,,,0.001,0.12
C. 10-19,Control,pre_level_booster,pre_level_booster_3,items,bundle_3_with_prelevel_boosters_tier3,purchase,purchase,51989.0,10.0,22.0,,,0.0,0.06
C. 10-19,Control,pre_level_booster,pre_level_booster_3,items,season_pass_event,reward_event,meta,51989.0,11.0,19.0,,,0.0,0.06
C. 10-19,Control,pre_level_booster,pre_level_booster_3,items,rolling_offer_tier1_p199_tier3,purchase,purchase,51989.0,16.0,16.0,,,0.0,0.05
C. 10-19,Control,pre_level_booster,pre_level_booster_3,items,bundle_7_with_prelevel_boosters_tier3,purchase,purchase,51989.0,15.0,15.0,,,0.0,0.04
C. 10-19,Control,pre_level_booster,pre_level_booster_3,items,great_offer1_199,purchase,purchase,51989.0,15.0,15.0,,,0.0,0.04
C. 10-19,Control,pre_level_booster,pre_level_booster_3,items,bundle_2_with_prelevel_boosters,purchase,purchase,51989.0,10.0,10.0,,,0.0,0.03
C. 10-19,Control,pre_level_booster,pre_level_booster_3,items,bundle_2_with_prelevel_boosters_tier3,purchase,purchase,51989.0,7.0,8.0,,,0.0,0.02
C. 10-19,Control,pre_level_booster,pre_level_booster_3,items,bundle_3_with_prelevel_boosters2,purchase,purchase,51989.0,2.0,8.0,,,0.0,0.02
C. 10-19,Control,pre_level_booster,pre_level_booster_3,items,bundle_7_with_prelevel_boosters2,purchase,purchase,51989.0,6.0,7.0,,,0.0,0.02
C. 10-19,Control,pre_level_booster,pre_level_booster_3,items,bundle_1_with_prelevel_boosters_tier3,purchase,purchase,51989.0,7.0,7.0,,,0.0,0.02
C. 10-19,Control,pre_level_booster,pre_level_booster_3,items,bundle_3_with_prelevel_boosters,purchase,purchase,51989.0,3.0,6.0,,,0.0,0.02
C. 10-19,Control,pre_level_booster,pre_level_booster_3,items,rolling_offer_p799_VarA,purchase,purchase,51989.0,5.0,5.0,,,0.0,0.01
C. 10-19,Control,pre_level_booster,pre_level_booster_3,items,rolling_offer_tier1_p1499_VarA,purchase,purchase,51989.0,3.0,3.0,,,0.0,0.01
C. 10-19,Control,pre_level_booster,pre_level_booster_3,items,ArcheryArena,reward_event,meta,51989.0,2.0,3.0,,,0.0,0.01
C. 10-19,Control,pre_level_booster,pre_level_booster_3,items,rolling_offer_tier1_p299_tier3,purchase,purchase,51989.0,2.0,2.0,,,0.0,0.01
C. 10-19,Control,pre_level_booster,pre_level_booster_3,items,ad_chest,ad_chest,ads,51989.0,2.0,2.0,,,0.0,0.01
C. 10-19,Control,pre_level_booster,pre_level_booster_3,items,Jigsaw,reward_event,meta,51989.0,2.0,2.0,,,0.0,0.01
C. 10-19,Control,pre_level_booster,pre_level_booster_3,items,Rainbow Maker,reward_event,meta,51989.0,1.0,1.0,,,0.0,0.0
C. 10-19,Control,pre_level_booster,pre_level_booster_3,items,Photoshoot,reward_event,meta,51989.0,1.0,1.0,,,0.0,0.0
C. 10-19,Control,season_pass_multiplier_2x,SeasonPassMultiplier2x,minutes,river_rush,reward_event,meta,51989.0,438.0,5505.0,,,0.106,41.42
C. 10-19,Control,season_pass_multiplier_2x,SeasonPassMultiplier2x,minutes,great_offer1_199_tier3,purchase,purchase,51989.0,11.0,3960.0,,,0.076,29.8
C. 10-19,Control,season_pass_multiplier_2x,SeasonPassMultiplier2x,minutes,great_offer1_299,purchase,purchase,51989.0,10.0,3600.0,,,0.069,27.09
C. 10-19,Control,season_pass_multiplier_2x,SeasonPassMultiplier2x,minutes,gift,gift,other,51989.0,13.0,225.0,,,0.004,1.69
C. 10-19,Control,season_pass_tokens,SeasonPassToken,items,season_pass_event,event_reward,meta,51989.0,147.0,7261.0,,,0.14,97.63
C. 10-19,Control,season_pass_tokens,SeasonPassToken,items,offer_free_items,rolling_offer,meta,51989.0,3.0,120.0,,,0.002,1.61
C. 10-19,Control,season_pass_tokens,SeasonPassToken,items,season_pass_challenge_event,event_reward,meta,51989.0,2.0,56.0,,,0.001,0.75
C. 10-19,Control,ul_pre_booster,UnlimitedBooster1,minutes,Jigsaw,reward_event,meta,51989.0,6067.0,69765.0,,,1.342,31.19
C. 10-19,Control,ul_pre_booster,UnlimitedBooster1,minutes,dream_pass_event,reward_event,meta,51989.0,4688.0,65100.0,,,1.252,29.1
C. 10-19,Control,ul_pre_booster,UnlimitedBooster1,minutes,daily_reward,daily_reward,core,51989.0,632.0,38460.0,,,0.74,17.19
C. 10-19,Control,ul_pre_booster,UnlimitedBooster1,minutes,bomb_ballet_event,reward_event,meta,51989.0,1476.0,14985.0,,,0.288,6.7
C. 10-19,Control,ul_pre_booster,UnlimitedBooster1,minutes,river_rush,reward_event,meta,51989.0,507.0,7010.0,,,0.135,3.13
C. 10-19,Control,ul_pre_booster,UnlimitedBooster1,minutes,Hatchling Hideaway,event_reward,meta,51989.0,589.0,6020.0,,,0.116,2.69
C. 10-19,Control,ul_pre_booster,UnlimitedBooster1,minutes,Hard_Level_Offer1,purchase,purchase,51989.0,295.0,5980.0,,,0.115,2.67
C. 10-19,Control,ul_pre_booster,UnlimitedBooster1,minutes,great_offer1_199_tier3,purchase,purchase,51989.0,11.0,3960.0,,,0.076,1.77
C. 10-19,Control,ul_pre_booster,UnlimitedBooster1,minutes,Hard_level_offer1_tier3,purchase,purchase,51989.0,186.0,3900.0,,,0.075,1.74
C. 10-19,Control,ul_pre_booster,UnlimitedBooster1,minutes,great_offer1_299,purchase,purchase,51989.0,10.0,3600.0,,,0.069,1.61
C. 10-19,Control,ul_pre_booster,UnlimitedBooster1,minutes,season_pass_event,reward_event,meta,51989.0,229.0,3505.0,,,0.067,1.57
C. 10-19,Control,ul_pre_booster,UnlimitedBooster1,minutes,gift,gift,other,51989.0,28.0,1050.0,,,0.02,0.47
C. 10-19,Control,ul_pre_booster,UnlimitedBooster1,minutes,Photoshoot,reward_event,meta,51989.0,23.0,345.0,,,0.007,0.15
C. 10-19,Control,ul_pre_booster,UnlimitedBooster1,minutes,reward_chest,reward_chest,other,51989.0,1.0,15.0,,,0.0,0.01
C. 10-19,Control,ul_pre_booster,UnlimitedBooster1,minutes,Rainbow Maker,reward_event,meta,51989.0,1.0,10.0,,,0.0,0.0
C. 10-19,Control,ul_pre_booster,UnlimitedBooster2,minutes,Jigsaw,reward_event,meta,51989.0,4944.0,57135.0,,,1.099,32.87
C. 10-19,Control,ul_pre_booster,UnlimitedBooster2,minutes,daily_reward,daily_reward,core,51989.0,686.0,42060.0,,,0.809,24.2
C. 10-19,Control,ul_pre_booster,UnlimitedBooster2,minutes,dream_pass_event,reward_event,meta,51989.0,2208.0,35770.0,,,0.688,20.58
C. 10-19,Control,ul_pre_booster,UnlimitedBooster2,minutes,river_rush,reward_event,meta,51989.0,672.0,7900.0,,,0.152,4.54
C. 10-19,Control,ul_pre_booster,UnlimitedBooster2,minutes,bomb_ballet_event,reward_event,meta,51989.0,757.0,7660.0,,,0.147,4.41
C. 10-19,Control,ul_pre_booster,UnlimitedBooster2,minutes,Hard_Level_Offer1,purchase,purchase,51989.0,295.0,5980.0,,,0.115,3.44
C. 10-19,Control,ul_pre_booster,UnlimitedBooster2,minutes,great_offer1_199_tier3,purchase,purchase,51989.0,11.0,3960.0,,,0.076,2.28
C. 10-19,Control,ul_pre_booster,UnlimitedBooster2,minutes,Hard_level_offer1_tier3,purchase,purchase,51989.0,186.0,3900.0,,,0.075,2.24
C. 10-19,Control,ul_pre_booster,UnlimitedBooster2,minutes,great_offer1_299,purchase,purchase,51989.0,10.0,3600.0,,,0.069,2.07
C. 10-19,Control,ul_pre_booster,UnlimitedBooster2,minutes,season_pass_event,reward_event,meta,51989.0,205.0,3425.0,,,0.066,1.97
C. 10-19,Control,ul_pre_booster,UnlimitedBooster2,minutes,Hatchling Hideaway,event_reward,meta,51989.0,128.0,1320.0,,,0.025,0.76
C. 10-19,Control,ul_pre_booster,UnlimitedBooster2,minutes,gift,gift,other,51989.0,28.0,1050.0,,,0.02,0.6
C. 10-19,Control,ul_pre_booster,UnlimitedBooster2,minutes,Photoshoot,reward_event,meta,51989.0,4.0,60.0,,,0.001,0.03
C. 10-19,Control,ul_pre_booster,UnlimitedBooster2,minutes,reward_chest,reward_chest,other,51989.0,1.0,15.0,,,0.0,0.01
C. 10-19,Control,ul_pre_booster,UnlimitedBooster3,minutes,daily_reward,daily_reward,core,51989.0,666.0,20250.0,,,0.39,32.89
C. 10-19,Control,ul_pre_booster,UnlimitedBooster3,minutes,Jigsaw,reward_event,meta,51989.0,1036.0,11950.0,,,0.23,19.41
C. 10-19,Control,ul_pre_booster,UnlimitedBooster3,minutes,river_rush,reward_event,meta,51989.0,436.0,8520.0,,,0.164,13.84
C. 10-19,Control,ul_pre_booster,UnlimitedBooster3,minutes,Hard_Level_Offer1,purchase,purchase,51989.0,295.0,5980.0,,,0.115,9.71
C. 10-19,Control,ul_pre_booster,UnlimitedBooster3,minutes,great_offer1_199_tier3,purchase,purchase,51989.0,11.0,3960.0,,,0.076,6.43
C. 10-19,Control,ul_pre_booster,UnlimitedBooster3,minutes,Hard_level_offer1_tier3,purchase,purchase,51989.0,186.0,3900.0,,,0.075,6.33
C. 10-19,Control,ul_pre_booster,UnlimitedBooster3,minutes,great_offer1_299,purchase,purchase,51989.0,10.0,3600.0,,,0.069,5.85
C. 10-19,Control,ul_pre_booster,UnlimitedBooster3,minutes,dream_pass_event,reward_event,meta,51989.0,158.0,2090.0,,,0.04,3.39
C. 10-19,Control,ul_pre_booster,UnlimitedBooster3,minutes,gift,gift,other,51989.0,28.0,1050.0,,,0.02,1.71
C. 10-19,Control,ul_pre_booster,UnlimitedBooster3,minutes,bomb_ballet_event,reward_event,meta,51989.0,16.0,170.0,,,0.003,0.28
C. 10-19,Control,ul_pre_booster,UnlimitedBooster3,minutes,season_pass_event,reward_event,meta,51989.0,5.0,50.0,,,0.001,0.08
C. 10-19,Control,ul_pre_booster,UnlimitedBooster3,minutes,Photoshoot,reward_event,meta,51989.0,2.0,30.0,,,0.001,0.05
C. 10-19,Control,ul_pre_booster,UnlimitedBooster3,minutes,reward_chest,reward_chest,other,51989.0,1.0,15.0,,,0.0,0.02
C. 10-19,Control,unlimited_lives,UnlimitedLives,minutes,FlockRush,event_reward,meta,51989.0,19197.0,1157760.0,,,22.269,24.88
C. 10-19,Control,unlimited_lives,UnlimitedLives,minutes,saga_progression,chapter_complete,core,51989.0,28608.0,922320.0,,,17.741,19.82
C. 10-19,Control,unlimited_lives,UnlimitedLives,minutes,daily_reward,daily_reward,core,51989.0,18033.0,696130.0,,,13.39,14.96
C. 10-19,Control,unlimited_lives,UnlimitedLives,minutes,Hatchling Hideaway,event_reward,meta,51989.0,9441.0,569580.0,,,10.956,12.24
C. 10-19,Control,unlimited_lives,UnlimitedLives,minutes,player_level_up,reward_chest,core,51989.0,9125.0,426090.0,,,8.196,9.16
C. 10-19,Control,unlimited_lives,UnlimitedLives,minutes,dream_pass_event,reward_event,meta,51989.0,6659.0,294330.0,,,5.661,6.33
C. 10-19,Control,unlimited_lives,UnlimitedLives,minutes,Jigsaw,reward_event,meta,51989.0,3968.0,153720.0,,,2.957,3.3
C. 10-19,Control,unlimited_lives,UnlimitedLives,minutes,kite_festival_event,reward_event,meta,51989.0,3652.0,126565.0,,,2.434,2.72
C. 10-19,Control,unlimited_lives,UnlimitedLives,minutes,ArcheryArena,reward_event,meta,51989.0,2613.0,81090.0,,,1.56,1.74
C. 10-19,Control,unlimited_lives,UnlimitedLives,minutes,offer_free_items,rolling_offer,meta,51989.0,1327.0,57655.0,,,1.109,1.24
C. 10-19,Control,unlimited_lives,UnlimitedLives,minutes,ad_chest,ad_chest,ads,51989.0,3333.0,46520.0,,,0.895,1.0
C. 10-19,Control,unlimited_lives,UnlimitedLives,minutes,race_event,reward_event,meta,51989.0,873.0,44270.0,,,0.852,0.95
C. 10-19,Control,unlimited_lives,UnlimitedLives,minutes,season_pass_event,reward_event,meta,51989.0,291.0,20195.0,,,0.388,0.43
C. 10-19,Control,unlimited_lives,UnlimitedLives,minutes,reward_chest,reward_chest,other,51989.0,352.0,10685.0,,,0.206,0.23
C. 10-19,Control,unlimited_lives,UnlimitedLives,minutes,bomb_ballet_event,reward_event,meta,51989.0,313.0,9630.0,,,0.185,0.21
C. 10-19,Control,unlimited_lives,UnlimitedLives,minutes,river_rush,reward_event,meta,51989.0,339.0,7715.0,,,0.148,0.17
C. 10-19,Control,unlimited_lives,UnlimitedLives,minutes,Hard_Level_Offer1,purchase,purchase,51989.0,295.0,5980.0,,,0.115,0.13
C. 10-19,Control,unlimited_lives,UnlimitedLives,minutes,great_offer1_199_tier3,purchase,purchase,51989.0,11.0,3960.0,,,0.076,0.09
C. 10-19,Control,unlimited_lives,UnlimitedLives,minutes,Hard_level_offer1_tier3,purchase,purchase,51989.0,186.0,3900.0,,,0.075,0.08
C. 10-19,Control,unlimited_lives,UnlimitedLives,minutes,Photoshoot,reward_event,meta,51989.0,101.0,3630.0,,,0.07,0.08
C. 10-19,Control,unlimited_lives,UnlimitedLives,minutes,great_offer1_299,purchase,purchase,51989.0,10.0,3600.0,,,0.069,0.08
C. 10-19,Control,unlimited_lives,UnlimitedLives,minutes,bundle_6_with_prelevel_boosters_tier3,purchase,purchase,51989.0,2.0,2880.0,,,0.055,0.06
C. 10-19,Control,unlimited_lives,UnlimitedLives,minutes,gift,gift,other,51989.0,29.0,1110.0,,,0.021,0.02
C. 10-19,Control,unlimited_lives,UnlimitedLives,minutes,league_rank_up,league_reward,meta,51989.0,20.0,863.0,,,0.017,0.02
C. 10-19,Control,unlimited_lives,UnlimitedLives,minutes,rolling_offer_tier1_p499_VarA,purchase,purchase,51989.0,16.0,640.0,,,0.012,0.01
C. 10-19,Control,unlimited_lives,UnlimitedLives,minutes,wager_event,reward_event,meta,51989.0,2.0,400.0,,,0.008,0.01
C. 10-19,Control,unlimited_lives,UnlimitedLives,minutes,rolling_offer_tier1_p1499_VarA,purchase,purchase,51989.0,3.0,360.0,,,0.007,0.01
C. 10-19,Control,unlimited_lives,UnlimitedLives,minutes,rolling_offer_p799_VarA,purchase,purchase,51989.0,5.0,300.0,,,0.006,0.01
C. 10-19,Control,unlimited_lives,UnlimitedLives,minutes,bundle_3_with_prelevel_boosters2,purchase,purchase,51989.0,2.0,240.0,,,0.005,0.01
C. 10-19,Control,unlimited_lives,UnlimitedLives,minutes,event_progress,reward_event,meta,51989.0,5.0,180.0,,,0.003,0.0
C. 10-19,Control,unlimited_lives,UnlimitedLives,minutes,unknown,,other,51989.0,1.0,95.0,,,0.002,0.0
C. 10-19,Control,unlimited_lives,UnlimitedLives,minutes,rolling_offer_tier1_p299_tier3,purchase,purchase,51989.0,2.0,60.0,,,0.001,0.0
C. 10-19,Control,unlimited_lives,UnlimitedLives,minutes,dreamheist_event,reward_event,meta,51989.0,3.0,60.0,,,0.001,0.0
C. 10-19,Control,unlimited_lives,UnlimitedLives,minutes,FlowerCoop,reward_event,meta,51989.0,1.0,30.0,,,0.001,0.0
C. 10-19,Control,unlimited_lives,UnlimitedLives,minutes,Rainbow Maker,reward_event,meta,51989.0,1.0,30.0,,,0.001,0.0
C. 10-19,Variant,Avatar,Avatar,items,saga_progression,chapter_complete,core,52303.0,11145.0,14338.0,,,0.274,99.94
C. 10-19,Variant,Avatar,Avatar,items,season_pass_event,reward_event,meta,52303.0,7.0,8.0,,,0.0,0.06
C. 10-19,Variant,currency,HardCoin,coins,player_level_up,reward_chest,core,52303.0,19656.0,813220.0,813220.0,0.0,15.548,17.56
C. 10-19,Variant,currency,HardCoin,coins,dreamheist_event,reward_event,meta,52303.0,21389.0,610155.0,610155.0,0.0,11.666,13.17
C. 10-19,Variant,currency,HardCoin,coins,daily_reward,daily_reward,core,52303.0,26356.0,572085.0,572085.0,0.0,10.938,12.35
C. 10-19,Variant,currency,HardCoin,coins,saga_progression,chapter_complete,core,52303.0,29774.0,447580.0,447580.0,0.0,8.557,9.66
C. 10-19,Variant,currency,HardCoin,coins,team_collection,reward_event,meta,52303.0,2813.0,328540.0,328540.0,0.0,6.281,7.09
C. 10-19,Variant,currency,HardCoin,coins,Rainbow Maker,reward_event,meta,52303.0,14479.0,243266.0,243266.0,0.0,4.651,5.25
C. 10-19,Variant,currency,HardCoin,coins,team_versus,reward_event,meta,52303.0,2209.0,224705.0,224705.0,0.0,4.296,4.85
C. 10-19,Variant,currency,HardCoin,coins,dream_pass_event,reward_event,meta,52303.0,8917.0,211850.0,211850.0,0.0,4.05,4.57
C. 10-19,Variant,currency,HardCoin,coins,team_versus_contribution,reward_event,meta,52303.0,4005.0,211580.0,211580.0,0.0,4.045,4.57
C. 10-19,Variant,currency,HardCoin,coins,ad_chest,ad_chest,ads,52303.0,6429.0,134830.0,134830.0,0.0,2.578,2.91
C. 10-19,Variant,currency,HardCoin,coins,race_event,reward_event,meta,52303.0,4176.0,118255.0,118255.0,0.0,2.261,2.55
C. 10-19,Variant,currency,HardCoin,coins,ArcheryArena,reward_event,meta,52303.0,1406.0,69000.0,69000.0,0.0,1.319,1.49
C. 10-19,Variant,currency,HardCoin,coins,Hatchling Hideaway,event_reward,meta,52303.0,5115.0,61865.0,61865.0,0.0,1.183,1.34
C. 10-19,Variant,currency,HardCoin,coins,chuck_event,reward_event,meta,52303.0,654.0,58600.0,58600.0,0.0,1.12,1.27
C. 10-19,Variant,currency,HardCoin,coins,bundle_6_with_prelevel_boosters_tier3,purchase,purchase,52303.0,2.0,48000.0,0.0,48000.0,0.918,1.04
C. 10-19,Variant,currency,HardCoin,coins,reward_chest,reward_chest,other,52303.0,400.0,40490.0,40490.0,0.0,0.774,0.87
C. 10-19,Variant,currency,HardCoin,coins,xs_coins_tier3,purchase,purchase,52303.0,145.0,33300.0,0.0,33300.0,0.637,0.72
C. 10-19,Variant,currency,HardCoin,coins,Jigsaw,reward_event,meta,52303.0,1158.0,32775.0,32775.0,0.0,0.627,0.71
C. 10-19,Variant,currency,HardCoin,coins,Hard_Level_Offer1,purchase,purchase,52303.0,289.0,29500.0,0.0,29500.0,0.564,0.64
C. 10-19,Variant,currency,HardCoin,coins,bundle_3_with_prelevel_boosters_tier3,purchase,purchase,52303.0,25.0,28000.0,0.0,28000.0,0.535,0.6
C. 10-19,Variant,currency,HardCoin,coins,xs_coins2,purchase,purchase,52303.0,173.0,27600.0,0.0,27600.0,0.528,0.6
C. 10-19,Variant,currency,HardCoin,coins,dream_peak,reward_event,core,52303.0,93.0,26800.0,26800.0,0.0,0.512,0.58
C. 10-19,Variant,currency,HardCoin,coins,bomb_ballet_event,reward_event,meta,52303.0,830.0,21475.0,21475.0,0.0,0.411,0.46
C. 10-19,Variant,currency,HardCoin,coins,Hard_level_offer1_tier3,purchase,purchase,52303.0,191.0,19800.0,0.0,19800.0,0.379,0.43
C. 10-19,Variant,currency,HardCoin,coins,kite_festival_event,reward_event,meta,52303.0,98.0,13450.0,13450.0,0.0,0.257,0.29
C. 10-19,Variant,currency,HardCoin,coins,facebook_like,facebook_like,other,52303.0,117.0,12800.0,12800.0,0.0,0.245,0.28
C. 10-19,Variant,currency,HardCoin,coins,red_event,reward_event,meta,52303.0,123.0,12650.0,12650.0,0.0,0.242,0.27
C. 10-19,Variant,currency,HardCoin,coins,xxl_coins2,purchase,purchase,52303.0,1.0,10000.0,0.0,10000.0,0.191,0.22
C. 10-19,Variant,currency,HardCoin,coins,bundle_2_with_prelevel_boosters2,purchase,purchase,52303.0,17.0,9000.0,0.0,9000.0,0.172,0.19
C. 10-19,Variant,currency,HardCoin,coins,heart_gift,heart_gift,other,52303.0,3958.0,8656.0,8656.0,0.0,0.165,0.19
C. 10-19,Variant,currency,HardCoin,coins,rolling_offer_tier1_p299,purchase,purchase,52303.0,42.0,8600.0,0.0,8600.0,0.164,0.19
C. 10-19,Variant,currency,HardCoin,coins,special_offer1,purchase,purchase,52303.0,26.0,7800.0,0.0,7800.0,0.149,0.17
C. 10-19,Variant,currency,HardCoin,coins,bundle_3_with_prelevel_boosters2,purchase,purchase,52303.0,7.0,7000.0,0.0,7000.0,0.134,0.15
C. 10-19,Variant,currency,HardCoin,coins,bundle_7_with_prelevel_boosters,purchase,purchase,52303.0,45.0,6750.0,0.0,6750.0,0.129,0.15
C. 10-19,Variant,currency,HardCoin,coins,bundle_6_with_prelevel_boosters2,purchase,purchase,52303.0,1.0,6500.0,0.0,6500.0,0.124,0.14
C. 10-19,Variant,currency,HardCoin,coins,s_coins_tier3,purchase,purchase,52303.0,12.0,6500.0,0.0,6500.0,0.124,0.14
C. 10-19,Variant,currency,HardCoin,coins,season_pass_event,reward_event,meta,52303.0,300.0,6315.0,6290.0,25.0,0.121,0.14
C. 10-19,Variant,currency,HardCoin,coins,special_offer1_tier3,purchase,purchase,52303.0,19.0,6000.0,0.0,6000.0,0.115,0.13
C. 10-19,Variant,currency,HardCoin,coins,rolling_offer_tier1_p199_tier3,purchase,purchase,52303.0,29.0,5800.0,0.0,5800.0,0.111,0.13
C. 10-19,Variant,currency,HardCoin,coins,rolling_offer_tier1_p499_VarA,purchase,purchase,52303.0,19.0,5700.0,0.0,5700.0,0.109,0.12
C. 10-19,Variant,currency,HardCoin,coins,bundle_2_with_prelevel_boosters,purchase,purchase,52303.0,11.0,5500.0,0.0,5500.0,0.105,0.12
C. 10-19,Variant,currency,HardCoin,coins,s_coins2,purchase,purchase,52303.0,9.0,5500.0,0.0,5500.0,0.105,0.12
C. 10-19,Variant,currency,HardCoin,coins,m_coins_tier3,purchase,purchase,52303.0,4.0,5000.0,0.0,5000.0,0.096,0.11
C. 10-19,Variant,currency,HardCoin,coins,bundle_4_with_prelevel_boosters2,purchase,purchase,52303.0,2.0,5000.0,0.0,5000.0,0.096,0.11
C. 10-19,Variant,currency,HardCoin,coins,single_collection,reward_event,meta,52303.0,41.0,4325.0,4325.0,0.0,0.083,0.09
C. 10-19,Variant,currency,HardCoin,coins,bundle_5_with_prelevel_boosters,purchase,purchase,52303.0,1.0,4000.0,0.0,4000.0,0.076,0.09
C. 10-19,Variant,currency,HardCoin,coins,m_coins2,purchase,purchase,52303.0,4.0,4000.0,0.0,4000.0,0.076,0.09
C. 10-19,Variant,currency,HardCoin,coins,offer_free_items,rolling_offer,meta,52303.0,35.0,3900.0,3900.0,0.0,0.075,0.08
C. 10-19,Variant,currency,HardCoin,coins,great_offer1_199,purchase,purchase,52303.0,24.0,3600.0,0.0,3600.0,0.069,0.08
C. 10-19,Variant,currency,HardCoin,coins,bundle_3_with_prelevel_boosters,purchase,purchase,52303.0,3.0,3000.0,0.0,3000.0,0.057,0.06
C. 10-19,Variant,currency,HardCoin,coins,rolling_offer_p799_VarA,purchase,purchase,52303.0,6.0,3000.0,0.0,3000.0,0.057,0.06
C. 10-19,Variant,currency,HardCoin,coins,rolling_offer_tier1_p1499_VarA,purchase,purchase,52303.0,2.0,3000.0,0.0,3000.0,0.057,0.06
C. 10-19,Variant,currency,HardCoin,coins,bundle_2_with_prelevel_boosters_tier3,purchase,purchase,52303.0,6.0,3000.0,0.0,3000.0,0.057,0.06
C. 10-19,Variant,currency,HardCoin,coins,bundle_7_with_prelevel_boosters_tier3,purchase,purchase,52303.0,14.0,2550.0,0.0,2550.0,0.049,0.06
C. 10-19,Variant,currency,HardCoin,coins,special_offer9,purchase,purchase,52303.0,10.0,2500.0,0.0,2500.0,0.048,0.05
C. 10-19,Variant,currency,HardCoin,coins,rolling_offer_tier1_p299_tier3,purchase,purchase,52303.0,6.0,2400.0,0.0,2400.0,0.046,0.05
C. 10-19,Variant,currency,HardCoin,coins,bundle_7_with_prelevel_boosters2,purchase,purchase,52303.0,7.0,2400.0,0.0,2400.0,0.046,0.05
C. 10-19,Variant,currency,HardCoin,coins,special_offer9_tier3,purchase,purchase,52303.0,8.0,2400.0,0.0,2400.0,0.046,0.05
C. 10-19,Variant,currency,HardCoin,coins,bomb_event,reward_event,meta,52303.0,20.0,2350.0,2350.0,0.0,0.045,0.05
C. 10-19,Variant,currency,HardCoin,coins,special_offer8_tier3,purchase,purchase,52303.0,5.0,2000.0,0.0,2000.0,0.038,0.04
C. 10-19,Variant,currency,HardCoin,coins,special_offer3,purchase,purchase,52303.0,4.0,2000.0,0.0,2000.0,0.038,0.04
C. 10-19,Variant,currency,HardCoin,coins,special_offer8,purchase,purchase,52303.0,7.0,1750.0,0.0,1750.0,0.033,0.04
C. 10-19,Variant,currency,HardCoin,coins,special_offer3_tier3,purchase,purchase,52303.0,2.0,1600.0,0.0,1600.0,0.031,0.03
C. 10-19,Variant,currency,HardCoin,coins,special_offer12,purchase,purchase,52303.0,1.0,1200.0,0.0,1200.0,0.023,0.03
C. 10-19,Variant,currency,HardCoin,coins,great_offer1_299,purchase,purchase,52303.0,11.0,1100.0,0.0,1100.0,0.021,0.02
C. 10-19,Variant,currency,HardCoin,coins,gift,gift,other,52303.0,4.0,1000.0,1000.0,0.0,0.019,0.02
C. 10-19,Variant,currency,HardCoin,coins,river_rush,reward_event,meta,52303.0,12.0,830.0,830.0,0.0,0.016,0.02
C. 10-19,Variant,currency,HardCoin,coins,rolling_offer_p099_VarA,purchase,purchase,52303.0,4.0,800.0,0.0,800.0,0.015,0.02
C. 10-19,Variant,currency,HardCoin,coins,bundle_1_with_prelevel_boosters_tier3,purchase,purchase,52303.0,3.0,600.0,0.0,600.0,0.011,0.01
C. 10-19,Variant,currency,HardCoin,coins,great_offer1_199_tier3,purchase,purchase,52303.0,6.0,600.0,0.0,600.0,0.011,0.01
C. 10-19,Variant,currency,HardCoin,coins,bundle_1_with_prelevel_boosters,purchase,purchase,52303.0,3.0,600.0,0.0,600.0,0.011,0.01
C. 10-19,Variant,currency,HardCoin,coins,special_offer10,purchase,purchase,52303.0,2.0,600.0,0.0,600.0,0.011,0.01
C. 10-19,Variant,currency,HardCoin,coins,rolling_offer_p049_tier3,purchase,purchase,52303.0,4.0,600.0,0.0,600.0,0.011,0.01
C. 10-19,Variant,currency,HardCoin,coins,rolling_offer_p349_tier3,purchase,purchase,52303.0,1.0,550.0,0.0,550.0,0.011,0.01
C. 10-19,Variant,currency,HardCoin,coins,special_offer10_tier3,purchase,purchase,52303.0,1.0,500.0,0.0,500.0,0.01,0.01
C. 10-19,Variant,currency,HardCoin,coins,reds_club,reds_club,other,52303.0,3.0,500.0,500.0,0.0,0.01,0.01
C. 10-19,Variant,currency,HardCoin,coins,xs_coins,purchase,purchase,52303.0,1.0,150.0,0.0,150.0,0.003,0.0
C. 10-19,Variant,currency,HardCoin,coins,Photoshoot,reward_event,meta,52303.0,2.0,75.0,75.0,0.0,0.001,0.0
C. 10-19,Variant,dream_pass_tokens,DreamPassToken,items,Rainbow Maker,reward_event,meta,52303.0,13695.0,836546.0,,,15.994,54.49
C. 10-19,Variant,dream_pass_tokens,DreamPassToken,items,race_event,reward_event,meta,52303.0,6621.0,337530.0,,,6.453,21.99
C. 10-19,Variant,dream_pass_tokens,DreamPassToken,items,offer_free_items,rolling_offer,meta,52303.0,5970.0,259580.0,,,4.963,16.91
C. 10-19,Variant,dream_pass_tokens,DreamPassToken,items,kite_festival_event,reward_event,meta,52303.0,1281.0,73425.0,,,1.404,4.78
C. 10-19,Variant,dream_pass_tokens,DreamPassToken,items,FlockRush,event_reward,meta,52303.0,1336.0,27680.0,,,0.529,1.8
C. 10-19,Variant,dream_pass_tokens,DreamPassToken,items,wager_event,reward_event,meta,52303.0,3.0,255.0,,,0.005,0.02
C. 10-19,Variant,dream_pass_tokens,DreamPassToken,items,river_rush,reward_event,meta,52303.0,2.0,90.0,,,0.002,0.01
C. 10-19,Variant,dream_pass_tokens,DreamPassToken,items,team_collection,reward_event,meta,52303.0,1.0,65.0,,,0.001,0.0
C. 10-19,Variant,dream_pass_tokens,DreamPassToken,items,special_event,reward_event,meta,52303.0,1.0,50.0,,,0.001,0.0
C. 10-19,Variant,dream_pass_tokens,DreamPassToken,items,event_progress,reward_event,meta,52303.0,1.0,50.0,,,0.001,0.0
C. 10-19,Variant,life,life,items,ask_for_lives,ask_for_lives,other,52303.0,1793.0,7431.0,,,0.142,66.33
C. 10-19,Variant,life,life,items,ad_life,ad_life,ads,52303.0,2345.0,3772.0,,,0.072,33.67
C. 10-19,Variant,life,liferefill,items,coin_purchase,coin_purchase,other,52303.0,1502.0,10645.0,,,0.204,100.0
C. 10-19,Variant,orb,Movie_Magic,items,dream_pass_event,reward_event,meta,52303.0,8.0,8.0,,,0.0,100.0
C. 10-19,Variant,orb,Ocean_rescue,items,dream_pass_event,reward_event,meta,52303.0,2.0,2.0,,,0.0,100.0
C. 10-19,Variant,orb,Reds_Greatest_Challenge,items,dream_pass_event,reward_event,meta,52303.0,737.0,737.0,,,0.014,100.0
C. 10-19,Variant,powerup,powerup_1,items,Rainbow Maker,reward_event,meta,52303.0,3360.0,3618.0,,,0.069,17.65
C. 10-19,Variant,powerup,powerup_1,items,team_versus,reward_event,meta,52303.0,3508.0,3562.0,,,0.068,17.38
C. 10-19,Variant,powerup,powerup_1,items,team_versus_contribution,reward_event,meta,52303.0,2503.0,2529.0,,,0.048,12.34
C. 10-19,Variant,powerup,powerup_1,items,Hatchling Hideaway,event_reward,meta,52303.0,2388.0,2442.0,,,0.047,11.91
C. 10-19,Variant,powerup,powerup_1,items,player_level_up,reward_chest,core,52303.0,2158.0,2192.0,,,0.042,10.69
C. 10-19,Variant,powerup,powerup_1,items,ad_chest,ad_chest,ads,52303.0,1279.0,1388.0,,,0.027,6.77
C. 10-19,Variant,powerup,powerup_1,items,race_event,reward_event,meta,52303.0,1217.0,1232.0,,,0.024,6.01
C. 10-19,Variant,powerup,powerup_1,items,team_collection,reward_event,meta,52303.0,694.0,1083.0,,,0.021,5.28
C. 10-19,Variant,powerup,powerup_1,items,daily_reward,daily_reward,core,52303.0,557.0,570.0,,,0.011,2.78
C. 10-19,Variant,powerup,powerup_1,items,reward_chest,reward_chest,other,52303.0,398.0,406.0,,,0.008,1.98
C. 10-19,Variant,powerup,powerup_1,items,dream_pass_event,reward_event,meta,52303.0,213.0,281.0,,,0.005,1.37
C. 10-19,Variant,powerup,powerup_1,items,ArcheryArena,reward_event,meta,52303.0,252.0,257.0,,,0.005,1.25
C. 10-19,Variant,powerup,powerup_1,items,bundle_6_with_prelevel_boosters_tier3,purchase,purchase,52303.0,2.0,150.0,,,0.003,0.73
C. 10-19,Variant,powerup,powerup_1,items,saga_progression,chapter_complete,core,52303.0,79.0,80.0,,,0.002,0.39
C. 10-19,Variant,powerup,powerup_1,items,chuck_event,reward_event,meta,52303.0,76.0,79.0,,,0.002,0.39
C. 10-19,Variant,powerup,powerup_1,items,bundle_3_with_prelevel_boosters_tier3,purchase,purchase,52303.0,25.0,56.0,,,0.001,0.27
C. 10-19,Variant,powerup,powerup_1,items,bundle_7_with_prelevel_boosters,purchase,purchase,52303.0,45.0,45.0,,,0.001,0.22
C. 10-19,Variant,powerup,powerup_1,items,rolling_offer_tier1_p299,purchase,purchase,52303.0,42.0,43.0,,,0.001,0.21
C. 10-19,Variant,powerup,powerup_1,items,ingame,purchase,purchase,52303.0,12.0,39.0,,,0.001,0.19
C. 10-19,Variant,powerup,powerup_1,items,bundle_2_with_prelevel_boosters2,purchase,purchase,52303.0,17.0,36.0,,,0.001,0.18
C. 10-19,Variant,powerup,powerup_1,items,rolling_offer_tier1_p199_tier3,purchase,purchase,52303.0,29.0,29.0,,,0.001,0.14
C. 10-19,Variant,powerup,powerup_1,items,red_event,reward_event,meta,52303.0,26.0,28.0,,,0.001,0.14
C. 10-19,Variant,powerup,powerup_1,items,bundle_3_with_prelevel_boosters2,purchase,purchase,52303.0,7.0,28.0,,,0.001,0.14
C. 10-19,Variant,powerup,powerup_1,items,offer_free_items,rolling_offer,meta,52303.0,25.0,25.0,,,0.0,0.12
C. 10-19,Variant,powerup,powerup_1,items,bundle_6_with_prelevel_boosters2,purchase,purchase,52303.0,1.0,25.0,,,0.0,0.12
C. 10-19,Variant,powerup,powerup_1,items,dream_peak,reward_event,core,52303.0,21.0,22.0,,,0.0,0.11
C. 10-19,Variant,powerup,powerup_1,items,gift,gift,other,52303.0,20.0,20.0,,,0.0,0.1
C. 10-19,Variant,powerup,powerup_1,items,rolling_offer_tier1_p499_VarA,purchase,purchase,52303.0,19.0,19.0,,,0.0,0.09
C. 10-19,Variant,powerup,powerup_1,items,bundle_7_with_prelevel_boosters_tier3,purchase,purchase,52303.0,14.0,17.0,,,0.0,0.08
C. 10-19,Variant,powerup,powerup_1,items,bundle_4_with_prelevel_boosters2,purchase,purchase,52303.0,2.0,16.0,,,0.0,0.08
C. 10-19,Variant,powerup,powerup_1,items,kite_festival_event,reward_event,meta,52303.0,14.0,14.0,,,0.0,0.07
C. 10-19,Variant,powerup,powerup_1,items,dreamheist_event,reward_event,meta,52303.0,11.0,12.0,,,0.0,0.06
C. 10-19,Variant,powerup,powerup_1,items,special_offer3,purchase,purchase,52303.0,4.0,12.0,,,0.0,0.06
C. 10-19,Variant,powerup,powerup_1,items,bundle_5_with_prelevel_boosters,purchase,purchase,52303.0,1.0,12.0,,,0.0,0.06
C. 10-19,Variant,powerup,powerup_1,items,bundle_2_with_prelevel_boosters,purchase,purchase,52303.0,11.0,11.0,,,0.0,0.05
C. 10-19,Variant,powerup,powerup_1,items,special_offer9,purchase,purchase,52303.0,10.0,10.0,,,0.0,0.05
C. 10-19,Variant,powerup,powerup_1,items,river_rush,reward_event,meta,52303.0,8.0,8.0,,,0.0,0.04
C. 10-19,Variant,powerup,powerup_1,items,bundle_7_with_prelevel_boosters2,purchase,purchase,52303.0,7.0,8.0,,,0.0,0.04
C. 10-19,Variant,powerup,powerup_1,items,special_offer9_tier3,purchase,purchase,52303.0,8.0,8.0,,,0.0,0.04
C. 10-19,Variant,powerup,powerup_1,items,special_offer8,purchase,purchase,52303.0,7.0,7.0,,,0.0,0.03
C. 10-19,Variant,powerup,powerup_1,items,single_collection,reward_event,meta,52303.0,7.0,7.0,,,0.0,0.03
C. 10-19,Variant,powerup,powerup_1,items,bomb_event,reward_event,meta,52303.0,7.0,7.0,,,0.0,0.03
C. 10-19,Variant,powerup,powerup_1,items,bundle_2_with_prelevel_boosters_tier3,purchase,purchase,52303.0,6.0,6.0,,,0.0,0.03
C. 10-19,Variant,powerup,powerup_1,items,rolling_offer_tier1_p299_tier3,purchase,purchase,52303.0,6.0,6.0,,,0.0,0.03
C. 10-19,Variant,powerup,powerup_1,items,special_offer3_tier3,purchase,purchase,52303.0,2.0,6.0,,,0.0,0.03
C. 10-19,Variant,powerup,powerup_1,items,bundle_3_with_prelevel_boosters,purchase,purchase,52303.0,3.0,6.0,,,0.0,0.03
C. 10-19,Variant,powerup,powerup_1,items,rolling_offer_p799_VarA,purchase,purchase,52303.0,6.0,6.0,,,0.0,0.03
C. 10-19,Variant,powerup,powerup_1,items,special_offer8_tier3,purchase,purchase,52303.0,5.0,5.0,,,0.0,0.02
C. 10-19,Variant,powerup,powerup_1,items,rolling_offer_p099_VarA,purchase,purchase,52303.0,4.0,4.0,,,0.0,0.02
C. 10-19,Variant,powerup,powerup_1,items,rolling_offer_p049_tier3,purchase,purchase,52303.0,4.0,4.0,,,0.0,0.02
C. 10-19,Variant,powerup,powerup_1,items,special_offer12,purchase,purchase,52303.0,1.0,3.0,,,0.0,0.01
C. 10-19,Variant,powerup,powerup_1,items,Jigsaw,reward_event,meta,52303.0,3.0,3.0,,,0.0,0.01
C. 10-19,Variant,powerup,powerup_1,items,bundle_1_with_prelevel_boosters,purchase,purchase,52303.0,3.0,3.0,,,0.0,0.01
C. 10-19,Variant,powerup,powerup_1,items,rolling_offer_tier1_p1499_VarA,purchase,purchase,52303.0,2.0,3.0,,,0.0,0.01
C. 10-19,Variant,powerup,powerup_1,items,bundle_1_with_prelevel_boosters_tier3,purchase,purchase,52303.0,3.0,3.0,,,0.0,0.01
C. 10-19,Variant,powerup,powerup_1,items,bomb_ballet_event,reward_event,meta,52303.0,2.0,2.0,,,0.0,0.01
C. 10-19,Variant,powerup,powerup_1,items,special_offer10,purchase,purchase,52303.0,2.0,2.0,,,0.0,0.01
C. 10-19,Variant,powerup,powerup_1,items,special_offer10_tier3,purchase,purchase,52303.0,1.0,1.0,,,0.0,0.0
C. 10-19,Variant,powerup,powerup_1,items,rolling_offer_p349_tier3,purchase,purchase,52303.0,1.0,1.0,,,0.0,0.0
C. 10-19,Variant,powerup,powerup_2,items,Rainbow Maker,reward_event,meta,52303.0,10131.0,18917.0,,,0.362,27.65
C. 10-19,Variant,powerup,powerup_2,items,daily_reward,daily_reward,core,52303.0,7259.0,7455.0,,,0.143,10.9
C. 10-19,Variant,powerup,powerup_2,items,player_level_up,reward_chest,core,52303.0,6433.0,6625.0,,,0.127,9.68
C. 10-19,Variant,powerup,powerup_2,items,dreamheist_event,reward_event,meta,52303.0,6158.0,6430.0,,,0.123,9.4
C. 10-19,Variant,powerup,powerup_2,items,saga_progression,chapter_complete,core,52303.0,6215.0,6305.0,,,0.121,9.22
C. 10-19,Variant,powerup,powerup_2,items,chuck_event,reward_event,meta,52303.0,3736.0,3916.0,,,0.075,5.72
C. 10-19,Variant,powerup,powerup_2,items,team_collection,reward_event,meta,52303.0,2085.0,3588.0,,,0.069,5.24
C. 10-19,Variant,powerup,powerup_2,items,ad_chest,ad_chest,ads,52303.0,2635.0,3025.0,,,0.058,4.42
C. 10-19,Variant,powerup,powerup_2,items,team_versus,reward_event,meta,52303.0,2271.0,2295.0,,,0.044,3.35
C. 10-19,Variant,powerup,powerup_2,items,ArcheryArena,reward_event,meta,52303.0,2064.0,2138.0,,,0.041,3.13
C. 10-19,Variant,powerup,powerup_2,items,FlockRush,event_reward,meta,52303.0,1617.0,1678.0,,,0.032,2.45
C. 10-19,Variant,powerup,powerup_2,items,race_event,reward_event,meta,52303.0,1415.0,1443.0,,,0.028,2.11
C. 10-19,Variant,powerup,powerup_2,items,dream_pass_event,reward_event,meta,52303.0,1211.0,1373.0,,,0.026,2.01
C. 10-19,Variant,powerup,powerup_2,items,team_versus_contribution,reward_event,meta,52303.0,545.0,548.0,,,0.01,0.8
C. 10-19,Variant,powerup,powerup_2,items,red_event,reward_event,meta,52303.0,473.0,502.0,,,0.01,0.73
C. 10-19,Variant,powerup,powerup_2,items,reward_chest,reward_chest,other,52303.0,398.0,406.0,,,0.008,0.59
C. 10-19,Variant,powerup,powerup_2,items,ingame,purchase,purchase,52303.0,95.0,324.0,,,0.006,0.47
C. 10-19,Variant,powerup,powerup_2,items,kite_festival_event,reward_event,meta,52303.0,166.0,170.0,,,0.003,0.25
C. 10-19,Variant,powerup,powerup_2,items,bundle_6_with_prelevel_boosters_tier3,purchase,purchase,52303.0,2.0,150.0,,,0.003,0.22
C. 10-19,Variant,powerup,powerup_2,items,Hatchling Hideaway,event_reward,meta,52303.0,125.0,129.0,,,0.002,0.19
C. 10-19,Variant,powerup,powerup_2,items,offer_free_items,rolling_offer,meta,52303.0,98.0,117.0,,,0.002,0.17
C. 10-19,Variant,powerup,powerup_2,items,single_collection,reward_event,meta,52303.0,106.0,110.0,,,0.002,0.16
C. 10-19,Variant,powerup,powerup_2,items,dream_peak,reward_event,core,52303.0,72.0,90.0,,,0.002,0.13
C. 10-19,Variant,powerup,powerup_2,items,bomb_event,reward_event,meta,52303.0,87.0,89.0,,,0.002,0.13
C. 10-19,Variant,powerup,powerup_2,items,gift,gift,other,52303.0,20.0,60.0,,,0.001,0.09
C. 10-19,Variant,powerup,powerup_2,items,bundle_3_with_prelevel_boosters_tier3,purchase,purchase,52303.0,25.0,56.0,,,0.001,0.08
C. 10-19,Variant,powerup,powerup_2,items,bundle_7_with_prelevel_boosters,purchase,purchase,52303.0,45.0,45.0,,,0.001,0.07
C. 10-19,Variant,powerup,powerup_2,items,rolling_offer_tier1_p299,purchase,purchase,52303.0,42.0,43.0,,,0.001,0.06
C. 10-19,Variant,powerup,powerup_2,items,bundle_2_with_prelevel_boosters2,purchase,purchase,52303.0,17.0,36.0,,,0.001,0.05
C. 10-19,Variant,powerup,powerup_2,items,rolling_offer_tier1_p199_tier3,purchase,purchase,52303.0,29.0,29.0,,,0.001,0.04
C. 10-19,Variant,powerup,powerup_2,items,bundle_3_with_prelevel_boosters2,purchase,purchase,52303.0,7.0,28.0,,,0.001,0.04
C. 10-19,Variant,powerup,powerup_2,items,bundle_6_with_prelevel_boosters2,purchase,purchase,52303.0,1.0,25.0,,,0.0,0.04
C. 10-19,Variant,powerup,powerup_2,items,special_offer3,purchase,purchase,52303.0,4.0,20.0,,,0.0,0.03
C. 10-19,Variant,powerup,powerup_2,items,special_offer9,purchase,purchase,52303.0,10.0,20.0,,,0.0,0.03
C. 10-19,Variant,powerup,powerup_2,items,rolling_offer_tier1_p499_VarA,purchase,purchase,52303.0,19.0,19.0,,,0.0,0.03
C. 10-19,Variant,powerup,powerup_2,items,bundle_7_with_prelevel_boosters_tier3,purchase,purchase,52303.0,14.0,17.0,,,0.0,0.02
C. 10-19,Variant,powerup,powerup_2,items,bundle_4_with_prelevel_boosters2,purchase,purchase,52303.0,2.0,16.0,,,0.0,0.02
C. 10-19,Variant,powerup,powerup_2,items,special_offer9_tier3,purchase,purchase,52303.0,8.0,16.0,,,0.0,0.02
C. 10-19,Variant,powerup,powerup_2,items,league_rank_up,league_reward,meta,52303.0,9.0,14.0,,,0.0,0.02
C. 10-19,Variant,powerup,powerup_2,items,special_offer8,purchase,purchase,52303.0,7.0,14.0,,,0.0,0.02
C. 10-19,Variant,powerup,powerup_2,items,bundle_5_with_prelevel_boosters,purchase,purchase,52303.0,1.0,12.0,,,0.0,0.02
C. 10-19,Variant,powerup,powerup_2,items,bundle_2_with_prelevel_boosters,purchase,purchase,52303.0,11.0,11.0,,,0.0,0.02
C. 10-19,Variant,powerup,powerup_2,items,special_offer3_tier3,purchase,purchase,52303.0,2.0,10.0,,,0.0,0.01
C. 10-19,Variant,powerup,powerup_2,items,special_offer8_tier3,purchase,purchase,52303.0,5.0,10.0,,,0.0,0.01
C. 10-19,Variant,powerup,powerup_2,items,bundle_7_with_prelevel_boosters2,purchase,purchase,52303.0,7.0,8.0,,,0.0,0.01
C. 10-19,Variant,powerup,powerup_2,items,Jigsaw,reward_event,meta,52303.0,7.0,8.0,,,0.0,0.01
C. 10-19,Variant,powerup,powerup_2,items,season_pass_event,reward_event,meta,52303.0,7.0,8.0,,,0.0,0.01
C. 10-19,Variant,powerup,powerup_2,items,river_rush,reward_event,meta,52303.0,6.0,7.0,,,0.0,0.01
C. 10-19,Variant,powerup,powerup_2,items,bundle_2_with_prelevel_boosters_tier3,purchase,purchase,52303.0,6.0,6.0,,,0.0,0.01
C. 10-19,Variant,powerup,powerup_2,items,special_offer12,purchase,purchase,52303.0,1.0,6.0,,,0.0,0.01
C. 10-19,Variant,powerup,powerup_2,items,rolling_offer_tier1_p1499_VarA,purchase,purchase,52303.0,2.0,6.0,,,0.0,0.01
C. 10-19,Variant,powerup,powerup_2,items,rolling_offer_p799_VarA,purchase,purchase,52303.0,6.0,6.0,,,0.0,0.01
C. 10-19,Variant,powerup,powerup_2,items,bundle_3_with_prelevel_boosters,purchase,purchase,52303.0,3.0,6.0,,,0.0,0.01
C. 10-19,Variant,powerup,powerup_2,items,special_offer10,purchase,purchase,52303.0,2.0,6.0,,,0.0,0.01
C. 10-19,Variant,powerup,powerup_2,items,rolling_offer_tier1_p299_tier3,purchase,purchase,52303.0,6.0,6.0,,,0.0,0.01
C. 10-19,Variant,powerup,powerup_2,items,bomb_ballet_event,reward_event,meta,52303.0,4.0,4.0,,,0.0,0.01
C. 10-19,Variant,powerup,powerup_2,items,balloon_event,reward_event,meta,52303.0,1.0,3.0,,,0.0,0.0
C. 10-19,Variant,powerup,powerup_2,items,bundle_1_with_prelevel_boosters_tier3,purchase,purchase,52303.0,3.0,3.0,,,0.0,0.0
C. 10-19,Variant,powerup,powerup_2,items,bundle_1_with_prelevel_boosters,purchase,purchase,52303.0,3.0,3.0,,,0.0,0.0
C. 10-19,Variant,powerup,powerup_2,items,special_offer10_tier3,purchase,purchase,52303.0,1.0,3.0,,,0.0,0.0
C. 10-19,Variant,powerup,powerup_2,items,wager_event,reward_event,meta,52303.0,2.0,2.0,,,0.0,0.0
C. 10-19,Variant,powerup,powerup_2,items,rolling_offer_p349_tier3,purchase,purchase,52303.0,1.0,1.0,,,0.0,0.0
C. 10-19,Variant,powerup,powerup_3,items,player_level_up,reward_chest,core,52303.0,6430.0,6584.0,,,0.126,15.85
C. 10-19,Variant,powerup,powerup_3,items,saga_progression,chapter_complete,core,52303.0,6050.0,6173.0,,,0.118,14.86
C. 10-19,Variant,powerup,powerup_3,items,Rainbow Maker,reward_event,meta,52303.0,4945.0,5524.0,,,0.106,13.3
C. 10-19,Variant,powerup,powerup_3,items,daily_reward,daily_reward,core,52303.0,4371.0,4484.0,,,0.086,10.8
C. 10-19,Variant,powerup,powerup_3,items,team_versus,reward_event,meta,52303.0,3172.0,3225.0,,,0.062,7.76
C. 10-19,Variant,powerup,powerup_3,items,ad_chest,ad_chest,ads,52303.0,2607.0,3008.0,,,0.058,7.24
C. 10-19,Variant,powerup,powerup_3,items,dream_pass_event,reward_event,meta,52303.0,2538.0,2836.0,,,0.054,6.83
C. 10-19,Variant,powerup,powerup_3,items,chuck_event,reward_event,meta,52303.0,1683.0,1762.0,,,0.034,4.24
C. 10-19,Variant,powerup,powerup_3,items,team_collection,reward_event,meta,52303.0,730.0,1732.0,,,0.033,4.17
C. 10-19,Variant,powerup,powerup_3,items,race_event,reward_event,meta,52303.0,1487.0,1526.0,,,0.029,3.67
C. 10-19,Variant,powerup,powerup_3,items,team_versus_contribution,reward_event,meta,52303.0,959.0,969.0,,,0.019,2.33
C. 10-19,Variant,powerup,powerup_3,items,Hatchling Hideaway,event_reward,meta,52303.0,793.0,815.0,,,0.016,1.96
C. 10-19,Variant,powerup,powerup_3,items,ArcheryArena,reward_event,meta,52303.0,502.0,519.0,,,0.01,1.25
C. 10-19,Variant,powerup,powerup_3,items,reward_chest,reward_chest,other,52303.0,396.0,404.0,,,0.008,0.97
C. 10-19,Variant,powerup,powerup_3,items,ingame,purchase,purchase,52303.0,90.0,273.0,,,0.005,0.66
C. 10-19,Variant,powerup,powerup_3,items,facebook_like,facebook_like,other,52303.0,117.0,256.0,,,0.005,0.62
C. 10-19,Variant,powerup,powerup_3,items,red_event,reward_event,meta,52303.0,233.0,245.0,,,0.005,0.59
C. 10-19,Variant,powerup,powerup_3,items,dream_peak,reward_event,core,52303.0,176.0,219.0,,,0.004,0.53
C. 10-19,Variant,powerup,powerup_3,items,bundle_6_with_prelevel_boosters_tier3,purchase,purchase,52303.0,2.0,150.0,,,0.003,0.36
C. 10-19,Variant,powerup,powerup_3,items,single_collection,reward_event,meta,52303.0,77.0,83.0,,,0.002,0.2
C. 10-19,Variant,powerup,powerup_3,items,gift,gift,other,52303.0,20.0,60.0,,,0.001,0.14
C. 10-19,Variant,powerup,powerup_3,items,bundle_3_with_prelevel_boosters_tier3,purchase,purchase,52303.0,25.0,56.0,,,0.001,0.13
C. 10-19,Variant,powerup,powerup_3,items,kite_festival_event,reward_event,meta,52303.0,46.0,48.0,,,0.001,0.12
C. 10-19,Variant,powerup,powerup_3,items,bomb_event,reward_event,meta,52303.0,44.0,48.0,,,0.001,0.12
C. 10-19,Variant,powerup,powerup_3,items,bundle_7_with_prelevel_boosters,purchase,purchase,52303.0,45.0,45.0,,,0.001,0.11
C. 10-19,Variant,powerup,powerup_3,items,offer_free_items,rolling_offer,meta,52303.0,39.0,45.0,,,0.001,0.11
C. 10-19,Variant,powerup,powerup_3,items,rolling_offer_tier1_p299,purchase,purchase,52303.0,42.0,43.0,,,0.001,0.1
C. 10-19,Variant,powerup,powerup_3,items,season_pass_event,reward_event,meta,52303.0,36.0,41.0,,,0.001,0.1
C. 10-19,Variant,powerup,powerup_3,items,bundle_2_with_prelevel_boosters2,purchase,purchase,52303.0,17.0,36.0,,,0.001,0.09
C. 10-19,Variant,powerup,powerup_3,items,rolling_offer_tier1_p199_tier3,purchase,purchase,52303.0,29.0,29.0,,,0.001,0.07
C. 10-19,Variant,powerup,powerup_3,items,bundle_3_with_prelevel_boosters2,purchase,purchase,52303.0,7.0,28.0,,,0.001,0.07
C. 10-19,Variant,powerup,powerup_3,items,bundle_6_with_prelevel_boosters2,purchase,purchase,52303.0,1.0,25.0,,,0.0,0.06
C. 10-19,Variant,powerup,powerup_3,items,special_offer3,purchase,purchase,52303.0,4.0,20.0,,,0.0,0.05
C. 10-19,Variant,powerup,powerup_3,items,special_offer9,purchase,purchase,52303.0,10.0,20.0,,,0.0,0.05
C. 10-19,Variant,powerup,powerup_3,items,rolling_offer_tier1_p499_VarA,purchase,purchase,52303.0,19.0,19.0,,,0.0,0.05
C. 10-19,Variant,powerup,powerup_3,items,bundle_7_with_prelevel_boosters_tier3,purchase,purchase,52303.0,14.0,17.0,,,0.0,0.04
C. 10-19,Variant,powerup,powerup_3,items,bundle_4_with_prelevel_boosters2,purchase,purchase,52303.0,2.0,16.0,,,0.0,0.04
C. 10-19,Variant,powerup,powerup_3,items,special_offer9_tier3,purchase,purchase,52303.0,8.0,16.0,,,0.0,0.04
C. 10-19,Variant,powerup,powerup_3,items,special_offer8,purchase,purchase,52303.0,7.0,14.0,,,0.0,0.03
C. 10-19,Variant,powerup,powerup_3,items,bundle_5_with_prelevel_boosters,purchase,purchase,52303.0,1.0,12.0,,,0.0,0.03
C. 10-19,Variant,powerup,powerup_3,items,bundle_2_with_prelevel_boosters,purchase,purchase,52303.0,11.0,11.0,,,0.0,0.03
C. 10-19,Variant,powerup,powerup_3,items,special_offer3_tier3,purchase,purchase,52303.0,2.0,10.0,,,0.0,0.02
C. 10-19,Variant,powerup,powerup_3,items,river_rush,reward_event,meta,52303.0,9.0,10.0,,,0.0,0.02
C. 10-19,Variant,powerup,powerup_3,items,special_offer8_tier3,purchase,purchase,52303.0,5.0,10.0,,,0.0,0.02
C. 10-19,Variant,powerup,powerup_3,items,bundle_7_with_prelevel_boosters2,purchase,purchase,52303.0,7.0,8.0,,,0.0,0.02
C. 10-19,Variant,powerup,powerup_3,items,rolling_offer_tier1_p299_tier3,purchase,purchase,52303.0,6.0,6.0,,,0.0,0.01
C. 10-19,Variant,powerup,powerup_3,items,special_offer10,purchase,purchase,52303.0,2.0,6.0,,,0.0,0.01
C. 10-19,Variant,powerup,powerup_3,items,bundle_2_with_prelevel_boosters_tier3,purchase,purchase,52303.0,6.0,6.0,,,0.0,0.01
C. 10-19,Variant,powerup,powerup_3,items,rolling_offer_tier1_p1499_VarA,purchase,purchase,52303.0,2.0,6.0,,,0.0,0.01
C. 10-19,Variant,powerup,powerup_3,items,rolling_offer_p799_VarA,purchase,purchase,52303.0,6.0,6.0,,,0.0,0.01
C. 10-19,Variant,powerup,powerup_3,items,special_offer12,purchase,purchase,52303.0,1.0,6.0,,,0.0,0.01
C. 10-19,Variant,powerup,powerup_3,items,bundle_3_with_prelevel_boosters,purchase,purchase,52303.0,3.0,6.0,,,0.0,0.01
C. 10-19,Variant,powerup,powerup_3,items,league_rank_up,league_reward,meta,52303.0,3.0,4.0,,,0.0,0.01
C. 10-19,Variant,powerup,powerup_3,items,bundle_1_with_prelevel_boosters_tier3,purchase,purchase,52303.0,3.0,3.0,,,0.0,0.01
C. 10-19,Variant,powerup,powerup_3,items,special_offer10_tier3,purchase,purchase,52303.0,1.0,3.0,,,0.0,0.01
C. 10-19,Variant,powerup,powerup_3,items,bundle_1_with_prelevel_boosters,purchase,purchase,52303.0,3.0,3.0,,,0.0,0.01
C. 10-19,Variant,powerup,powerup_3,items,bomb_ballet_event,reward_event,meta,52303.0,2.0,2.0,,,0.0,0.0
C. 10-19,Variant,powerup,powerup_3,items,rolling_offer_p349_tier3,purchase,purchase,52303.0,1.0,1.0,,,0.0,0.0
C. 10-19,Variant,powerup,powerup_3,items,balloon_event,reward_event,meta,52303.0,1.0,1.0,,,0.0,0.0
C. 10-19,Variant,powerup,powerup_3,items,unknown,,other,52303.0,1.0,1.0,,,0.0,0.0
C. 10-19,Variant,pre_level_booster,pre_level_booster_1,items,dreamheist_event,reward_event,meta,52303.0,12788.0,13391.0,,,0.256,19.0
C. 10-19,Variant,pre_level_booster,pre_level_booster_1,items,Rainbow Maker,reward_event,meta,52303.0,12042.0,12453.0,,,0.238,17.67
C. 10-19,Variant,pre_level_booster,pre_level_booster_1,items,Hatchling Hideaway,event_reward,meta,52303.0,7749.0,8122.0,,,0.155,11.53
C. 10-19,Variant,pre_level_booster,pre_level_booster_1,items,dream_pass_event,reward_event,meta,52303.0,5989.0,7852.0,,,0.15,11.14
C. 10-19,Variant,pre_level_booster,pre_level_booster_1,items,saga_progression,chapter_complete,core,52303.0,7434.0,7630.0,,,0.146,10.83
C. 10-19,Variant,pre_level_booster,pre_level_booster_1,items,offer_free_items,rolling_offer,meta,52303.0,7389.0,7554.0,,,0.144,10.72
C. 10-19,Variant,pre_level_booster,pre_level_booster_1,items,ArcheryArena,reward_event,meta,52303.0,4197.0,4317.0,,,0.083,6.13
C. 10-19,Variant,pre_level_booster,pre_level_booster_1,items,player_level_up,reward_chest,core,52303.0,3492.0,3520.0,,,0.067,4.99
C. 10-19,Variant,pre_level_booster,pre_level_booster_1,items,FlockRush,event_reward,meta,52303.0,1617.0,1678.0,,,0.032,2.38
C. 10-19,Variant,pre_level_booster,pre_level_booster_1,items,ingame,purchase,purchase,52303.0,198.0,759.0,,,0.015,1.08
C. 10-19,Variant,pre_level_booster,pre_level_booster_1,items,race_event,reward_event,meta,52303.0,579.0,592.0,,,0.011,0.84
C. 10-19,Variant,pre_level_booster,pre_level_booster_1,items,team_versus_contribution,reward_event,meta,52303.0,545.0,548.0,,,0.01,0.78
C. 10-19,Variant,pre_level_booster,pre_level_booster_1,items,Jigsaw,reward_event,meta,52303.0,390.0,436.0,,,0.008,0.62
C. 10-19,Variant,pre_level_booster,pre_level_booster_1,items,reward_chest,reward_chest,other,52303.0,396.0,404.0,,,0.008,0.57
C. 10-19,Variant,pre_level_booster,pre_level_booster_1,items,season_pass_event,reward_event,meta,52303.0,177.0,263.0,,,0.005,0.37
C. 10-19,Variant,pre_level_booster,pre_level_booster_1,items,kite_festival_event,reward_event,meta,52303.0,202.0,209.0,,,0.004,0.3
C. 10-19,Variant,pre_level_booster,pre_level_booster_1,items,bomb_ballet_event,reward_event,meta,52303.0,174.0,175.0,,,0.003,0.25
C. 10-19,Variant,pre_level_booster,pre_level_booster_1,items,bundle_6_with_prelevel_boosters_tier3,purchase,purchase,52303.0,2.0,150.0,,,0.003,0.21
C. 10-19,Variant,pre_level_booster,pre_level_booster_1,items,bundle_3_with_prelevel_boosters_tier3,purchase,purchase,52303.0,25.0,56.0,,,0.001,0.08
C. 10-19,Variant,pre_level_booster,pre_level_booster_1,items,bundle_7_with_prelevel_boosters,purchase,purchase,52303.0,45.0,45.0,,,0.001,0.06
C. 10-19,Variant,pre_level_booster,pre_level_booster_1,items,rolling_offer_tier1_p299,purchase,purchase,52303.0,42.0,43.0,,,0.001,0.06
C. 10-19,Variant,pre_level_booster,pre_level_booster_1,items,bundle_2_with_prelevel_boosters2,purchase,purchase,52303.0,17.0,36.0,,,0.001,0.05
C. 10-19,Variant,pre_level_booster,pre_level_booster_1,items,rolling_offer_tier1_p199_tier3,purchase,purchase,52303.0,29.0,29.0,,,0.001,0.04
C. 10-19,Variant,pre_level_booster,pre_level_booster_1,items,bundle_3_with_prelevel_boosters2,purchase,purchase,52303.0,7.0,28.0,,,0.001,0.04
C. 10-19,Variant,pre_level_booster,pre_level_booster_1,items,bundle_6_with_prelevel_boosters2,purchase,purchase,52303.0,1.0,25.0,,,0.0,0.04
C. 10-19,Variant,pre_level_booster,pre_level_booster_1,items,great_offer1_199,purchase,purchase,52303.0,24.0,24.0,,,0.0,0.03
C. 10-19,Variant,pre_level_booster,pre_level_booster_1,items,ad_chest,ad_chest,ads,52303.0,22.0,23.0,,,0.0,0.03
C. 10-19,Variant,pre_level_booster,pre_level_booster_1,items,bundle_7_with_prelevel_boosters_tier3,purchase,purchase,52303.0,14.0,17.0,,,0.0,0.02
C. 10-19,Variant,pre_level_booster,pre_level_booster_1,items,bundle_4_with_prelevel_boosters2,purchase,purchase,52303.0,2.0,16.0,,,0.0,0.02
C. 10-19,Variant,pre_level_booster,pre_level_booster_1,items,bundle_5_with_prelevel_boosters,purchase,purchase,52303.0,1.0,12.0,,,0.0,0.02
C. 10-19,Variant,pre_level_booster,pre_level_booster_1,items,bundle_2_with_prelevel_boosters,purchase,purchase,52303.0,11.0,11.0,,,0.0,0.02
C. 10-19,Variant,pre_level_booster,pre_level_booster_1,items,bundle_7_with_prelevel_boosters2,purchase,purchase,52303.0,7.0,8.0,,,0.0,0.01
C. 10-19,Variant,pre_level_booster,pre_level_booster_1,items,river_rush,reward_event,meta,52303.0,5.0,7.0,,,0.0,0.01
C. 10-19,Variant,pre_level_booster,pre_level_booster_1,items,rolling_offer_p799_VarA,purchase,purchase,52303.0,6.0,6.0,,,0.0,0.01
C. 10-19,Variant,pre_level_booster,pre_level_booster_1,items,rolling_offer_tier1_p299_tier3,purchase,purchase,52303.0,6.0,6.0,,,0.0,0.01
C. 10-19,Variant,pre_level_booster,pre_level_booster_1,items,bundle_3_with_prelevel_boosters,purchase,purchase,52303.0,3.0,6.0,,,0.0,0.01
C. 10-19,Variant,pre_level_booster,pre_level_booster_1,items,bundle_2_with_prelevel_boosters_tier3,purchase,purchase,52303.0,6.0,6.0,,,0.0,0.01
C. 10-19,Variant,pre_level_booster,pre_level_booster_1,items,bundle_1_with_prelevel_boosters,purchase,purchase,52303.0,3.0,3.0,,,0.0,0.0
C. 10-19,Variant,pre_level_booster,pre_level_booster_1,items,bundle_1_with_prelevel_boosters_tier3,purchase,purchase,52303.0,3.0,3.0,,,0.0,0.0
C. 10-19,Variant,pre_level_booster,pre_level_booster_1,items,rolling_offer_tier1_p1499_VarA,purchase,purchase,52303.0,2.0,3.0,,,0.0,0.0
C. 10-19,Variant,pre_level_booster,pre_level_booster_1,items,Photoshoot,reward_event,meta,52303.0,2.0,2.0,,,0.0,0.0
C. 10-19,Variant,pre_level_booster,pre_level_booster_1,items,balloon_event,reward_event,meta,52303.0,1.0,2.0,,,0.0,0.0
C. 10-19,Variant,pre_level_booster,pre_level_booster_1,items,red_event,reward_event,meta,52303.0,1.0,1.0,,,0.0,0.0
C. 10-19,Variant,pre_level_booster,pre_level_booster_1,items,rolling_offer_p349_tier3,purchase,purchase,52303.0,1.0,1.0,,,0.0,0.0
C. 10-19,Variant,pre_level_booster,pre_level_booster_2,items,Rainbow Maker,reward_event,meta,52303.0,9811.0,11622.0,,,0.222,15.62
C. 10-19,Variant,pre_level_booster,pre_level_booster_2,items,player_level_up,reward_chest,core,52303.0,6519.0,10359.0,,,0.198,13.92
C. 10-19,Variant,pre_level_booster,pre_level_booster_2,items,dream_pass_event,reward_event,meta,52303.0,7489.0,10111.0,,,0.193,13.59
C. 10-19,Variant,pre_level_booster,pre_level_booster_2,items,offer_free_items,rolling_offer,meta,52303.0,7206.0,7340.0,,,0.14,9.86
C. 10-19,Variant,pre_level_booster,pre_level_booster_2,items,saga_progression,chapter_complete,core,52303.0,6536.0,6729.0,,,0.129,9.04
C. 10-19,Variant,pre_level_booster,pre_level_booster_2,items,dreamheist_event,reward_event,meta,52303.0,6147.0,6418.0,,,0.123,8.62
C. 10-19,Variant,pre_level_booster,pre_level_booster_2,items,Jigsaw,reward_event,meta,52303.0,5702.0,6268.0,,,0.12,8.42
C. 10-19,Variant,pre_level_booster,pre_level_booster_2,items,Hatchling Hideaway,event_reward,meta,52303.0,4582.0,4670.0,,,0.089,6.27
C. 10-19,Variant,pre_level_booster,pre_level_booster_2,items,ArcheryArena,reward_event,meta,52303.0,2587.0,2671.0,,,0.051,3.59
C. 10-19,Variant,pre_level_booster,pre_level_booster_2,items,bomb_ballet_event,reward_event,meta,52303.0,2594.0,2645.0,,,0.051,3.55
C. 10-19,Variant,pre_level_booster,pre_level_booster_2,items,FlockRush,event_reward,meta,52303.0,1617.0,1678.0,,,0.032,2.25
C. 10-19,Variant,pre_level_booster,pre_level_booster_2,items,race_event,reward_event,meta,52303.0,995.0,1010.0,,,0.019,1.36
C. 10-19,Variant,pre_level_booster,pre_level_booster_2,items,team_versus_contribution,reward_event,meta,52303.0,959.0,969.0,,,0.019,1.3
C. 10-19,Variant,pre_level_booster,pre_level_booster_2,items,reward_chest,reward_chest,other,52303.0,396.0,404.0,,,0.008,0.54
C. 10-19,Variant,pre_level_booster,pre_level_booster_2,items,ingame,purchase,purchase,52303.0,62.0,402.0,,,0.008,0.54
C. 10-19,Variant,pre_level_booster,pre_level_booster_2,items,season_pass_event,reward_event,meta,52303.0,252.0,393.0,,,0.008,0.53
C. 10-19,Variant,pre_level_booster,pre_level_booster_2,items,kite_festival_event,reward_event,meta,52303.0,174.0,177.0,,,0.003,0.24
C. 10-19,Variant,pre_level_booster,pre_level_booster_2,items,bundle_6_with_prelevel_boosters_tier3,purchase,purchase,52303.0,2.0,150.0,,,0.003,0.2
C. 10-19,Variant,pre_level_booster,pre_level_booster_2,items,bundle_3_with_prelevel_boosters_tier3,purchase,purchase,52303.0,25.0,56.0,,,0.001,0.08
C. 10-19,Variant,pre_level_booster,pre_level_booster_2,items,bundle_7_with_prelevel_boosters,purchase,purchase,52303.0,45.0,45.0,,,0.001,0.06
C. 10-19,Variant,pre_level_booster,pre_level_booster_2,items,rolling_offer_tier1_p299,purchase,purchase,52303.0,42.0,43.0,,,0.001,0.06
C. 10-19,Variant,pre_level_booster,pre_level_booster_2,items,bundle_2_with_prelevel_boosters2,purchase,purchase,52303.0,17.0,36.0,,,0.001,0.05
C. 10-19,Variant,pre_level_booster,pre_level_booster_2,items,rolling_offer_tier1_p199_tier3,purchase,purchase,52303.0,29.0,29.0,,,0.001,0.04
C. 10-19,Variant,pre_level_booster,pre_level_booster_2,items,bundle_3_with_prelevel_boosters2,purchase,purchase,52303.0,7.0,28.0,,,0.001,0.04
C. 10-19,Variant,pre_level_booster,pre_level_booster_2,items,bundle_6_with_prelevel_boosters2,purchase,purchase,52303.0,1.0,25.0,,,0.0,0.03
C. 10-19,Variant,pre_level_booster,pre_level_booster_2,items,great_offer1_199,purchase,purchase,52303.0,24.0,24.0,,,0.0,0.03
C. 10-19,Variant,pre_level_booster,pre_level_booster_2,items,bundle_7_with_prelevel_boosters_tier3,purchase,purchase,52303.0,14.0,17.0,,,0.0,0.02
C. 10-19,Variant,pre_level_booster,pre_level_booster_2,items,bundle_4_with_prelevel_boosters2,purchase,purchase,52303.0,2.0,16.0,,,0.0,0.02
C. 10-19,Variant,pre_level_booster,pre_level_booster_2,items,bundle_5_with_prelevel_boosters,purchase,purchase,52303.0,1.0,12.0,,,0.0,0.02
C. 10-19,Variant,pre_level_booster,pre_level_booster_2,items,bundle_2_with_prelevel_boosters,purchase,purchase,52303.0,11.0,11.0,,,0.0,0.01
C. 10-19,Variant,pre_level_booster,pre_level_booster_2,items,Photoshoot,reward_event,meta,52303.0,9.0,10.0,,,0.0,0.01
C. 10-19,Variant,pre_level_booster,pre_level_booster_2,items,bundle_7_with_prelevel_boosters2,purchase,purchase,52303.0,7.0,8.0,,,0.0,0.01
C. 10-19,Variant,pre_level_booster,pre_level_booster_2,items,ad_chest,ad_chest,ads,52303.0,6.0,7.0,,,0.0,0.01
C. 10-19,Variant,pre_level_booster,pre_level_booster_2,items,rolling_offer_tier1_p299_tier3,purchase,purchase,52303.0,6.0,6.0,,,0.0,0.01
C. 10-19,Variant,pre_level_booster,pre_level_booster_2,items,rolling_offer_p799_VarA,purchase,purchase,52303.0,6.0,6.0,,,0.0,0.01
C. 10-19,Variant,pre_level_booster,pre_level_booster_2,items,river_rush,reward_event,meta,52303.0,4.0,6.0,,,0.0,0.01
C. 10-19,Variant,pre_level_booster,pre_level_booster_2,items,bundle_2_with_prelevel_boosters_tier3,purchase,purchase,52303.0,6.0,6.0,,,0.0,0.01
C. 10-19,Variant,pre_level_booster,pre_level_booster_2,items,bundle_3_with_prelevel_boosters,purchase,purchase,52303.0,3.0,6.0,,,0.0,0.01
C. 10-19,Variant,pre_level_booster,pre_level_booster_2,items,bundle_1_with_prelevel_boosters,purchase,purchase,52303.0,3.0,3.0,,,0.0,0.0
C. 10-19,Variant,pre_level_booster,pre_level_booster_2,items,bundle_1_with_prelevel_boosters_tier3,purchase,purchase,52303.0,3.0,3.0,,,0.0,0.0
C. 10-19,Variant,pre_level_booster,pre_level_booster_2,items,rolling_offer_tier1_p1499_VarA,purchase,purchase,52303.0,2.0,3.0,,,0.0,0.0
C. 10-19,Variant,pre_level_booster,pre_level_booster_2,items,balloon_event,reward_event,meta,52303.0,1.0,1.0,,,0.0,0.0
C. 10-19,Variant,pre_level_booster,pre_level_booster_2,items,rolling_offer_p349_tier3,purchase,purchase,52303.0,1.0,1.0,,,0.0,0.0
C. 10-19,Variant,pre_level_booster,pre_level_booster_3,items,offer_free_items,rolling_offer,meta,52303.0,7138.0,7271.0,,,0.139,20.57
C. 10-19,Variant,pre_level_booster,pre_level_booster_3,items,player_level_up,reward_chest,core,52303.0,4368.0,7079.0,,,0.135,20.03
C. 10-19,Variant,pre_level_booster,pre_level_booster_3,items,saga_progression,chapter_complete,core,52303.0,5865.0,5966.0,,,0.114,16.88
C. 10-19,Variant,pre_level_booster,pre_level_booster_3,items,dream_pass_event,reward_event,meta,52303.0,2959.0,3369.0,,,0.064,9.53
C. 10-19,Variant,pre_level_booster,pre_level_booster_3,items,team_versus_contribution,reward_event,meta,52303.0,2503.0,2529.0,,,0.048,7.16
C. 10-19,Variant,pre_level_booster,pre_level_booster_3,items,Hatchling Hideaway,event_reward,meta,52303.0,2440.0,2495.0,,,0.048,7.06
C. 10-19,Variant,pre_level_booster,pre_level_booster_3,items,FlockRush,event_reward,meta,52303.0,1617.0,1678.0,,,0.032,4.75
C. 10-19,Variant,pre_level_booster,pre_level_booster_3,items,race_event,reward_event,meta,52303.0,1526.0,1552.0,,,0.03,4.39
C. 10-19,Variant,pre_level_booster,pre_level_booster_3,items,Rainbow Maker,reward_event,meta,52303.0,841.0,933.0,,,0.018,2.64
C. 10-19,Variant,pre_level_booster,pre_level_booster_3,items,ingame,purchase,purchase,52303.0,148.0,717.0,,,0.014,2.03
C. 10-19,Variant,pre_level_booster,pre_level_booster_3,items,ArcheryArena,reward_event,meta,52303.0,688.0,706.0,,,0.013,2.0
C. 10-19,Variant,pre_level_booster,pre_level_booster_3,items,reward_chest,reward_chest,other,52303.0,396.0,404.0,,,0.008,1.14
C. 10-19,Variant,pre_level_booster,pre_level_booster_3,items,bundle_6_with_prelevel_boosters_tier3,purchase,purchase,52303.0,2.0,150.0,,,0.003,0.42
C. 10-19,Variant,pre_level_booster,pre_level_booster_3,items,kite_festival_event,reward_event,meta,52303.0,80.0,80.0,,,0.002,0.23
C. 10-19,Variant,pre_level_booster,pre_level_booster_3,items,bundle_3_with_prelevel_boosters_tier3,purchase,purchase,52303.0,25.0,56.0,,,0.001,0.16
C. 10-19,Variant,pre_level_booster,pre_level_booster_3,items,bundle_7_with_prelevel_boosters,purchase,purchase,52303.0,45.0,45.0,,,0.001,0.13
C. 10-19,Variant,pre_level_booster,pre_level_booster_3,items,rolling_offer_tier1_p299,purchase,purchase,52303.0,42.0,43.0,,,0.001,0.12
C. 10-19,Variant,pre_level_booster,pre_level_booster_3,items,bundle_2_with_prelevel_boosters2,purchase,purchase,52303.0,17.0,36.0,,,0.001,0.1
C. 10-19,Variant,pre_level_booster,pre_level_booster_3,items,rolling_offer_tier1_p199_tier3,purchase,purchase,52303.0,29.0,29.0,,,0.001,0.08
C. 10-19,Variant,pre_level_booster,pre_level_booster_3,items,bundle_3_with_prelevel_boosters2,purchase,purchase,52303.0,7.0,28.0,,,0.001,0.08
C. 10-19,Variant,pre_level_booster,pre_level_booster_3,items,bundle_6_with_prelevel_boosters2,purchase,purchase,52303.0,1.0,25.0,,,0.0,0.07
C. 10-19,Variant,pre_level_booster,pre_level_booster_3,items,great_offer1_199,purchase,purchase,52303.0,24.0,24.0,,,0.0,0.07
C. 10-19,Variant,pre_level_booster,pre_level_booster_3,items,bundle_7_with_prelevel_boosters_tier3,purchase,purchase,52303.0,14.0,17.0,,,0.0,0.05
C. 10-19,Variant,pre_level_booster,pre_level_booster_3,items,bundle_4_with_prelevel_boosters2,purchase,purchase,52303.0,2.0,16.0,,,0.0,0.05
C. 10-19,Variant,pre_level_booster,pre_level_booster_3,items,season_pass_event,reward_event,meta,52303.0,9.0,12.0,,,0.0,0.03
C. 10-19,Variant,pre_level_booster,pre_level_booster_3,items,bundle_5_with_prelevel_boosters,purchase,purchase,52303.0,1.0,12.0,,,0.0,0.03
C. 10-19,Variant,pre_level_booster,pre_level_booster_3,items,bundle_2_with_prelevel_boosters,purchase,purchase,52303.0,11.0,11.0,,,0.0,0.03
C. 10-19,Variant,pre_level_booster,pre_level_booster_3,items,bundle_7_with_prelevel_boosters2,purchase,purchase,52303.0,7.0,8.0,,,0.0,0.02
C. 10-19,Variant,pre_level_booster,pre_level_booster_3,items,bundle_3_with_prelevel_boosters,purchase,purchase,52303.0,3.0,6.0,,,0.0,0.02
C. 10-19,Variant,pre_level_booster,pre_level_booster_3,items,rolling_offer_tier1_p299_tier3,purchase,purchase,52303.0,6.0,6.0,,,0.0,0.02
C. 10-19,Variant,pre_level_booster,pre_level_booster_3,items,rolling_offer_p799_VarA,purchase,purchase,52303.0,6.0,6.0,,,0.0,0.02
C. 10-19,Variant,pre_level_booster,pre_level_booster_3,items,bundle_2_with_prelevel_boosters_tier3,purchase,purchase,52303.0,6.0,6.0,,,0.0,0.02
C. 10-19,Variant,pre_level_booster,pre_level_booster_3,items,ad_chest,ad_chest,ads,52303.0,4.0,4.0,,,0.0,0.01
C. 10-19,Variant,pre_level_booster,pre_level_booster_3,items,Jigsaw,reward_event,meta,52303.0,3.0,3.0,,,0.0,0.01
C. 10-19,Variant,pre_level_booster,pre_level_booster_3,items,bundle_1_with_prelevel_boosters,purchase,purchase,52303.0,3.0,3.0,,,0.0,0.01
C. 10-19,Variant,pre_level_booster,pre_level_booster_3,items,bundle_1_with_prelevel_boosters_tier3,purchase,purchase,52303.0,3.0,3.0,,,0.0,0.01
C. 10-19,Variant,pre_level_booster,pre_level_booster_3,items,river_rush,reward_event,meta,52303.0,3.0,3.0,,,0.0,0.01
C. 10-19,Variant,pre_level_booster,pre_level_booster_3,items,rolling_offer_tier1_p1499_VarA,purchase,purchase,52303.0,2.0,3.0,,,0.0,0.01
C. 10-19,Variant,pre_level_booster,pre_level_booster_3,items,bomb_ballet_event,reward_event,meta,52303.0,2.0,2.0,,,0.0,0.01
C. 10-19,Variant,pre_level_booster,pre_level_booster_3,items,FlowerCoop,reward_event,meta,52303.0,1.0,2.0,,,0.0,0.01
C. 10-19,Variant,pre_level_booster,pre_level_booster_3,items,rolling_offer_p349_tier3,purchase,purchase,52303.0,1.0,1.0,,,0.0,0.0
C. 10-19,Variant,pre_level_booster,pre_level_booster_3,items,balloon_event,reward_event,meta,52303.0,1.0,1.0,,,0.0,0.0
C. 10-19,Variant,season_pass_multiplier_2x,SeasonPassMultiplier2x,minutes,Rainbow Maker,reward_event,meta,52303.0,8832.0,94680.0,,,1.81,93.76
C. 10-19,Variant,season_pass_multiplier_2x,SeasonPassMultiplier2x,minutes,great_offer1_299,purchase,purchase,52303.0,11.0,3960.0,,,0.076,3.92
C. 10-19,Variant,season_pass_multiplier_2x,SeasonPassMultiplier2x,minutes,great_offer1_199_tier3,purchase,purchase,52303.0,6.0,2160.0,,,0.041,2.14
C. 10-19,Variant,season_pass_multiplier_2x,SeasonPassMultiplier2x,minutes,gift,gift,other,52303.0,9.0,150.0,,,0.003,0.15
C. 10-19,Variant,season_pass_multiplier_2x,SeasonPassMultiplier2x,minutes,river_rush,reward_event,meta,52303.0,1.0,30.0,,,0.001,0.03
C. 10-19,Variant,season_pass_tokens,SeasonPassToken,items,season_pass_event,event_reward,meta,52303.0,167.0,7561.0,,,0.145,95.38
C. 10-19,Variant,season_pass_tokens,SeasonPassToken,items,season_pass_challenge_event,event_reward,meta,52303.0,4.0,186.0,,,0.004,2.35
C. 10-19,Variant,season_pass_tokens,SeasonPassToken,items,offer_free_items,rolling_offer,meta,52303.0,3.0,120.0,,,0.002,1.51
C. 10-19,Variant,season_pass_tokens,SeasonPassToken,items,race_event,reward_event,meta,52303.0,1.0,50.0,,,0.001,0.63
C. 10-19,Variant,season_pass_tokens,SeasonPassToken,items,Rainbow Maker,reward_event,meta,52303.0,1.0,10.0,,,0.0,0.13
C. 10-19,Variant,ul_pre_booster,UnlimitedBooster1,minutes,dream_pass_event,reward_event,meta,52303.0,4950.0,68865.0,,,1.317,27.51
C. 10-19,Variant,ul_pre_booster,UnlimitedBooster1,minutes,Jigsaw,reward_event,meta,52303.0,4837.0,54190.0,,,1.036,21.65
C. 10-19,Variant,ul_pre_booster,UnlimitedBooster1,minutes,daily_reward,daily_reward,core,52303.0,629.0,38820.0,,,0.742,15.51
C. 10-19,Variant,ul_pre_booster,UnlimitedBooster1,minutes,Rainbow Maker,reward_event,meta,52303.0,3016.0,35570.0,,,0.68,14.21
C. 10-19,Variant,ul_pre_booster,UnlimitedBooster1,minutes,bomb_ballet_event,reward_event,meta,52303.0,2310.0,23610.0,,,0.451,9.43
C. 10-19,Variant,ul_pre_booster,UnlimitedBooster1,minutes,Hatchling Hideaway,event_reward,meta,52303.0,754.0,7750.0,,,0.148,3.1
C. 10-19,Variant,ul_pre_booster,UnlimitedBooster1,minutes,Hard_Level_Offer1,purchase,purchase,52303.0,289.0,5900.0,,,0.113,2.36
C. 10-19,Variant,ul_pre_booster,UnlimitedBooster1,minutes,season_pass_event,reward_event,meta,52303.0,251.0,4110.0,,,0.079,1.64
C. 10-19,Variant,ul_pre_booster,UnlimitedBooster1,minutes,Hard_level_offer1_tier3,purchase,purchase,52303.0,191.0,3960.0,,,0.076,1.58
C. 10-19,Variant,ul_pre_booster,UnlimitedBooster1,minutes,great_offer1_299,purchase,purchase,52303.0,11.0,3960.0,,,0.076,1.58
C. 10-19,Variant,ul_pre_booster,UnlimitedBooster1,minutes,great_offer1_199_tier3,purchase,purchase,52303.0,6.0,2160.0,,,0.041,0.86
C. 10-19,Variant,ul_pre_booster,UnlimitedBooster1,minutes,gift,gift,other,52303.0,34.0,1200.0,,,0.023,0.48
C. 10-19,Variant,ul_pre_booster,UnlimitedBooster1,minutes,river_rush,reward_event,meta,52303.0,6.0,85.0,,,0.002,0.03
C. 10-19,Variant,ul_pre_booster,UnlimitedBooster1,minutes,Photoshoot,reward_event,meta,52303.0,3.0,45.0,,,0.001,0.02
C. 10-19,Variant,ul_pre_booster,UnlimitedBooster1,minutes,SeasonPassSummer,reward_event,meta,52303.0,1.0,30.0,,,0.001,0.01
C. 10-19,Variant,ul_pre_booster,UnlimitedBooster1,minutes,SeasonPassHalloween,reward_event,meta,52303.0,1.0,30.0,,,0.001,0.01
C. 10-19,Variant,ul_pre_booster,UnlimitedBooster1,minutes,FlowerCoop,reward_event,meta,52303.0,1.0,10.0,,,0.0,0.0
C. 10-19,Variant,ul_pre_booster,UnlimitedBooster2,minutes,daily_reward,daily_reward,core,52303.0,716.0,44220.0,,,0.845,26.77
C. 10-19,Variant,ul_pre_booster,UnlimitedBooster2,minutes,Jigsaw,reward_event,meta,52303.0,3631.0,40990.0,,,0.784,24.81
C. 10-19,Variant,ul_pre_booster,UnlimitedBooster2,minutes,dream_pass_event,reward_event,meta,52303.0,2318.0,37695.0,,,0.721,22.82
C. 10-19,Variant,ul_pre_booster,UnlimitedBooster2,minutes,bomb_ballet_event,reward_event,meta,52303.0,1970.0,20145.0,,,0.385,12.19
C. 10-19,Variant,ul_pre_booster,UnlimitedBooster2,minutes,Hard_Level_Offer1,purchase,purchase,52303.0,289.0,5900.0,,,0.113,3.57
C. 10-19,Variant,ul_pre_booster,UnlimitedBooster2,minutes,Hard_level_offer1_tier3,purchase,purchase,52303.0,191.0,3960.0,,,0.076,2.4
C. 10-19,Variant,ul_pre_booster,UnlimitedBooster2,minutes,great_offer1_299,purchase,purchase,52303.0,11.0,3960.0,,,0.076,2.4
C. 10-19,Variant,ul_pre_booster,UnlimitedBooster2,minutes,season_pass_event,reward_event,meta,52303.0,223.0,3690.0,,,0.071,2.23
C. 10-19,Variant,ul_pre_booster,UnlimitedBooster2,minutes,great_offer1_199_tier3,purchase,purchase,52303.0,6.0,2160.0,,,0.041,1.31
C. 10-19,Variant,ul_pre_booster,UnlimitedBooster2,minutes,gift,gift,other,52303.0,34.0,1200.0,,,0.023,0.73
C. 10-19,Variant,ul_pre_booster,UnlimitedBooster2,minutes,Hatchling Hideaway,event_reward,meta,52303.0,112.0,1160.0,,,0.022,0.7
C. 10-19,Variant,ul_pre_booster,UnlimitedBooster2,minutes,river_rush,reward_event,meta,52303.0,5.0,55.0,,,0.001,0.03
C. 10-19,Variant,ul_pre_booster,UnlimitedBooster2,minutes,SeasonPassHalloween,reward_event,meta,52303.0,1.0,30.0,,,0.001,0.02
C. 10-19,Variant,ul_pre_booster,UnlimitedBooster2,minutes,SeasonPassSummer,reward_event,meta,52303.0,1.0,15.0,,,0.0,0.01
C. 10-19,Variant,ul_pre_booster,UnlimitedBooster2,minutes,Photoshoot,reward_event,meta,52303.0,1.0,15.0,,,0.0,0.01
C. 10-19,Variant,ul_pre_booster,UnlimitedBooster2,minutes,balloon_event,reward_event,meta,52303.0,1.0,5.0,,,0.0,0.0
C. 10-19,Variant,ul_pre_booster,UnlimitedBooster3,minutes,daily_reward,daily_reward,core,52303.0,604.0,18510.0,,,0.354,39.53
C. 10-19,Variant,ul_pre_booster,UnlimitedBooster3,minutes,Hard_Level_Offer1,purchase,purchase,52303.0,289.0,5900.0,,,0.113,12.6
C. 10-19,Variant,ul_pre_booster,UnlimitedBooster3,minutes,Jigsaw,reward_event,meta,52303.0,393.0,4405.0,,,0.084,9.41
C. 10-19,Variant,ul_pre_booster,UnlimitedBooster3,minutes,bomb_ballet_event,reward_event,meta,52303.0,402.0,4170.0,,,0.08,8.91
C. 10-19,Variant,ul_pre_booster,UnlimitedBooster3,minutes,great_offer1_299,purchase,purchase,52303.0,11.0,3960.0,,,0.076,8.46
C. 10-19,Variant,ul_pre_booster,UnlimitedBooster3,minutes,Hard_level_offer1_tier3,purchase,purchase,52303.0,191.0,3960.0,,,0.076,8.46
C. 10-19,Variant,ul_pre_booster,UnlimitedBooster3,minutes,dream_pass_event,reward_event,meta,52303.0,173.0,2230.0,,,0.043,4.76
C. 10-19,Variant,ul_pre_booster,UnlimitedBooster3,minutes,great_offer1_199_tier3,purchase,purchase,52303.0,6.0,2160.0,,,0.041,4.61
C. 10-19,Variant,ul_pre_booster,UnlimitedBooster3,minutes,gift,gift,other,52303.0,34.0,1200.0,,,0.023,2.56
C. 10-19,Variant,ul_pre_booster,UnlimitedBooster3,minutes,season_pass_event,reward_event,meta,52303.0,15.0,190.0,,,0.004,0.41
C. 10-19,Variant,ul_pre_booster,UnlimitedBooster3,minutes,river_rush,reward_event,meta,52303.0,5.0,95.0,,,0.002,0.2
C. 10-19,Variant,ul_pre_booster,UnlimitedBooster3,minutes,SeasonPassHalloween,reward_event,meta,52303.0,1.0,30.0,,,0.001,0.06
C. 10-19,Variant,ul_pre_booster,UnlimitedBooster3,minutes,SeasonPassSummer,reward_event,meta,52303.0,1.0,15.0,,,0.0,0.03
C. 10-19,Variant,unlimited_lives,UnlimitedLives,minutes,saga_progression,chapter_complete,core,52303.0,41647.0,1647350.0,,,31.496,26.81
C. 10-19,Variant,unlimited_lives,UnlimitedLives,minutes,FlockRush,event_reward,meta,52303.0,14153.0,862920.0,,,16.498,14.04
C. 10-19,Variant,unlimited_lives,UnlimitedLives,minutes,daily_reward,daily_reward,core,52303.0,18107.0,694890.0,,,13.286,11.31
C. 10-19,Variant,unlimited_lives,UnlimitedLives,minutes,Hatchling Hideaway,event_reward,meta,52303.0,9183.0,562170.0,,,10.748,9.15
C. 10-19,Variant,unlimited_lives,UnlimitedLives,minutes,dreamheist_event,reward_event,meta,52303.0,22347.0,487630.0,,,9.323,7.94
C. 10-19,Variant,unlimited_lives,UnlimitedLives,minutes,player_level_up,reward_chest,core,52303.0,9137.0,428520.0,,,8.193,6.97
C. 10-19,Variant,unlimited_lives,UnlimitedLives,minutes,Rainbow Maker,reward_event,meta,52303.0,14215.0,372865.0,,,7.129,6.07
C. 10-19,Variant,unlimited_lives,UnlimitedLives,minutes,ArcheryArena,reward_event,meta,52303.0,11072.0,346440.0,,,6.624,5.64
C. 10-19,Variant,unlimited_lives,UnlimitedLives,minutes,dream_pass_event,reward_event,meta,52303.0,6951.0,300510.0,,,5.746,4.89
C. 10-19,Variant,unlimited_lives,UnlimitedLives,minutes,kite_festival_event,reward_event,meta,52303.0,3580.0,118450.0,,,2.265,1.93
C. 10-19,Variant,unlimited_lives,UnlimitedLives,minutes,Jigsaw,reward_event,meta,52303.0,2420.0,87570.0,,,1.674,1.43
C. 10-19,Variant,unlimited_lives,UnlimitedLives,minutes,offer_free_items,rolling_offer,meta,52303.0,1283.0,55580.0,,,1.063,0.9
C. 10-19,Variant,unlimited_lives,UnlimitedLives,minutes,bomb_ballet_event,reward_event,meta,52303.0,1480.0,47460.0,,,0.907,0.77
C. 10-19,Variant,unlimited_lives,UnlimitedLives,minutes,ad_chest,ad_chest,ads,52303.0,3260.0,45200.0,,,0.864,0.74
C. 10-19,Variant,unlimited_lives,UnlimitedLives,minutes,season_pass_event,reward_event,meta,52303.0,324.0,23370.0,,,0.447,0.38
C. 10-19,Variant,unlimited_lives,UnlimitedLives,minutes,race_event,reward_event,meta,52303.0,377.0,19200.0,,,0.367,0.31
C. 10-19,Variant,unlimited_lives,UnlimitedLives,minutes,reward_chest,reward_chest,other,52303.0,398.0,12140.0,,,0.232,0.2
C. 10-19,Variant,unlimited_lives,UnlimitedLives,minutes,bundle_6_with_prelevel_boosters_tier3,purchase,purchase,52303.0,2.0,8640.0,,,0.165,0.14
C. 10-19,Variant,unlimited_lives,UnlimitedLives,minutes,Hard_Level_Offer1,purchase,purchase,52303.0,289.0,5900.0,,,0.113,0.1
C. 10-19,Variant,unlimited_lives,UnlimitedLives,minutes,great_offer1_299,purchase,purchase,52303.0,11.0,3960.0,,,0.076,0.06
C. 10-19,Variant,unlimited_lives,UnlimitedLives,minutes,Hard_level_offer1_tier3,purchase,purchase,52303.0,191.0,3960.0,,,0.076,0.06
C. 10-19,Variant,unlimited_lives,UnlimitedLives,minutes,great_offer1_199_tier3,purchase,purchase,52303.0,6.0,2160.0,,,0.041,0.04
C. 10-19,Variant,unlimited_lives,UnlimitedLives,minutes,gift,gift,other,52303.0,34.0,1200.0,,,0.023,0.02
C. 10-19,Variant,unlimited_lives,UnlimitedLives,minutes,bundle_6_with_prelevel_boosters2,purchase,purchase,52303.0,1.0,1080.0,,,0.021,0.02
C. 10-19,Variant,unlimited_lives,UnlimitedLives,minutes,league_rank_up,league_reward,meta,52303.0,22.0,843.0,,,0.016,0.01
C. 10-19,Variant,unlimited_lives,UnlimitedLives,minutes,bundle_3_with_prelevel_boosters2,purchase,purchase,52303.0,7.0,840.0,,,0.016,0.01
C. 10-19,Variant,unlimited_lives,UnlimitedLives,minutes,rolling_offer_tier1_p499_VarA,purchase,purchase,52303.0,19.0,760.0,,,0.015,0.01
C. 10-19,Variant,unlimited_lives,UnlimitedLives,minutes,bundle_4_with_prelevel_boosters2,purchase,purchase,52303.0,2.0,720.0,,,0.014,0.01
C. 10-19,Variant,unlimited_lives,UnlimitedLives,minutes,bundle_5_with_prelevel_boosters,purchase,purchase,52303.0,1.0,720.0,,,0.014,0.01
C. 10-19,Variant,unlimited_lives,UnlimitedLives,minutes,rolling_offer_p799_VarA,purchase,purchase,52303.0,6.0,360.0,,,0.007,0.01
C. 10-19,Variant,unlimited_lives,UnlimitedLives,minutes,rolling_offer_tier1_p1499_VarA,purchase,purchase,52303.0,2.0,360.0,,,0.007,0.01
C. 10-19,Variant,unlimited_lives,UnlimitedLives,minutes,Photoshoot,reward_event,meta,52303.0,5.0,240.0,,,0.005,0.0
C. 10-19,Variant,unlimited_lives,UnlimitedLives,minutes,rolling_offer_p049_tier3,purchase,purchase,52303.0,4.0,180.0,,,0.003,0.0
C. 10-19,Variant,unlimited_lives,UnlimitedLives,minutes,rolling_offer_p099_VarA,purchase,purchase,52303.0,4.0,180.0,,,0.003,0.0
C. 10-19,Variant,unlimited_lives,UnlimitedLives,minutes,rolling_offer_tier1_p299_tier3,purchase,purchase,52303.0,6.0,180.0,,,0.003,0.0
C. 10-19,Variant,unlimited_lives,UnlimitedLives,minutes,wager_event,reward_event,meta,52303.0,1.0,100.0,,,0.002,0.0
C. 10-19,Variant,unlimited_lives,UnlimitedLives,minutes,rolling_offer_p349_tier3,purchase,purchase,52303.0,1.0,60.0,,,0.001,0.0
C. 10-19,Variant,unlimited_lives,UnlimitedLives,minutes,river_rush,reward_event,meta,52303.0,3.0,60.0,,,0.001,0.0
C. 10-19,Variant,unlimited_lives,UnlimitedLives,minutes,balloon_event,reward_event,meta,52303.0,1.0,30.0,,,0.001,0.0
D. 20-39,Control,Avatar,Avatar,items,saga_progression,chapter_complete,core,43612.0,14181.0,20145.0,,,0.462,99.96
D. 20-39,Control,Avatar,Avatar,items,season_pass_event,reward_event,meta,43612.0,5.0,6.0,,,0.0,0.03
D. 20-39,Control,Avatar,Avatar,items,single_collection,reward_event,meta,43612.0,3.0,3.0,,,0.0,0.01
D. 20-39,Control,currency,HardCoin,coins,saga_progression,chapter_complete,core,43612.0,39778.0,2257155.0,2257155.0,0.0,51.755,30.0
D. 20-39,Control,currency,HardCoin,coins,player_level_up,reward_chest,core,43612.0,26274.0,1476945.0,1476945.0,0.0,33.866,19.63
D. 20-39,Control,currency,HardCoin,coins,daily_reward,daily_reward,core,43612.0,21534.0,767920.0,767920.0,0.0,17.608,10.21
D. 20-39,Control,currency,HardCoin,coins,race_event,reward_event,meta,43612.0,5979.0,371800.0,371800.0,0.0,8.525,4.94
D. 20-39,Control,currency,HardCoin,coins,team_collection,reward_event,meta,43612.0,2751.0,314030.0,314030.0,0.0,7.201,4.17
D. 20-39,Control,currency,HardCoin,coins,team_versus,reward_event,meta,43612.0,2373.0,240015.0,240015.0,0.0,5.503,3.19
D. 20-39,Control,currency,HardCoin,coins,dream_pass_event,reward_event,meta,43612.0,8364.0,233755.0,233755.0,0.0,5.36,3.11
D. 20-39,Control,currency,HardCoin,coins,single_collection,reward_event,meta,43612.0,1948.0,220400.0,220400.0,0.0,5.054,2.93
D. 20-39,Control,currency,HardCoin,coins,team_versus_contribution,reward_event,meta,43612.0,3305.0,172410.0,172410.0,0.0,3.953,2.29
D. 20-39,Control,currency,HardCoin,coins,Hatchling Hideaway,event_reward,meta,43612.0,7858.0,145045.0,145045.0,0.0,3.326,1.93
D. 20-39,Control,currency,HardCoin,coins,Jigsaw,reward_event,meta,43612.0,4588.0,135350.0,135350.0,0.0,3.104,1.8
D. 20-39,Control,currency,HardCoin,coins,ArcheryArena,reward_event,meta,43612.0,1146.0,126625.0,126625.0,0.0,2.903,1.68
D. 20-39,Control,currency,HardCoin,coins,ad_chest,ad_chest,ads,43612.0,5552.0,118195.0,118195.0,0.0,2.71,1.57
D. 20-39,Control,currency,HardCoin,coins,red_event,reward_event,meta,43612.0,1066.0,114800.0,114800.0,0.0,2.632,1.53
D. 20-39,Control,currency,HardCoin,coins,river_rush,reward_event,meta,43612.0,1631.0,106140.0,106140.0,0.0,2.434,1.41
D. 20-39,Control,currency,HardCoin,coins,bomb_event,reward_event,meta,43612.0,940.0,98500.0,98500.0,0.0,2.259,1.31
D. 20-39,Control,currency,HardCoin,coins,xs_coins_tier3,purchase,purchase,43612.0,193.0,55200.0,0.0,55200.0,1.266,0.73
D. 20-39,Control,currency,HardCoin,coins,reward_chest,reward_chest,other,43612.0,532.0,54195.0,54195.0,0.0,1.243,0.72
D. 20-39,Control,currency,HardCoin,coins,xs_coins2,purchase,purchase,43612.0,203.0,48100.0,0.0,48100.0,1.103,0.64
D. 20-39,Control,currency,HardCoin,coins,dream_peak,reward_event,core,43612.0,143.0,43800.0,43800.0,0.0,1.004,0.58
D. 20-39,Control,currency,HardCoin,coins,bundle_3_with_prelevel_boosters_tier3,purchase,purchase,43612.0,32.0,39000.0,0.0,39000.0,0.894,0.52
D. 20-39,Control,currency,HardCoin,coins,kite_festival_event,reward_event,meta,43612.0,182.0,34825.0,34825.0,0.0,0.799,0.46
D. 20-39,Control,currency,HardCoin,coins,facebook_like,facebook_like,other,43612.0,244.0,28300.0,28300.0,0.0,0.649,0.38
D. 20-39,Control,currency,HardCoin,coins,Hard_Level_Offer1,purchase,purchase,43612.0,259.0,26800.0,0.0,26800.0,0.615,0.36
D. 20-39,Control,currency,HardCoin,coins,bundle_2_with_prelevel_boosters2,purchase,purchase,43612.0,38.0,22500.0,0.0,22500.0,0.516,0.3
D. 20-39,Control,currency,HardCoin,coins,Hard_level_offer1_tier3,purchase,purchase,43612.0,162.0,16800.0,0.0,16800.0,0.385,0.22
D. 20-39,Control,currency,HardCoin,coins,s_coins2,purchase,purchase,43612.0,10.0,14500.0,0.0,14500.0,0.332,0.19
D. 20-39,Control,currency,HardCoin,coins,special_offer1,purchase,purchase,43612.0,48.0,14400.0,0.0,14400.0,0.33,0.19
D. 20-39,Control,currency,HardCoin,coins,bomb_ballet_event,reward_event,meta,43612.0,553.0,14325.0,14325.0,0.0,0.328,0.19
D. 20-39,Control,currency,HardCoin,coins,rolling_offer_tier1_p299,purchase,purchase,43612.0,60.0,12000.0,0.0,12000.0,0.275,0.16
D. 20-39,Control,currency,HardCoin,coins,bundle_2_with_prelevel_boosters,purchase,purchase,43612.0,21.0,11000.0,0.0,11000.0,0.252,0.15
D. 20-39,Control,currency,HardCoin,coins,bundle_7_with_prelevel_boosters,purchase,purchase,43612.0,67.0,10050.0,0.0,10050.0,0.23,0.13
D. 20-39,Control,currency,HardCoin,coins,xxl_coins2,purchase,purchase,43612.0,1.0,10000.0,0.0,10000.0,0.229,0.13
D. 20-39,Control,currency,HardCoin,coins,bundle_3_with_prelevel_boosters2,purchase,purchase,43612.0,9.0,10000.0,0.0,10000.0,0.229,0.13
D. 20-39,Control,currency,HardCoin,coins,rolling_offer_tier1_p499_VarA,purchase,purchase,43612.0,33.0,9900.0,0.0,9900.0,0.227,0.13
D. 20-39,Control,currency,HardCoin,coins,heart_gift,heart_gift,other,43612.0,4294.0,9807.0,9807.0,0.0,0.225,0.13
D. 20-39,Control,currency,HardCoin,coins,s_coins_tier3,purchase,purchase,43612.0,13.0,8500.0,0.0,8500.0,0.195,0.11
D. 20-39,Control,currency,HardCoin,coins,bundle_6_with_prelevel_boosters2,purchase,purchase,43612.0,1.0,6500.0,0.0,6500.0,0.149,0.09
D. 20-39,Control,currency,HardCoin,coins,special_offer1_tier3,purchase,purchase,43612.0,20.0,6000.0,0.0,6000.0,0.138,0.08
D. 20-39,Control,currency,HardCoin,coins,rolling_offer_p799_VarA,purchase,purchase,43612.0,12.0,6000.0,0.0,6000.0,0.138,0.08
D. 20-39,Control,currency,HardCoin,coins,m_coins2,purchase,purchase,43612.0,4.0,6000.0,0.0,6000.0,0.138,0.08
D. 20-39,Control,currency,HardCoin,coins,m_coins_tier3,purchase,purchase,43612.0,6.0,6000.0,0.0,6000.0,0.138,0.08
D. 20-39,Control,currency,HardCoin,coins,bundle_2_with_prelevel_boosters_tier3,purchase,purchase,43612.0,12.0,6000.0,0.0,6000.0,0.138,0.08
D. 20-39,Control,currency,HardCoin,coins,rolling_offer_tier1_p199_tier3,purchase,purchase,43612.0,28.0,5800.0,0.0,5800.0,0.133,0.08
D. 20-39,Control,currency,HardCoin,coins,bundle_4_with_prelevel_boosters2,purchase,purchase,43612.0,2.0,5000.0,0.0,5000.0,0.115,0.07
D. 20-39,Control,currency,HardCoin,coins,rolling_offer_tier1_p299_tier3,purchase,purchase,43612.0,12.0,4800.0,0.0,4800.0,0.11,0.06
D. 20-39,Control,currency,HardCoin,coins,season_pass_event,reward_event,meta,43612.0,207.0,4415.0,4375.0,40.0,0.101,0.06
D. 20-39,Control,currency,HardCoin,coins,offer_free_items,rolling_offer,meta,43612.0,36.0,4150.0,4150.0,0.0,0.095,0.06
D. 20-39,Control,currency,HardCoin,coins,bundle_5_with_prelevel_boosters,purchase,purchase,43612.0,1.0,4000.0,0.0,4000.0,0.092,0.05
D. 20-39,Control,currency,HardCoin,coins,bundle_7_with_prelevel_boosters_tier3,purchase,purchase,43612.0,22.0,3750.0,0.0,3750.0,0.086,0.05
D. 20-39,Control,currency,HardCoin,coins,bundle_1_with_prelevel_boosters_tier3,purchase,purchase,43612.0,16.0,3600.0,0.0,3600.0,0.083,0.05
D. 20-39,Control,currency,HardCoin,coins,special_offer12,purchase,purchase,43612.0,3.0,3600.0,0.0,3600.0,0.083,0.05
D. 20-39,Control,currency,HardCoin,coins,special_offer3,purchase,purchase,43612.0,7.0,3500.0,0.0,3500.0,0.08,0.05
D. 20-39,Control,currency,HardCoin,coins,special_offer9,purchase,purchase,43612.0,13.0,3250.0,0.0,3250.0,0.075,0.04
D. 20-39,Control,currency,HardCoin,coins,rolling_offer_tier1_p1499_VarA,purchase,purchase,43612.0,3.0,3000.0,0.0,3000.0,0.069,0.04
D. 20-39,Control,currency,HardCoin,coins,rolling_offer_p1999_VarA,purchase,purchase,43612.0,2.0,3000.0,0.0,3000.0,0.069,0.04
D. 20-39,Control,currency,HardCoin,coins,special_offer5_tier3,purchase,purchase,43612.0,1.0,3000.0,0.0,3000.0,0.069,0.04
D. 20-39,Control,currency,HardCoin,coins,bundle_7_with_prelevel_boosters2,purchase,purchase,43612.0,9.0,2700.0,0.0,2700.0,0.062,0.04
D. 20-39,Control,currency,HardCoin,coins,great_offer1_199,purchase,purchase,43612.0,17.0,2700.0,0.0,2700.0,0.062,0.04
D. 20-39,Control,currency,HardCoin,coins,special_offer8_tier3,purchase,purchase,43612.0,6.0,2400.0,0.0,2400.0,0.055,0.03
D. 20-39,Control,currency,HardCoin,coins,special_offer8,purchase,purchase,43612.0,9.0,2250.0,0.0,2250.0,0.052,0.03
D. 20-39,Control,currency,HardCoin,coins,rolling_offer_p349_tier3,purchase,purchase,43612.0,4.0,2200.0,0.0,2200.0,0.05,0.03
D. 20-39,Control,currency,HardCoin,coins,great_offer1_299,purchase,purchase,43612.0,18.0,2100.0,0.0,2100.0,0.048,0.03
D. 20-39,Control,currency,HardCoin,coins,bundle_4_with_prelevel_boosters,purchase,purchase,43612.0,1.0,2000.0,0.0,2000.0,0.046,0.03
D. 20-39,Control,currency,HardCoin,coins,bundle_4_with_prelevel_boosters_tier3,purchase,purchase,43612.0,1.0,2000.0,0.0,2000.0,0.046,0.03
D. 20-39,Control,currency,HardCoin,coins,special_offer11_tier3,purchase,purchase,43612.0,2.0,2000.0,0.0,2000.0,0.046,0.03
D. 20-39,Control,currency,HardCoin,coins,purchase,purchase,purchase,43612.0,1.0,1960.0,0.0,1960.0,0.045,0.03
D. 20-39,Control,currency,HardCoin,coins,special_offer9_tier3,purchase,purchase,43612.0,6.0,1800.0,0.0,1800.0,0.041,0.02
D. 20-39,Control,currency,HardCoin,coins,special_offer3_tier3,purchase,purchase,43612.0,2.0,1600.0,0.0,1600.0,0.037,0.02
D. 20-39,Control,currency,HardCoin,coins,rolling_offer_p049_tier3,purchase,purchase,43612.0,10.0,1500.0,0.0,1500.0,0.034,0.02
D. 20-39,Control,currency,HardCoin,coins,gift,gift,other,43612.0,6.0,1400.0,1400.0,0.0,0.032,0.02
D. 20-39,Control,currency,HardCoin,coins,special_offer11,purchase,purchase,43612.0,2.0,1400.0,0.0,1400.0,0.032,0.02
D. 20-39,Control,currency,HardCoin,coins,great_offer1_199_tier3,purchase,purchase,43612.0,13.0,1300.0,0.0,1300.0,0.03,0.02
D. 20-39,Control,currency,HardCoin,coins,chuck_event,reward_event,meta,43612.0,12.0,1200.0,1200.0,0.0,0.028,0.02
D. 20-39,Control,currency,HardCoin,coins,rolling_offer_p099_VarA,purchase,purchase,43612.0,6.0,1200.0,0.0,1200.0,0.028,0.02
D. 20-39,Control,currency,HardCoin,coins,rolling_offer_tier1_p799_tier3,purchase,purchase,43612.0,1.0,1100.0,0.0,1100.0,0.025,0.01
D. 20-39,Control,currency,HardCoin,coins,Photoshoot,reward_event,meta,43612.0,41.0,1050.0,1050.0,0.0,0.024,0.01
D. 20-39,Control,currency,HardCoin,coins,special_offer10_tier3,purchase,purchase,43612.0,2.0,1000.0,0.0,1000.0,0.023,0.01
D. 20-39,Control,currency,HardCoin,coins,bundle_3_with_prelevel_boosters,purchase,purchase,43612.0,1.0,1000.0,0.0,1000.0,0.023,0.01
D. 20-39,Control,currency,HardCoin,coins,special_offer10,purchase,purchase,43612.0,2.0,600.0,0.0,600.0,0.014,0.01
D. 20-39,Control,currency,HardCoin,coins,bundle_1_with_prelevel_boosters,purchase,purchase,43612.0,3.0,600.0,0.0,600.0,0.014,0.01
D. 20-39,Control,currency,HardCoin,coins,wager_event,reward_event,meta,43612.0,4.0,475.0,475.0,0.0,0.011,0.01
D. 20-39,Control,currency,HardCoin,coins,event_progress,reward_event,meta,43612.0,6.0,175.0,175.0,0.0,0.004,0.0
D. 20-39,Control,currency,HardCoin,coins,xs_coins,purchase,purchase,43612.0,1.0,150.0,0.0,150.0,0.003,0.0
D. 20-39,Control,currency,HardCoin,coins,Rainbow Maker,reward_event,meta,43612.0,4.0,102.0,102.0,0.0,0.002,0.0
D. 20-39,Control,currency,HardCoin,coins,reds_club,reds_club,other,43612.0,1.0,100.0,100.0,0.0,0.002,0.0
D. 20-39,Control,currency,HardCoin,coins,league_rank_up,league_reward,meta,43612.0,1.0,40.0,40.0,0.0,0.001,0.0
D. 20-39,Control,currency,HardCoin,coins,Bomb,reward_event,meta,43612.0,1.0,20.0,20.0,0.0,0.0,0.0
D. 20-39,Control,currency,HardCoin,coins,dreamheist_event,reward_event,meta,43612.0,1.0,15.0,15.0,0.0,0.0,0.0
D. 20-39,Control,currency,HardCoin,coins,saga_progression,reward_chest,core,43612.0,1.0,15.0,15.0,0.0,0.0,0.0
D. 20-39,Control,currency,HardCoin,coins,unknown,,other,43612.0,1.0,10.0,10.0,0.0,0.0,0.0
D. 20-39,Control,dream_pass_tokens,DreamPassToken,items,race_event,reward_event,meta,43612.0,7296.0,364770.0,,,8.364,42.46
D. 20-39,Control,dream_pass_tokens,DreamPassToken,items,offer_free_items,rolling_offer,meta,43612.0,6592.0,296360.0,,,6.795,34.5
D. 20-39,Control,dream_pass_tokens,DreamPassToken,items,kite_festival_event,reward_event,meta,43612.0,668.0,96505.0,,,2.213,11.23
D. 20-39,Control,dream_pass_tokens,DreamPassToken,items,FlockRush,event_reward,meta,43612.0,3581.0,74680.0,,,1.712,8.69
D. 20-39,Control,dream_pass_tokens,DreamPassToken,items,river_rush,reward_event,meta,43612.0,787.0,25170.0,,,0.577,2.93
D. 20-39,Control,dream_pass_tokens,DreamPassToken,items,wager_event,reward_event,meta,43612.0,6.0,930.0,,,0.021,0.11
D. 20-39,Control,dream_pass_tokens,DreamPassToken,items,Rainbow Maker,reward_event,meta,43612.0,5.0,588.0,,,0.013,0.07
D. 20-39,Control,dream_pass_tokens,DreamPassToken,items,special_event,reward_event,meta,43612.0,1.0,50.0,,,0.001,0.01
D. 20-39,Control,dream_pass_tokens,DreamPassToken,items,ArcheryArena,reward_event,meta,43612.0,3.0,30.0,,,0.001,0.0
D. 20-39,Control,life,life,items,ask_for_lives,ask_for_lives,other,43612.0,2078.0,8654.0,,,0.198,72.66
D. 20-39,Control,life,life,items,ad_life,ad_life,ads,43612.0,2186.0,3257.0,,,0.075,27.34
D. 20-39,Control,life,liferefill,items,coin_purchase,coin_purchase,other,43612.0,2024.0,16870.0,,,0.387,100.0
D. 20-39,Control,orb,Movie_Magic,items,dream_pass_event,reward_event,meta,43612.0,4.0,4.0,,,0.0,100.0
D. 20-39,Control,orb,Ocean_rescue,items,dream_pass_event,reward_event,meta,43612.0,1.0,1.0,,,0.0,100.0
D. 20-39,Control,orb,Reds_Greatest_Challenge,items,dream_pass_event,reward_event,meta,43612.0,1530.0,1530.0,,,0.035,100.0
D. 20-39,Control,powerup,powerup_1,items,saga_progression,chapter_complete,core,43612.0,9056.0,9148.0,,,0.21,30.92
D. 20-39,Control,powerup,powerup_1,items,player_level_up,reward_chest,core,43612.0,4238.0,4277.0,,,0.098,14.45
D. 20-39,Control,powerup,powerup_1,items,team_versus,reward_event,meta,43612.0,3512.0,3559.0,,,0.082,12.03
D. 20-39,Control,powerup,powerup_1,items,race_event,reward_event,meta,43612.0,2201.0,2235.0,,,0.051,7.55
D. 20-39,Control,powerup,powerup_1,items,team_versus_contribution,reward_event,meta,43612.0,2026.0,2043.0,,,0.047,6.9
D. 20-39,Control,powerup,powerup_1,items,river_rush,reward_event,meta,43612.0,1333.0,1434.0,,,0.033,4.85
D. 20-39,Control,powerup,powerup_1,items,ad_chest,ad_chest,ads,43612.0,1056.0,1171.0,,,0.027,3.96
D. 20-39,Control,powerup,powerup_1,items,Hatchling Hideaway,event_reward,meta,43612.0,1081.0,1115.0,,,0.026,3.77
D. 20-39,Control,powerup,powerup_1,items,team_collection,reward_event,meta,43612.0,759.0,1071.0,,,0.025,3.62
D. 20-39,Control,powerup,powerup_1,items,reward_chest,reward_chest,other,43612.0,527.0,541.0,,,0.012,1.83
D. 20-39,Control,powerup,powerup_1,items,single_collection,reward_event,meta,43612.0,491.0,522.0,,,0.012,1.76
D. 20-39,Control,powerup,powerup_1,items,daily_reward,daily_reward,core,43612.0,365.0,372.0,,,0.009,1.26
D. 20-39,Control,powerup,powerup_1,items,ArcheryArena,reward_event,meta,43612.0,322.0,327.0,,,0.007,1.11
D. 20-39,Control,powerup,powerup_1,items,dream_pass_event,reward_event,meta,43612.0,189.0,291.0,,,0.007,0.98
D. 20-39,Control,powerup,powerup_1,items,red_event,reward_event,meta,43612.0,260.0,270.0,,,0.006,0.91
D. 20-39,Control,powerup,powerup_1,items,bomb_event,reward_event,meta,43612.0,209.0,217.0,,,0.005,0.73
D. 20-39,Control,powerup,powerup_1,items,ingame,purchase,purchase,43612.0,34.0,129.0,,,0.003,0.44
D. 20-39,Control,powerup,powerup_1,items,bundle_2_with_prelevel_boosters2,purchase,purchase,43612.0,38.0,90.0,,,0.002,0.3
D. 20-39,Control,powerup,powerup_1,items,bundle_3_with_prelevel_boosters_tier3,purchase,purchase,43612.0,32.0,78.0,,,0.002,0.26
D. 20-39,Control,powerup,powerup_1,items,bundle_7_with_prelevel_boosters,purchase,purchase,43612.0,67.0,67.0,,,0.002,0.23
D. 20-39,Control,powerup,powerup_1,items,rolling_offer_tier1_p299,purchase,purchase,43612.0,60.0,60.0,,,0.001,0.2
D. 20-39,Control,powerup,powerup_1,items,offer_free_items,rolling_offer,meta,43612.0,52.0,59.0,,,0.001,0.2
D. 20-39,Control,powerup,powerup_1,items,kite_festival_event,reward_event,meta,43612.0,47.0,48.0,,,0.001,0.16
D. 20-39,Control,powerup,powerup_1,items,bundle_3_with_prelevel_boosters2,purchase,purchase,43612.0,9.0,40.0,,,0.001,0.14
D. 20-39,Control,powerup,powerup_1,items,rolling_offer_tier1_p499_VarA,purchase,purchase,43612.0,33.0,33.0,,,0.001,0.11
D. 20-39,Control,powerup,powerup_1,items,dream_peak,reward_event,core,43612.0,23.0,30.0,,,0.001,0.1
D. 20-39,Control,powerup,powerup_1,items,rolling_offer_tier1_p199_tier3,purchase,purchase,43612.0,28.0,29.0,,,0.001,0.1
D. 20-39,Control,powerup,powerup_1,items,Jigsaw,reward_event,meta,43612.0,27.0,27.0,,,0.001,0.09
D. 20-39,Control,powerup,powerup_1,items,bundle_6_with_prelevel_boosters2,purchase,purchase,43612.0,1.0,25.0,,,0.001,0.08
D. 20-39,Control,powerup,powerup_1,items,bundle_7_with_prelevel_boosters_tier3,purchase,purchase,43612.0,22.0,25.0,,,0.001,0.08
D. 20-39,Control,powerup,powerup_1,items,bundle_2_with_prelevel_boosters,purchase,purchase,43612.0,21.0,22.0,,,0.001,0.07
D. 20-39,Control,powerup,powerup_1,items,special_offer3,purchase,purchase,43612.0,7.0,21.0,,,0.0,0.07
D. 20-39,Control,powerup,powerup_1,items,bundle_1_with_prelevel_boosters_tier3,purchase,purchase,43612.0,16.0,18.0,,,0.0,0.06
D. 20-39,Control,powerup,powerup_1,items,bundle_4_with_prelevel_boosters2,purchase,purchase,43612.0,2.0,16.0,,,0.0,0.05
D. 20-39,Control,powerup,powerup_1,items,special_offer9,purchase,purchase,43612.0,13.0,13.0,,,0.0,0.04
D. 20-39,Control,powerup,powerup_1,items,bundle_5_with_prelevel_boosters,purchase,purchase,43612.0,1.0,12.0,,,0.0,0.04
D. 20-39,Control,powerup,powerup_1,items,bundle_2_with_prelevel_boosters_tier3,purchase,purchase,43612.0,12.0,12.0,,,0.0,0.04
D. 20-39,Control,powerup,powerup_1,items,rolling_offer_p799_VarA,purchase,purchase,43612.0,12.0,12.0,,,0.0,0.04
D. 20-39,Control,powerup,powerup_1,items,rolling_offer_tier1_p299_tier3,purchase,purchase,43612.0,12.0,12.0,,,0.0,0.04
D. 20-39,Control,powerup,powerup_1,items,rolling_offer_p049_tier3,purchase,purchase,43612.0,10.0,10.0,,,0.0,0.03
D. 20-39,Control,powerup,powerup_1,items,special_offer8,purchase,purchase,43612.0,9.0,9.0,,,0.0,0.03
D. 20-39,Control,powerup,powerup_1,items,bundle_7_with_prelevel_boosters2,purchase,purchase,43612.0,9.0,9.0,,,0.0,0.03
D. 20-39,Control,powerup,powerup_1,items,special_offer12,purchase,purchase,43612.0,3.0,9.0,,,0.0,0.03
D. 20-39,Control,powerup,powerup_1,items,special_offer5_tier3,purchase,purchase,43612.0,1.0,7.0,,,0.0,0.02
D. 20-39,Control,powerup,powerup_1,items,special_offer8_tier3,purchase,purchase,43612.0,6.0,6.0,,,0.0,0.02
D. 20-39,Control,powerup,powerup_1,items,special_offer11_tier3,purchase,purchase,43612.0,2.0,6.0,,,0.0,0.02
D. 20-39,Control,powerup,powerup_1,items,special_offer9_tier3,purchase,purchase,43612.0,6.0,6.0,,,0.0,0.02
D. 20-39,Control,powerup,powerup_1,items,special_offer11,purchase,purchase,43612.0,2.0,6.0,,,0.0,0.02
D. 20-39,Control,powerup,powerup_1,items,rolling_offer_p099_VarA,purchase,purchase,43612.0,6.0,6.0,,,0.0,0.02
D. 20-39,Control,powerup,powerup_1,items,special_offer3_tier3,purchase,purchase,43612.0,2.0,6.0,,,0.0,0.02
D. 20-39,Control,powerup,powerup_1,items,bundle_4_with_prelevel_boosters_tier3,purchase,purchase,43612.0,1.0,5.0,,,0.0,0.02
D. 20-39,Control,powerup,powerup_1,items,bundle_4_with_prelevel_boosters,purchase,purchase,43612.0,1.0,5.0,,,0.0,0.02
D. 20-39,Control,powerup,powerup_1,items,rolling_offer_p349_tier3,purchase,purchase,43612.0,4.0,4.0,,,0.0,0.01
D. 20-39,Control,powerup,powerup_1,items,rolling_offer_p1999_VarA,purchase,purchase,43612.0,2.0,4.0,,,0.0,0.01
D. 20-39,Control,powerup,powerup_1,items,rolling_offer_tier1_p1499_VarA,purchase,purchase,43612.0,3.0,3.0,,,0.0,0.01
D. 20-39,Control,powerup,powerup_1,items,gift,gift,other,43612.0,3.0,3.0,,,0.0,0.01
D. 20-39,Control,powerup,powerup_1,items,bundle_1_with_prelevel_boosters,purchase,purchase,43612.0,3.0,3.0,,,0.0,0.01
D. 20-39,Control,powerup,powerup_1,items,special_offer10,purchase,purchase,43612.0,2.0,2.0,,,0.0,0.01
D. 20-39,Control,powerup,powerup_1,items,Rainbow Maker,reward_event,meta,43612.0,2.0,2.0,,,0.0,0.01
D. 20-39,Control,powerup,powerup_1,items,bundle_3_with_prelevel_boosters,purchase,purchase,43612.0,1.0,2.0,,,0.0,0.01
D. 20-39,Control,powerup,powerup_1,items,special_offer10_tier3,purchase,purchase,43612.0,2.0,2.0,,,0.0,0.01
D. 20-39,Control,powerup,powerup_1,items,bomb_ballet_event,reward_event,meta,43612.0,1.0,1.0,,,0.0,0.0
D. 20-39,Control,powerup,powerup_1,items,chuck_event,reward_event,meta,43612.0,1.0,1.0,,,0.0,0.0
D. 20-39,Control,powerup,powerup_1,items,rolling_offer_tier1_p799_tier3,purchase,purchase,43612.0,1.0,1.0,,,0.0,0.0
D. 20-39,Control,powerup,powerup_1,items,season_pass_event,reward_event,meta,43612.0,1.0,1.0,,,0.0,0.0
D. 20-39,Control,powerup,powerup_2,items,saga_progression,chapter_complete,core,43612.0,16256.0,20356.0,,,0.467,29.92
D. 20-39,Control,powerup,powerup_2,items,player_level_up,reward_chest,core,43612.0,10941.0,12191.0,,,0.28,17.92
D. 20-39,Control,powerup,powerup_2,items,daily_reward,daily_reward,core,43612.0,6589.0,6737.0,,,0.154,9.9
D. 20-39,Control,powerup,powerup_2,items,FlockRush,event_reward,meta,43612.0,3841.0,4006.0,,,0.092,5.89
D. 20-39,Control,powerup,powerup_2,items,team_collection,reward_event,meta,43612.0,2071.0,3479.0,,,0.08,5.11
D. 20-39,Control,powerup,powerup_2,items,Hatchling Hideaway,event_reward,meta,43612.0,2795.0,2837.0,,,0.065,4.17
D. 20-39,Control,powerup,powerup_2,items,ad_chest,ad_chest,ads,43612.0,2236.0,2593.0,,,0.059,3.81
D. 20-39,Control,powerup,powerup_2,items,single_collection,reward_event,meta,43612.0,2365.0,2485.0,,,0.057,3.65
D. 20-39,Control,powerup,powerup_2,items,team_versus,reward_event,meta,43612.0,1890.0,1907.0,,,0.044,2.8
D. 20-39,Control,powerup,powerup_2,items,race_event,reward_event,meta,43612.0,1748.0,1770.0,,,0.041,2.6
D. 20-39,Control,powerup,powerup_2,items,dream_pass_event,reward_event,meta,43612.0,1354.0,1585.0,,,0.036,2.33
D. 20-39,Control,powerup,powerup_2,items,bomb_event,reward_event,meta,43612.0,1463.0,1511.0,,,0.035,2.22
D. 20-39,Control,powerup,powerup_2,items,red_event,reward_event,meta,43612.0,1289.0,1322.0,,,0.03,1.94
D. 20-39,Control,powerup,powerup_2,items,ArcheryArena,reward_event,meta,43612.0,1287.0,1321.0,,,0.03,1.94
D. 20-39,Control,powerup,powerup_2,items,river_rush,reward_event,meta,43612.0,842.0,980.0,,,0.022,1.44
D. 20-39,Control,powerup,powerup_2,items,reward_chest,reward_chest,other,43612.0,527.0,542.0,,,0.012,0.8
D. 20-39,Control,powerup,powerup_2,items,team_versus_contribution,reward_event,meta,43612.0,470.0,471.0,,,0.011,0.69
D. 20-39,Control,powerup,powerup_2,items,ingame,purchase,purchase,43612.0,140.0,462.0,,,0.011,0.68
D. 20-39,Control,powerup,powerup_2,items,offer_free_items,rolling_offer,meta,43612.0,143.0,208.0,,,0.005,0.31
D. 20-39,Control,powerup,powerup_2,items,kite_festival_event,reward_event,meta,43612.0,194.0,206.0,,,0.005,0.3
D. 20-39,Control,powerup,powerup_2,items,dream_peak,reward_event,core,43612.0,120.0,145.0,,,0.003,0.21
D. 20-39,Control,powerup,powerup_2,items,Jigsaw,reward_event,meta,43612.0,101.0,111.0,,,0.003,0.16
D. 20-39,Control,powerup,powerup_2,items,bundle_2_with_prelevel_boosters2,purchase,purchase,43612.0,38.0,90.0,,,0.002,0.13
D. 20-39,Control,powerup,powerup_2,items,bundle_3_with_prelevel_boosters_tier3,purchase,purchase,43612.0,32.0,78.0,,,0.002,0.11
D. 20-39,Control,powerup,powerup_2,items,bundle_7_with_prelevel_boosters,purchase,purchase,43612.0,67.0,67.0,,,0.002,0.1
D. 20-39,Control,powerup,powerup_2,items,rolling_offer_tier1_p299,purchase,purchase,43612.0,60.0,60.0,,,0.001,0.09
D. 20-39,Control,powerup,powerup_2,items,bundle_3_with_prelevel_boosters2,purchase,purchase,43612.0,9.0,40.0,,,0.001,0.06
D. 20-39,Control,powerup,powerup_2,items,special_offer3,purchase,purchase,43612.0,7.0,35.0,,,0.001,0.05
D. 20-39,Control,powerup,powerup_2,items,rolling_offer_tier1_p499_VarA,purchase,purchase,43612.0,33.0,33.0,,,0.001,0.05
D. 20-39,Control,powerup,powerup_2,items,rolling_offer_tier1_p199_tier3,purchase,purchase,43612.0,28.0,29.0,,,0.001,0.04
D. 20-39,Control,powerup,powerup_2,items,special_offer9,purchase,purchase,43612.0,13.0,26.0,,,0.001,0.04
D. 20-39,Control,powerup,powerup_2,items,bundle_6_with_prelevel_boosters2,purchase,purchase,43612.0,1.0,25.0,,,0.001,0.04
D. 20-39,Control,powerup,powerup_2,items,bundle_7_with_prelevel_boosters_tier3,purchase,purchase,43612.0,22.0,25.0,,,0.001,0.04
D. 20-39,Control,powerup,powerup_2,items,bundle_2_with_prelevel_boosters,purchase,purchase,43612.0,21.0,22.0,,,0.001,0.03
D. 20-39,Control,powerup,powerup_2,items,special_offer12,purchase,purchase,43612.0,3.0,18.0,,,0.0,0.03
D. 20-39,Control,powerup,powerup_2,items,bundle_1_with_prelevel_boosters_tier3,purchase,purchase,43612.0,16.0,18.0,,,0.0,0.03
D. 20-39,Control,powerup,powerup_2,items,special_offer8,purchase,purchase,43612.0,9.0,18.0,,,0.0,0.03
D. 20-39,Control,powerup,powerup_2,items,bundle_4_with_prelevel_boosters2,purchase,purchase,43612.0,2.0,16.0,,,0.0,0.02
D. 20-39,Control,powerup,powerup_2,items,league_rank_up,league_reward,meta,43612.0,9.0,14.0,,,0.0,0.02
D. 20-39,Control,powerup,powerup_2,items,rolling_offer_p799_VarA,purchase,purchase,43612.0,12.0,12.0,,,0.0,0.02
D. 20-39,Control,powerup,powerup_2,items,rolling_offer_tier1_p299_tier3,purchase,purchase,43612.0,12.0,12.0,,,0.0,0.02
D. 20-39,Control,powerup,powerup_2,items,chuck_event,reward_event,meta,43612.0,11.0,12.0,,,0.0,0.02
D. 20-39,Control,powerup,powerup_2,items,bundle_5_with_prelevel_boosters,purchase,purchase,43612.0,1.0,12.0,,,0.0,0.02
D. 20-39,Control,powerup,powerup_2,items,special_offer9_tier3,purchase,purchase,43612.0,6.0,12.0,,,0.0,0.02
D. 20-39,Control,powerup,powerup_2,items,special_offer8_tier3,purchase,purchase,43612.0,6.0,12.0,,,0.0,0.02
D. 20-39,Control,powerup,powerup_2,items,bundle_2_with_prelevel_boosters_tier3,purchase,purchase,43612.0,12.0,12.0,,,0.0,0.02
D. 20-39,Control,powerup,powerup_2,items,special_offer3_tier3,purchase,purchase,43612.0,2.0,10.0,,,0.0,0.01
D. 20-39,Control,powerup,powerup_2,items,season_pass_event,reward_event,meta,43612.0,6.0,9.0,,,0.0,0.01
D. 20-39,Control,powerup,powerup_2,items,gift,gift,other,43612.0,3.0,9.0,,,0.0,0.01
D. 20-39,Control,powerup,powerup_2,items,bundle_7_with_prelevel_boosters2,purchase,purchase,43612.0,9.0,9.0,,,0.0,0.01
D. 20-39,Control,powerup,powerup_2,items,special_offer5_tier3,purchase,purchase,43612.0,1.0,7.0,,,0.0,0.01
D. 20-39,Control,powerup,powerup_2,items,rolling_offer_tier1_p1499_VarA,purchase,purchase,43612.0,3.0,6.0,,,0.0,0.01
D. 20-39,Control,powerup,powerup_2,items,special_offer10,purchase,purchase,43612.0,2.0,6.0,,,0.0,0.01
D. 20-39,Control,powerup,powerup_2,items,rolling_offer_p1999_VarA,purchase,purchase,43612.0,2.0,6.0,,,0.0,0.01
D. 20-39,Control,powerup,powerup_2,items,special_offer11,purchase,purchase,43612.0,2.0,6.0,,,0.0,0.01
D. 20-39,Control,powerup,powerup_2,items,special_offer10_tier3,purchase,purchase,43612.0,2.0,6.0,,,0.0,0.01
D. 20-39,Control,powerup,powerup_2,items,special_offer11_tier3,purchase,purchase,43612.0,2.0,6.0,,,0.0,0.01
D. 20-39,Control,powerup,powerup_2,items,bundle_4_with_prelevel_boosters,purchase,purchase,43612.0,1.0,5.0,,,0.0,0.01
D. 20-39,Control,powerup,powerup_2,items,bundle_4_with_prelevel_boosters_tier3,purchase,purchase,43612.0,1.0,5.0,,,0.0,0.01
D. 20-39,Control,powerup,powerup_2,items,rolling_offer_p349_tier3,purchase,purchase,43612.0,4.0,4.0,,,0.0,0.01
D. 20-39,Control,powerup,powerup_2,items,Rainbow Maker,reward_event,meta,43612.0,3.0,4.0,,,0.0,0.01
D. 20-39,Control,powerup,powerup_2,items,bundle_1_with_prelevel_boosters,purchase,purchase,43612.0,3.0,3.0,,,0.0,0.0
D. 20-39,Control,powerup,powerup_2,items,wager_event,reward_event,meta,43612.0,2.0,2.0,,,0.0,0.0
D. 20-39,Control,powerup,powerup_2,items,bundle_3_with_prelevel_boosters,purchase,purchase,43612.0,1.0,2.0,,,0.0,0.0
D. 20-39,Control,powerup,powerup_2,items,rolling_offer_tier1_p799_tier3,purchase,purchase,43612.0,1.0,2.0,,,0.0,0.0
D. 20-39,Control,powerup,powerup_2,items,bomb_ballet_event,reward_event,meta,43612.0,1.0,1.0,,,0.0,0.0
D. 20-39,Control,powerup,powerup_2,items,Bomb,reward_event,meta,43612.0,1.0,1.0,,,0.0,0.0
D. 20-39,Control,powerup,powerup_3,items,saga_progression,chapter_complete,core,43612.0,16693.0,20792.0,,,0.477,30.48
D. 20-39,Control,powerup,powerup_3,items,player_level_up,reward_chest,core,43612.0,12221.0,13265.0,,,0.304,19.45
D. 20-39,Control,powerup,powerup_3,items,Hatchling Hideaway,event_reward,meta,43612.0,4353.0,4418.0,,,0.101,6.48
D. 20-39,Control,powerup,powerup_3,items,daily_reward,daily_reward,core,43612.0,3909.0,3984.0,,,0.091,5.84
D. 20-39,Control,powerup,powerup_3,items,dream_pass_event,reward_event,meta,43612.0,2940.0,3332.0,,,0.076,4.88
D. 20-39,Control,powerup,powerup_3,items,team_versus,reward_event,meta,43612.0,3107.0,3144.0,,,0.072,4.61
D. 20-39,Control,powerup,powerup_3,items,single_collection,reward_event,meta,43612.0,2939.0,3099.0,,,0.071,4.54
D. 20-39,Control,powerup,powerup_3,items,ad_chest,ad_chest,ads,43612.0,2182.0,2564.0,,,0.059,3.76
D. 20-39,Control,powerup,powerup_3,items,race_event,reward_event,meta,43612.0,2052.0,2081.0,,,0.048,3.05
D. 20-39,Control,powerup,powerup_3,items,ArcheryArena,reward_event,meta,43612.0,1640.0,1670.0,,,0.038,2.45
D. 20-39,Control,powerup,powerup_3,items,red_event,reward_event,meta,43612.0,1586.0,1651.0,,,0.038,2.42
D. 20-39,Control,powerup,powerup_3,items,river_rush,reward_event,meta,43612.0,1285.0,1545.0,,,0.035,2.26
D. 20-39,Control,powerup,powerup_3,items,bomb_event,reward_event,meta,43612.0,1490.0,1530.0,,,0.035,2.24
D. 20-39,Control,powerup,powerup_3,items,team_collection,reward_event,meta,43612.0,682.0,1493.0,,,0.034,2.19
D. 20-39,Control,powerup,powerup_3,items,team_versus_contribution,reward_event,meta,43612.0,811.0,823.0,,,0.019,1.21
D. 20-39,Control,powerup,powerup_3,items,facebook_like,facebook_like,other,43612.0,244.0,566.0,,,0.013,0.83
D. 20-39,Control,powerup,powerup_3,items,reward_chest,reward_chest,other,43612.0,527.0,542.0,,,0.012,0.79
D. 20-39,Control,powerup,powerup_3,items,ingame,purchase,purchase,43612.0,105.0,345.0,,,0.008,0.51
D. 20-39,Control,powerup,powerup_3,items,dream_peak,reward_event,core,43612.0,184.0,230.0,,,0.005,0.34
D. 20-39,Control,powerup,powerup_3,items,kite_festival_event,reward_event,meta,43612.0,190.0,199.0,,,0.005,0.29
D. 20-39,Control,powerup,powerup_3,items,offer_free_items,rolling_offer,meta,43612.0,75.0,116.0,,,0.003,0.17
D. 20-39,Control,powerup,powerup_3,items,bundle_2_with_prelevel_boosters2,purchase,purchase,43612.0,38.0,90.0,,,0.002,0.13
D. 20-39,Control,powerup,powerup_3,items,bundle_3_with_prelevel_boosters_tier3,purchase,purchase,43612.0,32.0,78.0,,,0.002,0.11
D. 20-39,Control,powerup,powerup_3,items,bundle_7_with_prelevel_boosters,purchase,purchase,43612.0,67.0,67.0,,,0.002,0.1
D. 20-39,Control,powerup,powerup_3,items,rolling_offer_tier1_p299,purchase,purchase,43612.0,60.0,60.0,,,0.001,0.09
D. 20-39,Control,powerup,powerup_3,items,bundle_3_with_prelevel_boosters2,purchase,purchase,43612.0,9.0,40.0,,,0.001,0.06
D. 20-39,Control,powerup,powerup_3,items,special_offer3,purchase,purchase,43612.0,7.0,35.0,,,0.001,0.05
D. 20-39,Control,powerup,powerup_3,items,rolling_offer_tier1_p499_VarA,purchase,purchase,43612.0,33.0,33.0,,,0.001,0.05
D. 20-39,Control,powerup,powerup_3,items,season_pass_event,reward_event,meta,43612.0,29.0,32.0,,,0.001,0.05
D. 20-39,Control,powerup,powerup_3,items,rolling_offer_tier1_p199_tier3,purchase,purchase,43612.0,28.0,29.0,,,0.001,0.04
D. 20-39,Control,powerup,powerup_3,items,special_offer9,purchase,purchase,43612.0,13.0,26.0,,,0.001,0.04
D. 20-39,Control,powerup,powerup_3,items,bundle_7_with_prelevel_boosters_tier3,purchase,purchase,43612.0,22.0,25.0,,,0.001,0.04
D. 20-39,Control,powerup,powerup_3,items,bundle_6_with_prelevel_boosters2,purchase,purchase,43612.0,1.0,25.0,,,0.001,0.04
D. 20-39,Control,powerup,powerup_3,items,bundle_2_with_prelevel_boosters,purchase,purchase,43612.0,21.0,22.0,,,0.001,0.03
D. 20-39,Control,powerup,powerup_3,items,special_offer8,purchase,purchase,43612.0,9.0,18.0,,,0.0,0.03
D. 20-39,Control,powerup,powerup_3,items,bundle_1_with_prelevel_boosters_tier3,purchase,purchase,43612.0,16.0,18.0,,,0.0,0.03
D. 20-39,Control,powerup,powerup_3,items,special_offer12,purchase,purchase,43612.0,3.0,18.0,,,0.0,0.03
D. 20-39,Control,powerup,powerup_3,items,bundle_4_with_prelevel_boosters2,purchase,purchase,43612.0,2.0,16.0,,,0.0,0.02
D. 20-39,Control,powerup,powerup_3,items,chuck_event,reward_event,meta,43612.0,14.0,14.0,,,0.0,0.02
D. 20-39,Control,powerup,powerup_3,items,special_offer8_tier3,purchase,purchase,43612.0,6.0,12.0,,,0.0,0.02
D. 20-39,Control,powerup,powerup_3,items,rolling_offer_p799_VarA,purchase,purchase,43612.0,12.0,12.0,,,0.0,0.02
D. 20-39,Control,powerup,powerup_3,items,rolling_offer_tier1_p299_tier3,purchase,purchase,43612.0,12.0,12.0,,,0.0,0.02
D. 20-39,Control,powerup,powerup_3,items,bundle_2_with_prelevel_boosters_tier3,purchase,purchase,43612.0,12.0,12.0,,,0.0,0.02
D. 20-39,Control,powerup,powerup_3,items,bundle_5_with_prelevel_boosters,purchase,purchase,43612.0,1.0,12.0,,,0.0,0.02
D. 20-39,Control,powerup,powerup_3,items,special_offer9_tier3,purchase,purchase,43612.0,6.0,12.0,,,0.0,0.02
D. 20-39,Control,powerup,powerup_3,items,special_offer3_tier3,purchase,purchase,43612.0,2.0,10.0,,,0.0,0.01
D. 20-39,Control,powerup,powerup_3,items,gift,gift,other,43612.0,3.0,9.0,,,0.0,0.01
D. 20-39,Control,powerup,powerup_3,items,bundle_7_with_prelevel_boosters2,purchase,purchase,43612.0,9.0,9.0,,,0.0,0.01
D. 20-39,Control,powerup,powerup_3,items,special_offer5_tier3,purchase,purchase,43612.0,1.0,7.0,,,0.0,0.01
D. 20-39,Control,powerup,powerup_3,items,special_offer11_tier3,purchase,purchase,43612.0,2.0,6.0,,,0.0,0.01
D. 20-39,Control,powerup,powerup_3,items,rolling_offer_p1999_VarA,purchase,purchase,43612.0,2.0,6.0,,,0.0,0.01
D. 20-39,Control,powerup,powerup_3,items,special_offer10,purchase,purchase,43612.0,2.0,6.0,,,0.0,0.01
D. 20-39,Control,powerup,powerup_3,items,rolling_offer_tier1_p1499_VarA,purchase,purchase,43612.0,3.0,6.0,,,0.0,0.01
D. 20-39,Control,powerup,powerup_3,items,special_offer10_tier3,purchase,purchase,43612.0,2.0,6.0,,,0.0,0.01
D. 20-39,Control,powerup,powerup_3,items,special_offer11,purchase,purchase,43612.0,2.0,6.0,,,0.0,0.01
D. 20-39,Control,powerup,powerup_3,items,bundle_4_with_prelevel_boosters_tier3,purchase,purchase,43612.0,1.0,5.0,,,0.0,0.01
D. 20-39,Control,powerup,powerup_3,items,bundle_4_with_prelevel_boosters,purchase,purchase,43612.0,1.0,5.0,,,0.0,0.01
D. 20-39,Control,powerup,powerup_3,items,Rainbow Maker,reward_event,meta,43612.0,4.0,4.0,,,0.0,0.01
D. 20-39,Control,powerup,powerup_3,items,rolling_offer_p349_tier3,purchase,purchase,43612.0,4.0,4.0,,,0.0,0.01
D. 20-39,Control,powerup,powerup_3,items,wager_event,reward_event,meta,43612.0,4.0,4.0,,,0.0,0.01
D. 20-39,Control,powerup,powerup_3,items,bundle_1_with_prelevel_boosters,purchase,purchase,43612.0,3.0,3.0,,,0.0,0.0
D. 20-39,Control,powerup,powerup_3,items,bundle_3_with_prelevel_boosters,purchase,purchase,43612.0,1.0,2.0,,,0.0,0.0
D. 20-39,Control,powerup,powerup_3,items,rolling_offer_tier1_p799_tier3,purchase,purchase,43612.0,1.0,2.0,,,0.0,0.0
D. 20-39,Control,powerup,powerup_3,items,saga_progression,reward_chest,core,43612.0,1.0,1.0,,,0.0,0.0
D. 20-39,Control,powerup,powerup_3,items,special_event,reward_event,meta,43612.0,1.0,1.0,,,0.0,0.0
D. 20-39,Control,powerup,powerup_3,items,bomb_ballet_event,reward_event,meta,43612.0,1.0,1.0,,,0.0,0.0
D. 20-39,Control,powerup,powerup_3,items,unknown,,other,43612.0,1.0,1.0,,,0.0,0.0
D. 20-39,Control,powerup,powerup_3,items,league_rank_up,league_reward,meta,43612.0,1.0,1.0,,,0.0,0.0
D. 20-39,Control,pre_level_booster,pre_level_booster_1,items,saga_progression,chapter_complete,core,43612.0,27540.0,46745.0,,,1.072,52.95
D. 20-39,Control,pre_level_booster,pre_level_booster_1,items,offer_free_items,rolling_offer,meta,43612.0,7922.0,8100.0,,,0.186,9.17
D. 20-39,Control,pre_level_booster,pre_level_booster_1,items,dream_pass_event,reward_event,meta,43612.0,5230.0,7929.0,,,0.182,8.98
D. 20-39,Control,pre_level_booster,pre_level_booster_1,items,Hatchling Hideaway,event_reward,meta,43612.0,7262.0,7492.0,,,0.172,8.49
D. 20-39,Control,pre_level_booster,pre_level_booster_1,items,player_level_up,reward_chest,core,43612.0,5913.0,5943.0,,,0.136,6.73
D. 20-39,Control,pre_level_booster,pre_level_booster_1,items,FlockRush,event_reward,meta,43612.0,3841.0,4006.0,,,0.092,4.54
D. 20-39,Control,pre_level_booster,pre_level_booster_1,items,Jigsaw,reward_event,meta,43612.0,3232.0,3652.0,,,0.084,4.14
D. 20-39,Control,pre_level_booster,pre_level_booster_1,items,river_rush,reward_event,meta,43612.0,1045.0,1117.0,,,0.026,1.27
D. 20-39,Control,pre_level_booster,pre_level_booster_1,items,ingame,purchase,purchase,43612.0,111.0,972.0,,,0.022,1.1
D. 20-39,Control,pre_level_booster,pre_level_booster_1,items,reward_chest,reward_chest,other,43612.0,526.0,540.0,,,0.012,0.61
D. 20-39,Control,pre_level_booster,pre_level_booster_1,items,team_versus_contribution,reward_event,meta,43612.0,469.0,470.0,,,0.011,0.53
D. 20-39,Control,pre_level_booster,pre_level_booster_1,items,race_event,reward_event,meta,43612.0,310.0,315.0,,,0.007,0.36
D. 20-39,Control,pre_level_booster,pre_level_booster_1,items,season_pass_event,reward_event,meta,43612.0,134.0,198.0,,,0.005,0.22
D. 20-39,Control,pre_level_booster,pre_level_booster_1,items,bomb_ballet_event,reward_event,meta,43612.0,124.0,126.0,,,0.003,0.14
D. 20-39,Control,pre_level_booster,pre_level_booster_1,items,bundle_2_with_prelevel_boosters2,purchase,purchase,43612.0,38.0,90.0,,,0.002,0.1
D. 20-39,Control,pre_level_booster,pre_level_booster_1,items,bundle_3_with_prelevel_boosters_tier3,purchase,purchase,43612.0,32.0,78.0,,,0.002,0.09
D. 20-39,Control,pre_level_booster,pre_level_booster_1,items,bundle_7_with_prelevel_boosters,purchase,purchase,43612.0,67.0,67.0,,,0.002,0.08
D. 20-39,Control,pre_level_booster,pre_level_booster_1,items,rolling_offer_tier1_p299,purchase,purchase,43612.0,60.0,60.0,,,0.001,0.07
D. 20-39,Control,pre_level_booster,pre_level_booster_1,items,kite_festival_event,reward_event,meta,43612.0,51.0,51.0,,,0.001,0.06
D. 20-39,Control,pre_level_booster,pre_level_booster_1,items,bundle_3_with_prelevel_boosters2,purchase,purchase,43612.0,9.0,40.0,,,0.001,0.05
D. 20-39,Control,pre_level_booster,pre_level_booster_1,items,rolling_offer_tier1_p199_tier3,purchase,purchase,43612.0,28.0,29.0,,,0.001,0.03
D. 20-39,Control,pre_level_booster,pre_level_booster_1,items,ad_chest,ad_chest,ads,43612.0,28.0,29.0,,,0.001,0.03
D. 20-39,Control,pre_level_booster,pre_level_booster_1,items,bundle_7_with_prelevel_boosters_tier3,purchase,purchase,43612.0,22.0,25.0,,,0.001,0.03
D. 20-39,Control,pre_level_booster,pre_level_booster_1,items,bundle_6_with_prelevel_boosters2,purchase,purchase,43612.0,1.0,25.0,,,0.001,0.03
D. 20-39,Control,pre_level_booster,pre_level_booster_1,items,bundle_2_with_prelevel_boosters,purchase,purchase,43612.0,21.0,22.0,,,0.001,0.02
D. 20-39,Control,pre_level_booster,pre_level_booster_1,items,Photoshoot,reward_event,meta,43612.0,19.0,19.0,,,0.0,0.02
D. 20-39,Control,pre_level_booster,pre_level_booster_1,items,great_offer1_199,purchase,purchase,43612.0,17.0,18.0,,,0.0,0.02
D. 20-39,Control,pre_level_booster,pre_level_booster_1,items,bundle_1_with_prelevel_boosters_tier3,purchase,purchase,43612.0,16.0,18.0,,,0.0,0.02
D. 20-39,Control,pre_level_booster,pre_level_booster_1,items,bundle_4_with_prelevel_boosters2,purchase,purchase,43612.0,2.0,16.0,,,0.0,0.02
D. 20-39,Control,pre_level_booster,pre_level_booster_1,items,bundle_5_with_prelevel_boosters,purchase,purchase,43612.0,1.0,12.0,,,0.0,0.01
D. 20-39,Control,pre_level_booster,pre_level_booster_1,items,rolling_offer_tier1_p299_tier3,purchase,purchase,43612.0,12.0,12.0,,,0.0,0.01
D. 20-39,Control,pre_level_booster,pre_level_booster_1,items,bundle_2_with_prelevel_boosters_tier3,purchase,purchase,43612.0,12.0,12.0,,,0.0,0.01
D. 20-39,Control,pre_level_booster,pre_level_booster_1,items,rolling_offer_p799_VarA,purchase,purchase,43612.0,12.0,12.0,,,0.0,0.01
D. 20-39,Control,pre_level_booster,pre_level_booster_1,items,bundle_7_with_prelevel_boosters2,purchase,purchase,43612.0,9.0,9.0,,,0.0,0.01
D. 20-39,Control,pre_level_booster,pre_level_booster_1,items,ArcheryArena,reward_event,meta,43612.0,5.0,7.0,,,0.0,0.01
D. 20-39,Control,pre_level_booster,pre_level_booster_1,items,bundle_4_with_prelevel_boosters_tier3,purchase,purchase,43612.0,1.0,5.0,,,0.0,0.01
D. 20-39,Control,pre_level_booster,pre_level_booster_1,items,bundle_4_with_prelevel_boosters,purchase,purchase,43612.0,1.0,5.0,,,0.0,0.01
D. 20-39,Control,pre_level_booster,pre_level_booster_1,items,rolling_offer_p349_tier3,purchase,purchase,43612.0,4.0,4.0,,,0.0,0.0
D. 20-39,Control,pre_level_booster,pre_level_booster_1,items,rolling_offer_tier1_p1499_VarA,purchase,purchase,43612.0,3.0,3.0,,,0.0,0.0
D. 20-39,Control,pre_level_booster,pre_level_booster_1,items,bundle_1_with_prelevel_boosters,purchase,purchase,43612.0,3.0,3.0,,,0.0,0.0
D. 20-39,Control,pre_level_booster,pre_level_booster_1,items,saga_progression,reward_chest,core,43612.0,1.0,2.0,,,0.0,0.0
D. 20-39,Control,pre_level_booster,pre_level_booster_1,items,rolling_offer_p1999_VarA,purchase,purchase,43612.0,2.0,2.0,,,0.0,0.0
D. 20-39,Control,pre_level_booster,pre_level_booster_1,items,bundle_3_with_prelevel_boosters,purchase,purchase,43612.0,1.0,2.0,,,0.0,0.0
D. 20-39,Control,pre_level_booster,pre_level_booster_1,items,unknown,,other,43612.0,1.0,1.0,,,0.0,0.0
D. 20-39,Control,pre_level_booster,pre_level_booster_1,items,SagaPath,reward_event,meta,43612.0,1.0,1.0,,,0.0,0.0
D. 20-39,Control,pre_level_booster,pre_level_booster_1,items,dreamheist_event,reward_event,meta,43612.0,1.0,1.0,,,0.0,0.0
D. 20-39,Control,pre_level_booster,pre_level_booster_1,items,rolling_offer_tier1_p799_tier3,purchase,purchase,43612.0,1.0,1.0,,,0.0,0.0
D. 20-39,Control,pre_level_booster,pre_level_booster_1,items,event_progress,reward_event,meta,43612.0,1.0,1.0,,,0.0,0.0
D. 20-39,Control,pre_level_booster,pre_level_booster_2,items,saga_progression,chapter_complete,core,43612.0,26223.0,45983.0,,,1.054,44.5
D. 20-39,Control,pre_level_booster,pre_level_booster_2,items,player_level_up,reward_chest,core,43612.0,10223.0,15504.0,,,0.355,15.0
D. 20-39,Control,pre_level_booster,pre_level_booster_2,items,dream_pass_event,reward_event,meta,43612.0,6318.0,10088.0,,,0.231,9.76
D. 20-39,Control,pre_level_booster,pre_level_booster_2,items,offer_free_items,rolling_offer,meta,43612.0,7637.0,7776.0,,,0.178,7.52
D. 20-39,Control,pre_level_booster,pre_level_booster_2,items,Jigsaw,reward_event,meta,43612.0,6335.0,6844.0,,,0.157,6.62
D. 20-39,Control,pre_level_booster,pre_level_booster_2,items,Hatchling Hideaway,event_reward,meta,43612.0,5709.0,5789.0,,,0.133,5.6
D. 20-39,Control,pre_level_booster,pre_level_booster_2,items,FlockRush,event_reward,meta,43612.0,3841.0,4006.0,,,0.092,3.88
D. 20-39,Control,pre_level_booster,pre_level_booster_2,items,bomb_ballet_event,reward_event,meta,43612.0,2947.0,3005.0,,,0.069,2.91
D. 20-39,Control,pre_level_booster,pre_level_booster_2,items,team_versus_contribution,reward_event,meta,43612.0,810.0,822.0,,,0.019,0.8
D. 20-39,Control,pre_level_booster,pre_level_booster_2,items,ingame,purchase,purchase,43612.0,58.0,771.0,,,0.018,0.75
D. 20-39,Control,pre_level_booster,pre_level_booster_2,items,race_event,reward_event,meta,43612.0,712.0,719.0,,,0.016,0.7
D. 20-39,Control,pre_level_booster,pre_level_booster_2,items,reward_chest,reward_chest,other,43612.0,526.0,540.0,,,0.012,0.52
D. 20-39,Control,pre_level_booster,pre_level_booster_2,items,river_rush,reward_event,meta,43612.0,478.0,500.0,,,0.011,0.48
D. 20-39,Control,pre_level_booster,pre_level_booster_2,items,season_pass_event,reward_event,meta,43612.0,180.0,268.0,,,0.006,0.26
D. 20-39,Control,pre_level_booster,pre_level_booster_2,items,bundle_2_with_prelevel_boosters2,purchase,purchase,43612.0,38.0,90.0,,,0.002,0.09
D. 20-39,Control,pre_level_booster,pre_level_booster_2,items,bundle_3_with_prelevel_boosters_tier3,purchase,purchase,43612.0,32.0,78.0,,,0.002,0.08
D. 20-39,Control,pre_level_booster,pre_level_booster_2,items,bundle_7_with_prelevel_boosters,purchase,purchase,43612.0,67.0,67.0,,,0.002,0.06
D. 20-39,Control,pre_level_booster,pre_level_booster_2,items,Photoshoot,reward_event,meta,43612.0,66.0,67.0,,,0.002,0.06
D. 20-39,Control,pre_level_booster,pre_level_booster_2,items,rolling_offer_tier1_p299,purchase,purchase,43612.0,60.0,60.0,,,0.001,0.06
D. 20-39,Control,pre_level_booster,pre_level_booster_2,items,kite_festival_event,reward_event,meta,43612.0,49.0,51.0,,,0.001,0.05
D. 20-39,Control,pre_level_booster,pre_level_booster_2,items,bundle_3_with_prelevel_boosters2,purchase,purchase,43612.0,9.0,40.0,,,0.001,0.04
D. 20-39,Control,pre_level_booster,pre_level_booster_2,items,rolling_offer_tier1_p199_tier3,purchase,purchase,43612.0,28.0,29.0,,,0.001,0.03
D. 20-39,Control,pre_level_booster,pre_level_booster_2,items,bundle_6_with_prelevel_boosters2,purchase,purchase,43612.0,1.0,25.0,,,0.001,0.02
D. 20-39,Control,pre_level_booster,pre_level_booster_2,items,bundle_7_with_prelevel_boosters_tier3,purchase,purchase,43612.0,22.0,25.0,,,0.001,0.02
D. 20-39,Control,pre_level_booster,pre_level_booster_2,items,bundle_2_with_prelevel_boosters,purchase,purchase,43612.0,21.0,22.0,,,0.001,0.02
D. 20-39,Control,pre_level_booster,pre_level_booster_2,items,ad_chest,ad_chest,ads,43612.0,17.0,19.0,,,0.0,0.02
D. 20-39,Control,pre_level_booster,pre_level_booster_2,items,bundle_1_with_prelevel_boosters_tier3,purchase,purchase,43612.0,16.0,18.0,,,0.0,0.02
D. 20-39,Control,pre_level_booster,pre_level_booster_2,items,great_offer1_199,purchase,purchase,43612.0,17.0,18.0,,,0.0,0.02
D. 20-39,Control,pre_level_booster,pre_level_booster_2,items,bundle_4_with_prelevel_boosters2,purchase,purchase,43612.0,2.0,16.0,,,0.0,0.02
D. 20-39,Control,pre_level_booster,pre_level_booster_2,items,rolling_offer_tier1_p299_tier3,purchase,purchase,43612.0,12.0,12.0,,,0.0,0.01
D. 20-39,Control,pre_level_booster,pre_level_booster_2,items,rolling_offer_p799_VarA,purchase,purchase,43612.0,12.0,12.0,,,0.0,0.01
D. 20-39,Control,pre_level_booster,pre_level_booster_2,items,bundle_2_with_prelevel_boosters_tier3,purchase,purchase,43612.0,12.0,12.0,,,0.0,0.01
D. 20-39,Control,pre_level_booster,pre_level_booster_2,items,bundle_5_with_prelevel_boosters,purchase,purchase,43612.0,1.0,12.0,,,0.0,0.01
D. 20-39,Control,pre_level_booster,pre_level_booster_2,items,bundle_7_with_prelevel_boosters2,purchase,purchase,43612.0,9.0,9.0,,,0.0,0.01
D. 20-39,Control,pre_level_booster,pre_level_booster_2,items,event_progress,reward_event,meta,43612.0,8.0,8.0,,,0.0,0.01
D. 20-39,Control,pre_level_booster,pre_level_booster_2,items,ArcheryArena,reward_event,meta,43612.0,4.0,5.0,,,0.0,0.0
D. 20-39,Control,pre_level_booster,pre_level_booster_2,items,bundle_4_with_prelevel_boosters_tier3,purchase,purchase,43612.0,1.0,5.0,,,0.0,0.0
D. 20-39,Control,pre_level_booster,pre_level_booster_2,items,bundle_4_with_prelevel_boosters,purchase,purchase,43612.0,1.0,5.0,,,0.0,0.0
D. 20-39,Control,pre_level_booster,pre_level_booster_2,items,rolling_offer_p349_tier3,purchase,purchase,43612.0,4.0,4.0,,,0.0,0.0
D. 20-39,Control,pre_level_booster,pre_level_booster_2,items,bundle_1_with_prelevel_boosters,purchase,purchase,43612.0,3.0,3.0,,,0.0,0.0
D. 20-39,Control,pre_level_booster,pre_level_booster_2,items,rolling_offer_tier1_p1499_VarA,purchase,purchase,43612.0,3.0,3.0,,,0.0,0.0
D. 20-39,Control,pre_level_booster,pre_level_booster_2,items,rolling_offer_p1999_VarA,purchase,purchase,43612.0,2.0,2.0,,,0.0,0.0
D. 20-39,Control,pre_level_booster,pre_level_booster_2,items,bundle_3_with_prelevel_boosters,purchase,purchase,43612.0,1.0,2.0,,,0.0,0.0
D. 20-39,Control,pre_level_booster,pre_level_booster_2,items,rolling_offer_tier1_p799_tier3,purchase,purchase,43612.0,1.0,1.0,,,0.0,0.0
D. 20-39,Control,pre_level_booster,pre_level_booster_2,items,unknown,,other,43612.0,1.0,1.0,,,0.0,0.0
D. 20-39,Control,pre_level_booster,pre_level_booster_3,items,player_level_up,reward_chest,core,43612.0,7749.0,11956.0,,,0.274,25.48
D. 20-39,Control,pre_level_booster,pre_level_booster_3,items,saga_progression,chapter_complete,core,43612.0,9066.0,9159.0,,,0.21,19.52
D. 20-39,Control,pre_level_booster,pre_level_booster_3,items,offer_free_items,rolling_offer,meta,43612.0,7571.0,7713.0,,,0.177,16.44
D. 20-39,Control,pre_level_booster,pre_level_booster_3,items,Hatchling Hideaway,event_reward,meta,43612.0,4353.0,4418.0,,,0.101,9.41
D. 20-39,Control,pre_level_booster,pre_level_booster_3,items,FlockRush,event_reward,meta,43612.0,3841.0,4006.0,,,0.092,8.54
D. 20-39,Control,pre_level_booster,pre_level_booster_3,items,dream_pass_event,reward_event,meta,43612.0,2642.0,3144.0,,,0.072,6.7
D. 20-39,Control,pre_level_booster,pre_level_booster_3,items,team_versus_contribution,reward_event,meta,43612.0,2026.0,2043.0,,,0.047,4.35
D. 20-39,Control,pre_level_booster,pre_level_booster_3,items,race_event,reward_event,meta,43612.0,1295.0,1311.0,,,0.03,2.79
D. 20-39,Control,pre_level_booster,pre_level_booster_3,items,ingame,purchase,purchase,43612.0,120.0,1194.0,,,0.027,2.54
D. 20-39,Control,pre_level_booster,pre_level_booster_3,items,river_rush,reward_event,meta,43612.0,700.0,741.0,,,0.017,1.58
D. 20-39,Control,pre_level_booster,pre_level_booster_3,items,reward_chest,reward_chest,other,43612.0,526.0,540.0,,,0.012,1.15
D. 20-39,Control,pre_level_booster,pre_level_booster_3,items,bundle_2_with_prelevel_boosters2,purchase,purchase,43612.0,38.0,90.0,,,0.002,0.19
D. 20-39,Control,pre_level_booster,pre_level_booster_3,items,bundle_3_with_prelevel_boosters_tier3,purchase,purchase,43612.0,32.0,78.0,,,0.002,0.17
D. 20-39,Control,pre_level_booster,pre_level_booster_3,items,kite_festival_event,reward_event,meta,43612.0,71.0,75.0,,,0.002,0.16
D. 20-39,Control,pre_level_booster,pre_level_booster_3,items,bundle_7_with_prelevel_boosters,purchase,purchase,43612.0,67.0,67.0,,,0.002,0.14
D. 20-39,Control,pre_level_booster,pre_level_booster_3,items,rolling_offer_tier1_p299,purchase,purchase,43612.0,60.0,60.0,,,0.001,0.13
D. 20-39,Control,pre_level_booster,pre_level_booster_3,items,bundle_3_with_prelevel_boosters2,purchase,purchase,43612.0,9.0,40.0,,,0.001,0.09
D. 20-39,Control,pre_level_booster,pre_level_booster_3,items,rolling_offer_tier1_p199_tier3,purchase,purchase,43612.0,28.0,29.0,,,0.001,0.06
D. 20-39,Control,pre_level_booster,pre_level_booster_3,items,Jigsaw,reward_event,meta,43612.0,27.0,27.0,,,0.001,0.06
D. 20-39,Control,pre_level_booster,pre_level_booster_3,items,bundle_7_with_prelevel_boosters_tier3,purchase,purchase,43612.0,22.0,25.0,,,0.001,0.05
D. 20-39,Control,pre_level_booster,pre_level_booster_3,items,bundle_6_with_prelevel_boosters2,purchase,purchase,43612.0,1.0,25.0,,,0.001,0.05
D. 20-39,Control,pre_level_booster,pre_level_booster_3,items,bundle_2_with_prelevel_boosters,purchase,purchase,43612.0,21.0,22.0,,,0.001,0.05
D. 20-39,Control,pre_level_booster,pre_level_booster_3,items,great_offer1_199,purchase,purchase,43612.0,17.0,18.0,,,0.0,0.04
D. 20-39,Control,pre_level_booster,pre_level_booster_3,items,bundle_1_with_prelevel_boosters_tier3,purchase,purchase,43612.0,16.0,18.0,,,0.0,0.04
D. 20-39,Control,pre_level_booster,pre_level_booster_3,items,bundle_4_with_prelevel_boosters2,purchase,purchase,43612.0,2.0,16.0,,,0.0,0.03
D. 20-39,Control,pre_level_booster,pre_level_booster_3,items,season_pass_event,reward_event,meta,43612.0,11.0,16.0,,,0.0,0.03
D. 20-39,Control,pre_level_booster,pre_level_booster_3,items,rolling_offer_p799_VarA,purchase,purchase,43612.0,12.0,12.0,,,0.0,0.03
D. 20-39,Control,pre_level_booster,pre_level_booster_3,items,bundle_2_with_prelevel_boosters_tier3,purchase,purchase,43612.0,12.0,12.0,,,0.0,0.03
D. 20-39,Control,pre_level_booster,pre_level_booster_3,items,bundle_5_with_prelevel_boosters,purchase,purchase,43612.0,1.0,12.0,,,0.0,0.03
D. 20-39,Control,pre_level_booster,pre_level_booster_3,items,rolling_offer_tier1_p299_tier3,purchase,purchase,43612.0,12.0,12.0,,,0.0,0.03
D. 20-39,Control,pre_level_booster,pre_level_booster_3,items,bundle_7_with_prelevel_boosters2,purchase,purchase,43612.0,9.0,9.0,,,0.0,0.02
D. 20-39,Control,pre_level_booster,pre_level_booster_3,items,ad_chest,ad_chest,ads,43612.0,7.0,7.0,,,0.0,0.01
D. 20-39,Control,pre_level_booster,pre_level_booster_3,items,bundle_4_with_prelevel_boosters,purchase,purchase,43612.0,1.0,5.0,,,0.0,0.01
D. 20-39,Control,pre_level_booster,pre_level_booster_3,items,bundle_4_with_prelevel_boosters_tier3,purchase,purchase,43612.0,1.0,5.0,,,0.0,0.01
D. 20-39,Control,pre_level_booster,pre_level_booster_3,items,ArcheryArena,reward_event,meta,43612.0,4.0,5.0,,,0.0,0.01
D. 20-39,Control,pre_level_booster,pre_level_booster_3,items,rolling_offer_p349_tier3,purchase,purchase,43612.0,4.0,4.0,,,0.0,0.01
D. 20-39,Control,pre_level_booster,pre_level_booster_3,items,rolling_offer_tier1_p1499_VarA,purchase,purchase,43612.0,3.0,3.0,,,0.0,0.01
D. 20-39,Control,pre_level_booster,pre_level_booster_3,items,bundle_1_with_prelevel_boosters,purchase,purchase,43612.0,3.0,3.0,,,0.0,0.01
D. 20-39,Control,pre_level_booster,pre_level_booster_3,items,bundle_3_with_prelevel_boosters,purchase,purchase,43612.0,1.0,2.0,,,0.0,0.0
D. 20-39,Control,pre_level_booster,pre_level_booster_3,items,rolling_offer_p1999_VarA,purchase,purchase,43612.0,2.0,2.0,,,0.0,0.0
D. 20-39,Control,pre_level_booster,pre_level_booster_3,items,single_collection,reward_event,meta,43612.0,2.0,2.0,,,0.0,0.0
D. 20-39,Control,pre_level_booster,pre_level_booster_3,items,Rainbow Maker,reward_event,meta,43612.0,1.0,1.0,,,0.0,0.0
D. 20-39,Control,pre_level_booster,pre_level_booster_3,items,rolling_offer_tier1_p799_tier3,purchase,purchase,43612.0,1.0,1.0,,,0.0,0.0
D. 20-39,Control,pre_level_booster,pre_level_booster_3,items,bomb_ballet_event,reward_event,meta,43612.0,1.0,1.0,,,0.0,0.0
D. 20-39,Control,season_pass_multiplier_2x,SeasonPassMultiplier2x,minutes,river_rush,reward_event,meta,43612.0,620.0,8565.0,,,0.196,40.57
D. 20-39,Control,season_pass_multiplier_2x,SeasonPassMultiplier2x,minutes,great_offer1_299,purchase,purchase,43612.0,18.0,7560.0,,,0.173,35.81
D. 20-39,Control,season_pass_multiplier_2x,SeasonPassMultiplier2x,minutes,great_offer1_199_tier3,purchase,purchase,43612.0,13.0,4680.0,,,0.107,22.17
D. 20-39,Control,season_pass_multiplier_2x,SeasonPassMultiplier2x,minutes,gift,gift,other,43612.0,14.0,270.0,,,0.006,1.28
D. 20-39,Control,season_pass_multiplier_2x,SeasonPassMultiplier2x,minutes,Rainbow Maker,reward_event,meta,43612.0,1.0,20.0,,,0.0,0.09
D. 20-39,Control,season_pass_multiplier_2x,SeasonPassMultiplier2x,minutes,offer_free_items,rolling_offer,meta,43612.0,1.0,15.0,,,0.0,0.07
D. 20-39,Control,season_pass_tokens,SeasonPassToken,items,season_pass_event,event_reward,meta,43612.0,113.0,7609.0,,,0.174,96.67
D. 20-39,Control,season_pass_tokens,SeasonPassToken,items,offer_free_items,rolling_offer,meta,43612.0,3.0,120.0,,,0.003,1.52
D. 20-39,Control,season_pass_tokens,SeasonPassToken,items,season_pass_challenge_event,event_reward,meta,43612.0,3.0,72.0,,,0.002,0.91
D. 20-39,Control,season_pass_tokens,SeasonPassToken,items,race_event,reward_event,meta,43612.0,1.0,50.0,,,0.001,0.64
D. 20-39,Control,season_pass_tokens,SeasonPassToken,items,FlockRush,event_reward,meta,43612.0,1.0,20.0,,,0.0,0.25
D. 20-39,Control,season_pass_tokens,unknown,items,offer_free_items,rolling_offer,meta,43612.0,1.0,40.0,,,0.001,100.0
D. 20-39,Control,ul_pre_booster,UnlimitedBooster1,minutes,Jigsaw,reward_event,meta,43612.0,6932.0,88420.0,,,2.027,28.63
D. 20-39,Control,ul_pre_booster,UnlimitedBooster1,minutes,dream_pass_event,reward_event,meta,43612.0,5130.0,74125.0,,,1.7,24.0
D. 20-39,Control,ul_pre_booster,UnlimitedBooster1,minutes,daily_reward,daily_reward,core,43612.0,859.0,52020.0,,,1.193,16.84
D. 20-39,Control,ul_pre_booster,UnlimitedBooster1,minutes,Hatchling Hideaway,event_reward,meta,43612.0,2795.0,28370.0,,,0.651,9.19
D. 20-39,Control,ul_pre_booster,UnlimitedBooster1,minutes,bomb_ballet_event,reward_event,meta,43612.0,2316.0,23800.0,,,0.546,7.71
D. 20-39,Control,ul_pre_booster,UnlimitedBooster1,minutes,river_rush,reward_event,meta,43612.0,894.0,16215.0,,,0.372,5.25
D. 20-39,Control,ul_pre_booster,UnlimitedBooster1,minutes,great_offer1_299,purchase,purchase,43612.0,18.0,7560.0,,,0.173,2.45
D. 20-39,Control,ul_pre_booster,UnlimitedBooster1,minutes,Hard_Level_Offer1,purchase,purchase,43612.0,259.0,5360.0,,,0.123,1.74
D. 20-39,Control,ul_pre_booster,UnlimitedBooster1,minutes,great_offer1_199_tier3,purchase,purchase,43612.0,13.0,4680.0,,,0.107,1.52
D. 20-39,Control,ul_pre_booster,UnlimitedBooster1,minutes,Hard_level_offer1_tier3,purchase,purchase,43612.0,162.0,3360.0,,,0.077,1.09
D. 20-39,Control,ul_pre_booster,UnlimitedBooster1,minutes,season_pass_event,reward_event,meta,43612.0,187.0,3120.0,,,0.072,1.01
D. 20-39,Control,ul_pre_booster,UnlimitedBooster1,minutes,gift,gift,other,43612.0,29.0,1140.0,,,0.026,0.37
D. 20-39,Control,ul_pre_booster,UnlimitedBooster1,minutes,Photoshoot,reward_event,meta,43612.0,32.0,495.0,,,0.011,0.16
D. 20-39,Control,ul_pre_booster,UnlimitedBooster1,minutes,SeasonPassHoliday,reward_event,meta,43612.0,1.0,60.0,,,0.001,0.02
D. 20-39,Control,ul_pre_booster,UnlimitedBooster1,minutes,unknown,,other,43612.0,2.0,25.0,,,0.001,0.01
D. 20-39,Control,ul_pre_booster,UnlimitedBooster1,minutes,Rainbow Maker,reward_event,meta,43612.0,2.0,20.0,,,0.0,0.01
D. 20-39,Control,ul_pre_booster,UnlimitedBooster1,minutes,SagaPath,reward_event,meta,43612.0,1.0,15.0,,,0.0,0.0
D. 20-39,Control,ul_pre_booster,UnlimitedBooster1,minutes,offer_free_items,rolling_offer,meta,43612.0,1.0,15.0,,,0.0,0.0
D. 20-39,Control,ul_pre_booster,UnlimitedBooster1,minutes,event_progress,reward_event,meta,43612.0,1.0,15.0,,,0.0,0.0
D. 20-39,Control,ul_pre_booster,UnlimitedBooster1,minutes,reward_chest,reward_chest,other,43612.0,1.0,15.0,,,0.0,0.0
D. 20-39,Control,ul_pre_booster,UnlimitedBooster2,minutes,Jigsaw,reward_event,meta,43612.0,5561.0,63850.0,,,1.464,29.23
D. 20-39,Control,ul_pre_booster,UnlimitedBooster2,minutes,dream_pass_event,reward_event,meta,43612.0,2743.0,45360.0,,,1.04,20.77
D. 20-39,Control,ul_pre_booster,UnlimitedBooster2,minutes,daily_reward,daily_reward,core,43612.0,672.0,41400.0,,,0.949,18.95
D. 20-39,Control,ul_pre_booster,UnlimitedBooster2,minutes,bomb_ballet_event,reward_event,meta,43612.0,1712.0,17400.0,,,0.399,7.97
D. 20-39,Control,ul_pre_booster,UnlimitedBooster2,minutes,river_rush,reward_event,meta,43612.0,1058.0,14710.0,,,0.337,6.73
D. 20-39,Control,ul_pre_booster,UnlimitedBooster2,minutes,Hatchling Hideaway,event_reward,meta,43612.0,1081.0,11150.0,,,0.256,5.1
D. 20-39,Control,ul_pre_booster,UnlimitedBooster2,minutes,great_offer1_299,purchase,purchase,43612.0,18.0,7560.0,,,0.173,3.46
D. 20-39,Control,ul_pre_booster,UnlimitedBooster2,minutes,Hard_Level_Offer1,purchase,purchase,43612.0,259.0,5360.0,,,0.123,2.45
D. 20-39,Control,ul_pre_booster,UnlimitedBooster2,minutes,great_offer1_199_tier3,purchase,purchase,43612.0,13.0,4680.0,,,0.107,2.14
D. 20-39,Control,ul_pre_booster,UnlimitedBooster2,minutes,Hard_level_offer1_tier3,purchase,purchase,43612.0,162.0,3360.0,,,0.077,1.54
D. 20-39,Control,ul_pre_booster,UnlimitedBooster2,minutes,season_pass_event,reward_event,meta,43612.0,144.0,2295.0,,,0.053,1.05
D. 20-39,Control,ul_pre_booster,UnlimitedBooster2,minutes,gift,gift,other,43612.0,29.0,1140.0,,,0.026,0.52
D. 20-39,Control,ul_pre_booster,UnlimitedBooster2,minutes,Photoshoot,reward_event,meta,43612.0,4.0,60.0,,,0.001,0.03
D. 20-39,Control,ul_pre_booster,UnlimitedBooster2,minutes,SeasonPassHoliday,reward_event,meta,43612.0,1.0,60.0,,,0.001,0.03
D. 20-39,Control,ul_pre_booster,UnlimitedBooster2,minutes,offer_free_items,rolling_offer,meta,43612.0,1.0,15.0,,,0.0,0.01
D. 20-39,Control,ul_pre_booster,UnlimitedBooster2,minutes,reward_chest,reward_chest,other,43612.0,1.0,15.0,,,0.0,0.01
D. 20-39,Control,ul_pre_booster,UnlimitedBooster2,minutes,team_versus,reward_event,meta,43612.0,1.0,15.0,,,0.0,0.01
D. 20-39,Control,ul_pre_booster,UnlimitedBooster2,minutes,event_progress,reward_event,meta,43612.0,1.0,10.0,,,0.0,0.0
D. 20-39,Control,ul_pre_booster,UnlimitedBooster3,minutes,Jigsaw,reward_event,meta,43612.0,3245.0,36940.0,,,0.847,39.71
D. 20-39,Control,ul_pre_booster,UnlimitedBooster3,minutes,daily_reward,daily_reward,core,43612.0,525.0,16260.0,,,0.373,17.48
D. 20-39,Control,ul_pre_booster,UnlimitedBooster3,minutes,river_rush,reward_event,meta,43612.0,664.0,12275.0,,,0.281,13.19
D. 20-39,Control,ul_pre_booster,UnlimitedBooster3,minutes,great_offer1_299,purchase,purchase,43612.0,18.0,7560.0,,,0.173,8.13
D. 20-39,Control,ul_pre_booster,UnlimitedBooster3,minutes,Hard_Level_Offer1,purchase,purchase,43612.0,259.0,5360.0,,,0.123,5.76
D. 20-39,Control,ul_pre_booster,UnlimitedBooster3,minutes,great_offer1_199_tier3,purchase,purchase,43612.0,13.0,4680.0,,,0.107,5.03
D. 20-39,Control,ul_pre_booster,UnlimitedBooster3,minutes,Hard_level_offer1_tier3,purchase,purchase,43612.0,162.0,3360.0,,,0.077,3.61
D. 20-39,Control,ul_pre_booster,UnlimitedBooster3,minutes,dream_pass_event,reward_event,meta,43612.0,181.0,2875.0,,,0.066,3.09
D. 20-39,Control,ul_pre_booster,UnlimitedBooster3,minutes,bomb_ballet_event,reward_event,meta,43612.0,239.0,2455.0,,,0.056,2.64
D. 20-39,Control,ul_pre_booster,UnlimitedBooster3,minutes,gift,gift,other,43612.0,29.0,1140.0,,,0.026,1.23
D. 20-39,Control,ul_pre_booster,UnlimitedBooster3,minutes,SeasonPassHoliday,reward_event,meta,43612.0,1.0,60.0,,,0.001,0.06
D. 20-39,Control,ul_pre_booster,UnlimitedBooster3,minutes,season_pass_event,reward_event,meta,43612.0,5.0,50.0,,,0.001,0.05
D. 20-39,Control,ul_pre_booster,UnlimitedBooster3,minutes,reward_chest,reward_chest,other,43612.0,1.0,15.0,,,0.0,0.02
D. 20-39,Control,unlimited_lives,UnlimitedLives,minutes,saga_progression,chapter_complete,core,43612.0,35043.0,1562400.0,,,35.825,26.92
D. 20-39,Control,unlimited_lives,UnlimitedLives,minutes,FlockRush,event_reward,meta,43612.0,18775.0,1133780.0,,,25.997,19.53
D. 20-39,Control,unlimited_lives,UnlimitedLives,minutes,player_level_up,reward_chest,core,43612.0,15644.0,783600.0,,,17.968,13.5
D. 20-39,Control,unlimited_lives,UnlimitedLives,minutes,daily_reward,daily_reward,core,43612.0,14795.0,593830.0,,,13.616,10.23
D. 20-39,Control,unlimited_lives,UnlimitedLives,minutes,Hatchling Hideaway,event_reward,meta,43612.0,9569.0,582060.0,,,13.346,10.03
D. 20-39,Control,unlimited_lives,UnlimitedLives,minutes,dream_pass_event,reward_event,meta,43612.0,6630.0,344535.0,,,7.9,5.94
D. 20-39,Control,unlimited_lives,UnlimitedLives,minutes,Jigsaw,reward_event,meta,43612.0,6204.0,319740.0,,,7.331,5.51
D. 20-39,Control,unlimited_lives,UnlimitedLives,minutes,kite_festival_event,reward_event,meta,43612.0,4220.0,149875.0,,,3.437,2.58
D. 20-39,Control,unlimited_lives,UnlimitedLives,minutes,ArcheryArena,reward_event,meta,43612.0,2260.0,70800.0,,,1.623,1.22
D. 20-39,Control,unlimited_lives,UnlimitedLives,minutes,offer_free_items,rolling_offer,meta,43612.0,1149.0,54165.0,,,1.242,0.93
D. 20-39,Control,unlimited_lives,UnlimitedLives,minutes,race_event,reward_event,meta,43612.0,982.0,49935.0,,,1.145,0.86
D. 20-39,Control,unlimited_lives,UnlimitedLives,minutes,ad_chest,ad_chest,ads,43612.0,2907.0,41430.0,,,0.95,0.71
D. 20-39,Control,unlimited_lives,UnlimitedLives,minutes,bomb_ballet_event,reward_event,meta,43612.0,1087.0,36570.0,,,0.839,0.63
D. 20-39,Control,unlimited_lives,UnlimitedLives,minutes,reward_chest,reward_chest,other,43612.0,531.0,16255.0,,,0.373,0.28
D. 20-39,Control,unlimited_lives,UnlimitedLives,minutes,season_pass_event,reward_event,meta,43612.0,233.0,16105.0,,,0.369,0.28
D. 20-39,Control,unlimited_lives,UnlimitedLives,minutes,river_rush,reward_event,meta,43612.0,586.0,14770.0,,,0.339,0.25
D. 20-39,Control,unlimited_lives,UnlimitedLives,minutes,great_offer1_299,purchase,purchase,43612.0,18.0,7560.0,,,0.173,0.13
D. 20-39,Control,unlimited_lives,UnlimitedLives,minutes,Hard_Level_Offer1,purchase,purchase,43612.0,259.0,5360.0,,,0.123,0.09
D. 20-39,Control,unlimited_lives,UnlimitedLives,minutes,great_offer1_199_tier3,purchase,purchase,43612.0,13.0,4680.0,,,0.107,0.08
D. 20-39,Control,unlimited_lives,UnlimitedLives,minutes,Hard_level_offer1_tier3,purchase,purchase,43612.0,162.0,3360.0,,,0.077,0.06
D. 20-39,Control,unlimited_lives,UnlimitedLives,minutes,Photoshoot,reward_event,meta,43612.0,76.0,2790.0,,,0.064,0.05
D. 20-39,Control,unlimited_lives,UnlimitedLives,minutes,rolling_offer_tier1_p499_VarA,purchase,purchase,43612.0,33.0,1320.0,,,0.03,0.02
D. 20-39,Control,unlimited_lives,UnlimitedLives,minutes,gift,gift,other,43612.0,29.0,1260.0,,,0.029,0.02
D. 20-39,Control,unlimited_lives,UnlimitedLives,minutes,bundle_3_with_prelevel_boosters2,purchase,purchase,43612.0,9.0,1200.0,,,0.028,0.02
D. 20-39,Control,unlimited_lives,UnlimitedLives,minutes,bundle_6_with_prelevel_boosters2,purchase,purchase,43612.0,1.0,1080.0,,,0.025,0.02
D. 20-39,Control,unlimited_lives,UnlimitedLives,minutes,rolling_offer_p799_VarA,purchase,purchase,43612.0,12.0,720.0,,,0.017,0.01
D. 20-39,Control,unlimited_lives,UnlimitedLives,minutes,bundle_5_with_prelevel_boosters,purchase,purchase,43612.0,1.0,720.0,,,0.017,0.01
D. 20-39,Control,unlimited_lives,UnlimitedLives,minutes,bundle_4_with_prelevel_boosters2,purchase,purchase,43612.0,2.0,720.0,,,0.017,0.01
D. 20-39,Control,unlimited_lives,UnlimitedLives,minutes,league_rank_up,league_reward,meta,43612.0,17.0,585.0,,,0.013,0.01
D. 20-39,Control,unlimited_lives,UnlimitedLives,minutes,rolling_offer_p049_tier3,purchase,purchase,43612.0,10.0,450.0,,,0.01,0.01
D. 20-39,Control,unlimited_lives,UnlimitedLives,minutes,bundle_4_with_prelevel_boosters_tier3,purchase,purchase,43612.0,1.0,360.0,,,0.008,0.01
D. 20-39,Control,unlimited_lives,UnlimitedLives,minutes,rolling_offer_tier1_p299_tier3,purchase,purchase,43612.0,12.0,360.0,,,0.008,0.01
D. 20-39,Control,unlimited_lives,UnlimitedLives,minutes,rolling_offer_tier1_p1499_VarA,purchase,purchase,43612.0,3.0,360.0,,,0.008,0.01
D. 20-39,Control,unlimited_lives,UnlimitedLives,minutes,bundle_4_with_prelevel_boosters,purchase,purchase,43612.0,1.0,360.0,,,0.008,0.01
D. 20-39,Control,unlimited_lives,UnlimitedLives,minutes,event_progress,reward_event,meta,43612.0,8.0,300.0,,,0.007,0.01
D. 20-39,Control,unlimited_lives,UnlimitedLives,minutes,rolling_offer_p099_VarA,purchase,purchase,43612.0,6.0,270.0,,,0.006,0.0
D. 20-39,Control,unlimited_lives,UnlimitedLives,minutes,rolling_offer_p1999_VarA,purchase,purchase,43612.0,2.0,240.0,,,0.006,0.0
D. 20-39,Control,unlimited_lives,UnlimitedLives,minutes,rolling_offer_p349_tier3,purchase,purchase,43612.0,4.0,240.0,,,0.006,0.0
D. 20-39,Control,unlimited_lives,UnlimitedLives,minutes,wager_event,reward_event,meta,43612.0,1.0,150.0,,,0.003,0.0
D. 20-39,Control,unlimited_lives,UnlimitedLives,minutes,rolling_offer_tier1_p799_tier3,purchase,purchase,43612.0,1.0,120.0,,,0.003,0.0
D. 20-39,Control,unlimited_lives,UnlimitedLives,minutes,league_same_rank,league_reward,meta,43612.0,1.0,68.0,,,0.002,0.0
D. 20-39,Control,unlimited_lives,UnlimitedLives,minutes,Rainbow Maker,reward_event,meta,43612.0,2.0,60.0,,,0.001,0.0
D. 20-39,Control,unlimited_lives,UnlimitedLives,minutes,team_versus_contribution,reward_event,meta,43612.0,2.0,40.0,,,0.001,0.0
D. 20-39,Control,unlimited_lives,UnlimitedLives,minutes,team_versus,reward_event,meta,43612.0,1.0,40.0,,,0.001,0.0
D. 20-39,Control,unlimited_lives,UnlimitedLives,minutes,unknown,,other,43612.0,1.0,30.0,,,0.001,0.0
D. 20-39,Control,unlimited_lives,UnlimitedLives,minutes,SagaPath,reward_event,meta,43612.0,1.0,15.0,,,0.0,0.0
D. 20-39,Variant,Avatar,Avatar,items,saga_progression,chapter_complete,core,44216.0,13593.0,19653.0,,,0.444,99.97
D. 20-39,Variant,Avatar,Avatar,items,season_pass_event,reward_event,meta,44216.0,5.0,6.0,,,0.0,0.03
D. 20-39,Variant,currency,HardCoin,coins,player_level_up,reward_chest,core,44216.0,26023.0,1459410.0,1459410.0,0.0,33.006,21.99
D. 20-39,Variant,currency,HardCoin,coins,dreamheist_event,reward_event,meta,44216.0,18732.0,1019545.0,1019545.0,0.0,23.058,15.36
D. 20-39,Variant,currency,HardCoin,coins,saga_progression,chapter_complete,core,44216.0,32560.0,689250.0,689250.0,0.0,15.588,10.39
D. 20-39,Variant,currency,HardCoin,coins,daily_reward,daily_reward,core,44216.0,21993.0,513455.0,513455.0,0.0,11.612,7.74
D. 20-39,Variant,currency,HardCoin,coins,team_collection,reward_event,meta,44216.0,2781.0,295270.0,295270.0,0.0,6.678,4.45
D. 20-39,Variant,currency,HardCoin,coins,Rainbow Maker,reward_event,meta,44216.0,13413.0,286501.0,286501.0,0.0,6.48,4.32
D. 20-39,Variant,currency,HardCoin,coins,dream_pass_event,reward_event,meta,44216.0,9217.0,258045.0,258045.0,0.0,5.836,3.89
D. 20-39,Variant,currency,HardCoin,coins,team_versus,reward_event,meta,44216.0,2476.0,250220.0,250220.0,0.0,5.659,3.77
D. 20-39,Variant,currency,HardCoin,coins,chuck_event,reward_event,meta,44216.0,1997.0,214300.0,214300.0,0.0,4.847,3.23
D. 20-39,Variant,currency,HardCoin,coins,ArcheryArena,reward_event,meta,44216.0,3630.0,199775.0,199775.0,0.0,4.518,3.01
D. 20-39,Variant,currency,HardCoin,coins,race_event,reward_event,meta,44216.0,6510.0,196785.0,196785.0,0.0,4.451,2.97
D. 20-39,Variant,currency,HardCoin,coins,team_versus_contribution,reward_event,meta,44216.0,3508.0,182580.0,182580.0,0.0,4.129,2.75
D. 20-39,Variant,currency,HardCoin,coins,Hatchling Hideaway,event_reward,meta,44216.0,7669.0,137315.0,137315.0,0.0,3.106,2.07
D. 20-39,Variant,currency,HardCoin,coins,ad_chest,ad_chest,ads,44216.0,5859.0,127830.0,127830.0,0.0,2.891,1.93
D. 20-39,Variant,currency,HardCoin,coins,Jigsaw,reward_event,meta,44216.0,3254.0,93850.0,93850.0,0.0,2.123,1.41
D. 20-39,Variant,currency,HardCoin,coins,xs_coins_tier3,purchase,purchase,44216.0,231.0,67950.0,0.0,67950.0,1.537,1.02
D. 20-39,Variant,currency,HardCoin,coins,reward_chest,reward_chest,other,44216.0,564.0,57570.0,57570.0,0.0,1.302,0.87
D. 20-39,Variant,currency,HardCoin,coins,dream_peak,reward_event,core,44216.0,135.0,47500.0,47500.0,0.0,1.074,0.72
D. 20-39,Variant,currency,HardCoin,coins,xs_coins2,purchase,purchase,44216.0,202.0,43300.0,0.0,43300.0,0.979,0.65
D. 20-39,Variant,currency,HardCoin,coins,kite_festival_event,reward_event,meta,44216.0,320.0,43125.0,43125.0,0.0,0.975,0.65
D. 20-39,Variant,currency,HardCoin,coins,bomb_ballet_event,reward_event,meta,44216.0,1633.0,42675.0,42675.0,0.0,0.965,0.64
D. 20-39,Variant,currency,HardCoin,coins,bundle_3_with_prelevel_boosters_tier3,purchase,purchase,44216.0,37.0,39000.0,0.0,39000.0,0.882,0.59
D. 20-39,Variant,currency,HardCoin,coins,Hard_Level_Offer1,purchase,purchase,44216.0,253.0,25800.0,0.0,25800.0,0.583,0.39
D. 20-39,Variant,currency,HardCoin,coins,facebook_like,facebook_like,other,44216.0,218.0,23800.0,23800.0,0.0,0.538,0.36
D. 20-39,Variant,currency,HardCoin,coins,bundle_2_with_prelevel_boosters2,purchase,purchase,44216.0,41.0,22500.0,0.0,22500.0,0.509,0.34
D. 20-39,Variant,currency,HardCoin,coins,red_event,reward_event,meta,44216.0,173.0,21250.0,21250.0,0.0,0.481,0.32
D. 20-39,Variant,currency,HardCoin,coins,Hard_level_offer1_tier3,purchase,purchase,44216.0,204.0,20900.0,0.0,20900.0,0.473,0.31
D. 20-39,Variant,currency,HardCoin,coins,s_coins_tier3,purchase,purchase,44216.0,19.0,16500.0,0.0,16500.0,0.373,0.25
D. 20-39,Variant,currency,HardCoin,coins,bundle_2_with_prelevel_boosters,purchase,purchase,44216.0,26.0,13000.0,0.0,13000.0,0.294,0.2
D. 20-39,Variant,currency,HardCoin,coins,bundle_2_with_prelevel_boosters_tier3,purchase,purchase,44216.0,23.0,13000.0,0.0,13000.0,0.294,0.2
D. 20-39,Variant,currency,HardCoin,coins,bundle_7_with_prelevel_boosters,purchase,purchase,44216.0,83.0,12450.0,0.0,12450.0,0.282,0.19
D. 20-39,Variant,currency,HardCoin,coins,m_coins_tier3,purchase,purchase,44216.0,9.0,11000.0,0.0,11000.0,0.249,0.17
D. 20-39,Variant,currency,HardCoin,coins,special_offer1,purchase,purchase,44216.0,36.0,10800.0,0.0,10800.0,0.244,0.16
D. 20-39,Variant,currency,HardCoin,coins,rolling_offer_tier1_p299,purchase,purchase,44216.0,54.0,10800.0,0.0,10800.0,0.244,0.16
D. 20-39,Variant,currency,HardCoin,coins,s_coins2,purchase,purchase,44216.0,13.0,10500.0,0.0,10500.0,0.237,0.16
D. 20-39,Variant,currency,HardCoin,coins,heart_gift,heart_gift,other,44216.0,4305.0,10233.0,10233.0,0.0,0.231,0.15
D. 20-39,Variant,currency,HardCoin,coins,xxl_coins2,purchase,purchase,44216.0,1.0,10000.0,0.0,10000.0,0.226,0.15
D. 20-39,Variant,currency,HardCoin,coins,bundle_3_with_prelevel_boosters2,purchase,purchase,44216.0,8.0,9000.0,0.0,9000.0,0.204,0.14
D. 20-39,Variant,currency,HardCoin,coins,special_offer1_tier3,purchase,purchase,44216.0,30.0,9000.0,0.0,9000.0,0.204,0.14
D. 20-39,Variant,currency,HardCoin,coins,bundle_3_with_prelevel_boosters,purchase,purchase,44216.0,8.0,9000.0,0.0,9000.0,0.204,0.14
D. 20-39,Variant,currency,HardCoin,coins,m_coins2,purchase,purchase,44216.0,6.0,8000.0,0.0,8000.0,0.181,0.12
D. 20-39,Variant,currency,HardCoin,coins,bundle_6_with_prelevel_boosters2,purchase,purchase,44216.0,1.0,6500.0,0.0,6500.0,0.147,0.1
D. 20-39,Variant,currency,HardCoin,coins,rolling_offer_tier1_p499_VarA,purchase,purchase,44216.0,20.0,6000.0,0.0,6000.0,0.136,0.09
D. 20-39,Variant,currency,HardCoin,coins,rolling_offer_tier1_p199_tier3,purchase,purchase,44216.0,28.0,5600.0,0.0,5600.0,0.127,0.08
D. 20-39,Variant,currency,HardCoin,coins,single_collection,reward_event,meta,44216.0,50.0,5350.0,5350.0,0.0,0.121,0.08
D. 20-39,Variant,currency,HardCoin,coins,season_pass_event,reward_event,meta,44216.0,204.0,4965.0,4680.0,285.0,0.112,0.07
D. 20-39,Variant,currency,HardCoin,coins,bundle_1_with_prelevel_boosters_tier3,purchase,purchase,44216.0,22.0,4800.0,0.0,4800.0,0.109,0.07
D. 20-39,Variant,currency,HardCoin,coins,special_offer8,purchase,purchase,44216.0,18.0,4500.0,0.0,4500.0,0.102,0.07
D. 20-39,Variant,currency,HardCoin,coins,bundle_7_with_prelevel_boosters_tier3,purchase,purchase,44216.0,30.0,4500.0,0.0,4500.0,0.102,0.07
D. 20-39,Variant,currency,HardCoin,coins,rolling_offer_tier1_p299_tier3,purchase,purchase,44216.0,10.0,4400.0,0.0,4400.0,0.1,0.07
D. 20-39,Variant,currency,HardCoin,coins,bundle_7_with_prelevel_boosters2,purchase,purchase,44216.0,12.0,4200.0,0.0,4200.0,0.095,0.06
D. 20-39,Variant,currency,HardCoin,coins,offer_free_items,rolling_offer,meta,44216.0,36.0,4030.0,4030.0,0.0,0.091,0.06
D. 20-39,Variant,currency,HardCoin,coins,special_offer10,purchase,purchase,44216.0,13.0,3900.0,0.0,3900.0,0.088,0.06
D. 20-39,Variant,currency,HardCoin,coins,rolling_offer_p349_tier3,purchase,purchase,44216.0,7.0,3850.0,0.0,3850.0,0.087,0.06
D. 20-39,Variant,currency,HardCoin,coins,special_offer9,purchase,purchase,44216.0,14.0,3500.0,0.0,3500.0,0.079,0.05
D. 20-39,Variant,currency,HardCoin,coins,special_offer10_tier3,purchase,purchase,44216.0,7.0,3500.0,0.0,3500.0,0.079,0.05
D. 20-39,Variant,currency,HardCoin,coins,special_offer8_tier3,purchase,purchase,44216.0,7.0,2800.0,0.0,2800.0,0.063,0.04
D. 20-39,Variant,currency,HardCoin,coins,purchase,purchase,purchase,44216.0,1.0,2690.0,0.0,2690.0,0.061,0.04
D. 20-39,Variant,currency,HardCoin,coins,bundle_4_with_prelevel_boosters2,purchase,purchase,44216.0,1.0,2500.0,0.0,2500.0,0.057,0.04
D. 20-39,Variant,currency,HardCoin,coins,rolling_offer_p799_VarA,purchase,purchase,44216.0,5.0,2500.0,0.0,2500.0,0.057,0.04
D. 20-39,Variant,currency,HardCoin,coins,great_offer1_199_tier3,purchase,purchase,44216.0,23.0,2300.0,0.0,2300.0,0.052,0.03
D. 20-39,Variant,currency,HardCoin,coins,bundle_4_with_prelevel_boosters,purchase,purchase,44216.0,1.0,2000.0,0.0,2000.0,0.045,0.03
D. 20-39,Variant,currency,HardCoin,coins,special_offer11_tier3,purchase,purchase,44216.0,2.0,2000.0,0.0,2000.0,0.045,0.03
D. 20-39,Variant,currency,HardCoin,coins,bundle_4_with_prelevel_boosters_tier3,purchase,purchase,44216.0,1.0,2000.0,0.0,2000.0,0.045,0.03
D. 20-39,Variant,currency,HardCoin,coins,great_offer1_199,purchase,purchase,44216.0,13.0,1950.0,0.0,1950.0,0.044,0.03
D. 20-39,Variant,currency,HardCoin,coins,bomb_event,reward_event,meta,44216.0,23.0,1875.0,1875.0,0.0,0.042,0.03
D. 20-39,Variant,currency,HardCoin,coins,great_offer1_299,purchase,purchase,44216.0,16.0,1600.0,0.0,1600.0,0.036,0.02
D. 20-39,Variant,currency,HardCoin,coins,special_offer9_tier3,purchase,purchase,44216.0,5.0,1500.0,0.0,1500.0,0.034,0.02
D. 20-39,Variant,currency,HardCoin,coins,rolling_offer_p049_tier3,purchase,purchase,44216.0,9.0,1350.0,0.0,1350.0,0.031,0.02
D. 20-39,Variant,currency,HardCoin,coins,special_offer12,purchase,purchase,44216.0,1.0,1200.0,0.0,1200.0,0.027,0.02
D. 20-39,Variant,currency,HardCoin,coins,rolling_offer_tier1_p1499_VarA,purchase,purchase,44216.0,1.0,1000.0,0.0,1000.0,0.023,0.02
D. 20-39,Variant,currency,HardCoin,coins,river_rush,reward_event,meta,44216.0,15.0,870.0,870.0,0.0,0.02,0.01
D. 20-39,Variant,currency,HardCoin,coins,special_offer3_tier3,purchase,purchase,44216.0,1.0,800.0,0.0,800.0,0.018,0.01
D. 20-39,Variant,currency,HardCoin,coins,reds_club,reds_club,other,44216.0,4.0,600.0,600.0,0.0,0.014,0.01
D. 20-39,Variant,currency,HardCoin,coins,gift,gift,other,44216.0,3.0,600.0,600.0,0.0,0.014,0.01
D. 20-39,Variant,currency,HardCoin,coins,rolling_offer_p099_VarA,purchase,purchase,44216.0,3.0,600.0,0.0,600.0,0.014,0.01
D. 20-39,Variant,currency,HardCoin,coins,special_offer3,purchase,purchase,44216.0,1.0,500.0,0.0,500.0,0.011,0.01
D. 20-39,Variant,currency,HardCoin,coins,bundle_1_with_prelevel_boosters,purchase,purchase,44216.0,2.0,400.0,0.0,400.0,0.009,0.01
D. 20-39,Variant,currency,HardCoin,coins,wager_event,reward_event,meta,44216.0,2.0,275.0,275.0,0.0,0.006,0.0
D. 20-39,Variant,currency,HardCoin,coins,special_event,reward_event,meta,44216.0,1.0,100.0,100.0,0.0,0.002,0.0
D. 20-39,Variant,currency,HardCoin,coins,saga_progression,reward_chest,core,44216.0,1.0,45.0,45.0,0.0,0.001,0.0
D. 20-39,Variant,currency,HardCoin,coins,unknown,,other,44216.0,2.0,45.0,45.0,0.0,0.001,0.0
D. 20-39,Variant,currency,HardCoin,coins,event_progress,reward_event,meta,44216.0,1.0,25.0,25.0,0.0,0.001,0.0
D. 20-39,Variant,currency,HardCoin,coins,Photoshoot,reward_event,meta,44216.0,1.0,25.0,25.0,0.0,0.001,0.0
D. 20-39,Variant,currency,HardCoin,coins,SagaPath,reward_event,meta,44216.0,1.0,20.0,20.0,0.0,0.0,0.0
D. 20-39,Variant,currency,HardCoin,coins,SeasonPassHalloween,reward_event,meta,44216.0,1.0,10.0,10.0,0.0,0.0,0.0
D. 20-39,Variant,dream_pass_tokens,DreamPassToken,items,Rainbow Maker,reward_event,meta,44216.0,13995.0,1278963.0,,,28.925,56.35
D. 20-39,Variant,dream_pass_tokens,DreamPassToken,items,race_event,reward_event,meta,44216.0,9510.0,494105.0,,,11.175,21.77
D. 20-39,Variant,dream_pass_tokens,DreamPassToken,items,offer_free_items,rolling_offer,meta,44216.0,6529.0,287260.0,,,6.497,12.66
D. 20-39,Variant,dream_pass_tokens,DreamPassToken,items,kite_festival_event,reward_event,meta,44216.0,2441.0,164630.0,,,3.723,7.25
D. 20-39,Variant,dream_pass_tokens,DreamPassToken,items,FlockRush,event_reward,meta,44216.0,2131.0,44180.0,,,0.999,1.95
D. 20-39,Variant,dream_pass_tokens,DreamPassToken,items,wager_event,reward_event,meta,44216.0,2.0,300.0,,,0.007,0.01
D. 20-39,Variant,dream_pass_tokens,DreamPassToken,items,river_rush,reward_event,meta,44216.0,5.0,170.0,,,0.004,0.01
D. 20-39,Variant,dream_pass_tokens,DreamPassToken,items,special_event,reward_event,meta,44216.0,2.0,80.0,,,0.002,0.0
D. 20-39,Variant,dream_pass_tokens,DreamPassToken,items,event_progress,reward_event,meta,44216.0,1.0,50.0,,,0.001,0.0
D. 20-39,Variant,dream_pass_tokens,DreamPassToken,items,ArcheryArena,reward_event,meta,44216.0,1.0,10.0,,,0.0,0.0
D. 20-39,Variant,life,life,items,ask_for_lives,ask_for_lives,other,44216.0,1868.0,7890.0,,,0.178,73.37
D. 20-39,Variant,life,life,items,ad_life,ad_life,ads,44216.0,1878.0,2864.0,,,0.065,26.63
D. 20-39,Variant,life,liferefill,items,coin_purchase,coin_purchase,other,44216.0,1492.0,10965.0,,,0.248,100.0
D. 20-39,Variant,orb,Movie_Magic,items,dream_pass_event,reward_event,meta,44216.0,6.0,6.0,,,0.0,100.0
D. 20-39,Variant,orb,Ocean_rescue,items,dream_pass_event,reward_event,meta,44216.0,1.0,1.0,,,0.0,100.0
D. 20-39,Variant,orb,Reds_Greatest_Challenge,items,dream_pass_event,reward_event,meta,44216.0,1769.0,1769.0,,,0.04,100.0
D. 20-39,Variant,powerup,powerup_1,items,Rainbow Maker,reward_event,meta,44216.0,5039.0,5401.0,,,0.122,19.42
D. 20-39,Variant,powerup,powerup_1,items,player_level_up,reward_chest,core,44216.0,4098.0,4131.0,,,0.093,14.85
D. 20-39,Variant,powerup,powerup_1,items,Hatchling Hideaway,event_reward,meta,44216.0,3810.0,3896.0,,,0.088,14.01
D. 20-39,Variant,powerup,powerup_1,items,team_versus,reward_event,meta,44216.0,3697.0,3742.0,,,0.085,13.46
D. 20-39,Variant,powerup,powerup_1,items,race_event,reward_event,meta,44216.0,2211.0,2268.0,,,0.051,8.16
D. 20-39,Variant,powerup,powerup_1,items,team_versus_contribution,reward_event,meta,44216.0,2154.0,2173.0,,,0.049,7.81
D. 20-39,Variant,powerup,powerup_1,items,ad_chest,ad_chest,ads,44216.0,1159.0,1271.0,,,0.029,4.57
D. 20-39,Variant,powerup,powerup_1,items,team_collection,reward_event,meta,44216.0,712.0,965.0,,,0.022,3.47
D. 20-39,Variant,powerup,powerup_1,items,ArcheryArena,reward_event,meta,44216.0,918.0,951.0,,,0.022,3.42
D. 20-39,Variant,powerup,powerup_1,items,reward_chest,reward_chest,other,44216.0,562.0,573.0,,,0.013,2.06
D. 20-39,Variant,powerup,powerup_1,items,chuck_event,reward_event,meta,44216.0,469.0,493.0,,,0.011,1.77
D. 20-39,Variant,powerup,powerup_1,items,daily_reward,daily_reward,core,44216.0,460.0,470.0,,,0.011,1.69
D. 20-39,Variant,powerup,powerup_1,items,dream_pass_event,reward_event,meta,44216.0,227.0,309.0,,,0.007,1.11
D. 20-39,Variant,powerup,powerup_1,items,saga_progression,chapter_complete,core,44216.0,96.0,114.0,,,0.003,0.41
D. 20-39,Variant,powerup,powerup_1,items,ingame,purchase,purchase,44216.0,26.0,93.0,,,0.002,0.33
D. 20-39,Variant,powerup,powerup_1,items,bundle_2_with_prelevel_boosters2,purchase,purchase,44216.0,41.0,90.0,,,0.002,0.32
D. 20-39,Variant,powerup,powerup_1,items,bundle_7_with_prelevel_boosters,purchase,purchase,44216.0,83.0,83.0,,,0.002,0.3
D. 20-39,Variant,powerup,powerup_1,items,bundle_3_with_prelevel_boosters_tier3,purchase,purchase,44216.0,37.0,78.0,,,0.002,0.28
D. 20-39,Variant,powerup,powerup_1,items,red_event,reward_event,meta,44216.0,55.0,61.0,,,0.001,0.22
D. 20-39,Variant,powerup,powerup_1,items,rolling_offer_tier1_p299,purchase,purchase,44216.0,54.0,54.0,,,0.001,0.19
D. 20-39,Variant,powerup,powerup_1,items,dreamheist_event,reward_event,meta,44216.0,41.0,45.0,,,0.001,0.16
D. 20-39,Variant,powerup,powerup_1,items,kite_festival_event,reward_event,meta,44216.0,45.0,45.0,,,0.001,0.16
D. 20-39,Variant,powerup,powerup_1,items,dream_peak,reward_event,core,44216.0,36.0,45.0,,,0.001,0.16
D. 20-39,Variant,powerup,powerup_1,items,bundle_3_with_prelevel_boosters2,purchase,purchase,44216.0,8.0,36.0,,,0.001,0.13
D. 20-39,Variant,powerup,powerup_1,items,bundle_7_with_prelevel_boosters_tier3,purchase,purchase,44216.0,30.0,30.0,,,0.001,0.11
D. 20-39,Variant,powerup,powerup_1,items,offer_free_items,rolling_offer,meta,44216.0,29.0,29.0,,,0.001,0.1
D. 20-39,Variant,powerup,powerup_1,items,rolling_offer_tier1_p199_tier3,purchase,purchase,44216.0,28.0,28.0,,,0.001,0.1
D. 20-39,Variant,powerup,powerup_1,items,bundle_2_with_prelevel_boosters,purchase,purchase,44216.0,26.0,26.0,,,0.001,0.09
D. 20-39,Variant,powerup,powerup_1,items,bundle_2_with_prelevel_boosters_tier3,purchase,purchase,44216.0,23.0,26.0,,,0.001,0.09
D. 20-39,Variant,powerup,powerup_1,items,bundle_6_with_prelevel_boosters2,purchase,purchase,44216.0,1.0,25.0,,,0.001,0.09
D. 20-39,Variant,powerup,powerup_1,items,bundle_1_with_prelevel_boosters_tier3,purchase,purchase,44216.0,22.0,24.0,,,0.001,0.09
D. 20-39,Variant,powerup,powerup_1,items,rolling_offer_tier1_p499_VarA,purchase,purchase,44216.0,20.0,20.0,,,0.0,0.07
D. 20-39,Variant,powerup,powerup_1,items,special_offer8,purchase,purchase,44216.0,18.0,18.0,,,0.0,0.06
D. 20-39,Variant,powerup,powerup_1,items,bundle_3_with_prelevel_boosters,purchase,purchase,44216.0,8.0,18.0,,,0.0,0.06
D. 20-39,Variant,powerup,powerup_1,items,bundle_7_with_prelevel_boosters2,purchase,purchase,44216.0,12.0,14.0,,,0.0,0.05
D. 20-39,Variant,powerup,powerup_1,items,special_offer9,purchase,purchase,44216.0,14.0,14.0,,,0.0,0.05
D. 20-39,Variant,powerup,powerup_1,items,Jigsaw,reward_event,meta,44216.0,13.0,14.0,,,0.0,0.05
D. 20-39,Variant,powerup,powerup_1,items,special_offer10,purchase,purchase,44216.0,13.0,13.0,,,0.0,0.05
D. 20-39,Variant,powerup,powerup_1,items,rolling_offer_tier1_p299_tier3,purchase,purchase,44216.0,10.0,11.0,,,0.0,0.04
D. 20-39,Variant,powerup,powerup_1,items,river_rush,reward_event,meta,44216.0,10.0,10.0,,,0.0,0.04
D. 20-39,Variant,powerup,powerup_1,items,single_collection,reward_event,meta,44216.0,8.0,9.0,,,0.0,0.03
D. 20-39,Variant,powerup,powerup_1,items,rolling_offer_p049_tier3,purchase,purchase,44216.0,9.0,9.0,,,0.0,0.03
D. 20-39,Variant,powerup,powerup_1,items,bundle_4_with_prelevel_boosters2,purchase,purchase,44216.0,1.0,8.0,,,0.0,0.03
D. 20-39,Variant,powerup,powerup_1,items,special_offer10_tier3,purchase,purchase,44216.0,7.0,7.0,,,0.0,0.03
D. 20-39,Variant,powerup,powerup_1,items,rolling_offer_p349_tier3,purchase,purchase,44216.0,7.0,7.0,,,0.0,0.03
D. 20-39,Variant,powerup,powerup_1,items,special_offer8_tier3,purchase,purchase,44216.0,7.0,7.0,,,0.0,0.03
D. 20-39,Variant,powerup,powerup_1,items,special_offer11_tier3,purchase,purchase,44216.0,2.0,6.0,,,0.0,0.02
D. 20-39,Variant,powerup,powerup_1,items,bomb_ballet_event,reward_event,meta,44216.0,6.0,6.0,,,0.0,0.02
D. 20-39,Variant,powerup,powerup_1,items,rolling_offer_p799_VarA,purchase,purchase,44216.0,5.0,5.0,,,0.0,0.02
D. 20-39,Variant,powerup,powerup_1,items,bundle_4_with_prelevel_boosters,purchase,purchase,44216.0,1.0,5.0,,,0.0,0.02
D. 20-39,Variant,powerup,powerup_1,items,bundle_4_with_prelevel_boosters_tier3,purchase,purchase,44216.0,1.0,5.0,,,0.0,0.02
D. 20-39,Variant,powerup,powerup_1,items,special_offer9_tier3,purchase,purchase,44216.0,5.0,5.0,,,0.0,0.02
D. 20-39,Variant,powerup,powerup_1,items,special_offer12,purchase,purchase,44216.0,1.0,3.0,,,0.0,0.01
D. 20-39,Variant,powerup,powerup_1,items,rolling_offer_p099_VarA,purchase,purchase,44216.0,3.0,3.0,,,0.0,0.01
D. 20-39,Variant,powerup,powerup_1,items,special_offer3,purchase,purchase,44216.0,1.0,3.0,,,0.0,0.01
D. 20-39,Variant,powerup,powerup_1,items,gift,gift,other,44216.0,3.0,3.0,,,0.0,0.01
D. 20-39,Variant,powerup,powerup_1,items,special_offer3_tier3,purchase,purchase,44216.0,1.0,3.0,,,0.0,0.01
D. 20-39,Variant,powerup,powerup_1,items,bomb_event,reward_event,meta,44216.0,2.0,2.0,,,0.0,0.01
D. 20-39,Variant,powerup,powerup_1,items,season_pass_event,reward_event,meta,44216.0,1.0,2.0,,,0.0,0.01
D. 20-39,Variant,powerup,powerup_1,items,bundle_1_with_prelevel_boosters,purchase,purchase,44216.0,2.0,2.0,,,0.0,0.01
D. 20-39,Variant,powerup,powerup_1,items,balloon_event,reward_event,meta,44216.0,1.0,1.0,,,0.0,0.0
D. 20-39,Variant,powerup,powerup_1,items,rolling_offer_tier1_p1499_VarA,purchase,purchase,44216.0,1.0,1.0,,,0.0,0.0
D. 20-39,Variant,powerup,powerup_2,items,Rainbow Maker,reward_event,meta,44216.0,11508.0,22025.0,,,0.498,26.42
D. 20-39,Variant,powerup,powerup_2,items,player_level_up,reward_chest,core,44216.0,10843.0,12079.0,,,0.273,14.49
D. 20-39,Variant,powerup,powerup_2,items,saga_progression,chapter_complete,core,44216.0,10574.0,10783.0,,,0.244,12.93
D. 20-39,Variant,powerup,powerup_2,items,daily_reward,daily_reward,core,44216.0,6712.0,6899.0,,,0.156,8.27
D. 20-39,Variant,powerup,powerup_2,items,dreamheist_event,reward_event,meta,44216.0,5226.0,5482.0,,,0.124,6.57
D. 20-39,Variant,powerup,powerup_2,items,chuck_event,reward_event,meta,44216.0,3262.0,3419.0,,,0.077,4.1
D. 20-39,Variant,powerup,powerup_2,items,team_collection,reward_event,meta,44216.0,2072.0,3307.0,,,0.075,3.97
D. 20-39,Variant,powerup,powerup_2,items,ArcheryArena,reward_event,meta,44216.0,3060.0,3142.0,,,0.071,3.77
D. 20-39,Variant,powerup,powerup_2,items,ad_chest,ad_chest,ads,44216.0,2317.0,2694.0,,,0.061,3.23
D. 20-39,Variant,powerup,powerup_2,items,FlockRush,event_reward,meta,44216.0,2439.0,2557.0,,,0.058,3.07
D. 20-39,Variant,powerup,powerup_2,items,team_versus,reward_event,meta,44216.0,1988.0,2016.0,,,0.046,2.42
D. 20-39,Variant,powerup,powerup_2,items,dream_pass_event,reward_event,meta,44216.0,1751.0,2007.0,,,0.045,2.41
D. 20-39,Variant,powerup,powerup_2,items,race_event,reward_event,meta,44216.0,1777.0,1818.0,,,0.041,2.18
D. 20-39,Variant,powerup,powerup_2,items,Hatchling Hideaway,event_reward,meta,44216.0,1336.0,1391.0,,,0.031,1.67
D. 20-39,Variant,powerup,powerup_2,items,reward_chest,reward_chest,other,44216.0,562.0,573.0,,,0.013,0.69
D. 20-39,Variant,powerup,powerup_2,items,ingame,purchase,purchase,44216.0,163.0,543.0,,,0.012,0.65
D. 20-39,Variant,powerup,powerup_2,items,team_versus_contribution,reward_event,meta,44216.0,522.0,527.0,,,0.012,0.63
D. 20-39,Variant,powerup,powerup_2,items,kite_festival_event,reward_event,meta,44216.0,491.0,502.0,,,0.011,0.6
D. 20-39,Variant,powerup,powerup_2,items,red_event,reward_event,meta,44216.0,319.0,334.0,,,0.008,0.4
D. 20-39,Variant,powerup,powerup_2,items,offer_free_items,rolling_offer,meta,44216.0,121.0,147.0,,,0.003,0.18
D. 20-39,Variant,powerup,powerup_2,items,dream_peak,reward_event,core,44216.0,99.0,124.0,,,0.003,0.15
D. 20-39,Variant,powerup,powerup_2,items,single_collection,reward_event,meta,44216.0,86.0,94.0,,,0.002,0.11
D. 20-39,Variant,powerup,powerup_2,items,bundle_2_with_prelevel_boosters2,purchase,purchase,44216.0,41.0,90.0,,,0.002,0.11
D. 20-39,Variant,powerup,powerup_2,items,bundle_7_with_prelevel_boosters,purchase,purchase,44216.0,83.0,83.0,,,0.002,0.1
D. 20-39,Variant,powerup,powerup_2,items,bundle_3_with_prelevel_boosters_tier3,purchase,purchase,44216.0,37.0,78.0,,,0.002,0.09
D. 20-39,Variant,powerup,powerup_2,items,rolling_offer_tier1_p299,purchase,purchase,44216.0,54.0,54.0,,,0.001,0.06
D. 20-39,Variant,powerup,powerup_2,items,bomb_event,reward_event,meta,44216.0,47.0,51.0,,,0.001,0.06
D. 20-39,Variant,powerup,powerup_2,items,special_offer10,purchase,purchase,44216.0,13.0,39.0,,,0.001,0.05
D. 20-39,Variant,powerup,powerup_2,items,special_offer8,purchase,purchase,44216.0,18.0,36.0,,,0.001,0.04
D. 20-39,Variant,powerup,powerup_2,items,bundle_3_with_prelevel_boosters2,purchase,purchase,44216.0,8.0,36.0,,,0.001,0.04
D. 20-39,Variant,powerup,powerup_2,items,bundle_7_with_prelevel_boosters_tier3,purchase,purchase,44216.0,30.0,30.0,,,0.001,0.04
D. 20-39,Variant,powerup,powerup_2,items,rolling_offer_tier1_p199_tier3,purchase,purchase,44216.0,28.0,28.0,,,0.001,0.03
D. 20-39,Variant,powerup,powerup_2,items,special_offer9,purchase,purchase,44216.0,14.0,28.0,,,0.001,0.03
D. 20-39,Variant,powerup,powerup_2,items,Jigsaw,reward_event,meta,44216.0,26.0,27.0,,,0.001,0.03
D. 20-39,Variant,powerup,powerup_2,items,bundle_2_with_prelevel_boosters_tier3,purchase,purchase,44216.0,23.0,26.0,,,0.001,0.03
D. 20-39,Variant,powerup,powerup_2,items,bundle_2_with_prelevel_boosters,purchase,purchase,44216.0,26.0,26.0,,,0.001,0.03
D. 20-39,Variant,powerup,powerup_2,items,bundle_6_with_prelevel_boosters2,purchase,purchase,44216.0,1.0,25.0,,,0.001,0.03
D. 20-39,Variant,powerup,powerup_2,items,bundle_1_with_prelevel_boosters_tier3,purchase,purchase,44216.0,22.0,24.0,,,0.001,0.03
D. 20-39,Variant,powerup,powerup_2,items,special_offer10_tier3,purchase,purchase,44216.0,7.0,21.0,,,0.0,0.03
D. 20-39,Variant,powerup,powerup_2,items,rolling_offer_tier1_p499_VarA,purchase,purchase,44216.0,20.0,20.0,,,0.0,0.02
D. 20-39,Variant,powerup,powerup_2,items,bundle_3_with_prelevel_boosters,purchase,purchase,44216.0,8.0,18.0,,,0.0,0.02
D. 20-39,Variant,powerup,powerup_2,items,bomb_ballet_event,reward_event,meta,44216.0,18.0,18.0,,,0.0,0.02
D. 20-39,Variant,powerup,powerup_2,items,league_rank_up,league_reward,meta,44216.0,9.0,15.0,,,0.0,0.02
D. 20-39,Variant,powerup,powerup_2,items,bundle_7_with_prelevel_boosters2,purchase,purchase,44216.0,12.0,14.0,,,0.0,0.02
D. 20-39,Variant,powerup,powerup_2,items,season_pass_event,reward_event,meta,44216.0,11.0,14.0,,,0.0,0.02
D. 20-39,Variant,powerup,powerup_2,items,special_offer8_tier3,purchase,purchase,44216.0,7.0,14.0,,,0.0,0.02
D. 20-39,Variant,powerup,powerup_2,items,rolling_offer_tier1_p299_tier3,purchase,purchase,44216.0,10.0,11.0,,,0.0,0.01
D. 20-39,Variant,powerup,powerup_2,items,special_offer9_tier3,purchase,purchase,44216.0,5.0,10.0,,,0.0,0.01
D. 20-39,Variant,powerup,powerup_2,items,river_rush,reward_event,meta,44216.0,8.0,9.0,,,0.0,0.01
D. 20-39,Variant,powerup,powerup_2,items,gift,gift,other,44216.0,3.0,9.0,,,0.0,0.01
D. 20-39,Variant,powerup,powerup_2,items,bundle_4_with_prelevel_boosters2,purchase,purchase,44216.0,1.0,8.0,,,0.0,0.01
D. 20-39,Variant,powerup,powerup_2,items,rolling_offer_p349_tier3,purchase,purchase,44216.0,7.0,7.0,,,0.0,0.01
D. 20-39,Variant,powerup,powerup_2,items,special_offer12,purchase,purchase,44216.0,1.0,6.0,,,0.0,0.01
D. 20-39,Variant,powerup,powerup_2,items,special_offer11_tier3,purchase,purchase,44216.0,2.0,6.0,,,0.0,0.01
D. 20-39,Variant,powerup,powerup_2,items,special_offer3_tier3,purchase,purchase,44216.0,1.0,5.0,,,0.0,0.01
D. 20-39,Variant,powerup,powerup_2,items,rolling_offer_p799_VarA,purchase,purchase,44216.0,5.0,5.0,,,0.0,0.01
D. 20-39,Variant,powerup,powerup_2,items,bundle_4_with_prelevel_boosters_tier3,purchase,purchase,44216.0,1.0,5.0,,,0.0,0.01
D. 20-39,Variant,powerup,powerup_2,items,special_offer3,purchase,purchase,44216.0,1.0,5.0,,,0.0,0.01
D. 20-39,Variant,powerup,powerup_2,items,bundle_4_with_prelevel_boosters,purchase,purchase,44216.0,1.0,5.0,,,0.0,0.01
D. 20-39,Variant,powerup,powerup_2,items,bundle_1_with_prelevel_boosters,purchase,purchase,44216.0,2.0,2.0,,,0.0,0.0
D. 20-39,Variant,powerup,powerup_2,items,rolling_offer_tier1_p1499_VarA,purchase,purchase,44216.0,1.0,2.0,,,0.0,0.0
D. 20-39,Variant,powerup,powerup_2,items,league_same_rank,league_reward,meta,44216.0,1.0,2.0,,,0.0,0.0
D. 20-39,Variant,powerup,powerup_2,items,special_event,reward_event,meta,44216.0,1.0,1.0,,,0.0,0.0
D. 20-39,Variant,powerup,powerup_2,items,unknown,,other,44216.0,1.0,1.0,,,0.0,0.0
D. 20-39,Variant,powerup,powerup_2,items,balloon_event,reward_event,meta,44216.0,1.0,1.0,,,0.0,0.0
D. 20-39,Variant,powerup,powerup_3,items,player_level_up,reward_chest,core,44216.0,11818.0,12927.0,,,0.292,21.19
D. 20-39,Variant,powerup,powerup_3,items,saga_progression,chapter_complete,core,44216.0,10487.0,10725.0,,,0.243,17.58
D. 20-39,Variant,powerup,powerup_3,items,Rainbow Maker,reward_event,meta,44216.0,7171.0,8093.0,,,0.183,13.26
D. 20-39,Variant,powerup,powerup_3,items,daily_reward,daily_reward,core,44216.0,4102.0,4192.0,,,0.095,6.87
D. 20-39,Variant,powerup,powerup_3,items,dream_pass_event,reward_event,meta,44216.0,3303.0,3710.0,,,0.084,6.08
D. 20-39,Variant,powerup,powerup_3,items,chuck_event,reward_event,meta,44216.0,3284.0,3429.0,,,0.078,5.62
D. 20-39,Variant,powerup,powerup_3,items,team_versus,reward_event,meta,44216.0,3239.0,3278.0,,,0.074,5.37
D. 20-39,Variant,powerup,powerup_3,items,ad_chest,ad_chest,ads,44216.0,2407.0,2808.0,,,0.064,4.6
D. 20-39,Variant,powerup,powerup_3,items,Hatchling Hideaway,event_reward,meta,44216.0,2618.0,2674.0,,,0.06,4.38
D. 20-39,Variant,powerup,powerup_3,items,race_event,reward_event,meta,44216.0,2326.0,2370.0,,,0.054,3.88
D. 20-39,Variant,powerup,powerup_3,items,team_collection,reward_event,meta,44216.0,709.0,1524.0,,,0.034,2.5
D. 20-39,Variant,powerup,powerup_3,items,ArcheryArena,reward_event,meta,44216.0,1295.0,1340.0,,,0.03,2.2
D. 20-39,Variant,powerup,powerup_3,items,team_versus_contribution,reward_event,meta,44216.0,833.0,840.0,,,0.019,1.38
D. 20-39,Variant,powerup,powerup_3,items,reward_chest,reward_chest,other,44216.0,562.0,573.0,,,0.013,0.94
D. 20-39,Variant,powerup,powerup_3,items,facebook_like,facebook_like,other,44216.0,218.0,476.0,,,0.011,0.78
D. 20-39,Variant,powerup,powerup_3,items,ingame,purchase,purchase,44216.0,91.0,390.0,,,0.009,0.64
D. 20-39,Variant,powerup,powerup_3,items,red_event,reward_event,meta,44216.0,266.0,283.0,,,0.006,0.46
D. 20-39,Variant,powerup,powerup_3,items,dream_peak,reward_event,core,44216.0,165.0,204.0,,,0.005,0.33
D. 20-39,Variant,powerup,powerup_3,items,kite_festival_event,reward_event,meta,44216.0,140.0,143.0,,,0.003,0.23
D. 20-39,Variant,powerup,powerup_3,items,bundle_2_with_prelevel_boosters2,purchase,purchase,44216.0,41.0,90.0,,,0.002,0.15
D. 20-39,Variant,powerup,powerup_3,items,bundle_7_with_prelevel_boosters,purchase,purchase,44216.0,83.0,83.0,,,0.002,0.14
D. 20-39,Variant,powerup,powerup_3,items,single_collection,reward_event,meta,44216.0,74.0,79.0,,,0.002,0.13
D. 20-39,Variant,powerup,powerup_3,items,bundle_3_with_prelevel_boosters_tier3,purchase,purchase,44216.0,37.0,78.0,,,0.002,0.13
D. 20-39,Variant,powerup,powerup_3,items,offer_free_items,rolling_offer,meta,44216.0,49.0,64.0,,,0.001,0.1
D. 20-39,Variant,powerup,powerup_3,items,rolling_offer_tier1_p299,purchase,purchase,44216.0,54.0,54.0,,,0.001,0.09
D. 20-39,Variant,powerup,powerup_3,items,season_pass_event,reward_event,meta,44216.0,38.0,49.0,,,0.001,0.08
D. 20-39,Variant,powerup,powerup_3,items,special_offer10,purchase,purchase,44216.0,13.0,39.0,,,0.001,0.06
D. 20-39,Variant,powerup,powerup_3,items,bomb_event,reward_event,meta,44216.0,36.0,38.0,,,0.001,0.06
D. 20-39,Variant,powerup,powerup_3,items,bundle_3_with_prelevel_boosters2,purchase,purchase,44216.0,8.0,36.0,,,0.001,0.06
D. 20-39,Variant,powerup,powerup_3,items,special_offer8,purchase,purchase,44216.0,18.0,36.0,,,0.001,0.06
D. 20-39,Variant,powerup,powerup_3,items,bundle_7_with_prelevel_boosters_tier3,purchase,purchase,44216.0,30.0,30.0,,,0.001,0.05
D. 20-39,Variant,powerup,powerup_3,items,special_offer9,purchase,purchase,44216.0,14.0,28.0,,,0.001,0.05
D. 20-39,Variant,powerup,powerup_3,items,rolling_offer_tier1_p199_tier3,purchase,purchase,44216.0,28.0,28.0,,,0.001,0.05
D. 20-39,Variant,powerup,powerup_3,items,bundle_2_with_prelevel_boosters,purchase,purchase,44216.0,26.0,26.0,,,0.001,0.04
D. 20-39,Variant,powerup,powerup_3,items,bundle_2_with_prelevel_boosters_tier3,purchase,purchase,44216.0,23.0,26.0,,,0.001,0.04
D. 20-39,Variant,powerup,powerup_3,items,bundle_6_with_prelevel_boosters2,purchase,purchase,44216.0,1.0,25.0,,,0.001,0.04
D. 20-39,Variant,powerup,powerup_3,items,bundle_1_with_prelevel_boosters_tier3,purchase,purchase,44216.0,22.0,24.0,,,0.001,0.04
D. 20-39,Variant,powerup,powerup_3,items,special_offer10_tier3,purchase,purchase,44216.0,7.0,21.0,,,0.0,0.03
D. 20-39,Variant,powerup,powerup_3,items,rolling_offer_tier1_p499_VarA,purchase,purchase,44216.0,20.0,20.0,,,0.0,0.03
D. 20-39,Variant,powerup,powerup_3,items,bundle_3_with_prelevel_boosters,purchase,purchase,44216.0,8.0,18.0,,,0.0,0.03
D. 20-39,Variant,powerup,powerup_3,items,river_rush,reward_event,meta,44216.0,12.0,14.0,,,0.0,0.02
D. 20-39,Variant,powerup,powerup_3,items,bundle_7_with_prelevel_boosters2,purchase,purchase,44216.0,12.0,14.0,,,0.0,0.02
D. 20-39,Variant,powerup,powerup_3,items,special_offer8_tier3,purchase,purchase,44216.0,7.0,14.0,,,0.0,0.02
D. 20-39,Variant,powerup,powerup_3,items,rolling_offer_tier1_p299_tier3,purchase,purchase,44216.0,10.0,11.0,,,0.0,0.02
D. 20-39,Variant,powerup,powerup_3,items,special_offer9_tier3,purchase,purchase,44216.0,5.0,10.0,,,0.0,0.02
D. 20-39,Variant,powerup,powerup_3,items,gift,gift,other,44216.0,3.0,9.0,,,0.0,0.01
D. 20-39,Variant,powerup,powerup_3,items,bundle_4_with_prelevel_boosters2,purchase,purchase,44216.0,1.0,8.0,,,0.0,0.01
D. 20-39,Variant,powerup,powerup_3,items,league_rank_up,league_reward,meta,44216.0,5.0,8.0,,,0.0,0.01
D. 20-39,Variant,powerup,powerup_3,items,rolling_offer_p349_tier3,purchase,purchase,44216.0,7.0,7.0,,,0.0,0.01
D. 20-39,Variant,powerup,powerup_3,items,special_offer11_tier3,purchase,purchase,44216.0,2.0,6.0,,,0.0,0.01
D. 20-39,Variant,powerup,powerup_3,items,bomb_ballet_event,reward_event,meta,44216.0,6.0,6.0,,,0.0,0.01
D. 20-39,Variant,powerup,powerup_3,items,special_offer12,purchase,purchase,44216.0,1.0,6.0,,,0.0,0.01
D. 20-39,Variant,powerup,powerup_3,items,special_offer3_tier3,purchase,purchase,44216.0,1.0,5.0,,,0.0,0.01
D. 20-39,Variant,powerup,powerup_3,items,bundle_4_with_prelevel_boosters_tier3,purchase,purchase,44216.0,1.0,5.0,,,0.0,0.01
D. 20-39,Variant,powerup,powerup_3,items,rolling_offer_p799_VarA,purchase,purchase,44216.0,5.0,5.0,,,0.0,0.01
D. 20-39,Variant,powerup,powerup_3,items,special_offer3,purchase,purchase,44216.0,1.0,5.0,,,0.0,0.01
D. 20-39,Variant,powerup,powerup_3,items,bundle_4_with_prelevel_boosters,purchase,purchase,44216.0,1.0,5.0,,,0.0,0.01
D. 20-39,Variant,powerup,powerup_3,items,wager_event,reward_event,meta,44216.0,2.0,2.0,,,0.0,0.0
D. 20-39,Variant,powerup,powerup_3,items,bundle_1_with_prelevel_boosters,purchase,purchase,44216.0,2.0,2.0,,,0.0,0.0
D. 20-39,Variant,powerup,powerup_3,items,rolling_offer_tier1_p1499_VarA,purchase,purchase,44216.0,1.0,2.0,,,0.0,0.0
D. 20-39,Variant,powerup,powerup_3,items,dreamheist_event,reward_event,meta,44216.0,1.0,2.0,,,0.0,0.0
D. 20-39,Variant,powerup,powerup_3,items,saga_progression,reward_chest,core,44216.0,1.0,1.0,,,0.0,0.0
D. 20-39,Variant,powerup,powerup_3,items,balloon_event,reward_event,meta,44216.0,1.0,1.0,,,0.0,0.0
D. 20-39,Variant,pre_level_booster,pre_level_booster_1,items,saga_progression,chapter_complete,core,44216.0,13788.0,14215.0,,,0.321,17.59
D. 20-39,Variant,pre_level_booster,pre_level_booster_1,items,Rainbow Maker,reward_event,meta,44216.0,11525.0,12473.0,,,0.282,15.44
D. 20-39,Variant,pre_level_booster,pre_level_booster_1,items,dreamheist_event,reward_event,meta,44216.0,10038.0,10563.0,,,0.239,13.07
D. 20-39,Variant,pre_level_booster,pre_level_booster_1,items,dream_pass_event,reward_event,meta,44216.0,5553.0,8370.0,,,0.189,10.36
D. 20-39,Variant,pre_level_booster,pre_level_booster_1,items,offer_free_items,rolling_offer,meta,44216.0,7672.0,7891.0,,,0.178,9.77
D. 20-39,Variant,pre_level_booster,pre_level_booster_1,items,Hatchling Hideaway,event_reward,meta,44216.0,7583.0,7852.0,,,0.178,9.72
D. 20-39,Variant,pre_level_booster,pre_level_booster_1,items,player_level_up,reward_chest,core,44216.0,5915.0,5968.0,,,0.135,7.39
D. 20-39,Variant,pre_level_booster,pre_level_booster_1,items,ArcheryArena,reward_event,meta,44216.0,3674.0,3774.0,,,0.085,4.67
D. 20-39,Variant,pre_level_booster,pre_level_booster_1,items,FlockRush,event_reward,meta,44216.0,2439.0,2557.0,,,0.058,3.16
D. 20-39,Variant,pre_level_booster,pre_level_booster_1,items,Jigsaw,reward_event,meta,44216.0,2123.0,2373.0,,,0.054,2.94
D. 20-39,Variant,pre_level_booster,pre_level_booster_1,items,bomb_ballet_event,reward_event,meta,44216.0,971.0,988.0,,,0.022,1.22
D. 20-39,Variant,pre_level_booster,pre_level_booster_1,items,ingame,purchase,purchase,44216.0,87.0,720.0,,,0.016,0.89
D. 20-39,Variant,pre_level_booster,pre_level_booster_1,items,race_event,reward_event,meta,44216.0,665.0,678.0,,,0.015,0.84
D. 20-39,Variant,pre_level_booster,pre_level_booster_1,items,reward_chest,reward_chest,other,44216.0,562.0,573.0,,,0.013,0.71
D. 20-39,Variant,pre_level_booster,pre_level_booster_1,items,team_versus_contribution,reward_event,meta,44216.0,522.0,527.0,,,0.012,0.65
D. 20-39,Variant,pre_level_booster,pre_level_booster_1,items,kite_festival_event,reward_event,meta,44216.0,380.0,388.0,,,0.009,0.48
D. 20-39,Variant,pre_level_booster,pre_level_booster_1,items,season_pass_event,reward_event,meta,44216.0,134.0,238.0,,,0.005,0.29
D. 20-39,Variant,pre_level_booster,pre_level_booster_1,items,bundle_2_with_prelevel_boosters2,purchase,purchase,44216.0,41.0,90.0,,,0.002,0.11
D. 20-39,Variant,pre_level_booster,pre_level_booster_1,items,bundle_7_with_prelevel_boosters,purchase,purchase,44216.0,83.0,83.0,,,0.002,0.1
D. 20-39,Variant,pre_level_booster,pre_level_booster_1,items,bundle_3_with_prelevel_boosters_tier3,purchase,purchase,44216.0,37.0,78.0,,,0.002,0.1
D. 20-39,Variant,pre_level_booster,pre_level_booster_1,items,rolling_offer_tier1_p299,purchase,purchase,44216.0,54.0,54.0,,,0.001,0.07
D. 20-39,Variant,pre_level_booster,pre_level_booster_1,items,ad_chest,ad_chest,ads,44216.0,42.0,42.0,,,0.001,0.05
D. 20-39,Variant,pre_level_booster,pre_level_booster_1,items,bundle_3_with_prelevel_boosters2,purchase,purchase,44216.0,8.0,36.0,,,0.001,0.04
D. 20-39,Variant,pre_level_booster,pre_level_booster_1,items,bundle_7_with_prelevel_boosters_tier3,purchase,purchase,44216.0,30.0,30.0,,,0.001,0.04
D. 20-39,Variant,pre_level_booster,pre_level_booster_1,items,rolling_offer_tier1_p199_tier3,purchase,purchase,44216.0,28.0,28.0,,,0.001,0.03
D. 20-39,Variant,pre_level_booster,pre_level_booster_1,items,bundle_2_with_prelevel_boosters_tier3,purchase,purchase,44216.0,23.0,26.0,,,0.001,0.03
D. 20-39,Variant,pre_level_booster,pre_level_booster_1,items,bundle_2_with_prelevel_boosters,purchase,purchase,44216.0,26.0,26.0,,,0.001,0.03
D. 20-39,Variant,pre_level_booster,pre_level_booster_1,items,bundle_6_with_prelevel_boosters2,purchase,purchase,44216.0,1.0,25.0,,,0.001,0.03
D. 20-39,Variant,pre_level_booster,pre_level_booster_1,items,bundle_1_with_prelevel_boosters_tier3,purchase,purchase,44216.0,22.0,24.0,,,0.001,0.03
D. 20-39,Variant,pre_level_booster,pre_level_booster_1,items,bundle_3_with_prelevel_boosters,purchase,purchase,44216.0,8.0,18.0,,,0.0,0.02
D. 20-39,Variant,pre_level_booster,pre_level_booster_1,items,river_rush,reward_event,meta,44216.0,14.0,16.0,,,0.0,0.02
D. 20-39,Variant,pre_level_booster,pre_level_booster_1,items,bundle_7_with_prelevel_boosters2,purchase,purchase,44216.0,12.0,14.0,,,0.0,0.02
D. 20-39,Variant,pre_level_booster,pre_level_booster_1,items,great_offer1_199,purchase,purchase,44216.0,13.0,13.0,,,0.0,0.02
D. 20-39,Variant,pre_level_booster,pre_level_booster_1,items,rolling_offer_tier1_p299_tier3,purchase,purchase,44216.0,10.0,11.0,,,0.0,0.01
D. 20-39,Variant,pre_level_booster,pre_level_booster_1,items,bundle_4_with_prelevel_boosters2,purchase,purchase,44216.0,1.0,8.0,,,0.0,0.01
D. 20-39,Variant,pre_level_booster,pre_level_booster_1,items,rolling_offer_p349_tier3,purchase,purchase,44216.0,7.0,7.0,,,0.0,0.01
D. 20-39,Variant,pre_level_booster,pre_level_booster_1,items,bundle_4_with_prelevel_boosters,purchase,purchase,44216.0,1.0,5.0,,,0.0,0.01
D. 20-39,Variant,pre_level_booster,pre_level_booster_1,items,rolling_offer_p799_VarA,purchase,purchase,44216.0,5.0,5.0,,,0.0,0.01
D. 20-39,Variant,pre_level_booster,pre_level_booster_1,items,bundle_4_with_prelevel_boosters_tier3,purchase,purchase,44216.0,1.0,5.0,,,0.0,0.01
D. 20-39,Variant,pre_level_booster,pre_level_booster_1,items,saga_progression,reward_chest,core,44216.0,1.0,4.0,,,0.0,0.0
D. 20-39,Variant,pre_level_booster,pre_level_booster_1,items,bundle_1_with_prelevel_boosters,purchase,purchase,44216.0,2.0,2.0,,,0.0,0.0
D. 20-39,Variant,pre_level_booster,pre_level_booster_1,items,Photoshoot,reward_event,meta,44216.0,1.0,1.0,,,0.0,0.0
D. 20-39,Variant,pre_level_booster,pre_level_booster_1,items,rolling_offer_tier1_p1499_VarA,purchase,purchase,44216.0,1.0,1.0,,,0.0,0.0
D. 20-39,Variant,pre_level_booster,pre_level_booster_1,items,chuck_event,reward_event,meta,44216.0,1.0,1.0,,,0.0,0.0
D. 20-39,Variant,pre_level_booster,pre_level_booster_1,items,SeasonPassHalloween,reward_event,meta,44216.0,1.0,1.0,,,0.0,0.0
D. 20-39,Variant,pre_level_booster,pre_level_booster_2,items,player_level_up,reward_chest,core,44216.0,10161.0,15559.0,,,0.352,18.11
D. 20-39,Variant,pre_level_booster,pre_level_booster_2,items,Rainbow Maker,reward_event,meta,44216.0,9563.0,11650.0,,,0.263,13.56
D. 20-39,Variant,pre_level_booster,pre_level_booster_2,items,saga_progression,chapter_complete,core,44216.0,10745.0,11155.0,,,0.252,12.99
D. 20-39,Variant,pre_level_booster,pre_level_booster_2,items,dream_pass_event,reward_event,meta,44216.0,6786.0,10521.0,,,0.238,12.25
D. 20-39,Variant,pre_level_booster,pre_level_booster_2,items,offer_free_items,rolling_offer,meta,44216.0,7445.0,7612.0,,,0.172,8.86
D. 20-39,Variant,pre_level_booster,pre_level_booster_2,items,Jigsaw,reward_event,meta,44216.0,5913.0,6327.0,,,0.143,7.37
D. 20-39,Variant,pre_level_booster,pre_level_booster_2,items,Hatchling Hideaway,event_reward,meta,44216.0,5509.0,5640.0,,,0.128,6.57
D. 20-39,Variant,pre_level_booster,pre_level_booster_2,items,dreamheist_event,reward_event,meta,44216.0,5185.0,5437.0,,,0.123,6.33
D. 20-39,Variant,pre_level_booster,pre_level_booster_2,items,ArcheryArena,reward_event,meta,44216.0,2866.0,2954.0,,,0.067,3.44
D. 20-39,Variant,pre_level_booster,pre_level_booster_2,items,FlockRush,event_reward,meta,44216.0,2439.0,2557.0,,,0.058,2.98
D. 20-39,Variant,pre_level_booster,pre_level_booster_2,items,bomb_ballet_event,reward_event,meta,44216.0,1879.0,1908.0,,,0.043,2.22
D. 20-39,Variant,pre_level_booster,pre_level_booster_2,items,race_event,reward_event,meta,44216.0,1224.0,1251.0,,,0.028,1.46
D. 20-39,Variant,pre_level_booster,pre_level_booster_2,items,team_versus_contribution,reward_event,meta,44216.0,833.0,840.0,,,0.019,0.98
D. 20-39,Variant,pre_level_booster,pre_level_booster_2,items,ingame,purchase,purchase,44216.0,44.0,645.0,,,0.015,0.75
D. 20-39,Variant,pre_level_booster,pre_level_booster_2,items,reward_chest,reward_chest,other,44216.0,562.0,573.0,,,0.013,0.67
D. 20-39,Variant,pre_level_booster,pre_level_booster_2,items,kite_festival_event,reward_event,meta,44216.0,371.0,379.0,,,0.009,0.44
D. 20-39,Variant,pre_level_booster,pre_level_booster_2,items,season_pass_event,reward_event,meta,44216.0,170.0,282.0,,,0.006,0.33
D. 20-39,Variant,pre_level_booster,pre_level_booster_2,items,bundle_2_with_prelevel_boosters2,purchase,purchase,44216.0,41.0,90.0,,,0.002,0.1
D. 20-39,Variant,pre_level_booster,pre_level_booster_2,items,bundle_7_with_prelevel_boosters,purchase,purchase,44216.0,83.0,83.0,,,0.002,0.1
D. 20-39,Variant,pre_level_booster,pre_level_booster_2,items,bundle_3_with_prelevel_boosters_tier3,purchase,purchase,44216.0,37.0,78.0,,,0.002,0.09
D. 20-39,Variant,pre_level_booster,pre_level_booster_2,items,rolling_offer_tier1_p299,purchase,purchase,44216.0,54.0,54.0,,,0.001,0.06
D. 20-39,Variant,pre_level_booster,pre_level_booster_2,items,bundle_3_with_prelevel_boosters2,purchase,purchase,44216.0,8.0,36.0,,,0.001,0.04
D. 20-39,Variant,pre_level_booster,pre_level_booster_2,items,bundle_7_with_prelevel_boosters_tier3,purchase,purchase,44216.0,30.0,30.0,,,0.001,0.03
D. 20-39,Variant,pre_level_booster,pre_level_booster_2,items,rolling_offer_tier1_p199_tier3,purchase,purchase,44216.0,28.0,28.0,,,0.001,0.03
D. 20-39,Variant,pre_level_booster,pre_level_booster_2,items,bundle_2_with_prelevel_boosters,purchase,purchase,44216.0,26.0,26.0,,,0.001,0.03
D. 20-39,Variant,pre_level_booster,pre_level_booster_2,items,bundle_2_with_prelevel_boosters_tier3,purchase,purchase,44216.0,23.0,26.0,,,0.001,0.03
D. 20-39,Variant,pre_level_booster,pre_level_booster_2,items,bundle_6_with_prelevel_boosters2,purchase,purchase,44216.0,1.0,25.0,,,0.001,0.03
D. 20-39,Variant,pre_level_booster,pre_level_booster_2,items,bundle_1_with_prelevel_boosters_tier3,purchase,purchase,44216.0,22.0,24.0,,,0.001,0.03
D. 20-39,Variant,pre_level_booster,pre_level_booster_2,items,bundle_3_with_prelevel_boosters,purchase,purchase,44216.0,8.0,18.0,,,0.0,0.02
D. 20-39,Variant,pre_level_booster,pre_level_booster_2,items,ad_chest,ad_chest,ads,44216.0,15.0,15.0,,,0.0,0.02
D. 20-39,Variant,pre_level_booster,pre_level_booster_2,items,bundle_7_with_prelevel_boosters2,purchase,purchase,44216.0,12.0,14.0,,,0.0,0.02
D. 20-39,Variant,pre_level_booster,pre_level_booster_2,items,great_offer1_199,purchase,purchase,44216.0,13.0,13.0,,,0.0,0.02
D. 20-39,Variant,pre_level_booster,pre_level_booster_2,items,rolling_offer_tier1_p299_tier3,purchase,purchase,44216.0,10.0,11.0,,,0.0,0.01
D. 20-39,Variant,pre_level_booster,pre_level_booster_2,items,bundle_4_with_prelevel_boosters2,purchase,purchase,44216.0,1.0,8.0,,,0.0,0.01
D. 20-39,Variant,pre_level_booster,pre_level_booster_2,items,rolling_offer_p349_tier3,purchase,purchase,44216.0,7.0,7.0,,,0.0,0.01
D. 20-39,Variant,pre_level_booster,pre_level_booster_2,items,bundle_4_with_prelevel_boosters,purchase,purchase,44216.0,1.0,5.0,,,0.0,0.01
D. 20-39,Variant,pre_level_booster,pre_level_booster_2,items,rolling_offer_p799_VarA,purchase,purchase,44216.0,5.0,5.0,,,0.0,0.01
D. 20-39,Variant,pre_level_booster,pre_level_booster_2,items,river_rush,reward_event,meta,44216.0,4.0,5.0,,,0.0,0.01
D. 20-39,Variant,pre_level_booster,pre_level_booster_2,items,bundle_4_with_prelevel_boosters_tier3,purchase,purchase,44216.0,1.0,5.0,,,0.0,0.01
D. 20-39,Variant,pre_level_booster,pre_level_booster_2,items,Photoshoot,reward_event,meta,44216.0,3.0,3.0,,,0.0,0.0
D. 20-39,Variant,pre_level_booster,pre_level_booster_2,items,bundle_1_with_prelevel_boosters,purchase,purchase,44216.0,2.0,2.0,,,0.0,0.0
D. 20-39,Variant,pre_level_booster,pre_level_booster_2,items,event_progress,reward_event,meta,44216.0,1.0,1.0,,,0.0,0.0
D. 20-39,Variant,pre_level_booster,pre_level_booster_2,items,rolling_offer_tier1_p1499_VarA,purchase,purchase,44216.0,1.0,1.0,,,0.0,0.0
D. 20-39,Variant,pre_level_booster,pre_level_booster_2,items,saga_progression,reward_chest,core,44216.0,1.0,1.0,,,0.0,0.0
D. 20-39,Variant,pre_level_booster,pre_level_booster_3,items,player_level_up,reward_chest,core,44216.0,7936.0,12386.0,,,0.28,24.23
D. 20-39,Variant,pre_level_booster,pre_level_booster_3,items,saga_progression,chapter_complete,core,44216.0,9564.0,9728.0,,,0.22,19.03
D. 20-39,Variant,pre_level_booster,pre_level_booster_3,items,offer_free_items,rolling_offer,meta,44216.0,7392.0,7552.0,,,0.171,14.77
D. 20-39,Variant,pre_level_booster,pre_level_booster_3,items,Hatchling Hideaway,event_reward,meta,44216.0,3861.0,3948.0,,,0.089,7.72
D. 20-39,Variant,pre_level_booster,pre_level_booster_3,items,dream_pass_event,reward_event,meta,44216.0,3196.0,3729.0,,,0.084,7.29
D. 20-39,Variant,pre_level_booster,pre_level_booster_3,items,Rainbow Maker,reward_event,meta,44216.0,2643.0,3107.0,,,0.07,6.08
D. 20-39,Variant,pre_level_booster,pre_level_booster_3,items,FlockRush,event_reward,meta,44216.0,2439.0,2557.0,,,0.058,5.0
D. 20-39,Variant,pre_level_booster,pre_level_booster_3,items,team_versus_contribution,reward_event,meta,44216.0,2154.0,2173.0,,,0.049,4.25
D. 20-39,Variant,pre_level_booster,pre_level_booster_3,items,race_event,reward_event,meta,44216.0,2115.0,2169.0,,,0.049,4.24
D. 20-39,Variant,pre_level_booster,pre_level_booster_3,items,ArcheryArena,reward_event,meta,44216.0,1439.0,1479.0,,,0.033,2.89
D. 20-39,Variant,pre_level_booster,pre_level_booster_3,items,ingame,purchase,purchase,44216.0,82.0,879.0,,,0.02,1.72
D. 20-39,Variant,pre_level_booster,pre_level_booster_3,items,reward_chest,reward_chest,other,44216.0,562.0,573.0,,,0.013,1.12
D. 20-39,Variant,pre_level_booster,pre_level_booster_3,items,kite_festival_event,reward_event,meta,44216.0,187.0,193.0,,,0.004,0.38
D. 20-39,Variant,pre_level_booster,pre_level_booster_3,items,bundle_2_with_prelevel_boosters2,purchase,purchase,44216.0,41.0,90.0,,,0.002,0.18
D. 20-39,Variant,pre_level_booster,pre_level_booster_3,items,bundle_7_with_prelevel_boosters,purchase,purchase,44216.0,83.0,83.0,,,0.002,0.16
D. 20-39,Variant,pre_level_booster,pre_level_booster_3,items,bundle_3_with_prelevel_boosters_tier3,purchase,purchase,44216.0,37.0,78.0,,,0.002,0.15
D. 20-39,Variant,pre_level_booster,pre_level_booster_3,items,rolling_offer_tier1_p299,purchase,purchase,44216.0,54.0,54.0,,,0.001,0.11
D. 20-39,Variant,pre_level_booster,pre_level_booster_3,items,bundle_3_with_prelevel_boosters2,purchase,purchase,44216.0,8.0,36.0,,,0.001,0.07
D. 20-39,Variant,pre_level_booster,pre_level_booster_3,items,bundle_7_with_prelevel_boosters_tier3,purchase,purchase,44216.0,30.0,30.0,,,0.001,0.06
D. 20-39,Variant,pre_level_booster,pre_level_booster_3,items,rolling_offer_tier1_p199_tier3,purchase,purchase,44216.0,28.0,28.0,,,0.001,0.05
D. 20-39,Variant,pre_level_booster,pre_level_booster_3,items,bundle_2_with_prelevel_boosters_tier3,purchase,purchase,44216.0,23.0,26.0,,,0.001,0.05
D. 20-39,Variant,pre_level_booster,pre_level_booster_3,items,bundle_2_with_prelevel_boosters,purchase,purchase,44216.0,26.0,26.0,,,0.001,0.05
D. 20-39,Variant,pre_level_booster,pre_level_booster_3,items,bundle_6_with_prelevel_boosters2,purchase,purchase,44216.0,1.0,25.0,,,0.001,0.05
D. 20-39,Variant,pre_level_booster,pre_level_booster_3,items,bundle_1_with_prelevel_boosters_tier3,purchase,purchase,44216.0,22.0,24.0,,,0.001,0.05
D. 20-39,Variant,pre_level_booster,pre_level_booster_3,items,season_pass_event,reward_event,meta,44216.0,12.0,21.0,,,0.0,0.04
D. 20-39,Variant,pre_level_booster,pre_level_booster_3,items,bundle_3_with_prelevel_boosters,purchase,purchase,44216.0,8.0,18.0,,,0.0,0.04
D. 20-39,Variant,pre_level_booster,pre_level_booster_3,items,bundle_7_with_prelevel_boosters2,purchase,purchase,44216.0,12.0,14.0,,,0.0,0.03
D. 20-39,Variant,pre_level_booster,pre_level_booster_3,items,Jigsaw,reward_event,meta,44216.0,13.0,14.0,,,0.0,0.03
D. 20-39,Variant,pre_level_booster,pre_level_booster_3,items,great_offer1_199,purchase,purchase,44216.0,13.0,13.0,,,0.0,0.03
D. 20-39,Variant,pre_level_booster,pre_level_booster_3,items,rolling_offer_tier1_p299_tier3,purchase,purchase,44216.0,10.0,11.0,,,0.0,0.02
D. 20-39,Variant,pre_level_booster,pre_level_booster_3,items,bundle_4_with_prelevel_boosters2,purchase,purchase,44216.0,1.0,8.0,,,0.0,0.02
D. 20-39,Variant,pre_level_booster,pre_level_booster_3,items,rolling_offer_p349_tier3,purchase,purchase,44216.0,7.0,7.0,,,0.0,0.01
D. 20-39,Variant,pre_level_booster,pre_level_booster_3,items,ad_chest,ad_chest,ads,44216.0,6.0,6.0,,,0.0,0.01
D. 20-39,Variant,pre_level_booster,pre_level_booster_3,items,bomb_ballet_event,reward_event,meta,44216.0,6.0,6.0,,,0.0,0.01
D. 20-39,Variant,pre_level_booster,pre_level_booster_3,items,bundle_4_with_prelevel_boosters_tier3,purchase,purchase,44216.0,1.0,5.0,,,0.0,0.01
D. 20-39,Variant,pre_level_booster,pre_level_booster_3,items,bundle_4_with_prelevel_boosters,purchase,purchase,44216.0,1.0,5.0,,,0.0,0.01
D. 20-39,Variant,pre_level_booster,pre_level_booster_3,items,rolling_offer_p799_VarA,purchase,purchase,44216.0,5.0,5.0,,,0.0,0.01
D. 20-39,Variant,pre_level_booster,pre_level_booster_3,items,river_rush,reward_event,meta,44216.0,4.0,4.0,,,0.0,0.01
D. 20-39,Variant,pre_level_booster,pre_level_booster_3,items,bomb_event,reward_event,meta,44216.0,2.0,4.0,,,0.0,0.01
D. 20-39,Variant,pre_level_booster,pre_level_booster_3,items,bundle_1_with_prelevel_boosters,purchase,purchase,44216.0,2.0,2.0,,,0.0,0.0
D. 20-39,Variant,pre_level_booster,pre_level_booster_3,items,event_progress,reward_event,meta,44216.0,1.0,1.0,,,0.0,0.0
D. 20-39,Variant,pre_level_booster,pre_level_booster_3,items,wager_event,reward_event,meta,44216.0,1.0,1.0,,,0.0,0.0
D. 20-39,Variant,pre_level_booster,pre_level_booster_3,items,saga_progression,reward_chest,core,44216.0,1.0,1.0,,,0.0,0.0
D. 20-39,Variant,pre_level_booster,pre_level_booster_3,items,rolling_offer_tier1_p1499_VarA,purchase,purchase,44216.0,1.0,1.0,,,0.0,0.0
D. 20-39,Variant,season_pass_multiplier_2x,SeasonPassMultiplier2x,minutes,Rainbow Maker,reward_event,meta,44216.0,9549.0,111540.0,,,2.523,88.69
D. 20-39,Variant,season_pass_multiplier_2x,SeasonPassMultiplier2x,minutes,great_offer1_199_tier3,purchase,purchase,44216.0,23.0,8280.0,,,0.187,6.58
D. 20-39,Variant,season_pass_multiplier_2x,SeasonPassMultiplier2x,minutes,great_offer1_299,purchase,purchase,44216.0,16.0,5760.0,,,0.13,4.58
D. 20-39,Variant,season_pass_multiplier_2x,SeasonPassMultiplier2x,minutes,gift,gift,other,44216.0,7.0,150.0,,,0.003,0.12
D. 20-39,Variant,season_pass_multiplier_2x,SeasonPassMultiplier2x,minutes,river_rush,reward_event,meta,44216.0,3.0,35.0,,,0.001,0.03
D. 20-39,Variant,season_pass_tokens,SeasonPassToken,items,season_pass_event,event_reward,meta,44216.0,112.0,8483.0,,,0.192,93.24
D. 20-39,Variant,season_pass_tokens,SeasonPassToken,items,season_pass_challenge_event,event_reward,meta,44216.0,7.0,315.0,,,0.007,3.46
D. 20-39,Variant,season_pass_tokens,SeasonPassToken,items,offer_free_items,rolling_offer,meta,44216.0,5.0,200.0,,,0.005,2.2
D. 20-39,Variant,season_pass_tokens,SeasonPassToken,items,race_event,reward_event,meta,44216.0,2.0,100.0,,,0.002,1.1
D. 20-39,Variant,ul_pre_booster,UnlimitedBooster1,minutes,dream_pass_event,reward_event,meta,44216.0,5363.0,77595.0,,,1.755,23.2
D. 20-39,Variant,ul_pre_booster,UnlimitedBooster1,minutes,Jigsaw,reward_event,meta,44216.0,5726.0,67795.0,,,1.533,20.27
D. 20-39,Variant,ul_pre_booster,UnlimitedBooster1,minutes,Rainbow Maker,reward_event,meta,44216.0,4774.0,59620.0,,,1.348,17.82
D. 20-39,Variant,ul_pre_booster,UnlimitedBooster1,minutes,daily_reward,daily_reward,core,44216.0,839.0,51900.0,,,1.174,15.52
D. 20-39,Variant,ul_pre_booster,UnlimitedBooster1,minutes,Hatchling Hideaway,event_reward,meta,44216.0,2583.0,26390.0,,,0.597,7.89
D. 20-39,Variant,ul_pre_booster,UnlimitedBooster1,minutes,bomb_ballet_event,reward_event,meta,44216.0,2080.0,23365.0,,,0.528,6.99
D. 20-39,Variant,ul_pre_booster,UnlimitedBooster1,minutes,great_offer1_199_tier3,purchase,purchase,44216.0,23.0,8280.0,,,0.187,2.48
D. 20-39,Variant,ul_pre_booster,UnlimitedBooster1,minutes,great_offer1_299,purchase,purchase,44216.0,16.0,5760.0,,,0.13,1.72
D. 20-39,Variant,ul_pre_booster,UnlimitedBooster1,minutes,Hard_Level_Offer1,purchase,purchase,44216.0,253.0,5160.0,,,0.117,1.54
D. 20-39,Variant,ul_pre_booster,UnlimitedBooster1,minutes,Hard_level_offer1_tier3,purchase,purchase,44216.0,204.0,4180.0,,,0.095,1.25
D. 20-39,Variant,ul_pre_booster,UnlimitedBooster1,minutes,season_pass_event,reward_event,meta,44216.0,180.0,3370.0,,,0.076,1.01
D. 20-39,Variant,ul_pre_booster,UnlimitedBooster1,minutes,gift,gift,other,44216.0,22.0,780.0,,,0.018,0.23
D. 20-39,Variant,ul_pre_booster,UnlimitedBooster1,minutes,river_rush,reward_event,meta,44216.0,10.0,155.0,,,0.004,0.05
D. 20-39,Variant,ul_pre_booster,UnlimitedBooster1,minutes,reward_chest,reward_chest,other,44216.0,2.0,90.0,,,0.002,0.03
D. 20-39,Variant,ul_pre_booster,UnlimitedBooster1,minutes,Photoshoot,reward_event,meta,44216.0,2.0,30.0,,,0.001,0.01
D. 20-39,Variant,ul_pre_booster,UnlimitedBooster1,minutes,event_progress,reward_event,meta,44216.0,1.0,10.0,,,0.0,0.0
D. 20-39,Variant,ul_pre_booster,UnlimitedBooster2,minutes,Jigsaw,reward_event,meta,44216.0,4647.0,51745.0,,,1.17,26.02
D. 20-39,Variant,ul_pre_booster,UnlimitedBooster2,minutes,dream_pass_event,reward_event,meta,44216.0,2702.0,44220.0,,,1.0,22.24
D. 20-39,Variant,ul_pre_booster,UnlimitedBooster2,minutes,daily_reward,daily_reward,core,44216.0,676.0,42300.0,,,0.957,21.27
D. 20-39,Variant,ul_pre_booster,UnlimitedBooster2,minutes,bomb_ballet_event,reward_event,meta,44216.0,1787.0,18635.0,,,0.421,9.37
D. 20-39,Variant,ul_pre_booster,UnlimitedBooster2,minutes,Hatchling Hideaway,event_reward,meta,44216.0,1320.0,13740.0,,,0.311,6.91
D. 20-39,Variant,ul_pre_booster,UnlimitedBooster2,minutes,great_offer1_199_tier3,purchase,purchase,44216.0,23.0,8280.0,,,0.187,4.16
D. 20-39,Variant,ul_pre_booster,UnlimitedBooster2,minutes,great_offer1_299,purchase,purchase,44216.0,16.0,5760.0,,,0.13,2.9
D. 20-39,Variant,ul_pre_booster,UnlimitedBooster2,minutes,Hard_Level_Offer1,purchase,purchase,44216.0,253.0,5160.0,,,0.117,2.59
D. 20-39,Variant,ul_pre_booster,UnlimitedBooster2,minutes,Hard_level_offer1_tier3,purchase,purchase,44216.0,204.0,4180.0,,,0.095,2.1
D. 20-39,Variant,ul_pre_booster,UnlimitedBooster2,minutes,season_pass_event,reward_event,meta,44216.0,151.0,2560.0,,,0.058,1.29
D. 20-39,Variant,ul_pre_booster,UnlimitedBooster2,minutes,Rainbow Maker,reward_event,meta,44216.0,101.0,1220.0,,,0.028,0.61
D. 20-39,Variant,ul_pre_booster,UnlimitedBooster2,minutes,gift,gift,other,44216.0,22.0,780.0,,,0.018,0.39
D. 20-39,Variant,ul_pre_booster,UnlimitedBooster2,minutes,river_rush,reward_event,meta,44216.0,14.0,175.0,,,0.004,0.09
D. 20-39,Variant,ul_pre_booster,UnlimitedBooster2,minutes,reward_chest,reward_chest,other,44216.0,2.0,90.0,,,0.002,0.05
D. 20-39,Variant,ul_pre_booster,UnlimitedBooster2,minutes,event_progress,reward_event,meta,44216.0,1.0,10.0,,,0.0,0.01
D. 20-39,Variant,ul_pre_booster,UnlimitedBooster2,minutes,balloon_event,reward_event,meta,44216.0,1.0,5.0,,,0.0,0.0
D. 20-39,Variant,ul_pre_booster,UnlimitedBooster3,minutes,Jigsaw,reward_event,meta,44216.0,2133.0,23955.0,,,0.542,28.65
D. 20-39,Variant,ul_pre_booster,UnlimitedBooster3,minutes,daily_reward,daily_reward,core,44216.0,526.0,16200.0,,,0.366,19.38
D. 20-39,Variant,ul_pre_booster,UnlimitedBooster3,minutes,bomb_ballet_event,reward_event,meta,44216.0,1304.0,13440.0,,,0.304,16.08
D. 20-39,Variant,ul_pre_booster,UnlimitedBooster3,minutes,great_offer1_199_tier3,purchase,purchase,44216.0,23.0,8280.0,,,0.187,9.9
D. 20-39,Variant,ul_pre_booster,UnlimitedBooster3,minutes,great_offer1_299,purchase,purchase,44216.0,16.0,5760.0,,,0.13,6.89
D. 20-39,Variant,ul_pre_booster,UnlimitedBooster3,minutes,Hard_Level_Offer1,purchase,purchase,44216.0,253.0,5160.0,,,0.117,6.17
D. 20-39,Variant,ul_pre_booster,UnlimitedBooster3,minutes,Hard_level_offer1_tier3,purchase,purchase,44216.0,204.0,4180.0,,,0.095,5.0
D. 20-39,Variant,ul_pre_booster,UnlimitedBooster3,minutes,season_pass_event,reward_event,meta,44216.0,10.0,2990.0,,,0.068,3.58
D. 20-39,Variant,ul_pre_booster,UnlimitedBooster3,minutes,dream_pass_event,reward_event,meta,44216.0,185.0,2605.0,,,0.059,3.12
D. 20-39,Variant,ul_pre_booster,UnlimitedBooster3,minutes,gift,gift,other,44216.0,22.0,780.0,,,0.018,0.93
D. 20-39,Variant,ul_pre_booster,UnlimitedBooster3,minutes,river_rush,reward_event,meta,44216.0,9.0,165.0,,,0.004,0.2
D. 20-39,Variant,ul_pre_booster,UnlimitedBooster3,minutes,reward_chest,reward_chest,other,44216.0,2.0,90.0,,,0.002,0.11
D. 20-39,Variant,unlimited_lives,UnlimitedLives,minutes,saga_progression,chapter_complete,core,44216.0,39843.0,2728860.0,,,61.717,35.28
D. 20-39,Variant,unlimited_lives,UnlimitedLives,minutes,FlockRush,event_reward,meta,44216.0,14659.0,894060.0,,,20.22,11.56
D. 20-39,Variant,unlimited_lives,UnlimitedLives,minutes,player_level_up,reward_chest,core,44216.0,15299.0,770970.0,,,17.436,9.97
D. 20-39,Variant,unlimited_lives,UnlimitedLives,minutes,daily_reward,daily_reward,core,44216.0,14985.0,613945.0,,,13.885,7.94
D. 20-39,Variant,unlimited_lives,UnlimitedLives,minutes,Hatchling Hideaway,event_reward,meta,44216.0,9368.0,589560.0,,,13.334,7.62
D. 20-39,Variant,unlimited_lives,UnlimitedLives,minutes,Rainbow Maker,reward_event,meta,44216.0,13237.0,443600.0,,,10.033,5.73
D. 20-39,Variant,unlimited_lives,UnlimitedLives,minutes,dreamheist_event,reward_event,meta,44216.0,18661.0,411780.0,,,9.313,5.32
D. 20-39,Variant,unlimited_lives,UnlimitedLives,minutes,dream_pass_event,reward_event,meta,44216.0,7160.0,354030.0,,,8.007,4.58
D. 20-39,Variant,unlimited_lives,UnlimitedLives,minutes,ArcheryArena,reward_event,meta,44216.0,9936.0,310230.0,,,7.016,4.01
D. 20-39,Variant,unlimited_lives,UnlimitedLives,minutes,Jigsaw,reward_event,meta,44216.0,4652.0,216810.0,,,4.903,2.8
D. 20-39,Variant,unlimited_lives,UnlimitedLives,minutes,kite_festival_event,reward_event,meta,44216.0,4049.0,135900.0,,,3.074,1.76
D. 20-39,Variant,unlimited_lives,UnlimitedLives,minutes,bomb_ballet_event,reward_event,meta,44216.0,2136.0,88065.0,,,1.992,1.14
D. 20-39,Variant,unlimited_lives,UnlimitedLives,minutes,offer_free_items,rolling_offer,meta,44216.0,1011.0,45105.0,,,1.02,0.58
D. 20-39,Variant,unlimited_lives,UnlimitedLives,minutes,ad_chest,ad_chest,ads,44216.0,3065.0,43415.0,,,0.982,0.56
D. 20-39,Variant,unlimited_lives,UnlimitedLives,minutes,race_event,reward_event,meta,44216.0,397.0,20460.0,,,0.463,0.26
D. 20-39,Variant,unlimited_lives,UnlimitedLives,minutes,season_pass_event,reward_event,meta,44216.0,234.0,19045.0,,,0.431,0.25
D. 20-39,Variant,unlimited_lives,UnlimitedLives,minutes,reward_chest,reward_chest,other,44216.0,564.0,17300.0,,,0.391,0.22
D. 20-39,Variant,unlimited_lives,UnlimitedLives,minutes,great_offer1_199_tier3,purchase,purchase,44216.0,23.0,8280.0,,,0.187,0.11
D. 20-39,Variant,unlimited_lives,UnlimitedLives,minutes,great_offer1_299,purchase,purchase,44216.0,16.0,5760.0,,,0.13,0.07
D. 20-39,Variant,unlimited_lives,UnlimitedLives,minutes,Hard_Level_Offer1,purchase,purchase,44216.0,253.0,5160.0,,,0.117,0.07
D. 20-39,Variant,unlimited_lives,UnlimitedLives,minutes,Hard_level_offer1_tier3,purchase,purchase,44216.0,204.0,4180.0,,,0.095,0.05
D. 20-39,Variant,unlimited_lives,UnlimitedLives,minutes,bundle_3_with_prelevel_boosters2,purchase,purchase,44216.0,8.0,1080.0,,,0.024,0.01
D. 20-39,Variant,unlimited_lives,UnlimitedLives,minutes,bundle_6_with_prelevel_boosters2,purchase,purchase,44216.0,1.0,1080.0,,,0.024,0.01
D. 20-39,Variant,unlimited_lives,UnlimitedLives,minutes,league_rank_up,league_reward,meta,44216.0,22.0,1008.0,,,0.023,0.01
D. 20-39,Variant,unlimited_lives,UnlimitedLives,minutes,rolling_offer_tier1_p499_VarA,purchase,purchase,44216.0,20.0,800.0,,,0.018,0.01
D. 20-39,Variant,unlimited_lives,UnlimitedLives,minutes,gift,gift,other,44216.0,22.0,780.0,,,0.018,0.01
D. 20-39,Variant,unlimited_lives,UnlimitedLives,minutes,rolling_offer_p349_tier3,purchase,purchase,44216.0,7.0,420.0,,,0.009,0.01
D. 20-39,Variant,unlimited_lives,UnlimitedLives,minutes,rolling_offer_p049_tier3,purchase,purchase,44216.0,9.0,405.0,,,0.009,0.01
D. 20-39,Variant,unlimited_lives,UnlimitedLives,minutes,bundle_4_with_prelevel_boosters2,purchase,purchase,44216.0,1.0,360.0,,,0.008,0.0
D. 20-39,Variant,unlimited_lives,UnlimitedLives,minutes,bundle_4_with_prelevel_boosters,purchase,purchase,44216.0,1.0,360.0,,,0.008,0.0
D. 20-39,Variant,unlimited_lives,UnlimitedLives,minutes,bundle_4_with_prelevel_boosters_tier3,purchase,purchase,44216.0,1.0,360.0,,,0.008,0.0
D. 20-39,Variant,unlimited_lives,UnlimitedLives,minutes,rolling_offer_tier1_p299_tier3,purchase,purchase,44216.0,10.0,330.0,,,0.007,0.0
D. 20-39,Variant,unlimited_lives,UnlimitedLives,minutes,rolling_offer_p799_VarA,purchase,purchase,44216.0,5.0,300.0,,,0.007,0.0
D. 20-39,Variant,unlimited_lives,UnlimitedLives,minutes,wager_event,reward_event,meta,44216.0,1.0,250.0,,,0.006,0.0
D. 20-39,Variant,unlimited_lives,UnlimitedLives,minutes,Photoshoot,reward_event,meta,44216.0,5.0,180.0,,,0.004,0.0
D. 20-39,Variant,unlimited_lives,UnlimitedLives,minutes,rolling_offer_p099_VarA,purchase,purchase,44216.0,3.0,135.0,,,0.003,0.0
D. 20-39,Variant,unlimited_lives,UnlimitedLives,minutes,river_rush,reward_event,meta,44216.0,4.0,130.0,,,0.003,0.0
D. 20-39,Variant,unlimited_lives,UnlimitedLives,minutes,rolling_offer_tier1_p1499_VarA,purchase,purchase,44216.0,1.0,120.0,,,0.003,0.0
D. 20-39,Variant,unlimited_lives,UnlimitedLives,minutes,league_same_rank,league_reward,meta,44216.0,1.0,120.0,,,0.003,0.0
D. 20-39,Variant,unlimited_lives,UnlimitedLives,minutes,SagaPath,reward_event,meta,44216.0,1.0,120.0,,,0.003,0.0
D. 20-39,Variant,unlimited_lives,UnlimitedLives,minutes,event_progress,reward_event,meta,44216.0,2.0,60.0,,,0.001,0.0
D. 20-39,Variant,unlimited_lives,UnlimitedLives,minutes,unknown,,other,44216.0,1.0,60.0,,,0.001,0.0
D. 20-39,Variant,unlimited_lives,UnlimitedLives,minutes,balloon_event,reward_event,meta,44216.0,1.0,30.0,,,0.001,0.0
D. 20-39,Variant,unlimited_lives,UnlimitedLives,minutes,SeasonPassHalloween,reward_event,meta,44216.0,1.0,30.0,,,0.001,0.0
D. 20-39,Variant,unlimited_lives,UnlimitedLives,minutes,saga_progression,reward_chest,core,44216.0,1.0,15.0,,,0.0,0.0
E. 40-99,Control,Avatar,Avatar,items,saga_progression,chapter_complete,core,28430.0,12126.0,23207.0,,,0.816,99.98
E. 40-99,Control,Avatar,Avatar,items,season_pass_event,reward_event,meta,28430.0,4.0,4.0,,,0.0,0.02
E. 40-99,Control,currency,HardCoin,coins,saga_progression,chapter_complete,core,28430.0,27398.0,3108615.0,3108615.0,0.0,109.343,33.35
E. 40-99,Control,currency,HardCoin,coins,player_level_up,reward_chest,core,28430.0,22523.0,2017130.0,2017130.0,0.0,70.951,21.64
E. 40-99,Control,currency,HardCoin,coins,daily_reward,daily_reward,core,28430.0,14521.0,542570.0,542570.0,0.0,19.084,5.82
E. 40-99,Control,currency,HardCoin,coins,single_collection,reward_event,meta,28430.0,2901.0,377850.0,377850.0,0.0,13.291,4.05
E. 40-99,Control,currency,HardCoin,coins,race_event,reward_event,meta,28430.0,5531.0,366025.0,366025.0,0.0,12.875,3.93
E. 40-99,Control,currency,HardCoin,coins,dream_pass_event,reward_event,meta,28430.0,6998.0,233735.0,233735.0,0.0,8.221,2.51
E. 40-99,Control,currency,HardCoin,coins,Hatchling Hideaway,event_reward,meta,28430.0,7174.0,215215.0,215215.0,0.0,7.57,2.31
E. 40-99,Control,currency,HardCoin,coins,team_collection,reward_event,meta,28430.0,1825.0,214620.0,214620.0,0.0,7.549,2.3
E. 40-99,Control,currency,HardCoin,coins,team_versus,reward_event,meta,28430.0,2122.0,214055.0,214055.0,0.0,7.529,2.3
E. 40-99,Control,currency,HardCoin,coins,ArcheryArena,reward_event,meta,28430.0,1485.0,196000.0,196000.0,0.0,6.894,2.1
E. 40-99,Control,currency,HardCoin,coins,Jigsaw,reward_event,meta,28430.0,5322.0,194175.0,194175.0,0.0,6.83,2.08
E. 40-99,Control,currency,HardCoin,coins,red_event,reward_event,meta,28430.0,1341.0,179100.0,179100.0,0.0,6.3,1.92
E. 40-99,Control,currency,HardCoin,coins,river_rush,reward_event,meta,28430.0,1606.0,171305.0,171305.0,0.0,6.026,1.84
E. 40-99,Control,currency,HardCoin,coins,bomb_event,reward_event,meta,28430.0,1272.0,161950.0,161950.0,0.0,5.696,1.74
E. 40-99,Control,currency,HardCoin,coins,team_versus_contribution,reward_event,meta,28430.0,2543.0,136460.0,136460.0,0.0,4.8,1.46
E. 40-99,Control,currency,HardCoin,coins,ad_chest,ad_chest,ads,28430.0,4596.0,105295.0,105295.0,0.0,3.704,1.13
E. 40-99,Control,currency,HardCoin,coins,reward_chest,reward_chest,other,28430.0,732.0,75230.0,75230.0,0.0,2.646,0.81
E. 40-99,Control,currency,HardCoin,coins,xs_coins_tier3,purchase,purchase,28430.0,207.0,63150.0,0.0,63150.0,2.221,0.68
E. 40-99,Control,currency,HardCoin,coins,bundle_3_with_prelevel_boosters_tier3,purchase,purchase,28430.0,36.0,62000.0,0.0,62000.0,2.181,0.67
E. 40-99,Control,currency,HardCoin,coins,kite_festival_event,reward_event,meta,28430.0,296.0,61525.0,61525.0,0.0,2.164,0.66
E. 40-99,Control,currency,HardCoin,coins,xs_coins2,purchase,purchase,28430.0,191.0,55200.0,0.0,55200.0,1.942,0.59
E. 40-99,Control,currency,HardCoin,coins,facebook_like,facebook_like,other,28430.0,380.0,44500.0,44500.0,0.0,1.565,0.48
E. 40-99,Control,currency,HardCoin,coins,bomb_ballet_event,reward_event,meta,28430.0,1395.0,38300.0,38300.0,0.0,1.347,0.41
E. 40-99,Control,currency,HardCoin,coins,dream_peak,reward_event,core,28430.0,86.0,32400.0,32400.0,0.0,1.14,0.35
E. 40-99,Control,currency,HardCoin,coins,bundle_2_with_prelevel_boosters2,purchase,purchase,28430.0,41.0,26500.0,0.0,26500.0,0.932,0.28
E. 40-99,Control,currency,HardCoin,coins,s_coins2,purchase,purchase,28430.0,17.0,24500.0,0.0,24500.0,0.862,0.26
E. 40-99,Control,currency,HardCoin,coins,Hard_Level_Offer1,purchase,purchase,28430.0,194.0,22800.0,0.0,22800.0,0.802,0.24
E. 40-99,Control,currency,HardCoin,coins,bundle_4_with_prelevel_boosters2,purchase,purchase,28430.0,5.0,22500.0,0.0,22500.0,0.791,0.24
E. 40-99,Control,currency,HardCoin,coins,bundle_5_with_prelevel_boosters2,purchase,purchase,28430.0,4.0,20000.0,0.0,20000.0,0.703,0.21
E. 40-99,Control,currency,HardCoin,coins,bundle_3_with_prelevel_boosters2,purchase,purchase,28430.0,12.0,20000.0,0.0,20000.0,0.703,0.21
E. 40-99,Control,currency,HardCoin,coins,special_offer1_tier3,purchase,purchase,28430.0,58.0,17400.0,0.0,17400.0,0.612,0.19
E. 40-99,Control,currency,HardCoin,coins,bundle_1_with_prelevel_boosters_tier3,purchase,purchase,28430.0,61.0,14800.0,0.0,14800.0,0.521,0.16
E. 40-99,Control,currency,HardCoin,coins,Hard_level_offer1_tier3,purchase,purchase,28430.0,135.0,13900.0,0.0,13900.0,0.489,0.15
E. 40-99,Control,currency,HardCoin,coins,special_offer1,purchase,purchase,28430.0,45.0,13500.0,0.0,13500.0,0.475,0.14
E. 40-99,Control,currency,HardCoin,coins,bundle_6_with_prelevel_boosters2,purchase,purchase,28430.0,2.0,13000.0,0.0,13000.0,0.457,0.14
E. 40-99,Control,currency,HardCoin,coins,s_coins_tier3,purchase,purchase,28430.0,17.0,12000.0,0.0,12000.0,0.422,0.13
E. 40-99,Control,currency,HardCoin,coins,bundle_2_with_prelevel_boosters_tier3,purchase,purchase,28430.0,20.0,12000.0,0.0,12000.0,0.422,0.13
E. 40-99,Control,currency,HardCoin,coins,m_coins_tier3,purchase,purchase,28430.0,7.0,12000.0,0.0,12000.0,0.422,0.13
E. 40-99,Control,currency,HardCoin,coins,rolling_offer_tier1_p1499_VarA,purchase,purchase,28430.0,11.0,11000.0,0.0,11000.0,0.387,0.12
E. 40-99,Control,currency,HardCoin,coins,rolling_offer_tier1_p499_VarA,purchase,purchase,28430.0,36.0,10800.0,0.0,10800.0,0.38,0.12
E. 40-99,Control,currency,HardCoin,coins,bundle_2_with_prelevel_boosters,purchase,purchase,28430.0,21.0,10500.0,0.0,10500.0,0.369,0.11
E. 40-99,Control,currency,HardCoin,coins,heart_gift,heart_gift,other,28430.0,4121.0,10121.0,10121.0,0.0,0.356,0.11
E. 40-99,Control,currency,HardCoin,coins,rolling_offer_tier1_p199_tier3,purchase,purchase,28430.0,47.0,9400.0,0.0,9400.0,0.331,0.1
E. 40-99,Control,currency,HardCoin,coins,rolling_offer_p799_VarA,purchase,purchase,28430.0,18.0,9000.0,0.0,9000.0,0.317,0.1
E. 40-99,Control,currency,HardCoin,coins,rolling_offer_p3999,purchase,purchase,28430.0,3.0,9000.0,0.0,9000.0,0.317,0.1
E. 40-99,Control,currency,HardCoin,coins,rolling_offer_tier1_p299,purchase,purchase,28430.0,42.0,8400.0,0.0,8400.0,0.295,0.09
E. 40-99,Control,currency,HardCoin,coins,rolling_offer_tier1_p299_tier3,purchase,purchase,28430.0,21.0,8400.0,0.0,8400.0,0.295,0.09
E. 40-99,Control,currency,HardCoin,coins,rolling_offer_p349_tier3,purchase,purchase,28430.0,15.0,8250.0,0.0,8250.0,0.29,0.09
E. 40-99,Control,currency,HardCoin,coins,bundle_7_with_prelevel_boosters_tier3,purchase,purchase,28430.0,48.0,8250.0,0.0,8250.0,0.29,0.09
E. 40-99,Control,currency,HardCoin,coins,offer_free_items,rolling_offer,meta,28430.0,66.0,7730.0,7730.0,0.0,0.272,0.08
E. 40-99,Control,currency,HardCoin,coins,rolling_offer_tier1_p2999_VARIANT_VarA,purchase,purchase,28430.0,3.0,7500.0,0.0,7500.0,0.264,0.08
E. 40-99,Control,currency,HardCoin,coins,rolling_offer_p1999_VarA,purchase,purchase,28430.0,5.0,7500.0,0.0,7500.0,0.264,0.08
E. 40-99,Control,currency,HardCoin,coins,bundle_7_with_prelevel_boosters,purchase,purchase,28430.0,42.0,6300.0,0.0,6300.0,0.222,0.07
E. 40-99,Control,currency,HardCoin,coins,m_coins2,purchase,purchase,28430.0,5.0,5000.0,0.0,5000.0,0.176,0.05
E. 40-99,Control,currency,HardCoin,coins,bundle_7_with_prelevel_boosters2,purchase,purchase,28430.0,9.0,4500.0,0.0,4500.0,0.158,0.05
E. 40-99,Control,currency,HardCoin,coins,bundle_5_with_prelevel_boosters,purchase,purchase,28430.0,1.0,4000.0,0.0,4000.0,0.141,0.04
E. 40-99,Control,currency,HardCoin,coins,xl_coins_tier3,purchase,purchase,28430.0,1.0,4000.0,0.0,4000.0,0.141,0.04
E. 40-99,Control,currency,HardCoin,coins,special_offer8_tier3,purchase,purchase,28430.0,9.0,3600.0,0.0,3600.0,0.127,0.04
E. 40-99,Control,currency,HardCoin,coins,special_offer11,purchase,purchase,28430.0,5.0,3500.0,0.0,3500.0,0.123,0.04
E. 40-99,Control,currency,HardCoin,coins,special_offer9_tier3,purchase,purchase,28430.0,11.0,3300.0,0.0,3300.0,0.116,0.04
E. 40-99,Control,currency,HardCoin,coins,rolling_offer_tier1_p799_tier3,purchase,purchase,28430.0,3.0,3300.0,0.0,3300.0,0.116,0.04
E. 40-99,Control,currency,HardCoin,coins,rolling_offer_p099_VarA,purchase,purchase,28430.0,16.0,3200.0,0.0,3200.0,0.113,0.03
E. 40-99,Control,currency,HardCoin,coins,rolling_offer_p049_tier3,purchase,purchase,28430.0,21.0,3150.0,0.0,3150.0,0.111,0.03
E. 40-99,Control,currency,HardCoin,coins,special_offer3,purchase,purchase,28430.0,6.0,3000.0,0.0,3000.0,0.106,0.03
E. 40-99,Control,currency,HardCoin,coins,rolling_offer_p1999_tier3,purchase,purchase,28430.0,1.0,3000.0,0.0,3000.0,0.106,0.03
E. 40-99,Control,currency,HardCoin,coins,bundle_3_with_prelevel_boosters,purchase,purchase,28430.0,3.0,3000.0,0.0,3000.0,0.106,0.03
E. 40-99,Control,currency,HardCoin,coins,special_offer9,purchase,purchase,28430.0,10.0,2500.0,0.0,2500.0,0.088,0.03
E. 40-99,Control,currency,HardCoin,coins,l_coins2,purchase,purchase,28430.0,1.0,2500.0,0.0,2500.0,0.088,0.03
E. 40-99,Control,currency,HardCoin,coins,special_offer8,purchase,purchase,28430.0,10.0,2500.0,0.0,2500.0,0.088,0.03
E. 40-99,Control,currency,HardCoin,coins,season_pass_event,reward_event,meta,28430.0,92.0,2425.0,2170.0,255.0,0.085,0.03
E. 40-99,Control,currency,HardCoin,coins,bundle_1_with_prelevel_boosters,purchase,purchase,28430.0,11.0,2200.0,0.0,2200.0,0.077,0.02
E. 40-99,Control,currency,HardCoin,coins,bundle_4_with_prelevel_boosters_tier3,purchase,purchase,28430.0,1.0,2000.0,0.0,2000.0,0.07,0.02
E. 40-99,Control,currency,HardCoin,coins,special_offer10_tier3,purchase,purchase,28430.0,4.0,2000.0,0.0,2000.0,0.07,0.02
E. 40-99,Control,currency,HardCoin,coins,great_offer1_199_tier3,purchase,purchase,28430.0,18.0,2000.0,0.0,2000.0,0.07,0.02
E. 40-99,Control,currency,HardCoin,coins,rolling_offer_tier1_p1499_VARIANT_tier3,purchase,purchase,28430.0,1.0,2000.0,0.0,2000.0,0.07,0.02
E. 40-99,Control,currency,HardCoin,coins,great_offer1_199,purchase,purchase,28430.0,12.0,1800.0,0.0,1800.0,0.063,0.02
E. 40-99,Control,currency,HardCoin,coins,special_offer10,purchase,purchase,28430.0,6.0,1800.0,0.0,1800.0,0.063,0.02
E. 40-99,Control,currency,HardCoin,coins,great_offer1_299,purchase,purchase,28430.0,15.0,1600.0,0.0,1600.0,0.056,0.02
E. 40-99,Control,currency,HardCoin,coins,rolling_offer_p999_tier3,purchase,purchase,28430.0,1.0,1400.0,0.0,1400.0,0.049,0.02
E. 40-99,Control,currency,HardCoin,coins,special_offer11_tier3,purchase,purchase,28430.0,1.0,1000.0,0.0,1000.0,0.035,0.01
E. 40-99,Control,currency,HardCoin,coins,special_offer3_tier3,purchase,purchase,28430.0,1.0,800.0,0.0,800.0,0.028,0.01
E. 40-99,Control,currency,HardCoin,coins,Photoshoot,reward_event,meta,28430.0,23.0,675.0,675.0,0.0,0.024,0.01
E. 40-99,Control,currency,HardCoin,coins,wager_event,reward_event,meta,28430.0,2.0,600.0,600.0,0.0,0.021,0.01
E. 40-99,Control,currency,HardCoin,coins,special_event,reward_event,meta,28430.0,9.0,450.0,450.0,0.0,0.016,0.0
E. 40-99,Control,currency,HardCoin,coins,chuck_event,reward_event,meta,28430.0,3.0,450.0,450.0,0.0,0.016,0.0
E. 40-99,Control,currency,HardCoin,coins,event_progress,reward_event,meta,28430.0,10.0,325.0,325.0,0.0,0.011,0.0
E. 40-99,Control,currency,HardCoin,coins,reds_club,reds_club,other,28430.0,2.0,200.0,200.0,0.0,0.007,0.0
E. 40-99,Control,currency,HardCoin,coins,xs_coins,purchase,purchase,28430.0,1.0,150.0,0.0,150.0,0.005,0.0
E. 40-99,Control,currency,HardCoin,coins,league_rank_up,league_reward,meta,28430.0,1.0,120.0,120.0,0.0,0.004,0.0
E. 40-99,Control,currency,HardCoin,coins,saga_progression,reward_chest,core,28430.0,1.0,120.0,120.0,0.0,0.004,0.0
E. 40-99,Control,currency,HardCoin,coins,dreamheist_event,reward_event,meta,28430.0,2.0,30.0,30.0,0.0,0.001,0.0
E. 40-99,Control,dream_pass_tokens,DreamPassToken,items,race_event,reward_event,meta,28430.0,6584.0,330380.0,,,11.621,38.75
E. 40-99,Control,dream_pass_tokens,DreamPassToken,items,offer_free_items,rolling_offer,meta,28430.0,5972.0,279040.0,,,9.815,32.73
E. 40-99,Control,dream_pass_tokens,DreamPassToken,items,kite_festival_event,reward_event,meta,28430.0,555.0,122480.0,,,4.308,14.37
E. 40-99,Control,dream_pass_tokens,DreamPassToken,items,FlockRush,event_reward,meta,28430.0,4026.0,82420.0,,,2.899,9.67
E. 40-99,Control,dream_pass_tokens,DreamPassToken,items,river_rush,reward_event,meta,28430.0,960.0,37470.0,,,1.318,4.39
E. 40-99,Control,dream_pass_tokens,DreamPassToken,items,wager_event,reward_event,meta,28430.0,3.0,585.0,,,0.021,0.07
E. 40-99,Control,dream_pass_tokens,DreamPassToken,items,Rainbow Maker,reward_event,meta,28430.0,1.0,125.0,,,0.004,0.01
E. 40-99,Control,dream_pass_tokens,DreamPassToken,items,special_event,reward_event,meta,28430.0,2.0,60.0,,,0.002,0.01
E. 40-99,Control,dream_pass_tokens,DreamPassToken,items,team_versus,reward_event,meta,28430.0,1.0,40.0,,,0.001,0.0
E. 40-99,Control,dream_pass_tokens,DreamPassToken,items,team_versus_contribution,reward_event,meta,28430.0,1.0,20.0,,,0.001,0.0
E. 40-99,Control,life,life,items,ask_for_lives,ask_for_lives,other,28430.0,2081.0,8924.0,,,0.314,78.68
E. 40-99,Control,life,life,items,ad_life,ad_life,ads,28430.0,1646.0,2418.0,,,0.085,21.32
E. 40-99,Control,life,liferefill,items,coin_purchase,coin_purchase,other,28430.0,1912.0,18210.0,,,0.641,100.0
E. 40-99,Control,orb,Movie_Magic,items,dream_pass_event,reward_event,meta,28430.0,5.0,5.0,,,0.0,100.0
E. 40-99,Control,orb,Reds_Greatest_Challenge,items,dream_pass_event,reward_event,meta,28430.0,1249.0,1249.0,,,0.044,100.0
E. 40-99,Control,powerup,powerup_1,items,saga_progression,chapter_complete,core,28430.0,12150.0,12942.0,,,0.455,32.55
E. 40-99,Control,powerup,powerup_1,items,player_level_up,reward_chest,core,28430.0,6696.0,6754.0,,,0.238,16.99
E. 40-99,Control,powerup,powerup_1,items,Hatchling Hideaway,event_reward,meta,28430.0,2783.0,2882.0,,,0.101,7.25
E. 40-99,Control,powerup,powerup_1,items,team_versus,reward_event,meta,28430.0,2853.0,2880.0,,,0.101,7.24
E. 40-99,Control,powerup,powerup_1,items,race_event,reward_event,meta,28430.0,2368.0,2400.0,,,0.084,6.04
E. 40-99,Control,powerup,powerup_1,items,river_rush,reward_event,meta,28430.0,1378.0,1733.0,,,0.061,4.36
E. 40-99,Control,powerup,powerup_1,items,team_versus_contribution,reward_event,meta,28430.0,1650.0,1662.0,,,0.058,4.18
E. 40-99,Control,powerup,powerup_1,items,single_collection,reward_event,meta,28430.0,1146.0,1182.0,,,0.042,2.97
E. 40-99,Control,powerup,powerup_1,items,ad_chest,ad_chest,ads,28430.0,999.0,1109.0,,,0.039,2.79
E. 40-99,Control,powerup,powerup_1,items,Jigsaw,reward_event,meta,28430.0,977.0,985.0,,,0.035,2.48
E. 40-99,Control,powerup,powerup_1,items,team_collection,reward_event,meta,28430.0,649.0,767.0,,,0.027,1.93
E. 40-99,Control,powerup,powerup_1,items,reward_chest,reward_chest,other,28430.0,730.0,749.0,,,0.026,1.88
E. 40-99,Control,powerup,powerup_1,items,ArcheryArena,reward_event,meta,28430.0,616.0,631.0,,,0.022,1.59
E. 40-99,Control,powerup,powerup_1,items,red_event,reward_event,meta,28430.0,565.0,585.0,,,0.021,1.47
E. 40-99,Control,powerup,powerup_1,items,bomb_event,reward_event,meta,28430.0,479.0,491.0,,,0.017,1.23
E. 40-99,Control,powerup,powerup_1,items,daily_reward,daily_reward,core,28430.0,267.0,273.0,,,0.01,0.69
E. 40-99,Control,powerup,powerup_1,items,dream_pass_event,reward_event,meta,28430.0,120.0,224.0,,,0.008,0.56
E. 40-99,Control,powerup,powerup_1,items,bundle_3_with_prelevel_boosters_tier3,purchase,purchase,28430.0,36.0,124.0,,,0.004,0.31
E. 40-99,Control,powerup,powerup_1,items,ingame,purchase,purchase,28430.0,36.0,114.0,,,0.004,0.29
E. 40-99,Control,powerup,powerup_1,items,bundle_2_with_prelevel_boosters2,purchase,purchase,28430.0,41.0,106.0,,,0.004,0.27
E. 40-99,Control,powerup,powerup_1,items,offer_free_items,rolling_offer,meta,28430.0,73.0,101.0,,,0.004,0.25
E. 40-99,Control,powerup,powerup_1,items,kite_festival_event,reward_event,meta,28430.0,96.0,98.0,,,0.003,0.25
E. 40-99,Control,powerup,powerup_1,items,bundle_3_with_prelevel_boosters2,purchase,purchase,28430.0,12.0,80.0,,,0.003,0.2
E. 40-99,Control,powerup,powerup_1,items,bundle_1_with_prelevel_boosters_tier3,purchase,purchase,28430.0,61.0,74.0,,,0.003,0.19
E. 40-99,Control,powerup,powerup_1,items,bundle_5_with_prelevel_boosters2,purchase,purchase,28430.0,4.0,72.0,,,0.003,0.18
E. 40-99,Control,powerup,powerup_1,items,bundle_4_with_prelevel_boosters2,purchase,purchase,28430.0,5.0,72.0,,,0.003,0.18
E. 40-99,Control,powerup,powerup_1,items,bundle_7_with_prelevel_boosters_tier3,purchase,purchase,28430.0,48.0,55.0,,,0.002,0.14
E. 40-99,Control,powerup,powerup_1,items,bundle_6_with_prelevel_boosters2,purchase,purchase,28430.0,2.0,50.0,,,0.002,0.13
E. 40-99,Control,powerup,powerup_1,items,rolling_offer_tier1_p199_tier3,purchase,purchase,28430.0,47.0,47.0,,,0.002,0.12
E. 40-99,Control,powerup,powerup_1,items,rolling_offer_tier1_p299,purchase,purchase,28430.0,42.0,42.0,,,0.001,0.11
E. 40-99,Control,powerup,powerup_1,items,bundle_7_with_prelevel_boosters,purchase,purchase,28430.0,42.0,42.0,,,0.001,0.11
E. 40-99,Control,powerup,powerup_1,items,rolling_offer_tier1_p499_VarA,purchase,purchase,28430.0,36.0,36.0,,,0.001,0.09
E. 40-99,Control,powerup,powerup_1,items,dream_peak,reward_event,core,28430.0,20.0,28.0,,,0.001,0.07
E. 40-99,Control,powerup,powerup_1,items,rolling_offer_p3999,purchase,purchase,28430.0,3.0,27.0,,,0.001,0.07
E. 40-99,Control,powerup,powerup_1,items,bundle_2_with_prelevel_boosters_tier3,purchase,purchase,28430.0,20.0,24.0,,,0.001,0.06
E. 40-99,Control,powerup,powerup_1,items,bundle_2_with_prelevel_boosters,purchase,purchase,28430.0,21.0,21.0,,,0.001,0.05
E. 40-99,Control,powerup,powerup_1,items,rolling_offer_tier1_p299_tier3,purchase,purchase,28430.0,21.0,21.0,,,0.001,0.05
E. 40-99,Control,powerup,powerup_1,items,rolling_offer_p049_tier3,purchase,purchase,28430.0,21.0,21.0,,,0.001,0.05
E. 40-99,Control,powerup,powerup_1,items,rolling_offer_p799_VarA,purchase,purchase,28430.0,18.0,18.0,,,0.001,0.05
E. 40-99,Control,powerup,powerup_1,items,special_offer3,purchase,purchase,28430.0,6.0,18.0,,,0.001,0.05
E. 40-99,Control,powerup,powerup_1,items,rolling_offer_p099_VarA,purchase,purchase,28430.0,16.0,16.0,,,0.001,0.04
E. 40-99,Control,powerup,powerup_1,items,special_offer11,purchase,purchase,28430.0,5.0,15.0,,,0.001,0.04
E. 40-99,Control,powerup,powerup_1,items,bundle_7_with_prelevel_boosters2,purchase,purchase,28430.0,9.0,15.0,,,0.001,0.04
E. 40-99,Control,powerup,powerup_1,items,rolling_offer_p349_tier3,purchase,purchase,28430.0,15.0,15.0,,,0.001,0.04
E. 40-99,Control,powerup,powerup_1,items,bundle_5_with_prelevel_boosters,purchase,purchase,28430.0,1.0,12.0,,,0.0,0.03
E. 40-99,Control,powerup,powerup_1,items,rolling_offer_tier1_p2999_VARIANT_VarA,purchase,purchase,28430.0,3.0,12.0,,,0.0,0.03
E. 40-99,Control,powerup,powerup_1,items,special_offer9_tier3,purchase,purchase,28430.0,11.0,11.0,,,0.0,0.03
E. 40-99,Control,powerup,powerup_1,items,rolling_offer_tier1_p1499_VarA,purchase,purchase,28430.0,11.0,11.0,,,0.0,0.03
E. 40-99,Control,powerup,powerup_1,items,bundle_1_with_prelevel_boosters,purchase,purchase,28430.0,11.0,11.0,,,0.0,0.03
E. 40-99,Control,powerup,powerup_1,items,rolling_offer_p1999_VarA,purchase,purchase,28430.0,5.0,10.0,,,0.0,0.03
E. 40-99,Control,powerup,powerup_1,items,special_offer8,purchase,purchase,28430.0,10.0,10.0,,,0.0,0.03
E. 40-99,Control,powerup,powerup_1,items,special_offer9,purchase,purchase,28430.0,10.0,10.0,,,0.0,0.03
E. 40-99,Control,powerup,powerup_1,items,special_offer8_tier3,purchase,purchase,28430.0,9.0,9.0,,,0.0,0.02
E. 40-99,Control,powerup,powerup_1,items,rolling_offer_p1999_tier3,purchase,purchase,28430.0,1.0,9.0,,,0.0,0.02
E. 40-99,Control,powerup,powerup_1,items,special_event,reward_event,meta,28430.0,9.0,9.0,,,0.0,0.02
E. 40-99,Control,powerup,powerup_1,items,bundle_3_with_prelevel_boosters,purchase,purchase,28430.0,3.0,6.0,,,0.0,0.02
E. 40-99,Control,powerup,powerup_1,items,special_offer10,purchase,purchase,28430.0,6.0,6.0,,,0.0,0.02
E. 40-99,Control,powerup,powerup_1,items,bomb_ballet_event,reward_event,meta,28430.0,5.0,5.0,,,0.0,0.01
E. 40-99,Control,powerup,powerup_1,items,bundle_4_with_prelevel_boosters_tier3,purchase,purchase,28430.0,1.0,5.0,,,0.0,0.01
E. 40-99,Control,powerup,powerup_1,items,rolling_offer_tier1_p1499_VARIANT_tier3,purchase,purchase,28430.0,1.0,4.0,,,0.0,0.01
E. 40-99,Control,powerup,powerup_1,items,special_offer10_tier3,purchase,purchase,28430.0,4.0,4.0,,,0.0,0.01
E. 40-99,Control,powerup,powerup_1,items,gift,gift,other,28430.0,3.0,3.0,,,0.0,0.01
E. 40-99,Control,powerup,powerup_1,items,special_offer11_tier3,purchase,purchase,28430.0,1.0,3.0,,,0.0,0.01
E. 40-99,Control,powerup,powerup_1,items,rolling_offer_tier1_p799_tier3,purchase,purchase,28430.0,3.0,3.0,,,0.0,0.01
E. 40-99,Control,powerup,powerup_1,items,special_offer3_tier3,purchase,purchase,28430.0,1.0,3.0,,,0.0,0.01
E. 40-99,Control,powerup,powerup_1,items,chuck_event,reward_event,meta,28430.0,2.0,2.0,,,0.0,0.01
E. 40-99,Control,powerup,powerup_1,items,rolling_offer_p999_tier3,purchase,purchase,28430.0,1.0,2.0,,,0.0,0.01
E. 40-99,Control,powerup,powerup_2,items,saga_progression,chapter_complete,core,28430.0,17494.0,28671.0,,,1.008,37.39
E. 40-99,Control,powerup,powerup_2,items,player_level_up,reward_chest,core,28430.0,12765.0,17281.0,,,0.608,22.54
E. 40-99,Control,powerup,powerup_2,items,daily_reward,daily_reward,core,28430.0,4643.0,4737.0,,,0.167,6.18
E. 40-99,Control,powerup,powerup_2,items,FlockRush,event_reward,meta,28430.0,4209.0,4320.0,,,0.152,5.63
E. 40-99,Control,powerup,powerup_2,items,Hatchling Hideaway,event_reward,meta,28430.0,3461.0,3527.0,,,0.124,4.6
E. 40-99,Control,powerup,powerup_2,items,team_collection,reward_event,meta,28430.0,1327.0,2220.0,,,0.078,2.9
E. 40-99,Control,powerup,powerup_2,items,ad_chest,ad_chest,ads,28430.0,1787.0,2119.0,,,0.075,2.76
E. 40-99,Control,powerup,powerup_2,items,river_rush,reward_event,meta,28430.0,1309.0,1840.0,,,0.065,2.4
E. 40-99,Control,powerup,powerup_2,items,dream_pass_event,reward_event,meta,28430.0,1239.0,1449.0,,,0.051,1.89
E. 40-99,Control,powerup,powerup_2,items,Jigsaw,reward_event,meta,28430.0,1342.0,1422.0,,,0.05,1.85
E. 40-99,Control,powerup,powerup_2,items,race_event,reward_event,meta,28430.0,1390.0,1405.0,,,0.049,1.83
E. 40-99,Control,powerup,powerup_2,items,team_versus,reward_event,meta,28430.0,1140.0,1149.0,,,0.04,1.5
E. 40-99,Control,powerup,powerup_2,items,single_collection,reward_event,meta,28430.0,975.0,1010.0,,,0.036,1.32
E. 40-99,Control,powerup,powerup_2,items,ingame,purchase,purchase,28430.0,228.0,837.0,,,0.029,1.09
E. 40-99,Control,powerup,powerup_2,items,reward_chest,reward_chest,other,28430.0,730.0,753.0,,,0.026,0.98
E. 40-99,Control,powerup,powerup_2,items,bomb_event,reward_event,meta,28430.0,705.0,726.0,,,0.026,0.95
E. 40-99,Control,powerup,powerup_2,items,red_event,reward_event,meta,28430.0,516.0,534.0,,,0.019,0.7
E. 40-99,Control,powerup,powerup_2,items,ArcheryArena,reward_event,meta,28430.0,500.0,512.0,,,0.018,0.67
E. 40-99,Control,powerup,powerup_2,items,team_versus_contribution,reward_event,meta,28430.0,348.0,351.0,,,0.012,0.46
E. 40-99,Control,powerup,powerup_2,items,offer_free_items,rolling_offer,meta,28430.0,181.0,326.0,,,0.011,0.43
E. 40-99,Control,powerup,powerup_2,items,kite_festival_event,reward_event,meta,28430.0,132.0,134.0,,,0.005,0.17
E. 40-99,Control,powerup,powerup_2,items,bundle_3_with_prelevel_boosters_tier3,purchase,purchase,28430.0,36.0,124.0,,,0.004,0.16
E. 40-99,Control,powerup,powerup_2,items,bundle_2_with_prelevel_boosters2,purchase,purchase,28430.0,41.0,106.0,,,0.004,0.14
E. 40-99,Control,powerup,powerup_2,items,dream_peak,reward_event,core,28430.0,66.0,90.0,,,0.003,0.12
E. 40-99,Control,powerup,powerup_2,items,bundle_3_with_prelevel_boosters2,purchase,purchase,28430.0,12.0,80.0,,,0.003,0.1
E. 40-99,Control,powerup,powerup_2,items,bundle_1_with_prelevel_boosters_tier3,purchase,purchase,28430.0,61.0,74.0,,,0.003,0.1
E. 40-99,Control,powerup,powerup_2,items,bundle_4_with_prelevel_boosters2,purchase,purchase,28430.0,5.0,72.0,,,0.003,0.09
E. 40-99,Control,powerup,powerup_2,items,bundle_5_with_prelevel_boosters2,purchase,purchase,28430.0,4.0,72.0,,,0.003,0.09
E. 40-99,Control,powerup,powerup_2,items,bundle_7_with_prelevel_boosters_tier3,purchase,purchase,28430.0,48.0,55.0,,,0.002,0.07
E. 40-99,Control,powerup,powerup_2,items,bundle_6_with_prelevel_boosters2,purchase,purchase,28430.0,2.0,50.0,,,0.002,0.07
E. 40-99,Control,powerup,powerup_2,items,rolling_offer_tier1_p199_tier3,purchase,purchase,28430.0,47.0,47.0,,,0.002,0.06
E. 40-99,Control,powerup,powerup_2,items,rolling_offer_tier1_p299,purchase,purchase,28430.0,42.0,42.0,,,0.001,0.05
E. 40-99,Control,powerup,powerup_2,items,bundle_7_with_prelevel_boosters,purchase,purchase,28430.0,42.0,42.0,,,0.001,0.05
E. 40-99,Control,powerup,powerup_2,items,rolling_offer_tier1_p499_VarA,purchase,purchase,28430.0,36.0,36.0,,,0.001,0.05
E. 40-99,Control,powerup,powerup_2,items,rolling_offer_p3999,purchase,purchase,28430.0,3.0,30.0,,,0.001,0.04
E. 40-99,Control,powerup,powerup_2,items,special_offer3,purchase,purchase,28430.0,6.0,30.0,,,0.001,0.04
E. 40-99,Control,powerup,powerup_2,items,bundle_2_with_prelevel_boosters_tier3,purchase,purchase,28430.0,20.0,24.0,,,0.001,0.03
E. 40-99,Control,powerup,powerup_2,items,rolling_offer_tier1_p1499_VarA,purchase,purchase,28430.0,11.0,22.0,,,0.001,0.03
E. 40-99,Control,powerup,powerup_2,items,special_offer9_tier3,purchase,purchase,28430.0,11.0,22.0,,,0.001,0.03
E. 40-99,Control,powerup,powerup_2,items,rolling_offer_tier1_p299_tier3,purchase,purchase,28430.0,21.0,21.0,,,0.001,0.03
E. 40-99,Control,powerup,powerup_2,items,bundle_2_with_prelevel_boosters,purchase,purchase,28430.0,21.0,21.0,,,0.001,0.03
E. 40-99,Control,powerup,powerup_2,items,special_offer8,purchase,purchase,28430.0,10.0,20.0,,,0.001,0.03
E. 40-99,Control,powerup,powerup_2,items,special_offer9,purchase,purchase,28430.0,10.0,20.0,,,0.001,0.03
E. 40-99,Control,powerup,powerup_2,items,special_offer10,purchase,purchase,28430.0,6.0,18.0,,,0.001,0.02
E. 40-99,Control,powerup,powerup_2,items,special_offer8_tier3,purchase,purchase,28430.0,9.0,18.0,,,0.001,0.02
E. 40-99,Control,powerup,powerup_2,items,rolling_offer_p799_VarA,purchase,purchase,28430.0,18.0,18.0,,,0.001,0.02
E. 40-99,Control,powerup,powerup_2,items,rolling_offer_tier1_p2999_VARIANT_VarA,purchase,purchase,28430.0,3.0,15.0,,,0.001,0.02
E. 40-99,Control,powerup,powerup_2,items,rolling_offer_p349_tier3,purchase,purchase,28430.0,15.0,15.0,,,0.001,0.02
E. 40-99,Control,powerup,powerup_2,items,bundle_7_with_prelevel_boosters2,purchase,purchase,28430.0,9.0,15.0,,,0.001,0.02
E. 40-99,Control,powerup,powerup_2,items,rolling_offer_p1999_VarA,purchase,purchase,28430.0,5.0,15.0,,,0.001,0.02
E. 40-99,Control,powerup,powerup_2,items,special_offer11,purchase,purchase,28430.0,5.0,15.0,,,0.001,0.02
E. 40-99,Control,powerup,powerup_2,items,bomb_ballet_event,reward_event,meta,28430.0,13.0,13.0,,,0.0,0.02
E. 40-99,Control,powerup,powerup_2,items,bundle_5_with_prelevel_boosters,purchase,purchase,28430.0,1.0,12.0,,,0.0,0.02
E. 40-99,Control,powerup,powerup_2,items,special_offer10_tier3,purchase,purchase,28430.0,4.0,12.0,,,0.0,0.02
E. 40-99,Control,powerup,powerup_2,items,bundle_1_with_prelevel_boosters,purchase,purchase,28430.0,11.0,11.0,,,0.0,0.01
E. 40-99,Control,powerup,powerup_2,items,rolling_offer_p1999_tier3,purchase,purchase,28430.0,1.0,10.0,,,0.0,0.01
E. 40-99,Control,powerup,powerup_2,items,league_rank_up,league_reward,meta,28430.0,6.0,9.0,,,0.0,0.01
E. 40-99,Control,powerup,powerup_2,items,gift,gift,other,28430.0,3.0,7.0,,,0.0,0.01
E. 40-99,Control,powerup,powerup_2,items,bundle_3_with_prelevel_boosters,purchase,purchase,28430.0,3.0,6.0,,,0.0,0.01
E. 40-99,Control,powerup,powerup_2,items,rolling_offer_tier1_p799_tier3,purchase,purchase,28430.0,3.0,6.0,,,0.0,0.01
E. 40-99,Control,powerup,powerup_2,items,season_pass_event,reward_event,meta,28430.0,4.0,6.0,,,0.0,0.01
E. 40-99,Control,powerup,powerup_2,items,bundle_4_with_prelevel_boosters_tier3,purchase,purchase,28430.0,1.0,5.0,,,0.0,0.01
E. 40-99,Control,powerup,powerup_2,items,rolling_offer_tier1_p1499_VARIANT_tier3,purchase,purchase,28430.0,1.0,5.0,,,0.0,0.01
E. 40-99,Control,powerup,powerup_2,items,special_offer3_tier3,purchase,purchase,28430.0,1.0,5.0,,,0.0,0.01
E. 40-99,Control,powerup,powerup_2,items,event_progress,reward_event,meta,28430.0,5.0,5.0,,,0.0,0.01
E. 40-99,Control,powerup,powerup_2,items,chuck_event,reward_event,meta,28430.0,4.0,4.0,,,0.0,0.01
E. 40-99,Control,powerup,powerup_2,items,rolling_offer_p999_tier3,purchase,purchase,28430.0,1.0,3.0,,,0.0,0.0
E. 40-99,Control,powerup,powerup_2,items,special_offer11_tier3,purchase,purchase,28430.0,1.0,3.0,,,0.0,0.0
E. 40-99,Control,powerup,powerup_2,items,wager_event,reward_event,meta,28430.0,1.0,2.0,,,0.0,0.0
E. 40-99,Control,powerup,powerup_2,items,dreamheist_event,reward_event,meta,28430.0,2.0,2.0,,,0.0,0.0
E. 40-99,Control,powerup,powerup_2,items,Rainbow Maker,reward_event,meta,28430.0,1.0,2.0,,,0.0,0.0
E. 40-99,Control,powerup,powerup_2,items,treasure_dive_event,reward_event,meta,28430.0,1.0,1.0,,,0.0,0.0
E. 40-99,Control,powerup,powerup_2,items,saga_progression,reward_chest,core,28430.0,1.0,1.0,,,0.0,0.0
E. 40-99,Control,powerup,powerup_3,items,saga_progression,chapter_complete,core,28430.0,18352.0,29530.0,,,1.039,36.88
E. 40-99,Control,powerup,powerup_3,items,player_level_up,reward_chest,core,28430.0,15172.0,19481.0,,,0.685,24.33
E. 40-99,Control,powerup,powerup_3,items,Hatchling Hideaway,event_reward,meta,28430.0,4128.0,4190.0,,,0.147,5.23
E. 40-99,Control,powerup,powerup_3,items,dream_pass_event,reward_event,meta,28430.0,2848.0,3278.0,,,0.115,4.09
E. 40-99,Control,powerup,powerup_3,items,daily_reward,daily_reward,core,28430.0,2893.0,2958.0,,,0.104,3.69
E. 40-99,Control,powerup,powerup_3,items,single_collection,reward_event,meta,28430.0,2775.0,2895.0,,,0.102,3.62
E. 40-99,Control,powerup,powerup_3,items,team_versus,reward_event,meta,28430.0,2522.0,2547.0,,,0.09,3.18
E. 40-99,Control,powerup,powerup_3,items,ad_chest,ad_chest,ads,28430.0,1867.0,2219.0,,,0.078,2.77
E. 40-99,Control,powerup,powerup_3,items,race_event,reward_event,meta,28430.0,1792.0,1818.0,,,0.064,2.27
E. 40-99,Control,powerup,powerup_3,items,river_rush,reward_event,meta,28430.0,1290.0,1703.0,,,0.06,2.13
E. 40-99,Control,powerup,powerup_3,items,bomb_event,reward_event,meta,28430.0,1297.0,1350.0,,,0.047,1.69
E. 40-99,Control,powerup,powerup_3,items,ArcheryArena,reward_event,meta,28430.0,1295.0,1324.0,,,0.047,1.65
E. 40-99,Control,powerup,powerup_3,items,red_event,reward_event,meta,28430.0,1209.0,1248.0,,,0.044,1.56
E. 40-99,Control,powerup,powerup_3,items,team_collection,reward_event,meta,28430.0,498.0,1016.0,,,0.036,1.27
E. 40-99,Control,powerup,powerup_3,items,facebook_like,facebook_like,other,28430.0,380.0,890.0,,,0.031,1.11
E. 40-99,Control,powerup,powerup_3,items,reward_chest,reward_chest,other,28430.0,730.0,755.0,,,0.027,0.94
E. 40-99,Control,powerup,powerup_3,items,team_versus_contribution,reward_event,meta,28430.0,547.0,553.0,,,0.019,0.69
E. 40-99,Control,powerup,powerup_3,items,ingame,purchase,purchase,28430.0,124.0,432.0,,,0.015,0.54
E. 40-99,Control,powerup,powerup_3,items,kite_festival_event,reward_event,meta,28430.0,267.0,278.0,,,0.01,0.35
E. 40-99,Control,powerup,powerup_3,items,offer_free_items,rolling_offer,meta,28430.0,124.0,228.0,,,0.008,0.28
E. 40-99,Control,powerup,powerup_3,items,bundle_3_with_prelevel_boosters_tier3,purchase,purchase,28430.0,36.0,124.0,,,0.004,0.15
E. 40-99,Control,powerup,powerup_3,items,dream_peak,reward_event,core,28430.0,91.0,115.0,,,0.004,0.14
E. 40-99,Control,powerup,powerup_3,items,bundle_2_with_prelevel_boosters2,purchase,purchase,28430.0,41.0,106.0,,,0.004,0.13
E. 40-99,Control,powerup,powerup_3,items,bundle_3_with_prelevel_boosters2,purchase,purchase,28430.0,12.0,80.0,,,0.003,0.1
E. 40-99,Control,powerup,powerup_3,items,bundle_1_with_prelevel_boosters_tier3,purchase,purchase,28430.0,61.0,74.0,,,0.003,0.09
E. 40-99,Control,powerup,powerup_3,items,bundle_5_with_prelevel_boosters2,purchase,purchase,28430.0,4.0,72.0,,,0.003,0.09
E. 40-99,Control,powerup,powerup_3,items,bundle_4_with_prelevel_boosters2,purchase,purchase,28430.0,5.0,72.0,,,0.003,0.09
E. 40-99,Control,powerup,powerup_3,items,bundle_7_with_prelevel_boosters_tier3,purchase,purchase,28430.0,48.0,55.0,,,0.002,0.07
E. 40-99,Control,powerup,powerup_3,items,bundle_6_with_prelevel_boosters2,purchase,purchase,28430.0,2.0,50.0,,,0.002,0.06
E. 40-99,Control,powerup,powerup_3,items,rolling_offer_tier1_p199_tier3,purchase,purchase,28430.0,47.0,47.0,,,0.002,0.06
E. 40-99,Control,powerup,powerup_3,items,bundle_7_with_prelevel_boosters,purchase,purchase,28430.0,42.0,42.0,,,0.001,0.05
E. 40-99,Control,powerup,powerup_3,items,rolling_offer_tier1_p299,purchase,purchase,28430.0,42.0,42.0,,,0.001,0.05
E. 40-99,Control,powerup,powerup_3,items,rolling_offer_tier1_p499_VarA,purchase,purchase,28430.0,36.0,36.0,,,0.001,0.04
E. 40-99,Control,powerup,powerup_3,items,special_offer3,purchase,purchase,28430.0,6.0,30.0,,,0.001,0.04
E. 40-99,Control,powerup,powerup_3,items,rolling_offer_p3999,purchase,purchase,28430.0,3.0,30.0,,,0.001,0.04
E. 40-99,Control,powerup,powerup_3,items,bundle_2_with_prelevel_boosters_tier3,purchase,purchase,28430.0,20.0,24.0,,,0.001,0.03
E. 40-99,Control,powerup,powerup_3,items,special_offer9_tier3,purchase,purchase,28430.0,11.0,22.0,,,0.001,0.03
E. 40-99,Control,powerup,powerup_3,items,rolling_offer_tier1_p1499_VarA,purchase,purchase,28430.0,11.0,22.0,,,0.001,0.03
E. 40-99,Control,powerup,powerup_3,items,rolling_offer_tier1_p299_tier3,purchase,purchase,28430.0,21.0,21.0,,,0.001,0.03
E. 40-99,Control,powerup,powerup_3,items,bundle_2_with_prelevel_boosters,purchase,purchase,28430.0,21.0,21.0,,,0.001,0.03
E. 40-99,Control,powerup,powerup_3,items,special_offer8,purchase,purchase,28430.0,10.0,20.0,,,0.001,0.02
E. 40-99,Control,powerup,powerup_3,items,special_offer9,purchase,purchase,28430.0,10.0,20.0,,,0.001,0.02
E. 40-99,Control,powerup,powerup_3,items,special_offer10,purchase,purchase,28430.0,6.0,18.0,,,0.001,0.02
E. 40-99,Control,powerup,powerup_3,items,rolling_offer_p799_VarA,purchase,purchase,28430.0,18.0,18.0,,,0.001,0.02
E. 40-99,Control,powerup,powerup_3,items,special_offer8_tier3,purchase,purchase,28430.0,9.0,18.0,,,0.001,0.02
E. 40-99,Control,powerup,powerup_3,items,rolling_offer_tier1_p2999_VARIANT_VarA,purchase,purchase,28430.0,3.0,15.0,,,0.001,0.02
E. 40-99,Control,powerup,powerup_3,items,rolling_offer_p349_tier3,purchase,purchase,28430.0,15.0,15.0,,,0.001,0.02
E. 40-99,Control,powerup,powerup_3,items,special_offer11,purchase,purchase,28430.0,5.0,15.0,,,0.001,0.02
E. 40-99,Control,powerup,powerup_3,items,rolling_offer_p1999_VarA,purchase,purchase,28430.0,5.0,15.0,,,0.001,0.02
E. 40-99,Control,powerup,powerup_3,items,bundle_7_with_prelevel_boosters2,purchase,purchase,28430.0,9.0,15.0,,,0.001,0.02
E. 40-99,Control,powerup,powerup_3,items,season_pass_event,reward_event,meta,28430.0,11.0,12.0,,,0.0,0.01
E. 40-99,Control,powerup,powerup_3,items,bundle_5_with_prelevel_boosters,purchase,purchase,28430.0,1.0,12.0,,,0.0,0.01
E. 40-99,Control,powerup,powerup_3,items,special_offer10_tier3,purchase,purchase,28430.0,4.0,12.0,,,0.0,0.01
E. 40-99,Control,powerup,powerup_3,items,bundle_1_with_prelevel_boosters,purchase,purchase,28430.0,11.0,11.0,,,0.0,0.01
E. 40-99,Control,powerup,powerup_3,items,rolling_offer_p1999_tier3,purchase,purchase,28430.0,1.0,10.0,,,0.0,0.01
E. 40-99,Control,powerup,powerup_3,items,gift,gift,other,28430.0,3.0,7.0,,,0.0,0.01
E. 40-99,Control,powerup,powerup_3,items,rolling_offer_tier1_p799_tier3,purchase,purchase,28430.0,3.0,6.0,,,0.0,0.01
E. 40-99,Control,powerup,powerup_3,items,bundle_3_with_prelevel_boosters,purchase,purchase,28430.0,3.0,6.0,,,0.0,0.01
E. 40-99,Control,powerup,powerup_3,items,rolling_offer_tier1_p1499_VARIANT_tier3,purchase,purchase,28430.0,1.0,5.0,,,0.0,0.01
E. 40-99,Control,powerup,powerup_3,items,special_offer3_tier3,purchase,purchase,28430.0,1.0,5.0,,,0.0,0.01
E. 40-99,Control,powerup,powerup_3,items,bundle_4_with_prelevel_boosters_tier3,purchase,purchase,28430.0,1.0,5.0,,,0.0,0.01
E. 40-99,Control,powerup,powerup_3,items,bomb_ballet_event,reward_event,meta,28430.0,5.0,5.0,,,0.0,0.01
E. 40-99,Control,powerup,powerup_3,items,wager_event,reward_event,meta,28430.0,2.0,4.0,,,0.0,0.0
E. 40-99,Control,powerup,powerup_3,items,rolling_offer_p999_tier3,purchase,purchase,28430.0,1.0,3.0,,,0.0,0.0
E. 40-99,Control,powerup,powerup_3,items,chuck_event,reward_event,meta,28430.0,3.0,3.0,,,0.0,0.0
E. 40-99,Control,powerup,powerup_3,items,special_offer11_tier3,purchase,purchase,28430.0,1.0,3.0,,,0.0,0.0
E. 40-99,Control,powerup,powerup_3,items,dreamheist_event,reward_event,meta,28430.0,2.0,2.0,,,0.0,0.0
E. 40-99,Control,powerup,powerup_3,items,saga_progression,reward_chest,core,28430.0,1.0,2.0,,,0.0,0.0
E. 40-99,Control,powerup,powerup_3,items,Photoshoot,reward_event,meta,28430.0,2.0,2.0,,,0.0,0.0
E. 40-99,Control,powerup,powerup_3,items,event_progress,reward_event,meta,28430.0,1.0,2.0,,,0.0,0.0
E. 40-99,Control,powerup,powerup_3,items,league_rank_up,league_reward,meta,28430.0,1.0,1.0,,,0.0,0.0
E. 40-99,Control,powerup,powerup_3,items,treasure_dive_event,reward_event,meta,28430.0,1.0,1.0,,,0.0,0.0
E. 40-99,Control,pre_level_booster,pre_level_booster_1,items,saga_progression,chapter_complete,core,28430.0,22975.0,64068.0,,,2.254,60.75
E. 40-99,Control,pre_level_booster,pre_level_booster_1,items,dream_pass_event,reward_event,meta,28430.0,4712.0,9058.0,,,0.319,8.59
E. 40-99,Control,pre_level_booster,pre_level_booster_1,items,player_level_up,reward_chest,core,28430.0,7571.0,7677.0,,,0.27,7.28
E. 40-99,Control,pre_level_booster,pre_level_booster_1,items,offer_free_items,rolling_offer,meta,28430.0,6595.0,6771.0,,,0.238,6.42
E. 40-99,Control,pre_level_booster,pre_level_booster_1,items,Hatchling Hideaway,event_reward,meta,28430.0,5193.0,5337.0,,,0.188,5.06
E. 40-99,Control,pre_level_booster,pre_level_booster_1,items,FlockRush,event_reward,meta,28430.0,4209.0,4320.0,,,0.152,4.1
E. 40-99,Control,pre_level_booster,pre_level_booster_1,items,Jigsaw,reward_event,meta,28430.0,2936.0,3170.0,,,0.112,3.01
E. 40-99,Control,pre_level_booster,pre_level_booster_1,items,river_rush,reward_event,meta,28430.0,967.0,1083.0,,,0.038,1.03
E. 40-99,Control,pre_level_booster,pre_level_booster_1,items,ingame,purchase,purchase,28430.0,42.0,825.0,,,0.029,0.78
E. 40-99,Control,pre_level_booster,pre_level_booster_1,items,reward_chest,reward_chest,other,28430.0,729.0,749.0,,,0.026,0.71
E. 40-99,Control,pre_level_booster,pre_level_booster_1,items,bomb_ballet_event,reward_event,meta,28430.0,666.0,681.0,,,0.024,0.65
E. 40-99,Control,pre_level_booster,pre_level_booster_1,items,team_versus_contribution,reward_event,meta,28430.0,347.0,350.0,,,0.012,0.33
E. 40-99,Control,pre_level_booster,pre_level_booster_1,items,race_event,reward_event,meta,28430.0,196.0,201.0,,,0.007,0.19
E. 40-99,Control,pre_level_booster,pre_level_booster_1,items,bundle_3_with_prelevel_boosters_tier3,purchase,purchase,28430.0,36.0,124.0,,,0.004,0.12
E. 40-99,Control,pre_level_booster,pre_level_booster_1,items,season_pass_event,reward_event,meta,28430.0,68.0,109.0,,,0.004,0.1
E. 40-99,Control,pre_level_booster,pre_level_booster_1,items,bundle_2_with_prelevel_boosters2,purchase,purchase,28430.0,41.0,106.0,,,0.004,0.1
E. 40-99,Control,pre_level_booster,pre_level_booster_1,items,bundle_3_with_prelevel_boosters2,purchase,purchase,28430.0,12.0,80.0,,,0.003,0.08
E. 40-99,Control,pre_level_booster,pre_level_booster_1,items,bundle_1_with_prelevel_boosters_tier3,purchase,purchase,28430.0,61.0,74.0,,,0.003,0.07
E. 40-99,Control,pre_level_booster,pre_level_booster_1,items,bundle_5_with_prelevel_boosters2,purchase,purchase,28430.0,4.0,72.0,,,0.003,0.07
E. 40-99,Control,pre_level_booster,pre_level_booster_1,items,bundle_4_with_prelevel_boosters2,purchase,purchase,28430.0,5.0,72.0,,,0.003,0.07
E. 40-99,Control,pre_level_booster,pre_level_booster_1,items,bundle_7_with_prelevel_boosters_tier3,purchase,purchase,28430.0,48.0,55.0,,,0.002,0.05
E. 40-99,Control,pre_level_booster,pre_level_booster_1,items,bundle_6_with_prelevel_boosters2,purchase,purchase,28430.0,2.0,50.0,,,0.002,0.05
E. 40-99,Control,pre_level_booster,pre_level_booster_1,items,rolling_offer_tier1_p199_tier3,purchase,purchase,28430.0,47.0,47.0,,,0.002,0.04
E. 40-99,Control,pre_level_booster,pre_level_booster_1,items,ad_chest,ad_chest,ads,28430.0,39.0,44.0,,,0.002,0.04
E. 40-99,Control,pre_level_booster,pre_level_booster_1,items,bundle_7_with_prelevel_boosters,purchase,purchase,28430.0,42.0,42.0,,,0.001,0.04
E. 40-99,Control,pre_level_booster,pre_level_booster_1,items,rolling_offer_tier1_p299,purchase,purchase,28430.0,42.0,42.0,,,0.001,0.04
E. 40-99,Control,pre_level_booster,pre_level_booster_1,items,bundle_2_with_prelevel_boosters_tier3,purchase,purchase,28430.0,20.0,24.0,,,0.001,0.02
E. 40-99,Control,pre_level_booster,pre_level_booster_1,items,bundle_2_with_prelevel_boosters,purchase,purchase,28430.0,21.0,21.0,,,0.001,0.02
E. 40-99,Control,pre_level_booster,pre_level_booster_1,items,rolling_offer_tier1_p299_tier3,purchase,purchase,28430.0,21.0,21.0,,,0.001,0.02
E. 40-99,Control,pre_level_booster,pre_level_booster_1,items,rolling_offer_p3999,purchase,purchase,28430.0,3.0,21.0,,,0.001,0.02
E. 40-99,Control,pre_level_booster,pre_level_booster_1,items,rolling_offer_p799_VarA,purchase,purchase,28430.0,18.0,18.0,,,0.001,0.02
E. 40-99,Control,pre_level_booster,pre_level_booster_1,items,kite_festival_event,reward_event,meta,28430.0,14.0,17.0,,,0.001,0.02
E. 40-99,Control,pre_level_booster,pre_level_booster_1,items,bundle_7_with_prelevel_boosters2,purchase,purchase,28430.0,9.0,15.0,,,0.001,0.01
E. 40-99,Control,pre_level_booster,pre_level_booster_1,items,rolling_offer_p349_tier3,purchase,purchase,28430.0,15.0,15.0,,,0.001,0.01
E. 40-99,Control,pre_level_booster,pre_level_booster_1,items,great_offer1_199,purchase,purchase,28430.0,12.0,12.0,,,0.0,0.01
E. 40-99,Control,pre_level_booster,pre_level_booster_1,items,bundle_5_with_prelevel_boosters,purchase,purchase,28430.0,1.0,12.0,,,0.0,0.01
E. 40-99,Control,pre_level_booster,pre_level_booster_1,items,bundle_1_with_prelevel_boosters,purchase,purchase,28430.0,11.0,11.0,,,0.0,0.01
E. 40-99,Control,pre_level_booster,pre_level_booster_1,items,rolling_offer_tier1_p1499_VarA,purchase,purchase,28430.0,11.0,11.0,,,0.0,0.01
E. 40-99,Control,pre_level_booster,pre_level_booster_1,items,rolling_offer_p1999_tier3,purchase,purchase,28430.0,1.0,7.0,,,0.0,0.01
E. 40-99,Control,pre_level_booster,pre_level_booster_1,items,bundle_3_with_prelevel_boosters,purchase,purchase,28430.0,3.0,6.0,,,0.0,0.01
E. 40-99,Control,pre_level_booster,pre_level_booster_1,items,event_progress,reward_event,meta,28430.0,6.0,6.0,,,0.0,0.01
E. 40-99,Control,pre_level_booster,pre_level_booster_1,items,rolling_offer_tier1_p2999_VARIANT_VarA,purchase,purchase,28430.0,3.0,6.0,,,0.0,0.01
E. 40-99,Control,pre_level_booster,pre_level_booster_1,items,bundle_4_with_prelevel_boosters_tier3,purchase,purchase,28430.0,1.0,5.0,,,0.0,0.0
E. 40-99,Control,pre_level_booster,pre_level_booster_1,items,Photoshoot,reward_event,meta,28430.0,5.0,5.0,,,0.0,0.0
E. 40-99,Control,pre_level_booster,pre_level_booster_1,items,rolling_offer_p1999_VarA,purchase,purchase,28430.0,5.0,5.0,,,0.0,0.0
E. 40-99,Control,pre_level_booster,pre_level_booster_1,items,saga_progression,reward_chest,core,28430.0,1.0,4.0,,,0.0,0.0
E. 40-99,Control,pre_level_booster,pre_level_booster_1,items,rolling_offer_tier1_p799_tier3,purchase,purchase,28430.0,3.0,3.0,,,0.0,0.0
E. 40-99,Control,pre_level_booster,pre_level_booster_1,items,rolling_offer_tier1_p1499_VARIANT_tier3,purchase,purchase,28430.0,1.0,2.0,,,0.0,0.0
E. 40-99,Control,pre_level_booster,pre_level_booster_1,items,dreamheist_event,reward_event,meta,28430.0,1.0,2.0,,,0.0,0.0
E. 40-99,Control,pre_level_booster,pre_level_booster_1,items,rolling_offer_p999_tier3,purchase,purchase,28430.0,1.0,1.0,,,0.0,0.0
E. 40-99,Control,pre_level_booster,pre_level_booster_2,items,saga_progression,chapter_complete,core,28430.0,23148.0,60073.0,,,2.113,52.64
E. 40-99,Control,pre_level_booster,pre_level_booster_2,items,player_level_up,reward_chest,core,28430.0,9777.0,16239.0,,,0.571,14.23
E. 40-99,Control,pre_level_booster,pre_level_booster_2,items,dream_pass_event,reward_event,meta,28430.0,5707.0,10747.0,,,0.378,9.42
E. 40-99,Control,pre_level_booster,pre_level_booster_2,items,offer_free_items,rolling_offer,meta,28430.0,6392.0,6560.0,,,0.231,5.75
E. 40-99,Control,pre_level_booster,pre_level_booster_2,items,Hatchling Hideaway,event_reward,meta,28430.0,4635.0,4703.0,,,0.165,4.12
E. 40-99,Control,pre_level_booster,pre_level_booster_2,items,Jigsaw,reward_event,meta,28430.0,4388.0,4571.0,,,0.161,4.01
E. 40-99,Control,pre_level_booster,pre_level_booster_2,items,FlockRush,event_reward,meta,28430.0,4209.0,4320.0,,,0.152,3.79
E. 40-99,Control,pre_level_booster,pre_level_booster_2,items,bomb_ballet_event,reward_event,meta,28430.0,2500.0,2542.0,,,0.089,2.23
E. 40-99,Control,pre_level_booster,pre_level_booster_2,items,ingame,purchase,purchase,28430.0,33.0,855.0,,,0.03,0.75
E. 40-99,Control,pre_level_booster,pre_level_booster_2,items,reward_chest,reward_chest,other,28430.0,729.0,749.0,,,0.026,0.66
E. 40-99,Control,pre_level_booster,pre_level_booster_2,items,team_versus_contribution,reward_event,meta,28430.0,547.0,553.0,,,0.019,0.48
E. 40-99,Control,pre_level_booster,pre_level_booster_2,items,river_rush,reward_event,meta,28430.0,499.0,520.0,,,0.018,0.46
E. 40-99,Control,pre_level_booster,pre_level_booster_2,items,race_event,reward_event,meta,28430.0,481.0,487.0,,,0.017,0.43
E. 40-99,Control,pre_level_booster,pre_level_booster_2,items,season_pass_event,reward_event,meta,28430.0,85.0,141.0,,,0.005,0.12
E. 40-99,Control,pre_level_booster,pre_level_booster_2,items,bundle_3_with_prelevel_boosters_tier3,purchase,purchase,28430.0,36.0,124.0,,,0.004,0.11
E. 40-99,Control,pre_level_booster,pre_level_booster_2,items,bundle_2_with_prelevel_boosters2,purchase,purchase,28430.0,41.0,106.0,,,0.004,0.09
E. 40-99,Control,pre_level_booster,pre_level_booster_2,items,bundle_3_with_prelevel_boosters2,purchase,purchase,28430.0,12.0,80.0,,,0.003,0.07
E. 40-99,Control,pre_level_booster,pre_level_booster_2,items,bundle_1_with_prelevel_boosters_tier3,purchase,purchase,28430.0,61.0,74.0,,,0.003,0.06
E. 40-99,Control,pre_level_booster,pre_level_booster_2,items,bundle_5_with_prelevel_boosters2,purchase,purchase,28430.0,4.0,72.0,,,0.003,0.06
E. 40-99,Control,pre_level_booster,pre_level_booster_2,items,bundle_4_with_prelevel_boosters2,purchase,purchase,28430.0,5.0,72.0,,,0.003,0.06
E. 40-99,Control,pre_level_booster,pre_level_booster_2,items,bundle_7_with_prelevel_boosters_tier3,purchase,purchase,28430.0,48.0,55.0,,,0.002,0.05
E. 40-99,Control,pre_level_booster,pre_level_booster_2,items,bundle_6_with_prelevel_boosters2,purchase,purchase,28430.0,2.0,50.0,,,0.002,0.04
E. 40-99,Control,pre_level_booster,pre_level_booster_2,items,rolling_offer_tier1_p199_tier3,purchase,purchase,28430.0,47.0,47.0,,,0.002,0.04
E. 40-99,Control,pre_level_booster,pre_level_booster_2,items,rolling_offer_tier1_p299,purchase,purchase,28430.0,42.0,42.0,,,0.001,0.04
E. 40-99,Control,pre_level_booster,pre_level_booster_2,items,bundle_7_with_prelevel_boosters,purchase,purchase,28430.0,42.0,42.0,,,0.001,0.04
E. 40-99,Control,pre_level_booster,pre_level_booster_2,items,bundle_2_with_prelevel_boosters_tier3,purchase,purchase,28430.0,20.0,24.0,,,0.001,0.02
E. 40-99,Control,pre_level_booster,pre_level_booster_2,items,Photoshoot,reward_event,meta,28430.0,23.0,23.0,,,0.001,0.02
E. 40-99,Control,pre_level_booster,pre_level_booster_2,items,kite_festival_event,reward_event,meta,28430.0,21.0,21.0,,,0.001,0.02
E. 40-99,Control,pre_level_booster,pre_level_booster_2,items,bundle_2_with_prelevel_boosters,purchase,purchase,28430.0,21.0,21.0,,,0.001,0.02
E. 40-99,Control,pre_level_booster,pre_level_booster_2,items,rolling_offer_tier1_p299_tier3,purchase,purchase,28430.0,21.0,21.0,,,0.001,0.02
E. 40-99,Control,pre_level_booster,pre_level_booster_2,items,rolling_offer_p3999,purchase,purchase,28430.0,3.0,21.0,,,0.001,0.02
E. 40-99,Control,pre_level_booster,pre_level_booster_2,items,ad_chest,ad_chest,ads,28430.0,18.0,18.0,,,0.001,0.02
E. 40-99,Control,pre_level_booster,pre_level_booster_2,items,rolling_offer_p799_VarA,purchase,purchase,28430.0,18.0,18.0,,,0.001,0.02
E. 40-99,Control,pre_level_booster,pre_level_booster_2,items,bundle_7_with_prelevel_boosters2,purchase,purchase,28430.0,9.0,15.0,,,0.001,0.01
E. 40-99,Control,pre_level_booster,pre_level_booster_2,items,rolling_offer_p349_tier3,purchase,purchase,28430.0,15.0,15.0,,,0.001,0.01
E. 40-99,Control,pre_level_booster,pre_level_booster_2,items,event_progress,reward_event,meta,28430.0,13.0,13.0,,,0.0,0.01
E. 40-99,Control,pre_level_booster,pre_level_booster_2,items,bundle_5_with_prelevel_boosters,purchase,purchase,28430.0,1.0,12.0,,,0.0,0.01
E. 40-99,Control,pre_level_booster,pre_level_booster_2,items,great_offer1_199,purchase,purchase,28430.0,12.0,12.0,,,0.0,0.01
E. 40-99,Control,pre_level_booster,pre_level_booster_2,items,rolling_offer_tier1_p1499_VarA,purchase,purchase,28430.0,11.0,11.0,,,0.0,0.01
E. 40-99,Control,pre_level_booster,pre_level_booster_2,items,bundle_1_with_prelevel_boosters,purchase,purchase,28430.0,11.0,11.0,,,0.0,0.01
E. 40-99,Control,pre_level_booster,pre_level_booster_2,items,rolling_offer_p1999_tier3,purchase,purchase,28430.0,1.0,7.0,,,0.0,0.01
E. 40-99,Control,pre_level_booster,pre_level_booster_2,items,bundle_3_with_prelevel_boosters,purchase,purchase,28430.0,3.0,6.0,,,0.0,0.01
E. 40-99,Control,pre_level_booster,pre_level_booster_2,items,rolling_offer_tier1_p2999_VARIANT_VarA,purchase,purchase,28430.0,3.0,6.0,,,0.0,0.01
E. 40-99,Control,pre_level_booster,pre_level_booster_2,items,bundle_4_with_prelevel_boosters_tier3,purchase,purchase,28430.0,1.0,5.0,,,0.0,0.0
E. 40-99,Control,pre_level_booster,pre_level_booster_2,items,rolling_offer_p1999_VarA,purchase,purchase,28430.0,5.0,5.0,,,0.0,0.0
E. 40-99,Control,pre_level_booster,pre_level_booster_2,items,dreamheist_event,reward_event,meta,28430.0,2.0,3.0,,,0.0,0.0
E. 40-99,Control,pre_level_booster,pre_level_booster_2,items,rolling_offer_tier1_p799_tier3,purchase,purchase,28430.0,3.0,3.0,,,0.0,0.0
E. 40-99,Control,pre_level_booster,pre_level_booster_2,items,treasure_dive_event,reward_event,meta,28430.0,1.0,2.0,,,0.0,0.0
E. 40-99,Control,pre_level_booster,pre_level_booster_2,items,saga_progression,reward_chest,core,28430.0,1.0,2.0,,,0.0,0.0
E. 40-99,Control,pre_level_booster,pre_level_booster_2,items,rolling_offer_tier1_p1499_VARIANT_tier3,purchase,purchase,28430.0,1.0,2.0,,,0.0,0.0
E. 40-99,Control,pre_level_booster,pre_level_booster_2,items,ArcheryArena,reward_event,meta,28430.0,1.0,1.0,,,0.0,0.0
E. 40-99,Control,pre_level_booster,pre_level_booster_2,items,rolling_offer_p999_tier3,purchase,purchase,28430.0,1.0,1.0,,,0.0,0.0
E. 40-99,Control,pre_level_booster,pre_level_booster_3,items,saga_progression,chapter_complete,core,28430.0,12154.0,12950.0,,,0.456,25.11
E. 40-99,Control,pre_level_booster,pre_level_booster_3,items,player_level_up,reward_chest,core,28430.0,8736.0,12896.0,,,0.454,25.01
E. 40-99,Control,pre_level_booster,pre_level_booster_3,items,offer_free_items,rolling_offer,meta,28430.0,6343.0,6493.0,,,0.228,12.59
E. 40-99,Control,pre_level_booster,pre_level_booster_3,items,FlockRush,event_reward,meta,28430.0,4209.0,4320.0,,,0.152,8.38
E. 40-99,Control,pre_level_booster,pre_level_booster_3,items,Hatchling Hideaway,event_reward,meta,28430.0,4128.0,4190.0,,,0.147,8.12
E. 40-99,Control,pre_level_booster,pre_level_booster_3,items,dream_pass_event,reward_event,meta,28430.0,2544.0,3129.0,,,0.11,6.07
E. 40-99,Control,pre_level_booster,pre_level_booster_3,items,team_versus_contribution,reward_event,meta,28430.0,1650.0,1662.0,,,0.058,3.22
E. 40-99,Control,pre_level_booster,pre_level_booster_3,items,ingame,purchase,purchase,28430.0,59.0,1179.0,,,0.041,2.29
E. 40-99,Control,pre_level_booster,pre_level_booster_3,items,race_event,reward_event,meta,28430.0,996.0,1010.0,,,0.036,1.96
E. 40-99,Control,pre_level_booster,pre_level_booster_3,items,Jigsaw,reward_event,meta,28430.0,977.0,985.0,,,0.035,1.91
E. 40-99,Control,pre_level_booster,pre_level_booster_3,items,river_rush,reward_event,meta,28430.0,854.0,966.0,,,0.034,1.87
E. 40-99,Control,pre_level_booster,pre_level_booster_3,items,reward_chest,reward_chest,other,28430.0,729.0,749.0,,,0.026,1.45
E. 40-99,Control,pre_level_booster,pre_level_booster_3,items,bundle_3_with_prelevel_boosters_tier3,purchase,purchase,28430.0,36.0,124.0,,,0.004,0.24
E. 40-99,Control,pre_level_booster,pre_level_booster_3,items,bundle_2_with_prelevel_boosters2,purchase,purchase,28430.0,41.0,106.0,,,0.004,0.21
E. 40-99,Control,pre_level_booster,pre_level_booster_3,items,bundle_3_with_prelevel_boosters2,purchase,purchase,28430.0,12.0,80.0,,,0.003,0.16
E. 40-99,Control,pre_level_booster,pre_level_booster_3,items,bundle_1_with_prelevel_boosters_tier3,purchase,purchase,28430.0,61.0,74.0,,,0.003,0.14
E. 40-99,Control,pre_level_booster,pre_level_booster_3,items,bundle_5_with_prelevel_boosters2,purchase,purchase,28430.0,4.0,72.0,,,0.003,0.14
E. 40-99,Control,pre_level_booster,pre_level_booster_3,items,bundle_4_with_prelevel_boosters2,purchase,purchase,28430.0,5.0,72.0,,,0.003,0.14
E. 40-99,Control,pre_level_booster,pre_level_booster_3,items,bundle_7_with_prelevel_boosters_tier3,purchase,purchase,28430.0,48.0,55.0,,,0.002,0.11
E. 40-99,Control,pre_level_booster,pre_level_booster_3,items,bundle_6_with_prelevel_boosters2,purchase,purchase,28430.0,2.0,50.0,,,0.002,0.1
E. 40-99,Control,pre_level_booster,pre_level_booster_3,items,rolling_offer_tier1_p199_tier3,purchase,purchase,28430.0,47.0,47.0,,,0.002,0.09
E. 40-99,Control,pre_level_booster,pre_level_booster_3,items,bundle_7_with_prelevel_boosters,purchase,purchase,28430.0,42.0,42.0,,,0.001,0.08
E. 40-99,Control,pre_level_booster,pre_level_booster_3,items,rolling_offer_tier1_p299,purchase,purchase,28430.0,42.0,42.0,,,0.001,0.08
E. 40-99,Control,pre_level_booster,pre_level_booster_3,items,kite_festival_event,reward_event,meta,28430.0,26.0,27.0,,,0.001,0.05
E. 40-99,Control,pre_level_booster,pre_level_booster_3,items,bundle_2_with_prelevel_boosters_tier3,purchase,purchase,28430.0,20.0,24.0,,,0.001,0.05
E. 40-99,Control,pre_level_booster,pre_level_booster_3,items,bundle_2_with_prelevel_boosters,purchase,purchase,28430.0,21.0,21.0,,,0.001,0.04
E. 40-99,Control,pre_level_booster,pre_level_booster_3,items,rolling_offer_p3999,purchase,purchase,28430.0,3.0,21.0,,,0.001,0.04
E. 40-99,Control,pre_level_booster,pre_level_booster_3,items,rolling_offer_tier1_p299_tier3,purchase,purchase,28430.0,21.0,21.0,,,0.001,0.04
E. 40-99,Control,pre_level_booster,pre_level_booster_3,items,rolling_offer_p799_VarA,purchase,purchase,28430.0,18.0,18.0,,,0.001,0.03
E. 40-99,Control,pre_level_booster,pre_level_booster_3,items,bundle_7_with_prelevel_boosters2,purchase,purchase,28430.0,9.0,15.0,,,0.001,0.03
E. 40-99,Control,pre_level_booster,pre_level_booster_3,items,rolling_offer_p349_tier3,purchase,purchase,28430.0,15.0,15.0,,,0.001,0.03
E. 40-99,Control,pre_level_booster,pre_level_booster_3,items,ad_chest,ad_chest,ads,28430.0,13.0,13.0,,,0.0,0.03
E. 40-99,Control,pre_level_booster,pre_level_booster_3,items,bundle_5_with_prelevel_boosters,purchase,purchase,28430.0,1.0,12.0,,,0.0,0.02
E. 40-99,Control,pre_level_booster,pre_level_booster_3,items,great_offer1_199,purchase,purchase,28430.0,12.0,12.0,,,0.0,0.02
E. 40-99,Control,pre_level_booster,pre_level_booster_3,items,bundle_1_with_prelevel_boosters,purchase,purchase,28430.0,11.0,11.0,,,0.0,0.02
E. 40-99,Control,pre_level_booster,pre_level_booster_3,items,rolling_offer_tier1_p1499_VarA,purchase,purchase,28430.0,11.0,11.0,,,0.0,0.02
E. 40-99,Control,pre_level_booster,pre_level_booster_3,items,special_event,reward_event,meta,28430.0,9.0,9.0,,,0.0,0.02
E. 40-99,Control,pre_level_booster,pre_level_booster_3,items,rolling_offer_p1999_tier3,purchase,purchase,28430.0,1.0,7.0,,,0.0,0.01
E. 40-99,Control,pre_level_booster,pre_level_booster_3,items,rolling_offer_tier1_p2999_VARIANT_VarA,purchase,purchase,28430.0,3.0,6.0,,,0.0,0.01
E. 40-99,Control,pre_level_booster,pre_level_booster_3,items,bundle_3_with_prelevel_boosters,purchase,purchase,28430.0,3.0,6.0,,,0.0,0.01
E. 40-99,Control,pre_level_booster,pre_level_booster_3,items,season_pass_event,reward_event,meta,28430.0,4.0,6.0,,,0.0,0.01
E. 40-99,Control,pre_level_booster,pre_level_booster_3,items,bomb_ballet_event,reward_event,meta,28430.0,5.0,5.0,,,0.0,0.01
E. 40-99,Control,pre_level_booster,pre_level_booster_3,items,rolling_offer_p1999_VarA,purchase,purchase,28430.0,5.0,5.0,,,0.0,0.01
E. 40-99,Control,pre_level_booster,pre_level_booster_3,items,bundle_4_with_prelevel_boosters_tier3,purchase,purchase,28430.0,1.0,5.0,,,0.0,0.01
E. 40-99,Control,pre_level_booster,pre_level_booster_3,items,rolling_offer_tier1_p799_tier3,purchase,purchase,28430.0,3.0,3.0,,,0.0,0.01
E. 40-99,Control,pre_level_booster,pre_level_booster_3,items,Photoshoot,reward_event,meta,28430.0,2.0,2.0,,,0.0,0.0
E. 40-99,Control,pre_level_booster,pre_level_booster_3,items,rolling_offer_tier1_p1499_VARIANT_tier3,purchase,purchase,28430.0,1.0,2.0,,,0.0,0.0
E. 40-99,Control,pre_level_booster,pre_level_booster_3,items,Rainbow Maker,reward_event,meta,28430.0,1.0,1.0,,,0.0,0.0
E. 40-99,Control,pre_level_booster,pre_level_booster_3,items,rolling_offer_p999_tier3,purchase,purchase,28430.0,1.0,1.0,,,0.0,0.0
E. 40-99,Control,pre_level_booster,pre_level_booster_3,items,dreamheist_event,reward_event,meta,28430.0,1.0,1.0,,,0.0,0.0
E. 40-99,Control,season_pass_multiplier_2x,SeasonPassMultiplier2x,minutes,river_rush,reward_event,meta,28430.0,632.0,11575.0,,,0.407,47.03
E. 40-99,Control,season_pass_multiplier_2x,SeasonPassMultiplier2x,minutes,great_offer1_199_tier3,purchase,purchase,28430.0,18.0,7200.0,,,0.253,29.26
E. 40-99,Control,season_pass_multiplier_2x,SeasonPassMultiplier2x,minutes,great_offer1_299,purchase,purchase,28430.0,15.0,5760.0,,,0.203,23.41
E. 40-99,Control,season_pass_multiplier_2x,SeasonPassMultiplier2x,minutes,gift,gift,other,28430.0,5.0,75.0,,,0.003,0.3
E. 40-99,Control,season_pass_tokens,SeasonPassToken,items,season_pass_event,event_reward,meta,28430.0,39.0,2800.0,,,0.098,91.86
E. 40-99,Control,season_pass_tokens,SeasonPassToken,items,season_pass_challenge_event,event_reward,meta,28430.0,4.0,248.0,,,0.009,8.14
E. 40-99,Control,ul_pre_booster,UnlimitedBooster1,minutes,Jigsaw,reward_event,meta,28430.0,5775.0,82485.0,,,2.901,24.77
E. 40-99,Control,ul_pre_booster,UnlimitedBooster1,minutes,dream_pass_event,reward_event,meta,28430.0,4913.0,77655.0,,,2.731,23.32
E. 40-99,Control,ul_pre_booster,UnlimitedBooster1,minutes,daily_reward,daily_reward,core,28430.0,898.0,54660.0,,,1.923,16.42
E. 40-99,Control,ul_pre_booster,UnlimitedBooster1,minutes,Hatchling Hideaway,event_reward,meta,28430.0,3461.0,35270.0,,,1.241,10.59
E. 40-99,Control,ul_pre_booster,UnlimitedBooster1,minutes,river_rush,reward_event,meta,28430.0,1283.0,34255.0,,,1.205,10.29
E. 40-99,Control,ul_pre_booster,UnlimitedBooster1,minutes,bomb_ballet_event,reward_event,meta,28430.0,2261.0,26010.0,,,0.915,7.81
E. 40-99,Control,ul_pre_booster,UnlimitedBooster1,minutes,great_offer1_199_tier3,purchase,purchase,28430.0,18.0,7200.0,,,0.253,2.16
E. 40-99,Control,ul_pre_booster,UnlimitedBooster1,minutes,great_offer1_299,purchase,purchase,28430.0,15.0,5760.0,,,0.203,1.73
E. 40-99,Control,ul_pre_booster,UnlimitedBooster1,minutes,Hard_Level_Offer1,purchase,purchase,28430.0,194.0,4560.0,,,0.16,1.37
E. 40-99,Control,ul_pre_booster,UnlimitedBooster1,minutes,Hard_level_offer1_tier3,purchase,purchase,28430.0,135.0,2780.0,,,0.098,0.83
E. 40-99,Control,ul_pre_booster,UnlimitedBooster1,minutes,season_pass_event,reward_event,meta,28430.0,91.0,1755.0,,,0.062,0.53
E. 40-99,Control,ul_pre_booster,UnlimitedBooster1,minutes,Photoshoot,reward_event,meta,28430.0,16.0,240.0,,,0.008,0.07
E. 40-99,Control,ul_pre_booster,UnlimitedBooster1,minutes,gift,gift,other,28430.0,5.0,150.0,,,0.005,0.05
E. 40-99,Control,ul_pre_booster,UnlimitedBooster1,minutes,event_progress,reward_event,meta,28430.0,7.0,150.0,,,0.005,0.05
E. 40-99,Control,ul_pre_booster,UnlimitedBooster1,minutes,SeasonPass,reward_event,meta,28430.0,1.0,30.0,,,0.001,0.01
E. 40-99,Control,ul_pre_booster,UnlimitedBooster1,minutes,reward_chest,reward_chest,other,28430.0,1.0,15.0,,,0.001,0.0
E. 40-99,Control,ul_pre_booster,UnlimitedBooster2,minutes,Jigsaw,reward_event,meta,28430.0,5360.0,70250.0,,,2.471,28.74
E. 40-99,Control,ul_pre_booster,UnlimitedBooster2,minutes,dream_pass_event,reward_event,meta,28430.0,3086.0,49900.0,,,1.755,20.42
E. 40-99,Control,ul_pre_booster,UnlimitedBooster2,minutes,Hatchling Hideaway,event_reward,meta,28430.0,2783.0,28820.0,,,1.014,11.79
E. 40-99,Control,ul_pre_booster,UnlimitedBooster2,minutes,daily_reward,daily_reward,core,28430.0,443.0,26940.0,,,0.948,11.02
E. 40-99,Control,ul_pre_booster,UnlimitedBooster2,minutes,river_rush,reward_event,meta,28430.0,1248.0,24190.0,,,0.851,9.9
E. 40-99,Control,ul_pre_booster,UnlimitedBooster2,minutes,bomb_ballet_event,reward_event,meta,28430.0,2051.0,21535.0,,,0.757,8.81
E. 40-99,Control,ul_pre_booster,UnlimitedBooster2,minutes,great_offer1_199_tier3,purchase,purchase,28430.0,18.0,7200.0,,,0.253,2.95
E. 40-99,Control,ul_pre_booster,UnlimitedBooster2,minutes,great_offer1_299,purchase,purchase,28430.0,15.0,5760.0,,,0.203,2.36
E. 40-99,Control,ul_pre_booster,UnlimitedBooster2,minutes,Hard_Level_Offer1,purchase,purchase,28430.0,194.0,4560.0,,,0.16,1.87
E. 40-99,Control,ul_pre_booster,UnlimitedBooster2,minutes,Hard_level_offer1_tier3,purchase,purchase,28430.0,135.0,2780.0,,,0.098,1.14
E. 40-99,Control,ul_pre_booster,UnlimitedBooster2,minutes,season_pass_event,reward_event,meta,28430.0,73.0,2015.0,,,0.071,0.82
E. 40-99,Control,ul_pre_booster,UnlimitedBooster2,minutes,gift,gift,other,28430.0,5.0,150.0,,,0.005,0.06
E. 40-99,Control,ul_pre_booster,UnlimitedBooster2,minutes,Photoshoot,reward_event,meta,28430.0,9.0,135.0,,,0.005,0.06
E. 40-99,Control,ul_pre_booster,UnlimitedBooster2,minutes,event_progress,reward_event,meta,28430.0,7.0,125.0,,,0.004,0.05
E. 40-99,Control,ul_pre_booster,UnlimitedBooster2,minutes,SeasonPass,reward_event,meta,28430.0,1.0,30.0,,,0.001,0.01
E. 40-99,Control,ul_pre_booster,UnlimitedBooster2,minutes,team_versus,reward_event,meta,28430.0,1.0,15.0,,,0.001,0.01
E. 40-99,Control,ul_pre_booster,UnlimitedBooster2,minutes,reward_chest,reward_chest,other,28430.0,1.0,15.0,,,0.001,0.01
E. 40-99,Control,ul_pre_booster,UnlimitedBooster3,minutes,Jigsaw,reward_event,meta,28430.0,3714.0,46505.0,,,1.636,46.61
E. 40-99,Control,ul_pre_booster,UnlimitedBooster3,minutes,daily_reward,daily_reward,core,28430.0,352.0,10770.0,,,0.379,10.79
E. 40-99,Control,ul_pre_booster,UnlimitedBooster3,minutes,bomb_ballet_event,reward_event,meta,28430.0,1008.0,10610.0,,,0.373,10.63
E. 40-99,Control,ul_pre_booster,UnlimitedBooster3,minutes,river_rush,reward_event,meta,28430.0,438.0,8285.0,,,0.291,8.3
E. 40-99,Control,ul_pre_booster,UnlimitedBooster3,minutes,great_offer1_199_tier3,purchase,purchase,28430.0,18.0,7200.0,,,0.253,7.22
E. 40-99,Control,ul_pre_booster,UnlimitedBooster3,minutes,great_offer1_299,purchase,purchase,28430.0,15.0,5760.0,,,0.203,5.77
E. 40-99,Control,ul_pre_booster,UnlimitedBooster3,minutes,Hard_Level_Offer1,purchase,purchase,28430.0,194.0,4560.0,,,0.16,4.57
E. 40-99,Control,ul_pre_booster,UnlimitedBooster3,minutes,Hard_level_offer1_tier3,purchase,purchase,28430.0,135.0,2780.0,,,0.098,2.79
E. 40-99,Control,ul_pre_booster,UnlimitedBooster3,minutes,dream_pass_event,reward_event,meta,28430.0,113.0,1980.0,,,0.07,1.98
E. 40-99,Control,ul_pre_booster,UnlimitedBooster3,minutes,season_pass_event,reward_event,meta,28430.0,8.0,870.0,,,0.031,0.87
E. 40-99,Control,ul_pre_booster,UnlimitedBooster3,minutes,event_progress,reward_event,meta,28430.0,10.0,180.0,,,0.006,0.18
E. 40-99,Control,ul_pre_booster,UnlimitedBooster3,minutes,gift,gift,other,28430.0,5.0,150.0,,,0.005,0.15
E. 40-99,Control,ul_pre_booster,UnlimitedBooster3,minutes,Photoshoot,reward_event,meta,28430.0,5.0,75.0,,,0.003,0.08
E. 40-99,Control,ul_pre_booster,UnlimitedBooster3,minutes,SeasonPass,reward_event,meta,28430.0,1.0,30.0,,,0.001,0.03
E. 40-99,Control,ul_pre_booster,UnlimitedBooster3,minutes,reward_chest,reward_chest,other,28430.0,1.0,15.0,,,0.001,0.02
E. 40-99,Control,unlimited_lives,UnlimitedLives,minutes,saga_progression,chapter_complete,core,28430.0,26129.0,2176875.0,,,76.57,34.98
E. 40-99,Control,unlimited_lives,UnlimitedLives,minutes,player_level_up,reward_chest,core,28430.0,17675.0,1152150.0,,,40.526,18.51
E. 40-99,Control,unlimited_lives,UnlimitedLives,minutes,FlockRush,event_reward,meta,28430.0,14309.0,866840.0,,,30.49,13.93
E. 40-99,Control,unlimited_lives,UnlimitedLives,minutes,Hatchling Hideaway,event_reward,meta,28430.0,6533.0,445920.0,,,15.685,7.17
E. 40-99,Control,unlimited_lives,UnlimitedLives,minutes,daily_reward,daily_reward,core,28430.0,9127.0,412095.0,,,14.495,6.62
E. 40-99,Control,unlimited_lives,UnlimitedLives,minutes,dream_pass_event,reward_event,meta,28430.0,5783.0,357645.0,,,12.58,5.75
E. 40-99,Control,unlimited_lives,UnlimitedLives,minutes,Jigsaw,reward_event,meta,28430.0,5661.0,348630.0,,,12.263,5.6
E. 40-99,Control,unlimited_lives,UnlimitedLives,minutes,kite_festival_event,reward_event,meta,28430.0,3934.0,131745.0,,,4.634,2.12
E. 40-99,Control,unlimited_lives,UnlimitedLives,minutes,bomb_ballet_event,reward_event,meta,28430.0,1772.0,78330.0,,,2.755,1.26
E. 40-99,Control,unlimited_lives,UnlimitedLives,minutes,ArcheryArena,reward_event,meta,28430.0,1510.0,46410.0,,,1.632,0.75
E. 40-99,Control,unlimited_lives,UnlimitedLives,minutes,offer_free_items,rolling_offer,meta,28430.0,592.0,42540.0,,,1.496,0.68
E. 40-99,Control,unlimited_lives,UnlimitedLives,minutes,ad_chest,ad_chest,ads,28430.0,2480.0,35435.0,,,1.246,0.57
E. 40-99,Control,unlimited_lives,UnlimitedLives,minutes,race_event,reward_event,meta,28430.0,616.0,31225.0,,,1.098,0.5
E. 40-99,Control,unlimited_lives,UnlimitedLives,minutes,reward_chest,reward_chest,other,28430.0,730.0,22405.0,,,0.788,0.36
E. 40-99,Control,unlimited_lives,UnlimitedLives,minutes,river_rush,reward_event,meta,28430.0,527.0,18270.0,,,0.643,0.29
E. 40-99,Control,unlimited_lives,UnlimitedLives,minutes,season_pass_event,reward_event,meta,28430.0,112.0,10025.0,,,0.353,0.16
E. 40-99,Control,unlimited_lives,UnlimitedLives,minutes,great_offer1_199_tier3,purchase,purchase,28430.0,18.0,7200.0,,,0.253,0.12
E. 40-99,Control,unlimited_lives,UnlimitedLives,minutes,great_offer1_299,purchase,purchase,28430.0,15.0,5760.0,,,0.203,0.09
E. 40-99,Control,unlimited_lives,UnlimitedLives,minutes,Hard_Level_Offer1,purchase,purchase,28430.0,194.0,4560.0,,,0.16,0.07
E. 40-99,Control,unlimited_lives,UnlimitedLives,minutes,bundle_4_with_prelevel_boosters2,purchase,purchase,28430.0,5.0,3240.0,,,0.114,0.05
E. 40-99,Control,unlimited_lives,UnlimitedLives,minutes,bundle_5_with_prelevel_boosters2,purchase,purchase,28430.0,4.0,2880.0,,,0.101,0.05
E. 40-99,Control,unlimited_lives,UnlimitedLives,minutes,Hard_level_offer1_tier3,purchase,purchase,28430.0,135.0,2780.0,,,0.098,0.04
E. 40-99,Control,unlimited_lives,UnlimitedLives,minutes,bundle_3_with_prelevel_boosters2,purchase,purchase,28430.0,12.0,2400.0,,,0.084,0.04
E. 40-99,Control,unlimited_lives,UnlimitedLives,minutes,bundle_6_with_prelevel_boosters2,purchase,purchase,28430.0,2.0,2160.0,,,0.076,0.03
E. 40-99,Control,unlimited_lives,UnlimitedLives,minutes,Photoshoot,reward_event,meta,28430.0,37.0,1920.0,,,0.068,0.03
E. 40-99,Control,unlimited_lives,UnlimitedLives,minutes,rolling_offer_tier1_p499_VarA,purchase,purchase,28430.0,36.0,1440.0,,,0.051,0.02
E. 40-99,Control,unlimited_lives,UnlimitedLives,minutes,event_progress,reward_event,meta,28430.0,21.0,1350.0,,,0.047,0.02
E. 40-99,Control,unlimited_lives,UnlimitedLives,minutes,rolling_offer_tier1_p1499_VarA,purchase,purchase,28430.0,11.0,1320.0,,,0.046,0.02
E. 40-99,Control,unlimited_lives,UnlimitedLives,minutes,rolling_offer_p799_VarA,purchase,purchase,28430.0,18.0,1080.0,,,0.038,0.02
E. 40-99,Control,unlimited_lives,UnlimitedLives,minutes,rolling_offer_p3999,purchase,purchase,28430.0,3.0,1080.0,,,0.038,0.02
E. 40-99,Control,unlimited_lives,UnlimitedLives,minutes,rolling_offer_p049_tier3,purchase,purchase,28430.0,21.0,945.0,,,0.033,0.02
E. 40-99,Control,unlimited_lives,UnlimitedLives,minutes,rolling_offer_p349_tier3,purchase,purchase,28430.0,15.0,900.0,,,0.032,0.01
E. 40-99,Control,unlimited_lives,UnlimitedLives,minutes,rolling_offer_tier1_p2999_VARIANT_VarA,purchase,purchase,28430.0,3.0,720.0,,,0.025,0.01
E. 40-99,Control,unlimited_lives,UnlimitedLives,minutes,bundle_5_with_prelevel_boosters,purchase,purchase,28430.0,1.0,720.0,,,0.025,0.01
E. 40-99,Control,unlimited_lives,UnlimitedLives,minutes,rolling_offer_p099_VarA,purchase,purchase,28430.0,16.0,720.0,,,0.025,0.01
E. 40-99,Control,unlimited_lives,UnlimitedLives,minutes,rolling_offer_tier1_p299_tier3,purchase,purchase,28430.0,21.0,630.0,,,0.022,0.01
E. 40-99,Control,unlimited_lives,UnlimitedLives,minutes,rolling_offer_p1999_VarA,purchase,purchase,28430.0,5.0,600.0,,,0.021,0.01
E. 40-99,Control,unlimited_lives,UnlimitedLives,minutes,league_rank_up,league_reward,meta,28430.0,9.0,454.0,,,0.016,0.01
E. 40-99,Control,unlimited_lives,UnlimitedLives,minutes,rolling_offer_tier1_p799_tier3,purchase,purchase,28430.0,3.0,360.0,,,0.013,0.01
E. 40-99,Control,unlimited_lives,UnlimitedLives,minutes,rolling_offer_p1999_tier3,purchase,purchase,28430.0,1.0,360.0,,,0.013,0.01
E. 40-99,Control,unlimited_lives,UnlimitedLives,minutes,bundle_4_with_prelevel_boosters_tier3,purchase,purchase,28430.0,1.0,360.0,,,0.013,0.01
E. 40-99,Control,unlimited_lives,UnlimitedLives,minutes,rolling_offer_tier1_p1499_VARIANT_tier3,purchase,purchase,28430.0,1.0,240.0,,,0.008,0.0
E. 40-99,Control,unlimited_lives,UnlimitedLives,minutes,gift,gift,other,28430.0,7.0,240.0,,,0.008,0.0
E. 40-99,Control,unlimited_lives,UnlimitedLives,minutes,rolling_offer_p999_tier3,purchase,purchase,28430.0,1.0,120.0,,,0.004,0.0
E. 40-99,Control,unlimited_lives,UnlimitedLives,minutes,dreamheist_event,reward_event,meta,28430.0,2.0,70.0,,,0.002,0.0
E. 40-99,Control,unlimited_lives,UnlimitedLives,minutes,special_event,reward_event,meta,28430.0,1.0,50.0,,,0.002,0.0
E. 40-99,Control,unlimited_lives,UnlimitedLives,minutes,wager_event,reward_event,meta,28430.0,1.0,50.0,,,0.002,0.0
E. 40-99,Control,unlimited_lives,UnlimitedLives,minutes,saga_progression,reward_chest,core,28430.0,1.0,45.0,,,0.002,0.0
E. 40-99,Control,unlimited_lives,UnlimitedLives,minutes,treasure_dive_event,reward_event,meta,28430.0,1.0,30.0,,,0.001,0.0
E. 40-99,Variant,Avatar,Avatar,items,saga_progression,chapter_complete,core,27166.0,11667.0,22366.0,,,0.823,99.96
E. 40-99,Variant,Avatar,Avatar,items,season_pass_event,reward_event,meta,27166.0,8.0,9.0,,,0.0,0.04
E. 40-99,Variant,currency,HardCoin,coins,player_level_up,reward_chest,core,27166.0,21462.0,1952415.0,1952415.0,0.0,71.87,25.55
E. 40-99,Variant,currency,HardCoin,coins,dreamheist_event,reward_event,meta,27166.0,11951.0,1309905.0,1309905.0,0.0,48.219,17.15
E. 40-99,Variant,currency,HardCoin,coins,saga_progression,chapter_complete,core,27166.0,24238.0,843100.0,843100.0,0.0,31.035,11.04
E. 40-99,Variant,currency,HardCoin,coins,chuck_event,reward_event,meta,27166.0,2941.0,386400.0,386400.0,0.0,14.224,5.06
E. 40-99,Variant,currency,HardCoin,coins,ArcheryArena,reward_event,meta,27166.0,5392.0,346300.0,346300.0,0.0,12.748,4.53
E. 40-99,Variant,currency,HardCoin,coins,daily_reward,daily_reward,core,27166.0,13971.0,343410.0,343410.0,0.0,12.641,4.49
E. 40-99,Variant,currency,HardCoin,coins,Rainbow Maker,reward_event,meta,27166.0,10223.0,291449.0,291449.0,0.0,10.728,3.81
E. 40-99,Variant,currency,HardCoin,coins,dream_pass_event,reward_event,meta,27166.0,7107.0,229045.0,229045.0,0.0,8.431,3.0
E. 40-99,Variant,currency,HardCoin,coins,team_versus,reward_event,meta,27166.0,2021.0,202945.0,202945.0,0.0,7.471,2.66
E. 40-99,Variant,currency,HardCoin,coins,race_event,reward_event,meta,27166.0,6015.0,193715.0,193715.0,0.0,7.131,2.54
E. 40-99,Variant,currency,HardCoin,coins,team_collection,reward_event,meta,27166.0,1630.0,185850.0,185850.0,0.0,6.841,2.43
E. 40-99,Variant,currency,HardCoin,coins,Hatchling Hideaway,event_reward,meta,27166.0,6874.0,168145.0,168145.0,0.0,6.19,2.2
E. 40-99,Variant,currency,HardCoin,coins,Jigsaw,reward_event,meta,27166.0,4130.0,138925.0,138925.0,0.0,5.114,1.82
E. 40-99,Variant,currency,HardCoin,coins,kite_festival_event,reward_event,meta,27166.0,886.0,125675.0,125675.0,0.0,4.626,1.64
E. 40-99,Variant,currency,HardCoin,coins,team_versus_contribution,reward_event,meta,27166.0,2339.0,124210.0,124210.0,0.0,4.572,1.63
E. 40-99,Variant,currency,HardCoin,coins,ad_chest,ad_chest,ads,27166.0,4326.0,98005.0,98005.0,0.0,3.608,1.28
E. 40-99,Variant,currency,HardCoin,coins,xs_coins_tier3,purchase,purchase,27166.0,213.0,82200.0,0.0,82200.0,3.026,1.08
E. 40-99,Variant,currency,HardCoin,coins,reward_chest,reward_chest,other,27166.0,688.0,70535.0,70535.0,0.0,2.596,0.92
E. 40-99,Variant,currency,HardCoin,coins,bundle_3_with_prelevel_boosters_tier3,purchase,purchase,27166.0,39.0,55000.0,0.0,55000.0,2.025,0.72
E. 40-99,Variant,currency,HardCoin,coins,bomb_ballet_event,reward_event,meta,27166.0,1513.0,46825.0,46825.0,0.0,1.724,0.61
E. 40-99,Variant,currency,HardCoin,coins,dream_peak,reward_event,core,27166.0,119.0,43800.0,43800.0,0.0,1.612,0.57
E. 40-99,Variant,currency,HardCoin,coins,facebook_like,facebook_like,other,27166.0,377.0,42400.0,42400.0,0.0,1.561,0.55
E. 40-99,Variant,currency,HardCoin,coins,xs_coins2,purchase,purchase,27166.0,158.0,42400.0,0.0,42400.0,1.561,0.55
E. 40-99,Variant,currency,HardCoin,coins,bundle_2_with_prelevel_boosters2,purchase,purchase,27166.0,37.0,26000.0,0.0,26000.0,0.957,0.34
E. 40-99,Variant,currency,HardCoin,coins,special_offer1,purchase,purchase,27166.0,52.0,15900.0,0.0,15900.0,0.585,0.21
E. 40-99,Variant,currency,HardCoin,coins,s_coins_tier3,purchase,purchase,27166.0,21.0,15500.0,0.0,15500.0,0.571,0.2
E. 40-99,Variant,currency,HardCoin,coins,bundle_1_with_prelevel_boosters_tier3,purchase,purchase,27166.0,55.0,15400.0,0.0,15400.0,0.567,0.2
E. 40-99,Variant,currency,HardCoin,coins,Hard_Level_Offer1,purchase,purchase,27166.0,150.0,15200.0,0.0,15200.0,0.56,0.2
E. 40-99,Variant,currency,HardCoin,coins,red_event,reward_event,meta,27166.0,122.0,14950.0,14950.0,0.0,0.55,0.2
E. 40-99,Variant,currency,HardCoin,coins,special_offer1_tier3,purchase,purchase,27166.0,48.0,14400.0,0.0,14400.0,0.53,0.19
E. 40-99,Variant,currency,HardCoin,coins,Hard_level_offer1_tier3,purchase,purchase,27166.0,140.0,14200.0,0.0,14200.0,0.523,0.19
E. 40-99,Variant,currency,HardCoin,coins,bundle_2_with_prelevel_boosters_tier3,purchase,purchase,27166.0,19.0,11000.0,0.0,11000.0,0.405,0.14
E. 40-99,Variant,currency,HardCoin,coins,s_coins2,purchase,purchase,27166.0,10.0,10500.0,0.0,10500.0,0.387,0.14
E. 40-99,Variant,currency,HardCoin,coins,bundle_3_with_prelevel_boosters,purchase,purchase,27166.0,7.0,10000.0,0.0,10000.0,0.368,0.13
E. 40-99,Variant,currency,HardCoin,coins,heart_gift,heart_gift,other,27166.0,3688.0,9699.0,9699.0,0.0,0.357,0.13
E. 40-99,Variant,currency,HardCoin,coins,bundle_6_with_prelevel_boosters_tier3,purchase,purchase,27166.0,1.0,8000.0,0.0,8000.0,0.294,0.1
E. 40-99,Variant,currency,HardCoin,coins,bundle_3_with_prelevel_boosters2,purchase,purchase,27166.0,7.0,8000.0,0.0,8000.0,0.294,0.1
E. 40-99,Variant,currency,HardCoin,coins,bundle_7_with_prelevel_boosters2,purchase,purchase,27166.0,18.0,7200.0,0.0,7200.0,0.265,0.09
E. 40-99,Variant,currency,HardCoin,coins,rolling_offer_tier1_p299_tier3,purchase,purchase,27166.0,18.0,7200.0,0.0,7200.0,0.265,0.09
E. 40-99,Variant,currency,HardCoin,coins,rolling_offer_tier1_p199_tier3,purchase,purchase,27166.0,33.0,6600.0,0.0,6600.0,0.243,0.09
E. 40-99,Variant,currency,HardCoin,coins,offer_free_items,rolling_offer,meta,27166.0,51.0,6570.0,6570.0,0.0,0.242,0.09
E. 40-99,Variant,currency,HardCoin,coins,bundle_2_with_prelevel_boosters,purchase,purchase,27166.0,13.0,6500.0,0.0,6500.0,0.239,0.09
E. 40-99,Variant,currency,HardCoin,coins,bundle_6_with_prelevel_boosters2,purchase,purchase,27166.0,1.0,6500.0,0.0,6500.0,0.239,0.09
E. 40-99,Variant,currency,HardCoin,coins,bundle_7_with_prelevel_boosters,purchase,purchase,27166.0,38.0,5700.0,0.0,5700.0,0.21,0.07
E. 40-99,Variant,currency,HardCoin,coins,rolling_offer_tier1_p299,purchase,purchase,27166.0,25.0,5000.0,0.0,5000.0,0.184,0.07
E. 40-99,Variant,currency,HardCoin,coins,bundle_7_with_prelevel_boosters_tier3,purchase,purchase,27166.0,31.0,4950.0,0.0,4950.0,0.182,0.06
E. 40-99,Variant,currency,HardCoin,coins,bundle_5_with_prelevel_boosters_tier3,purchase,purchase,27166.0,1.0,4000.0,0.0,4000.0,0.147,0.05
E. 40-99,Variant,currency,HardCoin,coins,rolling_offer_tier1_p1499_VarA,purchase,purchase,27166.0,4.0,4000.0,0.0,4000.0,0.147,0.05
E. 40-99,Variant,currency,HardCoin,coins,rolling_offer_p349_tier3,purchase,purchase,27166.0,7.0,3850.0,0.0,3850.0,0.142,0.05
E. 40-99,Variant,currency,HardCoin,coins,single_collection,reward_event,meta,27166.0,35.0,3850.0,3850.0,0.0,0.142,0.05
E. 40-99,Variant,currency,HardCoin,coins,rolling_offer_tier1_p799_tier3,purchase,purchase,27166.0,3.0,3300.0,0.0,3300.0,0.121,0.04
E. 40-99,Variant,currency,HardCoin,coins,bundle_1_with_prelevel_boosters,purchase,purchase,27166.0,15.0,3000.0,0.0,3000.0,0.11,0.04
E. 40-99,Variant,currency,HardCoin,coins,special_offer11_tier3,purchase,purchase,27166.0,3.0,3000.0,0.0,3000.0,0.11,0.04
E. 40-99,Variant,currency,HardCoin,coins,rolling_offer_p799_VarA,purchase,purchase,27166.0,6.0,3000.0,0.0,3000.0,0.11,0.04
E. 40-99,Variant,currency,HardCoin,coins,rolling_offer_p049_tier3,purchase,purchase,27166.0,20.0,3000.0,0.0,3000.0,0.11,0.04
E. 40-99,Variant,currency,HardCoin,coins,great_offer1_199_tier3,purchase,purchase,27166.0,26.0,2600.0,0.0,2600.0,0.096,0.03
E. 40-99,Variant,currency,HardCoin,coins,bomb_event,reward_event,meta,27166.0,19.0,2550.0,2550.0,0.0,0.094,0.03
E. 40-99,Variant,currency,HardCoin,coins,bundle_4_with_prelevel_boosters2,purchase,purchase,27166.0,1.0,2500.0,0.0,2500.0,0.092,0.03
E. 40-99,Variant,currency,HardCoin,coins,special_offer8_tier3,purchase,purchase,27166.0,6.0,2400.0,0.0,2400.0,0.088,0.03
E. 40-99,Variant,currency,HardCoin,coins,rolling_offer_tier1_p499_VarA,purchase,purchase,27166.0,8.0,2400.0,0.0,2400.0,0.088,0.03
E. 40-99,Variant,currency,HardCoin,coins,season_pass_event,reward_event,meta,27166.0,88.0,2395.0,2340.0,55.0,0.088,0.03
E. 40-99,Variant,currency,HardCoin,coins,special_offer8,purchase,purchase,27166.0,9.0,2250.0,0.0,2250.0,0.083,0.03
E. 40-99,Variant,currency,HardCoin,coins,special_offer10_tier3,purchase,purchase,27166.0,4.0,2000.0,0.0,2000.0,0.074,0.03
E. 40-99,Variant,currency,HardCoin,coins,m_coins_tier3,purchase,purchase,27166.0,2.0,2000.0,0.0,2000.0,0.074,0.03
E. 40-99,Variant,currency,HardCoin,coins,bundle_4_with_prelevel_boosters_tier3,purchase,purchase,27166.0,1.0,2000.0,0.0,2000.0,0.074,0.03
E. 40-99,Variant,currency,HardCoin,coins,special_offer10,purchase,purchase,27166.0,6.0,1800.0,0.0,1800.0,0.066,0.02
E. 40-99,Variant,currency,HardCoin,coins,special_offer9_tier3,purchase,purchase,27166.0,6.0,1800.0,0.0,1800.0,0.066,0.02
E. 40-99,Variant,currency,HardCoin,coins,rolling_offer_p099_VarA,purchase,purchase,27166.0,9.0,1800.0,0.0,1800.0,0.066,0.02
E. 40-99,Variant,currency,HardCoin,coins,special_offer9,purchase,purchase,27166.0,7.0,1750.0,0.0,1750.0,0.064,0.02
E. 40-99,Variant,currency,HardCoin,coins,special_offer3_tier3,purchase,purchase,27166.0,2.0,1600.0,0.0,1600.0,0.059,0.02
E. 40-99,Variant,currency,HardCoin,coins,rolling_offer_p1999_VarA,purchase,purchase,27166.0,1.0,1500.0,0.0,1500.0,0.055,0.02
E. 40-99,Variant,currency,HardCoin,coins,special_offer4_tier3,purchase,purchase,27166.0,1.0,1500.0,0.0,1500.0,0.055,0.02
E. 40-99,Variant,currency,HardCoin,coins,river_rush,reward_event,meta,27166.0,12.0,1105.0,1105.0,0.0,0.041,0.01
E. 40-99,Variant,currency,HardCoin,coins,great_offer1_299,purchase,purchase,27166.0,11.0,1100.0,0.0,1100.0,0.04,0.01
E. 40-99,Variant,currency,HardCoin,coins,special_offer3,purchase,purchase,27166.0,2.0,1000.0,0.0,1000.0,0.037,0.01
E. 40-99,Variant,currency,HardCoin,coins,great_offer1_199,purchase,purchase,27166.0,6.0,900.0,0.0,900.0,0.033,0.01
E. 40-99,Variant,currency,HardCoin,coins,reds_club,reds_club,other,27166.0,4.0,600.0,600.0,0.0,0.022,0.01
E. 40-99,Variant,currency,HardCoin,coins,gift,gift,other,27166.0,3.0,600.0,600.0,0.0,0.022,0.01
E. 40-99,Variant,currency,HardCoin,coins,wager_event,reward_event,meta,27166.0,3.0,550.0,550.0,0.0,0.02,0.01
E. 40-99,Variant,currency,HardCoin,coins,xs_coins,purchase,purchase,27166.0,2.0,450.0,0.0,450.0,0.017,0.01
E. 40-99,Variant,currency,HardCoin,coins,league_rank_up,league_reward,meta,27166.0,2.0,160.0,160.0,0.0,0.006,0.0
E. 40-99,Variant,currency,HardCoin,coins,Photoshoot,reward_event,meta,27166.0,4.0,100.0,100.0,0.0,0.004,0.0
E. 40-99,Variant,currency,HardCoin,coins,shop_purchase,reward_event,meta,27166.0,1.0,70.0,70.0,0.0,0.003,0.0
E. 40-99,Variant,dream_pass_tokens,DreamPassToken,items,Rainbow Maker,reward_event,meta,27166.0,10771.0,1613577.0,,,59.397,62.34
E. 40-99,Variant,dream_pass_tokens,DreamPassToken,items,race_event,reward_event,meta,27166.0,8252.0,428340.0,,,15.768,16.55
E. 40-99,Variant,dream_pass_tokens,DreamPassToken,items,kite_festival_event,reward_event,meta,27166.0,2564.0,250615.0,,,9.225,9.68
E. 40-99,Variant,dream_pass_tokens,DreamPassToken,items,offer_free_items,rolling_offer,meta,27166.0,5609.0,249020.0,,,9.167,9.62
E. 40-99,Variant,dream_pass_tokens,DreamPassToken,items,FlockRush,event_reward,meta,27166.0,2224.0,45600.0,,,1.679,1.76
E. 40-99,Variant,dream_pass_tokens,DreamPassToken,items,wager_event,reward_event,meta,27166.0,5.0,1050.0,,,0.039,0.04
E. 40-99,Variant,dream_pass_tokens,DreamPassToken,items,river_rush,reward_event,meta,27166.0,8.0,260.0,,,0.01,0.01
E. 40-99,Variant,dream_pass_tokens,DreamPassToken,items,special_event,reward_event,meta,27166.0,1.0,50.0,,,0.002,0.0
E. 40-99,Variant,life,life,items,ask_for_lives,ask_for_lives,other,27166.0,1659.0,7142.0,,,0.263,77.92
E. 40-99,Variant,life,life,items,ad_life,ad_life,ads,27166.0,1412.0,2024.0,,,0.075,22.08
E. 40-99,Variant,life,liferefill,items,coin_purchase,coin_purchase,other,27166.0,1372.0,11090.0,,,0.408,100.0
E. 40-99,Variant,orb,Movie_Magic,items,dream_pass_event,reward_event,meta,27166.0,3.0,4.0,,,0.0,100.0
E. 40-99,Variant,orb,Ocean_rescue,items,dream_pass_event,reward_event,meta,27166.0,2.0,2.0,,,0.0,100.0
E. 40-99,Variant,orb,Reds_Greatest_Challenge,items,dream_pass_event,reward_event,meta,27166.0,1160.0,1161.0,,,0.043,100.0
E. 40-99,Variant,powerup,powerup_1,items,player_level_up,reward_chest,core,27166.0,6364.0,6448.0,,,0.237,20.35
E. 40-99,Variant,powerup,powerup_1,items,Rainbow Maker,reward_event,meta,27166.0,5217.0,5818.0,,,0.214,18.36
E. 40-99,Variant,powerup,powerup_1,items,Hatchling Hideaway,event_reward,meta,27166.0,3852.0,3947.0,,,0.145,12.46
E. 40-99,Variant,powerup,powerup_1,items,team_versus,reward_event,meta,27166.0,2682.0,2697.0,,,0.099,8.51
E. 40-99,Variant,powerup,powerup_1,items,race_event,reward_event,meta,27166.0,2420.0,2482.0,,,0.091,7.83
E. 40-99,Variant,powerup,powerup_1,items,ArcheryArena,reward_event,meta,27166.0,2057.0,2120.0,,,0.078,6.69
E. 40-99,Variant,powerup,powerup_1,items,team_versus_contribution,reward_event,meta,27166.0,1483.0,1489.0,,,0.055,4.7
E. 40-99,Variant,powerup,powerup_1,items,chuck_event,reward_event,meta,27166.0,1172.0,1214.0,,,0.045,3.83
E. 40-99,Variant,powerup,powerup_1,items,dreamheist_event,reward_event,meta,27166.0,888.0,932.0,,,0.034,2.94
E. 40-99,Variant,powerup,powerup_1,items,ad_chest,ad_chest,ads,27166.0,843.0,926.0,,,0.034,2.92
E. 40-99,Variant,powerup,powerup_1,items,reward_chest,reward_chest,other,27166.0,688.0,702.0,,,0.026,2.22
E. 40-99,Variant,powerup,powerup_1,items,team_collection,reward_event,meta,27166.0,573.0,653.0,,,0.024,2.06
E. 40-99,Variant,powerup,powerup_1,items,Jigsaw,reward_event,meta,27166.0,412.0,416.0,,,0.015,1.31
E. 40-99,Variant,powerup,powerup_1,items,daily_reward,daily_reward,core,27166.0,263.0,271.0,,,0.01,0.86
E. 40-99,Variant,powerup,powerup_1,items,dream_pass_event,reward_event,meta,27166.0,116.0,195.0,,,0.007,0.62
E. 40-99,Variant,powerup,powerup_1,items,kite_festival_event,reward_event,meta,27166.0,163.0,165.0,,,0.006,0.52
E. 40-99,Variant,powerup,powerup_1,items,bomb_ballet_event,reward_event,meta,27166.0,130.0,131.0,,,0.005,0.41
E. 40-99,Variant,powerup,powerup_1,items,bundle_3_with_prelevel_boosters_tier3,purchase,purchase,27166.0,39.0,110.0,,,0.004,0.35
E. 40-99,Variant,powerup,powerup_1,items,bundle_2_with_prelevel_boosters2,purchase,purchase,27166.0,37.0,104.0,,,0.004,0.33
E. 40-99,Variant,powerup,powerup_1,items,ingame,purchase,purchase,27166.0,29.0,99.0,,,0.004,0.31
E. 40-99,Variant,powerup,powerup_1,items,bundle_1_with_prelevel_boosters_tier3,purchase,purchase,27166.0,55.0,77.0,,,0.003,0.24
E. 40-99,Variant,powerup,powerup_1,items,saga_progression,chapter_complete,core,27166.0,56.0,57.0,,,0.002,0.18
E. 40-99,Variant,powerup,powerup_1,items,dream_peak,reward_event,core,27166.0,39.0,51.0,,,0.002,0.16
E. 40-99,Variant,powerup,powerup_1,items,red_event,reward_event,meta,27166.0,42.0,42.0,,,0.002,0.13
E. 40-99,Variant,powerup,powerup_1,items,bundle_7_with_prelevel_boosters,purchase,purchase,27166.0,38.0,38.0,,,0.001,0.12
E. 40-99,Variant,powerup,powerup_1,items,offer_free_items,rolling_offer,meta,27166.0,33.0,36.0,,,0.001,0.11
E. 40-99,Variant,powerup,powerup_1,items,bundle_7_with_prelevel_boosters_tier3,purchase,purchase,27166.0,31.0,33.0,,,0.001,0.1
E. 40-99,Variant,powerup,powerup_1,items,rolling_offer_tier1_p199_tier3,purchase,purchase,27166.0,33.0,33.0,,,0.001,0.1
E. 40-99,Variant,powerup,powerup_1,items,bundle_3_with_prelevel_boosters2,purchase,purchase,27166.0,7.0,32.0,,,0.001,0.1
E. 40-99,Variant,powerup,powerup_1,items,bundle_6_with_prelevel_boosters2,purchase,purchase,27166.0,1.0,25.0,,,0.001,0.08
E. 40-99,Variant,powerup,powerup_1,items,bundle_6_with_prelevel_boosters_tier3,purchase,purchase,27166.0,1.0,25.0,,,0.001,0.08
E. 40-99,Variant,powerup,powerup_1,items,rolling_offer_tier1_p299,purchase,purchase,27166.0,25.0,25.0,,,0.001,0.08
E. 40-99,Variant,powerup,powerup_1,items,bundle_7_with_prelevel_boosters2,purchase,purchase,27166.0,18.0,24.0,,,0.001,0.08
E. 40-99,Variant,powerup,powerup_1,items,bundle_2_with_prelevel_boosters_tier3,purchase,purchase,27166.0,19.0,22.0,,,0.001,0.07
E. 40-99,Variant,powerup,powerup_1,items,bundle_3_with_prelevel_boosters,purchase,purchase,27166.0,7.0,20.0,,,0.001,0.06
E. 40-99,Variant,powerup,powerup_1,items,rolling_offer_p049_tier3,purchase,purchase,27166.0,20.0,20.0,,,0.001,0.06
E. 40-99,Variant,powerup,powerup_1,items,rolling_offer_tier1_p299_tier3,purchase,purchase,27166.0,18.0,18.0,,,0.001,0.06
E. 40-99,Variant,powerup,powerup_1,items,bundle_1_with_prelevel_boosters,purchase,purchase,27166.0,15.0,15.0,,,0.001,0.05
E. 40-99,Variant,powerup,powerup_1,items,bundle_2_with_prelevel_boosters,purchase,purchase,27166.0,13.0,13.0,,,0.0,0.04
E. 40-99,Variant,powerup,powerup_1,items,bundle_5_with_prelevel_boosters_tier3,purchase,purchase,27166.0,1.0,12.0,,,0.0,0.04
E. 40-99,Variant,powerup,powerup_1,items,river_rush,reward_event,meta,27166.0,10.0,10.0,,,0.0,0.03
E. 40-99,Variant,powerup,powerup_1,items,special_offer11_tier3,purchase,purchase,27166.0,3.0,9.0,,,0.0,0.03
E. 40-99,Variant,powerup,powerup_1,items,special_offer8,purchase,purchase,27166.0,9.0,9.0,,,0.0,0.03
E. 40-99,Variant,powerup,powerup_1,items,rolling_offer_p099_VarA,purchase,purchase,27166.0,9.0,9.0,,,0.0,0.03
E. 40-99,Variant,powerup,powerup_1,items,rolling_offer_tier1_p499_VarA,purchase,purchase,27166.0,8.0,8.0,,,0.0,0.03
E. 40-99,Variant,powerup,powerup_1,items,bundle_4_with_prelevel_boosters2,purchase,purchase,27166.0,1.0,8.0,,,0.0,0.03
E. 40-99,Variant,powerup,powerup_1,items,single_collection,reward_event,meta,27166.0,8.0,8.0,,,0.0,0.03
E. 40-99,Variant,powerup,powerup_1,items,bomb_event,reward_event,meta,27166.0,7.0,7.0,,,0.0,0.02
E. 40-99,Variant,powerup,powerup_1,items,rolling_offer_p349_tier3,purchase,purchase,27166.0,7.0,7.0,,,0.0,0.02
E. 40-99,Variant,powerup,powerup_1,items,special_offer9,purchase,purchase,27166.0,7.0,7.0,,,0.0,0.02
E. 40-99,Variant,powerup,powerup_1,items,special_offer8_tier3,purchase,purchase,27166.0,6.0,6.0,,,0.0,0.02
E. 40-99,Variant,powerup,powerup_1,items,special_offer3_tier3,purchase,purchase,27166.0,2.0,6.0,,,0.0,0.02
E. 40-99,Variant,powerup,powerup_1,items,special_offer9_tier3,purchase,purchase,27166.0,6.0,6.0,,,0.0,0.02
E. 40-99,Variant,powerup,powerup_1,items,special_offer10,purchase,purchase,27166.0,6.0,6.0,,,0.0,0.02
E. 40-99,Variant,powerup,powerup_1,items,rolling_offer_p799_VarA,purchase,purchase,27166.0,6.0,6.0,,,0.0,0.02
E. 40-99,Variant,powerup,powerup_1,items,special_offer3,purchase,purchase,27166.0,2.0,6.0,,,0.0,0.02
E. 40-99,Variant,powerup,powerup_1,items,bundle_4_with_prelevel_boosters_tier3,purchase,purchase,27166.0,1.0,5.0,,,0.0,0.02
E. 40-99,Variant,powerup,powerup_1,items,rolling_offer_tier1_p1499_VarA,purchase,purchase,27166.0,4.0,4.0,,,0.0,0.01
E. 40-99,Variant,powerup,powerup_1,items,special_offer10_tier3,purchase,purchase,27166.0,4.0,4.0,,,0.0,0.01
E. 40-99,Variant,powerup,powerup_1,items,special_offer4_tier3,purchase,purchase,27166.0,1.0,3.0,,,0.0,0.01
E. 40-99,Variant,powerup,powerup_1,items,rolling_offer_tier1_p799_tier3,purchase,purchase,27166.0,3.0,3.0,,,0.0,0.01
E. 40-99,Variant,powerup,powerup_1,items,gift,gift,other,27166.0,2.0,2.0,,,0.0,0.01
E. 40-99,Variant,powerup,powerup_1,items,rolling_offer_p1999_VarA,purchase,purchase,27166.0,1.0,2.0,,,0.0,0.01
E. 40-99,Variant,powerup,powerup_1,items,wager_event,reward_event,meta,27166.0,1.0,1.0,,,0.0,0.0
E. 40-99,Variant,powerup,powerup_1,items,season_pass_event,reward_event,meta,27166.0,1.0,1.0,,,0.0,0.0
E. 40-99,Variant,powerup,powerup_2,items,Rainbow Maker,reward_event,meta,27166.0,8597.0,18715.0,,,0.689,23.07
E. 40-99,Variant,powerup,powerup_2,items,player_level_up,reward_chest,core,27166.0,12228.0,16746.0,,,0.616,20.65
E. 40-99,Variant,powerup,powerup_2,items,saga_progression,chapter_complete,core,27166.0,14669.0,15595.0,,,0.574,19.23
E. 40-99,Variant,powerup,powerup_2,items,dreamheist_event,reward_event,meta,27166.0,4479.0,4729.0,,,0.174,5.83
E. 40-99,Variant,powerup,powerup_2,items,daily_reward,daily_reward,core,27166.0,4512.0,4599.0,,,0.169,5.67
E. 40-99,Variant,powerup,powerup_2,items,FlockRush,event_reward,meta,27166.0,2433.0,2513.0,,,0.093,3.1
E. 40-99,Variant,powerup,powerup_2,items,Hatchling Hideaway,event_reward,meta,27166.0,2294.0,2378.0,,,0.088,2.93
E. 40-99,Variant,powerup,powerup_2,items,ArcheryArena,reward_event,meta,27166.0,2266.0,2326.0,,,0.086,2.87
E. 40-99,Variant,powerup,powerup_2,items,ad_chest,ad_chest,ads,27166.0,1738.0,2063.0,,,0.076,2.54
E. 40-99,Variant,powerup,powerup_2,items,team_collection,reward_event,meta,27166.0,1181.0,1921.0,,,0.071,2.37
E. 40-99,Variant,powerup,powerup_2,items,race_event,reward_event,meta,27166.0,1358.0,1377.0,,,0.051,1.7
E. 40-99,Variant,powerup,powerup_2,items,dream_pass_event,reward_event,meta,27166.0,1126.0,1333.0,,,0.049,1.64
E. 40-99,Variant,powerup,powerup_2,items,chuck_event,reward_event,meta,27166.0,1040.0,1074.0,,,0.04,1.32
E. 40-99,Variant,powerup,powerup_2,items,team_versus,reward_event,meta,27166.0,990.0,998.0,,,0.037,1.23
E. 40-99,Variant,powerup,powerup_2,items,kite_festival_event,reward_event,meta,27166.0,757.0,773.0,,,0.028,0.95
E. 40-99,Variant,powerup,powerup_2,items,Jigsaw,reward_event,meta,27166.0,686.0,735.0,,,0.027,0.91
E. 40-99,Variant,powerup,powerup_2,items,reward_chest,reward_chest,other,27166.0,688.0,708.0,,,0.026,0.87
E. 40-99,Variant,powerup,powerup_2,items,ingame,purchase,purchase,27166.0,196.0,648.0,,,0.024,0.8
E. 40-99,Variant,powerup,powerup_2,items,bomb_ballet_event,reward_event,meta,27166.0,348.0,356.0,,,0.013,0.44
E. 40-99,Variant,powerup,powerup_2,items,team_versus_contribution,reward_event,meta,27166.0,295.0,297.0,,,0.011,0.37
E. 40-99,Variant,powerup,powerup_2,items,offer_free_items,rolling_offer,meta,27166.0,121.0,167.0,,,0.006,0.21
E. 40-99,Variant,powerup,powerup_2,items,bundle_3_with_prelevel_boosters_tier3,purchase,purchase,27166.0,39.0,110.0,,,0.004,0.14
E. 40-99,Variant,powerup,powerup_2,items,bundle_2_with_prelevel_boosters2,purchase,purchase,27166.0,37.0,104.0,,,0.004,0.13
E. 40-99,Variant,powerup,powerup_2,items,dream_peak,reward_event,core,27166.0,80.0,94.0,,,0.003,0.12
E. 40-99,Variant,powerup,powerup_2,items,red_event,reward_event,meta,27166.0,74.0,79.0,,,0.003,0.1
E. 40-99,Variant,powerup,powerup_2,items,bundle_1_with_prelevel_boosters_tier3,purchase,purchase,27166.0,55.0,77.0,,,0.003,0.09
E. 40-99,Variant,powerup,powerup_2,items,bundle_7_with_prelevel_boosters,purchase,purchase,27166.0,38.0,38.0,,,0.001,0.05
E. 40-99,Variant,powerup,powerup_2,items,single_collection,reward_event,meta,27166.0,34.0,34.0,,,0.001,0.04
E. 40-99,Variant,powerup,powerup_2,items,bundle_7_with_prelevel_boosters_tier3,purchase,purchase,27166.0,31.0,33.0,,,0.001,0.04
E. 40-99,Variant,powerup,powerup_2,items,rolling_offer_tier1_p199_tier3,purchase,purchase,27166.0,33.0,33.0,,,0.001,0.04
E. 40-99,Variant,powerup,powerup_2,items,bundle_3_with_prelevel_boosters2,purchase,purchase,27166.0,7.0,32.0,,,0.001,0.04
E. 40-99,Variant,powerup,powerup_2,items,rolling_offer_tier1_p299,purchase,purchase,27166.0,25.0,25.0,,,0.001,0.03
E. 40-99,Variant,powerup,powerup_2,items,bundle_6_with_prelevel_boosters2,purchase,purchase,27166.0,1.0,25.0,,,0.001,0.03
E. 40-99,Variant,powerup,powerup_2,items,bundle_6_with_prelevel_boosters_tier3,purchase,purchase,27166.0,1.0,25.0,,,0.001,0.03
E. 40-99,Variant,powerup,powerup_2,items,bundle_7_with_prelevel_boosters2,purchase,purchase,27166.0,18.0,24.0,,,0.001,0.03
E. 40-99,Variant,powerup,powerup_2,items,bundle_2_with_prelevel_boosters_tier3,purchase,purchase,27166.0,19.0,22.0,,,0.001,0.03
E. 40-99,Variant,powerup,powerup_2,items,bomb_event,reward_event,meta,27166.0,21.0,21.0,,,0.001,0.03
E. 40-99,Variant,powerup,powerup_2,items,bundle_3_with_prelevel_boosters,purchase,purchase,27166.0,7.0,20.0,,,0.001,0.02
E. 40-99,Variant,powerup,powerup_2,items,special_offer10,purchase,purchase,27166.0,6.0,18.0,,,0.001,0.02
E. 40-99,Variant,powerup,powerup_2,items,rolling_offer_tier1_p299_tier3,purchase,purchase,27166.0,18.0,18.0,,,0.001,0.02
E. 40-99,Variant,powerup,powerup_2,items,special_offer8,purchase,purchase,27166.0,9.0,18.0,,,0.001,0.02
E. 40-99,Variant,powerup,powerup_2,items,bundle_1_with_prelevel_boosters,purchase,purchase,27166.0,15.0,15.0,,,0.001,0.02
E. 40-99,Variant,powerup,powerup_2,items,special_offer9,purchase,purchase,27166.0,7.0,14.0,,,0.001,0.02
E. 40-99,Variant,powerup,powerup_2,items,bundle_2_with_prelevel_boosters,purchase,purchase,27166.0,13.0,13.0,,,0.0,0.02
E. 40-99,Variant,powerup,powerup_2,items,bundle_5_with_prelevel_boosters_tier3,purchase,purchase,27166.0,1.0,12.0,,,0.0,0.01
E. 40-99,Variant,powerup,powerup_2,items,special_offer8_tier3,purchase,purchase,27166.0,6.0,12.0,,,0.0,0.01
E. 40-99,Variant,powerup,powerup_2,items,special_offer9_tier3,purchase,purchase,27166.0,6.0,12.0,,,0.0,0.01
E. 40-99,Variant,powerup,powerup_2,items,special_offer10_tier3,purchase,purchase,27166.0,4.0,12.0,,,0.0,0.01
E. 40-99,Variant,powerup,powerup_2,items,special_offer3_tier3,purchase,purchase,27166.0,2.0,10.0,,,0.0,0.01
E. 40-99,Variant,powerup,powerup_2,items,special_offer3,purchase,purchase,27166.0,2.0,10.0,,,0.0,0.01
E. 40-99,Variant,powerup,powerup_2,items,river_rush,reward_event,meta,27166.0,6.0,9.0,,,0.0,0.01
E. 40-99,Variant,powerup,powerup_2,items,special_offer11_tier3,purchase,purchase,27166.0,3.0,9.0,,,0.0,0.01
E. 40-99,Variant,powerup,powerup_2,items,rolling_offer_tier1_p499_VarA,purchase,purchase,27166.0,8.0,8.0,,,0.0,0.01
E. 40-99,Variant,powerup,powerup_2,items,rolling_offer_tier1_p1499_VarA,purchase,purchase,27166.0,4.0,8.0,,,0.0,0.01
E. 40-99,Variant,powerup,powerup_2,items,bundle_4_with_prelevel_boosters2,purchase,purchase,27166.0,1.0,8.0,,,0.0,0.01
E. 40-99,Variant,powerup,powerup_2,items,league_rank_up,league_reward,meta,27166.0,4.0,7.0,,,0.0,0.01
E. 40-99,Variant,powerup,powerup_2,items,rolling_offer_p349_tier3,purchase,purchase,27166.0,7.0,7.0,,,0.0,0.01
E. 40-99,Variant,powerup,powerup_2,items,rolling_offer_p799_VarA,purchase,purchase,27166.0,6.0,6.0,,,0.0,0.01
E. 40-99,Variant,powerup,powerup_2,items,gift,gift,other,27166.0,2.0,6.0,,,0.0,0.01
E. 40-99,Variant,powerup,powerup_2,items,season_pass_event,reward_event,meta,27166.0,3.0,6.0,,,0.0,0.01
E. 40-99,Variant,powerup,powerup_2,items,rolling_offer_tier1_p799_tier3,purchase,purchase,27166.0,3.0,6.0,,,0.0,0.01
E. 40-99,Variant,powerup,powerup_2,items,special_offer4_tier3,purchase,purchase,27166.0,1.0,5.0,,,0.0,0.01
E. 40-99,Variant,powerup,powerup_2,items,bundle_4_with_prelevel_boosters_tier3,purchase,purchase,27166.0,1.0,5.0,,,0.0,0.01
E. 40-99,Variant,powerup,powerup_2,items,wager_event,reward_event,meta,27166.0,2.0,3.0,,,0.0,0.0
E. 40-99,Variant,powerup,powerup_2,items,rolling_offer_p1999_VarA,purchase,purchase,27166.0,1.0,3.0,,,0.0,0.0
E. 40-99,Variant,powerup,powerup_3,items,player_level_up,reward_chest,core,27166.0,14396.0,18626.0,,,0.686,27.81
E. 40-99,Variant,powerup,powerup_3,items,saga_progression,chapter_complete,core,27166.0,13020.0,13930.0,,,0.513,20.8
E. 40-99,Variant,powerup,powerup_3,items,Rainbow Maker,reward_event,meta,27166.0,7447.0,8932.0,,,0.329,13.34
E. 40-99,Variant,powerup,powerup_3,items,dream_pass_event,reward_event,meta,27166.0,2721.0,3130.0,,,0.115,4.67
E. 40-99,Variant,powerup,powerup_3,items,Hatchling Hideaway,event_reward,meta,27166.0,2983.0,3057.0,,,0.113,4.57
E. 40-99,Variant,powerup,powerup_3,items,daily_reward,daily_reward,core,27166.0,2801.0,2871.0,,,0.106,4.29
E. 40-99,Variant,powerup,powerup_3,items,chuck_event,reward_event,meta,27166.0,2714.0,2825.0,,,0.104,4.22
E. 40-99,Variant,powerup,powerup_3,items,team_versus,reward_event,meta,27166.0,2347.0,2359.0,,,0.087,3.52
E. 40-99,Variant,powerup,powerup_3,items,ad_chest,ad_chest,ads,27166.0,1755.0,2066.0,,,0.076,3.09
E. 40-99,Variant,powerup,powerup_3,items,race_event,reward_event,meta,27166.0,1976.0,2008.0,,,0.074,3.0
E. 40-99,Variant,powerup,powerup_3,items,ArcheryArena,reward_event,meta,27166.0,1831.0,1883.0,,,0.069,2.81
E. 40-99,Variant,powerup,powerup_3,items,team_collection,reward_event,meta,27166.0,449.0,920.0,,,0.034,1.37
E. 40-99,Variant,powerup,powerup_3,items,facebook_like,facebook_like,other,27166.0,377.0,846.0,,,0.031,1.26
E. 40-99,Variant,powerup,powerup_3,items,reward_chest,reward_chest,other,27166.0,688.0,710.0,,,0.026,1.06
E. 40-99,Variant,powerup,powerup_3,items,team_versus_contribution,reward_event,meta,27166.0,561.0,567.0,,,0.021,0.85
E. 40-99,Variant,powerup,powerup_3,items,ingame,purchase,purchase,27166.0,125.0,408.0,,,0.015,0.61
E. 40-99,Variant,powerup,powerup_3,items,kite_festival_event,reward_event,meta,27166.0,385.0,392.0,,,0.014,0.59
E. 40-99,Variant,powerup,powerup_3,items,dream_peak,reward_event,core,27166.0,127.0,156.0,,,0.006,0.23
E. 40-99,Variant,powerup,powerup_3,items,red_event,reward_event,meta,27166.0,136.0,144.0,,,0.005,0.22
E. 40-99,Variant,powerup,powerup_3,items,bomb_ballet_event,reward_event,meta,27166.0,130.0,130.0,,,0.005,0.19
E. 40-99,Variant,powerup,powerup_3,items,bundle_3_with_prelevel_boosters_tier3,purchase,purchase,27166.0,39.0,110.0,,,0.004,0.16
E. 40-99,Variant,powerup,powerup_3,items,bundle_2_with_prelevel_boosters2,purchase,purchase,27166.0,37.0,104.0,,,0.004,0.16
E. 40-99,Variant,powerup,powerup_3,items,offer_free_items,rolling_offer,meta,27166.0,70.0,99.0,,,0.004,0.15
E. 40-99,Variant,powerup,powerup_3,items,bundle_1_with_prelevel_boosters_tier3,purchase,purchase,27166.0,55.0,77.0,,,0.003,0.11
E. 40-99,Variant,powerup,powerup_3,items,single_collection,reward_event,meta,27166.0,40.0,42.0,,,0.002,0.06
E. 40-99,Variant,powerup,powerup_3,items,bundle_7_with_prelevel_boosters,purchase,purchase,27166.0,38.0,38.0,,,0.001,0.06
E. 40-99,Variant,powerup,powerup_3,items,rolling_offer_tier1_p199_tier3,purchase,purchase,27166.0,33.0,33.0,,,0.001,0.05
E. 40-99,Variant,powerup,powerup_3,items,bundle_7_with_prelevel_boosters_tier3,purchase,purchase,27166.0,31.0,33.0,,,0.001,0.05
E. 40-99,Variant,powerup,powerup_3,items,bundle_3_with_prelevel_boosters2,purchase,purchase,27166.0,7.0,32.0,,,0.001,0.05
E. 40-99,Variant,powerup,powerup_3,items,bundle_6_with_prelevel_boosters_tier3,purchase,purchase,27166.0,1.0,25.0,,,0.001,0.04
E. 40-99,Variant,powerup,powerup_3,items,rolling_offer_tier1_p299,purchase,purchase,27166.0,25.0,25.0,,,0.001,0.04
E. 40-99,Variant,powerup,powerup_3,items,bundle_6_with_prelevel_boosters2,purchase,purchase,27166.0,1.0,25.0,,,0.001,0.04
E. 40-99,Variant,powerup,powerup_3,items,bundle_7_with_prelevel_boosters2,purchase,purchase,27166.0,18.0,24.0,,,0.001,0.04
E. 40-99,Variant,powerup,powerup_3,items,bundle_2_with_prelevel_boosters_tier3,purchase,purchase,27166.0,19.0,22.0,,,0.001,0.03
E. 40-99,Variant,powerup,powerup_3,items,bomb_event,reward_event,meta,27166.0,20.0,22.0,,,0.001,0.03
E. 40-99,Variant,powerup,powerup_3,items,season_pass_event,reward_event,meta,27166.0,16.0,20.0,,,0.001,0.03
E. 40-99,Variant,powerup,powerup_3,items,bundle_3_with_prelevel_boosters,purchase,purchase,27166.0,7.0,20.0,,,0.001,0.03
E. 40-99,Variant,powerup,powerup_3,items,rolling_offer_tier1_p299_tier3,purchase,purchase,27166.0,18.0,18.0,,,0.001,0.03
E. 40-99,Variant,powerup,powerup_3,items,special_offer10,purchase,purchase,27166.0,6.0,18.0,,,0.001,0.03
E. 40-99,Variant,powerup,powerup_3,items,special_offer8,purchase,purchase,27166.0,9.0,18.0,,,0.001,0.03
E. 40-99,Variant,powerup,powerup_3,items,bundle_1_with_prelevel_boosters,purchase,purchase,27166.0,15.0,15.0,,,0.001,0.02
E. 40-99,Variant,powerup,powerup_3,items,special_offer9,purchase,purchase,27166.0,7.0,14.0,,,0.001,0.02
E. 40-99,Variant,powerup,powerup_3,items,bundle_2_with_prelevel_boosters,purchase,purchase,27166.0,13.0,13.0,,,0.0,0.02
E. 40-99,Variant,powerup,powerup_3,items,special_offer8_tier3,purchase,purchase,27166.0,6.0,12.0,,,0.0,0.02
E. 40-99,Variant,powerup,powerup_3,items,special_offer10_tier3,purchase,purchase,27166.0,4.0,12.0,,,0.0,0.02
E. 40-99,Variant,powerup,powerup_3,items,bundle_5_with_prelevel_boosters_tier3,purchase,purchase,27166.0,1.0,12.0,,,0.0,0.02
E. 40-99,Variant,powerup,powerup_3,items,special_offer9_tier3,purchase,purchase,27166.0,6.0,12.0,,,0.0,0.02
E. 40-99,Variant,powerup,powerup_3,items,river_rush,reward_event,meta,27166.0,6.0,12.0,,,0.0,0.02
E. 40-99,Variant,powerup,powerup_3,items,special_offer3_tier3,purchase,purchase,27166.0,2.0,10.0,,,0.0,0.01
E. 40-99,Variant,powerup,powerup_3,items,special_offer3,purchase,purchase,27166.0,2.0,10.0,,,0.0,0.01
E. 40-99,Variant,powerup,powerup_3,items,special_offer11_tier3,purchase,purchase,27166.0,3.0,9.0,,,0.0,0.01
E. 40-99,Variant,powerup,powerup_3,items,rolling_offer_tier1_p499_VarA,purchase,purchase,27166.0,8.0,8.0,,,0.0,0.01
E. 40-99,Variant,powerup,powerup_3,items,bundle_4_with_prelevel_boosters2,purchase,purchase,27166.0,1.0,8.0,,,0.0,0.01
E. 40-99,Variant,powerup,powerup_3,items,rolling_offer_tier1_p1499_VarA,purchase,purchase,27166.0,4.0,8.0,,,0.0,0.01
E. 40-99,Variant,powerup,powerup_3,items,rolling_offer_p349_tier3,purchase,purchase,27166.0,7.0,7.0,,,0.0,0.01
E. 40-99,Variant,powerup,powerup_3,items,rolling_offer_tier1_p799_tier3,purchase,purchase,27166.0,3.0,6.0,,,0.0,0.01
E. 40-99,Variant,powerup,powerup_3,items,gift,gift,other,27166.0,2.0,6.0,,,0.0,0.01
E. 40-99,Variant,powerup,powerup_3,items,rolling_offer_p799_VarA,purchase,purchase,27166.0,6.0,6.0,,,0.0,0.01
E. 40-99,Variant,powerup,powerup_3,items,special_offer4_tier3,purchase,purchase,27166.0,1.0,5.0,,,0.0,0.01
E. 40-99,Variant,powerup,powerup_3,items,bundle_4_with_prelevel_boosters_tier3,purchase,purchase,27166.0,1.0,5.0,,,0.0,0.01
E. 40-99,Variant,powerup,powerup_3,items,league_rank_up,league_reward,meta,27166.0,2.0,4.0,,,0.0,0.01
E. 40-99,Variant,powerup,powerup_3,items,rolling_offer_p1999_VarA,purchase,purchase,27166.0,1.0,3.0,,,0.0,0.0
E. 40-99,Variant,powerup,powerup_3,items,wager_event,reward_event,meta,27166.0,2.0,2.0,,,0.0,0.0
E. 40-99,Variant,pre_level_booster,pre_level_booster_1,items,saga_progression,chapter_complete,core,27166.0,14860.0,15896.0,,,0.585,21.26
E. 40-99,Variant,pre_level_booster,pre_level_booster_1,items,Rainbow Maker,reward_event,meta,27166.0,9197.0,11459.0,,,0.422,15.33
E. 40-99,Variant,pre_level_booster,pre_level_booster_1,items,dream_pass_event,reward_event,meta,27166.0,4722.0,8811.0,,,0.324,11.79
E. 40-99,Variant,pre_level_booster,pre_level_booster_1,items,dreamheist_event,reward_event,meta,27166.0,7223.0,7598.0,,,0.28,10.16
E. 40-99,Variant,pre_level_booster,pre_level_booster_1,items,player_level_up,reward_chest,core,27166.0,7448.0,7556.0,,,0.278,10.11
E. 40-99,Variant,pre_level_booster,pre_level_booster_1,items,offer_free_items,rolling_offer,meta,27166.0,6267.0,6426.0,,,0.237,8.6
E. 40-99,Variant,pre_level_booster,pre_level_booster_1,items,Hatchling Hideaway,event_reward,meta,27166.0,5763.0,5921.0,,,0.218,7.92
E. 40-99,Variant,pre_level_booster,pre_level_booster_1,items,Jigsaw,reward_event,meta,27166.0,2570.0,2769.0,,,0.102,3.7
E. 40-99,Variant,pre_level_booster,pre_level_booster_1,items,FlockRush,event_reward,meta,27166.0,2433.0,2513.0,,,0.093,3.36
E. 40-99,Variant,pre_level_booster,pre_level_booster_1,items,ArcheryArena,reward_event,meta,27166.0,1540.0,1587.0,,,0.058,2.12
E. 40-99,Variant,pre_level_booster,pre_level_booster_1,items,bomb_ballet_event,reward_event,meta,27166.0,845.0,849.0,,,0.031,1.14
E. 40-99,Variant,pre_level_booster,pre_level_booster_1,items,ingame,purchase,purchase,27166.0,32.0,825.0,,,0.03,1.1
E. 40-99,Variant,pre_level_booster,pre_level_booster_1,items,reward_chest,reward_chest,other,27166.0,686.0,700.0,,,0.026,0.94
E. 40-99,Variant,pre_level_booster,pre_level_booster_1,items,race_event,reward_event,meta,27166.0,442.0,450.0,,,0.017,0.6
E. 40-99,Variant,pre_level_booster,pre_level_booster_1,items,team_versus_contribution,reward_event,meta,27166.0,295.0,297.0,,,0.011,0.4
E. 40-99,Variant,pre_level_booster,pre_level_booster_1,items,kite_festival_event,reward_event,meta,27166.0,260.0,266.0,,,0.01,0.36
E. 40-99,Variant,pre_level_booster,pre_level_booster_1,items,season_pass_event,reward_event,meta,27166.0,60.0,114.0,,,0.004,0.15
E. 40-99,Variant,pre_level_booster,pre_level_booster_1,items,bundle_3_with_prelevel_boosters_tier3,purchase,purchase,27166.0,39.0,110.0,,,0.004,0.15
E. 40-99,Variant,pre_level_booster,pre_level_booster_1,items,bundle_2_with_prelevel_boosters2,purchase,purchase,27166.0,37.0,104.0,,,0.004,0.14
E. 40-99,Variant,pre_level_booster,pre_level_booster_1,items,bundle_1_with_prelevel_boosters_tier3,purchase,purchase,27166.0,55.0,77.0,,,0.003,0.1
E. 40-99,Variant,pre_level_booster,pre_level_booster_1,items,ad_chest,ad_chest,ads,27166.0,42.0,43.0,,,0.002,0.06
E. 40-99,Variant,pre_level_booster,pre_level_booster_1,items,bundle_7_with_prelevel_boosters,purchase,purchase,27166.0,38.0,38.0,,,0.001,0.05
E. 40-99,Variant,pre_level_booster,pre_level_booster_1,items,rolling_offer_tier1_p199_tier3,purchase,purchase,27166.0,33.0,33.0,,,0.001,0.04
E. 40-99,Variant,pre_level_booster,pre_level_booster_1,items,bundle_7_with_prelevel_boosters_tier3,purchase,purchase,27166.0,31.0,33.0,,,0.001,0.04
E. 40-99,Variant,pre_level_booster,pre_level_booster_1,items,bundle_3_with_prelevel_boosters2,purchase,purchase,27166.0,7.0,32.0,,,0.001,0.04
E. 40-99,Variant,pre_level_booster,pre_level_booster_1,items,rolling_offer_tier1_p299,purchase,purchase,27166.0,25.0,25.0,,,0.001,0.03
E. 40-99,Variant,pre_level_booster,pre_level_booster_1,items,bundle_6_with_prelevel_boosters_tier3,purchase,purchase,27166.0,1.0,25.0,,,0.001,0.03
E. 40-99,Variant,pre_level_booster,pre_level_booster_1,items,bundle_6_with_prelevel_boosters2,purchase,purchase,27166.0,1.0,25.0,,,0.001,0.03
E. 40-99,Variant,pre_level_booster,pre_level_booster_1,items,bundle_7_with_prelevel_boosters2,purchase,purchase,27166.0,18.0,24.0,,,0.001,0.03
E. 40-99,Variant,pre_level_booster,pre_level_booster_1,items,bundle_2_with_prelevel_boosters_tier3,purchase,purchase,27166.0,19.0,22.0,,,0.001,0.03
E. 40-99,Variant,pre_level_booster,pre_level_booster_1,items,bundle_3_with_prelevel_boosters,purchase,purchase,27166.0,7.0,20.0,,,0.001,0.03
E. 40-99,Variant,pre_level_booster,pre_level_booster_1,items,rolling_offer_tier1_p299_tier3,purchase,purchase,27166.0,18.0,18.0,,,0.001,0.02
E. 40-99,Variant,pre_level_booster,pre_level_booster_1,items,bundle_1_with_prelevel_boosters,purchase,purchase,27166.0,15.0,15.0,,,0.001,0.02
E. 40-99,Variant,pre_level_booster,pre_level_booster_1,items,bundle_2_with_prelevel_boosters,purchase,purchase,27166.0,13.0,13.0,,,0.0,0.02
E. 40-99,Variant,pre_level_booster,pre_level_booster_1,items,bundle_5_with_prelevel_boosters_tier3,purchase,purchase,27166.0,1.0,12.0,,,0.0,0.02
E. 40-99,Variant,pre_level_booster,pre_level_booster_1,items,bundle_4_with_prelevel_boosters2,purchase,purchase,27166.0,1.0,8.0,,,0.0,0.01
E. 40-99,Variant,pre_level_booster,pre_level_booster_1,items,rolling_offer_p349_tier3,purchase,purchase,27166.0,7.0,7.0,,,0.0,0.01
E. 40-99,Variant,pre_level_booster,pre_level_booster_1,items,river_rush,reward_event,meta,27166.0,6.0,6.0,,,0.0,0.01
E. 40-99,Variant,pre_level_booster,pre_level_booster_1,items,rolling_offer_p799_VarA,purchase,purchase,27166.0,6.0,6.0,,,0.0,0.01
E. 40-99,Variant,pre_level_booster,pre_level_booster_1,items,great_offer1_199,purchase,purchase,27166.0,6.0,6.0,,,0.0,0.01
E. 40-99,Variant,pre_level_booster,pre_level_booster_1,items,bundle_4_with_prelevel_boosters_tier3,purchase,purchase,27166.0,1.0,5.0,,,0.0,0.01
E. 40-99,Variant,pre_level_booster,pre_level_booster_1,items,rolling_offer_tier1_p1499_VarA,purchase,purchase,27166.0,4.0,4.0,,,0.0,0.01
E. 40-99,Variant,pre_level_booster,pre_level_booster_1,items,rolling_offer_tier1_p799_tier3,purchase,purchase,27166.0,3.0,3.0,,,0.0,0.0
E. 40-99,Variant,pre_level_booster,pre_level_booster_1,items,SagaPath,reward_event,meta,27166.0,1.0,2.0,,,0.0,0.0
E. 40-99,Variant,pre_level_booster,pre_level_booster_1,items,balloon_event,reward_event,meta,27166.0,1.0,1.0,,,0.0,0.0
E. 40-99,Variant,pre_level_booster,pre_level_booster_1,items,rolling_offer_p1999_VarA,purchase,purchase,27166.0,1.0,1.0,,,0.0,0.0
E. 40-99,Variant,pre_level_booster,pre_level_booster_2,items,player_level_up,reward_chest,core,27166.0,9606.0,16295.0,,,0.6,20.26
E. 40-99,Variant,pre_level_booster,pre_level_booster_2,items,saga_progression,chapter_complete,core,27166.0,13680.0,14714.0,,,0.542,18.3
E. 40-99,Variant,pre_level_booster,pre_level_booster_2,items,dream_pass_event,reward_event,meta,27166.0,5640.0,10566.0,,,0.389,13.14
E. 40-99,Variant,pre_level_booster,pre_level_booster_2,items,Rainbow Maker,reward_event,meta,27166.0,7751.0,10252.0,,,0.377,12.75
E. 40-99,Variant,pre_level_booster,pre_level_booster_2,items,offer_free_items,rolling_offer,meta,27166.0,6010.0,6124.0,,,0.225,7.62
E. 40-99,Variant,pre_level_booster,pre_level_booster_2,items,Hatchling Hideaway,event_reward,meta,27166.0,5000.0,5130.0,,,0.189,6.38
E. 40-99,Variant,pre_level_booster,pre_level_booster_2,items,Jigsaw,reward_event,meta,27166.0,4024.0,4199.0,,,0.155,5.22
E. 40-99,Variant,pre_level_booster,pre_level_booster_2,items,dreamheist_event,reward_event,meta,27166.0,3598.0,3797.0,,,0.14,4.72
E. 40-99,Variant,pre_level_booster,pre_level_booster_2,items,FlockRush,event_reward,meta,27166.0,2433.0,2513.0,,,0.093,3.13
E. 40-99,Variant,pre_level_booster,pre_level_booster_2,items,ArcheryArena,reward_event,meta,27166.0,1581.0,1610.0,,,0.059,2.0
E. 40-99,Variant,pre_level_booster,pre_level_booster_2,items,ingame,purchase,purchase,27166.0,26.0,1005.0,,,0.037,1.25
E. 40-99,Variant,pre_level_booster,pre_level_booster_2,items,bomb_ballet_event,reward_event,meta,27166.0,941.0,956.0,,,0.035,1.19
E. 40-99,Variant,pre_level_booster,pre_level_booster_2,items,race_event,reward_event,meta,27166.0,812.0,826.0,,,0.03,1.03
E. 40-99,Variant,pre_level_booster,pre_level_booster_2,items,reward_chest,reward_chest,other,27166.0,686.0,700.0,,,0.026,0.87
E. 40-99,Variant,pre_level_booster,pre_level_booster_2,items,team_versus_contribution,reward_event,meta,27166.0,561.0,567.0,,,0.021,0.71
E. 40-99,Variant,pre_level_booster,pre_level_booster_2,items,kite_festival_event,reward_event,meta,27166.0,310.0,315.0,,,0.012,0.39
E. 40-99,Variant,pre_level_booster,pre_level_booster_2,items,season_pass_event,reward_event,meta,27166.0,82.0,136.0,,,0.005,0.17
E. 40-99,Variant,pre_level_booster,pre_level_booster_2,items,bundle_3_with_prelevel_boosters_tier3,purchase,purchase,27166.0,39.0,110.0,,,0.004,0.14
E. 40-99,Variant,pre_level_booster,pre_level_booster_2,items,bundle_2_with_prelevel_boosters2,purchase,purchase,27166.0,37.0,104.0,,,0.004,0.13
E. 40-99,Variant,pre_level_booster,pre_level_booster_2,items,bundle_1_with_prelevel_boosters_tier3,purchase,purchase,27166.0,55.0,77.0,,,0.003,0.1
E. 40-99,Variant,pre_level_booster,pre_level_booster_2,items,bundle_7_with_prelevel_boosters,purchase,purchase,27166.0,38.0,38.0,,,0.001,0.05
E. 40-99,Variant,pre_level_booster,pre_level_booster_2,items,rolling_offer_tier1_p199_tier3,purchase,purchase,27166.0,33.0,33.0,,,0.001,0.04
E. 40-99,Variant,pre_level_booster,pre_level_booster_2,items,bundle_7_with_prelevel_boosters_tier3,purchase,purchase,27166.0,31.0,33.0,,,0.001,0.04
E. 40-99,Variant,pre_level_booster,pre_level_booster_2,items,bundle_3_with_prelevel_boosters2,purchase,purchase,27166.0,7.0,32.0,,,0.001,0.04
E. 40-99,Variant,pre_level_booster,pre_level_booster_2,items,ad_chest,ad_chest,ads,27166.0,25.0,25.0,,,0.001,0.03
E. 40-99,Variant,pre_level_booster,pre_level_booster_2,items,rolling_offer_tier1_p299,purchase,purchase,27166.0,25.0,25.0,,,0.001,0.03
E. 40-99,Variant,pre_level_booster,pre_level_booster_2,items,bundle_6_with_prelevel_boosters2,purchase,purchase,27166.0,1.0,25.0,,,0.001,0.03
E. 40-99,Variant,pre_level_booster,pre_level_booster_2,items,bundle_6_with_prelevel_boosters_tier3,purchase,purchase,27166.0,1.0,25.0,,,0.001,0.03
E. 40-99,Variant,pre_level_booster,pre_level_booster_2,items,bundle_7_with_prelevel_boosters2,purchase,purchase,27166.0,18.0,24.0,,,0.001,0.03
E. 40-99,Variant,pre_level_booster,pre_level_booster_2,items,bundle_2_with_prelevel_boosters_tier3,purchase,purchase,27166.0,19.0,22.0,,,0.001,0.03
E. 40-99,Variant,pre_level_booster,pre_level_booster_2,items,bundle_3_with_prelevel_boosters,purchase,purchase,27166.0,7.0,20.0,,,0.001,0.02
E. 40-99,Variant,pre_level_booster,pre_level_booster_2,items,rolling_offer_tier1_p299_tier3,purchase,purchase,27166.0,18.0,18.0,,,0.001,0.02
E. 40-99,Variant,pre_level_booster,pre_level_booster_2,items,bundle_1_with_prelevel_boosters,purchase,purchase,27166.0,15.0,15.0,,,0.001,0.02
E. 40-99,Variant,pre_level_booster,pre_level_booster_2,items,bundle_2_with_prelevel_boosters,purchase,purchase,27166.0,13.0,13.0,,,0.0,0.02
E. 40-99,Variant,pre_level_booster,pre_level_booster_2,items,bundle_5_with_prelevel_boosters_tier3,purchase,purchase,27166.0,1.0,12.0,,,0.0,0.01
E. 40-99,Variant,pre_level_booster,pre_level_booster_2,items,river_rush,reward_event,meta,27166.0,8.0,8.0,,,0.0,0.01
E. 40-99,Variant,pre_level_booster,pre_level_booster_2,items,bundle_4_with_prelevel_boosters2,purchase,purchase,27166.0,1.0,8.0,,,0.0,0.01
E. 40-99,Variant,pre_level_booster,pre_level_booster_2,items,rolling_offer_p349_tier3,purchase,purchase,27166.0,7.0,7.0,,,0.0,0.01
E. 40-99,Variant,pre_level_booster,pre_level_booster_2,items,great_offer1_199,purchase,purchase,27166.0,6.0,6.0,,,0.0,0.01
E. 40-99,Variant,pre_level_booster,pre_level_booster_2,items,rolling_offer_p799_VarA,purchase,purchase,27166.0,6.0,6.0,,,0.0,0.01
E. 40-99,Variant,pre_level_booster,pre_level_booster_2,items,bundle_4_with_prelevel_boosters_tier3,purchase,purchase,27166.0,1.0,5.0,,,0.0,0.01
E. 40-99,Variant,pre_level_booster,pre_level_booster_2,items,rolling_offer_tier1_p1499_VarA,purchase,purchase,27166.0,4.0,4.0,,,0.0,0.0
E. 40-99,Variant,pre_level_booster,pre_level_booster_2,items,rolling_offer_tier1_p799_tier3,purchase,purchase,27166.0,3.0,3.0,,,0.0,0.0
E. 40-99,Variant,pre_level_booster,pre_level_booster_2,items,Photoshoot,reward_event,meta,27166.0,3.0,3.0,,,0.0,0.0
E. 40-99,Variant,pre_level_booster,pre_level_booster_2,items,chuck_event,reward_event,meta,27166.0,1.0,2.0,,,0.0,0.0
E. 40-99,Variant,pre_level_booster,pre_level_booster_2,items,shop_purchase,reward_event,meta,27166.0,1.0,2.0,,,0.0,0.0
E. 40-99,Variant,pre_level_booster,pre_level_booster_2,items,rolling_offer_p1999_VarA,purchase,purchase,27166.0,1.0,1.0,,,0.0,0.0
E. 40-99,Variant,pre_level_booster,pre_level_booster_3,items,saga_progression,chapter_complete,core,27166.0,12327.0,13144.0,,,0.484,24.3
E. 40-99,Variant,pre_level_booster,pre_level_booster_3,items,player_level_up,reward_chest,core,27166.0,8580.0,12844.0,,,0.473,23.74
E. 40-99,Variant,pre_level_booster,pre_level_booster_3,items,offer_free_items,rolling_offer,meta,27166.0,5969.0,6076.0,,,0.224,11.23
E. 40-99,Variant,pre_level_booster,pre_level_booster_3,items,Rainbow Maker,reward_event,meta,27166.0,3515.0,4371.0,,,0.161,8.08
E. 40-99,Variant,pre_level_booster,pre_level_booster_3,items,Hatchling Hideaway,event_reward,meta,27166.0,3881.0,3975.0,,,0.146,7.35
E. 40-99,Variant,pre_level_booster,pre_level_booster_3,items,dream_pass_event,reward_event,meta,27166.0,2415.0,2958.0,,,0.109,5.47
E. 40-99,Variant,pre_level_booster,pre_level_booster_3,items,FlockRush,event_reward,meta,27166.0,2433.0,2513.0,,,0.093,4.65
E. 40-99,Variant,pre_level_booster,pre_level_booster_3,items,race_event,reward_event,meta,27166.0,1743.0,1787.0,,,0.066,3.3
E. 40-99,Variant,pre_level_booster,pre_level_booster_3,items,ArcheryArena,reward_event,meta,27166.0,1524.0,1562.0,,,0.057,2.89
E. 40-99,Variant,pre_level_booster,pre_level_booster_3,items,team_versus_contribution,reward_event,meta,27166.0,1483.0,1489.0,,,0.055,2.75
E. 40-99,Variant,pre_level_booster,pre_level_booster_3,items,ingame,purchase,purchase,27166.0,37.0,1149.0,,,0.042,2.12
E. 40-99,Variant,pre_level_booster,pre_level_booster_3,items,reward_chest,reward_chest,other,27166.0,686.0,700.0,,,0.026,1.29
E. 40-99,Variant,pre_level_booster,pre_level_booster_3,items,Jigsaw,reward_event,meta,27166.0,412.0,416.0,,,0.015,0.77
E. 40-99,Variant,pre_level_booster,pre_level_booster_3,items,kite_festival_event,reward_event,meta,27166.0,289.0,292.0,,,0.011,0.54
E. 40-99,Variant,pre_level_booster,pre_level_booster_3,items,bomb_ballet_event,reward_event,meta,27166.0,130.0,131.0,,,0.005,0.24
E. 40-99,Variant,pre_level_booster,pre_level_booster_3,items,bundle_3_with_prelevel_boosters_tier3,purchase,purchase,27166.0,39.0,110.0,,,0.004,0.2
E. 40-99,Variant,pre_level_booster,pre_level_booster_3,items,bundle_2_with_prelevel_boosters2,purchase,purchase,27166.0,37.0,104.0,,,0.004,0.19
E. 40-99,Variant,pre_level_booster,pre_level_booster_3,items,bundle_1_with_prelevel_boosters_tier3,purchase,purchase,27166.0,55.0,77.0,,,0.003,0.14
E. 40-99,Variant,pre_level_booster,pre_level_booster_3,items,bundle_7_with_prelevel_boosters,purchase,purchase,27166.0,38.0,38.0,,,0.001,0.07
E. 40-99,Variant,pre_level_booster,pre_level_booster_3,items,bundle_7_with_prelevel_boosters_tier3,purchase,purchase,27166.0,31.0,33.0,,,0.001,0.06
E. 40-99,Variant,pre_level_booster,pre_level_booster_3,items,rolling_offer_tier1_p199_tier3,purchase,purchase,27166.0,33.0,33.0,,,0.001,0.06
E. 40-99,Variant,pre_level_booster,pre_level_booster_3,items,bundle_3_with_prelevel_boosters2,purchase,purchase,27166.0,7.0,32.0,,,0.001,0.06
E. 40-99,Variant,pre_level_booster,pre_level_booster_3,items,rolling_offer_tier1_p299,purchase,purchase,27166.0,25.0,25.0,,,0.001,0.05
E. 40-99,Variant,pre_level_booster,pre_level_booster_3,items,bundle_6_with_prelevel_boosters_tier3,purchase,purchase,27166.0,1.0,25.0,,,0.001,0.05
E. 40-99,Variant,pre_level_booster,pre_level_booster_3,items,bundle_6_with_prelevel_boosters2,purchase,purchase,27166.0,1.0,25.0,,,0.001,0.05
E. 40-99,Variant,pre_level_booster,pre_level_booster_3,items,bundle_7_with_prelevel_boosters2,purchase,purchase,27166.0,18.0,24.0,,,0.001,0.04
E. 40-99,Variant,pre_level_booster,pre_level_booster_3,items,bundle_2_with_prelevel_boosters_tier3,purchase,purchase,27166.0,19.0,22.0,,,0.001,0.04
E. 40-99,Variant,pre_level_booster,pre_level_booster_3,items,bundle_3_with_prelevel_boosters,purchase,purchase,27166.0,7.0,20.0,,,0.001,0.04
E. 40-99,Variant,pre_level_booster,pre_level_booster_3,items,rolling_offer_tier1_p299_tier3,purchase,purchase,27166.0,18.0,18.0,,,0.001,0.03
E. 40-99,Variant,pre_level_booster,pre_level_booster_3,items,bundle_1_with_prelevel_boosters,purchase,purchase,27166.0,15.0,15.0,,,0.001,0.03
E. 40-99,Variant,pre_level_booster,pre_level_booster_3,items,ad_chest,ad_chest,ads,27166.0,14.0,14.0,,,0.001,0.03
E. 40-99,Variant,pre_level_booster,pre_level_booster_3,items,bundle_2_with_prelevel_boosters,purchase,purchase,27166.0,13.0,13.0,,,0.0,0.02
E. 40-99,Variant,pre_level_booster,pre_level_booster_3,items,bundle_5_with_prelevel_boosters_tier3,purchase,purchase,27166.0,1.0,12.0,,,0.0,0.02
E. 40-99,Variant,pre_level_booster,pre_level_booster_3,items,season_pass_event,reward_event,meta,27166.0,7.0,9.0,,,0.0,0.02
E. 40-99,Variant,pre_level_booster,pre_level_booster_3,items,bundle_4_with_prelevel_boosters2,purchase,purchase,27166.0,1.0,8.0,,,0.0,0.01
E. 40-99,Variant,pre_level_booster,pre_level_booster_3,items,rolling_offer_p349_tier3,purchase,purchase,27166.0,7.0,7.0,,,0.0,0.01
E. 40-99,Variant,pre_level_booster,pre_level_booster_3,items,rolling_offer_p799_VarA,purchase,purchase,27166.0,6.0,6.0,,,0.0,0.01
E. 40-99,Variant,pre_level_booster,pre_level_booster_3,items,great_offer1_199,purchase,purchase,27166.0,6.0,6.0,,,0.0,0.01
E. 40-99,Variant,pre_level_booster,pre_level_booster_3,items,river_rush,reward_event,meta,27166.0,5.0,5.0,,,0.0,0.01
E. 40-99,Variant,pre_level_booster,pre_level_booster_3,items,bundle_4_with_prelevel_boosters_tier3,purchase,purchase,27166.0,1.0,5.0,,,0.0,0.01
E. 40-99,Variant,pre_level_booster,pre_level_booster_3,items,rolling_offer_tier1_p1499_VarA,purchase,purchase,27166.0,4.0,4.0,,,0.0,0.01
E. 40-99,Variant,pre_level_booster,pre_level_booster_3,items,rolling_offer_tier1_p799_tier3,purchase,purchase,27166.0,3.0,3.0,,,0.0,0.01
E. 40-99,Variant,pre_level_booster,pre_level_booster_3,items,rolling_offer_p1999_VarA,purchase,purchase,27166.0,1.0,1.0,,,0.0,0.0
E. 40-99,Variant,season_pass_multiplier_2x,SeasonPassMultiplier2x,minutes,Rainbow Maker,reward_event,meta,27166.0,8258.0,118270.0,,,4.354,89.73
E. 40-99,Variant,season_pass_multiplier_2x,SeasonPassMultiplier2x,minutes,great_offer1_199_tier3,purchase,purchase,27166.0,26.0,9360.0,,,0.345,7.1
E. 40-99,Variant,season_pass_multiplier_2x,SeasonPassMultiplier2x,minutes,great_offer1_299,purchase,purchase,27166.0,11.0,3960.0,,,0.146,3.0
E. 40-99,Variant,season_pass_multiplier_2x,SeasonPassMultiplier2x,minutes,river_rush,reward_event,meta,27166.0,5.0,110.0,,,0.004,0.08
E. 40-99,Variant,season_pass_multiplier_2x,SeasonPassMultiplier2x,minutes,gift,gift,other,27166.0,7.0,105.0,,,0.004,0.08
E. 40-99,Variant,season_pass_tokens,SeasonPassToken,items,season_pass_event,event_reward,meta,27166.0,33.0,2665.0,,,0.098,96.73
E. 40-99,Variant,season_pass_tokens,SeasonPassToken,items,race_event,reward_event,meta,27166.0,1.0,50.0,,,0.002,1.81
E. 40-99,Variant,season_pass_tokens,SeasonPassToken,items,offer_free_items,rolling_offer,meta,27166.0,1.0,40.0,,,0.001,1.45
E. 40-99,Variant,ul_pre_booster,UnlimitedBooster1,minutes,dream_pass_event,reward_event,meta,27166.0,4827.0,76410.0,,,2.813,23.08
E. 40-99,Variant,ul_pre_booster,UnlimitedBooster1,minutes,Jigsaw,reward_event,meta,27166.0,5087.0,70225.0,,,2.585,21.21
E. 40-99,Variant,ul_pre_booster,UnlimitedBooster1,minutes,Rainbow Maker,reward_event,meta,27166.0,4687.0,60060.0,,,2.211,18.14
E. 40-99,Variant,ul_pre_booster,UnlimitedBooster1,minutes,daily_reward,daily_reward,core,27166.0,819.0,50640.0,,,1.864,15.3
E. 40-99,Variant,ul_pre_booster,UnlimitedBooster1,minutes,Hatchling Hideaway,event_reward,meta,27166.0,2963.0,30370.0,,,1.118,9.17
E. 40-99,Variant,ul_pre_booster,UnlimitedBooster1,minutes,bomb_ballet_event,reward_event,meta,27166.0,1554.0,21515.0,,,0.792,6.5
E. 40-99,Variant,ul_pre_booster,UnlimitedBooster1,minutes,great_offer1_199_tier3,purchase,purchase,27166.0,26.0,9360.0,,,0.345,2.83
E. 40-99,Variant,ul_pre_booster,UnlimitedBooster1,minutes,great_offer1_299,purchase,purchase,27166.0,11.0,3960.0,,,0.146,1.2
E. 40-99,Variant,ul_pre_booster,UnlimitedBooster1,minutes,Hard_Level_Offer1,purchase,purchase,27166.0,150.0,3040.0,,,0.112,0.92
E. 40-99,Variant,ul_pre_booster,UnlimitedBooster1,minutes,Hard_level_offer1_tier3,purchase,purchase,27166.0,140.0,2840.0,,,0.105,0.86
E. 40-99,Variant,ul_pre_booster,UnlimitedBooster1,minutes,season_pass_event,reward_event,meta,27166.0,91.0,1865.0,,,0.069,0.56
E. 40-99,Variant,ul_pre_booster,UnlimitedBooster1,minutes,gift,gift,other,27166.0,12.0,450.0,,,0.017,0.14
E. 40-99,Variant,ul_pre_booster,UnlimitedBooster1,minutes,river_rush,reward_event,meta,27166.0,7.0,175.0,,,0.006,0.05
E. 40-99,Variant,ul_pre_booster,UnlimitedBooster1,minutes,event_progress,reward_event,meta,27166.0,2.0,80.0,,,0.003,0.02
E. 40-99,Variant,ul_pre_booster,UnlimitedBooster1,minutes,Photoshoot,reward_event,meta,27166.0,1.0,30.0,,,0.001,0.01
E. 40-99,Variant,ul_pre_booster,UnlimitedBooster2,minutes,Jigsaw,reward_event,meta,27166.0,4431.0,54885.0,,,2.02,26.69
E. 40-99,Variant,ul_pre_booster,UnlimitedBooster2,minutes,dream_pass_event,reward_event,meta,27166.0,3020.0,48835.0,,,1.798,23.75
E. 40-99,Variant,ul_pre_booster,UnlimitedBooster2,minutes,daily_reward,daily_reward,core,27166.0,448.0,27600.0,,,1.016,13.42
E. 40-99,Variant,ul_pre_booster,UnlimitedBooster2,minutes,Hatchling Hideaway,event_reward,meta,27166.0,2285.0,23700.0,,,0.872,11.53
E. 40-99,Variant,ul_pre_booster,UnlimitedBooster2,minutes,bomb_ballet_event,reward_event,meta,27166.0,1421.0,18370.0,,,0.676,8.93
E. 40-99,Variant,ul_pre_booster,UnlimitedBooster2,minutes,Rainbow Maker,reward_event,meta,27166.0,914.0,10980.0,,,0.404,5.34
E. 40-99,Variant,ul_pre_booster,UnlimitedBooster2,minutes,great_offer1_199_tier3,purchase,purchase,27166.0,26.0,9360.0,,,0.345,4.55
E. 40-99,Variant,ul_pre_booster,UnlimitedBooster2,minutes,great_offer1_299,purchase,purchase,27166.0,11.0,3960.0,,,0.146,1.93
E. 40-99,Variant,ul_pre_booster,UnlimitedBooster2,minutes,Hard_Level_Offer1,purchase,purchase,27166.0,150.0,3040.0,,,0.112,1.48
E. 40-99,Variant,ul_pre_booster,UnlimitedBooster2,minutes,Hard_level_offer1_tier3,purchase,purchase,27166.0,140.0,2840.0,,,0.105,1.38
E. 40-99,Variant,ul_pre_booster,UnlimitedBooster2,minutes,season_pass_event,reward_event,meta,27166.0,72.0,1455.0,,,0.054,0.71
E. 40-99,Variant,ul_pre_booster,UnlimitedBooster2,minutes,gift,gift,other,27166.0,12.0,450.0,,,0.017,0.22
E. 40-99,Variant,ul_pre_booster,UnlimitedBooster2,minutes,river_rush,reward_event,meta,27166.0,9.0,140.0,,,0.005,0.07
E. 40-99,Variant,ul_pre_booster,UnlimitedBooster2,minutes,solo_race_event,reward_event,meta,27166.0,1.0,15.0,,,0.001,0.01
E. 40-99,Variant,ul_pre_booster,UnlimitedBooster3,minutes,Jigsaw,reward_event,meta,27166.0,2891.0,33930.0,,,1.249,41.31
E. 40-99,Variant,ul_pre_booster,UnlimitedBooster3,minutes,bomb_ballet_event,reward_event,meta,27166.0,1282.0,16220.0,,,0.597,19.75
E. 40-99,Variant,ul_pre_booster,UnlimitedBooster3,minutes,daily_reward,daily_reward,core,27166.0,336.0,10380.0,,,0.382,12.64
E. 40-99,Variant,ul_pre_booster,UnlimitedBooster3,minutes,great_offer1_199_tier3,purchase,purchase,27166.0,26.0,9360.0,,,0.345,11.4
E. 40-99,Variant,ul_pre_booster,UnlimitedBooster3,minutes,great_offer1_299,purchase,purchase,27166.0,11.0,3960.0,,,0.146,4.82
E. 40-99,Variant,ul_pre_booster,UnlimitedBooster3,minutes,Hard_Level_Offer1,purchase,purchase,27166.0,150.0,3040.0,,,0.112,3.7
E. 40-99,Variant,ul_pre_booster,UnlimitedBooster3,minutes,Hard_level_offer1_tier3,purchase,purchase,27166.0,140.0,2840.0,,,0.105,3.46
E. 40-99,Variant,ul_pre_booster,UnlimitedBooster3,minutes,dream_pass_event,reward_event,meta,27166.0,94.0,1750.0,,,0.064,2.13
E. 40-99,Variant,ul_pre_booster,UnlimitedBooster3,minutes,gift,gift,other,27166.0,12.0,450.0,,,0.017,0.55
E. 40-99,Variant,ul_pre_booster,UnlimitedBooster3,minutes,season_pass_event,reward_event,meta,27166.0,6.0,130.0,,,0.005,0.16
E. 40-99,Variant,ul_pre_booster,UnlimitedBooster3,minutes,river_rush,reward_event,meta,27166.0,4.0,75.0,,,0.003,0.09
E. 40-99,Variant,unlimited_lives,UnlimitedLives,minutes,saga_progression,chapter_complete,core,27166.0,26114.0,3549785.0,,,130.67,44.24
E. 40-99,Variant,unlimited_lives,UnlimitedLives,minutes,player_level_up,reward_chest,core,27166.0,16872.0,1102620.0,,,40.588,13.74
E. 40-99,Variant,unlimited_lives,UnlimitedLives,minutes,FlockRush,event_reward,meta,27166.0,10745.0,654940.0,,,24.109,8.16
E. 40-99,Variant,unlimited_lives,UnlimitedLives,minutes,Hatchling Hideaway,event_reward,meta,27166.0,6751.0,474510.0,,,17.467,5.91
E. 40-99,Variant,unlimited_lives,UnlimitedLives,minutes,daily_reward,daily_reward,core,27166.0,8707.0,391135.0,,,14.398,4.87
E. 40-99,Variant,unlimited_lives,UnlimitedLives,minutes,Rainbow Maker,reward_event,meta,27166.0,9178.0,386450.0,,,14.226,4.82
E. 40-99,Variant,unlimited_lives,UnlimitedLives,minutes,dream_pass_event,reward_event,meta,27166.0,5806.0,349320.0,,,12.859,4.35
E. 40-99,Variant,unlimited_lives,UnlimitedLives,minutes,dreamheist_event,reward_event,meta,27166.0,12104.0,335570.0,,,12.353,4.18
E. 40-99,Variant,unlimited_lives,UnlimitedLives,minutes,Jigsaw,reward_event,meta,27166.0,4636.0,273240.0,,,10.058,3.41
E. 40-99,Variant,unlimited_lives,UnlimitedLives,minutes,ArcheryArena,reward_event,meta,27166.0,5879.0,182010.0,,,6.7,2.27
E. 40-99,Variant,unlimited_lives,UnlimitedLives,minutes,kite_festival_event,reward_event,meta,27166.0,3188.0,106825.0,,,3.932,1.33
E. 40-99,Variant,unlimited_lives,UnlimitedLives,minutes,bomb_ballet_event,reward_event,meta,27166.0,1637.0,91470.0,,,3.367,1.14
E. 40-99,Variant,unlimited_lives,UnlimitedLives,minutes,ad_chest,ad_chest,ads,27166.0,2225.0,31450.0,,,1.158,0.39
E. 40-99,Variant,unlimited_lives,UnlimitedLives,minutes,offer_free_items,rolling_offer,meta,27166.0,513.0,25460.0,,,0.937,0.32
E. 40-99,Variant,unlimited_lives,UnlimitedLives,minutes,reward_chest,reward_chest,other,27166.0,686.0,21000.0,,,0.773,0.26
E. 40-99,Variant,unlimited_lives,UnlimitedLives,minutes,race_event,reward_event,meta,27166.0,187.0,9480.0,,,0.349,0.12
E. 40-99,Variant,unlimited_lives,UnlimitedLives,minutes,great_offer1_199_tier3,purchase,purchase,27166.0,26.0,9360.0,,,0.345,0.12
E. 40-99,Variant,unlimited_lives,UnlimitedLives,minutes,season_pass_event,reward_event,meta,27166.0,109.0,9305.0,,,0.343,0.12
E. 40-99,Variant,unlimited_lives,UnlimitedLives,minutes,great_offer1_299,purchase,purchase,27166.0,11.0,3960.0,,,0.146,0.05
E. 40-99,Variant,unlimited_lives,UnlimitedLives,minutes,Hard_Level_Offer1,purchase,purchase,27166.0,150.0,3040.0,,,0.112,0.04
E. 40-99,Variant,unlimited_lives,UnlimitedLives,minutes,Hard_level_offer1_tier3,purchase,purchase,27166.0,140.0,2840.0,,,0.105,0.04
E. 40-99,Variant,unlimited_lives,UnlimitedLives,minutes,bundle_6_with_prelevel_boosters_tier3,purchase,purchase,27166.0,1.0,1440.0,,,0.053,0.02
E. 40-99,Variant,unlimited_lives,UnlimitedLives,minutes,bundle_6_with_prelevel_boosters2,purchase,purchase,27166.0,1.0,1080.0,,,0.04,0.01
E. 40-99,Variant,unlimited_lives,UnlimitedLives,minutes,bundle_3_with_prelevel_boosters2,purchase,purchase,27166.0,7.0,960.0,,,0.035,0.01
E. 40-99,Variant,unlimited_lives,UnlimitedLives,minutes,rolling_offer_p049_tier3,purchase,purchase,27166.0,20.0,900.0,,,0.033,0.01
E. 40-99,Variant,unlimited_lives,UnlimitedLives,minutes,bundle_5_with_prelevel_boosters_tier3,purchase,purchase,27166.0,1.0,720.0,,,0.027,0.01
E. 40-99,Variant,unlimited_lives,UnlimitedLives,minutes,rolling_offer_tier1_p299_tier3,purchase,purchase,27166.0,18.0,540.0,,,0.02,0.01
E. 40-99,Variant,unlimited_lives,UnlimitedLives,minutes,rolling_offer_tier1_p1499_VarA,purchase,purchase,27166.0,4.0,480.0,,,0.018,0.01
E. 40-99,Variant,unlimited_lives,UnlimitedLives,minutes,gift,gift,other,27166.0,12.0,450.0,,,0.017,0.01
E. 40-99,Variant,unlimited_lives,UnlimitedLives,minutes,league_rank_up,league_reward,meta,27166.0,7.0,426.0,,,0.016,0.01
E. 40-99,Variant,unlimited_lives,UnlimitedLives,minutes,rolling_offer_p349_tier3,purchase,purchase,27166.0,7.0,420.0,,,0.015,0.01
E. 40-99,Variant,unlimited_lives,UnlimitedLives,minutes,rolling_offer_p099_VarA,purchase,purchase,27166.0,9.0,405.0,,,0.015,0.01
E. 40-99,Variant,unlimited_lives,UnlimitedLives,minutes,rolling_offer_tier1_p799_tier3,purchase,purchase,27166.0,3.0,360.0,,,0.013,0.0
E. 40-99,Variant,unlimited_lives,UnlimitedLives,minutes,bundle_4_with_prelevel_boosters_tier3,purchase,purchase,27166.0,1.0,360.0,,,0.013,0.0
E. 40-99,Variant,unlimited_lives,UnlimitedLives,minutes,bundle_4_with_prelevel_boosters2,purchase,purchase,27166.0,1.0,360.0,,,0.013,0.0
E. 40-99,Variant,unlimited_lives,UnlimitedLives,minutes,rolling_offer_p799_VarA,purchase,purchase,27166.0,6.0,360.0,,,0.013,0.0
E. 40-99,Variant,unlimited_lives,UnlimitedLives,minutes,rolling_offer_tier1_p499_VarA,purchase,purchase,27166.0,8.0,320.0,,,0.012,0.0
E. 40-99,Variant,unlimited_lives,UnlimitedLives,minutes,wager_event,reward_event,meta,27166.0,1.0,250.0,,,0.009,0.0
E. 40-99,Variant,unlimited_lives,UnlimitedLives,minutes,Photoshoot,reward_event,meta,27166.0,4.0,150.0,,,0.006,0.0
E. 40-99,Variant,unlimited_lives,UnlimitedLives,minutes,rolling_offer_p1999_VarA,purchase,purchase,27166.0,1.0,120.0,,,0.004,0.0
E. 40-99,Variant,unlimited_lives,UnlimitedLives,minutes,river_rush,reward_event,meta,27166.0,3.0,60.0,,,0.002,0.0
E. 40-99,Variant,unlimited_lives,UnlimitedLives,minutes,January,reward_event,meta,27166.0,1.0,15.0,,,0.001,0.0
F. 100+,Control,Avatar,Avatar,items,saga_progression,chapter_complete,core,4096.0,2444.0,7837.0,,,1.913,99.97
F. 100+,Control,Avatar,Avatar,items,single_collection,reward_event,meta,4096.0,1.0,1.0,,,0.0,0.01
F. 100+,Control,Avatar,Avatar,items,dream_pass_event,reward_event,meta,4096.0,1.0,1.0,,,0.0,0.01
F. 100+,Control,currency,HardCoin,coins,saga_progression,chapter_complete,core,4096.0,4056.0,1092390.0,1092390.0,0.0,266.697,38.4
F. 100+,Control,currency,HardCoin,coins,player_level_up,reward_chest,core,4096.0,3867.0,707605.0,707605.0,0.0,172.755,24.87
F. 100+,Control,currency,HardCoin,coins,single_collection,reward_event,meta,4096.0,609.0,104050.0,104050.0,0.0,25.403,3.66
F. 100+,Control,currency,HardCoin,coins,dream_pass_event,reward_event,meta,4096.0,1371.0,80950.0,80950.0,0.0,19.763,2.85
F. 100+,Control,currency,HardCoin,coins,daily_reward,daily_reward,core,4096.0,2212.0,75730.0,75730.0,0.0,18.489,2.66
F. 100+,Control,currency,HardCoin,coins,river_rush,reward_event,meta,4096.0,400.0,74040.0,74040.0,0.0,18.076,2.6
F. 100+,Control,currency,HardCoin,coins,race_event,reward_event,meta,4096.0,984.0,70425.0,70425.0,0.0,17.194,2.48
F. 100+,Control,currency,HardCoin,coins,ArcheryArena,reward_event,meta,4096.0,287.0,47550.0,47550.0,0.0,11.609,1.67
F. 100+,Control,currency,HardCoin,coins,Jigsaw,reward_event,meta,4096.0,943.0,47475.0,47475.0,0.0,11.591,1.67
F. 100+,Control,currency,HardCoin,coins,red_event,reward_event,meta,4096.0,284.0,46950.0,46950.0,0.0,11.462,1.65
F. 100+,Control,currency,HardCoin,coins,Hatchling Hideaway,event_reward,meta,4096.0,1007.0,46205.0,46205.0,0.0,11.281,1.62
F. 100+,Control,currency,HardCoin,coins,bomb_event,reward_event,meta,4096.0,277.0,43150.0,43150.0,0.0,10.535,1.52
F. 100+,Control,currency,HardCoin,coins,team_versus,reward_event,meta,4096.0,340.0,34100.0,34100.0,0.0,8.325,1.2
F. 100+,Control,currency,HardCoin,coins,team_collection,reward_event,meta,4096.0,245.0,33540.0,33540.0,0.0,8.188,1.18
F. 100+,Control,currency,HardCoin,coins,reward_chest,reward_chest,other,4096.0,277.0,32920.0,32920.0,0.0,8.037,1.16
F. 100+,Control,currency,HardCoin,coins,bundle_3_with_prelevel_boosters_tier3,purchase,purchase,4096.0,12.0,32000.0,0.0,32000.0,7.813,1.12
F. 100+,Control,currency,HardCoin,coins,team_versus_contribution,reward_event,meta,4096.0,419.0,25230.0,25230.0,0.0,6.16,0.89
F. 100+,Control,currency,HardCoin,coins,xs_coins2,purchase,purchase,4096.0,54.0,23200.0,0.0,23200.0,5.664,0.82
F. 100+,Control,currency,HardCoin,coins,ad_chest,ad_chest,ads,4096.0,928.0,22615.0,22615.0,0.0,5.521,0.79
F. 100+,Control,currency,HardCoin,coins,bundle_1_with_prelevel_boosters_tier3,purchase,purchase,4096.0,38.0,19200.0,0.0,19200.0,4.688,0.67
F. 100+,Control,currency,HardCoin,coins,facebook_like,facebook_like,other,4096.0,160.0,19000.0,19000.0,0.0,4.639,0.67
F. 100+,Control,currency,HardCoin,coins,xs_coins_tier3,purchase,purchase,4096.0,47.0,15600.0,0.0,15600.0,3.809,0.55
F. 100+,Control,currency,HardCoin,coins,m_coins_tier3,purchase,purchase,4096.0,8.0,15000.0,0.0,15000.0,3.662,0.53
F. 100+,Control,currency,HardCoin,coins,bomb_ballet_event,reward_event,meta,4096.0,383.0,13750.0,13750.0,0.0,3.357,0.48
F. 100+,Control,currency,HardCoin,coins,s_coins_tier3,purchase,purchase,4096.0,11.0,12000.0,0.0,12000.0,2.93,0.42
F. 100+,Control,currency,HardCoin,coins,special_offer1_tier3,purchase,purchase,4096.0,37.0,11100.0,0.0,11100.0,2.71,0.39
F. 100+,Control,currency,HardCoin,coins,kite_festival_event,reward_event,meta,4096.0,40.0,10100.0,10100.0,0.0,2.466,0.36
F. 100+,Control,currency,HardCoin,coins,bundle_2_with_prelevel_boosters2,purchase,purchase,4096.0,7.0,7500.0,0.0,7500.0,1.831,0.26
F. 100+,Control,currency,HardCoin,coins,bundle_2_with_prelevel_boosters_tier3,purchase,purchase,4096.0,12.0,7000.0,0.0,7000.0,1.709,0.25
F. 100+,Control,currency,HardCoin,coins,special_offer1,purchase,purchase,4096.0,23.0,6900.0,0.0,6900.0,1.685,0.24
F. 100+,Control,currency,HardCoin,coins,rolling_offer_p349_tier3,purchase,purchase,4096.0,8.0,4400.0,0.0,4400.0,1.074,0.15
F. 100+,Control,currency,HardCoin,coins,bundle_4_with_prelevel_boosters_tier3,purchase,purchase,4096.0,2.0,4000.0,0.0,4000.0,0.977,0.14
F. 100+,Control,currency,HardCoin,coins,offer_free_items,rolling_offer,meta,4096.0,28.0,3750.0,3750.0,0.0,0.916,0.13
F. 100+,Control,currency,HardCoin,coins,rolling_offer_tier1_p799_tier3,purchase,purchase,4096.0,3.0,3300.0,0.0,3300.0,0.806,0.12
F. 100+,Control,currency,HardCoin,coins,rolling_offer_tier1_p299_tier3,purchase,purchase,4096.0,8.0,3200.0,0.0,3200.0,0.781,0.11
F. 100+,Control,currency,HardCoin,coins,Hard_Level_Offer1,purchase,purchase,4096.0,29.0,3000.0,0.0,3000.0,0.732,0.11
F. 100+,Control,currency,HardCoin,coins,s_coins2,purchase,purchase,4096.0,5.0,3000.0,0.0,3000.0,0.732,0.11
F. 100+,Control,currency,HardCoin,coins,rolling_offer_p999_tier3,purchase,purchase,4096.0,2.0,2800.0,0.0,2800.0,0.684,0.1
F. 100+,Control,currency,HardCoin,coins,Hard_level_offer1_tier3,purchase,purchase,4096.0,28.0,2800.0,0.0,2800.0,0.684,0.1
F. 100+,Control,currency,HardCoin,coins,heart_gift,heart_gift,other,4096.0,838.0,2578.0,2578.0,0.0,0.629,0.09
F. 100+,Control,currency,HardCoin,coins,rolling_offer_p049_tier3,purchase,purchase,4096.0,17.0,2550.0,0.0,2550.0,0.623,0.09
F. 100+,Control,currency,HardCoin,coins,bundle_2_with_prelevel_boosters,purchase,purchase,4096.0,4.0,2500.0,0.0,2500.0,0.61,0.09
F. 100+,Control,currency,HardCoin,coins,special_offer12,purchase,purchase,4096.0,1.0,2400.0,0.0,2400.0,0.586,0.08
F. 100+,Control,currency,HardCoin,coins,rolling_offer_tier1_p199_tier3,purchase,purchase,4096.0,12.0,2400.0,0.0,2400.0,0.586,0.08
F. 100+,Control,currency,HardCoin,coins,rolling_offer_tier1_p499_VarA,purchase,purchase,4096.0,8.0,2400.0,0.0,2400.0,0.586,0.08
F. 100+,Control,currency,HardCoin,coins,bundle_7_with_prelevel_boosters2,purchase,purchase,4096.0,6.0,2100.0,0.0,2100.0,0.513,0.07
F. 100+,Control,currency,HardCoin,coins,rolling_offer_p799_VarA,purchase,purchase,4096.0,4.0,2000.0,0.0,2000.0,0.488,0.07
F. 100+,Control,currency,HardCoin,coins,bundle_1_with_prelevel_boosters,purchase,purchase,4096.0,9.0,1800.0,0.0,1800.0,0.439,0.06
F. 100+,Control,currency,HardCoin,coins,rolling_offer_tier1_p299,purchase,purchase,4096.0,9.0,1800.0,0.0,1800.0,0.439,0.06
F. 100+,Control,currency,HardCoin,coins,special_offer10_tier3,purchase,purchase,4096.0,3.0,1500.0,0.0,1500.0,0.366,0.05
F. 100+,Control,currency,HardCoin,coins,bundle_7_with_prelevel_boosters,purchase,purchase,4096.0,10.0,1500.0,0.0,1500.0,0.366,0.05
F. 100+,Control,currency,HardCoin,coins,rolling_offer_p099_VarA,purchase,purchase,4096.0,7.0,1400.0,0.0,1400.0,0.342,0.05
F. 100+,Control,currency,HardCoin,coins,bundle_7_with_prelevel_boosters_tier3,purchase,purchase,4096.0,9.0,1350.0,0.0,1350.0,0.33,0.05
F. 100+,Control,currency,HardCoin,coins,special_offer8,purchase,purchase,4096.0,5.0,1250.0,0.0,1250.0,0.305,0.04
F. 100+,Control,currency,HardCoin,coins,m_coins2,purchase,purchase,4096.0,1.0,1000.0,0.0,1000.0,0.244,0.04
F. 100+,Control,currency,HardCoin,coins,bundle_3_with_prelevel_boosters2,purchase,purchase,4096.0,1.0,1000.0,0.0,1000.0,0.244,0.04
F. 100+,Control,currency,HardCoin,coins,special_offer11_tier3,purchase,purchase,4096.0,1.0,1000.0,0.0,1000.0,0.244,0.04
F. 100+,Control,currency,HardCoin,coins,rolling_offer_tier1_p1499_VarA,purchase,purchase,4096.0,1.0,1000.0,0.0,1000.0,0.244,0.04
F. 100+,Control,currency,HardCoin,coins,special_offer10,purchase,purchase,4096.0,3.0,900.0,0.0,900.0,0.22,0.03
F. 100+,Control,currency,HardCoin,coins,special_offer8_tier3,purchase,purchase,4096.0,2.0,800.0,0.0,800.0,0.195,0.03
F. 100+,Control,currency,HardCoin,coins,great_offer1_199_tier3,purchase,purchase,4096.0,6.0,600.0,0.0,600.0,0.146,0.02
F. 100+,Control,currency,HardCoin,coins,great_offer1_299,purchase,purchase,4096.0,3.0,300.0,0.0,300.0,0.073,0.01
F. 100+,Control,currency,HardCoin,coins,special_offer9_tier3,purchase,purchase,4096.0,1.0,300.0,0.0,300.0,0.073,0.01
F. 100+,Control,currency,HardCoin,coins,season_pass_event,reward_event,meta,4096.0,12.0,260.0,260.0,0.0,0.063,0.01
F. 100+,Control,currency,HardCoin,coins,special_offer9,purchase,purchase,4096.0,1.0,250.0,0.0,250.0,0.061,0.01
F. 100+,Control,currency,HardCoin,coins,chuck_event,reward_event,meta,4096.0,1.0,200.0,200.0,0.0,0.049,0.01
F. 100+,Control,currency,HardCoin,coins,league_rank_up,league_reward,meta,4096.0,1.0,80.0,80.0,0.0,0.02,0.0
F. 100+,Control,currency,HardCoin,coins,event_progress,reward_event,meta,4096.0,1.0,50.0,50.0,0.0,0.012,0.0
F. 100+,Control,currency,HardCoin,coins,dreamheist_event,reward_event,meta,4096.0,1.0,5.0,5.0,0.0,0.001,0.0
F. 100+,Control,dream_pass_tokens,DreamPassToken,items,offer_free_items,rolling_offer,meta,4096.0,1175.0,60320.0,,,14.727,36.78
F. 100+,Control,dream_pass_tokens,DreamPassToken,items,race_event,reward_event,meta,4096.0,1140.0,57510.0,,,14.041,35.06
F. 100+,Control,dream_pass_tokens,DreamPassToken,items,FlockRush,event_reward,meta,4096.0,920.0,18740.0,,,4.575,11.43
F. 100+,Control,dream_pass_tokens,DreamPassToken,items,kite_festival_event,reward_event,meta,4096.0,52.0,15880.0,,,3.877,9.68
F. 100+,Control,dream_pass_tokens,DreamPassToken,items,river_rush,reward_event,meta,4096.0,211.0,11570.0,,,2.825,7.05
F. 100+,Control,life,life,items,ask_for_lives,ask_for_lives,other,4096.0,411.0,1830.0,,,0.447,78.37
F. 100+,Control,life,life,items,ad_life,ad_life,ads,4096.0,318.0,505.0,,,0.123,21.63
F. 100+,Control,life,liferefill,items,coin_purchase,coin_purchase,other,4096.0,370.0,3870.0,,,0.945,100.0
F. 100+,Control,orb,Movie_Magic,items,dream_pass_event,reward_event,meta,4096.0,1.0,1.0,,,0.0,100.0
F. 100+,Control,orb,Reds_Greatest_Challenge,items,dream_pass_event,reward_event,meta,4096.0,328.0,328.0,,,0.08,100.0
F. 100+,Control,powerup,powerup_1,items,saga_progression,chapter_complete,core,4096.0,3614.0,5071.0,,,1.238,39.82
F. 100+,Control,powerup,powerup_1,items,player_level_up,reward_chest,core,4096.0,2273.0,2457.0,,,0.6,19.29
F. 100+,Control,powerup,powerup_1,items,Hatchling Hideaway,event_reward,meta,4096.0,630.0,658.0,,,0.161,5.17
F. 100+,Control,powerup,powerup_1,items,river_rush,reward_event,meta,4096.0,346.0,612.0,,,0.149,4.81
F. 100+,Control,powerup,powerup_1,items,race_event,reward_event,meta,4096.0,500.0,508.0,,,0.124,3.99
F. 100+,Control,powerup,powerup_1,items,team_versus,reward_event,meta,4096.0,437.0,439.0,,,0.107,3.45
F. 100+,Control,powerup,powerup_1,items,single_collection,reward_event,meta,4096.0,422.0,437.0,,,0.107,3.43
F. 100+,Control,powerup,powerup_1,items,Jigsaw,reward_event,meta,4096.0,369.0,371.0,,,0.091,2.91
F. 100+,Control,powerup,powerup_1,items,team_versus_contribution,reward_event,meta,4096.0,330.0,331.0,,,0.081,2.6
F. 100+,Control,powerup,powerup_1,items,reward_chest,reward_chest,other,4096.0,277.0,303.0,,,0.074,2.38
F. 100+,Control,powerup,powerup_1,items,ad_chest,ad_chest,ads,4096.0,202.0,236.0,,,0.058,1.85
F. 100+,Control,powerup,powerup_1,items,ArcheryArena,reward_event,meta,4096.0,195.0,197.0,,,0.048,1.55
F. 100+,Control,powerup,powerup_1,items,red_event,reward_event,meta,4096.0,177.0,189.0,,,0.046,1.48
F. 100+,Control,powerup,powerup_1,items,bomb_event,reward_event,meta,4096.0,169.0,172.0,,,0.042,1.35
F. 100+,Control,powerup,powerup_1,items,team_collection,reward_event,meta,4096.0,116.0,123.0,,,0.03,0.97
F. 100+,Control,powerup,powerup_1,items,dream_pass_event,reward_event,meta,4096.0,45.0,113.0,,,0.028,0.89
F. 100+,Control,powerup,powerup_1,items,bundle_1_with_prelevel_boosters_tier3,purchase,purchase,4096.0,38.0,96.0,,,0.023,0.75
F. 100+,Control,powerup,powerup_1,items,bundle_3_with_prelevel_boosters_tier3,purchase,purchase,4096.0,12.0,64.0,,,0.016,0.5
F. 100+,Control,powerup,powerup_1,items,daily_reward,daily_reward,core,4096.0,49.0,50.0,,,0.012,0.39
F. 100+,Control,powerup,powerup_1,items,ingame,purchase,purchase,4096.0,15.0,45.0,,,0.011,0.35
F. 100+,Control,powerup,powerup_1,items,bundle_2_with_prelevel_boosters2,purchase,purchase,4096.0,7.0,30.0,,,0.007,0.24
F. 100+,Control,powerup,powerup_1,items,kite_festival_event,reward_event,meta,4096.0,26.0,26.0,,,0.006,0.2
F. 100+,Control,powerup,powerup_1,items,offer_free_items,rolling_offer,meta,4096.0,21.0,24.0,,,0.006,0.19
F. 100+,Control,powerup,powerup_1,items,rolling_offer_p049_tier3,purchase,purchase,4096.0,17.0,17.0,,,0.004,0.13
F. 100+,Control,powerup,powerup_1,items,bundle_2_with_prelevel_boosters_tier3,purchase,purchase,4096.0,12.0,14.0,,,0.003,0.11
F. 100+,Control,powerup,powerup_1,items,rolling_offer_tier1_p199_tier3,purchase,purchase,4096.0,12.0,12.0,,,0.003,0.09
F. 100+,Control,powerup,powerup_1,items,bundle_4_with_prelevel_boosters_tier3,purchase,purchase,4096.0,2.0,10.0,,,0.002,0.08
F. 100+,Control,powerup,powerup_1,items,bundle_7_with_prelevel_boosters,purchase,purchase,4096.0,10.0,10.0,,,0.002,0.08
F. 100+,Control,powerup,powerup_1,items,bomb_ballet_event,reward_event,meta,4096.0,10.0,10.0,,,0.002,0.08
F. 100+,Control,powerup,powerup_1,items,bundle_1_with_prelevel_boosters,purchase,purchase,4096.0,9.0,9.0,,,0.002,0.07
F. 100+,Control,powerup,powerup_1,items,rolling_offer_tier1_p299,purchase,purchase,4096.0,9.0,9.0,,,0.002,0.07
F. 100+,Control,powerup,powerup_1,items,bundle_7_with_prelevel_boosters_tier3,purchase,purchase,4096.0,9.0,9.0,,,0.002,0.07
F. 100+,Control,powerup,powerup_1,items,rolling_offer_p349_tier3,purchase,purchase,4096.0,8.0,8.0,,,0.002,0.06
F. 100+,Control,powerup,powerup_1,items,rolling_offer_tier1_p499_VarA,purchase,purchase,4096.0,8.0,8.0,,,0.002,0.06
F. 100+,Control,powerup,powerup_1,items,rolling_offer_tier1_p299_tier3,purchase,purchase,4096.0,8.0,8.0,,,0.002,0.06
F. 100+,Control,powerup,powerup_1,items,rolling_offer_p099_VarA,purchase,purchase,4096.0,7.0,7.0,,,0.002,0.05
F. 100+,Control,powerup,powerup_1,items,bundle_7_with_prelevel_boosters2,purchase,purchase,4096.0,6.0,7.0,,,0.002,0.05
F. 100+,Control,powerup,powerup_1,items,special_offer12,purchase,purchase,4096.0,1.0,6.0,,,0.001,0.05
F. 100+,Control,powerup,powerup_1,items,special_offer8,purchase,purchase,4096.0,5.0,5.0,,,0.001,0.04
F. 100+,Control,powerup,powerup_1,items,bundle_2_with_prelevel_boosters,purchase,purchase,4096.0,4.0,5.0,,,0.001,0.04
F. 100+,Control,powerup,powerup_1,items,rolling_offer_p799_VarA,purchase,purchase,4096.0,4.0,4.0,,,0.001,0.03
F. 100+,Control,powerup,powerup_1,items,bundle_3_with_prelevel_boosters2,purchase,purchase,4096.0,1.0,4.0,,,0.001,0.03
F. 100+,Control,powerup,powerup_1,items,rolling_offer_p999_tier3,purchase,purchase,4096.0,2.0,4.0,,,0.001,0.03
F. 100+,Control,powerup,powerup_1,items,special_offer10,purchase,purchase,4096.0,3.0,3.0,,,0.001,0.02
F. 100+,Control,powerup,powerup_1,items,rolling_offer_tier1_p799_tier3,purchase,purchase,4096.0,3.0,3.0,,,0.001,0.02
F. 100+,Control,powerup,powerup_1,items,special_offer10_tier3,purchase,purchase,4096.0,3.0,3.0,,,0.001,0.02
F. 100+,Control,powerup,powerup_1,items,special_offer11_tier3,purchase,purchase,4096.0,1.0,3.0,,,0.001,0.02
F. 100+,Control,powerup,powerup_1,items,special_offer8_tier3,purchase,purchase,4096.0,2.0,2.0,,,0.0,0.02
F. 100+,Control,powerup,powerup_1,items,special_offer9,purchase,purchase,4096.0,1.0,1.0,,,0.0,0.01
F. 100+,Control,powerup,powerup_1,items,chuck_event,reward_event,meta,4096.0,1.0,1.0,,,0.0,0.01
F. 100+,Control,powerup,powerup_1,items,special_offer9_tier3,purchase,purchase,4096.0,1.0,1.0,,,0.0,0.01
F. 100+,Control,powerup,powerup_1,items,rolling_offer_tier1_p1499_VarA,purchase,purchase,4096.0,1.0,1.0,,,0.0,0.01
F. 100+,Control,powerup,powerup_2,items,saga_progression,chapter_complete,core,4096.0,3722.0,10124.0,,,2.472,44.11
F. 100+,Control,powerup,powerup_2,items,player_level_up,reward_chest,core,4096.0,2902.0,6293.0,,,1.536,27.42
F. 100+,Control,powerup,powerup_2,items,FlockRush,event_reward,meta,4096.0,950.0,972.0,,,0.237,4.23
F. 100+,Control,powerup,powerup_2,items,Hatchling Hideaway,event_reward,meta,4096.0,770.0,779.0,,,0.19,3.39
F. 100+,Control,powerup,powerup_2,items,river_rush,reward_event,meta,4096.0,373.0,757.0,,,0.185,3.3
F. 100+,Control,powerup,powerup_2,items,daily_reward,daily_reward,core,4096.0,736.0,740.0,,,0.181,3.22
F. 100+,Control,powerup,powerup_2,items,dream_pass_event,reward_event,meta,4096.0,386.0,519.0,,,0.127,2.26
F. 100+,Control,powerup,powerup_2,items,ad_chest,ad_chest,ads,4096.0,386.0,472.0,,,0.115,2.06
F. 100+,Control,powerup,powerup_2,items,Jigsaw,reward_event,meta,4096.0,388.0,393.0,,,0.096,1.71
F. 100+,Control,powerup,powerup_2,items,reward_chest,reward_chest,other,4096.0,277.0,342.0,,,0.083,1.49
F. 100+,Control,powerup,powerup_2,items,team_collection,reward_event,meta,4096.0,147.0,280.0,,,0.068,1.22
F. 100+,Control,powerup,powerup_2,items,ingame,purchase,purchase,4096.0,47.0,255.0,,,0.062,1.11
F. 100+,Control,powerup,powerup_2,items,race_event,reward_event,meta,4096.0,200.0,203.0,,,0.05,0.88
F. 100+,Control,powerup,powerup_2,items,team_versus,reward_event,meta,4096.0,134.0,135.0,,,0.033,0.59
F. 100+,Control,powerup,powerup_2,items,offer_free_items,rolling_offer,meta,4096.0,63.0,102.0,,,0.025,0.44
F. 100+,Control,powerup,powerup_2,items,bundle_1_with_prelevel_boosters_tier3,purchase,purchase,4096.0,38.0,96.0,,,0.023,0.42
F. 100+,Control,powerup,powerup_2,items,bundle_3_with_prelevel_boosters_tier3,purchase,purchase,4096.0,12.0,64.0,,,0.016,0.28
F. 100+,Control,powerup,powerup_2,items,single_collection,reward_event,meta,4096.0,46.0,49.0,,,0.012,0.21
F. 100+,Control,powerup,powerup_2,items,bomb_ballet_event,reward_event,meta,4096.0,49.0,49.0,,,0.012,0.21
F. 100+,Control,powerup,powerup_2,items,bomb_event,reward_event,meta,4096.0,41.0,43.0,,,0.01,0.19
F. 100+,Control,powerup,powerup_2,items,team_versus_contribution,reward_event,meta,4096.0,32.0,32.0,,,0.008,0.14
F. 100+,Control,powerup,powerup_2,items,bundle_2_with_prelevel_boosters2,purchase,purchase,4096.0,7.0,30.0,,,0.007,0.13
F. 100+,Control,powerup,powerup_2,items,red_event,reward_event,meta,4096.0,20.0,21.0,,,0.005,0.09
F. 100+,Control,powerup,powerup_2,items,bundle_2_with_prelevel_boosters_tier3,purchase,purchase,4096.0,12.0,14.0,,,0.003,0.06
F. 100+,Control,powerup,powerup_2,items,rolling_offer_tier1_p199_tier3,purchase,purchase,4096.0,12.0,12.0,,,0.003,0.05
F. 100+,Control,powerup,powerup_2,items,special_offer12,purchase,purchase,4096.0,1.0,12.0,,,0.003,0.05
F. 100+,Control,powerup,powerup_2,items,ArcheryArena,reward_event,meta,4096.0,11.0,11.0,,,0.003,0.05
F. 100+,Control,powerup,powerup_2,items,bundle_7_with_prelevel_boosters,purchase,purchase,4096.0,10.0,10.0,,,0.002,0.04
F. 100+,Control,powerup,powerup_2,items,bundle_4_with_prelevel_boosters_tier3,purchase,purchase,4096.0,2.0,10.0,,,0.002,0.04
F. 100+,Control,powerup,powerup_2,items,special_offer8,purchase,purchase,4096.0,5.0,10.0,,,0.002,0.04
F. 100+,Control,powerup,powerup_2,items,special_offer10_tier3,purchase,purchase,4096.0,3.0,9.0,,,0.002,0.04
F. 100+,Control,powerup,powerup_2,items,bundle_7_with_prelevel_boosters_tier3,purchase,purchase,4096.0,9.0,9.0,,,0.002,0.04
F. 100+,Control,powerup,powerup_2,items,bundle_1_with_prelevel_boosters,purchase,purchase,4096.0,9.0,9.0,,,0.002,0.04
F. 100+,Control,powerup,powerup_2,items,rolling_offer_tier1_p299,purchase,purchase,4096.0,9.0,9.0,,,0.002,0.04
F. 100+,Control,powerup,powerup_2,items,special_offer10,purchase,purchase,4096.0,3.0,9.0,,,0.002,0.04
F. 100+,Control,powerup,powerup_2,items,rolling_offer_tier1_p499_VarA,purchase,purchase,4096.0,8.0,8.0,,,0.002,0.03
F. 100+,Control,powerup,powerup_2,items,rolling_offer_tier1_p299_tier3,purchase,purchase,4096.0,8.0,8.0,,,0.002,0.03
F. 100+,Control,powerup,powerup_2,items,rolling_offer_p349_tier3,purchase,purchase,4096.0,8.0,8.0,,,0.002,0.03
F. 100+,Control,powerup,powerup_2,items,bundle_7_with_prelevel_boosters2,purchase,purchase,4096.0,6.0,7.0,,,0.002,0.03
F. 100+,Control,powerup,powerup_2,items,rolling_offer_p999_tier3,purchase,purchase,4096.0,2.0,6.0,,,0.001,0.03
F. 100+,Control,powerup,powerup_2,items,kite_festival_event,reward_event,meta,4096.0,6.0,6.0,,,0.001,0.03
F. 100+,Control,powerup,powerup_2,items,rolling_offer_tier1_p799_tier3,purchase,purchase,4096.0,3.0,6.0,,,0.001,0.03
F. 100+,Control,powerup,powerup_2,items,bundle_2_with_prelevel_boosters,purchase,purchase,4096.0,4.0,5.0,,,0.001,0.02
F. 100+,Control,powerup,powerup_2,items,rolling_offer_p799_VarA,purchase,purchase,4096.0,4.0,4.0,,,0.001,0.02
F. 100+,Control,powerup,powerup_2,items,special_offer8_tier3,purchase,purchase,4096.0,2.0,4.0,,,0.001,0.02
F. 100+,Control,powerup,powerup_2,items,bundle_3_with_prelevel_boosters2,purchase,purchase,4096.0,1.0,4.0,,,0.001,0.02
F. 100+,Control,powerup,powerup_2,items,special_offer11_tier3,purchase,purchase,4096.0,1.0,3.0,,,0.001,0.01
F. 100+,Control,powerup,powerup_2,items,special_offer9,purchase,purchase,4096.0,1.0,2.0,,,0.0,0.01
F. 100+,Control,powerup,powerup_2,items,special_offer9_tier3,purchase,purchase,4096.0,1.0,2.0,,,0.0,0.01
F. 100+,Control,powerup,powerup_2,items,rolling_offer_tier1_p1499_VarA,purchase,purchase,4096.0,1.0,2.0,,,0.0,0.01
F. 100+,Control,powerup,powerup_2,items,chuck_event,reward_event,meta,4096.0,1.0,1.0,,,0.0,0.0
F. 100+,Control,powerup,powerup_2,items,league_rank_up,league_reward,meta,4096.0,1.0,1.0,,,0.0,0.0
F. 100+,Control,powerup,powerup_2,items,season_pass_event,reward_event,meta,4096.0,1.0,1.0,,,0.0,0.0
F. 100+,Control,powerup,powerup_3,items,saga_progression,chapter_complete,core,4096.0,3711.0,10163.0,,,2.481,43.21
F. 100+,Control,powerup,powerup_3,items,player_level_up,reward_chest,core,4096.0,3350.0,7053.0,,,1.722,29.99
F. 100+,Control,powerup,powerup_3,items,dream_pass_event,reward_event,meta,4096.0,986.0,1247.0,,,0.304,5.3
F. 100+,Control,powerup,powerup_3,items,Hatchling Hideaway,event_reward,meta,4096.0,803.0,817.0,,,0.199,3.47
F. 100+,Control,powerup,powerup_3,items,river_rush,reward_event,meta,4096.0,297.0,477.0,,,0.116,2.03
F. 100+,Control,powerup,powerup_3,items,ad_chest,ad_chest,ads,4096.0,378.0,453.0,,,0.111,1.93
F. 100+,Control,powerup,powerup_3,items,facebook_like,facebook_like,other,4096.0,160.0,380.0,,,0.093,1.62
F. 100+,Control,powerup,powerup_3,items,team_versus,reward_event,meta,4096.0,376.0,378.0,,,0.092,1.61
F. 100+,Control,powerup,powerup_3,items,daily_reward,daily_reward,core,4096.0,365.0,369.0,,,0.09,1.57
F. 100+,Control,powerup,powerup_3,items,reward_chest,reward_chest,other,4096.0,277.0,360.0,,,0.088,1.53
F. 100+,Control,powerup,powerup_3,items,race_event,reward_event,meta,4096.0,286.0,291.0,,,0.071,1.24
F. 100+,Control,powerup,powerup_3,items,single_collection,reward_event,meta,4096.0,232.0,236.0,,,0.058,1.0
F. 100+,Control,powerup,powerup_3,items,team_collection,reward_event,meta,4096.0,98.0,198.0,,,0.048,0.84
F. 100+,Control,powerup,powerup_3,items,bomb_event,reward_event,meta,4096.0,153.0,157.0,,,0.038,0.67
F. 100+,Control,powerup,powerup_3,items,ingame,purchase,purchase,4096.0,32.0,144.0,,,0.035,0.61
F. 100+,Control,powerup,powerup_3,items,red_event,reward_event,meta,4096.0,131.0,134.0,,,0.033,0.57
F. 100+,Control,powerup,powerup_3,items,ArcheryArena,reward_event,meta,4096.0,117.0,122.0,,,0.03,0.52
F. 100+,Control,powerup,powerup_3,items,bundle_1_with_prelevel_boosters_tier3,purchase,purchase,4096.0,38.0,96.0,,,0.023,0.41
F. 100+,Control,powerup,powerup_3,items,offer_free_items,rolling_offer,meta,4096.0,51.0,77.0,,,0.019,0.33
F. 100+,Control,powerup,powerup_3,items,bundle_3_with_prelevel_boosters_tier3,purchase,purchase,4096.0,12.0,64.0,,,0.016,0.27
F. 100+,Control,powerup,powerup_3,items,team_versus_contribution,reward_event,meta,4096.0,58.0,58.0,,,0.014,0.25
F. 100+,Control,powerup,powerup_3,items,bundle_2_with_prelevel_boosters2,purchase,purchase,4096.0,7.0,30.0,,,0.007,0.13
F. 100+,Control,powerup,powerup_3,items,kite_festival_event,reward_event,meta,4096.0,18.0,19.0,,,0.005,0.08
F. 100+,Control,powerup,powerup_3,items,bundle_2_with_prelevel_boosters_tier3,purchase,purchase,4096.0,12.0,14.0,,,0.003,0.06
F. 100+,Control,powerup,powerup_3,items,special_offer12,purchase,purchase,4096.0,1.0,12.0,,,0.003,0.05
F. 100+,Control,powerup,powerup_3,items,rolling_offer_tier1_p199_tier3,purchase,purchase,4096.0,12.0,12.0,,,0.003,0.05
F. 100+,Control,powerup,powerup_3,items,bomb_ballet_event,reward_event,meta,4096.0,10.0,10.0,,,0.002,0.04
F. 100+,Control,powerup,powerup_3,items,special_offer8,purchase,purchase,4096.0,5.0,10.0,,,0.002,0.04
F. 100+,Control,powerup,powerup_3,items,bundle_7_with_prelevel_boosters,purchase,purchase,4096.0,10.0,10.0,,,0.002,0.04
F. 100+,Control,powerup,powerup_3,items,bundle_4_with_prelevel_boosters_tier3,purchase,purchase,4096.0,2.0,10.0,,,0.002,0.04
F. 100+,Control,powerup,powerup_3,items,rolling_offer_tier1_p299,purchase,purchase,4096.0,9.0,9.0,,,0.002,0.04
F. 100+,Control,powerup,powerup_3,items,bundle_1_with_prelevel_boosters,purchase,purchase,4096.0,9.0,9.0,,,0.002,0.04
F. 100+,Control,powerup,powerup_3,items,bundle_7_with_prelevel_boosters_tier3,purchase,purchase,4096.0,9.0,9.0,,,0.002,0.04
F. 100+,Control,powerup,powerup_3,items,special_offer10_tier3,purchase,purchase,4096.0,3.0,9.0,,,0.002,0.04
F. 100+,Control,powerup,powerup_3,items,special_offer10,purchase,purchase,4096.0,3.0,9.0,,,0.002,0.04
F. 100+,Control,powerup,powerup_3,items,rolling_offer_tier1_p299_tier3,purchase,purchase,4096.0,8.0,8.0,,,0.002,0.03
F. 100+,Control,powerup,powerup_3,items,rolling_offer_tier1_p499_VarA,purchase,purchase,4096.0,8.0,8.0,,,0.002,0.03
F. 100+,Control,powerup,powerup_3,items,rolling_offer_p349_tier3,purchase,purchase,4096.0,8.0,8.0,,,0.002,0.03
F. 100+,Control,powerup,powerup_3,items,bundle_7_with_prelevel_boosters2,purchase,purchase,4096.0,6.0,7.0,,,0.002,0.03
F. 100+,Control,powerup,powerup_3,items,rolling_offer_tier1_p799_tier3,purchase,purchase,4096.0,3.0,6.0,,,0.001,0.03
F. 100+,Control,powerup,powerup_3,items,rolling_offer_p999_tier3,purchase,purchase,4096.0,2.0,6.0,,,0.001,0.03
F. 100+,Control,powerup,powerup_3,items,bundle_2_with_prelevel_boosters,purchase,purchase,4096.0,4.0,5.0,,,0.001,0.02
F. 100+,Control,powerup,powerup_3,items,special_offer8_tier3,purchase,purchase,4096.0,2.0,4.0,,,0.001,0.02
F. 100+,Control,powerup,powerup_3,items,bundle_3_with_prelevel_boosters2,purchase,purchase,4096.0,1.0,4.0,,,0.001,0.02
F. 100+,Control,powerup,powerup_3,items,rolling_offer_p799_VarA,purchase,purchase,4096.0,4.0,4.0,,,0.001,0.02
F. 100+,Control,powerup,powerup_3,items,league_rank_up,league_reward,meta,4096.0,2.0,3.0,,,0.001,0.01
F. 100+,Control,powerup,powerup_3,items,season_pass_event,reward_event,meta,4096.0,3.0,3.0,,,0.001,0.01
F. 100+,Control,powerup,powerup_3,items,special_offer11_tier3,purchase,purchase,4096.0,1.0,3.0,,,0.001,0.01
F. 100+,Control,powerup,powerup_3,items,rolling_offer_tier1_p1499_VarA,purchase,purchase,4096.0,1.0,2.0,,,0.0,0.01
F. 100+,Control,powerup,powerup_3,items,special_offer9,purchase,purchase,4096.0,1.0,2.0,,,0.0,0.01
F. 100+,Control,powerup,powerup_3,items,special_offer9_tier3,purchase,purchase,4096.0,1.0,2.0,,,0.0,0.01
F. 100+,Control,pre_level_booster,pre_level_booster_1,items,saga_progression,chapter_complete,core,4096.0,3918.0,21480.0,,,5.244,66.81
F. 100+,Control,pre_level_booster,pre_level_booster_1,items,dream_pass_event,reward_event,meta,4096.0,1079.0,3320.0,,,0.811,10.33
F. 100+,Control,pre_level_booster,pre_level_booster_1,items,player_level_up,reward_chest,core,4096.0,2138.0,2335.0,,,0.57,7.26
F. 100+,Control,pre_level_booster,pre_level_booster_1,items,offer_free_items,rolling_offer,meta,4096.0,1247.0,1291.0,,,0.315,4.02
F. 100+,Control,pre_level_booster,pre_level_booster_1,items,FlockRush,event_reward,meta,4096.0,950.0,972.0,,,0.237,3.02
F. 100+,Control,pre_level_booster,pre_level_booster_1,items,Hatchling Hideaway,event_reward,meta,4096.0,820.0,842.0,,,0.206,2.62
F. 100+,Control,pre_level_booster,pre_level_booster_1,items,Jigsaw,reward_event,meta,4096.0,645.0,677.0,,,0.165,2.11
F. 100+,Control,pre_level_booster,pre_level_booster_1,items,bomb_ballet_event,reward_event,meta,4096.0,316.0,320.0,,,0.078,1.0
F. 100+,Control,pre_level_booster,pre_level_booster_1,items,reward_chest,reward_chest,other,4096.0,271.0,274.0,,,0.067,0.85
F. 100+,Control,pre_level_booster,pre_level_booster_1,items,river_rush,reward_event,meta,4096.0,157.0,197.0,,,0.048,0.61
F. 100+,Control,pre_level_booster,pre_level_booster_1,items,bundle_1_with_prelevel_boosters_tier3,purchase,purchase,4096.0,38.0,96.0,,,0.023,0.3
F. 100+,Control,pre_level_booster,pre_level_booster_1,items,bundle_3_with_prelevel_boosters_tier3,purchase,purchase,4096.0,12.0,64.0,,,0.016,0.2
F. 100+,Control,pre_level_booster,pre_level_booster_1,items,ingame,purchase,purchase,4096.0,11.0,45.0,,,0.011,0.14
F. 100+,Control,pre_level_booster,pre_level_booster_1,items,team_versus_contribution,reward_event,meta,4096.0,32.0,32.0,,,0.008,0.1
F. 100+,Control,pre_level_booster,pre_level_booster_1,items,bundle_2_with_prelevel_boosters2,purchase,purchase,4096.0,7.0,30.0,,,0.007,0.09
F. 100+,Control,pre_level_booster,pre_level_booster_1,items,race_event,reward_event,meta,4096.0,27.0,27.0,,,0.007,0.08
F. 100+,Control,pre_level_booster,pre_level_booster_1,items,ad_chest,ad_chest,ads,4096.0,18.0,18.0,,,0.004,0.06
F. 100+,Control,pre_level_booster,pre_level_booster_1,items,season_pass_event,reward_event,meta,4096.0,9.0,15.0,,,0.004,0.05
F. 100+,Control,pre_level_booster,pre_level_booster_1,items,bundle_2_with_prelevel_boosters_tier3,purchase,purchase,4096.0,12.0,14.0,,,0.003,0.04
F. 100+,Control,pre_level_booster,pre_level_booster_1,items,rolling_offer_tier1_p199_tier3,purchase,purchase,4096.0,12.0,12.0,,,0.003,0.04
F. 100+,Control,pre_level_booster,pre_level_booster_1,items,bundle_4_with_prelevel_boosters_tier3,purchase,purchase,4096.0,2.0,10.0,,,0.002,0.03
F. 100+,Control,pre_level_booster,pre_level_booster_1,items,bundle_7_with_prelevel_boosters,purchase,purchase,4096.0,10.0,10.0,,,0.002,0.03
F. 100+,Control,pre_level_booster,pre_level_booster_1,items,bundle_7_with_prelevel_boosters_tier3,purchase,purchase,4096.0,9.0,9.0,,,0.002,0.03
F. 100+,Control,pre_level_booster,pre_level_booster_1,items,bundle_1_with_prelevel_boosters,purchase,purchase,4096.0,9.0,9.0,,,0.002,0.03
F. 100+,Control,pre_level_booster,pre_level_booster_1,items,rolling_offer_tier1_p299,purchase,purchase,4096.0,9.0,9.0,,,0.002,0.03
F. 100+,Control,pre_level_booster,pre_level_booster_1,items,rolling_offer_p349_tier3,purchase,purchase,4096.0,8.0,8.0,,,0.002,0.02
F. 100+,Control,pre_level_booster,pre_level_booster_1,items,rolling_offer_tier1_p299_tier3,purchase,purchase,4096.0,8.0,8.0,,,0.002,0.02
F. 100+,Control,pre_level_booster,pre_level_booster_1,items,bundle_7_with_prelevel_boosters2,purchase,purchase,4096.0,6.0,7.0,,,0.002,0.02
F. 100+,Control,pre_level_booster,pre_level_booster_1,items,bundle_2_with_prelevel_boosters,purchase,purchase,4096.0,4.0,5.0,,,0.001,0.02
F. 100+,Control,pre_level_booster,pre_level_booster_1,items,rolling_offer_p799_VarA,purchase,purchase,4096.0,4.0,4.0,,,0.001,0.01
F. 100+,Control,pre_level_booster,pre_level_booster_1,items,bundle_3_with_prelevel_boosters2,purchase,purchase,4096.0,1.0,4.0,,,0.001,0.01
F. 100+,Control,pre_level_booster,pre_level_booster_1,items,rolling_offer_tier1_p799_tier3,purchase,purchase,4096.0,3.0,3.0,,,0.001,0.01
F. 100+,Control,pre_level_booster,pre_level_booster_1,items,rolling_offer_p999_tier3,purchase,purchase,4096.0,2.0,2.0,,,0.0,0.01
F. 100+,Control,pre_level_booster,pre_level_booster_1,items,event_progress,reward_event,meta,4096.0,1.0,1.0,,,0.0,0.0
F. 100+,Control,pre_level_booster,pre_level_booster_1,items,rolling_offer_tier1_p1499_VarA,purchase,purchase,4096.0,1.0,1.0,,,0.0,0.0
F. 100+,Control,pre_level_booster,pre_level_booster_2,items,saga_progression,chapter_complete,core,4096.0,3921.0,21406.0,,,5.226,60.3
F. 100+,Control,pre_level_booster,pre_level_booster_2,items,player_level_up,reward_chest,core,4096.0,2157.0,5430.0,,,1.326,15.3
F. 100+,Control,pre_level_booster,pre_level_booster_2,items,dream_pass_event,reward_event,meta,4096.0,1242.0,3501.0,,,0.855,9.86
F. 100+,Control,pre_level_booster,pre_level_booster_2,items,offer_free_items,rolling_offer,meta,4096.0,1207.0,1253.0,,,0.306,3.53
F. 100+,Control,pre_level_booster,pre_level_booster_2,items,FlockRush,event_reward,meta,4096.0,950.0,972.0,,,0.237,2.74
F. 100+,Control,pre_level_booster,pre_level_booster_2,items,Hatchling Hideaway,event_reward,meta,4096.0,810.0,820.0,,,0.2,2.31
F. 100+,Control,pre_level_booster,pre_level_booster_2,items,Jigsaw,reward_event,meta,4096.0,698.0,713.0,,,0.174,2.01
F. 100+,Control,pre_level_booster,pre_level_booster_2,items,bomb_ballet_event,reward_event,meta,4096.0,447.0,451.0,,,0.11,1.27
F. 100+,Control,pre_level_booster,pre_level_booster_2,items,reward_chest,reward_chest,other,4096.0,271.0,274.0,,,0.067,0.77
F. 100+,Control,pre_level_booster,pre_level_booster_2,items,river_rush,reward_event,meta,4096.0,136.0,149.0,,,0.036,0.42
F. 100+,Control,pre_level_booster,pre_level_booster_2,items,bundle_1_with_prelevel_boosters_tier3,purchase,purchase,4096.0,38.0,96.0,,,0.023,0.27
F. 100+,Control,pre_level_booster,pre_level_booster_2,items,ingame,purchase,purchase,4096.0,14.0,81.0,,,0.02,0.23
F. 100+,Control,pre_level_booster,pre_level_booster_2,items,bundle_3_with_prelevel_boosters_tier3,purchase,purchase,4096.0,12.0,64.0,,,0.016,0.18
F. 100+,Control,pre_level_booster,pre_level_booster_2,items,team_versus_contribution,reward_event,meta,4096.0,58.0,58.0,,,0.014,0.16
F. 100+,Control,pre_level_booster,pre_level_booster_2,items,race_event,reward_event,meta,4096.0,48.0,49.0,,,0.012,0.14
F. 100+,Control,pre_level_booster,pre_level_booster_2,items,bundle_2_with_prelevel_boosters2,purchase,purchase,4096.0,7.0,30.0,,,0.007,0.08
F. 100+,Control,pre_level_booster,pre_level_booster_2,items,season_pass_event,reward_event,meta,4096.0,13.0,23.0,,,0.006,0.06
F. 100+,Control,pre_level_booster,pre_level_booster_2,items,bundle_2_with_prelevel_boosters_tier3,purchase,purchase,4096.0,12.0,14.0,,,0.003,0.04
F. 100+,Control,pre_level_booster,pre_level_booster_2,items,rolling_offer_tier1_p199_tier3,purchase,purchase,4096.0,12.0,12.0,,,0.003,0.03
F. 100+,Control,pre_level_booster,pre_level_booster_2,items,ad_chest,ad_chest,ads,4096.0,11.0,11.0,,,0.003,0.03
F. 100+,Control,pre_level_booster,pre_level_booster_2,items,bundle_4_with_prelevel_boosters_tier3,purchase,purchase,4096.0,2.0,10.0,,,0.002,0.03
F. 100+,Control,pre_level_booster,pre_level_booster_2,items,bundle_7_with_prelevel_boosters,purchase,purchase,4096.0,10.0,10.0,,,0.002,0.03
F. 100+,Control,pre_level_booster,pre_level_booster_2,items,bundle_7_with_prelevel_boosters_tier3,purchase,purchase,4096.0,9.0,9.0,,,0.002,0.03
F. 100+,Control,pre_level_booster,pre_level_booster_2,items,rolling_offer_tier1_p299,purchase,purchase,4096.0,9.0,9.0,,,0.002,0.03
F. 100+,Control,pre_level_booster,pre_level_booster_2,items,bundle_1_with_prelevel_boosters,purchase,purchase,4096.0,9.0,9.0,,,0.002,0.03
F. 100+,Control,pre_level_booster,pre_level_booster_2,items,rolling_offer_p349_tier3,purchase,purchase,4096.0,8.0,8.0,,,0.002,0.02
F. 100+,Control,pre_level_booster,pre_level_booster_2,items,rolling_offer_tier1_p299_tier3,purchase,purchase,4096.0,8.0,8.0,,,0.002,0.02
F. 100+,Control,pre_level_booster,pre_level_booster_2,items,bundle_7_with_prelevel_boosters2,purchase,purchase,4096.0,6.0,7.0,,,0.002,0.02
F. 100+,Control,pre_level_booster,pre_level_booster_2,items,bundle_2_with_prelevel_boosters,purchase,purchase,4096.0,4.0,5.0,,,0.001,0.01
F. 100+,Control,pre_level_booster,pre_level_booster_2,items,rolling_offer_p799_VarA,purchase,purchase,4096.0,4.0,4.0,,,0.001,0.01
F. 100+,Control,pre_level_booster,pre_level_booster_2,items,bundle_3_with_prelevel_boosters2,purchase,purchase,4096.0,1.0,4.0,,,0.001,0.01
F. 100+,Control,pre_level_booster,pre_level_booster_2,items,kite_festival_event,reward_event,meta,4096.0,3.0,3.0,,,0.001,0.01
F. 100+,Control,pre_level_booster,pre_level_booster_2,items,rolling_offer_tier1_p799_tier3,purchase,purchase,4096.0,3.0,3.0,,,0.001,0.01
F. 100+,Control,pre_level_booster,pre_level_booster_2,items,rolling_offer_p999_tier3,purchase,purchase,4096.0,2.0,2.0,,,0.0,0.01
F. 100+,Control,pre_level_booster,pre_level_booster_2,items,rolling_offer_tier1_p1499_VarA,purchase,purchase,4096.0,1.0,1.0,,,0.0,0.0
F. 100+,Control,pre_level_booster,pre_level_booster_2,items,event_progress,reward_event,meta,4096.0,1.0,1.0,,,0.0,0.0
F. 100+,Control,pre_level_booster,pre_level_booster_3,items,saga_progression,chapter_complete,core,4096.0,3614.0,5072.0,,,1.238,32.79
F. 100+,Control,pre_level_booster,pre_level_booster_3,items,player_level_up,reward_chest,core,4096.0,2136.0,4270.0,,,1.042,27.6
F. 100+,Control,pre_level_booster,pre_level_booster_3,items,offer_free_items,rolling_offer,meta,4096.0,1200.0,1242.0,,,0.303,8.03
F. 100+,Control,pre_level_booster,pre_level_booster_3,items,dream_pass_event,reward_event,meta,4096.0,762.0,1131.0,,,0.276,7.31
F. 100+,Control,pre_level_booster,pre_level_booster_3,items,FlockRush,event_reward,meta,4096.0,950.0,972.0,,,0.237,6.28
F. 100+,Control,pre_level_booster,pre_level_booster_3,items,Hatchling Hideaway,event_reward,meta,4096.0,803.0,817.0,,,0.199,5.28
F. 100+,Control,pre_level_booster,pre_level_booster_3,items,Jigsaw,reward_event,meta,4096.0,369.0,371.0,,,0.091,2.4
F. 100+,Control,pre_level_booster,pre_level_booster_3,items,team_versus_contribution,reward_event,meta,4096.0,330.0,331.0,,,0.081,2.14
F. 100+,Control,pre_level_booster,pre_level_booster_3,items,river_rush,reward_event,meta,4096.0,239.0,315.0,,,0.077,2.04
F. 100+,Control,pre_level_booster,pre_level_booster_3,items,reward_chest,reward_chest,other,4096.0,271.0,274.0,,,0.067,1.77
F. 100+,Control,pre_level_booster,pre_level_booster_3,items,ingame,purchase,purchase,4096.0,14.0,213.0,,,0.052,1.38
F. 100+,Control,pre_level_booster,pre_level_booster_3,items,race_event,reward_event,meta,4096.0,136.0,138.0,,,0.034,0.89
F. 100+,Control,pre_level_booster,pre_level_booster_3,items,bundle_1_with_prelevel_boosters_tier3,purchase,purchase,4096.0,38.0,96.0,,,0.023,0.62
F. 100+,Control,pre_level_booster,pre_level_booster_3,items,bundle_3_with_prelevel_boosters_tier3,purchase,purchase,4096.0,12.0,64.0,,,0.016,0.41
F. 100+,Control,pre_level_booster,pre_level_booster_3,items,bundle_2_with_prelevel_boosters2,purchase,purchase,4096.0,7.0,30.0,,,0.007,0.19
F. 100+,Control,pre_level_booster,pre_level_booster_3,items,bundle_2_with_prelevel_boosters_tier3,purchase,purchase,4096.0,12.0,14.0,,,0.003,0.09
F. 100+,Control,pre_level_booster,pre_level_booster_3,items,rolling_offer_tier1_p199_tier3,purchase,purchase,4096.0,12.0,12.0,,,0.003,0.08
F. 100+,Control,pre_level_booster,pre_level_booster_3,items,bomb_ballet_event,reward_event,meta,4096.0,10.0,10.0,,,0.002,0.06
F. 100+,Control,pre_level_booster,pre_level_booster_3,items,bundle_7_with_prelevel_boosters,purchase,purchase,4096.0,10.0,10.0,,,0.002,0.06
F. 100+,Control,pre_level_booster,pre_level_booster_3,items,bundle_4_with_prelevel_boosters_tier3,purchase,purchase,4096.0,2.0,10.0,,,0.002,0.06
F. 100+,Control,pre_level_booster,pre_level_booster_3,items,rolling_offer_tier1_p299,purchase,purchase,4096.0,9.0,9.0,,,0.002,0.06
F. 100+,Control,pre_level_booster,pre_level_booster_3,items,bundle_1_with_prelevel_boosters,purchase,purchase,4096.0,9.0,9.0,,,0.002,0.06
F. 100+,Control,pre_level_booster,pre_level_booster_3,items,bundle_7_with_prelevel_boosters_tier3,purchase,purchase,4096.0,9.0,9.0,,,0.002,0.06
F. 100+,Control,pre_level_booster,pre_level_booster_3,items,rolling_offer_tier1_p299_tier3,purchase,purchase,4096.0,8.0,8.0,,,0.002,0.05
F. 100+,Control,pre_level_booster,pre_level_booster_3,items,rolling_offer_p349_tier3,purchase,purchase,4096.0,8.0,8.0,,,0.002,0.05
F. 100+,Control,pre_level_booster,pre_level_booster_3,items,bundle_7_with_prelevel_boosters2,purchase,purchase,4096.0,6.0,7.0,,,0.002,0.05
F. 100+,Control,pre_level_booster,pre_level_booster_3,items,ad_chest,ad_chest,ads,4096.0,5.0,5.0,,,0.001,0.03
F. 100+,Control,pre_level_booster,pre_level_booster_3,items,bundle_2_with_prelevel_boosters,purchase,purchase,4096.0,4.0,5.0,,,0.001,0.03
F. 100+,Control,pre_level_booster,pre_level_booster_3,items,rolling_offer_p799_VarA,purchase,purchase,4096.0,4.0,4.0,,,0.001,0.03
F. 100+,Control,pre_level_booster,pre_level_booster_3,items,bundle_3_with_prelevel_boosters2,purchase,purchase,4096.0,1.0,4.0,,,0.001,0.03
F. 100+,Control,pre_level_booster,pre_level_booster_3,items,rolling_offer_tier1_p799_tier3,purchase,purchase,4096.0,3.0,3.0,,,0.001,0.02
F. 100+,Control,pre_level_booster,pre_level_booster_3,items,kite_festival_event,reward_event,meta,4096.0,3.0,3.0,,,0.001,0.02
F. 100+,Control,pre_level_booster,pre_level_booster_3,items,rolling_offer_p999_tier3,purchase,purchase,4096.0,2.0,2.0,,,0.0,0.01
F. 100+,Control,pre_level_booster,pre_level_booster_3,items,rolling_offer_tier1_p1499_VarA,purchase,purchase,4096.0,1.0,1.0,,,0.0,0.01
F. 100+,Control,season_pass_multiplier_2x,SeasonPassMultiplier2x,minutes,river_rush,reward_event,meta,4096.0,122.0,3255.0,,,0.795,50.12
F. 100+,Control,season_pass_multiplier_2x,SeasonPassMultiplier2x,minutes,great_offer1_199_tier3,purchase,purchase,4096.0,6.0,2160.0,,,0.527,33.26
F. 100+,Control,season_pass_multiplier_2x,SeasonPassMultiplier2x,minutes,great_offer1_299,purchase,purchase,4096.0,3.0,1080.0,,,0.264,16.63
F. 100+,Control,season_pass_tokens,SeasonPassToken,items,season_pass_event,event_reward,meta,4096.0,5.0,99.0,,,0.024,100.0
F. 100+,Control,ul_pre_booster,UnlimitedBooster1,minutes,dream_pass_event,reward_event,meta,4096.0,1172.0,25855.0,,,6.312,31.4
F. 100+,Control,ul_pre_booster,UnlimitedBooster1,minutes,river_rush,reward_event,meta,4096.0,361.0,15955.0,,,3.895,19.38
F. 100+,Control,ul_pre_booster,UnlimitedBooster1,minutes,Jigsaw,reward_event,meta,4096.0,822.0,15305.0,,,3.737,18.59
F. 100+,Control,ul_pre_booster,UnlimitedBooster1,minutes,Hatchling Hideaway,event_reward,meta,4096.0,770.0,7790.0,,,1.902,9.46
F. 100+,Control,ul_pre_booster,UnlimitedBooster1,minutes,bomb_ballet_event,reward_event,meta,4096.0,432.0,7300.0,,,1.782,8.87
F. 100+,Control,ul_pre_booster,UnlimitedBooster1,minutes,daily_reward,daily_reward,core,4096.0,90.0,5520.0,,,1.348,6.7
F. 100+,Control,ul_pre_booster,UnlimitedBooster1,minutes,great_offer1_199_tier3,purchase,purchase,4096.0,6.0,2160.0,,,0.527,2.62
F. 100+,Control,ul_pre_booster,UnlimitedBooster1,minutes,great_offer1_299,purchase,purchase,4096.0,3.0,1080.0,,,0.264,1.31
F. 100+,Control,ul_pre_booster,UnlimitedBooster1,minutes,Hard_Level_Offer1,purchase,purchase,4096.0,29.0,600.0,,,0.146,0.73
F. 100+,Control,ul_pre_booster,UnlimitedBooster1,minutes,Hard_level_offer1_tier3,purchase,purchase,4096.0,28.0,560.0,,,0.137,0.68
F. 100+,Control,ul_pre_booster,UnlimitedBooster1,minutes,season_pass_event,reward_event,meta,4096.0,10.0,190.0,,,0.046,0.23
F. 100+,Control,ul_pre_booster,UnlimitedBooster1,minutes,event_progress,reward_event,meta,4096.0,1.0,15.0,,,0.004,0.02
F. 100+,Control,ul_pre_booster,UnlimitedBooster2,minutes,dream_pass_event,reward_event,meta,4096.0,824.0,14295.0,,,3.49,24.99
F. 100+,Control,ul_pre_booster,UnlimitedBooster2,minutes,Jigsaw,reward_event,meta,4096.0,886.0,13465.0,,,3.287,23.54
F. 100+,Control,ul_pre_booster,UnlimitedBooster2,minutes,river_rush,reward_event,meta,4096.0,305.0,8665.0,,,2.115,15.15
F. 100+,Control,ul_pre_booster,UnlimitedBooster2,minutes,Hatchling Hideaway,event_reward,meta,4096.0,630.0,6580.0,,,1.606,11.5
F. 100+,Control,ul_pre_booster,UnlimitedBooster2,minutes,bomb_ballet_event,reward_event,meta,4096.0,419.0,5690.0,,,1.389,9.95
F. 100+,Control,ul_pre_booster,UnlimitedBooster2,minutes,daily_reward,daily_reward,core,4096.0,65.0,3960.0,,,0.967,6.92
F. 100+,Control,ul_pre_booster,UnlimitedBooster2,minutes,great_offer1_199_tier3,purchase,purchase,4096.0,6.0,2160.0,,,0.527,3.78
F. 100+,Control,ul_pre_booster,UnlimitedBooster2,minutes,great_offer1_299,purchase,purchase,4096.0,3.0,1080.0,,,0.264,1.89
F. 100+,Control,ul_pre_booster,UnlimitedBooster2,minutes,Hard_Level_Offer1,purchase,purchase,4096.0,29.0,600.0,,,0.146,1.05
F. 100+,Control,ul_pre_booster,UnlimitedBooster2,minutes,Hard_level_offer1_tier3,purchase,purchase,4096.0,28.0,560.0,,,0.137,0.98
F. 100+,Control,ul_pre_booster,UnlimitedBooster2,minutes,season_pass_event,reward_event,meta,4096.0,9.0,135.0,,,0.033,0.24
F. 100+,Control,ul_pre_booster,UnlimitedBooster2,minutes,event_progress,reward_event,meta,4096.0,1.0,15.0,,,0.004,0.03
F. 100+,Control,ul_pre_booster,UnlimitedBooster3,minutes,Jigsaw,reward_event,meta,4096.0,860.0,12335.0,,,3.011,50.02
F. 100+,Control,ul_pre_booster,UnlimitedBooster3,minutes,bomb_ballet_event,reward_event,meta,4096.0,353.0,4590.0,,,1.121,18.61
F. 100+,Control,ul_pre_booster,UnlimitedBooster3,minutes,great_offer1_199_tier3,purchase,purchase,4096.0,6.0,2160.0,,,0.527,8.76
F. 100+,Control,ul_pre_booster,UnlimitedBooster3,minutes,daily_reward,daily_reward,core,4096.0,42.0,1260.0,,,0.308,5.11
F. 100+,Control,ul_pre_booster,UnlimitedBooster3,minutes,river_rush,reward_event,meta,4096.0,56.0,1135.0,,,0.277,4.6
F. 100+,Control,ul_pre_booster,UnlimitedBooster3,minutes,great_offer1_299,purchase,purchase,4096.0,3.0,1080.0,,,0.264,4.38
F. 100+,Control,ul_pre_booster,UnlimitedBooster3,minutes,dream_pass_event,reward_event,meta,4096.0,44.0,925.0,,,0.226,3.75
F. 100+,Control,ul_pre_booster,UnlimitedBooster3,minutes,Hard_Level_Offer1,purchase,purchase,4096.0,29.0,600.0,,,0.146,2.43
F. 100+,Control,ul_pre_booster,UnlimitedBooster3,minutes,Hard_level_offer1_tier3,purchase,purchase,4096.0,28.0,560.0,,,0.137,2.27
F. 100+,Control,ul_pre_booster,UnlimitedBooster3,minutes,Photoshoot,reward_event,meta,4096.0,1.0,15.0,,,0.004,0.06
F. 100+,Control,unlimited_lives,UnlimitedLives,minutes,saga_progression,chapter_complete,core,4096.0,4000.0,773130.0,,,188.752,44.05
F. 100+,Control,unlimited_lives,UnlimitedLives,minutes,player_level_up,reward_chest,core,4096.0,3536.0,411450.0,,,100.452,23.44
F. 100+,Control,unlimited_lives,UnlimitedLives,minutes,FlockRush,event_reward,meta,4096.0,2257.0,137140.0,,,33.481,7.81
F. 100+,Control,unlimited_lives,UnlimitedLives,minutes,dream_pass_event,reward_event,meta,4096.0,1227.0,115515.0,,,28.202,6.58
F. 100+,Control,unlimited_lives,UnlimitedLives,minutes,Jigsaw,reward_event,meta,4096.0,952.0,81030.0,,,19.783,4.62
F. 100+,Control,unlimited_lives,UnlimitedLives,minutes,Hatchling Hideaway,event_reward,meta,4096.0,903.0,75030.0,,,18.318,4.27
F. 100+,Control,unlimited_lives,UnlimitedLives,minutes,daily_reward,daily_reward,core,4096.0,1482.0,56370.0,,,13.762,3.21
F. 100+,Control,unlimited_lives,UnlimitedLives,minutes,bomb_ballet_event,reward_event,meta,4096.0,400.0,29340.0,,,7.163,1.67
F. 100+,Control,unlimited_lives,UnlimitedLives,minutes,kite_festival_event,reward_event,meta,4096.0,887.0,27395.0,,,6.688,1.56
F. 100+,Control,unlimited_lives,UnlimitedLives,minutes,offer_free_items,rolling_offer,meta,4096.0,109.0,8310.0,,,2.029,0.47
F. 100+,Control,unlimited_lives,UnlimitedLives,minutes,reward_chest,reward_chest,other,4096.0,271.0,8220.0,,,2.007,0.47
F. 100+,Control,unlimited_lives,UnlimitedLives,minutes,ad_chest,ad_chest,ads,4096.0,518.0,7825.0,,,1.91,0.45
F. 100+,Control,unlimited_lives,UnlimitedLives,minutes,river_rush,reward_event,meta,4096.0,142.0,6460.0,,,1.577,0.37
F. 100+,Control,unlimited_lives,UnlimitedLives,minutes,ArcheryArena,reward_event,meta,4096.0,179.0,5550.0,,,1.355,0.32
F. 100+,Control,unlimited_lives,UnlimitedLives,minutes,race_event,reward_event,meta,4096.0,54.0,2775.0,,,0.677,0.16
F. 100+,Control,unlimited_lives,UnlimitedLives,minutes,great_offer1_199_tier3,purchase,purchase,4096.0,6.0,2160.0,,,0.527,0.12
F. 100+,Control,unlimited_lives,UnlimitedLives,minutes,great_offer1_299,purchase,purchase,4096.0,3.0,1080.0,,,0.264,0.06
F. 100+,Control,unlimited_lives,UnlimitedLives,minutes,season_pass_event,reward_event,meta,4096.0,16.0,1045.0,,,0.255,0.06
F. 100+,Control,unlimited_lives,UnlimitedLives,minutes,rolling_offer_p049_tier3,purchase,purchase,4096.0,17.0,765.0,,,0.187,0.04
F. 100+,Control,unlimited_lives,UnlimitedLives,minutes,bundle_4_with_prelevel_boosters_tier3,purchase,purchase,4096.0,2.0,720.0,,,0.176,0.04
F. 100+,Control,unlimited_lives,UnlimitedLives,minutes,Hard_Level_Offer1,purchase,purchase,4096.0,29.0,600.0,,,0.146,0.03
F. 100+,Control,unlimited_lives,UnlimitedLives,minutes,Hard_level_offer1_tier3,purchase,purchase,4096.0,28.0,560.0,,,0.137,0.03
F. 100+,Control,unlimited_lives,UnlimitedLives,minutes,rolling_offer_p349_tier3,purchase,purchase,4096.0,8.0,480.0,,,0.117,0.03
F. 100+,Control,unlimited_lives,UnlimitedLives,minutes,rolling_offer_tier1_p799_tier3,purchase,purchase,4096.0,3.0,360.0,,,0.088,0.02
F. 100+,Control,unlimited_lives,UnlimitedLives,minutes,rolling_offer_tier1_p499_VarA,purchase,purchase,4096.0,8.0,320.0,,,0.078,0.02
F. 100+,Control,unlimited_lives,UnlimitedLives,minutes,rolling_offer_p099_VarA,purchase,purchase,4096.0,7.0,315.0,,,0.077,0.02
F. 100+,Control,unlimited_lives,UnlimitedLives,minutes,rolling_offer_p999_tier3,purchase,purchase,4096.0,2.0,240.0,,,0.059,0.01
F. 100+,Control,unlimited_lives,UnlimitedLives,minutes,rolling_offer_p799_VarA,purchase,purchase,4096.0,4.0,240.0,,,0.059,0.01
F. 100+,Control,unlimited_lives,UnlimitedLives,minutes,rolling_offer_tier1_p299_tier3,purchase,purchase,4096.0,8.0,240.0,,,0.059,0.01
F. 100+,Control,unlimited_lives,UnlimitedLives,minutes,league_rank_up,league_reward,meta,4096.0,3.0,204.0,,,0.05,0.01
F. 100+,Control,unlimited_lives,UnlimitedLives,minutes,rolling_offer_tier1_p1499_VarA,purchase,purchase,4096.0,1.0,120.0,,,0.029,0.01
F. 100+,Control,unlimited_lives,UnlimitedLives,minutes,bundle_3_with_prelevel_boosters2,purchase,purchase,4096.0,1.0,120.0,,,0.029,0.01
F. 100+,Control,unlimited_lives,UnlimitedLives,minutes,event_progress,reward_event,meta,4096.0,1.0,90.0,,,0.022,0.01
F. 100+,Control,unlimited_lives,UnlimitedLives,minutes,Photoshoot,reward_event,meta,4096.0,1.0,60.0,,,0.015,0.0
F. 100+,Control,unlimited_lives,UnlimitedLives,minutes,dreamheist_event,reward_event,meta,4096.0,1.0,20.0,,,0.005,0.0
F. 100+,Variant,Avatar,Avatar,items,saga_progression,chapter_complete,core,4054.0,2342.0,7541.0,,,1.86,99.92
F. 100+,Variant,Avatar,Avatar,items,season_pass_event,reward_event,meta,4054.0,3.0,4.0,,,0.001,0.05
F. 100+,Variant,Avatar,Avatar,items,dream_pass_event,reward_event,meta,4054.0,1.0,1.0,,,0.0,0.01
F. 100+,Variant,Avatar,Avatar,items,single_collection,reward_event,meta,4054.0,1.0,1.0,,,0.0,0.01
F. 100+,Variant,currency,HardCoin,coins,player_level_up,reward_chest,core,4054.0,3828.0,692865.0,692865.0,0.0,170.909,30.67
F. 100+,Variant,currency,HardCoin,coins,dreamheist_event,reward_event,meta,4054.0,2708.0,313030.0,313030.0,0.0,77.215,13.86
F. 100+,Variant,currency,HardCoin,coins,saga_progression,chapter_complete,core,4054.0,3978.0,311835.0,311835.0,0.0,76.92,13.8
F. 100+,Variant,currency,HardCoin,coins,ArcheryArena,reward_event,meta,4054.0,1393.0,110525.0,110525.0,0.0,27.263,4.89
F. 100+,Variant,currency,HardCoin,coins,chuck_event,reward_event,meta,4054.0,615.0,102650.0,102650.0,0.0,25.321,4.54
F. 100+,Variant,currency,HardCoin,coins,Rainbow Maker,reward_event,meta,4054.0,1767.0,98118.0,98118.0,0.0,24.203,4.34
F. 100+,Variant,currency,HardCoin,coins,dream_pass_event,reward_event,meta,4054.0,1381.0,74900.0,74900.0,0.0,18.476,3.32
F. 100+,Variant,currency,HardCoin,coins,kite_festival_event,reward_event,meta,4054.0,313.0,52875.0,52875.0,0.0,13.043,2.34
F. 100+,Variant,currency,HardCoin,coins,daily_reward,daily_reward,core,4054.0,2201.0,49270.0,49270.0,0.0,12.153,2.18
F. 100+,Variant,currency,HardCoin,coins,Jigsaw,reward_event,meta,4054.0,992.0,46950.0,46950.0,0.0,11.581,2.08
F. 100+,Variant,currency,HardCoin,coins,race_event,reward_event,meta,4054.0,1293.0,46120.0,46120.0,0.0,11.376,2.04
F. 100+,Variant,currency,HardCoin,coins,Hatchling Hideaway,event_reward,meta,4054.0,1127.0,41965.0,41965.0,0.0,10.352,1.86
F. 100+,Variant,currency,HardCoin,coins,team_versus,reward_event,meta,4054.0,324.0,32445.0,32445.0,0.0,8.003,1.44
F. 100+,Variant,currency,HardCoin,coins,reward_chest,reward_chest,other,4054.0,249.0,31005.0,31005.0,0.0,7.648,1.37
F. 100+,Variant,currency,HardCoin,coins,team_collection,reward_event,meta,4054.0,221.0,29170.0,29170.0,0.0,7.195,1.29
F. 100+,Variant,currency,HardCoin,coins,team_versus_contribution,reward_event,meta,4054.0,372.0,22190.0,22190.0,0.0,5.474,0.98
F. 100+,Variant,currency,HardCoin,coins,facebook_like,facebook_like,other,4054.0,179.0,20500.0,20500.0,0.0,5.057,0.91
F. 100+,Variant,currency,HardCoin,coins,ad_chest,ad_chest,ads,4054.0,856.0,20215.0,20215.0,0.0,4.986,0.89
F. 100+,Variant,currency,HardCoin,coins,xs_coins2,purchase,purchase,4054.0,41.0,17900.0,0.0,17900.0,4.415,0.79
F. 100+,Variant,currency,HardCoin,coins,xs_coins_tier3,purchase,purchase,4054.0,48.0,17100.0,0.0,17100.0,4.218,0.76
F. 100+,Variant,currency,HardCoin,coins,bomb_ballet_event,reward_event,meta,4054.0,307.0,13450.0,13450.0,0.0,3.318,0.6
F. 100+,Variant,currency,HardCoin,coins,bundle_1_with_prelevel_boosters_tier3,purchase,purchase,4054.0,39.0,13200.0,0.0,13200.0,3.256,0.58
F. 100+,Variant,currency,HardCoin,coins,bundle_3_with_prelevel_boosters_tier3,purchase,purchase,4054.0,9.0,12000.0,0.0,12000.0,2.96,0.53
F. 100+,Variant,currency,HardCoin,coins,special_offer1_tier3,purchase,purchase,4054.0,34.0,10200.0,0.0,10200.0,2.516,0.45
F. 100+,Variant,currency,HardCoin,coins,special_offer1,purchase,purchase,4054.0,22.0,6600.0,0.0,6600.0,1.628,0.29
F. 100+,Variant,currency,HardCoin,coins,heart_gift,heart_gift,other,4054.0,843.0,6342.0,6342.0,0.0,1.564,0.28
F. 100+,Variant,currency,HardCoin,coins,bundle_2_with_prelevel_boosters_tier3,purchase,purchase,4054.0,6.0,6000.0,0.0,6000.0,1.48,0.27
F. 100+,Variant,currency,HardCoin,coins,s_coins_tier3,purchase,purchase,4054.0,8.0,5000.0,0.0,5000.0,1.233,0.22
F. 100+,Variant,currency,HardCoin,coins,m_coins_tier3,purchase,purchase,4054.0,3.0,5000.0,0.0,5000.0,1.233,0.22
F. 100+,Variant,currency,HardCoin,coins,bundle_2_with_prelevel_boosters2,purchase,purchase,4054.0,7.0,4000.0,0.0,4000.0,0.987,0.18
F. 100+,Variant,currency,HardCoin,coins,offer_free_items,rolling_offer,meta,4054.0,21.0,3150.0,3150.0,0.0,0.777,0.14
F. 100+,Variant,currency,HardCoin,coins,Hard_Level_Offer1,purchase,purchase,4054.0,29.0,3000.0,0.0,3000.0,0.74,0.13
F. 100+,Variant,currency,HardCoin,coins,Hard_level_offer1_tier3,purchase,purchase,4054.0,28.0,2800.0,0.0,2800.0,0.691,0.12
F. 100+,Variant,currency,HardCoin,coins,rolling_offer_p049_tier3,purchase,purchase,4054.0,17.0,2550.0,0.0,2550.0,0.629,0.11
F. 100+,Variant,currency,HardCoin,coins,bundle_2_with_prelevel_boosters,purchase,purchase,4054.0,4.0,2000.0,0.0,2000.0,0.493,0.09
F. 100+,Variant,currency,HardCoin,coins,bundle_4_with_prelevel_boosters_tier3,purchase,purchase,4054.0,1.0,2000.0,0.0,2000.0,0.493,0.09
F. 100+,Variant,currency,HardCoin,coins,bundle_7_with_prelevel_boosters2,purchase,purchase,4054.0,5.0,1800.0,0.0,1800.0,0.444,0.08
F. 100+,Variant,currency,HardCoin,coins,rolling_offer_tier1_p299,purchase,purchase,4054.0,9.0,1800.0,0.0,1800.0,0.444,0.08
F. 100+,Variant,currency,HardCoin,coins,red_event,reward_event,meta,4054.0,11.0,1700.0,1700.0,0.0,0.419,0.08
F. 100+,Variant,currency,HardCoin,coins,bundle_7_with_prelevel_boosters,purchase,purchase,4054.0,11.0,1650.0,0.0,1650.0,0.407,0.07
F. 100+,Variant,currency,HardCoin,coins,special_offer8_tier3,purchase,purchase,4054.0,4.0,1600.0,0.0,1600.0,0.395,0.07
F. 100+,Variant,currency,HardCoin,coins,rolling_offer_tier1_p299_tier3,purchase,purchase,4054.0,4.0,1600.0,0.0,1600.0,0.395,0.07
F. 100+,Variant,currency,HardCoin,coins,rolling_offer_p799_VarA,purchase,purchase,4054.0,3.0,1500.0,0.0,1500.0,0.37,0.07
F. 100+,Variant,currency,HardCoin,coins,rolling_offer_p999_tier3,purchase,purchase,4054.0,1.0,1400.0,0.0,1400.0,0.345,0.06
F. 100+,Variant,currency,HardCoin,coins,single_collection,reward_event,meta,4054.0,7.0,1400.0,1400.0,0.0,0.345,0.06
F. 100+,Variant,currency,HardCoin,coins,special_offer8,purchase,purchase,4054.0,5.0,1250.0,0.0,1250.0,0.308,0.06
F. 100+,Variant,currency,HardCoin,coins,rolling_offer_tier1_p499_VarA,purchase,purchase,4054.0,4.0,1200.0,0.0,1200.0,0.296,0.05
F. 100+,Variant,currency,HardCoin,coins,rolling_offer_tier1_p199_tier3,purchase,purchase,4054.0,6.0,1200.0,0.0,1200.0,0.296,0.05
F. 100+,Variant,currency,HardCoin,coins,special_offer10,purchase,purchase,4054.0,4.0,1200.0,0.0,1200.0,0.296,0.05
F. 100+,Variant,currency,HardCoin,coins,rolling_offer_p099_VarA,purchase,purchase,4054.0,6.0,1200.0,0.0,1200.0,0.296,0.05
F. 100+,Variant,currency,HardCoin,coins,rolling_offer_tier1_p799_tier3,purchase,purchase,4054.0,1.0,1100.0,0.0,1100.0,0.271,0.05
F. 100+,Variant,currency,HardCoin,coins,rolling_offer_p349_tier3,purchase,purchase,4054.0,2.0,1100.0,0.0,1100.0,0.271,0.05
F. 100+,Variant,currency,HardCoin,coins,bundle_7_with_prelevel_boosters_tier3,purchase,purchase,4054.0,6.0,1050.0,0.0,1050.0,0.259,0.05
F. 100+,Variant,currency,HardCoin,coins,river_rush,reward_event,meta,4054.0,8.0,1050.0,1050.0,0.0,0.259,0.05
F. 100+,Variant,currency,HardCoin,coins,special_offer11_tier3,purchase,purchase,4054.0,1.0,1000.0,0.0,1000.0,0.247,0.04
F. 100+,Variant,currency,HardCoin,coins,bundle_1_with_prelevel_boosters,purchase,purchase,4054.0,5.0,1000.0,0.0,1000.0,0.247,0.04
F. 100+,Variant,currency,HardCoin,coins,s_coins2,purchase,purchase,4054.0,2.0,1000.0,0.0,1000.0,0.247,0.04
F. 100+,Variant,currency,HardCoin,coins,season_pass_event,reward_event,meta,4054.0,18.0,695.0,540.0,155.0,0.171,0.03
F. 100+,Variant,currency,HardCoin,coins,bomb_event,reward_event,meta,4054.0,5.0,550.0,550.0,0.0,0.136,0.02
F. 100+,Variant,currency,HardCoin,coins,special_offer9_tier3,purchase,purchase,4054.0,1.0,300.0,0.0,300.0,0.074,0.01
F. 100+,Variant,currency,HardCoin,coins,great_offer1_199_tier3,purchase,purchase,4054.0,3.0,300.0,0.0,300.0,0.074,0.01
F. 100+,Variant,currency,HardCoin,coins,great_offer1_299,purchase,purchase,4054.0,3.0,300.0,0.0,300.0,0.074,0.01
F. 100+,Variant,currency,HardCoin,coins,special_offer9,purchase,purchase,4054.0,1.0,250.0,0.0,250.0,0.062,0.01
F. 100+,Variant,currency,HardCoin,coins,great_offer1_199,purchase,purchase,4054.0,1.0,150.0,0.0,150.0,0.037,0.01
F. 100+,Variant,dream_pass_tokens,DreamPassToken,items,Rainbow Maker,reward_event,meta,4054.0,1809.0,520547.0,,,128.403,70.52
F. 100+,Variant,dream_pass_tokens,DreamPassToken,items,race_event,reward_event,meta,4054.0,1559.0,80375.0,,,19.826,10.89
F. 100+,Variant,dream_pass_tokens,DreamPassToken,items,kite_festival_event,reward_event,meta,4054.0,476.0,70520.0,,,17.395,9.55
F. 100+,Variant,dream_pass_tokens,DreamPassToken,items,offer_free_items,rolling_offer,meta,4054.0,1195.0,56500.0,,,13.937,7.65
F. 100+,Variant,dream_pass_tokens,DreamPassToken,items,FlockRush,event_reward,meta,4054.0,492.0,10020.0,,,2.472,1.36
F. 100+,Variant,dream_pass_tokens,DreamPassToken,items,wager_event,reward_event,meta,4054.0,1.0,150.0,,,0.037,0.02
F. 100+,Variant,dream_pass_tokens,DreamPassToken,items,river_rush,reward_event,meta,4054.0,2.0,90.0,,,0.022,0.01
F. 100+,Variant,life,life,items,ask_for_lives,ask_for_lives,other,4054.0,267.0,1331.0,,,0.328,81.36
F. 100+,Variant,life,life,items,ad_life,ad_life,ads,4054.0,199.0,305.0,,,0.075,18.64
F. 100+,Variant,life,liferefill,items,coin_purchase,coin_purchase,other,4054.0,187.0,2070.0,,,0.511,100.0
F. 100+,Variant,orb,Movie_Magic,items,dream_pass_event,reward_event,meta,4054.0,1.0,1.0,,,0.0,100.0
F. 100+,Variant,orb,Reds_Greatest_Challenge,items,dream_pass_event,reward_event,meta,4054.0,273.0,273.0,,,0.067,100.0
F. 100+,Variant,powerup,powerup_1,items,Rainbow Maker,reward_event,meta,4054.0,1397.0,4579.0,,,1.13,37.01
F. 100+,Variant,powerup,powerup_1,items,player_level_up,reward_chest,core,4054.0,2183.0,2335.0,,,0.576,18.87
F. 100+,Variant,powerup,powerup_1,items,Hatchling Hideaway,event_reward,meta,4054.0,907.0,938.0,,,0.231,7.58
F. 100+,Variant,powerup,powerup_1,items,ArcheryArena,reward_event,meta,4054.0,865.0,884.0,,,0.218,7.14
F. 100+,Variant,powerup,powerup_1,items,race_event,reward_event,meta,4054.0,653.0,667.0,,,0.165,5.39
F. 100+,Variant,powerup,powerup_1,items,chuck_event,reward_event,meta,4054.0,398.0,416.0,,,0.103,3.36
F. 100+,Variant,powerup,powerup_1,items,team_versus,reward_event,meta,4054.0,410.0,411.0,,,0.101,3.32
F. 100+,Variant,powerup,powerup_1,items,Jigsaw,reward_event,meta,4054.0,331.0,335.0,,,0.083,2.71
F. 100+,Variant,powerup,powerup_1,items,team_versus_contribution,reward_event,meta,4054.0,286.0,287.0,,,0.071,2.32
F. 100+,Variant,powerup,powerup_1,items,reward_chest,reward_chest,other,4054.0,249.0,275.0,,,0.068,2.22
F. 100+,Variant,powerup,powerup_1,items,dreamheist_event,reward_event,meta,4054.0,260.0,267.0,,,0.066,2.16
F. 100+,Variant,powerup,powerup_1,items,ad_chest,ad_chest,ads,4054.0,172.0,196.0,,,0.048,1.58
F. 100+,Variant,powerup,powerup_1,items,bomb_ballet_event,reward_event,meta,4054.0,118.0,119.0,,,0.029,0.96
F. 100+,Variant,powerup,powerup_1,items,kite_festival_event,reward_event,meta,4054.0,111.0,113.0,,,0.028,0.91
F. 100+,Variant,powerup,powerup_1,items,dream_pass_event,reward_event,meta,4054.0,39.0,109.0,,,0.027,0.88
F. 100+,Variant,powerup,powerup_1,items,team_collection,reward_event,meta,4054.0,105.0,107.0,,,0.026,0.86
F. 100+,Variant,powerup,powerup_1,items,bundle_1_with_prelevel_boosters_tier3,purchase,purchase,4054.0,39.0,66.0,,,0.016,0.53
F. 100+,Variant,powerup,powerup_1,items,daily_reward,daily_reward,core,4054.0,41.0,42.0,,,0.01,0.34
F. 100+,Variant,powerup,powerup_1,items,bundle_3_with_prelevel_boosters_tier3,purchase,purchase,4054.0,9.0,24.0,,,0.006,0.19
F. 100+,Variant,powerup,powerup_1,items,saga_progression,chapter_complete,core,4054.0,18.0,21.0,,,0.005,0.17
F. 100+,Variant,powerup,powerup_1,items,ingame,purchase,purchase,4054.0,6.0,18.0,,,0.004,0.15
F. 100+,Variant,powerup,powerup_1,items,rolling_offer_p049_tier3,purchase,purchase,4054.0,17.0,17.0,,,0.004,0.14
F. 100+,Variant,powerup,powerup_1,items,bundle_2_with_prelevel_boosters2,purchase,purchase,4054.0,7.0,16.0,,,0.004,0.13
F. 100+,Variant,powerup,powerup_1,items,bundle_2_with_prelevel_boosters_tier3,purchase,purchase,4054.0,6.0,12.0,,,0.003,0.1
F. 100+,Variant,powerup,powerup_1,items,offer_free_items,rolling_offer,meta,4054.0,10.0,11.0,,,0.003,0.09
F. 100+,Variant,powerup,powerup_1,items,bundle_7_with_prelevel_boosters,purchase,purchase,4054.0,11.0,11.0,,,0.003,0.09
F. 100+,Variant,powerup,powerup_1,items,rolling_offer_tier1_p299,purchase,purchase,4054.0,9.0,9.0,,,0.002,0.07
F. 100+,Variant,powerup,powerup_1,items,river_rush,reward_event,meta,4054.0,5.0,7.0,,,0.002,0.06
F. 100+,Variant,powerup,powerup_1,items,bundle_7_with_prelevel_boosters_tier3,purchase,purchase,4054.0,6.0,7.0,,,0.002,0.06
F. 100+,Variant,powerup,powerup_1,items,rolling_offer_tier1_p199_tier3,purchase,purchase,4054.0,6.0,6.0,,,0.001,0.05
F. 100+,Variant,powerup,powerup_1,items,rolling_offer_p099_VarA,purchase,purchase,4054.0,6.0,6.0,,,0.001,0.05
F. 100+,Variant,powerup,powerup_1,items,bundle_7_with_prelevel_boosters2,purchase,purchase,4054.0,5.0,6.0,,,0.001,0.05
F. 100+,Variant,powerup,powerup_1,items,bundle_1_with_prelevel_boosters,purchase,purchase,4054.0,5.0,5.0,,,0.001,0.04
F. 100+,Variant,powerup,powerup_1,items,bundle_4_with_prelevel_boosters_tier3,purchase,purchase,4054.0,1.0,5.0,,,0.001,0.04
F. 100+,Variant,powerup,powerup_1,items,special_offer8,purchase,purchase,4054.0,5.0,5.0,,,0.001,0.04
F. 100+,Variant,powerup,powerup_1,items,rolling_offer_tier1_p499_VarA,purchase,purchase,4054.0,4.0,4.0,,,0.001,0.03
F. 100+,Variant,powerup,powerup_1,items,red_event,reward_event,meta,4054.0,4.0,4.0,,,0.001,0.03
F. 100+,Variant,powerup,powerup_1,items,special_offer8_tier3,purchase,purchase,4054.0,4.0,4.0,,,0.001,0.03
F. 100+,Variant,powerup,powerup_1,items,bundle_2_with_prelevel_boosters,purchase,purchase,4054.0,4.0,4.0,,,0.001,0.03
F. 100+,Variant,powerup,powerup_1,items,special_offer10,purchase,purchase,4054.0,4.0,4.0,,,0.001,0.03
F. 100+,Variant,powerup,powerup_1,items,rolling_offer_tier1_p299_tier3,purchase,purchase,4054.0,4.0,4.0,,,0.001,0.03
F. 100+,Variant,powerup,powerup_1,items,special_offer11_tier3,purchase,purchase,4054.0,1.0,3.0,,,0.001,0.02
F. 100+,Variant,powerup,powerup_1,items,rolling_offer_p799_VarA,purchase,purchase,4054.0,3.0,3.0,,,0.001,0.02
F. 100+,Variant,powerup,powerup_1,items,single_collection,reward_event,meta,4054.0,3.0,3.0,,,0.001,0.02
F. 100+,Variant,powerup,powerup_1,items,rolling_offer_p999_tier3,purchase,purchase,4054.0,1.0,2.0,,,0.0,0.02
F. 100+,Variant,powerup,powerup_1,items,rolling_offer_p349_tier3,purchase,purchase,4054.0,2.0,2.0,,,0.0,0.02
F. 100+,Variant,powerup,powerup_1,items,special_offer9_tier3,purchase,purchase,4054.0,1.0,1.0,,,0.0,0.01
F. 100+,Variant,powerup,powerup_1,items,season_pass_event,reward_event,meta,4054.0,1.0,1.0,,,0.0,0.01
F. 100+,Variant,powerup,powerup_1,items,rolling_offer_tier1_p799_tier3,purchase,purchase,4054.0,1.0,1.0,,,0.0,0.01
F. 100+,Variant,powerup,powerup_1,items,special_offer9,purchase,purchase,4054.0,1.0,1.0,,,0.0,0.01
F. 100+,Variant,powerup,powerup_1,items,bomb_event,reward_event,meta,4054.0,1.0,1.0,,,0.0,0.01
F. 100+,Variant,powerup,powerup_2,items,Rainbow Maker,reward_event,meta,4054.0,1437.0,6911.0,,,1.705,27.53
F. 100+,Variant,powerup,powerup_2,items,player_level_up,reward_chest,core,4054.0,2863.0,6227.0,,,1.536,24.81
F. 100+,Variant,powerup,powerup_2,items,saga_progression,chapter_complete,core,4054.0,3460.0,5078.0,,,1.253,20.23
F. 100+,Variant,powerup,powerup_2,items,dreamheist_event,reward_event,meta,4054.0,1793.0,1872.0,,,0.462,7.46
F. 100+,Variant,powerup,powerup_2,items,daily_reward,daily_reward,core,4054.0,722.0,736.0,,,0.182,2.93
F. 100+,Variant,powerup,powerup_2,items,Hatchling Hideaway,event_reward,meta,4054.0,613.0,650.0,,,0.16,2.59
F. 100+,Variant,powerup,powerup_2,items,FlockRush,event_reward,meta,4054.0,521.0,534.0,,,0.132,2.13
F. 100+,Variant,powerup,powerup_2,items,dream_pass_event,reward_event,meta,4054.0,304.0,415.0,,,0.102,1.65
F. 100+,Variant,powerup,powerup_2,items,ad_chest,ad_chest,ads,4054.0,323.0,398.0,,,0.098,1.59
F. 100+,Variant,powerup,powerup_2,items,Jigsaw,reward_event,meta,4054.0,380.0,386.0,,,0.095,1.54
F. 100+,Variant,powerup,powerup_2,items,reward_chest,reward_chest,other,4054.0,249.0,322.0,,,0.079,1.28
F. 100+,Variant,powerup,powerup_2,items,team_collection,reward_event,meta,4054.0,139.0,249.0,,,0.061,0.99
F. 100+,Variant,powerup,powerup_2,items,ingame,purchase,purchase,4054.0,53.0,225.0,,,0.056,0.9
F. 100+,Variant,powerup,powerup_2,items,ArcheryArena,reward_event,meta,4054.0,174.0,182.0,,,0.045,0.73
F. 100+,Variant,powerup,powerup_2,items,race_event,reward_event,meta,4054.0,165.0,168.0,,,0.041,0.67
F. 100+,Variant,powerup,powerup_2,items,bomb_ballet_event,reward_event,meta,4054.0,135.0,139.0,,,0.034,0.55
F. 100+,Variant,powerup,powerup_2,items,kite_festival_event,reward_event,meta,4054.0,121.0,123.0,,,0.03,0.49
F. 100+,Variant,powerup,powerup_2,items,team_versus,reward_event,meta,4054.0,119.0,119.0,,,0.029,0.47
F. 100+,Variant,powerup,powerup_2,items,bundle_1_with_prelevel_boosters_tier3,purchase,purchase,4054.0,39.0,66.0,,,0.016,0.26
F. 100+,Variant,powerup,powerup_2,items,offer_free_items,rolling_offer,meta,4054.0,39.0,60.0,,,0.015,0.24
F. 100+,Variant,powerup,powerup_2,items,chuck_event,reward_event,meta,4054.0,33.0,33.0,,,0.008,0.13
F. 100+,Variant,powerup,powerup_2,items,bundle_3_with_prelevel_boosters_tier3,purchase,purchase,4054.0,9.0,24.0,,,0.006,0.1
F. 100+,Variant,powerup,powerup_2,items,team_versus_contribution,reward_event,meta,4054.0,24.0,24.0,,,0.006,0.1
F. 100+,Variant,powerup,powerup_2,items,bundle_2_with_prelevel_boosters2,purchase,purchase,4054.0,7.0,16.0,,,0.004,0.06
F. 100+,Variant,powerup,powerup_2,items,bundle_2_with_prelevel_boosters_tier3,purchase,purchase,4054.0,6.0,12.0,,,0.003,0.05
F. 100+,Variant,powerup,powerup_2,items,special_offer10,purchase,purchase,4054.0,4.0,12.0,,,0.003,0.05
F. 100+,Variant,powerup,powerup_2,items,bundle_7_with_prelevel_boosters,purchase,purchase,4054.0,11.0,11.0,,,0.003,0.04
F. 100+,Variant,powerup,powerup_2,items,special_offer8,purchase,purchase,4054.0,5.0,10.0,,,0.002,0.04
F. 100+,Variant,powerup,powerup_2,items,rolling_offer_tier1_p299,purchase,purchase,4054.0,9.0,9.0,,,0.002,0.04
F. 100+,Variant,powerup,powerup_2,items,special_offer8_tier3,purchase,purchase,4054.0,4.0,8.0,,,0.002,0.03
F. 100+,Variant,powerup,powerup_2,items,bundle_7_with_prelevel_boosters_tier3,purchase,purchase,4054.0,6.0,7.0,,,0.002,0.03
F. 100+,Variant,powerup,powerup_2,items,bundle_7_with_prelevel_boosters2,purchase,purchase,4054.0,5.0,6.0,,,0.001,0.02
F. 100+,Variant,powerup,powerup_2,items,rolling_offer_tier1_p199_tier3,purchase,purchase,4054.0,6.0,6.0,,,0.001,0.02
F. 100+,Variant,powerup,powerup_2,items,red_event,reward_event,meta,4054.0,4.0,5.0,,,0.001,0.02
F. 100+,Variant,powerup,powerup_2,items,season_pass_event,reward_event,meta,4054.0,4.0,5.0,,,0.001,0.02
F. 100+,Variant,powerup,powerup_2,items,bundle_4_with_prelevel_boosters_tier3,purchase,purchase,4054.0,1.0,5.0,,,0.001,0.02
F. 100+,Variant,powerup,powerup_2,items,bundle_1_with_prelevel_boosters,purchase,purchase,4054.0,5.0,5.0,,,0.001,0.02
F. 100+,Variant,powerup,powerup_2,items,river_rush,reward_event,meta,4054.0,4.0,5.0,,,0.001,0.02
F. 100+,Variant,powerup,powerup_2,items,rolling_offer_tier1_p499_VarA,purchase,purchase,4054.0,4.0,4.0,,,0.001,0.02
F. 100+,Variant,powerup,powerup_2,items,rolling_offer_tier1_p299_tier3,purchase,purchase,4054.0,4.0,4.0,,,0.001,0.02
F. 100+,Variant,powerup,powerup_2,items,bundle_2_with_prelevel_boosters,purchase,purchase,4054.0,4.0,4.0,,,0.001,0.02
F. 100+,Variant,powerup,powerup_2,items,single_collection,reward_event,meta,4054.0,4.0,4.0,,,0.001,0.02
F. 100+,Variant,powerup,powerup_2,items,special_offer11_tier3,purchase,purchase,4054.0,1.0,3.0,,,0.001,0.01
F. 100+,Variant,powerup,powerup_2,items,rolling_offer_p799_VarA,purchase,purchase,4054.0,3.0,3.0,,,0.001,0.01
F. 100+,Variant,powerup,powerup_2,items,bomb_event,reward_event,meta,4054.0,3.0,3.0,,,0.001,0.01
F. 100+,Variant,powerup,powerup_2,items,rolling_offer_p999_tier3,purchase,purchase,4054.0,1.0,3.0,,,0.001,0.01
F. 100+,Variant,powerup,powerup_2,items,special_offer9_tier3,purchase,purchase,4054.0,1.0,2.0,,,0.0,0.01
F. 100+,Variant,powerup,powerup_2,items,rolling_offer_tier1_p799_tier3,purchase,purchase,4054.0,1.0,2.0,,,0.0,0.01
F. 100+,Variant,powerup,powerup_2,items,rolling_offer_p349_tier3,purchase,purchase,4054.0,2.0,2.0,,,0.0,0.01
F. 100+,Variant,powerup,powerup_2,items,special_offer9,purchase,purchase,4054.0,1.0,2.0,,,0.0,0.01
F. 100+,Variant,powerup,powerup_2,items,wager_event,reward_event,meta,4054.0,1.0,1.0,,,0.0,0.0
F. 100+,Variant,powerup,powerup_3,items,player_level_up,reward_chest,core,4054.0,3283.0,6894.0,,,1.701,30.18
F. 100+,Variant,powerup,powerup_3,items,Rainbow Maker,reward_event,meta,4054.0,1635.0,5354.0,,,1.321,23.44
F. 100+,Variant,powerup,powerup_3,items,saga_progression,chapter_complete,core,4054.0,3499.0,4942.0,,,1.219,21.63
F. 100+,Variant,powerup,powerup_3,items,dream_pass_event,reward_event,meta,4054.0,930.0,1161.0,,,0.286,5.08
F. 100+,Variant,powerup,powerup_3,items,Hatchling Hideaway,event_reward,meta,4054.0,807.0,834.0,,,0.206,3.65
F. 100+,Variant,powerup,powerup_3,items,facebook_like,facebook_like,other,4054.0,179.0,410.0,,,0.101,1.79
F. 100+,Variant,powerup,powerup_3,items,race_event,reward_event,meta,4054.0,377.0,387.0,,,0.095,1.69
F. 100+,Variant,powerup,powerup_3,items,ad_chest,ad_chest,ads,4054.0,317.0,385.0,,,0.095,1.69
F. 100+,Variant,powerup,powerup_3,items,team_versus,reward_event,meta,4054.0,355.0,356.0,,,0.088,1.56
F. 100+,Variant,powerup,powerup_3,items,reward_chest,reward_chest,other,4054.0,249.0,343.0,,,0.085,1.5
F. 100+,Variant,powerup,powerup_3,items,ArcheryArena,reward_event,meta,4054.0,326.0,336.0,,,0.083,1.47
F. 100+,Variant,powerup,powerup_3,items,daily_reward,daily_reward,core,4054.0,328.0,333.0,,,0.082,1.46
F. 100+,Variant,powerup,powerup_3,items,chuck_event,reward_event,meta,4054.0,257.0,271.0,,,0.067,1.19
F. 100+,Variant,powerup,powerup_3,items,team_collection,reward_event,meta,4054.0,82.0,168.0,,,0.041,0.74
F. 100+,Variant,powerup,powerup_3,items,kite_festival_event,reward_event,meta,4054.0,121.0,124.0,,,0.031,0.54
F. 100+,Variant,powerup,powerup_3,items,bomb_ballet_event,reward_event,meta,4054.0,117.0,117.0,,,0.029,0.51
F. 100+,Variant,powerup,powerup_3,items,bundle_1_with_prelevel_boosters_tier3,purchase,purchase,4054.0,39.0,66.0,,,0.016,0.29
F. 100+,Variant,powerup,powerup_3,items,ingame,purchase,purchase,4054.0,21.0,63.0,,,0.016,0.28
F. 100+,Variant,powerup,powerup_3,items,team_versus_contribution,reward_event,meta,4054.0,62.0,62.0,,,0.015,0.27
F. 100+,Variant,powerup,powerup_3,items,offer_free_items,rolling_offer,meta,4054.0,35.0,46.0,,,0.011,0.2
F. 100+,Variant,powerup,powerup_3,items,bundle_3_with_prelevel_boosters_tier3,purchase,purchase,4054.0,9.0,24.0,,,0.006,0.11
F. 100+,Variant,powerup,powerup_3,items,bundle_2_with_prelevel_boosters2,purchase,purchase,4054.0,7.0,16.0,,,0.004,0.07
F. 100+,Variant,powerup,powerup_3,items,red_event,reward_event,meta,4054.0,13.0,15.0,,,0.004,0.07
F. 100+,Variant,powerup,powerup_3,items,special_offer10,purchase,purchase,4054.0,4.0,12.0,,,0.003,0.05
F. 100+,Variant,powerup,powerup_3,items,bundle_2_with_prelevel_boosters_tier3,purchase,purchase,4054.0,6.0,12.0,,,0.003,0.05
F. 100+,Variant,powerup,powerup_3,items,bundle_7_with_prelevel_boosters,purchase,purchase,4054.0,11.0,11.0,,,0.003,0.05
F. 100+,Variant,powerup,powerup_3,items,special_offer8,purchase,purchase,4054.0,5.0,10.0,,,0.002,0.04
F. 100+,Variant,powerup,powerup_3,items,rolling_offer_tier1_p299,purchase,purchase,4054.0,9.0,9.0,,,0.002,0.04
F. 100+,Variant,powerup,powerup_3,items,special_offer8_tier3,purchase,purchase,4054.0,4.0,8.0,,,0.002,0.04
F. 100+,Variant,powerup,powerup_3,items,season_pass_event,reward_event,meta,4054.0,7.0,8.0,,,0.002,0.04
F. 100+,Variant,powerup,powerup_3,items,bundle_7_with_prelevel_boosters_tier3,purchase,purchase,4054.0,6.0,7.0,,,0.002,0.03
F. 100+,Variant,powerup,powerup_3,items,bundle_7_with_prelevel_boosters2,purchase,purchase,4054.0,5.0,6.0,,,0.001,0.03
F. 100+,Variant,powerup,powerup_3,items,rolling_offer_tier1_p199_tier3,purchase,purchase,4054.0,6.0,6.0,,,0.001,0.03
F. 100+,Variant,powerup,powerup_3,items,single_collection,reward_event,meta,4054.0,5.0,5.0,,,0.001,0.02
F. 100+,Variant,powerup,powerup_3,items,bundle_4_with_prelevel_boosters_tier3,purchase,purchase,4054.0,1.0,5.0,,,0.001,0.02
F. 100+,Variant,powerup,powerup_3,items,bundle_1_with_prelevel_boosters,purchase,purchase,4054.0,5.0,5.0,,,0.001,0.02
F. 100+,Variant,powerup,powerup_3,items,bomb_event,reward_event,meta,4054.0,5.0,5.0,,,0.001,0.02
F. 100+,Variant,powerup,powerup_3,items,bundle_2_with_prelevel_boosters,purchase,purchase,4054.0,4.0,4.0,,,0.001,0.02
F. 100+,Variant,powerup,powerup_3,items,rolling_offer_tier1_p299_tier3,purchase,purchase,4054.0,4.0,4.0,,,0.001,0.02
F. 100+,Variant,powerup,powerup_3,items,rolling_offer_tier1_p499_VarA,purchase,purchase,4054.0,4.0,4.0,,,0.001,0.02
F. 100+,Variant,powerup,powerup_3,items,rolling_offer_p999_tier3,purchase,purchase,4054.0,1.0,3.0,,,0.001,0.01
F. 100+,Variant,powerup,powerup_3,items,special_offer11_tier3,purchase,purchase,4054.0,1.0,3.0,,,0.001,0.01
F. 100+,Variant,powerup,powerup_3,items,rolling_offer_p799_VarA,purchase,purchase,4054.0,3.0,3.0,,,0.001,0.01
F. 100+,Variant,powerup,powerup_3,items,rolling_offer_tier1_p799_tier3,purchase,purchase,4054.0,1.0,2.0,,,0.0,0.01
F. 100+,Variant,powerup,powerup_3,items,rolling_offer_p349_tier3,purchase,purchase,4054.0,2.0,2.0,,,0.0,0.01
F. 100+,Variant,powerup,powerup_3,items,special_offer9_tier3,purchase,purchase,4054.0,1.0,2.0,,,0.0,0.01
F. 100+,Variant,powerup,powerup_3,items,special_offer9,purchase,purchase,4054.0,1.0,2.0,,,0.0,0.01
F. 100+,Variant,powerup,powerup_3,items,river_rush,reward_event,meta,4054.0,1.0,1.0,,,0.0,0.0
F. 100+,Variant,pre_level_booster,pre_level_booster_1,items,saga_progression,chapter_complete,core,4054.0,3501.0,5433.0,,,1.34,27.33
F. 100+,Variant,pre_level_booster,pre_level_booster_1,items,dream_pass_event,reward_event,meta,4054.0,1106.0,3234.0,,,0.798,16.27
F. 100+,Variant,pre_level_booster,pre_level_booster_1,items,Rainbow Maker,reward_event,meta,4054.0,1504.0,2356.0,,,0.581,11.85
F. 100+,Variant,pre_level_booster,pre_level_booster_1,items,player_level_up,reward_chest,core,4054.0,2079.0,2265.0,,,0.559,11.39
F. 100+,Variant,pre_level_booster,pre_level_booster_1,items,dreamheist_event,reward_event,meta,4054.0,2096.0,2183.0,,,0.538,10.98
F. 100+,Variant,pre_level_booster,pre_level_booster_1,items,offer_free_items,rolling_offer,meta,4054.0,1276.0,1321.0,,,0.326,6.65
F. 100+,Variant,pre_level_booster,pre_level_booster_1,items,Hatchling Hideaway,event_reward,meta,4054.0,1024.0,1061.0,,,0.262,5.34
F. 100+,Variant,pre_level_booster,pre_level_booster_1,items,Jigsaw,reward_event,meta,4054.0,675.0,690.0,,,0.17,3.47
F. 100+,Variant,pre_level_booster,pre_level_booster_1,items,FlockRush,event_reward,meta,4054.0,521.0,534.0,,,0.132,2.69
F. 100+,Variant,pre_level_booster,pre_level_booster_1,items,reward_chest,reward_chest,other,4054.0,243.0,250.0,,,0.062,1.26
F. 100+,Variant,pre_level_booster,pre_level_booster_1,items,bomb_ballet_event,reward_event,meta,4054.0,162.0,164.0,,,0.04,0.82
F. 100+,Variant,pre_level_booster,pre_level_booster_1,items,bundle_1_with_prelevel_boosters_tier3,purchase,purchase,4054.0,39.0,66.0,,,0.016,0.33
F. 100+,Variant,pre_level_booster,pre_level_booster_1,items,ArcheryArena,reward_event,meta,4054.0,61.0,61.0,,,0.015,0.31
F. 100+,Variant,pre_level_booster,pre_level_booster_1,items,race_event,reward_event,meta,4054.0,35.0,35.0,,,0.009,0.18
F. 100+,Variant,pre_level_booster,pre_level_booster_1,items,season_pass_event,reward_event,meta,4054.0,14.0,29.0,,,0.007,0.15
F. 100+,Variant,pre_level_booster,pre_level_booster_1,items,team_versus_contribution,reward_event,meta,4054.0,24.0,24.0,,,0.006,0.12
F. 100+,Variant,pre_level_booster,pre_level_booster_1,items,bundle_3_with_prelevel_boosters_tier3,purchase,purchase,4054.0,9.0,24.0,,,0.006,0.12
F. 100+,Variant,pre_level_booster,pre_level_booster_1,items,ingame,purchase,purchase,4054.0,4.0,21.0,,,0.005,0.11
F. 100+,Variant,pre_level_booster,pre_level_booster_1,items,kite_festival_event,reward_event,meta,4054.0,19.0,19.0,,,0.005,0.1
F. 100+,Variant,pre_level_booster,pre_level_booster_1,items,bundle_2_with_prelevel_boosters2,purchase,purchase,4054.0,7.0,16.0,,,0.004,0.08
F. 100+,Variant,pre_level_booster,pre_level_booster_1,items,bundle_2_with_prelevel_boosters_tier3,purchase,purchase,4054.0,6.0,12.0,,,0.003,0.06
F. 100+,Variant,pre_level_booster,pre_level_booster_1,items,bundle_7_with_prelevel_boosters,purchase,purchase,4054.0,11.0,11.0,,,0.003,0.06
F. 100+,Variant,pre_level_booster,pre_level_booster_1,items,ad_chest,ad_chest,ads,4054.0,11.0,11.0,,,0.003,0.06
F. 100+,Variant,pre_level_booster,pre_level_booster_1,items,rolling_offer_tier1_p299,purchase,purchase,4054.0,9.0,9.0,,,0.002,0.05
F. 100+,Variant,pre_level_booster,pre_level_booster_1,items,bundle_7_with_prelevel_boosters_tier3,purchase,purchase,4054.0,6.0,7.0,,,0.002,0.04
F. 100+,Variant,pre_level_booster,pre_level_booster_1,items,rolling_offer_tier1_p199_tier3,purchase,purchase,4054.0,6.0,6.0,,,0.001,0.03
F. 100+,Variant,pre_level_booster,pre_level_booster_1,items,bundle_7_with_prelevel_boosters2,purchase,purchase,4054.0,5.0,6.0,,,0.001,0.03
F. 100+,Variant,pre_level_booster,pre_level_booster_1,items,bundle_1_with_prelevel_boosters,purchase,purchase,4054.0,5.0,5.0,,,0.001,0.03
F. 100+,Variant,pre_level_booster,pre_level_booster_1,items,bundle_4_with_prelevel_boosters_tier3,purchase,purchase,4054.0,1.0,5.0,,,0.001,0.03
F. 100+,Variant,pre_level_booster,pre_level_booster_1,items,river_rush,reward_event,meta,4054.0,3.0,5.0,,,0.001,0.03
F. 100+,Variant,pre_level_booster,pre_level_booster_1,items,rolling_offer_tier1_p299_tier3,purchase,purchase,4054.0,4.0,4.0,,,0.001,0.02
F. 100+,Variant,pre_level_booster,pre_level_booster_1,items,bundle_2_with_prelevel_boosters,purchase,purchase,4054.0,4.0,4.0,,,0.001,0.02
F. 100+,Variant,pre_level_booster,pre_level_booster_1,items,rolling_offer_p799_VarA,purchase,purchase,4054.0,3.0,3.0,,,0.001,0.02
F. 100+,Variant,pre_level_booster,pre_level_booster_1,items,rolling_offer_p349_tier3,purchase,purchase,4054.0,2.0,2.0,,,0.0,0.01
F. 100+,Variant,pre_level_booster,pre_level_booster_1,items,great_offer1_199,purchase,purchase,4054.0,1.0,1.0,,,0.0,0.01
F. 100+,Variant,pre_level_booster,pre_level_booster_1,items,rolling_offer_p999_tier3,purchase,purchase,4054.0,1.0,1.0,,,0.0,0.01
F. 100+,Variant,pre_level_booster,pre_level_booster_1,items,rolling_offer_tier1_p799_tier3,purchase,purchase,4054.0,1.0,1.0,,,0.0,0.01
F. 100+,Variant,pre_level_booster,pre_level_booster_2,items,player_level_up,reward_chest,core,4054.0,2123.0,5412.0,,,1.335,24.41
F. 100+,Variant,pre_level_booster,pre_level_booster_2,items,saga_progression,chapter_complete,core,4054.0,3467.0,5012.0,,,1.236,22.6
F. 100+,Variant,pre_level_booster,pre_level_booster_2,items,dream_pass_event,reward_event,meta,4054.0,1242.0,3360.0,,,0.829,15.15
F. 100+,Variant,pre_level_booster,pre_level_booster_2,items,Rainbow Maker,reward_event,meta,4054.0,1456.0,2237.0,,,0.552,10.09
F. 100+,Variant,pre_level_booster,pre_level_booster_2,items,dreamheist_event,reward_event,meta,4054.0,1534.0,1605.0,,,0.396,7.24
F. 100+,Variant,pre_level_booster,pre_level_booster_2,items,offer_free_items,rolling_offer,meta,4054.0,1235.0,1269.0,,,0.313,5.72
F. 100+,Variant,pre_level_booster,pre_level_booster_2,items,Hatchling Hideaway,event_reward,meta,4054.0,974.0,1008.0,,,0.249,4.55
F. 100+,Variant,pre_level_booster,pre_level_booster_2,items,Jigsaw,reward_event,meta,4054.0,766.0,784.0,,,0.193,3.54
F. 100+,Variant,pre_level_booster,pre_level_booster_2,items,FlockRush,event_reward,meta,4054.0,521.0,534.0,,,0.132,2.41
F. 100+,Variant,pre_level_booster,pre_level_booster_2,items,reward_chest,reward_chest,other,4054.0,243.0,250.0,,,0.062,1.13
F. 100+,Variant,pre_level_booster,pre_level_booster_2,items,bomb_ballet_event,reward_event,meta,4054.0,161.0,165.0,,,0.041,0.74
F. 100+,Variant,pre_level_booster,pre_level_booster_2,items,race_event,reward_event,meta,4054.0,105.0,106.0,,,0.026,0.48
F. 100+,Variant,pre_level_booster,pre_level_booster_2,items,ArcheryArena,reward_event,meta,4054.0,73.0,75.0,,,0.019,0.34
F. 100+,Variant,pre_level_booster,pre_level_booster_2,items,bundle_1_with_prelevel_boosters_tier3,purchase,purchase,4054.0,39.0,66.0,,,0.016,0.3
F. 100+,Variant,pre_level_booster,pre_level_booster_2,items,team_versus_contribution,reward_event,meta,4054.0,62.0,62.0,,,0.015,0.28
F. 100+,Variant,pre_level_booster,pre_level_booster_2,items,kite_festival_event,reward_event,meta,4054.0,34.0,34.0,,,0.008,0.15
F. 100+,Variant,pre_level_booster,pre_level_booster_2,items,season_pass_event,reward_event,meta,4054.0,17.0,31.0,,,0.008,0.14
F. 100+,Variant,pre_level_booster,pre_level_booster_2,items,ingame,purchase,purchase,4054.0,6.0,27.0,,,0.007,0.12
F. 100+,Variant,pre_level_booster,pre_level_booster_2,items,bundle_3_with_prelevel_boosters_tier3,purchase,purchase,4054.0,9.0,24.0,,,0.006,0.11
F. 100+,Variant,pre_level_booster,pre_level_booster_2,items,ad_chest,ad_chest,ads,4054.0,16.0,17.0,,,0.004,0.08
F. 100+,Variant,pre_level_booster,pre_level_booster_2,items,bundle_2_with_prelevel_boosters2,purchase,purchase,4054.0,7.0,16.0,,,0.004,0.07
F. 100+,Variant,pre_level_booster,pre_level_booster_2,items,bundle_2_with_prelevel_boosters_tier3,purchase,purchase,4054.0,6.0,12.0,,,0.003,0.05
F. 100+,Variant,pre_level_booster,pre_level_booster_2,items,bundle_7_with_prelevel_boosters,purchase,purchase,4054.0,11.0,11.0,,,0.003,0.05
F. 100+,Variant,pre_level_booster,pre_level_booster_2,items,rolling_offer_tier1_p299,purchase,purchase,4054.0,9.0,9.0,,,0.002,0.04
F. 100+,Variant,pre_level_booster,pre_level_booster_2,items,bundle_7_with_prelevel_boosters_tier3,purchase,purchase,4054.0,6.0,7.0,,,0.002,0.03
F. 100+,Variant,pre_level_booster,pre_level_booster_2,items,rolling_offer_tier1_p199_tier3,purchase,purchase,4054.0,6.0,6.0,,,0.001,0.03
F. 100+,Variant,pre_level_booster,pre_level_booster_2,items,bundle_7_with_prelevel_boosters2,purchase,purchase,4054.0,5.0,6.0,,,0.001,0.03
F. 100+,Variant,pre_level_booster,pre_level_booster_2,items,bundle_1_with_prelevel_boosters,purchase,purchase,4054.0,5.0,5.0,,,0.001,0.02
F. 100+,Variant,pre_level_booster,pre_level_booster_2,items,bundle_4_with_prelevel_boosters_tier3,purchase,purchase,4054.0,1.0,5.0,,,0.001,0.02
F. 100+,Variant,pre_level_booster,pre_level_booster_2,items,rolling_offer_tier1_p299_tier3,purchase,purchase,4054.0,4.0,4.0,,,0.001,0.02
F. 100+,Variant,pre_level_booster,pre_level_booster_2,items,bundle_2_with_prelevel_boosters,purchase,purchase,4054.0,4.0,4.0,,,0.001,0.02
F. 100+,Variant,pre_level_booster,pre_level_booster_2,items,rolling_offer_p799_VarA,purchase,purchase,4054.0,3.0,3.0,,,0.001,0.01
F. 100+,Variant,pre_level_booster,pre_level_booster_2,items,rolling_offer_p349_tier3,purchase,purchase,4054.0,2.0,2.0,,,0.0,0.01
F. 100+,Variant,pre_level_booster,pre_level_booster_2,items,river_rush,reward_event,meta,4054.0,1.0,2.0,,,0.0,0.01
F. 100+,Variant,pre_level_booster,pre_level_booster_2,items,rolling_offer_tier1_p799_tier3,purchase,purchase,4054.0,1.0,1.0,,,0.0,0.0
F. 100+,Variant,pre_level_booster,pre_level_booster_2,items,rolling_offer_p999_tier3,purchase,purchase,4054.0,1.0,1.0,,,0.0,0.0
F. 100+,Variant,pre_level_booster,pre_level_booster_2,items,great_offer1_199,purchase,purchase,4054.0,1.0,1.0,,,0.0,0.0
F. 100+,Variant,pre_level_booster,pre_level_booster_3,items,saga_progression,chapter_complete,core,4054.0,3551.0,4924.0,,,1.215,29.61
F. 100+,Variant,pre_level_booster,pre_level_booster_3,items,player_level_up,reward_chest,core,4054.0,2114.0,4296.0,,,1.06,25.84
F. 100+,Variant,pre_level_booster,pre_level_booster_3,items,Rainbow Maker,reward_event,meta,4054.0,1117.0,1904.0,,,0.47,11.45
F. 100+,Variant,pre_level_booster,pre_level_booster_3,items,offer_free_items,rolling_offer,meta,4054.0,1224.0,1260.0,,,0.311,7.58
F. 100+,Variant,pre_level_booster,pre_level_booster_3,items,dream_pass_event,reward_event,meta,4054.0,711.0,1013.0,,,0.25,6.09
F. 100+,Variant,pre_level_booster,pre_level_booster_3,items,Hatchling Hideaway,event_reward,meta,4054.0,912.0,944.0,,,0.233,5.68
F. 100+,Variant,pre_level_booster,pre_level_booster_3,items,FlockRush,event_reward,meta,4054.0,521.0,534.0,,,0.132,3.21
F. 100+,Variant,pre_level_booster,pre_level_booster_3,items,Jigsaw,reward_event,meta,4054.0,331.0,335.0,,,0.083,2.01
F. 100+,Variant,pre_level_booster,pre_level_booster_3,items,team_versus_contribution,reward_event,meta,4054.0,286.0,287.0,,,0.071,1.73
F. 100+,Variant,pre_level_booster,pre_level_booster_3,items,race_event,reward_event,meta,4054.0,278.0,282.0,,,0.07,1.7
F. 100+,Variant,pre_level_booster,pre_level_booster_3,items,reward_chest,reward_chest,other,4054.0,243.0,250.0,,,0.062,1.5
F. 100+,Variant,pre_level_booster,pre_level_booster_3,items,ArcheryArena,reward_event,meta,4054.0,204.0,213.0,,,0.053,1.28
F. 100+,Variant,pre_level_booster,pre_level_booster_3,items,bomb_ballet_event,reward_event,meta,4054.0,118.0,119.0,,,0.029,0.72
F. 100+,Variant,pre_level_booster,pre_level_booster_3,items,bundle_1_with_prelevel_boosters_tier3,purchase,purchase,4054.0,39.0,66.0,,,0.016,0.4
F. 100+,Variant,pre_level_booster,pre_level_booster_3,items,kite_festival_event,reward_event,meta,4054.0,39.0,40.0,,,0.01,0.24
F. 100+,Variant,pre_level_booster,pre_level_booster_3,items,ingame,purchase,purchase,4054.0,7.0,33.0,,,0.008,0.2
F. 100+,Variant,pre_level_booster,pre_level_booster_3,items,bundle_3_with_prelevel_boosters_tier3,purchase,purchase,4054.0,9.0,24.0,,,0.006,0.14
F. 100+,Variant,pre_level_booster,pre_level_booster_3,items,bundle_2_with_prelevel_boosters2,purchase,purchase,4054.0,7.0,16.0,,,0.004,0.1
F. 100+,Variant,pre_level_booster,pre_level_booster_3,items,bundle_2_with_prelevel_boosters_tier3,purchase,purchase,4054.0,6.0,12.0,,,0.003,0.07
F. 100+,Variant,pre_level_booster,pre_level_booster_3,items,bundle_7_with_prelevel_boosters,purchase,purchase,4054.0,11.0,11.0,,,0.003,0.07
F. 100+,Variant,pre_level_booster,pre_level_booster_3,items,rolling_offer_tier1_p299,purchase,purchase,4054.0,9.0,9.0,,,0.002,0.05
F. 100+,Variant,pre_level_booster,pre_level_booster_3,items,bundle_7_with_prelevel_boosters_tier3,purchase,purchase,4054.0,6.0,7.0,,,0.002,0.04
F. 100+,Variant,pre_level_booster,pre_level_booster_3,items,rolling_offer_tier1_p199_tier3,purchase,purchase,4054.0,6.0,6.0,,,0.001,0.04
F. 100+,Variant,pre_level_booster,pre_level_booster_3,items,bundle_7_with_prelevel_boosters2,purchase,purchase,4054.0,5.0,6.0,,,0.001,0.04
F. 100+,Variant,pre_level_booster,pre_level_booster_3,items,bundle_4_with_prelevel_boosters_tier3,purchase,purchase,4054.0,1.0,5.0,,,0.001,0.03
F. 100+,Variant,pre_level_booster,pre_level_booster_3,items,bundle_1_with_prelevel_boosters,purchase,purchase,4054.0,5.0,5.0,,,0.001,0.03
F. 100+,Variant,pre_level_booster,pre_level_booster_3,items,bundle_2_with_prelevel_boosters,purchase,purchase,4054.0,4.0,4.0,,,0.001,0.02
F. 100+,Variant,pre_level_booster,pre_level_booster_3,items,ad_chest,ad_chest,ads,4054.0,4.0,4.0,,,0.001,0.02
F. 100+,Variant,pre_level_booster,pre_level_booster_3,items,rolling_offer_tier1_p299_tier3,purchase,purchase,4054.0,4.0,4.0,,,0.001,0.02
F. 100+,Variant,pre_level_booster,pre_level_booster_3,items,season_pass_event,reward_event,meta,4054.0,4.0,4.0,,,0.001,0.02
F. 100+,Variant,pre_level_booster,pre_level_booster_3,items,rolling_offer_p799_VarA,purchase,purchase,4054.0,3.0,3.0,,,0.001,0.02
F. 100+,Variant,pre_level_booster,pre_level_booster_3,items,rolling_offer_p349_tier3,purchase,purchase,4054.0,2.0,2.0,,,0.0,0.01
F. 100+,Variant,pre_level_booster,pre_level_booster_3,items,river_rush,reward_event,meta,4054.0,2.0,2.0,,,0.0,0.01
F. 100+,Variant,pre_level_booster,pre_level_booster_3,items,rolling_offer_tier1_p799_tier3,purchase,purchase,4054.0,1.0,1.0,,,0.0,0.01
F. 100+,Variant,pre_level_booster,pre_level_booster_3,items,single_collection,reward_event,meta,4054.0,1.0,1.0,,,0.0,0.01
F. 100+,Variant,pre_level_booster,pre_level_booster_3,items,great_offer1_199,purchase,purchase,4054.0,1.0,1.0,,,0.0,0.01
F. 100+,Variant,pre_level_booster,pre_level_booster_3,items,rolling_offer_p999_tier3,purchase,purchase,4054.0,1.0,1.0,,,0.0,0.01
F. 100+,Variant,season_pass_multiplier_2x,SeasonPassMultiplier2x,minutes,Rainbow Maker,reward_event,meta,4054.0,1460.0,27300.0,,,6.734,92.54
F. 100+,Variant,season_pass_multiplier_2x,SeasonPassMultiplier2x,minutes,great_offer1_199_tier3,purchase,purchase,4054.0,3.0,1080.0,,,0.266,3.66
F. 100+,Variant,season_pass_multiplier_2x,SeasonPassMultiplier2x,minutes,great_offer1_299,purchase,purchase,4054.0,3.0,1080.0,,,0.266,3.66
F. 100+,Variant,season_pass_multiplier_2x,SeasonPassMultiplier2x,minutes,river_rush,reward_event,meta,4054.0,2.0,25.0,,,0.006,0.08
F. 100+,Variant,season_pass_multiplier_2x,SeasonPassMultiplier2x,minutes,gift,gift,other,4054.0,1.0,15.0,,,0.004,0.05
F. 100+,Variant,season_pass_tokens,SeasonPassToken,items,season_pass_event,event_reward,meta,4054.0,10.0,140.0,,,0.035,100.0
F. 100+,Variant,ul_pre_booster,UnlimitedBooster1,minutes,dream_pass_event,reward_event,meta,4054.0,1160.0,24605.0,,,6.069,31.98
F. 100+,Variant,ul_pre_booster,UnlimitedBooster1,minutes,Jigsaw,reward_event,meta,4054.0,893.0,15745.0,,,3.884,20.46
F. 100+,Variant,ul_pre_booster,UnlimitedBooster1,minutes,Rainbow Maker,reward_event,meta,4054.0,1110.0,14610.0,,,3.604,18.99
F. 100+,Variant,ul_pre_booster,UnlimitedBooster1,minutes,Hatchling Hideaway,event_reward,meta,4054.0,804.0,8310.0,,,2.05,10.8
F. 100+,Variant,ul_pre_booster,UnlimitedBooster1,minutes,daily_reward,daily_reward,core,4054.0,97.0,5940.0,,,1.465,7.72
F. 100+,Variant,ul_pre_booster,UnlimitedBooster1,minutes,bomb_ballet_event,reward_event,meta,4054.0,223.0,3840.0,,,0.947,4.99
F. 100+,Variant,ul_pre_booster,UnlimitedBooster1,minutes,great_offer1_299,purchase,purchase,4054.0,3.0,1080.0,,,0.266,1.4
F. 100+,Variant,ul_pre_booster,UnlimitedBooster1,minutes,great_offer1_199_tier3,purchase,purchase,4054.0,3.0,1080.0,,,0.266,1.4
F. 100+,Variant,ul_pre_booster,UnlimitedBooster1,minutes,Hard_Level_Offer1,purchase,purchase,4054.0,29.0,600.0,,,0.148,0.78
F. 100+,Variant,ul_pre_booster,UnlimitedBooster1,minutes,Hard_level_offer1_tier3,purchase,purchase,4054.0,28.0,560.0,,,0.138,0.73
F. 100+,Variant,ul_pre_booster,UnlimitedBooster1,minutes,season_pass_event,reward_event,meta,4054.0,19.0,400.0,,,0.099,0.52
F. 100+,Variant,ul_pre_booster,UnlimitedBooster1,minutes,river_rush,reward_event,meta,4054.0,3.0,80.0,,,0.02,0.1
F. 100+,Variant,ul_pre_booster,UnlimitedBooster1,minutes,SeasonPassHoliday,reward_event,meta,4054.0,1.0,65.0,,,0.016,0.08
F. 100+,Variant,ul_pre_booster,UnlimitedBooster1,minutes,gift,gift,other,4054.0,1.0,30.0,,,0.007,0.04
F. 100+,Variant,ul_pre_booster,UnlimitedBooster2,minutes,Jigsaw,reward_event,meta,4054.0,951.0,13910.0,,,3.431,28.0
F. 100+,Variant,ul_pre_booster,UnlimitedBooster2,minutes,dream_pass_event,reward_event,meta,4054.0,811.0,13885.0,,,3.425,27.95
F. 100+,Variant,ul_pre_booster,UnlimitedBooster2,minutes,Hatchling Hideaway,event_reward,meta,4054.0,610.0,6470.0,,,1.596,13.02
F. 100+,Variant,ul_pre_booster,UnlimitedBooster2,minutes,Rainbow Maker,reward_event,meta,4054.0,324.0,4160.0,,,1.026,8.37
F. 100+,Variant,ul_pre_booster,UnlimitedBooster2,minutes,daily_reward,daily_reward,core,4054.0,63.0,3840.0,,,0.947,7.73
F. 100+,Variant,ul_pre_booster,UnlimitedBooster2,minutes,bomb_ballet_event,reward_event,meta,4054.0,248.0,3720.0,,,0.918,7.49
F. 100+,Variant,ul_pre_booster,UnlimitedBooster2,minutes,great_offer1_199_tier3,purchase,purchase,4054.0,3.0,1080.0,,,0.266,2.17
F. 100+,Variant,ul_pre_booster,UnlimitedBooster2,minutes,great_offer1_299,purchase,purchase,4054.0,3.0,1080.0,,,0.266,2.17
F. 100+,Variant,ul_pre_booster,UnlimitedBooster2,minutes,Hard_Level_Offer1,purchase,purchase,4054.0,29.0,600.0,,,0.148,1.21
F. 100+,Variant,ul_pre_booster,UnlimitedBooster2,minutes,Hard_level_offer1_tier3,purchase,purchase,4054.0,28.0,560.0,,,0.138,1.13
F. 100+,Variant,ul_pre_booster,UnlimitedBooster2,minutes,season_pass_event,reward_event,meta,4054.0,16.0,255.0,,,0.063,0.51
F. 100+,Variant,ul_pre_booster,UnlimitedBooster2,minutes,river_rush,reward_event,meta,4054.0,2.0,65.0,,,0.016,0.13
F. 100+,Variant,ul_pre_booster,UnlimitedBooster2,minutes,gift,gift,other,4054.0,1.0,30.0,,,0.007,0.06
F. 100+,Variant,ul_pre_booster,UnlimitedBooster2,minutes,SeasonPassHoliday,reward_event,meta,4054.0,1.0,30.0,,,0.007,0.06
F. 100+,Variant,ul_pre_booster,UnlimitedBooster3,minutes,Jigsaw,reward_event,meta,4054.0,883.0,11970.0,,,2.953,55.67
F. 100+,Variant,ul_pre_booster,UnlimitedBooster3,minutes,bomb_ballet_event,reward_event,meta,4054.0,255.0,3810.0,,,0.94,17.72
F. 100+,Variant,ul_pre_booster,UnlimitedBooster3,minutes,daily_reward,daily_reward,core,4054.0,44.0,1350.0,,,0.333,6.28
F. 100+,Variant,ul_pre_booster,UnlimitedBooster3,minutes,great_offer1_299,purchase,purchase,4054.0,3.0,1080.0,,,0.266,5.02
F. 100+,Variant,ul_pre_booster,UnlimitedBooster3,minutes,great_offer1_199_tier3,purchase,purchase,4054.0,3.0,1080.0,,,0.266,5.02
F. 100+,Variant,ul_pre_booster,UnlimitedBooster3,minutes,dream_pass_event,reward_event,meta,4054.0,37.0,890.0,,,0.22,4.14
F. 100+,Variant,ul_pre_booster,UnlimitedBooster3,minutes,Hard_Level_Offer1,purchase,purchase,4054.0,29.0,600.0,,,0.148,2.79
F. 100+,Variant,ul_pre_booster,UnlimitedBooster3,minutes,Hard_level_offer1_tier3,purchase,purchase,4054.0,28.0,560.0,,,0.138,2.6
F. 100+,Variant,ul_pre_booster,UnlimitedBooster3,minutes,season_pass_event,reward_event,meta,4054.0,3.0,80.0,,,0.02,0.37
F. 100+,Variant,ul_pre_booster,UnlimitedBooster3,minutes,river_rush,reward_event,meta,4054.0,2.0,40.0,,,0.01,0.19
F. 100+,Variant,ul_pre_booster,UnlimitedBooster3,minutes,gift,gift,other,4054.0,1.0,30.0,,,0.007,0.14
F. 100+,Variant,ul_pre_booster,UnlimitedBooster3,minutes,SeasonPassHoliday,reward_event,meta,4054.0,1.0,10.0,,,0.002,0.05
F. 100+,Variant,unlimited_lives,UnlimitedLives,minutes,saga_progression,chapter_complete,core,4054.0,4025.0,1325840.0,,,327.045,53.95
F. 100+,Variant,unlimited_lives,UnlimitedLives,minutes,player_level_up,reward_chest,core,4054.0,3479.0,403440.0,,,99.517,16.42
F. 100+,Variant,unlimited_lives,UnlimitedLives,minutes,Rainbow Maker,reward_event,meta,4054.0,1640.0,103380.0,,,25.501,4.21
F. 100+,Variant,unlimited_lives,UnlimitedLives,minutes,dream_pass_event,reward_event,meta,4054.0,1168.0,103230.0,,,25.464,4.2
F. 100+,Variant,unlimited_lives,UnlimitedLives,minutes,FlockRush,event_reward,meta,4054.0,1654.0,100620.0,,,24.82,4.09
F. 100+,Variant,unlimited_lives,UnlimitedLives,minutes,dreamheist_event,reward_event,meta,4054.0,2717.0,93030.0,,,22.948,3.79
F. 100+,Variant,unlimited_lives,UnlimitedLives,minutes,Hatchling Hideaway,event_reward,meta,4054.0,1078.0,91980.0,,,22.689,3.74
F. 100+,Variant,unlimited_lives,UnlimitedLives,minutes,Jigsaw,reward_event,meta,4054.0,998.0,81150.0,,,20.017,3.3
F. 100+,Variant,unlimited_lives,UnlimitedLives,minutes,daily_reward,daily_reward,core,4054.0,1485.0,56320.0,,,13.892,2.29
F. 100+,Variant,unlimited_lives,UnlimitedLives,minutes,ArcheryArena,reward_event,meta,4054.0,846.0,26250.0,,,6.475,1.07
F. 100+,Variant,unlimited_lives,UnlimitedLives,minutes,kite_festival_event,reward_event,meta,4054.0,704.0,22400.0,,,5.525,0.91
F. 100+,Variant,unlimited_lives,UnlimitedLives,minutes,bomb_ballet_event,reward_event,meta,4054.0,290.0,21840.0,,,5.387,0.89
F. 100+,Variant,unlimited_lives,UnlimitedLives,minutes,reward_chest,reward_chest,other,4054.0,243.0,7500.0,,,1.85,0.31
F. 100+,Variant,unlimited_lives,UnlimitedLives,minutes,ad_chest,ad_chest,ads,4054.0,481.0,6890.0,,,1.7,0.28
F. 100+,Variant,unlimited_lives,UnlimitedLives,minutes,offer_free_items,rolling_offer,meta,4054.0,83.0,5045.0,,,1.244,0.21
F. 100+,Variant,unlimited_lives,UnlimitedLives,minutes,season_pass_event,reward_event,meta,4054.0,24.0,2235.0,,,0.551,0.09
F. 100+,Variant,unlimited_lives,UnlimitedLives,minutes,great_offer1_299,purchase,purchase,4054.0,3.0,1080.0,,,0.266,0.04
F. 100+,Variant,unlimited_lives,UnlimitedLives,minutes,great_offer1_199_tier3,purchase,purchase,4054.0,3.0,1080.0,,,0.266,0.04
F. 100+,Variant,unlimited_lives,UnlimitedLives,minutes,race_event,reward_event,meta,4054.0,20.0,995.0,,,0.245,0.04
F. 100+,Variant,unlimited_lives,UnlimitedLives,minutes,rolling_offer_p049_tier3,purchase,purchase,4054.0,17.0,765.0,,,0.189,0.03
F. 100+,Variant,unlimited_lives,UnlimitedLives,minutes,Hard_Level_Offer1,purchase,purchase,4054.0,29.0,600.0,,,0.148,0.02
F. 100+,Variant,unlimited_lives,UnlimitedLives,minutes,Hard_level_offer1_tier3,purchase,purchase,4054.0,28.0,560.0,,,0.138,0.02
F. 100+,Variant,unlimited_lives,UnlimitedLives,minutes,bundle_4_with_prelevel_boosters_tier3,purchase,purchase,4054.0,1.0,360.0,,,0.089,0.01
F. 100+,Variant,unlimited_lives,UnlimitedLives,minutes,rolling_offer_p099_VarA,purchase,purchase,4054.0,6.0,270.0,,,0.067,0.01
F. 100+,Variant,unlimited_lives,UnlimitedLives,minutes,rolling_offer_p799_VarA,purchase,purchase,4054.0,3.0,180.0,,,0.044,0.01
F. 100+,Variant,unlimited_lives,UnlimitedLives,minutes,rolling_offer_tier1_p499_VarA,purchase,purchase,4054.0,4.0,160.0,,,0.039,0.01
F. 100+,Variant,unlimited_lives,UnlimitedLives,minutes,rolling_offer_p999_tier3,purchase,purchase,4054.0,1.0,120.0,,,0.03,0.0
F. 100+,Variant,unlimited_lives,UnlimitedLives,minutes,rolling_offer_tier1_p799_tier3,purchase,purchase,4054.0,1.0,120.0,,,0.03,0.0
F. 100+,Variant,unlimited_lives,UnlimitedLives,minutes,rolling_offer_tier1_p299_tier3,purchase,purchase,4054.0,4.0,120.0,,,0.03,0.0
F. 100+,Variant,unlimited_lives,UnlimitedLives,minutes,rolling_offer_p349_tier3,purchase,purchase,4054.0,2.0,120.0,,,0.03,0.0
F. 100+,Variant,unlimited_lives,UnlimitedLives,minutes,SeasonPassHoliday,reward_event,meta,4054.0,1.0,30.0,,,0.007,0.0
F. 100+,Variant,unlimited_lives,UnlimitedLives,minutes,gift,gift,other,4054.0,1.0,30.0,,,0.007,0.0
