event_date,segment,ab_group,resource_category,resource,unit,action,spend_context,spend_detail,segment_players,spenders,spend_events,amount_spent,amount_spent_free,amount_spent_paid
2026-08-10,D. 20-39,Variant,ul_pre_booster,UnlimitedBooster2,items,in_game_use,saga,in_level,5353,1538,12504,12504,,
2026-08-10,D. 20-39,Variant,pre_level_booster,pre_level_booster_1,items,in_game_use,saga,in_level,5353,3115,8254,8254,,
2026-08-10,D. 20-39,Variant,life,life,items,in_game_use,saga,in_level,5353,3967,42286,42286,,
2026-08-09,A. 0,Control,pre_level_booster,pre_level_booster_3,items,in_game_use,dream_peak,in_level,5112,390,709,709,,
2026-08-08,E. 40-99,Control,pre_level_booster,pre_level_booster_1,items,in_game_use,saga,in_level,3274,2200,8193,8193,,
2026-08-08,E. 40-99,Control,life,life,items,in_game_use,saga,in_level,3274,3025,71654,71654,,
2026-08-08,E. 40-99,Control,pre_level_booster,pre_level_booster_2,items,in_game_use,saga,in_level,3274,2035,8696,8696,,
2026-08-10,D. 20-39,Variant,currency,HardCoin,coins,extra_moves,level_movesplus50,50,5353,124,136,13600,12282,1318
2026-08-10,D. 20-39,Variant,currency,HardCoin,coins,purchase_lives,map_lives,purchase_lives,5353,34,39,1950,1449,501
2026-08-08,E. 40-99,Control,currency,HardCoin,coins,extra_moves,level_movesplus10,10,3274,145,175,17500,16850,650
2026-08-09,A. 0,Control,powerup,powerup_2,items,in_game_use,saga,in_level,5112,161,235,235,,
2026-08-09,A. 0,Control,currency,HardCoin,coins,extra_moves,level_movesplus5,5,5112,573,1548,154800,107531,47269
2026-08-09,A. 0,Control,pre_level_booster,pre_level_booster_2,items,in_game_use,saga,in_level,5112,273,354,354,,
2026-08-10,D. 20-39,Variant,pre_level_booster,pre_level_booster_1,items,in_game_use,dream_peak,in_level,5353,44,108,108,,
2026-08-10,D. 20-39,Variant,currency,HardCoin,coins,purchase_powerup,level_powerup,powerup_2,5353,23,26,3900,3750,150
2026-08-10,D. 20-39,Variant,currency,HardCoin,coins,extra_moves,level_movesplus30,30,5353,47,47,4700,4371,329
2026-08-09,A. 0,Control,powerup,powerup_3,items,in_game_use,saga,in_level,5112,152,207,207,,
2026-08-09,A. 0,Control,currency,HardCoin,coins,extra_moves,level_movesplus15,15,5112,20,22,2200,1909,291
2026-08-09,A. 0,Control,ul_pre_booster,UnlimitedBooster3,items,in_game_use,saga,in_level,5112,10,21,21,,
2026-08-09,A. 0,Control,currency,HardCoin,coins,extra_moves,level_movesplus25,25,5112,17,17,1700,1576,124
2026-08-09,A. 0,Control,currency,HardCoin,coins,extra_moves,level_movesplus20,20,5112,20,21,2100,1328,772
2026-08-09,A. 0,Control,currency,HardCoin,coins,purchase_powerup,level_powerup,powerup_3,5112,6,6,1200,1200,0
2026-08-08,E. 40-99,Control,currency,HardCoin,coins,purchase_pre_level_booster,map_pre_level_booster,pre_level_booster_2,3274,1,1,150,0,150
2026-08-08,E. 40-99,Control,currency,HardCoin,coins,purchase_pre_level_booster,level_pre_level_booster,pre_level_booster_1,3274,1,1,100,100,0
2026-08-07,F. 100+,Control,life,life,items,in_game_use,saga,in_level,432,393,11028,11028,,
2026-08-07,F. 100+,Control,pre_level_booster,pre_level_booster_1,items,in_game_use,saga,in_level,432,368,3413,3413,,
2026-08-07,F. 100+,Control,currency,HardCoin,coins,extra_moves,level_movesplus25,25,432,14,19,1900,1787,113
2026-08-07,F. 100+,Control,currency,HardCoin,coins,extra_moves,level_movesplus50,50,432,23,27,2700,2242,458
2026-08-07,F. 100+,Control,powerup,powerup_1,items,in_game_use,saga,in_level,432,363,2172,2172,,
2026-08-07,F. 100+,Control,currency,HardCoin,coins,extra_moves,level_movesplus40,40,432,6,6,600,525,75
2026-08-07,F. 100+,Control,currency,HardCoin,coins,purchase_lives,map_lives,purchase_lives,432,16,28,1400,1164,236
2026-08-07,F. 100+,Control,currency,HardCoin,coins,extra_moves,level_movesplus45,45,432,3,3,300,300,0
2026-08-07,F. 100+,Control,currency,HardCoin,coins,purchase_pre_level_booster,map_pre_level_booster,pre_level_booster_2,432,1,1,150,150,0
2026-08-10,E. 40-99,Control,powerup,powerup_1,items,in_game_use,saga,in_level,3434,2364,6237,6237,,
2026-08-08,B. 1-9,Variant,life,life,items,in_game_use,saga,in_level,7420,5540,29993,29993,,
2026-08-08,B. 1-9,Variant,ul_pre_booster,UnlimitedBooster2,items,in_game_use,saga,in_level,7420,515,3014,3014,,
2026-08-08,B. 1-9,Variant,currency,HardCoin,coins,extra_moves,level_movesplus10,10,7420,90,93,9300,9130,170
2026-08-10,E. 40-99,Control,pre_level_booster,pre_level_booster_2,items,in_game_use,saga,in_level,3434,2294,10360,10360,,
2026-08-08,B. 1-9,Variant,currency,HardCoin,coins,purchase_lives,map_lives,purchase_lives,7420,45,51,2550,1528,1022
2026-08-08,B. 1-9,Variant,currency,HardCoin,coins,purchase_lives,level_lives,purchase_lives,7420,84,101,5050,2983,2067
2026-08-08,B. 1-9,Variant,currency,HardCoin,coins,extra_moves,level_movesplus25,25,7420,32,32,3200,3200,0
2026-08-08,B. 1-9,Variant,currency,HardCoin,coins,extra_moves,level_movesplus45,45,7420,19,19,1900,1800,100
2026-08-08,B. 1-9,Variant,currency,HardCoin,coins,extra_moves,level_movesplus40,40,7420,16,16,1600,1585,15
2026-08-10,E. 40-99,Control,currency,HardCoin,coins,extra_moves,level_movesplus10,10,3434,167,199,19900,19483,417
2026-08-04,D. 20-39,Variant,pre_level_booster,pre_level_booster_2,items,in_game_use,saga,in_level,4917,2537,6821,6821,,
2026-08-04,D. 20-39,Variant,powerup,powerup_2,items,in_game_use,saga,in_level,4917,2841,8110,8110,,
2026-08-04,D. 20-39,Variant,pre_level_booster,pre_level_booster_3,items,in_game_use,saga,in_level,4917,2092,4436,4436,,
2026-08-08,B. 1-9,Variant,currency,HardCoin,coins,purchase_pre_level_booster,map_pre_level_booster,pre_level_booster_1,7420,16,18,1800,1800,0
2026-08-04,D. 20-39,Variant,pre_level_booster,pre_level_booster_2,items,in_game_use,dream_peak,in_level,4917,78,183,183,,
2026-08-04,D. 20-39,Variant,powerup,powerup_3,items,in_game_use,dream_peak,in_level,4917,113,257,257,,
2026-08-04,D. 20-39,Variant,currency,HardCoin,coins,extra_moves,level_movesplus30,30,4917,28,30,3000,2685,315
2026-08-10,E. 40-99,Control,currency,HardCoin,coins,extra_moves,level_movesplus30,30,3434,60,65,6500,6289,211
2026-08-10,A. 0,Control,ul_pre_booster,UnlimitedBooster1,items,in_game_use,dream_peak,in_level,4087,15,122,122,,
2026-08-10,A. 0,Control,currency,HardCoin,coins,extra_moves,level_movesplus5,5,4087,79,104,10400,9613,787
2026-08-10,A. 0,Control,currency,HardCoin,coins,purchase_lives,level_lives,purchase_lives,4087,26,31,1550,1160,390
2026-08-04,D. 20-39,Variant,currency,HardCoin,coins,extra_moves,level_movesplus15,15,4917,88,95,9500,8821,679
2026-08-04,D. 20-39,Variant,currency,HardCoin,coins,purchase_pre_level_booster,map_pre_level_booster,pre_level_booster_3,4917,6,41,8200,1000,7200
2026-08-10,A. 0,Control,powerup,powerup_1,items,in_game_use,saga,in_level,4087,88,102,102,,
2026-08-10,A. 0,Control,currency,HardCoin,coins,extra_moves,level_movesplus10,10,4087,4,4,400,400,0
2026-08-10,E. 40-99,Control,currency,HardCoin,coins,purchase_pre_level_booster,level_pre_level_booster,pre_level_booster_1,3434,1,2,200,200,0
2026-08-10,E. 40-99,Control,currency,HardCoin,coins,purchase_powerup,level_powerup,powerup_1,3434,4,5,2500,877,1623
2026-08-08,B. 1-9,Variant,currency,HardCoin,coins,extra_moves,level_movesplus35,35,7420,22,23,2300,2171,129
2026-08-08,B. 1-9,Variant,powerup,powerup_1,items,in_game_use,dream_peak,in_level,7420,5,8,8,,
2026-08-10,A. 0,Control,currency,HardCoin,coins,team_created,unknown,unknown,4087,1,1,150,150,0
2026-08-08,B. 1-9,Variant,ul_pre_booster,UnlimitedBooster3,items,in_game_use,dream_peak,in_level,7420,2,27,27,,
2026-08-04,F. 100+,Control,currency,HardCoin,coins,extra_moves,level_movesplus5,5,403,356,2435,243500,231252,12248
2026-08-04,F. 100+,Control,currency,HardCoin,coins,extra_moves,level_movesplus15,15,403,20,25,2500,2190,310
2026-08-02,A. 0,Variant,life,life,items,in_game_use,dream_peak,in_level,5384,825,33253,33253,,
2026-08-02,A. 0,Variant,powerup,powerup_2,items,in_game_use,dream_peak,in_level,5384,618,1495,1495,,
2026-08-02,A. 0,Variant,pre_level_booster,pre_level_booster_2,items,in_game_use,dream_peak,in_level,5384,395,1175,1175,,
2026-08-02,A. 0,Variant,powerup,powerup_1,items,in_game_use,dream_peak,in_level,5384,461,1081,1081,,
2026-08-02,A. 0,Variant,pre_level_booster,pre_level_booster_2,items,in_game_use,saga,in_level,5384,286,373,373,,
2026-08-02,A. 0,Variant,pre_level_booster,pre_level_booster_3,items,in_game_use,saga,in_level,5384,144,165,165,,
2026-08-02,A. 0,Variant,ul_pre_booster,UnlimitedBooster1,items,in_game_use,saga,in_level,5384,91,223,223,,
2026-08-02,A. 0,Variant,powerup,powerup_1,items,in_game_use,saga,in_level,5384,60,73,73,,
2026-08-02,A. 0,Variant,currency,HardCoin,coins,purchase_powerup,level_powerup,powerup_2,5384,12,12,1800,1735,65
2026-08-02,A. 0,Variant,currency,HardCoin,coins,purchase_lives,map_lives,purchase_lives,5384,40,61,3050,1938,1112
2026-08-03,E. 40-99,Variant,life,life,items,in_game_use,saga,in_level,3032,2481,32129,32129,,
2026-08-03,E. 40-99,Variant,life,life,items,in_game_use,dream_peak,in_level,3032,176,7134,7134,,
2026-08-03,E. 40-99,Variant,powerup,powerup_3,items,in_game_use,dream_peak,in_level,3032,157,767,767,,
2026-08-03,E. 40-99,Variant,powerup,powerup_1,items,in_game_use,dream_peak,in_level,3032,139,459,459,,
2026-08-03,E. 40-99,Variant,currency,HardCoin,coins,purchase_lives,map_lives,purchase_lives,3032,31,39,1950,1537,413
2026-08-03,E. 40-99,Variant,currency,HardCoin,coins,purchase_powerup,level_powerup,powerup_3,3032,15,15,3000,3000,0
2026-08-03,E. 40-99,Variant,currency,HardCoin,coins,extra_moves,level_movesplus30,30,3032,24,24,2400,2290,110
2026-08-02,A. 0,Variant,currency,HardCoin,coins,purchase_lives,level_lives,purchase_lives,5384,55,70,3500,1785,1715
2026-08-04,F. 100+,Control,currency,HardCoin,coins,purchase_powerup,level_powerup,powerup_3,403,7,11,2200,2200,0
2026-08-04,F. 100+,Control,currency,HardCoin,coins,purchase_powerup,level_powerup,powerup_2,403,4,7,1050,1050,0
2026-08-02,A. 0,Variant,currency,HardCoin,coins,purchase_pre_level_booster,level_pre_level_booster,pre_level_booster_1,5384,1,1,100,100,0
2026-08-03,E. 40-99,Variant,currency,HardCoin,coins,team_created,unknown,unknown,3032,5,5,750,750,0
2026-08-03,E. 40-99,Variant,currency,HardCoin,coins,purchase_pre_level_booster,map_pre_level_booster,pre_level_booster_3,3032,1,2,400,0,400
2026-08-03,E. 40-99,Variant,currency,HardCoin,coins,purchase_pre_level_booster,map_pre_level_booster,pre_level_booster_2,3032,2,2,300,150,150
2026-08-02,A. 0,Variant,ul_pre_booster,UnlimitedBooster3,items,in_game_use,saga,in_level,5384,6,8,8,,
2026-08-04,F. 100+,Control,currency,HardCoin,coins,purchase_pre_level_booster,map_pre_level_booster,pre_level_booster_3,403,1,5,1000,1000,0
2026-08-04,F. 100+,Control,currency,HardCoin,coins,purchase_pre_level_booster,map_pre_level_booster,pre_level_booster_2,403,1,4,600,600,0
2026-08-10,C. 10-19,Control,currency,HardCoin,coins,extra_moves,level_movesplus5,5,6245,2935,5217,521700,490698,31002
2026-08-09,C. 10-19,Variant,pre_level_booster,pre_level_booster_1,items,in_game_use,saga,in_level,5866,2808,5576,5576,,
2026-08-09,C. 10-19,Variant,pre_level_booster,pre_level_booster_2,items,in_game_use,saga,in_level,5866,2411,5314,5314,,
2026-08-09,C. 10-19,Variant,pre_level_booster,pre_level_booster_3,items,in_game_use,saga,in_level,5866,1828,3104,3104,,
2026-08-09,C. 10-19,Variant,ul_pre_booster,UnlimitedBooster2,items,in_game_use,saga,in_level,5866,1135,7955,7955,,
2026-08-09,C. 10-19,Variant,ul_pre_booster,UnlimitedBooster3,items,in_game_use,saga,in_level,5866,279,2429,2429,,
2026-08-09,C. 10-19,Variant,currency,HardCoin,coins,extra_moves,level_movesplus50,50,5866,90,98,9800,8048,1752
2026-08-10,C. 10-19,Control,currency,HardCoin,coins,extra_moves,level_movesplus20,20,6245,98,103,10300,9621,679
2026-08-02,B. 1-9,Variant,ul_pre_booster,UnlimitedBooster1,items,in_game_use,saga,in_level,7387,1037,5263,5263,,
2026-08-02,B. 1-9,Variant,life,life,items,in_game_use,saga,in_level,7387,5596,30750,30750,,
2026-08-02,B. 1-9,Variant,currency,HardCoin,coins,extra_moves,level_movesplus5,5,7387,1491,2088,208800,196115,12685
2026-08-02,B. 1-9,Variant,currency,HardCoin,coins,extra_moves,level_movesplus30,30,7387,36,36,3600,3600,0
2026-08-02,B. 1-9,Variant,currency,HardCoin,coins,extra_moves,level_movesplus25,25,7387,44,44,4400,4298,102
2026-08-02,B. 1-9,Variant,currency,HardCoin,coins,purchase_pre_level_booster,map_pre_level_booster,pre_level_booster_3,7387,14,14,2800,2800,0
2026-08-10,C. 10-19,Control,currency,HardCoin,coins,purchase_lives,map_lives,purchase_lives,6245,96,122,6100,4531,1569
2026-08-10,C. 10-19,Control,currency,HardCoin,coins,purchase_powerup,level_powerup,powerup_2,6245,11,11,1650,1650,0
2026-08-09,C. 10-19,Variant,currency,HardCoin,coins,extra_moves,level_movesplus45,45,5866,12,12,1200,781,419
2026-08-02,B. 1-9,Variant,ul_pre_booster,UnlimitedBooster2,items,in_game_use,dream_peak,in_level,7387,9,63,63,,
2026-08-02,B. 1-9,Variant,pre_level_booster,pre_level_booster_3,items,in_game_use,dream_peak,in_level,7387,5,8,8,,
2026-08-10,C. 10-19,Control,ul_pre_booster,UnlimitedBooster1,items,in_game_use,dream_peak,in_level,6245,56,363,363,,
2026-08-10,C. 10-19,Control,powerup,powerup_3,items,in_game_use,dream_peak,in_level,6245,60,80,80,,
2026-08-10,C. 10-19,Control,pre_level_booster,pre_level_booster_1,items,in_game_use,dream_peak,in_level,6245,31,53,53,,
2026-08-10,C. 10-19,Control,pre_level_booster,pre_level_booster_3,items,in_game_use,dream_peak,in_level,6245,21,31,31,,
2026-08-10,C. 10-19,Control,currency,HardCoin,coins,purchase_pre_level_booster,map_pre_level_booster,pre_level_booster_3,6245,30,69,13800,4600,9200
2026-08-02,B. 1-9,Variant,currency,HardCoin,coins,extra_moves,level_movesplus20,20,7387,36,36,3600,3577,23
2026-08-10,C. 10-19,Control,ul_pre_booster,UnlimitedBooster3,items,in_game_use,dream_peak,in_level,6245,6,49,49,,
2026-08-09,C. 10-19,Variant,currency,HardCoin,coins,extra_moves,level_movesplus40,40,5866,19,19,1900,1590,310
2026-08-10,C. 10-19,Control,currency,HardCoin,coins,purchase_powerup,level_powerup,powerup_1,6245,1,1,500,35,465
2026-08-09,C. 10-19,Variant,ul_pre_booster,UnlimitedBooster2,items,in_game_use,dream_peak,in_level,5866,7,70,70,,
2026-08-09,C. 10-19,Variant,pre_level_booster,pre_level_booster_2,items,in_game_use,dream_peak,in_level,5866,4,6,6,,
2026-08-02,B. 1-9,Variant,currency,HardCoin,coins,purchase_pre_level_booster,level_pre_level_booster,pre_level_booster_3,7387,2,2,400,400,0
2026-08-09,C. 10-19,Variant,unlimited_lives,UnlimitedLives,items,in_game_use,saga,in_level,5866,1,17,17,,
2026-08-10,C. 10-19,Control,currency,HardCoin,coins,purchase_pre_level_booster,level_pre_level_booster,pre_level_booster_3,6245,1,1,200,200,0
2026-08-10,F. 100+,Variant,powerup,powerup_1,items,in_game_use,saga,in_level,501,400,2393,2393,,
2026-08-10,F. 100+,Variant,currency,HardCoin,coins,extra_moves,level_movesplus20,20,501,29,31,3100,2795,305
2026-08-10,F. 100+,Variant,currency,HardCoin,coins,extra_moves,level_movesplus45,45,501,9,9,900,900,0
2026-08-09,A. 0,Variant,pre_level_booster,pre_level_booster_1,items,in_game_use,saga,in_level,5301,347,451,451,,
2026-08-09,A. 0,Variant,powerup,powerup_3,items,in_game_use,dream_peak,in_level,5301,554,1209,1209,,
2026-08-09,A. 0,Variant,powerup,powerup_1,items,in_game_use,saga,in_level,5301,58,69,69,,
2026-08-09,A. 0,Variant,currency,HardCoin,coins,extra_moves,level_movesplus20,20,5301,23,25,2500,2268,232
2026-08-09,A. 0,Variant,currency,HardCoin,coins,purchase_lives,map_lives,purchase_lives,5301,49,78,3900,2547,1353
2026-08-10,C. 10-19,Variant,life,life,items,in_game_use,saga,in_level,6225,4533,40594,40594,,
2026-08-10,C. 10-19,Variant,ul_pre_booster,UnlimitedBooster2,items,in_game_use,saga,in_level,6225,1499,9621,9621,,
2026-08-08,A. 0,Variant,ul_pre_booster,UnlimitedBooster1,items,in_game_use,dream_peak,in_level,5140,354,4887,4887,,
2026-08-08,A. 0,Variant,powerup,powerup_1,items,in_game_use,dream_peak,in_level,5140,463,1080,1080,,
2026-08-10,C. 10-19,Variant,powerup,powerup_1,items,in_game_use,saga,in_level,6225,1966,2996,2996,,
2026-08-08,A. 0,Variant,pre_level_booster,pre_level_booster_2,items,in_game_use,saga,in_level,5140,333,423,423,,
2026-08-10,C. 10-19,Variant,currency,HardCoin,coins,extra_moves,level_movesplus20,20,6225,86,89,8900,8177,723
2026-08-10,C. 10-19,Variant,currency,HardCoin,coins,purchase_lives,level_lives,purchase_lives,6225,153,194,9700,6742,2958
2026-08-04,E. 40-99,Variant,powerup,powerup_3,items,in_game_use,saga,in_level,2920,2139,6804,6804,,
2026-08-04,E. 40-99,Variant,life,life,items,in_game_use,saga,in_level,2920,2466,36585,36585,,
2026-08-08,A. 0,Variant,currency,HardCoin,coins,extra_moves,level_movesplus40,40,5140,6,8,800,800,0
2026-08-08,A. 0,Variant,currency,HardCoin,coins,purchase_powerup,level_powerup,powerup_2,5140,6,6,900,900,0
2026-08-08,A. 0,Variant,currency,HardCoin,coins,purchase_lives,level_lives,purchase_lives,5140,55,87,4350,3019,1331
2026-08-04,E. 40-99,Variant,pre_level_booster,pre_level_booster_1,items,in_game_use,saga,in_level,2920,1909,6328,6328,,
2026-08-04,E. 40-99,Variant,currency,HardCoin,coins,extra_moves,level_movesplus5,5,2920,2115,6245,624500,575510,48990
2026-08-04,E. 40-99,Variant,currency,HardCoin,coins,level_movesplus5,level_movesplus5,level_movesplus5,2920,1,5,500,500,0
2026-08-04,E. 40-99,Variant,pre_level_booster,pre_level_booster_2,items,in_game_use,dream_peak,in_level,2920,3,3,3,,
2026-08-02,B. 1-9,Control,ul_pre_booster,UnlimitedBooster1,items,in_game_use,saga,in_level,7596,709,3624,3624,,
2026-08-02,B. 1-9,Control,ul_pre_booster,UnlimitedBooster2,items,in_game_use,saga,in_level,7596,498,2768,2768,,
2026-08-02,B. 1-9,Control,currency,HardCoin,coins,extra_moves,level_movesplus40,40,7596,29,29,2900,2850,50
2026-08-02,B. 1-9,Control,currency,HardCoin,coins,extra_moves,level_movesplus20,20,7596,88,89,8900,8769,131
2026-08-10,C. 10-19,Variant,life,life,items,in_game_use,dream_peak,in_level,6225,104,978,978,,
2026-08-10,C. 10-19,Variant,pre_level_booster,pre_level_booster_3,items,in_game_use,dream_peak,in_level,6225,21,41,41,,
2026-08-10,C. 10-19,Variant,ul_pre_booster,UnlimitedBooster2,items,in_game_use,dream_peak,in_level,6225,25,207,207,,
2026-08-10,C. 10-19,Variant,currency,HardCoin,coins,purchase_pre_level_booster,map_pre_level_booster,pre_level_booster_2,6225,7,12,1800,750,1050
2026-08-10,C. 10-19,Variant,currency,HardCoin,coins,purchase_pre_level_booster,level_pre_level_booster,pre_level_booster_1,6225,3,3,300,300,0
2026-08-04,E. 40-99,Variant,currency,HardCoin,coins,extra_moves,level_movesplus35,35,2920,30,30,3000,3000,0
2026-08-04,E. 40-99,Variant,currency,HardCoin,coins,extra_moves,level_movesplus30,30,2920,23,23,2300,2210,90
2026-08-04,E. 40-99,Variant,currency,HardCoin,coins,extra_moves,level_movesplus40,40,2920,20,20,2000,1804,196
2026-08-02,B. 1-9,Control,currency,HardCoin,coins,purchase_pre_level_booster,map_pre_level_booster,pre_level_booster_3,7596,12,12,2400,2400,0
2026-08-10,C. 10-19,Variant,currency,HardCoin,coins,extra_moves,level_movesplus35,35,6225,52,52,5200,4821,379
2026-08-02,B. 1-9,Control,currency,HardCoin,coins,extra_moves,level_movesplus35,35,7596,27,28,2800,2740,60
2026-08-02,B. 1-9,Control,currency,HardCoin,coins,purchase_powerup,level_powerup,powerup_3,7596,8,8,1600,1415,185
2026-08-04,E. 40-99,Variant,pre_level_booster,pre_level_booster_3,items,in_game_use,dream_peak,in_level,2920,6,7,7,,
2026-08-04,E. 40-99,Variant,currency,HardCoin,coins,purchase_powerup,level_powerup,powerup_1,2920,3,3,1500,1500,0
2026-08-02,B. 1-9,Control,currency,HardCoin,coins,purchase_pre_level_booster,level_pre_level_booster,pre_level_booster_1,7596,2,2,200,200,0
2026-08-02,B. 1-9,Control,powerup,powerup_1,items,in_game_use,dream_peak,in_level,7596,5,10,10,,
2026-08-02,B. 1-9,Control,currency,HardCoin,coins,purchase_pre_level_booster,map_pre_level_booster,pre_level_booster_1,7596,17,18,1800,1800,0
2026-08-10,C. 10-19,Variant,currency,HardCoin,coins,level_movesplus5,level_movesplus5,level_movesplus5,6225,1,4,400,400,0
2026-08-04,D. 20-39,Control,pre_level_booster,pre_level_booster_1,items,in_game_use,saga,in_level,4883,2668,6577,6577,,
2026-08-04,D. 20-39,Control,pre_level_booster,pre_level_booster_3,items,in_game_use,saga,in_level,4883,1850,3541,3541,,
2026-08-04,D. 20-39,Control,pre_level_booster,pre_level_booster_2,items,in_game_use,saga,in_level,4883,2560,6981,6981,,
2026-08-04,D. 20-39,Control,currency,HardCoin,coins,extra_moves,level_movesplus5,5,4883,2988,6921,692100,649265,42835
2026-08-04,C. 10-19,Control,currency,HardCoin,coins,extra_moves,level_movesplus20,20,5808,68,72,7200,6712,488
2026-08-04,D. 20-39,Control,ul_pre_booster,UnlimitedBooster1,items,in_game_use,dream_peak,in_level,4883,73,1548,1548,,
2026-08-04,D. 20-39,Control,ul_pre_booster,UnlimitedBooster2,items,in_game_use,dream_peak,in_level,4883,61,1048,1048,,
2026-08-04,C. 10-19,Control,currency,HardCoin,coins,extra_moves,level_movesplus15,15,5808,91,94,9400,8767,633
2026-08-04,C. 10-19,Control,currency,HardCoin,coins,extra_moves,level_movesplus25,25,5808,58,60,6000,5770,230
2026-08-04,D. 20-39,Control,powerup,powerup_2,items,in_game_use,dream_peak,in_level,4883,131,323,323,,
2026-08-04,C. 10-19,Control,currency,HardCoin,coins,extra_moves,level_movesplus40,40,5808,22,22,2200,2100,100
2026-08-04,C. 10-19,Control,currency,HardCoin,coins,extra_moves,level_movesplus30,30,5808,29,30,3000,2668,332
2026-08-04,C. 10-19,Control,currency,HardCoin,coins,purchase_pre_level_booster,map_pre_level_booster,pre_level_booster_3,5808,20,23,4600,3600,1000
2026-08-05,D. 20-39,Variant,powerup,powerup_1,items,in_game_use,saga,in_level,4710,1904,3705,3705,,
2026-08-05,D. 20-39,Variant,currency,HardCoin,coins,purchase_lives,level_lives,purchase_lives,4710,107,144,7200,4679,2521
2026-08-05,D. 20-39,Variant,currency,HardCoin,coins,extra_moves,level_movesplus15,15,4710,75,78,7800,7158,642
2026-08-05,D. 20-39,Variant,currency,HardCoin,coins,extra_moves,level_movesplus35,35,4710,26,27,2700,2252,448
2026-08-05,D. 20-39,Variant,currency,HardCoin,coins,extra_moves,level_movesplus25,25,4710,41,42,4200,3789,411
2026-08-04,D. 20-39,Control,currency,HardCoin,coins,purchase_pre_level_booster,map_pre_level_booster,pre_level_booster_3,4883,12,21,4200,1450,2750
2026-08-05,D. 20-39,Variant,ul_pre_booster,UnlimitedBooster2,items,in_game_use,dream_peak,in_level,4710,7,110,110,,
2026-08-05,D. 20-39,Variant,pre_level_booster,pre_level_booster_3,items,in_game_use,dream_peak,in_level,4710,10,28,28,,
2026-08-05,D. 20-39,Variant,life,life,items,in_game_use,dream_peak,in_level,4710,12,415,415,,
2026-08-05,D. 20-39,Variant,ul_pre_booster,UnlimitedBooster1,items,in_game_use,dream_peak,in_level,4710,11,122,122,,
2026-08-05,D. 20-39,Variant,pre_level_booster,pre_level_booster_1,items,in_game_use,dream_peak,in_level,4710,9,24,24,,
2026-08-05,D. 20-39,Variant,powerup,powerup_2,items,in_game_use,dream_peak,in_level,4710,12,33,33,,
2026-08-04,D. 20-39,Control,currency,HardCoin,coins,extra_moves,level_movesplus30,30,4883,35,38,3800,3554,246
2026-08-04,C. 10-19,Control,currency,HardCoin,coins,level_movesplus5,level_movesplus5,level_movesplus5,5808,1,1,100,100,0
2026-08-04,D. 20-39,Control,currency,HardCoin,coins,purchase_powerup,level_powerup,powerup_1,4883,3,3,1500,1500,0
2026-08-04,C. 10-19,Control,currency,HardCoin,coins,purchase_pre_level_booster,level_pre_level_booster,pre_level_booster_1,5808,1,1,100,100,0
2026-08-05,D. 20-39,Variant,currency,HardCoin,coins,purchase_pre_level_booster,level_pre_level_booster,pre_level_booster_2,4710,1,1,150,150,0
2026-08-07,B. 1-9,Control,pre_level_booster,pre_level_booster_2,items,in_game_use,saga,in_level,7515,2588,4277,4277,,
2026-08-07,B. 1-9,Control,pre_level_booster,pre_level_booster_3,items,in_game_use,saga,in_level,7515,1824,2405,2405,,
2026-08-07,B. 1-9,Control,ul_pre_booster,UnlimitedBooster1,items,in_game_use,saga,in_level,7515,1637,7917,7917,,
2026-08-07,B. 1-9,Control,currency,HardCoin,coins,extra_moves,level_movesplus30,30,7515,40,41,4100,3906,194
2026-08-07,B. 1-9,Control,powerup,powerup_3,items,in_game_use,saga,in_level,7515,1968,3090,3090,,
2026-08-07,B. 1-9,Control,currency,HardCoin,coins,purchase_pre_level_booster,map_pre_level_booster,pre_level_booster_3,7515,14,15,3000,2462,538
2026-08-07,B. 1-9,Control,currency,HardCoin,coins,purchase_lives,level_lives,purchase_lives,7515,129,183,9150,6933,2217
2026-08-07,B. 1-9,Control,currency,HardCoin,coins,purchase_powerup,level_powerup,powerup_3,7515,8,8,1600,1600,0
2026-08-07,B. 1-9,Control,currency,HardCoin,coins,extra_moves,level_movesplus50,50,7515,162,168,16800,16142,658
2026-08-07,B. 1-9,Control,powerup,powerup_3,items,in_game_use,dream_peak,in_level,7515,13,34,34,,
2026-08-07,B. 1-9,Control,currency,HardCoin,coins,purchase_powerup,level_powerup,powerup_1,7515,3,3,1500,1500,0
2026-08-07,B. 1-9,Control,pre_level_booster,unknown,items,in_game_use,saga,in_level,7515,1,60,60,,
2026-08-07,F. 100+,Variant,ul_pre_booster,UnlimitedBooster3,items,in_game_use,saga,in_level,439,263,2614,2614,,
2026-08-07,F. 100+,Variant,powerup,powerup_1,items,in_game_use,saga,in_level,439,346,1662,1662,,
2026-08-07,F. 100+,Variant,powerup,powerup_3,items,in_game_use,saga,in_level,439,378,2420,2420,,
2026-08-07,F. 100+,Variant,pre_level_booster,pre_level_booster_3,items,in_game_use,saga,in_level,439,315,1315,1315,,
2026-08-07,F. 100+,Variant,currency,HardCoin,coins,extra_moves,level_movesplus50,50,439,21,26,2600,2286,314
2026-08-07,F. 100+,Variant,currency,HardCoin,coins,extra_moves,level_movesplus45,45,439,5,5,500,500,0
2026-08-07,F. 100+,Variant,currency,HardCoin,coins,extra_moves,level_movesplus20,20,439,25,26,2600,2435,165
2026-08-05,A. 0,Variant,life,life,items,in_game_use,dream_peak,in_level,4733,603,26952,26952,,
2026-08-05,A. 0,Variant,powerup,powerup_2,items,in_game_use,dream_peak,in_level,4733,486,1300,1300,,
2026-08-05,A. 0,Variant,currency,HardCoin,coins,extra_moves,level_movesplus5,5,4733,504,1683,168300,141347,26953
2026-08-05,A. 0,Variant,powerup,powerup_1,items,in_game_use,dream_peak,in_level,4733,358,887,887,,
2026-08-05,A. 0,Variant,pre_level_booster,pre_level_booster_1,items,in_game_use,dream_peak,in_level,4733,350,1085,1085,,
2026-08-05,A. 0,Variant,ul_pre_booster,UnlimitedBooster2,items,in_game_use,saga,in_level,4733,42,76,76,,
2026-08-05,A. 0,Variant,ul_pre_booster,UnlimitedBooster3,items,in_game_use,saga,in_level,4733,9,18,18,,
2026-08-05,A. 0,Variant,life,life,items,in_game_use,saga,in_level,4733,1258,4708,4708,,
2026-08-05,A. 0,Variant,currency,HardCoin,coins,extra_moves,level_movesplus50,50,4733,46,52,5200,4827,373
2026-08-05,A. 0,Variant,pre_level_booster,pre_level_booster_2,items,in_game_use,dream_peak,in_level,4733,318,942,942,,
2026-08-05,A. 0,Variant,ul_pre_booster,UnlimitedBooster3,items,in_game_use,dream_peak,in_level,4733,40,813,813,,
2026-08-05,A. 0,Variant,pre_level_booster,pre_level_booster_3,items,in_game_use,saga,in_level,4733,147,166,166,,
2026-08-05,A. 0,Variant,currency,HardCoin,coins,purchase_lives,level_lives,purchase_lives,4733,37,57,2850,1816,1034
2026-08-04,A. 0,Control,pre_level_booster,pre_level_booster_3,items,in_game_use,saga,in_level,4495,152,167,167,,
2026-08-04,A. 0,Control,ul_pre_booster,UnlimitedBooster2,items,in_game_use,dream_peak,in_level,4495,157,3101,3101,,
2026-08-04,A. 0,Control,pre_level_booster,pre_level_booster_2,items,in_game_use,dream_peak,in_level,4495,169,370,370,,
2026-08-04,A. 0,Control,pre_level_booster,pre_level_booster_3,items,in_game_use,dream_peak,in_level,4495,141,293,293,,
2026-08-04,A. 0,Control,powerup,powerup_3,items,in_game_use,saga,in_level,4495,159,202,202,,
2026-08-04,A. 0,Control,ul_pre_booster,UnlimitedBooster1,items,in_game_use,saga,in_level,4495,71,170,170,,
2026-08-04,A. 0,Control,currency,HardCoin,coins,purchase_powerup,level_powerup,powerup_3,4495,2,2,400,400,0
2026-08-05,A. 0,Variant,currency,HardCoin,coins,extra_moves,level_movesplus20,20,4733,20,21,2100,1755,345
2026-08-09,E. 40-99,Control,pre_level_booster,pre_level_booster_2,items,in_game_use,saga,in_level,3337,2152,9541,9541,,
2026-08-09,E. 40-99,Control,pre_level_booster,pre_level_booster_1,items,in_game_use,saga,in_level,3337,2339,9189,9189,,
2026-08-09,E. 40-99,Control,currency,HardCoin,coins,extra_moves,level_movesplus10,10,3337,161,190,19000,18370,630
2026-08-04,A. 0,Control,currency,HardCoin,coins,extra_moves,level_movesplus20,20,4495,11,11,1100,911,189
2026-08-09,E. 40-99,Control,currency,HardCoin,coins,extra_moves,level_movesplus15,15,3337,92,99,9900,9155,745
2026-08-04,A. 0,Control,ul_pre_booster,UnlimitedBooster3,items,in_game_use,saga,in_level,4495,10,24,24,,
2026-08-09,E. 40-99,Control,currency,HardCoin,coins,extra_moves,level_movesplus20,20,3337,83,97,9700,8643,1057
2026-08-09,E. 40-99,Control,ul_pre_booster,UnlimitedBooster3,items,in_game_use,saga,in_level,3337,116,2096,2096,,
2026-08-09,E. 40-99,Control,currency,HardCoin,coins,team_created,unknown,unknown,3337,6,6,900,800,100
2026-08-09,E. 40-99,Control,currency,HardCoin,coins,level_movesplus5,level_movesplus5,level_movesplus5,3337,1,2,200,200,0
2026-08-09,E. 40-99,Control,pre_level_booster,pre_level_booster_3,items,in_game_use,dream_peak,in_level,3337,1,13,13,,
2026-08-07,F. 100+,Variant,currency,HardCoin,coins,purchase_pre_level_booster,map_pre_level_booster,pre_level_booster_3,439,1,1,200,200,0
2026-08-08,C. 10-19,Control,ul_pre_booster,UnlimitedBooster1,items,in_game_use,saga,in_level,5815,1023,7430,7430,,
2026-08-08,C. 10-19,Control,currency,HardCoin,coins,extra_moves,level_movesplus5,5,5815,2479,4398,439800,412753,27047
2026-08-08,C. 10-19,Control,pre_level_booster,pre_level_booster_3,items,in_game_use,saga,in_level,5815,1856,3075,3075,,
2026-08-08,C. 10-19,Control,powerup,powerup_2,items,in_game_use,saga,in_level,5815,2451,5118,5118,,
2026-08-10,A. 0,Variant,pre_level_booster,pre_level_booster_2,items,in_game_use,saga,in_level,4066,262,329,329,,
2026-08-08,C. 10-19,Control,powerup,powerup_3,items,in_game_use,dream_peak,in_level,5815,11,23,23,,
2026-08-08,C. 10-19,Control,life,life,items,in_game_use,dream_peak,in_level,5815,16,412,412,,
2026-08-08,C. 10-19,Control,powerup,powerup_2,items,in_game_use,dream_peak,in_level,5815,16,25,25,,
2026-08-08,C. 10-19,Control,currency,HardCoin,coins,extra_moves,level_movesplus35,35,5815,31,31,3100,2900,200
2026-08-08,C. 10-19,Control,pre_level_booster,pre_level_booster_2,items,in_game_use,dream_peak,in_level,5815,7,17,17,,
2026-08-02,E. 40-99,Control,life,life,items,in_game_use,saga,in_level,3033,2551,52133,52133,,
2026-08-02,E. 40-99,Control,pre_level_booster,pre_level_booster_1,items,in_game_use,saga,in_level,3033,2030,7802,7802,,
2026-08-02,E. 40-99,Control,pre_level_booster,pre_level_booster_2,items,in_game_use,saga,in_level,3033,1913,7970,7970,,
2026-08-02,E. 40-99,Control,currency,HardCoin,coins,purchase_lives,map_lives,purchase_lives,3033,61,77,3850,2797,1053
2026-08-02,E. 40-99,Control,currency,HardCoin,coins,extra_moves,level_movesplus25,25,3033,44,46,4600,3874,726
2026-08-10,A. 0,Variant,currency,HardCoin,coins,purchase_lives,map_lives,purchase_lives,4066,8,9,450,407,43
2026-08-08,C. 10-19,Control,currency,HardCoin,coins,purchase_pre_level_booster,map_pre_level_booster,pre_level_booster_2,5815,6,26,3900,450,3450
2026-08-08,C. 10-19,Control,currency,HardCoin,coins,purchase_powerup,level_powerup,powerup_1,5815,6,7,3500,3100,400
2026-08-08,C. 10-19,Control,currency,HardCoin,coins,extra_moves,level_movesplus40,40,5815,21,21,2100,1712,388
2026-08-08,C. 10-19,Control,currency,HardCoin,coins,purchase_pre_level_booster,level_pre_level_booster,pre_level_booster_1,5815,4,4,400,400,0
2026-08-10,A. 0,Variant,pre_level_booster,pre_level_booster_1,items,in_game_use,dream_peak,in_level,4066,12,36,36,,
2026-08-02,E. 40-99,Control,currency,HardCoin,coins,purchase_pre_level_booster,level_pre_level_booster,pre_level_booster_3,3033,1,1,200,200,0
2026-08-02,E. 40-99,Control,pre_level_booster,pre_level_booster_3,items,in_game_use,dream_peak,in_level,3033,1,4,4,,
2026-08-02,E. 40-99,Control,powerup,powerup_2,items,in_game_use,dream_peak,in_level,3033,1,4,4,,
2026-08-08,C. 10-19,Control,currency,HardCoin,coins,level_movesplus5,level_movesplus5,level_movesplus5,5815,2,2,200,200,0
2026-08-06,F. 100+,Control,ul_pre_booster,UnlimitedBooster2,items,in_game_use,saga,in_level,431,182,3209,3209,,
2026-08-06,F. 100+,Control,ul_pre_booster,UnlimitedBooster1,items,in_game_use,saga,in_level,431,182,4206,4206,,
2026-08-06,F. 100+,Control,powerup,powerup_2,items,in_game_use,saga,in_level,431,387,2216,2216,,
2026-08-06,F. 100+,Control,life,life,items,in_game_use,saga,in_level,431,414,14120,14120,,
2026-08-06,F. 100+,Control,currency,HardCoin,coins,extra_moves,level_movesplus5,5,431,381,2693,269300,248474,20826
2026-08-05,B. 1-9,Variant,pre_level_booster,pre_level_booster_3,items,in_game_use,saga,in_level,7277,1259,1728,1728,,
2026-08-05,B. 1-9,Variant,life,life,items,in_game_use,saga,in_level,7277,5202,30804,30804,,
2026-08-05,B. 1-9,Variant,powerup,powerup_1,items,in_game_use,saga,in_level,7277,947,1222,1222,,
2026-08-05,B. 1-9,Variant,currency,HardCoin,coins,extra_moves,level_movesplus50,50,7277,104,107,10700,10318,382
2026-08-05,B. 1-9,Variant,currency,HardCoin,coins,extra_moves,level_movesplus15,15,7277,63,65,6500,6271,229
2026-08-02,D. 20-39,Variant,pre_level_booster,pre_level_booster_2,items,in_game_use,saga,in_level,4663,2212,5793,5793,,
2026-08-02,D. 20-39,Variant,currency,HardCoin,coins,extra_moves,level_movesplus20,20,4663,52,53,5300,4736,564
2026-08-02,D. 20-39,Variant,powerup,powerup_1,items,in_game_use,saga,in_level,4663,1406,2334,2334,,
2026-08-02,D. 20-39,Variant,currency,HardCoin,coins,extra_moves,level_movesplus5,5,4663,2575,5531,553100,509379,43721
2026-08-02,D. 20-39,Variant,currency,HardCoin,coins,purchase_lives,map_lives,purchase_lives,4663,70,74,3700,2279,1421
2026-08-02,D. 20-39,Variant,currency,HardCoin,coins,extra_moves,level_movesplus40,40,4663,13,14,1400,1030,370
2026-08-10,B. 1-9,Control,ul_pre_booster,UnlimitedBooster1,items,in_game_use,saga,in_level,7404,839,4236,4236,,
2026-08-10,B. 1-9,Control,pre_level_booster,pre_level_booster_2,items,in_game_use,saga,in_level,7404,2459,4085,4085,,
2026-08-10,B. 1-9,Control,powerup,powerup_1,items,in_game_use,saga,in_level,7404,1529,2064,2064,,
2026-08-10,B. 1-9,Control,currency,HardCoin,coins,extra_moves,level_movesplus25,25,7404,69,72,7200,6788,412
2026-08-02,D. 20-39,Variant,currency,HardCoin,coins,extra_moves,level_movesplus15,15,4663,79,82,8200,7795,405
2026-08-02,C. 10-19,Variant,pre_level_booster,pre_level_booster_3,items,in_game_use,dream_peak,in_level,5541,4,4,4,,
2026-08-10,B. 1-9,Control,currency,HardCoin,coins,extra_moves,level_movesplus50,50,7404,195,199,19900,19736,164
2026-08-10,B. 1-9,Control,currency,HardCoin,coins,extra_moves,level_movesplus15,15,7404,106,107,10700,10171,529
2026-08-10,B. 1-9,Control,powerup,powerup_1,items,in_game_use,dream_peak,in_level,7404,17,21,21,,
2026-08-10,B. 1-9,Control,powerup,powerup_3,items,in_game_use,dream_peak,in_level,7404,32,46,46,,
2026-08-10,B. 1-9,Control,currency,HardCoin,coins,extra_moves,level_movesplus45,45,7404,18,18,1800,1800,0
2026-08-10,B. 1-9,Control,currency,HardCoin,coins,extra_moves,level_movesplus30,30,7404,53,53,5300,5099,201
2026-08-10,B. 1-9,Control,ul_pre_booster,UnlimitedBooster3,items,in_game_use,saga,in_level,7404,99,819,819,,
2026-08-02,C. 10-19,Variant,currency,HardCoin,coins,team_created,unknown,unknown,5541,2,2,300,300,0
2026-08-02,C. 10-19,Variant,currency,HardCoin,coins,purchase_pre_level_booster,map_pre_level_booster,pre_level_booster_2,5541,8,9,1350,750,600
2026-08-05,B. 1-9,Variant,powerup,powerup_1,items,in_game_use,dream_peak,in_level,7277,6,8,8,,
2026-08-06,F. 100+,Control,currency,HardCoin,coins,extra_moves,level_movesplus50,50,431,23,23,2300,2142,158
2026-08-06,F. 100+,Control,currency,HardCoin,coins,extra_moves,level_movesplus45,45,431,7,8,800,800,0
2026-08-05,B. 1-9,Variant,ul_pre_booster,UnlimitedBooster2,items,in_game_use,dream_peak,in_level,7277,1,22,22,,
2026-08-02,C. 10-19,Variant,powerup,powerup_3,items,in_game_use,dream_peak,in_level,5541,3,11,11,,
2026-08-02,C. 10-19,Variant,powerup,powerup_1,items,in_game_use,dream_peak,in_level,5541,2,8,8,,
2026-08-02,D. 20-39,Variant,currency,HardCoin,coins,team_created,unknown,unknown,4663,3,3,450,450,0
2026-08-02,D. 20-39,Variant,powerup,powerup_3,items,in_game_use,dream_peak,in_level,4663,1,1,1,,
2026-08-10,B. 1-9,Control,currency,HardCoin,coins,purchase_pre_level_booster,level_pre_level_booster,pre_level_booster_2,7404,1,1,150,150,0
2026-08-10,B. 1-9,Control,currency,HardCoin,coins,team_created,unknown,unknown,7404,1,1,150,150,0
2026-08-10,D. 20-39,Variant,ul_pre_booster,UnlimitedBooster1,items,in_game_use,saga,in_level,5353,2379,19661,19661,,
2026-08-10,D. 20-39,Variant,currency,HardCoin,coins,extra_moves,level_movesplus5,5,5353,3246,8082,807660,740778,66882
2026-08-08,E. 40-99,Control,pre_level_booster,pre_level_booster_3,items,in_game_use,saga,in_level,3274,1703,4480,4480,,
2026-08-10,D. 20-39,Variant,currency,HardCoin,coins,purchase_powerup,level_powerup,powerup_1,5353,4,7,3500,1565,1935
2026-08-10,D. 20-39,Variant,ul_pre_booster,UnlimitedBooster1,items,in_game_use,dream_peak,in_level,5353,44,752,752,,
2026-08-10,D. 20-39,Variant,ul_pre_booster,UnlimitedBooster2,items,in_game_use,dream_peak,in_level,5353,39,792,792,,
2026-08-10,D. 20-39,Variant,powerup,powerup_2,items,in_game_use,dream_peak,in_level,5353,74,151,151,,
2026-08-08,E. 40-99,Control,currency,HardCoin,coins,purchase_lives,map_lives,purchase_lives,3274,94,124,6200,4749,1451
2026-08-08,E. 40-99,Control,currency,HardCoin,coins,extra_moves,level_movesplus30,30,3274,35,40,4000,3800,200
2026-08-08,E. 40-99,Control,currency,HardCoin,coins,extra_moves,level_movesplus25,25,3274,47,49,4900,4487,413
2026-08-08,E. 40-99,Control,currency,HardCoin,coins,purchase_powerup,level_powerup,powerup_2,3274,35,35,5250,4960,290
2026-08-08,E. 40-99,Control,currency,HardCoin,coins,extra_moves,level_movesplus50,50,3274,61,71,7100,6037,1063
2026-08-08,E. 40-99,Control,ul_pre_booster,UnlimitedBooster3,items,in_game_use,saga,in_level,3274,138,2219,2219,,
2026-08-09,A. 0,Control,powerup,powerup_1,items,in_game_use,dream_peak,in_level,5112,387,693,693,,
2026-08-09,A. 0,Control,pre_level_booster,pre_level_booster_1,items,in_game_use,saga,in_level,5112,258,338,338,,
2026-08-09,A. 0,Control,ul_pre_booster,UnlimitedBooster2,items,in_game_use,saga,in_level,5112,45,93,93,,
2026-08-10,D. 20-39,Variant,currency,HardCoin,coins,extra_moves,level_movesplus35,35,5353,37,38,3800,3630,170
2026-08-10,D. 20-39,Variant,currency,HardCoin,coins,level_movesplus5,level_movesplus5,level_movesplus5,5353,2,10,190,190,0
2026-08-09,A. 0,Control,currency,HardCoin,coins,extra_moves,level_movesplus30,30,5112,15,16,1600,1410,190
2026-08-09,A. 0,Control,currency,HardCoin,coins,extra_moves,level_movesplus35,35,5112,8,8,800,685,115
2026-08-08,E. 40-99,Control,currency,HardCoin,coins,team_created,unknown,unknown,3274,3,3,450,450,0
2026-08-10,D. 20-39,Variant,unlimited_lives,UnlimitedLives,items,in_game_use,saga,in_level,5353,1,18,18,,
2026-08-09,A. 0,Control,currency,HardCoin,coins,purchase_pre_level_booster,map_pre_level_booster,pre_level_booster_1,5112,1,1,100,100,0
2026-08-08,E. 40-99,Control,currency,HardCoin,coins,level_movesplus5,level_movesplus5,level_movesplus5,3274,1,7,700,700,0
2026-08-09,A. 0,Control,pre_level_booster,pre_level_booster_2,items,in_game_use,dream_peak,in_level,5112,401,773,773,,
2026-08-09,A. 0,Control,life,life,items,in_game_use,dream_peak,in_level,5112,823,30806,30806,,
2026-08-09,A. 0,Control,currency,HardCoin,coins,purchase_lives,level_lives,purchase_lives,5112,41,57,2850,1232,1618
2026-08-10,D. 20-39,Variant,ul_pre_booster,UnlimitedBooster3,items,in_game_use,saga,in_level,5353,881,6925,6925,,
2026-08-10,D. 20-39,Variant,pre_level_booster,pre_level_booster_3,items,in_game_use,saga,in_level,5353,2238,4502,4502,,
2026-08-10,D. 20-39,Variant,powerup,powerup_3,items,in_game_use,saga,in_level,5353,3071,7159,7159,,
2026-08-10,D. 20-39,Variant,powerup,powerup_2,items,in_game_use,saga,in_level,5353,3181,9927,9927,,
2026-08-08,E. 40-99,Control,powerup,powerup_2,items,in_game_use,saga,in_level,3274,2329,8228,8228,,
2026-08-08,E. 40-99,Control,powerup,powerup_3,items,in_game_use,saga,in_level,3274,2426,8521,8521,,
2026-08-10,D. 20-39,Variant,pre_level_booster,pre_level_booster_2,items,in_game_use,dream_peak,in_level,5353,37,67,67,,
2026-08-10,D. 20-39,Variant,ul_pre_booster,UnlimitedBooster3,items,in_game_use,dream_peak,in_level,5353,26,615,615,,
2026-08-08,E. 40-99,Control,currency,HardCoin,coins,purchase_lives,level_lives,purchase_lives,3274,183,340,17000,12864,4136
2026-08-08,E. 40-99,Control,currency,HardCoin,coins,extra_moves,level_movesplus15,15,3274,114,127,12700,11555,1145
2026-08-08,E. 40-99,Control,currency,HardCoin,coins,extra_moves,level_movesplus20,20,3274,80,92,9200,8467,733
2026-08-09,A. 0,Control,life,life,items,in_game_use,saga,in_level,5112,1231,4562,4562,,
2026-08-09,A. 0,Control,ul_pre_booster,UnlimitedBooster3,items,in_game_use,dream_peak,in_level,5112,99,2701,2701,,
2026-08-10,D. 20-39,Variant,currency,HardCoin,coins,extra_moves,level_movesplus25,25,5353,64,69,6900,6162,738
2026-08-10,D. 20-39,Variant,currency,HardCoin,coins,purchase_pre_level_booster,map_pre_level_booster,pre_level_booster_3,5353,14,29,5800,2490,3310
2026-08-10,D. 20-39,Variant,currency,HardCoin,coins,extra_moves,level_movesplus45,45,5353,18,18,1800,1475,325
2026-08-09,A. 0,Control,ul_pre_booster,UnlimitedBooster1,items,in_game_use,saga,in_level,5112,88,184,184,,
2026-08-09,A. 0,Control,currency,HardCoin,coins,extra_moves,level_movesplus50,50,5112,62,66,6600,5242,1358
2026-08-09,A. 0,Control,currency,HardCoin,coins,extra_moves,level_movesplus10,10,5112,18,19,1900,1765,135
2026-08-09,A. 0,Control,currency,HardCoin,coins,purchase_lives,map_lives,purchase_lives,5112,35,56,2800,1602,1198
2026-08-09,A. 0,Control,powerup,powerup_1,items,in_game_use,saga,in_level,5112,53,64,64,,
2026-08-08,E. 40-99,Control,currency,HardCoin,coins,purchase_powerup,level_powerup,powerup_3,3274,17,21,4200,4000,200
2026-08-10,D. 20-39,Variant,currency,HardCoin,coins,purchase_pre_level_booster,level_pre_level_booster,pre_level_booster_3,5353,1,1,200,200,0
2026-08-09,A. 0,Control,currency,HardCoin,coins,purchase_pre_level_booster,map_pre_level_booster,pre_level_booster_3,5112,3,3,600,600,0
2026-08-08,E. 40-99,Control,currency,HardCoin,coins,purchase_powerup,level_powerup,powerup_1,3274,1,1,500,500,0
2026-08-10,D. 20-39,Variant,pre_level_booster,pre_level_booster_2,items,in_game_use,saga,in_level,5353,2806,7799,7799,,
2026-08-10,D. 20-39,Variant,powerup,powerup_1,items,in_game_use,saga,in_level,5353,2417,4734,4734,,
2026-08-09,A. 0,Control,pre_level_booster,pre_level_booster_1,items,in_game_use,dream_peak,in_level,5112,383,748,748,,
2026-08-09,A. 0,Control,powerup,powerup_3,items,in_game_use,dream_peak,in_level,5112,557,1094,1094,,
2026-08-08,E. 40-99,Control,currency,HardCoin,coins,extra_moves,level_movesplus5,5,3274,2542,9221,922100,867635,54465
2026-08-10,D. 20-39,Variant,currency,HardCoin,coins,extra_moves,level_movesplus10,10,5353,114,131,13100,11648,1452
2026-08-10,D. 20-39,Variant,currency,HardCoin,coins,purchase_lives,level_lives,purchase_lives,5353,118,187,9350,6528,2822
2026-08-10,D. 20-39,Variant,currency,HardCoin,coins,extra_moves,level_movesplus20,20,5353,110,115,11500,10857,643
2026-08-10,D. 20-39,Variant,currency,HardCoin,coins,extra_moves,level_movesplus15,15,5353,121,135,13500,11938,1562
2026-08-10,D. 20-39,Variant,life,life,items,in_game_use,dream_peak,in_level,5353,99,1626,1626,,
2026-08-10,D. 20-39,Variant,pre_level_booster,pre_level_booster_3,items,in_game_use,dream_peak,in_level,5353,36,58,58,,
2026-08-10,D. 20-39,Variant,powerup,powerup_3,items,in_game_use,dream_peak,in_level,5353,54,89,89,,
2026-08-08,E. 40-99,Control,powerup,powerup_1,items,in_game_use,saga,in_level,3274,1973,5191,5191,,
2026-08-08,E. 40-99,Control,ul_pre_booster,UnlimitedBooster1,items,in_game_use,saga,in_level,3274,1437,15688,15688,,
2026-08-08,E. 40-99,Control,ul_pre_booster,UnlimitedBooster2,items,in_game_use,saga,in_level,3274,1040,10782,10782,,
2026-08-08,E. 40-99,Control,currency,HardCoin,coins,extra_moves,level_movesplus45,45,3274,15,16,1600,1420,180
2026-08-09,A. 0,Control,ul_pre_booster,UnlimitedBooster1,items,in_game_use,dream_peak,in_level,5112,272,4161,4161,,
2026-08-09,A. 0,Control,powerup,powerup_2,items,in_game_use,dream_peak,in_level,5112,588,1347,1347,,
2026-08-09,A. 0,Control,ul_pre_booster,UnlimitedBooster2,items,in_game_use,dream_peak,in_level,5112,255,4222,4222,,
2026-08-09,A. 0,Control,pre_level_booster,pre_level_booster_3,items,in_game_use,saga,in_level,5112,158,175,175,,
2026-08-10,D. 20-39,Variant,powerup,powerup_1,items,in_game_use,dream_peak,in_level,5353,45,71,71,,
2026-08-10,D. 20-39,Variant,currency,HardCoin,coins,purchase_powerup,level_powerup,powerup_3,5353,13,14,2800,2600,200
2026-08-10,D. 20-39,Variant,currency,HardCoin,coins,extra_moves,level_movesplus40,40,5353,33,33,3300,2983,317
2026-08-10,D. 20-39,Variant,currency,HardCoin,coins,purchase_pre_level_booster,map_pre_level_booster,pre_level_booster_1,5353,3,8,800,100,700
2026-08-10,D. 20-39,Variant,currency,HardCoin,coins,purchase_pre_level_booster,map_pre_level_booster,pre_level_booster_2,5353,3,7,1050,0,1050
2026-08-09,A. 0,Control,currency,HardCoin,coins,extra_moves,level_movesplus40,40,5112,7,9,900,720,180
2026-08-09,A. 0,Control,currency,HardCoin,coins,purchase_powerup,level_powerup,powerup_2,5112,16,21,3150,2275,875
2026-08-09,A. 0,Control,currency,HardCoin,coins,extra_moves,level_movesplus45,45,5112,3,3,300,300,0
2026-08-08,E. 40-99,Control,currency,HardCoin,coins,extra_moves,level_movesplus35,35,3274,25,29,2900,2575,325
2026-08-08,E. 40-99,Control,currency,HardCoin,coins,extra_moves,level_movesplus40,40,3274,19,20,2000,1610,390
2026-08-08,E. 40-99,Control,currency,HardCoin,coins,purchase_pre_level_booster,map_pre_level_booster,pre_level_booster_3,3274,6,7,1400,1035,365
2026-08-10,D. 20-39,Variant,currency,HardCoin,coins,team_created,unknown,unknown,5353,3,3,450,450,0
2026-08-09,A. 0,Control,currency,HardCoin,coins,purchase_pre_level_booster,map_pre_level_booster,pre_level_booster_2,5112,1,1,150,150,0
2026-08-08,E. 40-99,Control,currency,HardCoin,coins,purchase_pre_level_booster,level_pre_level_booster,pre_level_booster_3,3274,1,1,200,200,0
2026-08-10,B. 1-9,Variant,powerup,powerup_1,items,in_game_use,saga,in_level,7304,1411,1780,1780,,
2026-08-05,C. 10-19,Variant,pre_level_booster,pre_level_booster_1,items,in_game_use,saga,in_level,5753,2820,5585,5585,,
2026-08-05,C. 10-19,Variant,pre_level_booster,pre_level_booster_2,items,in_game_use,saga,in_level,5753,2559,5459,5459,,
2026-08-05,C. 10-19,Variant,pre_level_booster,pre_level_booster_3,items,in_game_use,saga,in_level,5753,1800,3014,3014,,
2026-08-05,C. 10-19,Variant,currency,HardCoin,coins,extra_moves,level_movesplus15,15,5753,59,61,6100,5861,239
2026-08-05,C. 10-19,Variant,currency,HardCoin,coins,extra_moves,level_movesplus20,20,5753,63,68,6800,6390,410
2026-08-05,C. 10-19,Variant,life,life,items,in_game_use,dream_peak,in_level,5753,83,1505,1505,,
2026-08-05,C. 10-19,Variant,ul_pre_booster,UnlimitedBooster3,items,in_game_use,saga,in_level,5753,157,1803,1803,,
2026-08-05,C. 10-19,Variant,currency,HardCoin,coins,purchase_lives,level_lives,purchase_lives,5753,109,133,6650,4575,2075
2026-08-10,B. 1-9,Variant,ul_pre_booster,UnlimitedBooster1,items,in_game_use,saga,in_level,7304,1331,6323,6323,,
2026-08-07,A. 0,Variant,pre_level_booster,pre_level_booster_1,items,in_game_use,dream_peak,in_level,5025,513,1430,1430,,
2026-08-07,A. 0,Variant,currency,HardCoin,coins,extra_moves,level_movesplus5,5,5025,671,2291,229100,203306,25794
2026-08-07,A. 0,Variant,currency,HardCoin,coins,extra_moves,level_movesplus30,30,5025,18,19,1900,1900,0
2026-08-06,B. 1-9,Control,currency,HardCoin,coins,purchase_pre_level_booster,map_pre_level_booster,pre_level_booster_3,7361,14,22,4400,2600,1800
2026-08-06,B. 1-9,Control,currency,HardCoin,coins,extra_moves,level_movesplus10,10,7361,92,97,9700,9403,297
2026-08-02,C. 10-19,Control,powerup,powerup_2,items,in_game_use,saga,in_level,5534,2228,4539,4539,,
2026-08-02,C. 10-19,Control,currency,HardCoin,coins,extra_moves,level_movesplus5,5,5534,2336,4007,400700,372646,28054
2026-08-02,C. 10-19,Control,pre_level_booster,pre_level_booster_1,items,in_game_use,saga,in_level,5534,2745,5672,5672,,
2026-08-02,C. 10-19,Control,pre_level_booster,pre_level_booster_2,items,in_game_use,saga,in_level,5534,2466,5726,5726,,
2026-08-02,C. 10-19,Control,currency,HardCoin,coins,extra_moves,level_movesplus40,40,5534,28,29,2900,2459,441
2026-08-02,C. 10-19,Control,currency,HardCoin,coins,purchase_lives,map_lives,purchase_lives,5534,66,75,3750,2403,1347
2026-08-10,B. 1-9,Variant,currency,HardCoin,coins,purchase_lives,level_lives,purchase_lives,7304,118,167,8350,5666,2684
2026-08-10,B. 1-9,Variant,currency,HardCoin,coins,purchase_lives,map_lives,purchase_lives,7304,53,65,3250,2110,1140
2026-08-10,B. 1-9,Variant,ul_pre_booster,UnlimitedBooster3,items,in_game_use,dream_peak,in_level,7304,18,156,156,,
2026-08-10,B. 1-9,Variant,powerup,powerup_3,items,in_game_use,dream_peak,in_level,7304,20,23,23,,
2026-08-10,B. 1-9,Variant,pre_level_booster,pre_level_booster_3,items,in_game_use,dream_peak,in_level,7304,19,26,26,,
2026-08-10,B. 1-9,Variant,currency,HardCoin,coins,extra_moves,level_movesplus40,40,7304,22,23,2300,2300,0
2026-08-05,C. 10-19,Variant,currency,HardCoin,coins,extra_moves,level_movesplus30,30,5753,35,35,3500,3308,192
2026-08-02,C. 10-19,Control,currency,HardCoin,coins,extra_moves,level_movesplus30,30,5534,29,31,3100,2787,313
2026-08-10,B. 1-9,Variant,pre_level_booster,pre_level_booster_1,items,in_game_use,dream_peak,in_level,7304,24,49,49,,
2026-08-10,B. 1-9,Variant,currency,HardCoin,coins,extra_moves,level_movesplus45,45,7304,23,23,2300,2300,0
2026-08-07,A. 0,Variant,currency,HardCoin,coins,purchase_pre_level_booster,map_pre_level_booster,pre_level_booster_1,5025,3,3,300,300,0
2026-08-06,B. 1-9,Control,unlimited_lives,UnlimitedLives,items,in_game_use,saga,in_level,7361,2,25,25,,
2026-08-02,C. 10-19,Control,pre_level_booster,pre_level_booster_3,items,in_game_use,dream_peak,in_level,5534,6,10,10,,
2026-08-10,B. 1-9,Variant,currency,HardCoin,coins,purchase_pre_level_booster,map_pre_level_booster,pre_level_booster_2,7304,4,4,600,450,150
2026-08-02,C. 10-19,Control,currency,HardCoin,coins,extra_moves,level_movesplus45,45,5534,21,21,2100,1767,333
2026-08-06,B. 1-9,Control,currency,HardCoin,coins,extra_moves,level_movesplus45,45,7361,14,14,1400,1351,49
2026-08-06,B. 1-9,Control,currency,HardCoin,coins,purchase_pre_level_booster,map_pre_level_booster,pre_level_booster_2,7361,5,5,750,750,0
2026-08-07,A. 0,Variant,ul_pre_booster,UnlimitedBooster3,items,in_game_use,saga,in_level,5025,10,22,22,,
2026-08-06,B. 1-9,Control,currency,HardCoin,coins,extra_moves,level_movesplus35,35,7361,25,25,2500,2500,0
2026-08-06,B. 1-9,Control,pre_level_booster,pre_level_booster_1,items,in_game_use,dream_peak,in_level,7361,4,4,4,,
2026-08-05,C. 10-19,Variant,currency,HardCoin,coins,purchase_powerup,level_powerup,powerup_1,5753,2,2,1000,1000,0
2026-08-06,B. 1-9,Control,currency,HardCoin,coins,purchase_pre_level_booster,level_pre_level_booster,pre_level_booster_3,7361,2,2,400,400,0
2026-08-06,B. 1-9,Control,currency,HardCoin,coins,purchase_powerup,level_powerup,powerup_3,7361,8,8,1600,1600,0
2026-08-07,A. 0,Variant,currency,HardCoin,coins,purchase_powerup,level_powerup,powerup_3,5025,3,3,600,600,0
2026-08-07,A. 0,Variant,currency,HardCoin,coins,extra_moves,level_movesplus45,45,5025,11,11,1100,915,185
2026-08-02,C. 10-19,Control,currency,HardCoin,coins,purchase_pre_level_booster,level_pre_level_booster,pre_level_booster_3,5534,2,2,400,400,0
2026-08-06,B. 1-9,Control,ul_pre_booster,UnlimitedBooster2,items,in_game_use,dream_peak,in_level,7361,1,9,9,,
2026-08-02,C. 10-19,Control,currency,HardCoin,coins,purchase_pre_level_booster,level_pre_level_booster,pre_level_booster_2,5534,1,1,150,150,0
2026-08-06,B. 1-9,Control,currency,HardCoin,coins,level_movesplus5,level_movesplus5,level_movesplus5,7361,1,2,200,200,0
2026-08-04,F. 100+,Control,life,life,items,in_game_use,saga,in_level,403,385,13086,13086,,
2026-08-04,F. 100+,Control,pre_level_booster,pre_level_booster_2,items,in_game_use,saga,in_level,403,300,2114,2114,,
2026-08-04,F. 100+,Control,ul_pre_booster,UnlimitedBooster2,items,in_game_use,saga,in_level,403,285,5472,5472,,
2026-08-04,F. 100+,Control,ul_pre_booster,UnlimitedBooster1,items,in_game_use,saga,in_level,403,282,6634,6634,,
2026-08-04,F. 100+,Control,powerup,powerup_3,items,in_game_use,saga,in_level,403,357,2171,2171,,
2026-08-04,F. 100+,Control,currency,HardCoin,coins,extra_moves,level_movesplus30,30,403,7,7,700,600,100
2026-08-04,F. 100+,Control,currency,HardCoin,coins,purchase_lives,map_lives,purchase_lives,403,27,38,1900,1385,515
2026-08-02,A. 0,Variant,pre_level_booster,pre_level_booster_1,items,in_game_use,dream_peak,in_level,5384,461,1335,1335,,
2026-08-02,A. 0,Variant,pre_level_booster,pre_level_booster_3,items,in_game_use,dream_peak,in_level,5384,358,976,976,,
2026-08-02,A. 0,Variant,currency,HardCoin,coins,extra_moves,level_movesplus15,15,5384,30,31,3100,2770,330
2026-08-02,A. 0,Variant,ul_pre_booster,UnlimitedBooster2,items,in_game_use,dream_peak,in_level,5384,277,4278,4278,,
2026-08-02,A. 0,Variant,currency,HardCoin,coins,extra_moves,level_movesplus45,45,5384,8,8,800,713,87
2026-08-03,E. 40-99,Variant,powerup,powerup_1,items,in_game_use,saga,in_level,3032,1968,4936,4936,,
2026-08-03,E. 40-99,Variant,currency,HardCoin,coins,extra_moves,level_movesplus35,35,3032,27,27,2700,2410,290
2026-08-03,E. 40-99,Variant,ul_pre_booster,UnlimitedBooster3,items,in_game_use,saga,in_level,3032,428,4227,4227,,
2026-08-03,E. 40-99,Variant,powerup,powerup_2,items,in_game_use,dream_peak,in_level,3032,151,437,437,,
2026-08-03,E. 40-99,Variant,pre_level_booster,pre_level_booster_3,items,in_game_use,dream_peak,in_level,3032,116,452,452,,
2026-08-04,F. 100+,Control,currency,HardCoin,coins,extra_moves,level_movesplus10,10,403,26,41,4100,3790,310
2026-08-04,F. 100+,Control,currency,HardCoin,coins,extra_moves,level_movesplus50,50,403,12,14,1400,1200,200
2026-08-02,A. 0,Variant,currency,HardCoin,coins,purchase_pre_level_booster,map_pre_level_booster,pre_level_booster_1,5384,2,2,200,200,0
2026-08-04,F. 100+,Control,currency,HardCoin,coins,extra_moves,level_movesplus35,35,403,4,4,400,330,70
2026-08-03,E. 40-99,Variant,currency,HardCoin,coins,purchase_powerup,level_powerup,powerup_1,3032,3,3,1500,1500,0
2026-08-04,F. 100+,Control,pre_level_booster,pre_level_booster_3,items,in_game_use,saga,in_level,403,267,1020,1020,,
2026-08-04,F. 100+,Control,powerup,powerup_1,items,in_game_use,saga,in_level,403,347,2299,2299,,
2026-08-04,F. 100+,Control,pre_level_booster,pre_level_booster_1,items,in_game_use,saga,in_level,403,314,1932,1932,,
2026-08-04,F. 100+,Control,ul_pre_booster,UnlimitedBooster3,items,in_game_use,saga,in_level,403,240,3293,3293,,
2026-08-04,F. 100+,Control,currency,HardCoin,coins,extra_moves,level_movesplus20,20,403,17,20,2000,1805,195
2026-08-04,F. 100+,Control,currency,HardCoin,coins,extra_moves,level_movesplus25,25,403,8,8,800,800,0
2026-08-02,A. 0,Variant,pre_level_booster,pre_level_booster_1,items,in_game_use,saga,in_level,5384,304,399,399,,
2026-08-02,A. 0,Variant,ul_pre_booster,UnlimitedBooster2,items,in_game_use,saga,in_level,5384,49,103,103,,
2026-08-02,A. 0,Variant,powerup,powerup_3,items,in_game_use,saga,in_level,5384,162,193,193,,
2026-08-02,A. 0,Variant,currency,HardCoin,coins,extra_moves,level_movesplus50,50,5384,66,75,7500,6182,1318
2026-08-03,E. 40-99,Variant,powerup,powerup_3,items,in_game_use,saga,in_level,3032,2309,7261,7261,,
2026-08-03,E. 40-99,Variant,powerup,powerup_2,items,in_game_use,saga,in_level,3032,2320,9229,9229,,
2026-08-03,E. 40-99,Variant,currency,HardCoin,coins,extra_moves,level_movesplus5,5,3032,2393,8579,857900,806240,51660
2026-08-03,E. 40-99,Variant,pre_level_booster,pre_level_booster_2,items,in_game_use,dream_peak,in_level,3032,103,411,411,,
2026-08-03,E. 40-99,Variant,currency,HardCoin,coins,purchase_lives,level_lives,purchase_lives,3032,94,150,7500,5407,2093
2026-08-03,E. 40-99,Variant,currency,HardCoin,coins,extra_moves,level_movesplus50,50,3032,95,108,10800,9985,815
2026-08-03,E. 40-99,Variant,currency,HardCoin,coins,extra_moves,level_movesplus15,15,3032,96,111,11100,10272,828
2026-08-03,E. 40-99,Variant,currency,HardCoin,coins,extra_moves,level_movesplus25,25,3032,60,63,6300,5928,372
2026-08-03,E. 40-99,Variant,currency,HardCoin,coins,extra_moves,level_movesplus20,20,3032,77,83,8300,7755,545
2026-08-03,E. 40-99,Variant,currency,HardCoin,coins,extra_moves,level_movesplus40,40,3032,23,24,2400,2245,155
2026-08-03,E. 40-99,Variant,currency,HardCoin,coins,extra_moves,level_movesplus45,45,3032,15,16,1600,1598,2
2026-08-02,A. 0,Variant,currency,HardCoin,coins,extra_moves,level_movesplus35,35,5384,7,7,700,640,60
2026-08-02,A. 0,Variant,currency,HardCoin,coins,extra_moves,level_movesplus20,20,5384,15,15,1500,1297,203
2026-08-04,F. 100+,Control,currency,HardCoin,coins,level_movesplus5,level_movesplus5,level_movesplus5,403,1,1,100,100,0
2026-08-04,F. 100+,Control,currency,HardCoin,coins,extra_moves,level_movesplus40,40,403,4,4,400,400,0
2026-08-04,F. 100+,Control,currency,HardCoin,coins,extra_moves,level_movesplus45,45,403,2,2,200,135,65
2026-08-02,A. 0,Variant,pre_level_booster,unknown,items,in_game_use,saga,in_level,5384,1,2,2,,
2026-08-03,E. 40-99,Variant,currency,HardCoin,coins,purchase_pre_level_booster,map_pre_level_booster,pre_level_booster_1,3032,1,1,100,100,0
2026-08-04,F. 100+,Control,powerup,powerup_2,items,in_game_use,saga,in_level,403,366,2143,2143,,
2026-08-02,A. 0,Variant,life,life,items,in_game_use,saga,in_level,5384,1570,6564,6564,,
2026-08-02,A. 0,Variant,currency,HardCoin,coins,extra_moves,level_movesplus5,5,5384,621,2062,206200,164886,41314
2026-08-02,A. 0,Variant,powerup,powerup_3,items,in_game_use,dream_peak,in_level,5384,574,1864,1864,,
2026-08-02,A. 0,Variant,ul_pre_booster,UnlimitedBooster1,items,in_game_use,dream_peak,in_level,5384,307,4722,4722,,
2026-08-02,A. 0,Variant,ul_pre_booster,UnlimitedBooster3,items,in_game_use,dream_peak,in_level,5384,309,4327,4327,,
2026-08-02,A. 0,Variant,powerup,powerup_2,items,in_game_use,saga,in_level,5384,155,234,234,,
2026-08-02,A. 0,Variant,currency,HardCoin,coins,extra_moves,level_movesplus40,40,5384,11,11,1100,950,150
2026-08-03,E. 40-99,Variant,pre_level_booster,pre_level_booster_1,items,in_game_use,saga,in_level,3032,2070,6981,6981,,
2026-08-03,E. 40-99,Variant,ul_pre_booster,UnlimitedBooster1,items,in_game_use,saga,in_level,3032,1897,20026,20026,,
2026-08-03,E. 40-99,Variant,pre_level_booster,pre_level_booster_2,items,in_game_use,saga,in_level,3032,1935,7085,7085,,
2026-08-03,E. 40-99,Variant,ul_pre_booster,UnlimitedBooster2,items,in_game_use,saga,in_level,3032,801,8931,8931,,
2026-08-03,E. 40-99,Variant,pre_level_booster,pre_level_booster_3,items,in_game_use,saga,in_level,3032,1638,4561,4561,,
2026-08-03,E. 40-99,Variant,currency,HardCoin,coins,extra_moves,level_movesplus10,10,3032,130,146,14600,13319,1281
2026-08-03,E. 40-99,Variant,ul_pre_booster,UnlimitedBooster1,items,in_game_use,dream_peak,in_level,3032,110,1241,1241,,
2026-08-03,E. 40-99,Variant,ul_pre_booster,UnlimitedBooster2,items,in_game_use,dream_peak,in_level,3032,69,1000,1000,,
2026-08-03,E. 40-99,Variant,pre_level_booster,pre_level_booster_1,items,in_game_use,dream_peak,in_level,3032,108,452,452,,
2026-08-03,E. 40-99,Variant,ul_pre_booster,UnlimitedBooster3,items,in_game_use,dream_peak,in_level,3032,14,342,342,,
2026-08-03,E. 40-99,Variant,currency,HardCoin,coins,purchase_powerup,level_powerup,powerup_2,3032,15,18,2700,2586,114
2026-08-02,A. 0,Variant,currency,HardCoin,coins,extra_moves,level_movesplus30,30,5384,14,14,1400,1375,25
2026-08-02,A. 0,Variant,currency,HardCoin,coins,extra_moves,level_movesplus25,25,5384,21,21,2100,1885,215
2026-08-02,A. 0,Variant,currency,HardCoin,coins,extra_moves,level_movesplus10,10,5384,21,27,2700,2092,608
2026-08-04,F. 100+,Control,currency,HardCoin,coins,purchase_lives,level_lives,purchase_lives,403,29,72,3600,2698,902
2026-08-04,F. 100+,Control,currency,HardCoin,coins,purchase_powerup,level_powerup,powerup_1,403,3,3,1500,1500,0
2026-08-02,A. 0,Variant,currency,HardCoin,coins,purchase_powerup,level_powerup,powerup_3,5384,1,1,200,200,0
2026-08-04,F. 100+,Control,currency,HardCoin,coins,purchase_pre_level_booster,map_pre_level_booster,pre_level_booster_1,403,1,2,200,200,0
2026-08-02,A. 0,Variant,unlimited_lives,UnlimitedLives,items,in_game_use,saga,in_level,5384,1,2,2,,
2026-08-02,A. 0,Variant,currency,HardCoin,coins,team_created,unknown,unknown,5384,1,1,150,150,0
2026-08-04,C. 10-19,Variant,powerup,powerup_3,items,in_game_use,saga,in_level,5839,2623,4715,4715,,
2026-08-04,C. 10-19,Variant,powerup,powerup_2,items,in_game_use,saga,in_level,5839,2779,6809,6809,,
2026-08-02,F. 100+,Variant,pre_level_booster,pre_level_booster_3,items,in_game_use,saga,in_level,442,305,1302,1302,,
2026-08-02,F. 100+,Variant,pre_level_booster,pre_level_booster_1,items,in_game_use,saga,in_level,442,327,1524,1524,,
2026-08-02,F. 100+,Variant,currency,HardCoin,coins,purchase_lives,level_lives,purchase_lives,442,10,54,2700,2434,266
2026-08-03,C. 10-19,Control,powerup,powerup_1,items,in_game_use,saga,in_level,5776,2081,3216,3216,,
2026-08-03,C. 10-19,Control,pre_level_booster,pre_level_booster_2,items,in_game_use,saga,in_level,5776,2802,6125,6125,,
2026-08-03,C. 10-19,Control,ul_pre_booster,UnlimitedBooster3,items,in_game_use,saga,in_level,5776,266,2908,2908,,
2026-08-03,C. 10-19,Control,powerup,powerup_2,items,in_game_use,saga,in_level,5776,2700,5671,5671,,
2026-08-03,C. 10-19,Control,currency,HardCoin,coins,extra_moves,level_movesplus15,15,5776,110,120,12000,11535,465
2026-08-03,C. 10-19,Control,currency,HardCoin,coins,purchase_lives,map_lives,purchase_lives,5776,88,115,5750,3690,2060
2026-08-03,C. 10-19,Control,currency,HardCoin,coins,extra_moves,level_movesplus35,35,5776,29,30,3000,2975,25
2026-08-03,C. 10-19,Control,currency,HardCoin,coins,purchase_powerup,level_powerup,powerup_2,5776,15,16,2400,2400,0
2026-08-04,C. 10-19,Variant,life,life,items,in_game_use,dream_peak,in_level,5839,58,1073,1073,,
2026-08-04,C. 10-19,Variant,ul_pre_booster,UnlimitedBooster1,items,in_game_use,dream_peak,in_level,5839,36,392,392,,
2026-08-04,C. 10-19,Variant,pre_level_booster,pre_level_booster_3,items,in_game_use,dream_peak,in_level,5839,44,98,98,,
2026-08-04,C. 10-19,Variant,currency,HardCoin,coins,purchase_pre_level_booster,level_pre_level_booster,pre_level_booster_1,5839,1,2,200,200,0
2026-08-04,C. 10-19,Variant,currency,HardCoin,coins,extra_moves,level_movesplus30,30,5839,35,35,3500,3185,315
2026-08-02,F. 100+,Variant,currency,HardCoin,coins,purchase_powerup,level_powerup,powerup_1,442,2,2,1000,1000,0
2026-08-04,C. 10-19,Variant,currency,HardCoin,coins,extra_moves,level_movesplus10,10,5839,95,102,10200,9395,805
2026-08-02,F. 100+,Variant,currency,HardCoin,coins,purchase_pre_level_booster,map_pre_level_booster,pre_level_booster_2,442,1,2,300,175,125
2026-08-04,C. 10-19,Variant,ul_pre_booster,UnlimitedBooster3,items,in_game_use,dream_peak,in_level,5839,9,152,152,,
2026-08-04,C. 10-19,Variant,currency,HardCoin,coins,extra_moves,level_movesplus35,35,5839,17,17,1700,1534,166
2026-08-04,C. 10-19,Variant,currency,HardCoin,coins,purchase_pre_level_booster,level_pre_level_booster,pre_level_booster_3,5839,1,1,200,200,0
2026-08-04,C. 10-19,Variant,pre_level_booster,pre_level_booster_3,items,in_game_use,saga,in_level,5839,1800,2929,2929,,
2026-08-04,C. 10-19,Variant,life,life,items,in_game_use,saga,in_level,5839,4336,39158,39158,,
2026-08-04,C. 10-19,Variant,currency,HardCoin,coins,extra_moves,level_movesplus5,5,5839,2446,4017,401700,378555,23145
2026-08-04,C. 10-19,Variant,powerup,powerup_1,items,in_game_use,saga,in_level,5839,1661,2921,2921,,
2026-08-02,F. 100+,Variant,powerup,powerup_3,items,in_game_use,saga,in_level,442,376,1862,1862,,
2026-08-02,F. 100+,Variant,powerup,powerup_1,items,in_game_use,saga,in_level,442,349,1446,1446,,
2026-08-02,F. 100+,Variant,powerup,powerup_2,items,in_game_use,saga,in_level,442,390,2151,2151,,
2026-08-02,F. 100+,Variant,currency,HardCoin,coins,extra_moves,level_movesplus5,5,442,379,2028,202800,185753,17047
2026-08-02,F. 100+,Variant,currency,HardCoin,coins,extra_moves,level_movesplus10,10,442,28,32,3200,3100,100
2026-08-02,F. 100+,Variant,currency,HardCoin,coins,extra_moves,level_movesplus30,30,442,7,8,800,720,80
2026-08-03,C. 10-19,Control,pre_level_booster,pre_level_booster_3,items,in_game_use,saga,in_level,5776,2035,3306,3306,,
2026-08-03,C. 10-19,Control,pre_level_booster,pre_level_booster_1,items,in_game_use,saga,in_level,5776,2815,5438,5438,,
2026-08-03,C. 10-19,Control,ul_pre_booster,UnlimitedBooster2,items,in_game_use,saga,in_level,5776,1038,7888,7888,,
2026-08-03,C. 10-19,Control,powerup,powerup_3,items,in_game_use,dream_peak,in_level,5776,60,104,104,,
2026-08-03,C. 10-19,Control,life,life,items,in_game_use,dream_peak,in_level,5776,126,1585,1585,,
2026-08-03,C. 10-19,Control,pre_level_booster,pre_level_booster_3,items,in_game_use,dream_peak,in_level,5776,28,44,44,,
2026-08-04,C. 10-19,Variant,ul_pre_booster,UnlimitedBooster2,items,in_game_use,dream_peak,in_level,5839,14,225,225,,
2026-08-04,C. 10-19,Variant,currency,HardCoin,coins,purchase_lives,level_lives,purchase_lives,5839,122,160,8000,5320,2680
2026-08-04,C. 10-19,Variant,currency,HardCoin,coins,extra_moves,level_movesplus15,15,5839,90,94,9400,8931,469
2026-08-02,F. 100+,Variant,currency,HardCoin,coins,purchase_powerup,level_powerup,powerup_3,442,3,3,600,600,0
2026-08-03,C. 10-19,Control,currency,HardCoin,coins,purchase_pre_level_booster,map_pre_level_booster,pre_level_booster_3,5776,22,37,7400,3635,3765
2026-08-03,C. 10-19,Control,currency,HardCoin,coins,extra_moves,level_movesplus40,40,5776,35,35,3500,3495,5
2026-08-02,F. 100+,Variant,currency,HardCoin,coins,extra_moves,level_movesplus15,15,442,17,18,1800,1798,2
2026-08-03,C. 10-19,Control,currency,HardCoin,coins,purchase_powerup,level_powerup,powerup_3,5776,9,10,2000,1600,400
2026-08-03,C. 10-19,Control,currency,HardCoin,coins,extra_moves,level_movesplus45,45,5776,18,19,1900,1700,200
2026-08-04,C. 10-19,Variant,currency,HardCoin,coins,purchase_powerup,level_powerup,powerup_3,5839,7,8,1600,1600,0
2026-08-04,C. 10-19,Variant,currency,HardCoin,coins,extra_moves,level_movesplus25,25,5839,46,47,4700,4467,233
2026-08-04,C. 10-19,Variant,currency,HardCoin,coins,purchase_powerup,level_powerup,powerup_2,5839,14,15,2250,2100,150
2026-08-02,F. 100+,Variant,currency,HardCoin,coins,extra_moves,level_movesplus25,25,442,8,8,800,700,100
2026-08-03,C. 10-19,Control,currency,HardCoin,coins,team_created,unknown,unknown,5776,3,3,450,450,0
2026-08-03,C. 10-19,Control,currency,HardCoin,coins,purchase_powerup,level_powerup,powerup_1,5776,2,2,1000,1000,0
2026-08-02,F. 100+,Variant,currency,HardCoin,coins,extra_moves,level_movesplus40,40,442,2,2,200,100,100
2026-08-02,F. 100+,Variant,currency,HardCoin,coins,extra_moves,level_movesplus45,45,442,2,2,200,200,0
2026-08-04,C. 10-19,Variant,currency,HardCoin,coins,team_created,unknown,unknown,5839,2,2,300,300,0
2026-08-02,A. 0,Control,pre_level_booster,pre_level_booster_1,items,in_game_use,dream_peak,in_level,5266,435,940,940,,
2026-08-02,A. 0,Control,life,life,items,in_game_use,saga,in_level,5266,1216,4682,4682,,
2026-08-02,A. 0,Control,currency,HardCoin,coins,extra_moves,level_movesplus50,50,5266,48,52,5200,3868,1332
2026-08-02,A. 0,Control,currency,HardCoin,coins,extra_moves,level_movesplus35,35,5266,9,9,900,647,253
2026-08-02,A. 0,Control,currency,HardCoin,coins,purchase_powerup,level_powerup,powerup_2,5266,7,13,1950,1200,750
2026-08-02,A. 0,Control,currency,HardCoin,coins,purchase_pre_level_booster,map_pre_level_booster,pre_level_booster_1,5266,7,7,700,700,0
2026-08-02,A. 0,Control,ul_pre_booster,UnlimitedBooster3,items,in_game_use,saga,in_level,5266,1,1,1,,
2026-08-08,B. 1-9,Variant,pre_level_booster,pre_level_booster_2,items,in_game_use,saga,in_level,7420,2234,3782,3782,,
2026-08-08,B. 1-9,Variant,ul_pre_booster,UnlimitedBooster1,items,in_game_use,saga,in_level,7420,1022,4959,4959,,
2026-08-10,E. 40-99,Control,pre_level_booster,pre_level_booster_3,items,in_game_use,saga,in_level,3434,1874,4894,4894,,
2026-08-10,E. 40-99,Control,ul_pre_booster,UnlimitedBooster2,items,in_game_use,saga,in_level,3434,2244,21851,21851,,
2026-08-08,B. 1-9,Variant,currency,HardCoin,coins,extra_moves,level_movesplus20,20,7420,45,45,4500,4465,35
2026-08-08,B. 1-9,Variant,currency,HardCoin,coins,purchase_powerup,level_powerup,powerup_3,7420,7,7,1400,1400,0
2026-08-04,D. 20-39,Variant,life,life,items,in_game_use,saga,in_level,4917,3787,41748,41748,,
2026-08-04,D. 20-39,Variant,ul_pre_booster,UnlimitedBooster1,items,in_game_use,saga,in_level,4917,2083,15966,15966,,
2026-08-08,B. 1-9,Variant,pre_level_booster,pre_level_booster_2,items,in_game_use,dream_peak,in_level,7420,5,5,5,,
2026-08-04,D. 20-39,Variant,ul_pre_booster,UnlimitedBooster3,items,in_game_use,dream_peak,in_level,4917,7,228,228,,
2026-08-04,D. 20-39,Variant,ul_pre_booster,UnlimitedBooster2,items,in_game_use,dream_peak,in_level,4917,35,516,516,,
2026-08-04,D. 20-39,Variant,life,life,items,in_game_use,dream_peak,in_level,4917,136,4089,4089,,
2026-08-04,D. 20-39,Variant,pre_level_booster,pre_level_booster_1,items,in_game_use,dream_peak,in_level,4917,72,201,201,,
2026-08-04,D. 20-39,Variant,currency,HardCoin,coins,purchase_lives,level_lives,purchase_lives,4917,100,138,6900,4961,1939
2026-08-04,D. 20-39,Variant,currency,HardCoin,coins,extra_moves,level_movesplus35,35,4917,20,20,2000,1835,165
2026-08-10,E. 40-99,Control,currency,HardCoin,coins,purchase_lives,map_lives,purchase_lives,3434,86,113,5650,3971,1679
2026-08-10,E. 40-99,Control,currency,HardCoin,coins,purchase_lives,level_lives,purchase_lives,3434,157,316,15800,12377,3423
2026-08-10,E. 40-99,Control,currency,HardCoin,coins,extra_moves,level_movesplus50,50,3434,98,111,11100,9969,1131
2026-08-10,E. 40-99,Control,ul_pre_booster,UnlimitedBooster1,items,in_game_use,dream_peak,in_level,3434,45,780,780,,
2026-08-10,E. 40-99,Control,currency,HardCoin,coins,purchase_powerup,level_powerup,powerup_2,3434,35,58,8700,5840,2860
2026-08-10,E. 40-99,Control,currency,HardCoin,coins,extra_moves,level_movesplus20,20,3434,92,101,10100,9625,475
2026-08-10,A. 0,Control,powerup,powerup_1,items,in_game_use,dream_peak,in_level,4087,9,14,14,,
2026-08-04,D. 20-39,Variant,currency,HardCoin,coins,purchase_powerup,level_powerup,powerup_2,4917,20,20,3000,3000,0
2026-08-10,E. 40-99,Control,currency,HardCoin,coins,extra_moves,level_movesplus35,35,3434,45,49,4900,4635,265
2026-08-10,E. 40-99,Control,powerup,powerup_3,items,in_game_use,dream_peak,in_level,3434,51,114,114,,
2026-08-10,E. 40-99,Control,powerup,powerup_1,items,in_game_use,dream_peak,in_level,3434,43,99,99,,
2026-08-10,A. 0,Control,currency,HardCoin,coins,purchase_lives,map_lives,purchase_lives,4087,6,6,300,132,168
2026-08-08,B. 1-9,Variant,currency,HardCoin,coins,extra_moves,level_movesplus15,15,7420,68,69,6900,6611,289
2026-08-08,B. 1-9,Variant,powerup,powerup_3,items,in_game_use,dream_peak,in_level,7420,9,11,11,,
2026-08-08,B. 1-9,Variant,ul_pre_booster,UnlimitedBooster1,items,in_game_use,dream_peak,in_level,7420,5,31,31,,
2026-08-08,B. 1-9,Variant,currency,HardCoin,coins,purchase_pre_level_booster,level_pre_level_booster,pre_level_booster_2,7420,1,1,150,150,0
2026-08-08,B. 1-9,Variant,powerup,powerup_2,items,in_game_use,dream_peak,in_level,7420,9,15,15,,
2026-08-08,B. 1-9,Variant,currency,HardCoin,coins,level_movesplus5,level_movesplus5,level_movesplus5,7420,3,4,400,400,0
2026-08-10,E. 40-99,Control,currency,HardCoin,coins,team_created,unknown,unknown,3434,3,3,450,315,135
2026-08-10,A. 0,Control,currency,HardCoin,coins,purchase_pre_level_booster,map_pre_level_booster,pre_level_booster_2,4087,1,1,150,150,0
2026-08-10,E. 40-99,Control,currency,HardCoin,coins,extra_moves,level_movesplus5,5,3434,2754,10926,1092600,981988,110612
2026-08-08,B. 1-9,Variant,pre_level_booster,pre_level_booster_1,items,in_game_use,saga,in_level,7420,2552,4146,4146,,
2026-08-08,B. 1-9,Variant,powerup,powerup_3,items,in_game_use,saga,in_level,7420,1713,2567,2567,,
2026-08-10,A. 0,Control,pre_level_booster,pre_level_booster_2,items,in_game_use,saga,in_level,4087,211,268,268,,
2026-08-10,E. 40-99,Control,life,life,items,in_game_use,saga,in_level,3434,2857,57662,57662,,
2026-08-10,E. 40-99,Control,ul_pre_booster,UnlimitedBooster1,items,in_game_use,saga,in_level,3434,2529,26414,26414,,
2026-08-08,B. 1-9,Variant,currency,HardCoin,coins,extra_moves,level_movesplus50,50,7420,98,100,10000,9707,293
2026-08-08,B. 1-9,Variant,currency,HardCoin,coins,extra_moves,level_movesplus30,30,7420,27,27,2700,2680,20
2026-08-08,B. 1-9,Variant,currency,HardCoin,coins,purchase_powerup,level_powerup,powerup_1,7420,1,1,500,500,0
2026-08-08,B. 1-9,Variant,currency,HardCoin,coins,purchase_powerup,level_powerup,powerup_2,7420,12,12,1800,1800,0
2026-08-04,D. 20-39,Variant,powerup,powerup_1,items,in_game_use,saga,in_level,4917,2151,3658,3658,,
2026-08-04,D. 20-39,Variant,powerup,powerup_3,items,in_game_use,saga,in_level,4917,2839,6385,6385,,
2026-08-04,D. 20-39,Variant,currency,HardCoin,coins,extra_moves,level_movesplus5,5,4917,2833,6143,614300,566078,48222
2026-08-08,B. 1-9,Variant,life,life,items,in_game_use,dream_peak,in_level,7420,8,91,91,,
2026-08-08,B. 1-9,Variant,pre_level_booster,pre_level_booster_3,items,in_game_use,dream_peak,in_level,7420,5,7,7,,
2026-08-10,A. 0,Control,ul_pre_booster,UnlimitedBooster1,items,in_game_use,saga,in_level,4087,70,171,171,,
2026-08-10,A. 0,Control,life,life,items,in_game_use,dream_peak,in_level,4087,23,242,242,,
2026-08-10,A. 0,Control,powerup,powerup_2,items,in_game_use,saga,in_level,4087,136,199,199,,
2026-08-10,A. 0,Control,ul_pre_booster,UnlimitedBooster2,items,in_game_use,saga,in_level,4087,34,87,87,,
2026-08-10,E. 40-99,Control,ul_pre_booster,UnlimitedBooster3,items,in_game_use,saga,in_level,3434,998,9008,9008,,
2026-08-04,D. 20-39,Variant,pre_level_booster,pre_level_booster_3,items,in_game_use,dream_peak,in_level,4917,108,242,242,,
2026-08-04,D. 20-39,Variant,powerup,powerup_2,items,in_game_use,dream_peak,in_level,4917,106,300,300,,
2026-08-04,D. 20-39,Variant,currency,HardCoin,coins,extra_moves,level_movesplus50,50,4917,94,103,10300,9179,1121
2026-08-04,D. 20-39,Variant,currency,HardCoin,coins,purchase_lives,map_lives,purchase_lives,4917,49,54,2700,1726,974
2026-08-10,E. 40-99,Control,currency,HardCoin,coins,extra_moves,level_movesplus15,15,3434,131,148,14800,14537,263
2026-08-10,E. 40-99,Control,pre_level_booster,pre_level_booster_3,items,in_game_use,dream_peak,in_level,3434,36,86,86,,
2026-08-10,E. 40-99,Control,powerup,powerup_2,items,in_game_use,dream_peak,in_level,3434,50,154,154,,
2026-08-10,E. 40-99,Control,pre_level_booster,pre_level_booster_2,items,in_game_use,dream_peak,in_level,3434,61,143,143,,
2026-08-10,E. 40-99,Control,pre_level_booster,pre_level_booster_1,items,in_game_use,dream_peak,in_level,3434,42,100,100,,
2026-08-10,E. 40-99,Control,currency,HardCoin,coins,extra_moves,level_movesplus25,25,3434,57,60,6000,5926,74
2026-08-10,A. 0,Control,ul_pre_booster,UnlimitedBooster2,items,in_game_use,dream_peak,in_level,4087,12,86,86,,
2026-08-10,A. 0,Control,pre_level_booster,pre_level_booster_2,items,in_game_use,dream_peak,in_level,4087,18,25,25,,
2026-08-10,A. 0,Control,powerup,powerup_3,items,in_game_use,saga,in_level,4087,151,192,192,,
2026-08-04,D. 20-39,Variant,currency,HardCoin,coins,extra_moves,level_movesplus25,25,4917,39,41,4100,3595,505
2026-08-04,D. 20-39,Variant,currency,HardCoin,coins,extra_moves,level_movesplus20,20,4917,69,74,7400,6915,485
2026-08-10,E. 40-99,Control,ul_pre_booster,UnlimitedBooster2,items,in_game_use,dream_peak,in_level,3434,34,549,549,,
2026-08-10,E. 40-99,Control,currency,HardCoin,coins,purchase_pre_level_booster,map_pre_level_booster,pre_level_booster_3,3434,9,95,19000,1110,17890
2026-08-10,E. 40-99,Control,currency,HardCoin,coins,purchase_pre_level_booster,level_pre_level_booster,pre_level_booster_3,3434,2,2,400,200,200
2026-08-10,A. 0,Control,currency,HardCoin,coins,purchase_powerup,level_powerup,powerup_2,4087,3,3,450,450,0
2026-08-10,E. 40-99,Control,currency,HardCoin,coins,purchase_powerup,level_powerup,powerup_3,3434,16,20,4000,2795,1205
2026-08-10,E. 40-99,Control,currency,HardCoin,coins,purchase_pre_level_booster,map_pre_level_booster,pre_level_booster_2,3434,7,90,13500,750,12750
2026-08-04,D. 20-39,Variant,currency,HardCoin,coins,team_created,unknown,unknown,4917,7,7,1050,1050,0
2026-08-04,D. 20-39,Variant,currency,HardCoin,coins,purchase_pre_level_booster,map_pre_level_booster,pre_level_booster_1,4917,4,33,3300,300,3000
2026-08-04,D. 20-39,Variant,currency,HardCoin,coins,purchase_pre_level_booster,map_pre_level_booster,pre_level_booster_2,4917,5,41,6150,600,5550
2026-08-08,B. 1-9,Variant,unlimited_lives,UnlimitedLives,items,in_game_use,saga,in_level,7420,4,10,10,,
2026-08-10,A. 0,Control,currency,HardCoin,coins,extra_moves,level_movesplus25,25,4087,1,1,100,100,0
2026-08-10,A. 0,Control,life,life,items,in_game_use,saga,in_level,4087,990,3521,3521,,
2026-08-08,B. 1-9,Variant,currency,HardCoin,coins,extra_moves,level_movesplus5,5,7420,1532,2135,213600,201949,11651
2026-08-08,B. 1-9,Variant,powerup,powerup_1,items,in_game_use,saga,in_level,7420,788,1061,1061,,
2026-08-08,B. 1-9,Variant,pre_level_booster,pre_level_booster_3,items,in_game_use,saga,in_level,7420,1533,2132,2132,,
2026-08-08,B. 1-9,Variant,powerup,powerup_2,items,in_game_use,saga,in_level,7420,1866,3688,3688,,
2026-08-08,B. 1-9,Variant,ul_pre_booster,UnlimitedBooster3,items,in_game_use,saga,in_level,7420,129,1199,1199,,
2026-08-10,A. 0,Control,pre_level_booster,pre_level_booster_1,items,in_game_use,saga,in_level,4087,244,295,295,,
2026-08-10,E. 40-99,Control,powerup,powerup_3,items,in_game_use,saga,in_level,3434,2652,9771,9771,,
2026-08-10,E. 40-99,Control,pre_level_booster,pre_level_booster_1,items,in_game_use,saga,in_level,3434,2337,9212,9212,,
2026-08-10,E. 40-99,Control,powerup,powerup_2,items,in_game_use,saga,in_level,3434,2541,8731,8731,,
2026-08-10,A. 0,Control,pre_level_booster,pre_level_booster_3,items,in_game_use,saga,in_level,4087,130,141,141,,
2026-08-04,D. 20-39,Variant,pre_level_booster,pre_level_booster_1,items,in_game_use,saga,in_level,4917,2690,6681,6681,,
2026-08-08,B. 1-9,Variant,pre_level_booster,pre_level_booster_1,items,in_game_use,dream_peak,in_level,7420,5,6,6,,
2026-08-08,B. 1-9,Variant,currency,HardCoin,coins,purchase_pre_level_booster,map_pre_level_booster,pre_level_booster_2,7420,6,6,900,750,150
2026-08-04,D. 20-39,Variant,ul_pre_booster,UnlimitedBooster1,items,in_game_use,dream_peak,in_level,4917,67,704,704,,
2026-08-04,D. 20-39,Variant,powerup,powerup_1,items,in_game_use,dream_peak,in_level,4917,99,162,162,,
2026-08-04,D. 20-39,Variant,ul_pre_booster,UnlimitedBooster2,items,in_game_use,saga,in_level,4917,629,6224,6224,,
2026-08-04,D. 20-39,Variant,ul_pre_booster,UnlimitedBooster3,items,in_game_use,saga,in_level,4917,185,1937,1937,,
2026-08-04,D. 20-39,Variant,currency,HardCoin,coins,extra_moves,level_movesplus10,10,4917,114,125,12500,11481,1019
2026-08-04,D. 20-39,Variant,currency,HardCoin,coins,extra_moves,level_movesplus40,40,4917,17,17,1700,1625,75
2026-08-10,E. 40-99,Control,ul_pre_booster,UnlimitedBooster3,items,in_game_use,dream_peak,in_level,3434,54,779,779,,
2026-08-10,E. 40-99,Control,currency,HardCoin,coins,purchase_pre_level_booster,map_pre_level_booster,pre_level_booster_1,3434,7,76,7600,600,7000
2026-08-10,E. 40-99,Control,currency,HardCoin,coins,extra_moves,level_movesplus45,45,3434,26,31,3100,2643,457
2026-08-10,E. 40-99,Control,currency,HardCoin,coins,extra_moves,level_movesplus40,40,3434,49,51,5100,4705,395
2026-08-10,A. 0,Control,pre_level_booster,pre_level_booster_1,items,in_game_use,dream_peak,in_level,4087,16,25,25,,
2026-08-10,A. 0,Control,pre_level_booster,pre_level_booster_3,items,in_game_use,dream_peak,in_level,4087,14,22,22,,
2026-08-10,A. 0,Control,powerup,powerup_2,items,in_game_use,dream_peak,in_level,4087,19,26,26,,
2026-08-10,A. 0,Control,powerup,powerup_3,items,in_game_use,dream_peak,in_level,4087,17,32,32,,
2026-08-10,E. 40-99,Control,life,life,items,in_game_use,dream_peak,in_level,3434,89,3907,3907,,
2026-08-10,A. 0,Control,currency,HardCoin,coins,purchase_powerup,level_powerup,powerup_3,4087,1,1,200,195,5
2026-08-10,A. 0,Control,ul_pre_booster,UnlimitedBooster3,items,in_game_use,saga,in_level,4087,7,11,11,,
2026-08-10,A. 0,Control,currency,HardCoin,coins,purchase_pre_level_booster,map_pre_level_booster,pre_level_booster_1,4087,6,6,600,600,0
2026-08-04,D. 20-39,Variant,currency,HardCoin,coins,purchase_powerup,level_powerup,powerup_3,4917,11,18,3600,2285,1315
2026-08-04,D. 20-39,Variant,currency,HardCoin,coins,extra_moves,level_movesplus45,45,4917,16,16,1600,1410,190
2026-08-04,D. 20-39,Variant,currency,HardCoin,coins,purchase_powerup,level_powerup,powerup_1,4917,3,3,1500,1500,0
2026-08-10,A. 0,Control,currency,HardCoin,coins,extra_moves,level_movesplus15,15,4087,4,4,400,400,0
2026-08-08,B. 1-9,Variant,currency,HardCoin,coins,purchase_pre_level_booster,level_pre_level_booster,pre_level_booster_1,7420,4,4,400,400,0
2026-08-08,B. 1-9,Variant,ul_pre_booster,UnlimitedBooster2,items,in_game_use,dream_peak,in_level,7420,10,71,71,,
2026-08-08,B. 1-9,Variant,life,LifeReward,items,in_game_use,saga,in_level,7420,2,10,10,,
2026-08-10,A. 0,Control,ul_pre_booster,UnlimitedBooster3,items,in_game_use,dream_peak,in_level,4087,2,15,15,,
2026-08-08,B. 1-9,Variant,currency,HardCoin,coins,purchase_pre_level_booster,map_pre_level_booster,pre_level_booster_3,7420,9,9,1800,1430,370
2026-08-10,E. 40-99,Control,currency,HardCoin,coins,purchase_pre_level_booster,level_pre_level_booster,pre_level_booster_2,3434,1,1,150,100,50
2026-08-08,B. 1-9,Variant,currency,HardCoin,coins,purchase_pre_level_booster,level_pre_level_booster,pre_level_booster_3,7420,1,1,200,200,0
2026-08-09,B. 1-9,Variant,life,life,items,in_game_use,saga,in_level,7378,5575,31992,31992,,
2026-08-09,B. 1-9,Variant,powerup,powerup_3,items,in_game_use,saga,in_level,7378,1643,2524,2524,,
2026-08-09,B. 1-9,Variant,pre_level_booster,pre_level_booster_2,items,in_game_use,saga,in_level,7378,2218,3683,3683,,
2026-08-05,B. 1-9,Control,pre_level_booster,pre_level_booster_3,items,in_game_use,saga,in_level,7431,1294,1763,1763,,
2026-08-05,A. 0,Control,ul_pre_booster,UnlimitedBooster2,items,in_game_use,dream_peak,in_level,4810,282,5139,5139,,
2026-08-05,A. 0,Control,pre_level_booster,pre_level_booster_3,items,in_game_use,dream_peak,in_level,4810,274,533,533,,
2026-08-05,A. 0,Control,powerup,powerup_3,items,in_game_use,saga,in_level,4810,174,207,207,,
2026-08-05,A. 0,Control,currency,HardCoin,coins,purchase_lives,level_lives,purchase_lives,4810,33,51,2550,1715,835
2026-08-05,B. 1-9,Control,currency,HardCoin,coins,extra_moves,level_movesplus30,30,7431,41,42,4200,4075,125
2026-08-05,A. 0,Control,currency,HardCoin,coins,purchase_lives,map_lives,purchase_lives,4810,31,43,2150,1327,823
2026-08-05,A. 0,Control,pre_level_booster,pre_level_booster_2,items,in_game_use,saga,in_level,4810,259,302,302,,
2026-08-05,A. 0,Control,pre_level_booster,pre_level_booster_3,items,in_game_use,saga,in_level,4810,129,138,138,,
2026-08-05,A. 0,Control,currency,HardCoin,coins,extra_moves,level_movesplus25,25,4810,12,12,1200,1127,73
2026-08-03,A. 0,Variant,powerup,powerup_2,items,in_game_use,dream_peak,in_level,3994,12,21,21,,
2026-08-03,F. 100+,Variant,ul_pre_booster,UnlimitedBooster1,items,in_game_use,saga,in_level,417,358,6441,6441,,
2026-08-03,A. 0,Variant,pre_level_booster,pre_level_booster_3,items,in_game_use,saga,in_level,3994,146,172,172,,
2026-08-03,A. 0,Variant,powerup,powerup_1,items,in_game_use,saga,in_level,3994,59,67,67,,
2026-08-03,A. 0,Variant,currency,HardCoin,coins,extra_moves,level_movesplus5,5,3994,55,64,6400,6330,70
2026-08-03,F. 100+,Variant,powerup,powerup_2,items,in_game_use,saga,in_level,417,368,2351,2351,,
2026-08-03,F. 100+,Variant,life,life,items,in_game_use,saga,in_level,417,346,4865,4865,,
2026-08-03,F. 100+,Variant,pre_level_booster,pre_level_booster_3,items,in_game_use,saga,in_level,417,300,1441,1441,,
2026-08-03,F. 100+,Variant,currency,HardCoin,coins,extra_moves,level_movesplus5,5,417,366,2099,209900,203042,6858
2026-08-03,F. 100+,Variant,currency,HardCoin,coins,extra_moves,level_movesplus50,50,417,24,31,3100,2941,159
2026-08-07,C. 10-19,Variant,life,life,items,in_game_use,saga,in_level,5738,4219,37660,37660,,
2026-08-07,C. 10-19,Variant,pre_level_booster,pre_level_booster_3,items,in_game_use,saga,in_level,5738,2120,3633,3633,,
2026-08-07,C. 10-19,Variant,currency,HardCoin,coins,extra_moves,level_movesplus10,10,5738,94,102,10200,9079,1121
2026-08-07,C. 10-19,Variant,life,life,items,in_game_use,dream_peak,in_level,5738,17,183,183,,
2026-08-07,C. 10-19,Variant,powerup,powerup_2,items,in_game_use,dream_peak,in_level,5738,18,30,30,,
2026-08-03,A. 0,Variant,currency,HardCoin,coins,extra_moves,level_movesplus30,30,3994,1,1,100,100,0
2026-08-05,B. 1-9,Control,ul_pre_booster,UnlimitedBooster3,items,in_game_use,dream_peak,in_level,7431,3,19,19,,
2026-08-05,B. 1-9,Control,ul_pre_booster,UnlimitedBooster1,items,in_game_use,dream_peak,in_level,7431,1,28,28,,
2026-08-05,B. 1-9,Control,pre_level_booster,pre_level_booster_3,items,in_game_use,dream_peak,in_level,7431,1,1,1,,
2026-08-05,B. 1-9,Control,currency,HardCoin,coins,extra_moves,level_movesplus45,45,7431,14,14,1400,1338,62
2026-08-05,B. 1-9,Control,currency,HardCoin,coins,extra_moves,level_movesplus20,20,7431,73,76,7600,7267,333
2026-08-06,D. 20-39,Variant,life,life,items,in_game_use,saga,in_level,4775,3765,43193,43193,,
2026-08-06,D. 20-39,Variant,pre_level_booster,pre_level_booster_1,items,in_game_use,saga,in_level,4775,2463,6098,6098,,
2026-08-06,D. 20-39,Variant,currency,HardCoin,coins,extra_moves,level_movesplus5,5,4775,2590,5418,541800,502597,39203
2026-08-06,C. 10-19,Variant,pre_level_booster,pre_level_booster_3,items,in_game_use,saga,in_level,5682,1880,3080,3080,,
2026-08-06,C. 10-19,Variant,powerup,powerup_1,items,in_game_use,saga,in_level,5682,1598,2438,2438,,
2026-08-06,C. 10-19,Variant,currency,HardCoin,coins,extra_moves,level_movesplus5,5,5682,2155,3543,354300,322004,32296
2026-08-06,C. 10-19,Variant,pre_level_booster,pre_level_booster_2,items,in_game_use,saga,in_level,5682,2391,5083,5083,,
2026-08-06,D. 20-39,Variant,ul_pre_booster,UnlimitedBooster2,items,in_game_use,saga,in_level,4775,902,7839,7839,,
2026-08-06,D. 20-39,Variant,powerup,powerup_2,items,in_game_use,saga,in_level,4775,2699,7330,7330,,
2026-08-06,C. 10-19,Variant,currency,HardCoin,coins,purchase_pre_level_booster,map_pre_level_booster,pre_level_booster_1,5682,16,26,2600,1500,1100
2026-08-06,C. 10-19,Variant,powerup,powerup_2,items,in_game_use,dream_peak,in_level,5682,27,64,64,,
2026-08-06,C. 10-19,Variant,ul_pre_booster,UnlimitedBooster2,items,in_game_use,dream_peak,in_level,5682,11,125,125,,
2026-08-06,C. 10-19,Variant,ul_pre_booster,UnlimitedBooster3,items,in_game_use,dream_peak,in_level,5682,5,83,83,,
2026-08-06,D. 20-39,Variant,currency,HardCoin,coins,purchase_lives,map_lives,purchase_lives,4775,60,64,3200,1784,1416
2026-08-09,B. 1-9,Variant,powerup,powerup_2,items,in_game_use,saga,in_level,7378,1831,3462,3462,,
2026-08-02,D. 20-39,Control,powerup,powerup_3,items,in_game_use,saga,in_level,4544,2720,6900,6900,,
2026-08-02,D. 20-39,Control,powerup,powerup_1,items,in_game_use,saga,in_level,4544,1843,3502,3502,,
2026-08-02,D. 20-39,Control,powerup,powerup_2,items,in_game_use,saga,in_level,4544,2521,6642,6642,,
2026-08-02,D. 20-39,Control,pre_level_booster,pre_level_booster_2,items,in_game_use,saga,in_level,4544,2390,7276,7276,,
2026-08-02,D. 20-39,Control,currency,HardCoin,coins,extra_moves,level_movesplus40,40,4544,11,11,1100,925,175
2026-08-02,D. 20-39,Control,currency,HardCoin,coins,extra_moves,level_movesplus10,10,4544,124,136,13600,13310,290
2026-08-02,D. 20-39,Control,currency,HardCoin,coins,purchase_powerup,level_powerup,powerup_3,4544,8,10,2000,2000,0
2026-08-03,F. 100+,Variant,currency,HardCoin,coins,extra_moves,level_movesplus45,45,417,4,5,500,500,0
2026-08-06,D. 20-39,Variant,currency,HardCoin,coins,purchase_powerup,level_powerup,powerup_2,4775,19,20,3000,3000,0
2026-08-09,B. 1-9,Variant,currency,HardCoin,coins,purchase_lives,map_lives,purchase_lives,7378,55,64,3200,1976,1224
2026-08-09,B. 1-9,Variant,currency,HardCoin,coins,extra_moves,level_movesplus30,30,7378,29,29,2900,2708,192
2026-08-06,C. 10-19,Variant,currency,HardCoin,coins,level_movesplus5,level_movesplus5,level_movesplus5,5682,1,2,200,200,0
2026-08-05,B. 1-9,Control,currency,HardCoin,coins,purchase_pre_level_booster,level_pre_level_booster,pre_level_booster_1,7431,3,3,300,300,0
2026-08-05,B. 1-9,Control,unlimited_lives,UnlimitedLives,items,in_game_use,saga,in_level,7431,1,5,5,,
2026-08-03,A. 0,Variant,pre_level_booster,pre_level_booster_2,items,in_game_use,dream_peak,in_level,3994,9,14,14,,
2026-08-03,F. 100+,Variant,currency,HardCoin,coins,extra_moves,level_movesplus25,25,417,13,15,1500,1475,25
2026-08-05,A. 0,Control,currency,HardCoin,coins,extra_moves,level_movesplus10,10,4810,10,10,1000,726,274
2026-08-02,D. 20-39,Control,life,life,items,in_game_use,dream_peak,in_level,4544,3,139,139,,
2026-08-02,D. 20-39,Control,pre_level_booster,pre_level_booster_1,items,in_game_use,dream_peak,in_level,4544,4,15,15,,
2026-08-02,D. 20-39,Control,pre_level_booster,pre_level_booster_2,items,in_game_use,dream_peak,in_level,4544,3,15,15,,
2026-08-02,D. 20-39,Control,powerup,powerup_3,items,in_game_use,dream_peak,in_level,4544,3,7,7,,
2026-08-06,C. 10-19,Variant,currency,HardCoin,coins,purchase_pre_level_booster,map_pre_level_booster,pre_level_booster_3,5682,7,23,4600,1000,3600
2026-08-05,A. 0,Control,currency,HardCoin,coins,extra_moves,level_movesplus15,15,4810,14,14,1400,1150,250
2026-08-05,A. 0,Control,currency,HardCoin,coins,extra_moves,level_movesplus30,30,4810,13,14,1400,977,423
2026-08-05,A. 0,Control,currency,HardCoin,coins,extra_moves,level_movesplus45,45,4810,2,2,200,200,0
2026-08-05,A. 0,Control,currency,HardCoin,coins,extra_moves,level_movesplus20,20,4810,16,17,1700,1500,200
2026-08-07,C. 10-19,Variant,currency,HardCoin,coins,team_created,unknown,unknown,5738,3,3,450,300,150
2026-08-06,C. 10-19,Variant,pre_level_booster,pre_level_booster_1,items,in_game_use,dream_peak,in_level,5682,19,36,36,,
2026-08-06,C. 10-19,Variant,pre_level_booster,pre_level_booster_2,items,in_game_use,dream_peak,in_level,5682,17,29,29,,
2026-08-06,C. 10-19,Variant,currency,HardCoin,coins,extra_moves,level_movesplus40,40,5682,15,15,1500,1120,380
2026-08-09,B. 1-9,Variant,pre_level_booster,pre_level_booster_3,items,in_game_use,dream_peak,in_level,7378,7,8,8,,
2026-08-03,A. 0,Variant,powerup,powerup_3,items,in_game_use,dream_peak,in_level,3994,9,11,11,,
2026-08-05,B. 1-9,Control,currency,HardCoin,coins,purchase_pre_level_booster,map_pre_level_booster,pre_level_booster_2,7431,2,2,300,300,0
2026-08-06,D. 20-39,Variant,currency,HardCoin,coins,purchase_pre_level_booster,map_pre_level_booster,pre_level_booster_3,4775,5,18,3600,800,2800
2026-08-09,B. 1-9,Variant,currency,HardCoin,coins,purchase_pre_level_booster,level_pre_level_booster,pre_level_booster_1,7378,1,1,100,100,0
2026-08-06,D. 20-39,Variant,powerup,powerup_2,items,in_game_use,dream_peak,in_level,4775,3,15,15,,
2026-08-03,A. 0,Variant,currency,HardCoin,coins,extra_moves,level_movesplus10,10,3994,1,1,100,100,0
2026-08-06,C. 10-19,Variant,currency,HardCoin,coins,purchase_powerup,level_powerup,powerup_1,5682,1,1,500,500,0
2026-08-02,D. 20-39,Control,ul_pre_booster,UnlimitedBooster3,items,in_game_use,dream_peak,in_level,4544,1,10,10,,
2026-08-03,A. 0,Variant,currency,HardCoin,coins,purchase_pre_level_booster,map_pre_level_booster,pre_level_booster_2,3994,1,1,150,150,0
2026-08-07,F. 100+,Control,ul_pre_booster,UnlimitedBooster1,items,in_game_use,saga,in_level,432,288,4660,4660,,
2026-08-07,F. 100+,Control,ul_pre_booster,UnlimitedBooster2,items,in_game_use,saga,in_level,432,236,2879,2879,,
2026-08-07,F. 100+,Control,currency,HardCoin,coins,purchase_lives,level_lives,purchase_lives,432,17,46,2300,1773,527
2026-08-07,F. 100+,Control,currency,HardCoin,coins,extra_moves,level_movesplus15,15,432,26,32,3200,3097,103
2026-08-07,F. 100+,Control,currency,HardCoin,coins,extra_moves,level_movesplus20,20,432,20,25,2500,2235,265
2026-08-07,F. 100+,Control,currency,HardCoin,coins,purchase_powerup,level_powerup,powerup_2,432,6,14,2100,2100,0
2026-08-07,F. 100+,Control,currency,HardCoin,coins,purchase_powerup,level_powerup,powerup_1,432,2,2,1000,1000,0
2026-08-07,F. 100+,Control,currency,HardCoin,coins,purchase_pre_level_booster,level_pre_level_booster,pre_level_booster_3,432,1,1,200,200,0
2026-08-07,F. 100+,Control,currency,HardCoin,coins,purchase_pre_level_booster,map_pre_level_booster,pre_level_booster_3,432,2,2,400,400,0
2026-08-07,F. 100+,Control,powerup,powerup_2,items,in_game_use,saga,in_level,432,398,2610,2610,,
2026-08-07,F. 100+,Control,powerup,powerup_3,items,in_game_use,saga,in_level,432,392,3532,3532,,
2026-08-07,F. 100+,Control,currency,HardCoin,coins,extra_moves,level_movesplus5,5,432,393,2544,254400,237172,17228
2026-08-07,F. 100+,Control,currency,HardCoin,coins,purchase_pre_level_booster,level_pre_level_booster,pre_level_booster_2,432,1,1,150,150,0
2026-08-07,F. 100+,Control,pre_level_booster,pre_level_booster_3,items,in_game_use,saga,in_level,432,319,1870,1870,,
2026-08-07,F. 100+,Control,pre_level_booster,pre_level_booster_2,items,in_game_use,saga,in_level,432,350,3617,3617,,
2026-08-07,F. 100+,Control,currency,HardCoin,coins,extra_moves,level_movesplus35,35,432,7,7,700,615,85
2026-08-07,F. 100+,Control,ul_pre_booster,UnlimitedBooster3,items,in_game_use,saga,in_level,432,44,491,491,,
2026-08-07,F. 100+,Control,currency,HardCoin,coins,extra_moves,level_movesplus10,10,432,43,57,5700,5493,207
2026-08-07,F. 100+,Control,currency,HardCoin,coins,purchase_powerup,level_powerup,powerup_3,432,4,5,1000,1000,0
2026-08-07,F. 100+,Control,currency,HardCoin,coins,extra_moves,level_movesplus30,30,432,4,4,400,400,0
2026-08-07,F. 100+,Control,currency,HardCoin,coins,purchase_pre_level_booster,map_pre_level_booster,pre_level_booster_1,432,1,1,100,100,0
2026-08-10,C. 10-19,Control,powerup,powerup_3,items,in_game_use,saga,in_level,6245,2956,5754,5754,,
2026-08-10,C. 10-19,Control,powerup,powerup_2,items,in_game_use,saga,in_level,6245,2856,6016,6016,,
2026-08-10,C. 10-19,Control,pre_level_booster,pre_level_booster_1,items,in_game_use,saga,in_level,6245,3023,5938,5938,,
2026-08-09,C. 10-19,Variant,life,life,items,in_game_use,saga,in_level,5866,4726,41198,41198,,
2026-08-09,C. 10-19,Variant,ul_pre_booster,UnlimitedBooster1,items,in_game_use,saga,in_level,5866,1333,9466,9466,,
2026-08-09,C. 10-19,Variant,currency,HardCoin,coins,purchase_lives,level_lives,purchase_lives,5866,118,161,8050,5455,2595
2026-08-09,C. 10-19,Variant,powerup,powerup_1,items,in_game_use,saga,in_level,5866,1186,1760,1760,,
2026-08-09,C. 10-19,Variant,powerup,powerup_3,items,in_game_use,saga,in_level,5866,2241,3794,3794,,
2026-08-09,C. 10-19,Variant,currency,HardCoin,coins,extra_moves,level_movesplus5,5,5866,2179,3738,373800,342267,31533
2026-08-09,C. 10-19,Variant,currency,HardCoin,coins,extra_moves,level_movesplus30,30,5866,32,32,3200,2965,235
2026-08-09,C. 10-19,Variant,currency,HardCoin,coins,extra_moves,level_movesplus15,15,5866,76,79,7900,7485,415
2026-08-10,C. 10-19,Control,currency,HardCoin,coins,extra_moves,level_movesplus25,25,6245,66,70,7000,6825,175
2026-08-02,B. 1-9,Variant,pre_level_booster,pre_level_booster_3,items,in_game_use,saga,in_level,7387,1277,1751,1751,,
2026-08-02,B. 1-9,Variant,pre_level_booster,pre_level_booster_2,items,in_game_use,saga,in_level,7387,2028,3366,3366,,
2026-08-02,B. 1-9,Variant,ul_pre_booster,UnlimitedBooster2,items,in_game_use,saga,in_level,7387,657,3704,3704,,
2026-08-02,B. 1-9,Variant,currency,HardCoin,coins,extra_moves,level_movesplus15,15,7387,64,64,6400,5997,403
2026-08-02,B. 1-9,Variant,currency,HardCoin,coins,purchase_pre_level_booster,map_pre_level_booster,pre_level_booster_1,7387,12,12,1200,1200,0
2026-08-10,C. 10-19,Control,ul_pre_booster,UnlimitedBooster3,items,in_game_use,saga,in_level,6245,189,2110,2110,,
2026-08-10,C. 10-19,Control,currency,HardCoin,coins,purchase_lives,level_lives,purchase_lives,6245,181,260,13000,8881,4119
2026-08-09,C. 10-19,Variant,currency,HardCoin,coins,extra_moves,level_movesplus25,25,5866,30,30,3000,2668,332
2026-08-02,B. 1-9,Variant,ul_pre_booster,UnlimitedBooster3,items,in_game_use,dream_peak,in_level,7387,3,36,36,,
2026-08-02,B. 1-9,Variant,currency,HardCoin,coins,extra_moves,level_movesplus45,45,7387,12,12,1200,1056,144
2026-08-09,C. 10-19,Variant,currency,HardCoin,coins,purchase_pre_level_booster,level_pre_level_booster,pre_level_booster_3,5866,2,2,400,400,0
2026-08-09,C. 10-19,Variant,currency,HardCoin,coins,extra_moves,level_movesplus35,35,5866,25,26,2600,2600,0
2026-08-10,C. 10-19,Control,currency,HardCoin,coins,purchase_pre_level_booster,map_pre_level_booster,pre_level_booster_1,6245,17,28,2800,1400,1400
2026-08-02,B. 1-9,Variant,currency,HardCoin,coins,purchase_powerup,level_powerup,powerup_2,7387,10,11,1650,1650,0
2026-08-09,C. 10-19,Variant,powerup,powerup_2,items,in_game_use,dream_peak,in_level,5866,9,24,24,,
2026-08-09,C. 10-19,Variant,powerup,powerup_3,items,in_game_use,dream_peak,in_level,5866,5,9,9,,
2026-08-09,C. 10-19,Variant,pre_level_booster,pre_level_booster_1,items,in_game_use,dream_peak,in_level,5866,3,5,5,,
2026-08-09,C. 10-19,Variant,currency,HardCoin,coins,purchase_pre_level_booster,map_pre_level_booster,pre_level_booster_2,5866,5,14,2100,300,1800
2026-08-02,B. 1-9,Variant,currency,HardCoin,coins,purchase_pre_level_booster,map_pre_level_booster,pre_level_booster_2,7387,2,2,300,150,150
2026-08-10,C. 10-19,Control,pre_level_booster,pre_level_booster_2,items,in_game_use,saga,in_level,6245,3079,6949,6949,,
2026-08-10,C. 10-19,Control,currency,HardCoin,coins,extra_moves,level_movesplus15,15,6245,115,120,12000,11202,798
2026-08-10,C. 10-19,Control,powerup,powerup_1,items,in_game_use,saga,in_level,6245,2158,3284,3284,,
2026-08-10,C. 10-19,Control,ul_pre_booster,UnlimitedBooster1,items,in_game_use,saga,in_level,6245,1839,11739,11739,,
2026-08-09,C. 10-19,Variant,powerup,powerup_2,items,in_game_use,saga,in_level,5866,2375,5164,5164,,
2026-08-09,C. 10-19,Variant,currency,HardCoin,coins,extra_moves,level_movesplus10,10,5866,87,90,9000,8555,445
2026-08-10,C. 10-19,Control,currency,HardCoin,coins,extra_moves,level_movesplus10,10,6245,139,152,15200,14727,473
2026-08-02,B. 1-9,Variant,pre_level_booster,pre_level_booster_1,items,in_game_use,saga,in_level,7387,2344,3773,3773,,
2026-08-02,B. 1-9,Variant,currency,HardCoin,coins,purchase_lives,map_lives,purchase_lives,7387,56,60,3000,1655,1345
2026-08-02,B. 1-9,Variant,powerup,powerup_1,items,in_game_use,saga,in_level,7387,732,959,959,,
2026-08-02,B. 1-9,Variant,ul_pre_booster,UnlimitedBooster3,items,in_game_use,saga,in_level,7387,137,1354,1354,,
2026-08-02,B. 1-9,Variant,currency,HardCoin,coins,purchase_powerup,level_powerup,powerup_3,7387,8,8,1600,1503,97
2026-08-02,B. 1-9,Variant,currency,HardCoin,coins,extra_moves,level_movesplus35,35,7387,19,19,1900,1855,45
2026-08-02,B. 1-9,Variant,currency,HardCoin,coins,extra_moves,level_movesplus40,40,7387,18,18,1800,1730,70
2026-08-02,B. 1-9,Variant,currency,HardCoin,coins,extra_moves,level_movesplus50,50,7387,100,105,10500,9684,816
2026-08-10,C. 10-19,Control,life,life,items,in_game_use,dream_peak,in_level,6245,121,1291,1291,,
2026-08-09,C. 10-19,Variant,currency,HardCoin,coins,purchase_pre_level_booster,map_pre_level_booster,pre_level_booster_3,5866,16,24,4800,2600,2200
2026-08-02,B. 1-9,Variant,pre_level_booster,pre_level_booster_2,items,in_game_use,dream_peak,in_level,7387,9,17,17,,
2026-08-02,B. 1-9,Variant,ul_pre_booster,UnlimitedBooster1,items,in_game_use,dream_peak,in_level,7387,8,57,57,,
2026-08-02,B. 1-9,Variant,currency,HardCoin,coins,purchase_pre_level_booster,level_pre_level_booster,pre_level_booster_2,7387,3,3,450,450,0
2026-08-10,C. 10-19,Control,powerup,powerup_2,items,in_game_use,dream_peak,in_level,6245,53,75,75,,
2026-08-10,C. 10-19,Control,ul_pre_booster,UnlimitedBooster2,items,in_game_use,dream_peak,in_level,6245,28,228,228,,
2026-08-10,C. 10-19,Control,currency,HardCoin,coins,extra_moves,level_movesplus45,45,6245,18,18,1800,1800,0
2026-08-09,C. 10-19,Variant,currency,HardCoin,coins,purchase_pre_level_booster,level_pre_level_booster,pre_level_booster_1,5866,2,2,200,200,0
2026-08-02,B. 1-9,Variant,life,life,items,in_game_use,dream_peak,in_level,7387,10,150,150,,
2026-08-10,C. 10-19,Control,currency,HardCoin,coins,purchase_pre_level_booster,map_pre_level_booster,pre_level_booster_2,6245,8,27,4050,750,3300
2026-08-10,C. 10-19,Control,powerup,powerup_1,items,in_game_use,dream_peak,in_level,6245,26,28,28,,
2026-08-10,C. 10-19,Control,currency,HardCoin,coins,team_created,unknown,unknown,6245,1,1,150,150,0
2026-08-02,B. 1-9,Variant,currency,HardCoin,coins,purchase_pre_level_booster,level_pre_level_booster,pre_level_booster_1,7387,4,4,400,400,0
2026-08-09,C. 10-19,Variant,currency,HardCoin,coins,purchase_powerup,level_powerup,powerup_2,5866,8,8,1200,1200,0
2026-08-09,C. 10-19,Variant,life,life,items,in_game_use,dream_peak,in_level,5866,7,44,44,,
2026-08-09,C. 10-19,Variant,pre_level_booster,pre_level_booster_3,items,in_game_use,dream_peak,in_level,5866,4,5,5,,
2026-08-09,C. 10-19,Variant,ul_pre_booster,UnlimitedBooster1,items,in_game_use,dream_peak,in_level,5866,3,89,89,,
2026-08-09,C. 10-19,Variant,currency,HardCoin,coins,team_created,unknown,unknown,5866,2,2,300,300,0
2026-08-10,C. 10-19,Control,pre_level_booster,pre_level_booster_3,items,in_game_use,saga,in_level,6245,2202,3726,3726,,
2026-08-10,C. 10-19,Control,life,life,items,in_game_use,saga,in_level,6245,4509,52141,52141,,
2026-08-10,C. 10-19,Control,ul_pre_booster,UnlimitedBooster2,items,in_game_use,saga,in_level,6245,1057,7378,7378,,
2026-08-10,C. 10-19,Control,currency,HardCoin,coins,extra_moves,level_movesplus40,40,6245,29,29,2900,2805,95
2026-08-10,C. 10-19,Control,currency,HardCoin,coins,extra_moves,level_movesplus35,35,6245,39,39,3900,3663,237
2026-08-10,C. 10-19,Control,currency,HardCoin,coins,extra_moves,level_movesplus50,50,6245,144,148,14800,14047,753
2026-08-02,B. 1-9,Variant,powerup,powerup_2,items,in_game_use,saga,in_level,7387,1777,3174,3174,,
2026-08-02,B. 1-9,Variant,powerup,powerup_3,items,in_game_use,saga,in_level,7387,1635,2420,2420,,
2026-08-02,B. 1-9,Variant,life,LifeReward,items,in_game_use,saga,in_level,7387,1,1,1,,
2026-08-02,B. 1-9,Variant,currency,HardCoin,coins,extra_moves,level_movesplus10,10,7387,97,100,10000,9850,150
2026-08-02,B. 1-9,Variant,currency,HardCoin,coins,purchase_lives,level_lives,purchase_lives,7387,109,129,6450,3497,2953
2026-08-10,C. 10-19,Control,currency,HardCoin,coins,extra_moves,level_movesplus30,30,6245,49,49,4900,4657,243
2026-08-09,C. 10-19,Variant,currency,HardCoin,coins,extra_moves,level_movesplus20,20,5866,47,48,4800,4700,100
2026-08-09,C. 10-19,Variant,currency,HardCoin,coins,purchase_pre_level_booster,map_pre_level_booster,pre_level_booster_1,5866,24,27,2700,2300,400
2026-08-02,B. 1-9,Variant,powerup,powerup_2,items,in_game_use,dream_peak,in_level,7387,11,28,28,,
2026-08-02,B. 1-9,Variant,pre_level_booster,pre_level_booster_1,items,in_game_use,dream_peak,in_level,7387,9,15,15,,
2026-08-02,B. 1-9,Variant,powerup,powerup_3,items,in_game_use,dream_peak,in_level,7387,9,20,20,,
2026-08-10,C. 10-19,Control,pre_level_booster,pre_level_booster_2,items,in_game_use,dream_peak,in_level,6245,44,60,60,,
2026-08-10,C. 10-19,Control,currency,HardCoin,coins,purchase_powerup,level_powerup,powerup_3,6245,7,7,1400,1220,180
2026-08-09,C. 10-19,Variant,currency,HardCoin,coins,purchase_powerup,level_powerup,powerup_3,5866,11,11,2200,2200,0
2026-08-02,B. 1-9,Variant,unlimited_lives,UnlimitedLives,items,in_game_use,saga,in_level,7387,1,1,1,,
2026-08-09,C. 10-19,Variant,currency,HardCoin,coins,purchase_lives,map_lives,purchase_lives,5866,64,75,3750,2242,1508
2026-08-10,C. 10-19,Control,currency,HardCoin,coins,purchase_pre_level_booster,level_pre_level_booster,pre_level_booster_1,6245,1,1,100,100,0
2026-08-10,C. 10-19,Control,currency,HardCoin,coins,purchase_pre_level_booster,level_pre_level_booster,pre_level_booster_2,6245,1,1,150,150,0
2026-08-09,C. 10-19,Variant,ul_pre_booster,UnlimitedBooster3,items,in_game_use,dream_peak,in_level,5866,3,51,51,,
2026-08-10,C. 10-19,Control,unlimited_lives,UnlimitedLives,items,in_game_use,saga,in_level,6245,1,2,2,,
2026-08-09,C. 10-19,Variant,powerup,powerup_1,items,in_game_use,dream_peak,in_level,5866,2,2,2,,
2026-08-09,C. 10-19,Variant,currency,HardCoin,coins,level_movesplus5,level_movesplus5,level_movesplus5,5866,1,6,600,600,0
2026-08-09,C. 10-19,Variant,currency,HardCoin,coins,purchase_powerup,level_powerup,powerup_1,5866,1,2,1000,1000,0
2026-08-02,B. 1-9,Variant,currency,HardCoin,coins,level_movesplus5,level_movesplus5,level_movesplus5,7387,1,1,100,100,0
2026-08-09,C. 10-19,Variant,life,LifeReward,items,in_game_use,saga,in_level,5866,1,20,20,,
2026-08-02,B. 1-9,Variant,powerup,powerup_1,items,in_game_use,dream_peak,in_level,7387,1,2,2,,
2026-08-09,C. 10-19,Control,pre_level_booster,pre_level_booster_2,items,in_game_use,saga,in_level,5851,2646,6059,6059,,
2026-08-09,C. 10-19,Control,pre_level_booster,pre_level_booster_1,items,in_game_use,saga,in_level,5851,2874,5862,5862,,
2026-08-09,C. 10-19,Control,powerup,powerup_3,items,in_game_use,saga,in_level,5851,2504,4722,4722,,
2026-08-09,C. 10-19,Control,ul_pre_booster,UnlimitedBooster1,items,in_game_use,saga,in_level,5851,899,6916,6916,,
2026-08-09,C. 10-19,Control,currency,HardCoin,coins,extra_moves,level_movesplus20,20,5851,64,68,6800,6385,415
2026-08-09,C. 10-19,Control,currency,HardCoin,coins,extra_moves,level_movesplus35,35,5851,35,35,3500,3228,272
2026-08-08,C. 10-19,Variant,pre_level_booster,pre_level_booster_1,items,in_game_use,saga,in_level,5766,2897,5439,5439,,
2026-08-08,C. 10-19,Variant,powerup,powerup_1,items,in_game_use,saga,in_level,5766,1264,1803,1803,,
2026-08-08,C. 10-19,Variant,pre_level_booster,pre_level_booster_3,items,in_game_use,saga,in_level,5766,1933,3255,3255,,
2026-08-08,C. 10-19,Variant,powerup,powerup_2,items,in_game_use,saga,in_level,5766,2367,5194,5194,,
2026-08-08,C. 10-19,Variant,currency,HardCoin,coins,extra_moves,level_movesplus10,10,5766,71,78,7800,7101,699
2026-08-08,C. 10-19,Variant,ul_pre_booster,UnlimitedBooster3,items,in_game_use,saga,in_level,5766,158,1698,1698,,
2026-08-08,C. 10-19,Variant,currency,HardCoin,coins,purchase_pre_level_booster,map_pre_level_booster,pre_level_booster_1,5766,27,30,3000,2600,400
2026-08-08,C. 10-19,Variant,currency,HardCoin,coins,purchase_powerup,level_powerup,powerup_2,5766,9,9,1350,1350,0
2026-08-08,C. 10-19,Variant,currency,HardCoin,coins,extra_moves,level_movesplus40,40,5766,22,22,2200,2200,0
2026-08-06,A. 0,Control,currency,HardCoin,coins,extra_moves,level_movesplus5,5,5113,603,1613,161300,123910,37390
2026-08-06,A. 0,Control,powerup,powerup_3,items,in_game_use,dream_peak,in_level,5113,595,1214,1214,,
2026-08-08,C. 10-19,Variant,currency,HardCoin,coins,purchase_powerup,level_powerup,powerup_1,5766,3,3,1500,1500,0
2026-08-08,C. 10-19,Variant,currency,HardCoin,coins,purchase_powerup,level_powerup,powerup_3,5766,9,9,1800,1800,0
2026-08-06,A. 0,Control,pre_level_booster,pre_level_booster_3,items,in_game_use,saga,in_level,5113,116,128,128,,
2026-08-06,A. 0,Control,powerup,powerup_2,items,in_game_use,saga,in_level,5113,137,179,179,,
2026-08-06,A. 0,Control,ul_pre_booster,UnlimitedBooster1,items,in_game_use,saga,in_level,5113,70,126,126,,
2026-08-03,D. 20-39,Control,ul_pre_booster,UnlimitedBooster2,items,in_game_use,saga,in_level,4815,1876,16427,16427,,
2026-08-03,D. 20-39,Control,pre_level_booster,pre_level_booster_1,items,in_game_use,saga,in_level,4815,2700,6878,6878,,
2026-08-03,D. 20-39,Control,ul_pre_booster,UnlimitedBooster3,items,in_game_use,saga,in_level,4815,414,5141,5141,,
2026-08-03,D. 20-39,Control,currency,HardCoin,coins,purchase_lives,map_lives,purchase_lives,4815,72,85,4250,2672,1578
2026-08-03,D. 20-39,Control,ul_pre_booster,UnlimitedBooster2,items,in_game_use,dream_peak,in_level,4815,84,1876,1876,,
2026-08-03,D. 20-39,Control,powerup,powerup_3,items,in_game_use,dream_peak,in_level,4815,114,237,237,,
2026-08-03,D. 20-39,Control,currency,HardCoin,coins,extra_moves,level_movesplus20,20,4815,88,99,9900,9190,710
2026-08-03,D. 20-39,Control,currency,HardCoin,coins,purchase_powerup,level_powerup,powerup_3,4815,9,9,1800,1800,0
2026-08-03,D. 20-39,Control,pre_level_booster,pre_level_booster_2,items,in_game_use,dream_peak,in_level,4815,90,153,153,,
2026-08-03,D. 20-39,Control,pre_level_booster,pre_level_booster_3,items,in_game_use,dream_peak,in_level,4815,48,64,64,,
2026-08-03,D. 20-39,Control,currency,HardCoin,coins,purchase_pre_level_booster,map_pre_level_booster,pre_level_booster_3,4815,10,41,8200,1800,6400
2026-08-03,D. 20-39,Control,currency,HardCoin,coins,extra_moves,level_movesplus45,45,4815,18,19,1900,1845,55
2026-08-06,A. 0,Control,currency,HardCoin,coins,extra_moves,level_movesplus10,10,5113,18,18,1800,1470,330
2026-08-06,A. 0,Control,currency,HardCoin,coins,extra_moves,level_movesplus25,25,5113,18,19,1900,1680,220
2026-08-06,A. 0,Control,ul_pre_booster,UnlimitedBooster2,items,in_game_use,saga,in_level,5113,41,87,87,,
2026-08-09,C. 10-19,Control,currency,HardCoin,coins,extra_moves,level_movesplus30,30,5851,40,40,4000,3355,645
2026-08-09,C. 10-19,Control,currency,HardCoin,coins,purchase_pre_level_booster,map_pre_level_booster,pre_level_booster_3,5851,32,49,9800,4875,4925
2026-08-09,C. 10-19,Control,powerup,powerup_2,items,in_game_use,dream_peak,in_level,5851,11,25,25,,
2026-08-09,C. 10-19,Control,pre_level_booster,pre_level_booster_2,items,in_game_use,dream_peak,in_level,5851,10,22,22,,
2026-08-06,A. 0,Control,currency,HardCoin,coins,extra_moves,level_movesplus35,35,5113,8,8,800,700,100
2026-08-08,C. 10-19,Variant,pre_level_booster,pre_level_booster_1,items,in_game_use,dream_peak,in_level,5766,7,29,29,,
2026-08-03,D. 20-39,Control,currency,HardCoin,coins,team_created,unknown,unknown,4815,4,4,600,600,0
2026-08-09,C. 10-19,Control,currency,HardCoin,coins,purchase_pre_level_booster,map_pre_level_booster,pre_level_booster_2,5851,10,25,3750,750,3000
2026-08-03,D. 20-39,Control,currency,HardCoin,coins,purchase_pre_level_booster,level_pre_level_booster,pre_level_booster_2,4815,1,1,150,150,0
2026-08-09,C. 10-19,Control,ul_pre_booster,UnlimitedBooster2,items,in_game_use,dream_peak,in_level,5851,3,49,49,,
2026-08-09,A. 0,Variant,powerup,powerup_3,items,in_game_use,saga,in_level,5301,170,211,211,,
2026-08-09,A. 0,Variant,powerup,powerup_2,items,in_game_use,saga,in_level,5301,176,251,251,,
2026-08-10,F. 100+,Variant,ul_pre_booster,UnlimitedBooster2,items,in_game_use,saga,in_level,501,257,3763,3763,,
2026-08-10,F. 100+,Variant,pre_level_booster,pre_level_booster_2,items,in_game_use,saga,in_level,501,374,2152,2152,,
2026-08-10,F. 100+,Variant,ul_pre_booster,UnlimitedBooster3,items,in_game_use,saga,in_level,501,75,1041,1041,,
2026-08-10,F. 100+,Variant,currency,HardCoin,coins,extra_moves,level_movesplus30,30,501,15,18,1800,1612,188
2026-08-09,A. 0,Variant,ul_pre_booster,UnlimitedBooster1,items,in_game_use,dream_peak,in_level,5301,284,3963,3963,,
2026-08-09,A. 0,Variant,pre_level_booster,pre_level_booster_1,items,in_game_use,dream_peak,in_level,5301,458,1073,1073,,
2026-08-09,A. 0,Variant,pre_level_booster,pre_level_booster_2,items,in_game_use,saga,in_level,5301,329,420,420,,
2026-08-09,A. 0,Variant,ul_pre_booster,UnlimitedBooster1,items,in_game_use,saga,in_level,5301,93,196,196,,
2026-08-09,A. 0,Variant,ul_pre_booster,UnlimitedBooster2,items,in_game_use,saga,in_level,5301,47,92,92,,
2026-08-09,A. 0,Variant,powerup,powerup_1,items,in_game_use,dream_peak,in_level,5301,466,1017,1017,,
2026-08-09,A. 0,Variant,currency,HardCoin,coins,purchase_powerup,level_powerup,powerup_2,5301,7,10,1500,1500,0
2026-08-09,A. 0,Variant,currency,HardCoin,coins,extra_moves,level_movesplus35,35,5301,8,8,800,735,65
2026-08-10,F. 100+,Variant,currency,HardCoin,coins,extra_moves,level_movesplus40,40,501,3,3,300,300,0
2026-08-09,A. 0,Variant,currency,HardCoin,coins,purchase_powerup,level_powerup,powerup_3,5301,10,14,2800,2748,52
2026-08-09,A. 0,Variant,currency,HardCoin,coins,purchase_pre_level_booster,map_pre_level_booster,pre_level_booster_2,5301,6,6,900,900,0
2026-08-10,F. 100+,Variant,currency,HardCoin,coins,team_created,unknown,unknown,501,2,2,300,300,0
2026-08-09,A. 0,Variant,life,life,items,in_game_use,saga,in_level,5301,1590,6847,6847,,
2026-08-09,A. 0,Variant,currency,HardCoin,coins,extra_moves,level_movesplus5,5,5301,606,1970,197000,168105,28895
2026-08-10,F. 100+,Variant,life,life,items,in_game_use,saga,in_level,501,418,6237,6237,,
2026-08-10,F. 100+,Variant,currency,HardCoin,coins,extra_moves,level_movesplus5,5,501,448,2568,256800,244257,12543
2026-08-10,F. 100+,Variant,currency,HardCoin,coins,extra_moves,level_movesplus10,10,501,43,55,5500,5402,98
2026-08-10,F. 100+,Variant,currency,HardCoin,coins,purchase_lives,level_lives,purchase_lives,501,15,23,1150,842,308
2026-08-10,F. 100+,Variant,currency,HardCoin,coins,purchase_lives,map_lives,purchase_lives,501,7,9,450,275,175
2026-08-09,A. 0,Variant,ul_pre_booster,UnlimitedBooster3,items,in_game_use,dream_peak,in_level,5301,311,3730,3730,,
2026-08-09,A. 0,Variant,ul_pre_booster,UnlimitedBooster2,items,in_game_use,dream_peak,in_level,5301,267,3688,3688,,
2026-08-09,A. 0,Variant,powerup,powerup_2,items,in_game_use,dream_peak,in_level,5301,615,1389,1389,,
2026-08-09,A. 0,Variant,pre_level_booster,pre_level_booster_3,items,in_game_use,saga,in_level,5301,181,201,201,,
2026-08-09,A. 0,Variant,ul_pre_booster,UnlimitedBooster3,items,in_game_use,saga,in_level,5301,13,26,26,,
2026-08-09,A. 0,Variant,currency,HardCoin,coins,extra_moves,level_movesplus15,15,5301,27,30,3000,2703,297
2026-08-09,A. 0,Variant,currency,HardCoin,coins,extra_moves,level_movesplus10,10,5301,22,23,2300,1962,338
2026-08-10,F. 100+,Variant,currency,HardCoin,coins,purchase_pre_level_booster,map_pre_level_booster,pre_level_booster_2,501,2,3,450,450,0
2026-08-10,F. 100+,Variant,currency,HardCoin,coins,purchase_pre_level_booster,map_pre_level_booster,pre_level_booster_3,501,2,4,800,800,0
2026-08-09,A. 0,Variant,currency,HardCoin,coins,purchase_lives,level_lives,purchase_lives,5301,56,78,3900,2298,1602
2026-08-09,A. 0,Variant,currency,HardCoin,coins,extra_moves,level_movesplus45,45,5301,12,14,1400,1250,150
2026-08-09,A. 0,Variant,currency,HardCoin,coins,extra_moves,level_movesplus30,30,5301,11,11,1100,805,295
2026-08-10,F. 100+,Variant,currency,HardCoin,coins,purchase_powerup,level_powerup,powerup_1,501,2,2,1000,1000,0
2026-08-10,F. 100+,Variant,currency,HardCoin,coins,purchase_powerup,level_powerup,powerup_2,501,3,5,750,600,150
2026-08-10,F. 100+,Variant,currency,HardCoin,coins,purchase_pre_level_booster,map_pre_level_booster,pre_level_booster_1,501,2,5,500,500,0
2026-08-09,A. 0,Variant,currency,HardCoin,coins,purchase_pre_level_booster,map_pre_level_booster,pre_level_booster_3,5301,2,2,400,400,0
2026-08-09,A. 0,Variant,currency,HardCoin,coins,level_movesplus5,level_movesplus5,level_movesplus5,5301,1,2,200,200,0
2026-08-10,F. 100+,Variant,pre_level_booster,pre_level_booster_1,items,in_game_use,saga,in_level,501,400,2023,2023,,
2026-08-10,F. 100+,Variant,powerup,powerup_2,items,in_game_use,saga,in_level,501,448,2982,2982,,
2026-08-10,F. 100+,Variant,powerup,powerup_3,items,in_game_use,saga,in_level,501,441,3713,3713,,
2026-08-10,F. 100+,Variant,pre_level_booster,pre_level_booster_3,items,in_game_use,saga,in_level,501,358,1640,1640,,
2026-08-10,F. 100+,Variant,ul_pre_booster,UnlimitedBooster1,items,in_game_use,saga,in_level,501,421,7422,7422,,
2026-08-10,F. 100+,Variant,currency,HardCoin,coins,extra_moves,level_movesplus15,15,501,20,21,2100,1873,227
2026-08-10,F. 100+,Variant,currency,HardCoin,coins,extra_moves,level_movesplus25,25,501,17,22,2200,2192,8
2026-08-10,F. 100+,Variant,currency,HardCoin,coins,extra_moves,level_movesplus50,50,501,32,36,3600,3457,143
2026-08-09,A. 0,Variant,life,life,items,in_game_use,dream_peak,in_level,5301,844,35249,35249,,
2026-08-09,A. 0,Variant,currency,HardCoin,coins,extra_moves,level_movesplus50,50,5301,61,74,7400,6182,1218
2026-08-09,A. 0,Variant,pre_level_booster,pre_level_booster_2,items,in_game_use,dream_peak,in_level,5301,360,830,830,,
2026-08-09,A. 0,Variant,pre_level_booster,pre_level_booster_3,items,in_game_use,dream_peak,in_level,5301,357,700,700,,
2026-08-09,A. 0,Variant,currency,HardCoin,coins,extra_moves,level_movesplus40,40,5301,14,15,1500,1069,431
2026-08-09,A. 0,Variant,currency,HardCoin,coins,extra_moves,level_movesplus25,25,5301,16,16,1600,1302,298
2026-08-10,F. 100+,Variant,currency,HardCoin,coins,extra_moves,level_movesplus35,35,501,18,18,1800,1436,364
2026-08-09,A. 0,Variant,currency,HardCoin,coins,purchase_pre_level_booster,map_pre_level_booster,pre_level_booster_1,5301,7,7,700,700,0
2026-08-09,A. 0,Variant,currency,HardCoin,coins,purchase_powerup,level_powerup,powerup_1,5301,1,1,500,500,0
2026-08-09,D. 20-39,Variant,pre_level_booster,pre_level_booster_2,items,in_game_use,saga,in_level,5111,2390,5941,5941,,
2026-08-09,D. 20-39,Variant,pre_level_booster,pre_level_booster_3,items,in_game_use,saga,in_level,5111,2033,3946,3946,,
2026-08-09,D. 20-39,Variant,currency,HardCoin,coins,extra_moves,level_movesplus50,50,5111,91,98,9800,8467,1333
2026-08-09,D. 20-39,Variant,powerup,powerup_1,items,in_game_use,saga,in_level,5111,1583,2733,2733,,
2026-08-09,D. 20-39,Variant,ul_pre_booster,UnlimitedBooster2,items,in_game_use,saga,in_level,5111,1146,10125,10125,,
2026-08-07,E. 40-99,Control,pre_level_booster,pre_level_booster_1,items,in_game_use,saga,in_level,3124,2223,9602,9602,,
2026-08-07,E. 40-99,Control,pre_level_booster,pre_level_booster_2,items,in_game_use,saga,in_level,3124,2036,9796,9796,,
2026-08-07,E. 40-99,Control,life,life,items,in_game_use,saga,in_level,3124,2568,51713,51713,,
2026-08-07,C. 10-19,Control,ul_pre_booster,UnlimitedBooster1,items,in_game_use,saga,in_level,5686,1914,12414,12414,,
2026-08-07,C. 10-19,Control,pre_level_booster,pre_level_booster_2,items,in_game_use,saga,in_level,5686,2678,6137,6137,,
2026-08-07,C. 10-19,Control,currency,HardCoin,coins,extra_moves,level_movesplus5,5,5686,2565,4531,453100,428854,24246
2026-08-07,C. 10-19,Control,powerup,powerup_1,items,in_game_use,saga,in_level,5686,1374,2114,2114,,
2026-08-07,E. 40-99,Control,currency,HardCoin,coins,purchase_lives,map_lives,purchase_lives,3124,67,87,4350,3390,960
2026-08-07,E. 40-99,Control,currency,HardCoin,coins,extra_moves,level_movesplus10,10,3124,158,190,19000,18220,780
2026-08-07,C. 10-19,Control,currency,HardCoin,coins,purchase_lives,level_lives,purchase_lives,5686,150,196,9800,6192,3608
2026-08-07,C. 10-19,Control,currency,HardCoin,coins,purchase_powerup,level_powerup,powerup_3,5686,11,11,2200,2000,200
2026-08-07,C. 10-19,Control,ul_pre_booster,UnlimitedBooster3,items,in_game_use,dream_peak,in_level,5686,4,34,34,,
2026-08-07,E. 40-99,Control,currency,HardCoin,coins,purchase_lives,level_lives,purchase_lives,3124,134,226,11300,8730,2570
2026-08-08,D. 20-39,Control,pre_level_booster,pre_level_booster_1,items,in_game_use,saga,in_level,4933,2882,7460,7460,,
2026-08-08,D. 20-39,Control,pre_level_booster,pre_level_booster_2,items,in_game_use,saga,in_level,4933,2605,7614,7614,,
2026-08-08,D. 20-39,Control,powerup,powerup_3,items,in_game_use,saga,in_level,4933,2762,6938,6938,,
2026-08-08,D. 20-39,Control,pre_level_booster,pre_level_booster_3,items,in_game_use,saga,in_level,4933,1983,4112,4112,,
2026-08-08,D. 20-39,Control,ul_pre_booster,UnlimitedBooster1,items,in_game_use,saga,in_level,4933,1145,10001,10001,,
2026-08-08,D. 20-39,Control,powerup,powerup_2,items,in_game_use,saga,in_level,4933,2592,6633,6633,,
2026-08-09,D. 20-39,Variant,currency,HardCoin,coins,purchase_lives,level_lives,purchase_lives,5111,155,229,11450,8356,3094
2026-08-09,D. 20-39,Variant,currency,HardCoin,coins,purchase_lives,map_lives,purchase_lives,5111,87,97,4850,3289,1561
2026-08-09,D. 20-39,Variant,currency,HardCoin,coins,extra_moves,level_movesplus20,20,5111,46,52,5200,4359,841
2026-08-09,D. 20-39,Variant,currency,HardCoin,coins,extra_moves,level_movesplus15,15,5111,81,86,8600,7863,737
2026-08-08,D. 20-39,Control,currency,HardCoin,coins,extra_moves,level_movesplus20,20,4933,75,80,8000,7590,410
2026-08-08,D. 20-39,Control,currency,HardCoin,coins,purchase_lives,level_lives,purchase_lives,4933,185,305,15250,11239,4011
2026-08-08,D. 20-39,Control,currency,HardCoin,coins,purchase_pre_level_booster,map_pre_level_booster,pre_level_booster_1,4933,17,82,8200,1260,6940
2026-08-08,D. 20-39,Control,currency,HardCoin,coins,team_created,unknown,unknown,4933,4,5,750,750,0
2026-08-07,E. 40-99,Control,currency,HardCoin,coins,purchase_powerup,level_powerup,powerup_3,3124,13,14,2800,2600,200
2026-08-09,D. 20-39,Variant,currency,HardCoin,coins,extra_moves,level_movesplus35,35,5111,31,32,3200,2804,396
2026-08-08,D. 20-39,Control,ul_pre_booster,UnlimitedBooster1,items,in_game_use,dream_peak,in_level,4933,2,10,10,,
2026-08-08,D. 20-39,Control,currency,HardCoin,coins,extra_moves,level_movesplus35,35,4933,21,21,2100,1815,285
2026-08-08,D. 20-39,Control,currency,HardCoin,coins,extra_moves,level_movesplus45,45,4933,13,14,1400,1340,60
2026-08-09,D. 20-39,Variant,currency,HardCoin,coins,purchase_powerup,level_powerup,powerup_3,5111,5,6,1200,1200,0
2026-08-07,E. 40-99,Control,currency,HardCoin,coins,purchase_pre_level_booster,map_pre_level_booster,pre_level_booster_1,3124,7,36,3600,400,3200
2026-08-07,E. 40-99,Control,life,life,items,in_game_use,dream_peak,in_level,3124,2,37,37,,
2026-08-07,E. 40-99,Control,ul_pre_booster,UnlimitedBooster1,items,in_game_use,dream_peak,in_level,3124,1,7,7,,
2026-08-09,D. 20-39,Variant,currency,HardCoin,coins,purchase_pre_level_booster,level_pre_level_booster,pre_level_booster_3,5111,1,1,200,200,0
2026-08-07,E. 40-99,Control,currency,HardCoin,coins,purchase_pre_level_booster,level_pre_level_booster,pre_level_booster_1,3124,1,2,200,200,0
2026-08-09,D. 20-39,Variant,life,life,items,in_game_use,saga,in_level,5111,4340,48816,48816,,
2026-08-07,E. 40-99,Control,powerup,powerup_2,items,in_game_use,saga,in_level,3124,2288,8498,8498,,
2026-08-07,E. 40-99,Control,powerup,powerup_1,items,in_game_use,saga,in_level,3124,1951,4941,4941,,
2026-08-07,C. 10-19,Control,pre_level_booster,pre_level_booster_1,items,in_game_use,saga,in_level,5686,2908,6030,6030,,
2026-08-07,E. 40-99,Control,ul_pre_booster,UnlimitedBooster1,items,in_game_use,saga,in_level,3124,1303,15612,15612,,
2026-08-07,E. 40-99,Control,ul_pre_booster,UnlimitedBooster3,items,in_game_use,saga,in_level,3124,459,4667,4667,,
2026-08-07,C. 10-19,Control,currency,HardCoin,coins,extra_moves,level_movesplus50,50,5686,123,131,13100,12047,1053
2026-08-07,E. 40-99,Control,currency,HardCoin,coins,extra_moves,level_movesplus20,20,3124,82,92,9200,8806,394
2026-08-07,C. 10-19,Control,ul_pre_booster,UnlimitedBooster3,items,in_game_use,saga,in_level,5686,424,3196,3196,,
2026-08-07,C. 10-19,Control,ul_pre_booster,UnlimitedBooster2,items,in_game_use,dream_peak,in_level,5686,4,25,25,,
2026-08-07,C. 10-19,Control,ul_pre_booster,UnlimitedBooster1,items,in_game_use,dream_peak,in_level,5686,10,77,77,,
2026-08-08,D. 20-39,Control,life,life,items,in_game_use,saga,in_level,4933,4268,68737,68737,,
2026-08-09,D. 20-39,Variant,currency,HardCoin,coins,extra_moves,level_movesplus10,10,5111,115,124,12400,11386,1014
2026-08-08,D. 20-39,Control,ul_pre_booster,UnlimitedBooster3,items,in_game_use,saga,in_level,4933,242,2647,2647,,
2026-08-08,D. 20-39,Control,currency,HardCoin,coins,purchase_powerup,level_powerup,powerup_1,4933,5,6,3000,2075,925
2026-08-08,D. 20-39,Control,currency,HardCoin,coins,purchase_pre_level_booster,map_pre_level_booster,pre_level_booster_3,4933,11,69,13800,1530,12270
2026-08-08,D. 20-39,Control,currency,HardCoin,coins,extra_moves,level_movesplus30,30,4933,23,23,2300,2255,45
2026-08-08,D. 20-39,Control,currency,HardCoin,coins,purchase_pre_level_booster,map_pre_level_booster,pre_level_booster_2,4933,7,59,8850,450,8400
2026-08-08,D. 20-39,Control,currency,HardCoin,coins,extra_moves,level_movesplus25,25,4933,43,43,4300,4070,230
2026-08-07,C. 10-19,Control,pre_level_booster,pre_level_booster_2,items,in_game_use,dream_peak,in_level,5686,18,40,40,,
2026-08-07,C. 10-19,Control,currency,HardCoin,coins,purchase_pre_level_booster,map_pre_level_booster,pre_level_booster_3,5686,21,59,11800,3600,8200
2026-08-07,C. 10-19,Control,currency,HardCoin,coins,extra_moves,level_movesplus15,15,5686,84,87,8700,8155,545
2026-08-07,C. 10-19,Control,currency,HardCoin,coins,extra_moves,level_movesplus20,20,5686,86,90,9000,8500,500
2026-08-07,C. 10-19,Control,pre_level_booster,pre_level_booster_3,items,in_game_use,dream_peak,in_level,5686,9,12,12,,
2026-08-07,E. 40-99,Control,currency,HardCoin,coins,purchase_powerup,level_powerup,powerup_2,3124,22,24,3600,3040,560
2026-08-07,C. 10-19,Control,currency,HardCoin,coins,extra_moves,level_movesplus40,40,5686,30,30,3000,2886,114
2026-08-07,C. 10-19,Control,currency,HardCoin,coins,purchase_pre_level_booster,map_pre_level_booster,pre_level_booster_2,5686,7,40,6000,600,5400
2026-08-08,D. 20-39,Control,powerup,powerup_3,items,in_game_use,dream_peak,in_level,4933,2,3,3,,
2026-08-08,D. 20-39,Control,life,life,items,in_game_use,dream_peak,in_level,4933,2,49,49,,
2026-08-09,D. 20-39,Variant,currency,HardCoin,coins,purchase_pre_level_booster,level_pre_level_booster,pre_level_booster_1,5111,2,2,200,200,0
2026-08-09,D. 20-39,Variant,currency,HardCoin,coins,purchase_pre_level_booster,map_pre_level_booster,pre_level_booster_1,5111,3,3,300,300,0
2026-08-07,C. 10-19,Control,unlimited_lives,UnlimitedLives,items,in_game_use,saga,in_level,5686,1,4,4,,
2026-08-07,E. 40-99,Control,powerup,powerup_1,items,in_game_use,dream_peak,in_level,3124,1,2,2,,
2026-08-08,D. 20-39,Control,currency,HardCoin,coins,purchase_pre_level_booster,level_pre_level_booster,pre_level_booster_3,4933,1,1,200,200,0
2026-08-07,E. 40-99,Control,powerup,powerup_3,items,in_game_use,dream_peak,in_level,3124,1,1,1,,
2026-08-07,E. 40-99,Control,currency,HardCoin,coins,team_created,unknown,unknown,3124,1,1,150,150,0
2026-08-09,D. 20-39,Variant,unlimited_lives,UnlimitedLives,items,in_game_use,saga,in_level,5111,1,5,5,,
2026-08-07,E. 40-99,Control,currency,HardCoin,coins,purchase_pre_level_booster,level_pre_level_booster,pre_level_booster_3,3124,1,2,400,400,0
2026-08-09,D. 20-39,Variant,powerup,powerup_3,items,in_game_use,saga,in_level,5111,2672,5589,5589,,
2026-08-09,D. 20-39,Variant,powerup,powerup_2,items,in_game_use,saga,in_level,5111,2607,6571,6571,,
2026-08-09,D. 20-39,Variant,ul_pre_booster,UnlimitedBooster1,items,in_game_use,saga,in_level,5111,1490,13450,13450,,
2026-08-09,D. 20-39,Variant,ul_pre_booster,UnlimitedBooster3,items,in_game_use,saga,in_level,5111,773,6420,6420,,
2026-08-07,E. 40-99,Control,powerup,powerup_3,items,in_game_use,saga,in_level,3124,2350,8050,8050,,
2026-08-07,C. 10-19,Control,life,life,items,in_game_use,saga,in_level,5686,4095,43353,43353,,
2026-08-07,C. 10-19,Control,powerup,powerup_3,items,in_game_use,saga,in_level,5686,2462,4696,4696,,
2026-08-07,C. 10-19,Control,pre_level_booster,pre_level_booster_3,items,in_game_use,saga,in_level,5686,2080,3415,3415,,
2026-08-07,C. 10-19,Control,currency,HardCoin,coins,purchase_lives,map_lives,purchase_lives,5686,53,61,3050,2016,1034
2026-08-07,C. 10-19,Control,currency,HardCoin,coins,extra_moves,level_movesplus35,35,5686,21,22,2200,1986,214
2026-08-07,C. 10-19,Control,life,life,items,in_game_use,dream_peak,in_level,5686,16,547,547,,
2026-08-07,C. 10-19,Control,powerup,powerup_2,items,in_game_use,dream_peak,in_level,5686,19,65,65,,
2026-08-07,C. 10-19,Control,powerup,powerup_3,items,in_game_use,dream_peak,in_level,5686,18,48,48,,
2026-08-07,E. 40-99,Control,currency,HardCoin,coins,extra_moves,level_movesplus35,35,3124,33,33,3300,3055,245
2026-08-08,D. 20-39,Control,powerup,powerup_1,items,in_game_use,saga,in_level,4933,1750,3212,3212,,
2026-08-08,D. 20-39,Control,ul_pre_booster,UnlimitedBooster2,items,in_game_use,saga,in_level,4933,694,6716,6716,,
2026-08-09,D. 20-39,Variant,currency,HardCoin,coins,extra_moves,level_movesplus30,30,5111,37,39,3900,3450,450
2026-08-09,D. 20-39,Variant,currency,HardCoin,coins,extra_moves,level_movesplus45,45,5111,20,20,2000,1975,25
2026-08-08,D. 20-39,Control,currency,HardCoin,coins,purchase_lives,map_lives,purchase_lives,4933,76,93,4650,2802,1848
2026-08-08,D. 20-39,Control,currency,HardCoin,coins,extra_moves,level_movesplus10,10,4933,109,121,12100,11685,415
2026-08-07,C. 10-19,Control,currency,HardCoin,coins,extra_moves,level_movesplus30,30,5686,39,41,4100,4100,0
2026-08-07,C. 10-19,Control,pre_level_booster,pre_level_booster_1,items,in_game_use,dream_peak,in_level,5686,16,33,33,,
2026-08-07,C. 10-19,Control,currency,HardCoin,coins,extra_moves,level_movesplus25,25,5686,57,59,5900,5275,625
2026-08-07,E. 40-99,Control,currency,HardCoin,coins,purchase_pre_level_booster,map_pre_level_booster,pre_level_booster_2,3124,4,35,5250,750,4500
2026-08-07,C. 10-19,Control,currency,HardCoin,coins,purchase_powerup,level_powerup,powerup_1,5686,2,3,1500,515,985
2026-08-07,C. 10-19,Control,powerup,powerup_1,items,in_game_use,dream_peak,in_level,5686,8,21,21,,
2026-08-08,D. 20-39,Control,powerup,powerup_2,items,in_game_use,dream_peak,in_level,4933,2,5,5,,
2026-08-08,D. 20-39,Control,currency,HardCoin,coins,purchase_powerup,level_powerup,powerup_2,4933,10,15,2250,2250,0
2026-08-07,E. 40-99,Control,pre_level_booster,pre_level_booster_3,items,in_game_use,dream_peak,in_level,3124,2,4,4,,
2026-08-07,E. 40-99,Control,pre_level_booster,pre_level_booster_2,items,in_game_use,dream_peak,in_level,3124,2,2,2,,
2026-08-09,D. 20-39,Variant,currency,HardCoin,coins,team_created,unknown,unknown,5111,3,3,450,450,0
2026-08-09,D. 20-39,Variant,currency,HardCoin,coins,purchase_powerup,level_powerup,powerup_2,5111,9,12,1800,1540,260
2026-08-08,D. 20-39,Control,ul_pre_booster,UnlimitedBooster2,items,in_game_use,dream_peak,in_level,4933,1,6,6,,
2026-08-07,E. 40-99,Control,currency,HardCoin,coins,purchase_pre_level_booster,level_pre_level_booster,pre_level_booster_2,3124,1,2,300,300,0
2026-08-09,D. 20-39,Variant,powerup,powerup_2,items,in_game_use,dream_peak,in_level,5111,1,1,1,,
2026-08-04,B. 1-9,Variant,pre_level_booster,pre_level_booster_3,items,in_game_use,saga,in_level,7344,1300,1770,1770,,
2026-08-04,B. 1-9,Variant,currency,HardCoin,coins,extra_moves,level_movesplus35,35,7344,21,22,2200,2035,165
2026-08-03,B. 1-9,Control,currency,HardCoin,coins,extra_moves,level_movesplus50,50,7328,214,219,21900,21527,373
2026-08-03,B. 1-9,Control,pre_level_booster,pre_level_booster_1,items,in_game_use,dream_peak,in_level,7328,7,10,10,,
2026-08-03,B. 1-9,Control,pre_level_booster,pre_level_booster_2,items,in_game_use,dream_peak,in_level,7328,14,20,20,,
2026-08-03,B. 1-9,Control,life,life,items,in_game_use,dream_peak,in_level,7328,31,226,226,,
2026-08-03,B. 1-9,Control,ul_pre_booster,UnlimitedBooster1,items,in_game_use,dream_peak,in_level,7328,12,156,156,,
2026-08-05,C. 10-19,Control,powerup,powerup_3,items,in_game_use,saga,in_level,5653,2502,4601,4601,,
2026-08-04,B. 1-9,Variant,currency,HardCoin,coins,extra_moves,level_movesplus5,5,7344,1625,2233,223300,213692,9608
2026-08-04,B. 1-9,Variant,powerup,powerup_1,items,in_game_use,saga,in_level,7344,1128,1498,1498,,
2026-08-04,B. 1-9,Variant,currency,HardCoin,coins,extra_moves,level_movesplus25,25,7344,40,40,4000,3941,59
2026-08-04,B. 1-9,Variant,currency,HardCoin,coins,extra_moves,level_movesplus50,50,7344,121,122,12200,11804,396
2026-08-04,B. 1-9,Variant,ul_pre_booster,UnlimitedBooster2,items,in_game_use,saga,in_level,7344,420,2402,2402,,
2026-08-05,C. 10-19,Control,pre_level_booster,pre_level_booster_1,items,in_game_use,saga,in_level,5653,2666,4986,4986,,
2026-08-05,C. 10-19,Control,currency,HardCoin,coins,extra_moves,level_movesplus50,50,5653,98,109,10900,9239,1661
2026-08-05,C. 10-19,Control,ul_pre_booster,UnlimitedBooster3,items,in_game_use,saga,in_level,5653,337,3174,3174,,
2026-08-04,B. 1-9,Variant,currency,HardCoin,coins,purchase_powerup,level_powerup,powerup_3,7344,8,14,2800,2791,9
2026-08-05,C. 10-19,Control,currency,HardCoin,coins,extra_moves,level_movesplus15,15,5653,92,96,9600,9250,350
2026-08-05,C. 10-19,Control,currency,HardCoin,coins,purchase_powerup,level_powerup,powerup_2,5653,14,14,2100,2020,80
2026-08-05,C. 10-19,Control,pre_level_booster,pre_level_booster_3,items,in_game_use,dream_peak,in_level,5653,28,52,52,,
2026-08-04,B. 1-9,Variant,powerup,powerup_1,items,in_game_use,dream_peak,in_level,7344,2,3,3,,
2026-08-04,B. 1-9,Variant,powerup,powerup_3,items,in_game_use,dream_peak,in_level,7344,1,1,1,,
2026-08-05,C. 10-19,Control,currency,HardCoin,coins,purchase_pre_level_booster,map_pre_level_booster,pre_level_booster_2,5653,11,25,3750,900,2850
2026-08-03,B. 1-9,Control,currency,HardCoin,coins,purchase_pre_level_booster,level_pre_level_booster,pre_level_booster_1,7328,5,5,500,500,0
2026-08-03,B. 1-9,Control,ul_pre_booster,UnlimitedBooster3,items,in_game_use,dream_peak,in_level,7328,5,31,31,,
2026-08-04,B. 1-9,Variant,powerup,powerup_2,items,in_game_use,dream_peak,in_level,7344,2,5,5,,
2026-08-05,C. 10-19,Control,currency,HardCoin,coins,team_created,unknown,unknown,5653,1,1,150,150,0
2026-08-05,F. 100+,Variant,ul_pre_booster,UnlimitedBooster2,items,in_game_use,saga,in_level,421,207,2632,2632,,
2026-08-05,F. 100+,Variant,pre_level_booster,pre_level_booster_3,items,in_game_use,saga,in_level,421,303,1374,1374,,
2026-08-05,F. 100+,Variant,currency,HardCoin,coins,extra_moves,level_movesplus20,20,421,22,25,2500,2400,100
2026-08-08,F. 100+,Control,ul_pre_booster,UnlimitedBooster2,items,in_game_use,saga,in_level,497,258,3371,3371,,
2026-08-08,F. 100+,Control,pre_level_booster,pre_level_booster_1,items,in_game_use,saga,in_level,497,401,2688,2688,,
2026-08-08,F. 100+,Control,pre_level_booster,pre_level_booster_2,items,in_game_use,saga,in_level,497,379,2931,2931,,
2026-08-02,F. 100+,Control,pre_level_booster,pre_level_booster_3,items,in_game_use,saga,in_level,448,311,1295,1295,,
2026-08-02,F. 100+,Control,ul_pre_booster,UnlimitedBooster2,items,in_game_use,saga,in_level,448,216,3730,3730,,
2026-08-02,F. 100+,Control,currency,HardCoin,coins,extra_moves,level_movesplus50,50,448,14,20,2000,1750,250
2026-08-07,B. 1-9,Variant,life,life,items,in_game_use,saga,in_level,7399,5288,28797,28797,,
2026-08-07,B. 1-9,Variant,ul_pre_booster,UnlimitedBooster1,items,in_game_use,saga,in_level,7399,791,3987,3987,,
2026-08-07,B. 1-9,Variant,currency,HardCoin,coins,extra_moves,level_movesplus15,15,7399,84,85,8500,8415,85
2026-08-05,F. 100+,Variant,currency,HardCoin,coins,extra_moves,level_movesplus35,35,421,5,5,500,445,55
2026-08-02,F. 100+,Control,currency,HardCoin,coins,purchase_powerup,level_powerup,powerup_3,448,3,6,1050,1050,0
2026-08-02,F. 100+,Control,currency,HardCoin,coins,extra_moves,level_movesplus45,45,448,5,5,500,342,158
2026-08-02,F. 100+,Control,currency,HardCoin,coins,extra_moves,level_movesplus20,20,448,19,24,2400,2282,118
2026-08-08,F. 100+,Control,currency,HardCoin,coins,purchase_powerup,level_powerup,powerup_3,497,3,3,600,400,200
2026-08-08,F. 100+,Control,ul_pre_booster,UnlimitedBooster3,items,in_game_use,saga,in_level,497,22,461,461,,
2026-08-07,B. 1-9,Variant,currency,HardCoin,coins,purchase_pre_level_booster,map_pre_level_booster,pre_level_booster_3,7399,13,25,5000,2000,3000
2026-08-08,F. 100+,Control,currency,HardCoin,coins,purchase_pre_level_booster,map_pre_level_booster,pre_level_booster_1,497,1,1,100,0,100
2026-08-08,F. 100+,Control,currency,HardCoin,coins,extra_moves,level_movesplus25,25,497,11,12,1200,1171,29
2026-08-08,F. 100+,Control,currency,HardCoin,coins,purchase_powerup,level_powerup,powerup_2,497,5,11,1650,1650,0
2026-08-07,B. 1-9,Variant,powerup,powerup_3,items,in_game_use,dream_peak,in_level,7399,5,7,7,,
2026-08-07,B. 1-9,Variant,powerup,powerup_1,items,in_game_use,dream_peak,in_level,7399,5,5,5,,
2026-08-07,B. 1-9,Variant,currency,HardCoin,coins,purchase_pre_level_booster,level_pre_level_booster,pre_level_booster_1,7399,1,1,100,100,0
2026-08-07,B. 1-9,Variant,life,LifeReward,items,in_game_use,saga,in_level,7399,1,3,3,,
2026-08-05,F. 100+,Variant,powerup,powerup_2,items,in_game_use,dream_peak,in_level,421,1,2,2,,
2026-08-05,F. 100+,Control,currency,HardCoin,coins,extra_moves,level_movesplus20,20,408,20,25,2500,2475,25
2026-08-05,F. 100+,Control,currency,HardCoin,coins,purchase_lives,level_lives,purchase_lives,408,21,42,2100,1653,447
2026-08-10,D. 20-39,Control,life,life,items,in_game_use,saga,in_level,5236,3992,59686,59686,,
2026-08-10,D. 20-39,Control,pre_level_booster,pre_level_booster_3,items,in_game_use,saga,in_level,5236,2238,4443,4443,,
2026-08-10,D. 20-39,Control,currency,HardCoin,coins,extra_moves,level_movesplus5,5,5236,3270,8053,805300,756917,48383
2026-08-10,D. 20-39,Control,powerup,powerup_3,items,in_game_use,saga,in_level,5236,3178,7842,7842,,
2026-08-10,D. 20-39,Control,ul_pre_booster,UnlimitedBooster1,items,in_game_use,saga,in_level,5236,2747,22195,22195,,
2026-08-10,D. 20-39,Control,currency,HardCoin,coins,purchase_lives,map_lives,purchase_lives,5236,80,90,4500,3040,1460
2026-08-10,D. 20-39,Control,ul_pre_booster,UnlimitedBooster3,items,in_game_use,saga,in_level,5236,360,3662,3662,,
2026-08-09,E. 40-99,Variant,pre_level_booster,pre_level_booster_1,items,in_game_use,saga,in_level,3109,1965,5600,5600,,
2026-08-09,E. 40-99,Variant,currency,HardCoin,coins,extra_moves,level_movesplus10,10,3109,98,117,11700,11220,480
2026-08-09,E. 40-99,Variant,currency,HardCoin,coins,extra_moves,level_movesplus50,50,3109,65,75,7500,6803,697
2026-08-10,D. 20-39,Control,currency,HardCoin,coins,extra_moves,level_movesplus45,45,5236,20,21,2100,2060,40
2026-08-03,B. 1-9,Variant,currency,HardCoin,coins,extra_moves,level_movesplus5,5,7260,1841,2555,255500,245486,10014
2026-08-03,B. 1-9,Variant,pre_level_booster,pre_level_booster_2,items,in_game_use,saga,in_level,7260,2385,4110,4110,,
2026-08-03,B. 1-9,Variant,powerup,powerup_1,items,in_game_use,saga,in_level,7260,1339,1812,1812,,
2026-08-03,B. 1-9,Variant,currency,HardCoin,coins,extra_moves,level_movesplus50,50,7260,149,155,15500,14880,620
2026-08-03,B. 1-9,Variant,currency,HardCoin,coins,extra_moves,level_movesplus20,20,7260,67,67,6700,6555,145
2026-08-03,B. 1-9,Variant,unlimited_lives,UnlimitedLives,items,in_game_use,saga,in_level,7260,3,4,4,,
2026-08-03,B. 1-9,Variant,currency,HardCoin,coins,extra_moves,level_movesplus25,25,7260,59,61,6100,5525,575
2026-08-03,B. 1-9,Variant,pre_level_booster,pre_level_booster_3,items,in_game_use,dream_peak,in_level,7260,12,18,18,,
2026-08-03,B. 1-9,Variant,pre_level_booster,pre_level_booster_2,items,in_game_use,dream_peak,in_level,7260,19,41,41,,
2026-08-07,E. 40-99,Variant,ul_pre_booster,UnlimitedBooster2,items,in_game_use,saga,in_level,2950,1793,17109,17109,,
2026-08-07,E. 40-99,Variant,powerup,powerup_3,items,in_game_use,saga,in_level,2950,2199,7485,7485,,
2026-08-07,E. 40-99,Variant,pre_level_booster,pre_level_booster_1,items,in_game_use,saga,in_level,2950,1950,5743,5743,,
2026-08-07,E. 40-99,Variant,currency,HardCoin,coins,extra_moves,level_movesplus10,10,2950,143,162,16200,15750,450
2026-08-07,E. 40-99,Variant,pre_level_booster,pre_level_booster_2,items,in_game_use,saga,in_level,2950,1850,6388,6388,,
2026-08-07,E. 40-99,Variant,currency,HardCoin,coins,extra_moves,level_movesplus5,5,2950,2212,7715,771500,726473,45027
2026-08-07,E. 40-99,Variant,currency,HardCoin,coins,extra_moves,level_movesplus45,45,2950,15,16,1600,1600,0
2026-08-07,E. 40-99,Variant,currency,HardCoin,coins,purchase_powerup,level_powerup,powerup_3,2950,18,20,4000,3800,200
2026-08-07,E. 40-99,Variant,currency,HardCoin,coins,extra_moves,level_movesplus40,40,2950,22,22,2200,2040,160
2026-08-07,E. 40-99,Variant,currency,HardCoin,coins,purchase_lives,map_lives,purchase_lives,2950,83,100,5000,3602,1398
2026-08-03,B. 1-9,Variant,powerup,powerup_2,items,in_game_use,dream_peak,in_level,7260,13,22,22,,
2026-08-03,B. 1-9,Variant,currency,HardCoin,coins,purchase_powerup,level_powerup,powerup_3,7260,5,5,1000,1000,0
2026-08-07,E. 40-99,Variant,currency,HardCoin,coins,extra_moves,level_movesplus35,35,2950,24,26,2600,2600,0
2026-08-09,E. 40-99,Variant,currency,HardCoin,coins,purchase_pre_level_booster,map_pre_level_booster,pre_level_booster_3,3109,6,7,1400,1400,0
2026-08-05,F. 100+,Control,currency,HardCoin,coins,purchase_powerup,level_powerup,powerup_2,408,3,4,600,600,0
2026-08-10,D. 20-39,Control,life,LifeReward,items,in_game_use,saga,in_level,5236,1,10,10,,
2026-08-10,D. 20-39,Control,unknown,Booster1,items,in_game_use,saga,in_level,5236,1,1,1,,
2026-08-07,E. 40-99,Variant,ul_pre_booster,UnlimitedBooster2,items,in_game_use,dream_peak,in_level,2950,1,18,18,,
2026-08-07,E. 40-99,Variant,life,life,items,in_game_use,dream_peak,in_level,2950,2,166,166,,
2026-08-07,E. 40-99,Variant,ul_pre_booster,UnlimitedBooster3,items,in_game_use,dream_peak,in_level,2950,2,20,20,,
2026-08-07,E. 40-99,Variant,pre_level_booster,pre_level_booster_3,items,in_game_use,dream_peak,in_level,2950,2,5,5,,
2026-08-09,E. 40-99,Variant,life,life,items,in_game_use,dream_peak,in_level,3109,1,68,68,,
2026-08-07,E. 40-99,Variant,currency,HardCoin,coins,purchase_pre_level_booster,level_pre_level_booster,pre_level_booster_1,2950,2,2,200,200,0
2026-08-10,D. 20-39,Control,currency,HardCoin,coins,purchase_pre_level_booster,map_pre_level_booster,pre_level_booster_1,5236,9,34,3400,500,2900
2026-08-07,E. 40-99,Variant,currency,HardCoin,coins,purchase_pre_level_booster,map_pre_level_booster,pre_level_booster_2,2950,4,15,2250,160,2090
2026-08-03,B. 1-9,Variant,currency,HardCoin,coins,purchase_pre_level_booster,map_pre_level_booster,pre_level_booster_2,7260,2,2,300,300,0
2026-08-05,F. 100+,Control,currency,HardCoin,coins,level_movesplus5,level_movesplus5,level_movesplus5,408,1,2,200,200,0
2026-08-05,F. 100+,Control,currency,HardCoin,coins,purchase_pre_level_booster,map_pre_level_booster,pre_level_booster_2,408,1,2,300,300,0
2026-08-03,B. 1-9,Variant,currency,HardCoin,coins,purchase_powerup,level_powerup,powerup_1,7260,2,2,1000,1000,0
2026-08-03,B. 1-9,Variant,currency,HardCoin,coins,purchase_pre_level_booster,level_pre_level_booster,pre_level_booster_1,7260,2,2,200,200,0
2026-08-10,D. 20-39,Control,currency,HardCoin,coins,level_movesplus5,level_movesplus5,level_movesplus5,5236,1,1,100,100,0
2026-08-07,B. 1-9,Control,currency,HardCoin,coins,purchase_pre_level_booster,level_pre_level_booster,pre_level_booster_2,7515,1,1,150,150,0
2026-08-07,B. 1-9,Control,currency,HardCoin,coins,purchase_lives,map_lives,purchase_lives,7515,48,57,2850,1759,1091
2026-08-07,B. 1-9,Control,currency,HardCoin,coins,extra_moves,level_movesplus25,25,7515,64,66,6600,6476,124
2026-08-07,B. 1-9,Control,currency,HardCoin,coins,extra_moves,level_movesplus35,35,7515,37,37,3700,3650,50
2026-08-07,B. 1-9,Control,currency,HardCoin,coins,extra_moves,level_movesplus15,15,7515,79,83,8300,7824,476
2026-08-07,B. 1-9,Control,ul_pre_booster,UnlimitedBooster1,items,in_game_use,dream_peak,in_level,7515,9,88,88,,
2026-08-07,B. 1-9,Control,powerup,powerup_2,items,in_game_use,dream_peak,in_level,7515,15,37,37,,
2026-08-07,B. 1-9,Control,pre_level_booster,pre_level_booster_2,items,in_game_use,dream_peak,in_level,7515,9,28,28,,
2026-08-07,B. 1-9,Control,currency,HardCoin,coins,purchase_pre_level_booster,map_pre_level_booster,pre_level_booster_2,7515,6,6,900,900,0
2026-08-07,B. 1-9,Control,life,LifeReward,items,in_game_use,saga,in_level,7515,1,14,14,,
2026-08-07,B. 1-9,Control,unlimited_lives,UnlimitedLives,items,in_game_use,saga,in_level,7515,2,30,30,,
2026-08-07,B. 1-9,Control,unknown,Booster3,items,in_game_use,saga,in_level,7515,1,1,1,,
2026-08-07,B. 1-9,Control,powerup,powerup_1,items,in_game_use,saga,in_level,7515,1019,1347,1347,,
2026-08-07,B. 1-9,Control,powerup,powerup_2,items,in_game_use,saga,in_level,7515,2066,3745,3745,,
2026-08-07,B. 1-9,Control,ul_pre_booster,UnlimitedBooster2,items,in_game_use,saga,in_level,7515,942,4804,4804,,
2026-08-07,B. 1-9,Control,currency,HardCoin,coins,extra_moves,level_movesplus5,5,7515,1799,2564,256400,244596,11804
2026-08-07,B. 1-9,Control,ul_pre_booster,UnlimitedBooster3,items,in_game_use,saga,in_level,7515,108,1017,1017,,
2026-08-07,B. 1-9,Control,currency,HardCoin,coins,extra_moves,level_movesplus10,10,7515,113,118,11800,11513,287
2026-08-07,B. 1-9,Control,currency,HardCoin,coins,extra_moves,level_movesplus40,40,7515,23,24,2400,2298,102
2026-08-07,B. 1-9,Control,ul_pre_booster,UnlimitedBooster3,items,in_game_use,dream_peak,in_level,7515,3,26,26,,
2026-08-07,B. 1-9,Control,pre_level_booster,pre_level_booster_1,items,in_game_use,dream_peak,in_level,7515,7,22,22,,
2026-08-07,B. 1-9,Control,currency,HardCoin,coins,purchase_pre_level_booster,map_pre_level_booster,pre_level_booster_1,7515,14,15,1500,1500,0
2026-08-07,B. 1-9,Control,unknown,Booster1,items,in_game_use,saga,in_level,7515,1,2,2,,
2026-08-07,B. 1-9,Control,life,life,items,in_game_use,saga,in_level,7515,5470,36759,36759,,
2026-08-07,B. 1-9,Control,pre_level_booster,pre_level_booster_1,items,in_game_use,saga,in_level,7515,2552,4054,4054,,
2026-08-07,B. 1-9,Control,currency,HardCoin,coins,purchase_pre_level_booster,level_pre_level_booster,pre_level_booster_1,7515,2,2,200,200,0
2026-08-07,B. 1-9,Control,life,life,items,in_game_use,dream_peak,in_level,7515,16,334,334,,
2026-08-07,B. 1-9,Control,currency,HardCoin,coins,purchase_powerup,level_powerup,powerup_2,7515,11,13,1950,1800,150
2026-08-07,B. 1-9,Control,currency,HardCoin,coins,extra_moves,level_movesplus20,20,7515,74,74,7400,7148,252
2026-08-07,B. 1-9,Control,currency,HardCoin,coins,extra_moves,level_movesplus45,45,7515,22,22,2200,2125,75
2026-08-07,B. 1-9,Control,ul_pre_booster,UnlimitedBooster2,items,in_game_use,dream_peak,in_level,7515,8,67,67,,
2026-08-07,B. 1-9,Control,pre_level_booster,pre_level_booster_3,items,in_game_use,dream_peak,in_level,7515,6,13,13,,
2026-08-07,B. 1-9,Control,powerup,powerup_1,items,in_game_use,dream_peak,in_level,7515,6,11,11,,
2026-08-07,B. 1-9,Control,unknown,Booster2,items,in_game_use,saga,in_level,7515,1,2,2,,
2026-08-07,B. 1-9,Control,currency,HardCoin,coins,purchase_pre_level_booster,level_pre_level_booster,pre_level_booster_3,7515,1,1,200,200,0
2026-08-08,B. 1-9,Control,pre_level_booster,pre_level_booster_3,items,in_game_use,saga,in_level,7572,1570,2109,2109,,
2026-08-08,B. 1-9,Control,powerup,powerup_1,items,in_game_use,saga,in_level,7572,927,1250,1250,,
2026-08-08,B. 1-9,Control,currency,HardCoin,coins,purchase_lives,level_lives,purchase_lives,7572,160,216,10800,6794,4006
2026-08-08,F. 100+,Variant,ul_pre_booster,UnlimitedBooster2,items,in_game_use,saga,in_level,494,347,5393,5393,,
2026-08-08,F. 100+,Variant,pre_level_booster,pre_level_booster_2,items,in_game_use,saga,in_level,494,345,2017,2017,,
2026-08-08,B. 1-9,Control,currency,HardCoin,coins,purchase_powerup,level_powerup,powerup_3,7572,16,17,3400,3305,95
2026-08-07,D. 20-39,Control,powerup,powerup_2,items,in_game_use,saga,in_level,4874,2699,7123,7123,,
2026-08-07,D. 20-39,Control,pre_level_booster,pre_level_booster_2,items,in_game_use,saga,in_level,4874,2615,7891,7891,,
2026-08-07,D. 20-39,Control,currency,HardCoin,coins,extra_moves,level_movesplus15,15,4874,116,126,12600,12175,425
2026-08-07,D. 20-39,Control,currency,HardCoin,coins,purchase_pre_level_booster,level_pre_level_booster,pre_level_booster_3,4874,3,3,600,600,0
2026-08-03,A. 0,Control,powerup,powerup_1,items,in_game_use,saga,in_level,4074,60,72,72,,
2026-08-03,F. 100+,Control,pre_level_booster,pre_level_booster_3,items,in_game_use,saga,in_level,435,303,1185,1185,,
2026-08-03,F. 100+,Control,ul_pre_booster,UnlimitedBooster2,items,in_game_use,saga,in_level,435,343,6551,6551,,
2026-08-03,F. 100+,Control,currency,HardCoin,coins,extra_moves,level_movesplus20,20,435,21,27,2700,2628,72
2026-08-03,F. 100+,Control,powerup,powerup_3,items,in_game_use,saga,in_level,435,394,2430,2430,,
2026-08-03,F. 100+,Control,currency,HardCoin,coins,purchase_lives,map_lives,purchase_lives,435,15,18,900,671,229
2026-08-03,A. 0,Control,currency,HardCoin,coins,purchase_lives,level_lives,purchase_lives,4074,23,25,1250,667,583
2026-08-06,E. 40-99,Variant,currency,HardCoin,coins,extra_moves,level_movesplus5,5,2911,2039,6021,602100,553291,48809
2026-08-08,F. 100+,Variant,currency,HardCoin,coins,extra_moves,level_movesplus45,45,494,5,5,500,500,0
2026-08-06,E. 40-99,Variant,currency,HardCoin,coins,extra_moves,level_movesplus15,15,2911,92,96,9600,8868,732
2026-08-06,E. 40-99,Variant,currency,HardCoin,coins,extra_moves,level_movesplus25,25,2911,48,53,5300,4846,454
2026-08-03,F. 100+,Control,currency,HardCoin,coins,purchase_powerup,level_powerup,powerup_3,435,2,3,600,600,0
2026-08-03,A. 0,Control,powerup,powerup_1,items,in_game_use,dream_peak,in_level,4074,11,15,15,,
2026-08-07,D. 20-39,Control,ul_pre_booster,UnlimitedBooster3,items,in_game_use,dream_peak,in_level,4874,1,4,4,,
2026-08-07,D. 20-39,Control,pre_level_booster,pre_level_booster_2,items,in_game_use,dream_peak,in_level,4874,2,9,9,,
2026-08-07,D. 20-39,Control,life,life,items,in_game_use,dream_peak,in_level,4874,4,47,47,,
2026-08-03,A. 0,Control,currency,HardCoin,coins,extra_moves,level_movesplus50,50,4074,1,1,100,100,0
2026-08-06,E. 40-99,Variant,currency,HardCoin,coins,purchase_lives,level_lives,purchase_lives,2911,106,149,7450,5531,1919
2026-08-06,E. 40-99,Variant,currency,HardCoin,coins,extra_moves,level_movesplus40,40,2911,17,17,1700,1525,175
2026-08-03,A. 0,Control,currency,HardCoin,coins,purchase_powerup,level_powerup,powerup_3,4074,3,3,600,600,0
2026-08-03,F. 100+,Control,currency,HardCoin,coins,purchase_pre_level_booster,level_pre_level_booster,pre_level_booster_1,435,1,1,100,100,0
2026-08-08,B. 1-9,Control,powerup,powerup_3,items,in_game_use,dream_peak,in_level,7572,7,9,9,,
2026-08-08,B. 1-9,Control,currency,HardCoin,coins,purchase_pre_level_booster,level_pre_level_booster,pre_level_booster_2,7572,2,2,300,300,0
2026-08-08,B. 1-9,Control,ul_pre_booster,UnlimitedBooster3,items,in_game_use,dream_peak,in_level,7572,1,20,20,,
2026-08-03,A. 0,Control,currency,HardCoin,coins,extra_moves,level_movesplus10,10,4074,3,3,300,300,0
2026-08-08,F. 100+,Variant,currency,HardCoin,coins,team_created,unknown,unknown,494,1,1,150,150,0
2026-08-07,D. 20-39,Control,currency,HardCoin,coins,purchase_pre_level_booster,level_pre_level_booster,pre_level_booster_2,4874,1,1,150,150,0
2026-08-03,A. 0,Control,currency,HardCoin,coins,purchase_pre_level_booster,level_pre_level_booster,pre_level_booster_2,4074,1,1,150,150,0
2026-08-08,F. 100+,Variant,currency,HardCoin,coins,purchase_pre_level_booster,map_pre_level_booster,pre_level_booster_3,494,1,1,200,200,0
2026-08-08,F. 100+,Variant,currency,HardCoin,coins,level_movesplus5,level_movesplus5,level_movesplus5,494,1,2,200,200,0
2026-08-03,E. 40-99,Control,life,life,items,in_game_use,dream_peak,in_level,3169,126,5222,5222,,
2026-08-03,E. 40-99,Control,powerup,powerup_1,items,in_game_use,dream_peak,in_level,3169,74,168,168,,
2026-08-03,C. 10-19,Variant,pre_level_booster,pre_level_booster_1,items,in_game_use,saga,in_level,5893,3265,7362,7362,,
2026-08-03,C. 10-19,Variant,ul_pre_booster,UnlimitedBooster1,items,in_game_use,saga,in_level,5893,1546,10371,10371,,
2026-08-03,C. 10-19,Variant,currency,HardCoin,coins,extra_moves,level_movesplus35,35,5893,29,29,2900,2829,71
2026-08-03,E. 40-99,Control,currency,HardCoin,coins,purchase_lives,map_lives,purchase_lives,3169,75,95,4750,3623,1127
2026-08-03,E. 40-99,Control,currency,HardCoin,coins,extra_moves,level_movesplus45,45,3169,19,20,2000,1700,300
2026-08-03,E. 40-99,Control,currency,HardCoin,coins,extra_moves,level_movesplus40,40,3169,21,22,2200,1880,320
2026-08-03,C. 10-19,Variant,currency,HardCoin,coins,extra_moves,level_movesplus50,50,5893,177,196,19600,17747,1853
2026-08-03,C. 10-19,Variant,currency,HardCoin,coins,extra_moves,level_movesplus15,15,5893,102,105,10500,9728,772
2026-08-03,C. 10-19,Variant,pre_level_booster,pre_level_booster_1,items,in_game_use,dream_peak,in_level,5893,41,77,77,,
2026-08-03,C. 10-19,Variant,powerup,powerup_3,items,in_game_use,dream_peak,in_level,5893,51,81,81,,
2026-08-03,C. 10-19,Variant,pre_level_booster,pre_level_booster_3,items,in_game_use,dream_peak,in_level,5893,36,52,52,,
2026-08-03,C. 10-19,Variant,currency,HardCoin,coins,extra_moves,level_movesplus45,45,5893,21,21,2100,1827,273
2026-08-03,C. 10-19,Variant,currency,HardCoin,coins,purchase_lives,map_lives,purchase_lives,5893,41,43,2150,1254,896
2026-08-03,C. 10-19,Variant,currency,HardCoin,coins,purchase_pre_level_booster,map_pre_level_booster,pre_level_booster_3,5893,16,26,5200,2635,2565
2026-08-03,E. 40-99,Control,currency,HardCoin,coins,purchase_powerup,level_powerup,powerup_2,3169,27,33,4950,4605,345
2026-08-03,C. 10-19,Variant,ul_pre_booster,UnlimitedBooster2,items,in_game_use,dream_peak,in_level,5893,27,268,268,,
2026-08-04,A. 0,Variant,life,life,items,in_game_use,saga,in_level,4433,1211,4724,4724,,
2026-08-04,A. 0,Variant,pre_level_booster,pre_level_booster_1,items,in_game_use,dream_peak,in_level,4433,218,1014,1014,,
2026-08-04,A. 0,Variant,currency,HardCoin,coins,purchase_powerup,level_powerup,powerup_2,4433,4,5,750,586,164
2026-08-04,A. 0,Variant,ul_pre_booster,UnlimitedBooster2,items,in_game_use,saga,in_level,4433,46,81,81,,
2026-08-04,A. 0,Variant,ul_pre_booster,UnlimitedBooster1,items,in_game_use,saga,in_level,4433,91,195,195,,
2026-08-06,F. 100+,Variant,pre_level_booster,pre_level_booster_1,items,in_game_use,saga,in_level,423,326,1470,1470,,
2026-08-06,F. 100+,Variant,ul_pre_booster,UnlimitedBooster1,items,in_game_use,saga,in_level,423,186,3887,3887,,
2026-08-06,F. 100+,Variant,ul_pre_booster,UnlimitedBooster2,items,in_game_use,saga,in_level,423,166,2530,2530,,
2026-08-06,F. 100+,Variant,currency,HardCoin,coins,extra_moves,level_movesplus30,30,423,7,7,700,635,65
2026-08-06,F. 100+,Variant,currency,HardCoin,coins,extra_moves,level_movesplus15,15,423,23,25,2500,2175,325
2026-08-06,F. 100+,Variant,currency,HardCoin,coins,extra_moves,level_movesplus10,10,423,29,36,3600,3037,563
2026-08-06,F. 100+,Variant,currency,HardCoin,coins,extra_moves,level_movesplus20,20,423,13,13,1300,1200,100
2026-08-03,E. 40-99,Control,currency,HardCoin,coins,team_created,unknown,unknown,3169,1,1,150,150,0
2026-08-03,C. 10-19,Variant,currency,HardCoin,coins,team_created,unknown,unknown,5893,3,3,450,450,0
2026-08-03,C. 10-19,Variant,currency,HardCoin,coins,purchase_powerup,level_powerup,powerup_3,5893,12,12,2400,2200,200
2026-08-03,E. 40-99,Control,unlimited_lives,UnlimitedLives,items,in_game_use,saga,in_level,3169,1,63,63,,
2026-08-04,A. 0,Variant,currency,HardCoin,coins,purchase_pre_level_booster,level_pre_level_booster,pre_level_booster_3,4433,1,1,200,200,0
2026-08-06,F. 100+,Variant,currency,HardCoin,coins,team_created,unknown,unknown,423,1,1,150,150,0
2026-08-06,F. 100+,Variant,currency,HardCoin,coins,extra_moves,level_movesplus25,25,423,10,11,1100,960,140
2026-08-06,F. 100+,Variant,currency,HardCoin,coins,purchase_pre_level_booster,map_pre_level_booster,pre_level_booster_3,423,2,4,800,200,600
2026-08-04,A. 0,Variant,currency,HardCoin,coins,extra_moves,level_movesplus20,20,4433,5,7,700,700,0
2026-08-06,F. 100+,Variant,currency,HardCoin,coins,purchase_powerup,level_powerup,powerup_2,423,8,8,1200,1070,130
2026-08-04,A. 0,Variant,currency,HardCoin,coins,purchase_pre_level_booster,map_pre_level_booster,pre_level_booster_2,4433,1,1,150,150,0
2026-08-03,E. 40-99,Control,currency,HardCoin,coins,purchase_pre_level_booster,level_pre_level_booster,pre_level_booster_2,3169,1,3,450,450,0
2026-08-06,F. 100+,Variant,currency,HardCoin,coins,extra_moves,level_movesplus40,40,423,2,2,200,200,0
2026-08-03,E. 40-99,Control,powerup,powerup_2,items,in_game_use,saga,in_level,3169,2369,8374,8374,,
2026-08-03,E. 40-99,Control,ul_pre_booster,UnlimitedBooster2,items,in_game_use,saga,in_level,3169,1998,21652,21652,,
2026-08-03,E. 40-99,Control,powerup,powerup_2,items,in_game_use,dream_peak,in_level,3169,107,294,294,,
2026-08-03,E. 40-99,Control,ul_pre_booster,UnlimitedBooster3,items,in_game_use,dream_peak,in_level,3169,75,1308,1308,,
2026-08-03,E. 40-99,Control,pre_level_booster,pre_level_booster_1,items,in_game_use,dream_peak,in_level,3169,70,172,172,,
2026-08-03,C. 10-19,Variant,pre_level_booster,pre_level_booster_2,items,in_game_use,saga,in_level,5893,2868,6668,6668,,
2026-08-03,C. 10-19,Variant,powerup,powerup_2,items,in_game_use,saga,in_level,5893,2765,7157,7157,,
2026-08-03,C. 10-19,Variant,ul_pre_booster,UnlimitedBooster3,items,in_game_use,saga,in_level,5893,268,2246,2246,,
2026-08-03,E. 40-99,Control,powerup,powerup_3,items,in_game_use,dream_peak,in_level,3169,102,264,264,,
2026-08-03,E. 40-99,Control,currency,HardCoin,coins,extra_moves,level_movesplus35,35,3169,27,27,2700,2480,220
2026-08-03,C. 10-19,Variant,currency,HardCoin,coins,purchase_lives,level_lives,purchase_lives,5893,128,172,8600,5064,3536
2026-08-03,C. 10-19,Variant,currency,HardCoin,coins,extra_moves,level_movesplus25,25,5893,67,68,6800,6513,287
2026-08-03,C. 10-19,Variant,currency,HardCoin,coins,purchase_pre_level_booster,map_pre_level_booster,pre_level_booster_1,5893,20,23,2300,2140,160
2026-08-04,A. 0,Variant,powerup,powerup_1,items,in_game_use,dream_peak,in_level,4433,221,662,662,,
2026-08-04,A. 0,Variant,powerup,powerup_3,items,in_game_use,dream_peak,in_level,4433,293,1334,1334,,
2026-08-04,A. 0,Variant,powerup,powerup_2,items,in_game_use,dream_peak,in_level,4433,299,839,839,,
2026-08-04,A. 0,Variant,currency,HardCoin,coins,purchase_powerup,level_powerup,powerup_3,4433,5,6,1200,1200,0
2026-08-04,A. 0,Variant,currency,HardCoin,coins,extra_moves,level_movesplus35,35,4433,4,4,400,400,0
2026-08-06,F. 100+,Variant,life,life,items,in_game_use,saga,in_level,423,371,6277,6277,,
2026-08-06,F. 100+,Variant,pre_level_booster,pre_level_booster_3,items,in_game_use,saga,in_level,423,303,1375,1375,,
2026-08-06,F. 100+,Variant,powerup,powerup_1,items,in_game_use,saga,in_level,423,295,2335,2335,,
2026-08-03,C. 10-19,Variant,currency,HardCoin,coins,purchase_pre_level_booster,level_pre_level_booster,pre_level_booster_3,5893,2,2,400,400,0
2026-08-03,C. 10-19,Variant,currency,HardCoin,coins,extra_moves,level_movesplus40,40,5893,25,25,2500,2345,155
2026-08-03,C. 10-19,Variant,currency,HardCoin,coins,purchase_powerup,level_powerup,powerup_1,5893,2,2,1000,1000,0
2026-08-03,C. 10-19,Variant,currency,HardCoin,coins,purchase_pre_level_booster,map_pre_level_booster,pre_level_booster_2,5893,11,19,2850,1060,1790
2026-08-03,E. 40-99,Control,currency,HardCoin,coins,purchase_pre_level_booster,map_pre_level_booster,pre_level_booster_3,3169,4,18,3600,400,3200
2026-08-03,E. 40-99,Control,currency,HardCoin,coins,purchase_pre_level_booster,map_pre_level_booster,pre_level_booster_2,3169,3,10,1500,300,1200
2026-08-06,F. 100+,Variant,ul_pre_booster,UnlimitedBooster3,items,in_game_use,saga,in_level,423,15,348,348,,
2026-08-06,F. 100+,Variant,currency,HardCoin,coins,extra_moves,level_movesplus45,45,423,6,6,600,540,60
2026-08-04,A. 0,Variant,currency,HardCoin,coins,purchase_pre_level_booster,map_pre_level_booster,pre_level_booster_1,4433,2,2,200,200,0
2026-08-04,A. 0,Variant,currency,HardCoin,coins,extra_moves,level_movesplus25,25,4433,5,7,700,510,190
2026-08-06,F. 100+,Variant,currency,HardCoin,coins,purchase_pre_level_booster,map_pre_level_booster,pre_level_booster_2,423,2,3,450,150,300
2026-08-03,E. 40-99,Control,currency,HardCoin,coins,purchase_pre_level_booster,level_pre_level_booster,pre_level_booster_3,3169,1,1,200,200,0
2026-08-06,F. 100+,Variant,currency,HardCoin,coins,purchase_powerup,level_powerup,powerup_3,423,1,1,200,200,0
2026-08-10,E. 40-99,Variant,life,life,items,in_game_use,saga,in_level,3390,2710,34315,34315,,
2026-08-04,B. 1-9,Control,pre_level_booster,pre_level_booster_2,items,in_game_use,saga,in_level,7437,2288,3773,3773,,
2026-08-04,B. 1-9,Control,ul_pre_booster,UnlimitedBooster2,items,in_game_use,saga,in_level,7437,586,3418,3418,,
2026-08-04,B. 1-9,Control,currency,HardCoin,coins,extra_moves,level_movesplus45,45,7437,20,20,2000,2000,0
2026-08-10,E. 40-99,Variant,currency,HardCoin,coins,extra_moves,level_movesplus30,30,3390,54,54,5400,4980,420
2026-08-04,B. 1-9,Control,unlimited_lives,UnlimitedLives,items,in_game_use,saga,in_level,7437,1,1,1,,
2026-08-04,B. 1-9,Control,powerup,powerup_3,items,in_game_use,dream_peak,in_level,7437,4,16,16,,
2026-08-04,B. 1-9,Control,currency,HardCoin,coins,purchase_pre_level_booster,map_pre_level_booster,pre_level_booster_2,7437,1,1,150,150,0
2026-08-10,E. 40-99,Variant,currency,HardCoin,coins,purchase_pre_level_booster,map_pre_level_booster,pre_level_booster_1,3390,3,16,1600,200,1400
2026-08-07,A. 0,Control,currency,HardCoin,coins,extra_moves,level_movesplus5,5,4859,635,1783,178300,129269,49031
2026-08-07,A. 0,Control,powerup,powerup_1,items,in_game_use,saga,in_level,4859,38,48,48,,
2026-08-07,A. 0,Control,powerup,powerup_3,items,in_game_use,saga,in_level,4859,124,171,171,,
2026-08-07,A. 0,Control,ul_pre_booster,UnlimitedBooster2,items,in_game_use,saga,in_level,4859,120,235,235,,
2026-08-07,A. 0,Control,currency,HardCoin,coins,purchase_powerup,level_powerup,powerup_3,4859,5,5,1000,1000,0
2026-08-08,D. 20-39,Variant,life,life,items,in_game_use,saga,in_level,4960,4225,46537,46537,,
2026-08-08,D. 20-39,Variant,currency,HardCoin,coins,extra_moves,level_movesplus5,5,4960,2726,5912,591200,550190,41010
2026-08-08,D. 20-39,Variant,powerup,powerup_1,items,in_game_use,saga,in_level,4960,1656,3025,3025,,
2026-08-08,D. 20-39,Variant,ul_pre_booster,UnlimitedBooster3,items,in_game_use,saga,in_level,4960,596,4699,4699,,
2026-08-08,D. 20-39,Variant,pre_level_booster,pre_level_booster_3,items,in_game_use,saga,in_level,4960,2025,4042,4042,,
2026-08-05,E. 40-99,Variant,life,life,items,in_game_use,saga,in_level,2903,2430,37362,37362,,
2026-08-05,E. 40-99,Variant,currency,HardCoin,coins,purchase_lives,map_lives,purchase_lives,2903,74,97,4850,2923,1927
2026-08-05,E. 40-99,Variant,ul_pre_booster,UnlimitedBooster3,items,in_game_use,saga,in_level,2903,86,1472,1472,,
2026-08-05,E. 40-99,Variant,currency,HardCoin,coins,extra_moves,level_movesplus40,40,2903,26,27,2700,2602,98
2026-08-09,D. 20-39,Control,currency,HardCoin,coins,extra_moves,level_movesplus5,5,4954,2991,6651,665100,627215,37885
2026-08-08,D. 20-39,Variant,pre_level_booster,pre_level_booster_2,items,in_game_use,dream_peak,in_level,4960,3,12,12,,
2026-08-08,D. 20-39,Variant,powerup,powerup_2,items,in_game_use,dream_peak,in_level,4960,4,10,10,,
2026-08-05,E. 40-99,Variant,currency,HardCoin,coins,extra_moves,level_movesplus30,30,2903,30,34,3400,3168,232
2026-08-05,E. 40-99,Variant,currency,HardCoin,coins,extra_moves,level_movesplus35,35,2903,33,36,3600,3258,342
2026-08-09,F. 100+,Variant,ul_pre_booster,UnlimitedBooster3,items,in_game_use,saga,in_level,523,260,3387,3387,,
2026-08-09,D. 20-39,Control,currency,HardCoin,coins,purchase_pre_level_booster,map_pre_level_booster,pre_level_booster_1,4954,15,44,4400,1300,3100
2026-08-09,F. 100+,Variant,ul_pre_booster,UnlimitedBooster1,items,in_game_use,saga,in_level,523,258,5896,5896,,
2026-08-09,D. 20-39,Control,currency,HardCoin,coins,purchase_lives,map_lives,purchase_lives,4954,77,89,4450,2977,1473
2026-08-09,D. 20-39,Control,currency,HardCoin,coins,purchase_powerup,level_powerup,powerup_3,4954,15,16,3200,3200,0
2026-08-09,D. 20-39,Control,currency,HardCoin,coins,purchase_powerup,level_powerup,powerup_2,4954,12,12,1800,1795,5
2026-08-09,F. 100+,Variant,currency,HardCoin,coins,purchase_lives,level_lives,purchase_lives,523,29,50,2500,1944,556
2026-08-07,A. 0,Control,currency,HardCoin,coins,purchase_pre_level_booster,map_pre_level_booster,pre_level_booster_1,4859,4,4,400,295,105
2026-08-09,D. 20-39,Control,currency,HardCoin,coins,extra_moves,level_movesplus50,50,4954,81,89,8900,7936,964
2026-08-09,D. 20-39,Control,currency,HardCoin,coins,extra_moves,level_movesplus40,40,4954,20,20,2000,1868,132
2026-08-08,D. 20-39,Variant,currency,HardCoin,coins,purchase_powerup,level_powerup,powerup_3,4960,10,21,4200,2035,2165
2026-08-08,D. 20-39,Variant,currency,HardCoin,coins,team_created,unknown,unknown,4960,6,6,900,900,0
2026-08-08,D. 20-39,Variant,currency,HardCoin,coins,extra_moves,level_movesplus40,40,4960,17,17,1700,1525,175
2026-08-08,D. 20-39,Variant,currency,HardCoin,coins,purchase_pre_level_booster,level_pre_level_booster,pre_level_booster_1,4960,2,2,200,200,0
2026-08-09,F. 100+,Variant,currency,HardCoin,coins,extra_moves,level_movesplus40,40,523,8,8,800,725,75
2026-08-08,D. 20-39,Variant,currency,HardCoin,coins,purchase_pre_level_booster,map_pre_level_booster,pre_level_booster_2,4960,3,10,1500,300,1200
2026-08-08,D. 20-39,Variant,currency,HardCoin,coins,purchase_pre_level_booster,map_pre_level_booster,pre_level_booster_1,4960,8,17,1700,900,800
2026-08-05,E. 40-99,Variant,ul_pre_booster,UnlimitedBooster1,items,in_game_use,dream_peak,in_level,2903,5,110,110,,
2026-08-07,A. 0,Control,currency,HardCoin,coins,purchase_pre_level_booster,map_pre_level_booster,pre_level_booster_3,4859,2,2,400,200,200
2026-08-05,E. 40-99,Variant,pre_level_booster,pre_level_booster_3,items,in_game_use,dream_peak,in_level,2903,3,6,6,,
2026-08-09,F. 100+,Variant,currency,HardCoin,coins,extra_moves,level_movesplus45,45,523,3,3,300,287,13
2026-08-05,E. 40-99,Variant,powerup,powerup_2,items,in_game_use,dream_peak,in_level,2903,4,10,10,,
2026-08-05,E. 40-99,Variant,currency,HardCoin,coins,purchase_pre_level_booster,level_pre_level_booster,pre_level_booster_3,2903,1,1,200,200,0
2026-08-09,F. 100+,Variant,currency,HardCoin,coins,purchase_powerup,level_powerup,powerup_3,523,2,2,400,400,0
2026-08-09,F. 100+,Variant,currency,HardCoin,coins,purchase_powerup,level_powerup,powerup_2,523,4,4,600,505,95
2026-08-08,D. 20-39,Variant,unlimited_lives,UnlimitedLives,items,in_game_use,saga,in_level,4960,2,54,54,,
2026-08-08,D. 20-39,Variant,currency,HardCoin,coins,level_movesplus5,level_movesplus5,level_movesplus5,4960,1,7,700,700,0
2026-08-08,D. 20-39,Variant,currency,HardCoin,coins,purchase_pre_level_booster,level_pre_level_booster,pre_level_booster_2,4960,1,1,150,150,0
2026-08-06,E. 40-99,Control,ul_pre_booster,UnlimitedBooster1,items,in_game_use,saga,in_level,3018,1116,14910,14910,,
2026-08-06,E. 40-99,Control,powerup,powerup_3,items,in_game_use,saga,in_level,3018,2320,7830,7830,,
2026-08-06,E. 40-99,Control,pre_level_booster,pre_level_booster_1,items,in_game_use,saga,in_level,3018,2090,7766,7766,,
2026-08-06,B. 1-9,Variant,ul_pre_booster,UnlimitedBooster1,items,in_game_use,saga,in_level,7378,776,3894,3894,,
2026-08-06,B. 1-9,Variant,life,life,items,in_game_use,saga,in_level,7378,5227,29688,29688,,
2026-08-06,B. 1-9,Variant,powerup,powerup_2,items,in_game_use,saga,in_level,7378,2009,3968,3968,,
2026-08-06,C. 10-19,Control,pre_level_booster,pre_level_booster_3,items,in_game_use,saga,in_level,5621,1617,2616,2616,,
2026-08-06,C. 10-19,Control,pre_level_booster,pre_level_booster_2,items,in_game_use,saga,in_level,5621,2431,5180,5180,,
2026-08-06,E. 40-99,Control,ul_pre_booster,UnlimitedBooster3,items,in_game_use,saga,in_level,3018,850,8771,8771,,
2026-08-06,B. 1-9,Variant,pre_level_booster,pre_level_booster_3,items,in_game_use,saga,in_level,7378,1217,1599,1599,,
2026-08-06,C. 10-19,Control,currency,HardCoin,coins,purchase_pre_level_booster,map_pre_level_booster,pre_level_booster_2,5621,10,42,6300,900,5400
2026-08-06,C. 10-19,Control,life,life,items,in_game_use,dream_peak,in_level,5621,60,1275,1275,,
2026-08-06,B. 1-9,Variant,currency,HardCoin,coins,extra_moves,level_movesplus40,40,7378,19,19,1900,1685,215
2026-08-06,B. 1-9,Variant,currency,HardCoin,coins,extra_moves,level_movesplus10,10,7378,69,70,7000,6955,45
2026-08-06,C. 10-19,Control,currency,HardCoin,coins,purchase_powerup,level_powerup,powerup_2,5621,17,18,2700,2700,0
2026-08-06,E. 40-99,Control,currency,HardCoin,coins,extra_moves,level_movesplus40,40,3018,22,22,2200,1936,264
2026-08-06,C. 10-19,Control,currency,HardCoin,coins,extra_moves,level_movesplus15,15,5621,90,96,9600,8418,1182
2026-08-06,C. 10-19,Control,currency,HardCoin,coins,purchase_lives,level_lives,purchase_lives,5621,166,226,11300,7163,4137
2026-08-09,B. 1-9,Control,currency,HardCoin,coins,extra_moves,level_movesplus5,5,7527,1652,2339,233900,219443,14457
2026-08-09,B. 1-9,Control,powerup,powerup_1,items,in_game_use,saga,in_level,7527,932,1283,1283,,
2026-08-05,E. 40-99,Control,pre_level_booster,pre_level_booster_1,items,in_game_use,saga,in_level,3010,2075,7947,7947,,
2026-08-05,E. 40-99,Control,powerup,powerup_2,items,in_game_use,saga,in_level,3010,2165,7389,7389,,
2026-08-05,E. 40-99,Control,life,life,items,in_game_use,saga,in_level,3010,2625,51051,51051,,
2026-08-05,E. 40-99,Control,powerup,powerup_3,items,in_game_use,saga,in_level,3010,2226,7224,7224,,
2026-08-05,E. 40-99,Control,currency,HardCoin,coins,purchase_lives,map_lives,purchase_lives,3010,70,85,4250,2791,1459
2026-08-05,E. 40-99,Control,currency,HardCoin,coins,purchase_lives,level_lives,purchase_lives,3010,142,256,12800,9558,3242
2026-08-05,E. 40-99,Control,pre_level_booster,pre_level_booster_3,items,in_game_use,dream_peak,in_level,3010,2,3,3,,
2026-08-05,E. 40-99,Control,currency,HardCoin,coins,purchase_powerup,level_powerup,powerup_2,3010,16,18,2700,2550,150
2026-08-05,E. 40-99,Control,currency,HardCoin,coins,extra_moves,level_movesplus20,20,3010,78,83,8300,7855,445
2026-08-06,B. 1-9,Variant,pre_level_booster,pre_level_booster_3,items,in_game_use,dream_peak,in_level,7378,6,12,12,,
2026-08-09,B. 1-9,Control,currency,HardCoin,coins,extra_moves,level_movesplus25,25,7527,74,74,7400,7130,270
2026-08-09,B. 1-9,Control,ul_pre_booster,UnlimitedBooster1,items,in_game_use,saga,in_level,7527,686,3892,3892,,
2026-08-06,B. 1-9,Variant,currency,HardCoin,coins,purchase_pre_level_booster,map_pre_level_booster,pre_level_booster_3,7378,14,23,4600,2200,2400
2026-08-06,C. 10-19,Control,currency,HardCoin,coins,extra_moves,level_movesplus45,45,5621,12,12,1200,920,280
2026-08-05,E. 40-99,Control,unlimited_lives,UnlimitedLives,items,in_game_use,saga,in_level,3010,3,36,36,,
2026-08-06,E. 40-99,Control,currency,HardCoin,coins,purchase_pre_level_booster,map_pre_level_booster,pre_level_booster_2,3018,4,69,10350,415,9935
2026-08-06,B. 1-9,Variant,currency,HardCoin,coins,purchase_pre_level_booster,map_pre_level_booster,pre_level_booster_1,7378,21,27,2700,1900,800
2026-08-06,C. 10-19,Control,currency,HardCoin,coins,team_created,unknown,unknown,5621,3,3,450,450,0
2026-08-05,E. 40-99,Control,currency,HardCoin,coins,team_created,unknown,unknown,3010,2,2,300,300,0
2026-08-09,B. 1-9,Control,currency,HardCoin,coins,purchase_pre_level_booster,level_pre_level_booster,pre_level_booster_1,7527,2,2,200,200,0
2026-08-09,B. 1-9,Control,currency,HardCoin,coins,extra_moves,level_movesplus40,40,7527,20,20,2000,1875,125
2026-08-09,B. 1-9,Control,currency,HardCoin,coins,purchase_pre_level_booster,map_pre_level_booster,pre_level_booster_2,7527,10,10,1500,1500,0
2026-08-09,B. 1-9,Control,currency,HardCoin,coins,purchase_pre_level_booster,level_pre_level_booster,pre_level_booster_3,7527,2,2,400,400,0
2026-08-09,B. 1-9,Control,currency,HardCoin,coins,purchase_powerup,level_powerup,powerup_1,7527,6,8,4000,3500,500
2026-08-09,B. 1-9,Control,pre_level_booster,pre_level_booster_3,items,in_game_use,dream_peak,in_level,7527,7,19,19,,
2026-08-09,B. 1-9,Control,powerup,powerup_3,items,in_game_use,dream_peak,in_level,7527,8,26,26,,
2026-08-06,E. 40-99,Control,currency,HardCoin,coins,team_created,unknown,unknown,3018,3,3,450,450,0
2026-08-06,E. 40-99,Control,pre_level_booster,pre_level_booster_3,items,in_game_use,dream_peak,in_level,3018,1,1,1,,
2026-08-06,F. 100+,Control,powerup,powerup_3,items,in_game_use,saga,in_level,431,386,2541,2541,,
2026-08-06,F. 100+,Control,ul_pre_booster,UnlimitedBooster3,items,in_game_use,saga,in_level,431,155,2030,2030,,
2026-08-06,F. 100+,Control,powerup,powerup_1,items,in_game_use,saga,in_level,431,364,2060,2060,,
2026-08-06,F. 100+,Control,currency,HardCoin,coins,purchase_lives,level_lives,purchase_lives,431,31,46,2300,1565,735
2026-08-06,F. 100+,Control,currency,HardCoin,coins,extra_moves,level_movesplus15,15,431,34,43,4300,4280,20
2026-08-06,F. 100+,Control,currency,HardCoin,coins,extra_moves,level_movesplus40,40,431,5,5,500,500,0
2026-08-05,B. 1-9,Variant,currency,HardCoin,coins,extra_moves,level_movesplus5,5,7277,1488,1974,197400,190039,7361
2026-08-05,B. 1-9,Variant,powerup,powerup_2,items,in_game_use,saga,in_level,7277,2113,4153,4153,,
2026-08-05,B. 1-9,Variant,currency,HardCoin,coins,extra_moves,level_movesplus20,20,7277,50,50,5000,4774,226
2026-08-02,D. 20-39,Variant,pre_level_booster,pre_level_booster_1,items,in_game_use,saga,in_level,4663,2464,5874,5874,,
2026-08-02,C. 10-19,Variant,ul_pre_booster,UnlimitedBooster1,items,in_game_use,saga,in_level,5541,1358,9336,9336,,
2026-08-02,C. 10-19,Variant,powerup,powerup_2,items,in_game_use,saga,in_level,5541,2283,4877,4877,,
2026-08-02,C. 10-19,Variant,pre_level_booster,pre_level_booster_2,items,in_game_use,saga,in_level,5541,2372,5163,5163,,
2026-08-02,D. 20-39,Variant,currency,HardCoin,coins,purchase_lives,level_lives,purchase_lives,4663,133,163,8150,5487,2663
2026-08-02,C. 10-19,Variant,currency,HardCoin,coins,purchase_lives,level_lives,purchase_lives,5541,134,180,9000,5647,3353
2026-08-02,C. 10-19,Variant,currency,HardCoin,coins,extra_moves,level_movesplus35,35,5541,22,22,2200,2110,90
2026-08-02,C. 10-19,Variant,currency,HardCoin,coins,extra_moves,level_movesplus45,45,5541,14,14,1400,1285,115
2026-08-02,D. 20-39,Variant,currency,HardCoin,coins,extra_moves,level_movesplus25,25,4663,39,40,4000,3659,341
2026-08-02,C. 10-19,Variant,currency,HardCoin,coins,extra_moves,level_movesplus30,30,5541,30,30,3000,2663,337
2026-08-02,C. 10-19,Variant,currency,HardCoin,coins,purchase_pre_level_booster,map_pre_level_booster,pre_level_booster_1,5541,38,44,4400,4000,400
2026-08-02,C. 10-19,Variant,currency,HardCoin,coins,extra_moves,level_movesplus20,20,5541,56,58,5800,5620,180
2026-08-10,B. 1-9,Control,life,life,items,in_game_use,saga,in_level,7404,5192,36130,36130,,
2026-08-10,B. 1-9,Control,powerup,powerup_2,items,in_game_use,saga,in_level,7404,2069,3681,3681,,
2026-08-02,C. 10-19,Variant,ul_pre_booster,UnlimitedBooster3,items,in_game_use,dream_peak,in_level,5541,3,20,20,,
2026-08-02,C. 10-19,Variant,pre_level_booster,pre_level_booster_1,items,in_game_use,dream_peak,in_level,5541,7,12,12,,
2026-08-10,B. 1-9,Control,currency,HardCoin,coins,extra_moves,level_movesplus10,10,7404,123,132,13200,13050,150
2026-08-10,B. 1-9,Control,currency,HardCoin,coins,purchase_pre_level_booster,map_pre_level_booster,pre_level_booster_3,7404,15,15,3000,3000,0
2026-08-10,B. 1-9,Control,ul_pre_booster,UnlimitedBooster2,items,in_game_use,dream_peak,in_level,7404,12,60,60,,
2026-08-10,B. 1-9,Control,pre_level_booster,pre_level_booster_1,items,in_game_use,dream_peak,in_level,7404,12,15,15,,
2026-08-10,B. 1-9,Control,currency,HardCoin,coins,extra_moves,level_movesplus40,40,7404,43,43,4300,4068,232
2026-08-05,B. 1-9,Variant,currency,HardCoin,coins,purchase_pre_level_booster,map_pre_level_booster,pre_level_booster_1,7277,7,7,700,700,0
2026-08-02,D. 20-39,Variant,currency,HardCoin,coins,extra_moves,level_movesplus35,35,4663,22,23,2300,2082,218
2026-08-10,B. 1-9,Control,currency,HardCoin,coins,purchase_pre_level_booster,map_pre_level_booster,pre_level_booster_2,7404,4,4,600,600,0
2026-08-02,D. 20-39,Variant,currency,HardCoin,coins,purchase_powerup,level_powerup,powerup_3,4663,8,8,1600,1600,0
2026-08-02,D. 20-39,Variant,currency,HardCoin,coins,purchase_powerup,level_powerup,powerup_1,4663,4,4,2000,2000,0
2026-08-02,D. 20-39,Variant,unlimited_lives,UnlimitedLives,items,in_game_use,saga,in_level,4663,1,1,1,,
2026-08-10,B. 1-9,Control,currency,HardCoin,coins,purchase_powerup,level_powerup,powerup_1,7404,3,4,2000,2000,0
2026-08-02,C. 10-19,Variant,currency,HardCoin,coins,purchase_powerup,level_powerup,powerup_3,5541,16,16,3200,3005,195
2026-08-05,B. 1-9,Variant,life,life,items,in_game_use,dream_peak,in_level,7277,7,85,85,,
2026-08-05,B. 1-9,Variant,pre_level_booster,pre_level_booster_2,items,in_game_use,dream_peak,in_level,7277,6,9,9,,
2026-08-06,F. 100+,Control,currency,HardCoin,coins,purchase_powerup,level_powerup,powerup_3,431,4,7,1400,1200,200
2026-08-06,F. 100+,Control,currency,HardCoin,coins,purchase_powerup,level_powerup,powerup_2,431,6,7,1050,876,174
2026-08-06,F. 100+,Control,currency,HardCoin,coins,purchase_lives,map_lives,purchase_lives,431,18,32,1600,1247,353
2026-08-06,F. 100+,Control,currency,HardCoin,coins,extra_moves,level_movesplus35,35,431,6,7,700,656,44
2026-08-02,C. 10-19,Variant,currency,HardCoin,coins,purchase_pre_level_booster,map_pre_level_booster,pre_level_booster_3,5541,11,11,2200,1800,400
2026-08-02,D. 20-39,Variant,currency,HardCoin,coins,extra_moves,level_movesplus45,45,4663,14,14,1400,1400,0
2026-08-02,C. 10-19,Variant,unknown,Booster1,items,in_game_use,saga,in_level,5541,1,1,1,,
2026-08-06,F. 100+,Control,currency,HardCoin,coins,purchase_pre_level_booster,map_pre_level_booster,pre_level_booster_2,431,1,2,300,87,213
2026-08-02,D. 20-39,Variant,life,life,items,in_game_use,dream_peak,in_level,4663,2,9,9,,
2026-08-06,F. 100+,Control,pre_level_booster,pre_level_booster_2,items,in_game_use,saga,in_level,431,337,2504,2504,,
2026-08-06,F. 100+,Control,pre_level_booster,pre_level_booster_1,items,in_game_use,saga,in_level,431,353,2306,2306,,
2026-08-06,F. 100+,Control,currency,HardCoin,coins,extra_moves,level_movesplus30,30,431,14,18,1800,1725,75
2026-08-06,F. 100+,Control,currency,HardCoin,coins,extra_moves,level_movesplus10,10,431,41,57,5700,5325,375
2026-08-05,B. 1-9,Variant,pre_level_booster,pre_level_booster_1,items,in_game_use,saga,in_level,7277,2518,4226,4226,,
2026-08-05,B. 1-9,Variant,pre_level_booster,pre_level_booster_2,items,in_game_use,saga,in_level,7277,2206,3567,3567,,
2026-08-05,B. 1-9,Variant,powerup,powerup_3,items,in_game_use,saga,in_level,7277,1788,2642,2642,,
2026-08-05,B. 1-9,Variant,ul_pre_booster,UnlimitedBooster1,items,in_game_use,saga,in_level,7277,669,3262,3262,,
2026-08-05,B. 1-9,Variant,ul_pre_booster,UnlimitedBooster2,items,in_game_use,saga,in_level,7277,352,2185,2185,,
2026-08-05,B. 1-9,Variant,currency,HardCoin,coins,purchase_lives,map_lives,purchase_lives,7277,52,56,2800,1775,1025
2026-08-05,B. 1-9,Variant,currency,HardCoin,coins,extra_moves,level_movesplus25,25,7277,34,34,3400,3095,305
2026-08-05,B. 1-9,Variant,currency,HardCoin,coins,extra_moves,level_movesplus30,30,7277,32,32,3200,3110,90
2026-08-05,B. 1-9,Variant,currency,HardCoin,coins,extra_moves,level_movesplus35,35,7277,22,23,2300,2015,285
2026-08-02,D. 20-39,Variant,ul_pre_booster,UnlimitedBooster1,items,in_game_use,saga,in_level,4663,1484,12934,12934,,
2026-08-02,C. 10-19,Variant,currency,HardCoin,coins,extra_moves,level_movesplus5,5,5541,2089,3480,348000,325719,22281
2026-08-02,C. 10-19,Variant,pre_level_booster,pre_level_booster_1,items,in_game_use,saga,in_level,5541,2726,5493,5493,,
2026-08-02,C. 10-19,Variant,powerup,powerup_1,items,in_game_use,saga,in_level,5541,1147,1761,1761,,
2026-08-02,D. 20-39,Variant,ul_pre_booster,UnlimitedBooster3,items,in_game_use,saga,in_level,4663,831,6263,6263,,
2026-08-02,D. 20-39,Variant,pre_level_booster,pre_level_booster_3,items,in_game_use,saga,in_level,4663,1855,3740,3740,,
2026-08-02,D. 20-39,Variant,ul_pre_booster,UnlimitedBooster2,items,in_game_use,saga,in_level,4663,1122,9762,9762,,
2026-08-10,B. 1-9,Control,ul_pre_booster,UnlimitedBooster2,items,in_game_use,saga,in_level,7404,399,2196,2196,,
2026-08-10,B. 1-9,Control,currency,HardCoin,coins,extra_moves,level_movesplus20,20,7404,93,95,9500,9357,143
2026-08-10,B. 1-9,Control,life,life,items,in_game_use,dream_peak,in_level,7404,57,503,503,,
2026-08-10,B. 1-9,Control,powerup,powerup_2,items,in_game_use,dream_peak,in_level,7404,24,38,38,,
2026-08-10,B. 1-9,Control,currency,HardCoin,coins,purchase_lives,level_lives,purchase_lives,7404,145,204,10200,6917,3283
2026-08-05,B. 1-9,Variant,currency,HardCoin,coins,purchase_powerup,level_powerup,powerup_1,7277,3,3,1500,1060,440
2026-08-02,D. 20-39,Variant,currency,HardCoin,coins,purchase_pre_level_booster,map_pre_level_booster,pre_level_booster_1,4663,10,18,1800,1000,800
2026-08-10,B. 1-9,Control,currency,HardCoin,coins,purchase_powerup,level_powerup,powerup_2,7404,18,31,4650,4650,0
2026-08-02,D. 20-39,Variant,currency,HardCoin,coins,purchase_pre_level_booster,map_pre_level_booster,pre_level_booster_2,4663,3,17,2550,300,2250
2026-08-10,B. 1-9,Control,ul_pre_booster,UnlimitedBooster3,items,in_game_use,dream_peak,in_level,7404,3,14,14,,
2026-08-05,B. 1-9,Variant,currency,HardCoin,coins,extra_moves,level_movesplus45,45,7277,20,20,2000,1771,229
2026-08-05,B. 1-9,Variant,currency,HardCoin,coins,purchase_pre_level_booster,map_pre_level_booster,pre_level_booster_3,7277,11,11,2200,2200,0
2026-08-02,C. 10-19,Variant,powerup,powerup_2,items,in_game_use,dream_peak,in_level,5541,5,9,9,,
2026-08-10,B. 1-9,Control,currency,HardCoin,coins,purchase_powerup,level_powerup,powerup_3,7404,7,7,1400,1400,0
2026-08-05,B. 1-9,Variant,pre_level_booster,pre_level_booster_3,items,in_game_use,dream_peak,in_level,7277,8,14,14,,
2026-08-05,B. 1-9,Variant,ul_pre_booster,UnlimitedBooster1,items,in_game_use,dream_peak,in_level,7277,1,18,18,,
2026-08-02,C. 10-19,Variant,life,LifeReward,items,in_game_use,saga,in_level,5541,1,16,16,,
2026-08-02,C. 10-19,Variant,ul_pre_booster,UnlimitedBooster2,items,in_game_use,dream_peak,in_level,5541,2,9,9,,
2026-08-02,C. 10-19,Variant,currency,HardCoin,coins,purchase_pre_level_booster,level_pre_level_booster,pre_level_booster_3,5541,3,3,600,600,0
2026-08-05,B. 1-9,Variant,unlimited_lives,UnlimitedLives,items,in_game_use,saga,in_level,7277,1,1,1,,
2026-08-02,C. 10-19,Variant,currency,HardCoin,coins,purchase_pre_level_booster,level_pre_level_booster,pre_level_booster_1,5541,2,2,200,200,0
2026-08-06,F. 100+,Control,pre_level_booster,pre_level_booster_3,items,in_game_use,saga,in_level,431,302,1126,1126,,
2026-08-06,F. 100+,Control,currency,HardCoin,coins,extra_moves,level_movesplus20,20,431,19,26,2600,2385,215
2026-08-06,F. 100+,Control,currency,HardCoin,coins,extra_moves,level_movesplus25,25,431,18,23,2300,2150,150
2026-08-05,B. 1-9,Variant,currency,HardCoin,coins,purchase_lives,level_lives,purchase_lives,7277,115,134,6700,4287,2413
2026-08-05,B. 1-9,Variant,ul_pre_booster,UnlimitedBooster3,items,in_game_use,saga,in_level,7277,90,856,856,,
2026-08-05,B. 1-9,Variant,currency,HardCoin,coins,extra_moves,level_movesplus40,40,7277,26,26,2600,2442,158
2026-08-05,B. 1-9,Variant,currency,HardCoin,coins,extra_moves,level_movesplus10,10,7277,74,74,7400,7001,399
2026-08-05,B. 1-9,Variant,currency,HardCoin,coins,purchase_pre_level_booster,level_pre_level_booster,pre_level_booster_1,7277,2,2,200,200,0
2026-08-02,D. 20-39,Variant,life,life,items,in_game_use,saga,in_level,4663,3942,44059,44059,,
2026-08-02,C. 10-19,Variant,ul_pre_booster,UnlimitedBooster2,items,in_game_use,saga,in_level,5541,1144,7765,7765,,
2026-08-02,C. 10-19,Variant,life,life,items,in_game_use,saga,in_level,5541,4505,41616,41616,,
2026-08-02,D. 20-39,Variant,powerup,powerup_2,items,in_game_use,saga,in_level,4663,2488,6068,6068,,
2026-08-02,D. 20-39,Variant,powerup,powerup_3,items,in_game_use,saga,in_level,4663,2516,5534,5534,,
2026-08-02,C. 10-19,Variant,pre_level_booster,pre_level_booster_3,items,in_game_use,saga,in_level,5541,1744,2920,2920,,
2026-08-02,C. 10-19,Variant,powerup,powerup_3,items,in_game_use,saga,in_level,5541,2197,3904,3904,,
2026-08-02,C. 10-19,Variant,currency,HardCoin,coins,extra_moves,level_movesplus10,10,5541,93,96,9600,9252,348
2026-08-02,C. 10-19,Variant,currency,HardCoin,coins,extra_moves,level_movesplus15,15,5541,72,73,7300,6715,585
2026-08-02,C. 10-19,Variant,ul_pre_booster,UnlimitedBooster3,items,in_game_use,saga,in_level,5541,302,2447,2447,,
2026-08-02,C. 10-19,Variant,currency,HardCoin,coins,purchase_lives,map_lives,purchase_lives,5541,72,84,4200,2802,1398
2026-08-02,D. 20-39,Variant,currency,HardCoin,coins,extra_moves,level_movesplus10,10,4663,124,133,13300,12729,571
2026-08-02,C. 10-19,Variant,currency,HardCoin,coins,extra_moves,level_movesplus25,25,5541,37,37,3700,3420,280
2026-08-02,C. 10-19,Variant,currency,HardCoin,coins,extra_moves,level_movesplus40,40,5541,17,17,1700,1535,165
2026-08-02,C. 10-19,Variant,currency,HardCoin,coins,extra_moves,level_movesplus50,50,5541,95,104,10400,9240,1160
2026-08-02,D. 20-39,Variant,currency,HardCoin,coins,extra_moves,level_movesplus30,30,4663,28,29,2900,2380,520
2026-08-10,B. 1-9,Control,pre_level_booster,pre_level_booster_1,items,in_game_use,saga,in_level,7404,2459,3771,3771,,
2026-08-10,B. 1-9,Control,pre_level_booster,pre_level_booster_3,items,in_game_use,saga,in_level,7404,1637,2182,2182,,
2026-08-10,B. 1-9,Control,powerup,powerup_3,items,in_game_use,saga,in_level,7404,2055,3142,3142,,
2026-08-10,B. 1-9,Control,currency,HardCoin,coins,extra_moves,level_movesplus5,5,7404,1977,2757,275700,266340,9360
2026-08-02,D. 20-39,Variant,currency,HardCoin,coins,extra_moves,level_movesplus50,50,4663,65,67,6700,5697,1003
2026-08-02,D. 20-39,Variant,currency,HardCoin,coins,purchase_pre_level_booster,level_pre_level_booster,pre_level_booster_1,4663,4,4,400,400,0
2026-08-02,C. 10-19,Variant,pre_level_booster,pre_level_booster_2,items,in_game_use,dream_peak,in_level,5541,4,6,6,,
2026-08-10,B. 1-9,Control,ul_pre_booster,UnlimitedBooster1,items,in_game_use,dream_peak,in_level,7404,18,113,113,,
2026-08-10,B. 1-9,Control,currency,HardCoin,coins,extra_moves,level_movesplus35,35,7404,44,46,4600,4445,155
2026-08-10,B. 1-9,Control,pre_level_booster,pre_level_booster_3,items,in_game_use,dream_peak,in_level,7404,11,13,13,,
2026-08-10,B. 1-9,Control,pre_level_booster,pre_level_booster_2,items,in_game_use,dream_peak,in_level,7404,16,21,21,,
2026-08-10,B. 1-9,Control,currency,HardCoin,coins,purchase_lives,map_lives,purchase_lives,7404,45,53,2650,1882,768
2026-08-05,B. 1-9,Variant,currency,HardCoin,coins,purchase_powerup,level_powerup,powerup_3,7277,10,11,2200,2200,0
2026-08-02,D. 20-39,Variant,currency,HardCoin,coins,purchase_pre_level_booster,map_pre_level_booster,pre_level_booster_3,4663,8,27,5400,1200,4200
2026-08-02,D. 20-39,Variant,currency,HardCoin,coins,purchase_powerup,level_powerup,powerup_2,4663,17,21,3150,3150,0
2026-08-02,C. 10-19,Variant,currency,HardCoin,coins,purchase_powerup,level_powerup,powerup_2,5541,12,14,2100,2100,0
2026-08-05,B. 1-9,Variant,currency,HardCoin,coins,purchase_powerup,level_powerup,powerup_2,7277,6,7,1050,1050,0
2026-08-05,B. 1-9,Variant,currency,HardCoin,coins,purchase_pre_level_booster,map_pre_level_booster,pre_level_booster_2,7277,3,3,450,450,0
2026-08-02,C. 10-19,Variant,life,life,items,in_game_use,dream_peak,in_level,5541,4,69,69,,
2026-08-10,B. 1-9,Control,currency,HardCoin,coins,purchase_pre_level_booster,map_pre_level_booster,pre_level_booster_1,7404,8,8,800,800,0
2026-08-05,B. 1-9,Variant,powerup,powerup_3,items,in_game_use,dream_peak,in_level,7277,4,5,5,,
2026-08-05,B. 1-9,Variant,pre_level_booster,pre_level_booster_1,items,in_game_use,dream_peak,in_level,7277,5,9,9,,
2026-08-06,F. 100+,Control,currency,HardCoin,coins,level_movesplus5,level_movesplus5,level_movesplus5,431,1,11,1100,1100,0
2026-08-05,B. 1-9,Variant,powerup,powerup_2,items,in_game_use,dream_peak,in_level,7277,6,18,18,,
2026-08-02,C. 10-19,Variant,ul_pre_booster,UnlimitedBooster1,items,in_game_use,dream_peak,in_level,5541,2,13,13,,
2026-08-02,D. 20-39,Variant,ul_pre_booster,UnlimitedBooster1,items,in_game_use,dream_peak,in_level,4663,1,13,13,,
2026-08-09,E. 40-99,Control,powerup,powerup_2,items,in_game_use,saga,in_level,3337,2380,8340,8340,,
2026-08-09,E. 40-99,Control,ul_pre_booster,UnlimitedBooster2,items,in_game_use,saga,in_level,3337,1157,11473,11473,,
2026-08-09,E. 40-99,Control,powerup,powerup_1,items,in_game_use,saga,in_level,3337,2019,5222,5222,,
2026-08-07,F. 100+,Variant,ul_pre_booster,UnlimitedBooster2,items,in_game_use,saga,in_level,439,349,4571,4571,,
2026-08-07,F. 100+,Variant,currency,HardCoin,coins,extra_moves,level_movesplus5,5,439,385,2377,237700,222904,14796
2026-08-07,F. 100+,Variant,currency,HardCoin,coins,purchase_lives,level_lives,purchase_lives,439,17,50,2500,2220,280
2026-08-07,F. 100+,Variant,currency,HardCoin,coins,extra_moves,level_movesplus30,30,439,12,12,1200,1200,0
2026-08-05,A. 0,Variant,ul_pre_booster,UnlimitedBooster2,items,in_game_use,dream_peak,in_level,4733,251,2738,2738,,
2026-08-05,A. 0,Variant,pre_level_booster,pre_level_booster_2,items,in_game_use,saga,in_level,4733,237,297,297,,
2026-08-05,A. 0,Variant,powerup,powerup_3,items,in_game_use,saga,in_level,4733,170,231,231,,
2026-08-04,A. 0,Control,pre_level_booster,pre_level_booster_1,items,in_game_use,saga,in_level,4495,263,335,335,,
2026-08-04,A. 0,Control,currency,HardCoin,coins,extra_moves,level_movesplus5,5,4495,328,983,98300,78945,19355
2026-08-04,A. 0,Control,pre_level_booster,pre_level_booster_1,items,in_game_use,dream_peak,in_level,4495,168,366,366,,
2026-08-04,A. 0,Control,currency,HardCoin,coins,extra_moves,level_movesplus30,30,4495,6,6,600,300,300
2026-08-05,A. 0,Variant,currency,HardCoin,coins,purchase_powerup,level_powerup,powerup_1,4733,3,3,1500,1500,0
2026-08-04,A. 0,Control,currency,HardCoin,coins,purchase_lives,map_lives,purchase_lives,4495,32,51,2550,1816,734
2026-08-09,E. 40-99,Control,currency,HardCoin,coins,extra_moves,level_movesplus30,30,3337,35,36,3600,3245,355
2026-08-09,E. 40-99,Control,currency,HardCoin,coins,extra_moves,level_movesplus50,50,3337,79,95,9500,7932,1568
2026-08-09,E. 40-99,Control,currency,HardCoin,coins,extra_moves,level_movesplus40,40,3337,15,15,1500,1415,85
2026-08-07,F. 100+,Variant,currency,HardCoin,coins,purchase_powerup,level_powerup,powerup_2,439,9,12,1800,1800,0
2026-08-09,E. 40-99,Control,currency,HardCoin,coins,purchase_pre_level_booster,map_pre_level_booster,pre_level_booster_3,3337,6,83,16600,400,16200
2026-08-07,F. 100+,Variant,currency,HardCoin,coins,extra_moves,level_movesplus35,35,439,4,4,400,400,0
2026-08-05,A. 0,Variant,currency,HardCoin,coins,purchase_pre_level_booster,map_pre_level_booster,pre_level_booster_1,4733,1,1,100,100,0
2026-08-07,F. 100+,Variant,currency,HardCoin,coins,team_created,unknown,unknown,439,1,1,150,150,0
2026-08-04,A. 0,Control,currency,HardCoin,coins,extra_moves,level_movesplus40,40,4495,3,3,300,290,10
2026-08-09,E. 40-99,Control,currency,HardCoin,coins,purchase_pre_level_booster,level_pre_level_booster,pre_level_booster_2,3337,1,4,600,600,0
2026-08-09,E. 40-99,Control,life,life,items,in_game_use,dream_peak,in_level,3337,1,62,62,,
2026-08-04,A. 0,Control,currency,HardCoin,coins,purchase_pre_level_booster,map_pre_level_booster,pre_level_booster_2,4495,1,1,150,150,0
2026-08-04,A. 0,Control,currency,HardCoin,coins,purchase_pre_level_booster,map_pre_level_booster,pre_level_booster_1,4495,2,2,200,200,0
2026-08-09,E. 40-99,Control,ul_pre_booster,UnlimitedBooster1,items,in_game_use,saga,in_level,3337,1303,14419,14419,,
2026-08-09,E. 40-99,Control,powerup,powerup_3,items,in_game_use,saga,in_level,3337,2466,8454,8454,,
2026-08-07,F. 100+,Variant,pre_level_booster,pre_level_booster_2,items,in_game_use,saga,in_level,439,323,1858,1858,,
2026-08-07,F. 100+,Variant,powerup,powerup_2,items,in_game_use,saga,in_level,439,388,2138,2138,,
2026-08-07,F. 100+,Variant,currency,HardCoin,coins,extra_moves,level_movesplus15,15,439,28,34,3400,3190,210
2026-08-05,A. 0,Variant,powerup,powerup_3,items,in_game_use,dream_peak,in_level,4733,520,1635,1635,,
2026-08-05,A. 0,Variant,pre_level_booster,pre_level_booster_3,items,in_game_use,dream_peak,in_level,4733,317,873,873,,
2026-08-05,A. 0,Variant,currency,HardCoin,coins,extra_moves,level_movesplus10,10,4733,29,34,3400,3100,300
2026-08-05,A. 0,Variant,ul_pre_booster,UnlimitedBooster1,items,in_game_use,saga,in_level,4733,78,163,163,,
2026-08-05,A. 0,Variant,pre_level_booster,pre_level_booster_1,items,in_game_use,saga,in_level,4733,259,320,320,,
2026-08-05,A. 0,Variant,powerup,powerup_2,items,in_game_use,saga,in_level,4733,177,287,287,,
2026-08-05,A. 0,Variant,powerup,powerup_1,items,in_game_use,saga,in_level,4733,72,95,95,,
2026-08-04,A. 0,Control,life,life,items,in_game_use,saga,in_level,4495,1380,5800,5800,,
2026-08-04,A. 0,Control,ul_pre_booster,UnlimitedBooster2,items,in_game_use,saga,in_level,4495,35,87,87,,
2026-08-04,A. 0,Control,pre_level_booster,pre_level_booster_2,items,in_game_use,saga,in_level,4495,276,346,346,,
2026-08-04,A. 0,Control,life,life,items,in_game_use,dream_peak,in_level,4495,313,19843,19843,,
2026-08-04,A. 0,Control,ul_pre_booster,UnlimitedBooster1,items,in_game_use,dream_peak,in_level,4495,198,4106,4106,,
2026-08-04,A. 0,Control,powerup,powerup_1,items,in_game_use,dream_peak,in_level,4495,233,556,556,,
2026-08-04,A. 0,Control,powerup,powerup_2,items,in_game_use,dream_peak,in_level,4495,244,684,684,,
2026-08-04,A. 0,Control,powerup,powerup_3,items,in_game_use,dream_peak,in_level,4495,267,640,640,,
2026-08-04,A. 0,Control,currency,HardCoin,coins,purchase_powerup,level_powerup,powerup_2,4495,10,17,2550,2165,385
2026-08-04,A. 0,Control,currency,HardCoin,coins,purchase_lives,level_lives,purchase_lives,4495,39,45,2250,1344,906
2026-08-05,A. 0,Variant,currency,HardCoin,coins,extra_moves,level_movesplus30,30,4733,20,20,2000,1925,75
2026-08-05,A. 0,Variant,currency,HardCoin,coins,purchase_lives,map_lives,purchase_lives,4733,20,24,1200,823,377
2026-08-05,A. 0,Variant,currency,HardCoin,coins,extra_moves,level_movesplus45,45,4733,4,4,400,400,0
2026-08-05,A. 0,Variant,currency,HardCoin,coins,purchase_powerup,level_powerup,powerup_2,4733,6,8,1200,900,300
2026-08-05,A. 0,Variant,currency,HardCoin,coins,purchase_powerup,level_powerup,powerup_3,4733,4,4,800,800,0
2026-08-05,A. 0,Variant,currency,HardCoin,coins,extra_moves,level_movesplus40,40,4733,4,4,400,400,0
2026-08-04,A. 0,Control,currency,HardCoin,coins,purchase_pre_level_booster,level_pre_level_booster,pre_level_booster_1,4495,1,1,100,100,0
2026-08-04,A. 0,Control,currency,HardCoin,coins,purchase_pre_level_booster,map_pre_level_booster,pre_level_booster_3,4495,1,1,200,200,0
2026-08-09,E. 40-99,Control,currency,HardCoin,coins,purchase_lives,level_lives,purchase_lives,3337,162,298,14900,11413,3487
2026-08-09,E. 40-99,Control,currency,HardCoin,coins,purchase_lives,map_lives,purchase_lives,3337,84,107,5350,3897,1453
2026-08-09,E. 40-99,Control,currency,HardCoin,coins,extra_moves,level_movesplus25,25,3337,52,55,5500,4901,599
2026-08-09,E. 40-99,Control,currency,HardCoin,coins,purchase_powerup,level_powerup,powerup_3,3337,9,11,2200,2200,0
2026-08-07,F. 100+,Variant,currency,HardCoin,coins,extra_moves,level_movesplus25,25,439,9,12,1200,932,268
2026-08-07,F. 100+,Variant,currency,HardCoin,coins,extra_moves,level_movesplus40,40,439,9,9,900,900,0
2026-08-09,E. 40-99,Control,currency,HardCoin,coins,extra_moves,level_movesplus35,35,3337,22,24,2400,2187,213
2026-08-09,E. 40-99,Control,currency,HardCoin,coins,purchase_pre_level_booster,map_pre_level_booster,pre_level_booster_2,3337,3,38,5700,200,5500
2026-08-09,E. 40-99,Control,currency,HardCoin,coins,purchase_pre_level_booster,map_pre_level_booster,pre_level_booster_1,3337,6,40,4000,300,3700
2026-08-04,A. 0,Control,currency,HardCoin,coins,extra_moves,level_movesplus45,45,4495,1,1,100,100,0
2026-08-09,E. 40-99,Control,powerup,powerup_1,items,in_game_use,dream_peak,in_level,3337,1,16,16,,
2026-08-09,E. 40-99,Control,powerup,powerup_3,items,in_game_use,dream_peak,in_level,3337,1,19,19,,
2026-08-09,E. 40-99,Control,pre_level_booster,pre_level_booster_2,items,in_game_use,dream_peak,in_level,3337,1,27,27,,
2026-08-09,E. 40-99,Control,ul_pre_booster,UnlimitedBooster1,items,in_game_use,dream_peak,in_level,3337,1,7,7,,
2026-08-05,A. 0,Variant,currency,HardCoin,coins,purchase_pre_level_booster,map_pre_level_booster,pre_level_booster_3,4733,1,1,200,200,0
2026-08-09,E. 40-99,Control,life,life,items,in_game_use,saga,in_level,3337,2887,60988,60988,,
2026-08-09,E. 40-99,Control,currency,HardCoin,coins,extra_moves,level_movesplus5,5,3337,2593,8679,867900,791412,76488
2026-08-07,F. 100+,Variant,ul_pre_booster,UnlimitedBooster1,items,in_game_use,saga,in_level,439,371,6481,6481,,
2026-08-07,F. 100+,Variant,pre_level_booster,pre_level_booster_1,items,in_game_use,saga,in_level,439,345,1668,1668,,
2026-08-07,F. 100+,Variant,life,life,items,in_game_use,saga,in_level,439,393,6336,6336,,
2026-08-07,F. 100+,Variant,currency,HardCoin,coins,extra_moves,level_movesplus10,10,439,38,51,5100,4840,260
2026-08-07,F. 100+,Variant,currency,HardCoin,coins,level_movesplus5,level_movesplus5,level_movesplus5,439,1,3,300,300,0
2026-08-07,F. 100+,Variant,currency,HardCoin,coins,purchase_lives,map_lives,purchase_lives,439,9,16,800,554,246
2026-08-05,A. 0,Variant,currency,HardCoin,coins,extra_moves,level_movesplus25,25,4733,18,19,1900,1800,100
2026-08-05,A. 0,Variant,ul_pre_booster,UnlimitedBooster1,items,in_game_use,dream_peak,in_level,4733,189,2187,2187,,
2026-08-04,A. 0,Control,ul_pre_booster,UnlimitedBooster3,items,in_game_use,dream_peak,in_level,4495,172,2408,2408,,
2026-08-04,A. 0,Control,currency,HardCoin,coins,extra_moves,level_movesplus50,50,4495,22,25,2500,1897,603
2026-08-04,A. 0,Control,powerup,powerup_2,items,in_game_use,saga,in_level,4495,149,216,216,,
2026-08-04,A. 0,Control,currency,HardCoin,coins,extra_moves,level_movesplus10,10,4495,20,22,2200,2100,100
2026-08-04,A. 0,Control,powerup,powerup_1,items,in_game_use,saga,in_level,4495,61,69,69,,
2026-08-09,E. 40-99,Control,pre_level_booster,pre_level_booster_3,items,in_game_use,saga,in_level,3337,1789,4913,4913,,
2026-08-05,A. 0,Variant,currency,HardCoin,coins,extra_moves,level_movesplus15,15,4733,13,16,1600,1408,192
2026-08-04,A. 0,Control,currency,HardCoin,coins,extra_moves,level_movesplus35,35,4495,4,4,400,302,98
2026-08-04,A. 0,Control,currency,HardCoin,coins,extra_moves,level_movesplus15,15,4495,12,16,1600,1541,59
2026-08-09,E. 40-99,Control,currency,HardCoin,coins,purchase_pre_level_booster,level_pre_level_booster,pre_level_booster_3,3337,4,4,800,645,155
2026-08-04,A. 0,Control,currency,HardCoin,coins,extra_moves,level_movesplus25,25,4495,9,9,900,750,150
2026-08-09,E. 40-99,Control,currency,HardCoin,coins,purchase_powerup,level_powerup,powerup_2,3337,16,22,3300,2565,735
2026-08-04,A. 0,Control,currency,HardCoin,coins,purchase_powerup,level_powerup,powerup_1,4495,1,1,500,500,0
2026-08-09,E. 40-99,Control,currency,HardCoin,coins,extra_moves,level_movesplus45,45,3337,12,13,1300,935,365
2026-08-07,F. 100+,Variant,currency,HardCoin,coins,purchase_powerup,level_powerup,powerup_3,439,1,1,200,200,0
2026-08-09,E. 40-99,Control,currency,HardCoin,coins,purchase_powerup,level_powerup,powerup_1,3337,4,4,2000,1500,500
2026-08-05,A. 0,Variant,currency,HardCoin,coins,extra_moves,level_movesplus35,35,4733,2,2,200,200,0
2026-08-09,E. 40-99,Control,pre_level_booster,pre_level_booster_1,items,in_game_use,dream_peak,in_level,3337,1,69,69,,
2026-08-09,E. 40-99,Control,ul_pre_booster,UnlimitedBooster2,items,in_game_use,dream_peak,in_level,3337,1,7,7,,
2026-08-09,E. 40-99,Control,powerup,powerup_2,items,in_game_use,dream_peak,in_level,3337,1,29,29,,
2026-08-04,C. 10-19,Variant,pre_level_booster,pre_level_booster_2,items,in_game_use,saga,in_level,5839,2676,5782,5782,,
2026-08-04,C. 10-19,Variant,pre_level_booster,pre_level_booster_1,items,in_game_use,saga,in_level,5839,2968,6046,6046,,
2026-08-04,C. 10-19,Variant,currency,HardCoin,coins,purchase_lives,map_lives,purchase_lives,5839,49,61,3050,2075,975
2026-08-02,F. 100+,Variant,life,life,items,in_game_use,saga,in_level,442,403,7723,7723,,
2026-08-02,F. 100+,Variant,ul_pre_booster,UnlimitedBooster2,items,in_game_use,saga,in_level,442,224,4063,4063,,
2026-08-02,F. 100+,Variant,ul_pre_booster,UnlimitedBooster1,items,in_game_use,saga,in_level,442,221,5207,5207,,
2026-08-02,F. 100+,Variant,pre_level_booster,pre_level_booster_2,items,in_game_use,saga,in_level,442,307,1679,1679,,
2026-08-02,F. 100+,Variant,currency,HardCoin,coins,purchase_lives,map_lives,purchase_lives,442,13,27,1350,1093,257
2026-08-03,C. 10-19,Control,currency,HardCoin,coins,extra_moves,level_movesplus5,5,5776,2733,4852,485200,459975,25225
2026-08-03,C. 10-19,Control,ul_pre_booster,UnlimitedBooster1,items,in_game_use,saga,in_level,5776,1748,11861,11861,,
2026-08-03,C. 10-19,Control,ul_pre_booster,UnlimitedBooster2,items,in_game_use,dream_peak,in_level,5776,44,460,460,,
2026-08-03,C. 10-19,Control,currency,HardCoin,coins,extra_moves,level_movesplus50,50,5776,157,169,16900,15864,1036
2026-08-03,C. 10-19,Control,currency,HardCoin,coins,purchase_lives,level_lives,purchase_lives,5776,163,246,12300,8788,3512
2026-08-03,C. 10-19,Control,powerup,powerup_2,items,in_game_use,dream_peak,in_level,5776,71,115,115,,
2026-08-03,C. 10-19,Control,pre_level_booster,pre_level_booster_2,items,in_game_use,dream_peak,in_level,5776,41,75,75,,
2026-08-03,C. 10-19,Control,pre_level_booster,pre_level_booster_1,items,in_game_use,dream_peak,in_level,5776,33,53,53,,
2026-08-04,C. 10-19,Variant,ul_pre_booster,UnlimitedBooster2,items,in_game_use,saga,in_level,5839,579,4908,4908,,
2026-08-04,C. 10-19,Variant,ul_pre_booster,UnlimitedBooster3,items,in_game_use,saga,in_level,5839,164,1889,1889,,
2026-08-04,C. 10-19,Variant,powerup,powerup_1,items,in_game_use,dream_peak,in_level,5839,42,80,80,,
2026-08-04,C. 10-19,Variant,powerup,powerup_2,items,in_game_use,dream_peak,in_level,5839,49,137,137,,
2026-08-04,C. 10-19,Variant,currency,HardCoin,coins,purchase_pre_level_booster,map_pre_level_booster,pre_level_booster_2,5839,3,3,450,300,150
2026-08-04,C. 10-19,Variant,currency,HardCoin,coins,purchase_pre_level_booster,map_pre_level_booster,pre_level_booster_1,5839,15,16,1600,1500,100
2026-08-04,C. 10-19,Variant,currency,HardCoin,coins,purchase_pre_level_booster,map_pre_level_booster,pre_level_booster_3,5839,16,16,3200,3000,200
2026-08-03,C. 10-19,Control,ul_pre_booster,UnlimitedBooster3,items,in_game_use,dream_peak,in_level,5776,16,190,190,,
2026-08-03,C. 10-19,Control,powerup,powerup_1,items,in_game_use,dream_peak,in_level,5776,43,67,67,,
2026-08-03,C. 10-19,Control,currency,HardCoin,coins,purchase_pre_level_booster,map_pre_level_booster,pre_level_booster_2,5776,4,12,1800,450,1350
2026-08-02,F. 100+,Variant,currency,HardCoin,coins,extra_moves,level_movesplus35,35,442,5,6,600,600,0
2026-08-02,F. 100+,Variant,currency,HardCoin,coins,level_movesplus5,level_movesplus5,level_movesplus5,442,1,1,100,100,0
2026-08-04,C. 10-19,Variant,currency,HardCoin,coins,purchase_pre_level_booster,level_pre_level_booster,pre_level_booster_2,5839,1,1,150,150,0
2026-08-04,C. 10-19,Variant,ul_pre_booster,UnlimitedBooster1,items,in_game_use,saga,in_level,5839,1419,9490,9490,,
2026-08-02,F. 100+,Variant,ul_pre_booster,UnlimitedBooster3,items,in_game_use,saga,in_level,442,218,3060,3060,,
2026-08-02,F. 100+,Variant,currency,HardCoin,coins,extra_moves,level_movesplus50,50,442,27,30,3000,2682,318
2026-08-02,F. 100+,Variant,currency,HardCoin,coins,extra_moves,level_movesplus20,20,442,11,11,1100,1100,0
2026-08-03,C. 10-19,Control,life,life,items,in_game_use,saga,in_level,5776,4154,47890,47890,,
2026-08-03,C. 10-19,Control,powerup,powerup_3,items,in_game_use,saga,in_level,5776,2847,5486,5486,,
2026-08-03,C. 10-19,Control,ul_pre_booster,UnlimitedBooster1,items,in_game_use,dream_peak,in_level,5776,57,583,583,,
2026-08-03,C. 10-19,Control,currency,HardCoin,coins,extra_moves,level_movesplus25,25,5776,76,81,8100,7561,539
2026-08-03,C. 10-19,Control,currency,HardCoin,coins,extra_moves,level_movesplus20,20,5776,93,95,9500,9240,260
2026-08-03,C. 10-19,Control,currency,HardCoin,coins,purchase_pre_level_booster,map_pre_level_booster,pre_level_booster_1,5776,22,36,3600,2400,1200
2026-08-03,C. 10-19,Control,currency,HardCoin,coins,extra_moves,level_movesplus10,10,5776,135,142,14200,13792,408
2026-08-03,C. 10-19,Control,currency,HardCoin,coins,extra_moves,level_movesplus30,30,5776,46,46,4600,4245,355
2026-08-04,C. 10-19,Variant,currency,HardCoin,coins,extra_moves,level_movesplus50,50,5839,94,101,10100,9073,1027
2026-08-04,C. 10-19,Variant,powerup,powerup_3,items,in_game_use,dream_peak,in_level,5839,50,94,94,,
2026-08-04,C. 10-19,Variant,pre_level_booster,pre_level_booster_1,items,in_game_use,dream_peak,in_level,5839,35,68,68,,
2026-08-04,C. 10-19,Variant,pre_level_booster,pre_level_booster_2,items,in_game_use,dream_peak,in_level,5839,36,65,65,,
2026-08-04,C. 10-19,Variant,currency,HardCoin,coins,extra_moves,level_movesplus45,45,5839,21,21,2100,1808,292
2026-08-04,C. 10-19,Variant,currency,HardCoin,coins,extra_moves,level_movesplus20,20,5839,76,79,7900,7552,348
2026-08-04,C. 10-19,Variant,currency,HardCoin,coins,extra_moves,level_movesplus40,40,5839,21,21,2100,1861,239
2026-08-02,F. 100+,Variant,currency,HardCoin,coins,purchase_powerup,level_powerup,powerup_2,442,8,19,2850,2390,460
2026-08-02,F. 100+,Variant,currency,HardCoin,coins,team_created,unknown,unknown,442,1,1,150,150,0
2026-08-09,C. 10-19,Control,powerup,powerup_2,items,in_game_use,saga,in_level,5851,2399,4925,4925,,
2026-08-09,C. 10-19,Control,currency,HardCoin,coins,extra_moves,level_movesplus10,10,5851,111,121,12100,11152,948
2026-08-09,C. 10-19,Control,currency,HardCoin,coins,purchase_pre_level_booster,map_pre_level_booster,pre_level_booster_1,5851,21,38,3800,1800,2000
2026-08-06,A. 0,Control,life,life,items,in_game_use,saga,in_level,5113,1511,6423,6423,,
2026-08-08,C. 10-19,Variant,pre_level_booster,pre_level_booster_2,items,in_game_use,saga,in_level,5766,2530,5418,5418,,
2026-08-08,C. 10-19,Variant,ul_pre_booster,UnlimitedBooster1,items,in_game_use,saga,in_level,5766,1494,10093,10093,,
2026-08-08,C. 10-19,Variant,currency,HardCoin,coins,purchase_pre_level_booster,map_pre_level_booster,pre_level_booster_3,5766,24,37,7400,4400,3000
2026-08-08,C. 10-19,Variant,currency,HardCoin,coins,extra_moves,level_movesplus30,30,5766,35,36,3600,3155,445
2026-08-08,C. 10-19,Variant,currency,HardCoin,coins,purchase_lives,level_lives,purchase_lives,5766,127,167,8350,5196,3154
2026-08-08,C. 10-19,Variant,currency,HardCoin,coins,extra_moves,level_movesplus15,15,5766,67,68,6800,6385,415
2026-08-06,A. 0,Control,life,life,items,in_game_use,dream_peak,in_level,5113,771,35191,35191,,
2026-08-06,A. 0,Control,pre_level_booster,pre_level_booster_2,items,in_game_use,dream_peak,in_level,5113,263,595,595,,
2026-08-06,A. 0,Control,pre_level_booster,pre_level_booster_3,items,in_game_use,dream_peak,in_level,5113,257,508,508,,
2026-08-06,A. 0,Control,pre_level_booster,pre_level_booster_1,items,in_game_use,saga,in_level,5113,216,277,277,,
2026-08-06,A. 0,Control,powerup,powerup_3,items,in_game_use,saga,in_level,5113,164,211,211,,
2026-08-03,D. 20-39,Control,life,life,items,in_game_use,saga,in_level,4815,3658,54947,54947,,
2026-08-03,D. 20-39,Control,currency,HardCoin,coins,extra_moves,level_movesplus10,10,4815,149,162,16200,15886,314
2026-08-03,D. 20-39,Control,currency,HardCoin,coins,extra_moves,level_movesplus15,15,4815,111,117,11700,11176,524
2026-08-03,D. 20-39,Control,currency,HardCoin,coins,purchase_lives,level_lives,purchase_lives,4815,159,242,12100,8274,3826
2026-08-03,D. 20-39,Control,ul_pre_booster,UnlimitedBooster3,items,in_game_use,dream_peak,in_level,4815,75,1492,1492,,
2026-08-03,D. 20-39,Control,ul_pre_booster,UnlimitedBooster1,items,in_game_use,dream_peak,in_level,4815,93,2039,2039,,
2026-08-03,D. 20-39,Control,currency,HardCoin,coins,extra_moves,level_movesplus30,30,4815,41,43,4300,3967,333
2026-08-03,D. 20-39,Control,currency,HardCoin,coins,purchase_pre_level_booster,map_pre_level_booster,pre_level_booster_1,4815,13,30,3000,1100,1900
2026-08-03,D. 20-39,Control,powerup,powerup_2,items,in_game_use,dream_peak,in_level,4815,130,281,281,,
2026-08-03,D. 20-39,Control,currency,HardCoin,coins,extra_moves,level_movesplus35,35,4815,27,27,2700,2513,187
2026-08-06,A. 0,Control,currency,HardCoin,coins,extra_moves,level_movesplus45,45,5113,5,5,500,347,153
2026-08-06,A. 0,Control,currency,HardCoin,coins,purchase_lives,level_lives,purchase_lives,5113,70,84,4200,1948,2252
2026-08-08,C. 10-19,Variant,pre_level_booster,pre_level_booster_2,items,in_game_use,dream_peak,in_level,5766,7,34,34,,
2026-08-08,C. 10-19,Variant,currency,HardCoin,coins,purchase_pre_level_booster,map_pre_level_booster,pre_level_booster_2,5766,7,22,3300,750,2550
2026-08-08,C. 10-19,Variant,powerup,powerup_2,items,in_game_use,dream_peak,in_level,5766,7,22,22,,
2026-08-06,A. 0,Control,currency,HardCoin,coins,purchase_pre_level_booster,level_pre_level_booster,pre_level_booster_1,5113,2,2,200,200,0
2026-08-06,A. 0,Control,currency,HardCoin,coins,extra_moves,level_movesplus40,40,5113,6,6,600,600,0
2026-08-09,C. 10-19,Control,currency,HardCoin,coins,purchase_pre_level_booster,level_pre_level_booster,pre_level_booster_3,5851,2,2,400,400,0
2026-08-06,A. 0,Control,currency,HardCoin,coins,extra_moves,level_movesplus30,30,5113,16,17,1700,1542,158
2026-08-06,A. 0,Control,currency,HardCoin,coins,purchase_pre_level_booster,map_pre_level_booster,pre_level_booster_1,5113,2,2,200,200,0
2026-08-08,C. 10-19,Variant,currency,HardCoin,coins,purchase_pre_level_booster,level_pre_level_booster,pre_level_booster_3,5766,1,1,200,200,0
2026-08-03,D. 20-39,Control,currency,HardCoin,coins,purchase_powerup,level_powerup,powerup_1,4815,2,3,1500,1500,0
2026-08-06,A. 0,Control,currency,HardCoin,coins,purchase_pre_level_booster,level_pre_level_booster,pre_level_booster_2,5113,1,1,150,150,0
2026-08-06,A. 0,Control,unlimited_lives,UnlimitedLives,items,in_game_use,saga,in_level,5113,1,5,5,,
2026-08-09,C. 10-19,Control,pre_level_booster,pre_level_booster_3,items,in_game_use,saga,in_level,5851,1917,3311,3311,,
2026-08-09,C. 10-19,Control,powerup,powerup_1,items,in_game_use,saga,in_level,5851,1393,2069,2069,,
2026-08-09,C. 10-19,Control,ul_pre_booster,UnlimitedBooster2,items,in_game_use,saga,in_level,5851,530,4467,4467,,
2026-08-09,C. 10-19,Control,currency,HardCoin,coins,extra_moves,level_movesplus45,45,5851,16,16,1600,1295,305
2026-08-09,C. 10-19,Control,currency,HardCoin,coins,extra_moves,level_movesplus50,50,5851,102,111,11100,10288,812
2026-08-08,C. 10-19,Variant,life,life,items,in_game_use,saga,in_level,5766,4638,40952,40952,,
2026-08-08,C. 10-19,Variant,currency,HardCoin,coins,extra_moves,level_movesplus5,5,5766,2123,3647,364700,336077,28623
2026-08-08,C. 10-19,Variant,currency,HardCoin,coins,purchase_lives,map_lives,purchase_lives,5766,64,81,4050,2566,1484
2026-08-08,C. 10-19,Variant,currency,HardCoin,coins,extra_moves,level_movesplus35,35,5766,24,24,2400,2210,190
2026-08-08,C. 10-19,Variant,currency,HardCoin,coins,extra_moves,level_movesplus50,50,5766,102,107,10700,9325,1375
2026-08-06,A. 0,Control,ul_pre_booster,UnlimitedBooster1,items,in_game_use,dream_peak,in_level,5113,213,3263,3263,,
2026-08-06,A. 0,Control,ul_pre_booster,UnlimitedBooster2,items,in_game_use,dream_peak,in_level,5113,214,3045,3045,,
2026-08-08,C. 10-19,Variant,currency,HardCoin,coins,extra_moves,level_movesplus20,20,5766,51,51,5100,4660,440
2026-08-06,A. 0,Control,ul_pre_booster,UnlimitedBooster3,items,in_game_use,dream_peak,in_level,5113,246,3457,3457,,
2026-08-06,A. 0,Control,powerup,powerup_1,items,in_game_use,dream_peak,in_level,5113,464,870,870,,
2026-08-06,A. 0,Control,pre_level_booster,pre_level_booster_2,items,in_game_use,saga,in_level,5113,226,288,288,,
2026-08-06,A. 0,Control,currency,HardCoin,coins,extra_moves,level_movesplus50,50,5113,62,67,6700,5740,960
2026-08-06,A. 0,Control,powerup,powerup_1,items,in_game_use,saga,in_level,5113,50,72,72,,
2026-08-06,A. 0,Control,currency,HardCoin,coins,extra_moves,level_movesplus20,20,5113,21,22,2200,2021,179
2026-08-03,D. 20-39,Control,pre_level_booster,pre_level_booster_2,items,in_game_use,saga,in_level,4815,2680,7992,7992,,
2026-08-03,D. 20-39,Control,powerup,powerup_1,items,in_game_use,saga,in_level,4815,2352,4352,4352,,
2026-08-03,D. 20-39,Control,currency,HardCoin,coins,extra_moves,level_movesplus5,5,4815,3145,8016,801600,739246,62354
2026-08-03,D. 20-39,Control,currency,HardCoin,coins,purchase_powerup,level_powerup,powerup_2,4815,18,19,2850,2700,150
2026-08-03,D. 20-39,Control,currency,HardCoin,coins,extra_moves,level_movesplus25,25,4815,59,62,6200,5626,574
2026-08-03,D. 20-39,Control,currency,HardCoin,coins,purchase_pre_level_booster,map_pre_level_booster,pre_level_booster_2,4815,5,27,4050,450,3600
2026-08-06,A. 0,Control,currency,HardCoin,coins,purchase_powerup,level_powerup,powerup_2,5113,13,16,2400,2215,185
2026-08-09,C. 10-19,Control,ul_pre_booster,UnlimitedBooster1,items,in_game_use,dream_peak,in_level,5851,6,59,59,,
2026-08-09,C. 10-19,Control,life,life,items,in_game_use,dream_peak,in_level,5851,11,259,259,,
2026-08-09,C. 10-19,Control,powerup,powerup_3,items,in_game_use,dream_peak,in_level,5851,9,20,20,,
2026-08-08,C. 10-19,Variant,life,life,items,in_game_use,dream_peak,in_level,5766,5,30,30,,
2026-08-08,C. 10-19,Variant,ul_pre_booster,UnlimitedBooster2,items,in_game_use,dream_peak,in_level,5766,7,82,82,,
2026-08-08,C. 10-19,Variant,pre_level_booster,pre_level_booster_3,items,in_game_use,dream_peak,in_level,5766,4,13,13,,
2026-08-06,A. 0,Control,currency,HardCoin,coins,purchase_powerup,level_powerup,powerup_3,5113,5,5,1000,1000,0
2026-08-09,C. 10-19,Control,currency,HardCoin,coins,team_created,unknown,unknown,5851,2,2,300,300,0
2026-08-09,C. 10-19,Control,ul_pre_booster,UnlimitedBooster3,items,in_game_use,dream_peak,in_level,5851,3,40,40,,
2026-08-08,C. 10-19,Variant,ul_pre_booster,UnlimitedBooster3,items,in_game_use,dream_peak,in_level,5766,4,83,83,,
2026-08-08,C. 10-19,Variant,ul_pre_booster,UnlimitedBooster1,items,in_game_use,dream_peak,in_level,5766,7,93,93,,
2026-08-08,C. 10-19,Variant,powerup,powerup_1,items,in_game_use,dream_peak,in_level,5766,5,10,10,,
2026-08-03,D. 20-39,Control,currency,HardCoin,coins,purchase_pre_level_booster,level_pre_level_booster,pre_level_booster_3,4815,3,4,800,800,0
2026-08-09,C. 10-19,Control,currency,HardCoin,coins,purchase_powerup,level_powerup,powerup_2,5851,9,10,1500,1500,0
2026-08-09,C. 10-19,Control,powerup,powerup_1,items,in_game_use,dream_peak,in_level,5851,3,7,7,,
2026-08-06,A. 0,Control,currency,HardCoin,coins,purchase_pre_level_booster,map_pre_level_booster,pre_level_booster_2,5113,1,1,150,150,0
2026-08-09,C. 10-19,Control,life,life,items,in_game_use,saga,in_level,5851,4370,47987,47987,,
2026-08-09,C. 10-19,Control,currency,HardCoin,coins,extra_moves,level_movesplus5,5,5851,2461,4197,419700,392757,26943
2026-08-09,C. 10-19,Control,currency,HardCoin,coins,extra_moves,level_movesplus25,25,5851,43,45,4500,4139,361
2026-08-09,C. 10-19,Control,ul_pre_booster,UnlimitedBooster3,items,in_game_use,saga,in_level,5851,176,2077,2077,,
2026-08-09,C. 10-19,Control,currency,HardCoin,coins,extra_moves,level_movesplus40,40,5851,15,15,1500,1400,100
2026-08-09,C. 10-19,Control,currency,HardCoin,coins,purchase_lives,level_lives,purchase_lives,5851,153,230,11500,7831,3669
2026-08-09,C. 10-19,Control,currency,HardCoin,coins,purchase_lives,map_lives,purchase_lives,5851,63,78,3900,2876,1024
2026-08-09,C. 10-19,Control,currency,HardCoin,coins,extra_moves,level_movesplus15,15,5851,94,99,9900,9142,758
2026-08-06,A. 0,Control,currency,HardCoin,coins,purchase_lives,map_lives,purchase_lives,5113,47,63,3150,1829,1321
2026-08-08,C. 10-19,Variant,powerup,powerup_3,items,in_game_use,saga,in_level,5766,2255,3913,3913,,
2026-08-08,C. 10-19,Variant,currency,HardCoin,coins,extra_moves,level_movesplus25,25,5766,38,38,3800,3498,302
2026-08-08,C. 10-19,Variant,ul_pre_booster,UnlimitedBooster2,items,in_game_use,saga,in_level,5766,1145,7884,7884,,
2026-08-08,C. 10-19,Variant,currency,HardCoin,coins,extra_moves,level_movesplus45,45,5766,14,14,1400,1323,77
2026-08-06,A. 0,Control,powerup,powerup_2,items,in_game_use,dream_peak,in_level,5113,553,1247,1247,,
2026-08-06,A. 0,Control,pre_level_booster,pre_level_booster_1,items,in_game_use,dream_peak,in_level,5113,276,597,597,,
2026-08-06,A. 0,Control,currency,HardCoin,coins,extra_moves,level_movesplus15,15,5113,26,27,2700,2426,274
2026-08-03,D. 20-39,Control,powerup,powerup_2,items,in_game_use,saga,in_level,4815,2873,7610,7610,,
2026-08-03,D. 20-39,Control,pre_level_booster,pre_level_booster_3,items,in_game_use,saga,in_level,4815,2066,4248,4248,,
2026-08-03,D. 20-39,Control,ul_pre_booster,UnlimitedBooster1,items,in_game_use,saga,in_level,4815,2537,21800,21800,,
2026-08-03,D. 20-39,Control,powerup,powerup_3,items,in_game_use,saga,in_level,4815,3056,7859,7859,,
2026-08-03,D. 20-39,Control,currency,HardCoin,coins,extra_moves,level_movesplus50,50,4815,82,89,8900,8356,544
2026-08-03,D. 20-39,Control,life,life,items,in_game_use,dream_peak,in_level,4815,176,4487,4487,,
2026-08-03,D. 20-39,Control,powerup,powerup_1,items,in_game_use,dream_peak,in_level,4815,81,135,135,,
2026-08-03,D. 20-39,Control,pre_level_booster,pre_level_booster_1,items,in_game_use,dream_peak,in_level,4815,82,122,122,,
2026-08-03,D. 20-39,Control,currency,HardCoin,coins,extra_moves,level_movesplus40,40,4815,22,23,2300,1997,303
2026-08-06,A. 0,Control,ul_pre_booster,UnlimitedBooster3,items,in_game_use,saga,in_level,5113,10,15,15,,
2026-08-09,C. 10-19,Control,pre_level_booster,pre_level_booster_1,items,in_game_use,dream_peak,in_level,5851,6,14,14,,
2026-08-09,C. 10-19,Control,pre_level_booster,pre_level_booster_3,items,in_game_use,dream_peak,in_level,5851,6,11,11,,
2026-08-09,C. 10-19,Control,currency,HardCoin,coins,purchase_powerup,level_powerup,powerup_3,5851,10,10,2000,1635,365
2026-08-08,C. 10-19,Variant,powerup,powerup_3,items,in_game_use,dream_peak,in_level,5766,5,14,14,,
2026-08-09,C. 10-19,Control,currency,HardCoin,coins,purchase_powerup,level_powerup,powerup_1,5851,5,6,3000,2020,980
2026-08-03,D. 20-39,Control,unlimited_lives,UnlimitedLives,items,in_game_use,saga,in_level,4815,1,12,12,,
2026-08-06,A. 0,Control,currency,HardCoin,coins,purchase_powerup,level_powerup,powerup_1,5113,2,2,1000,1000,0
2026-08-08,C. 10-19,Variant,currency,HardCoin,coins,team_created,unknown,unknown,5766,3,3,450,450,0
2026-08-09,C. 10-19,Control,currency,HardCoin,coins,level_movesplus5,level_movesplus5,level_movesplus5,5851,1,1,100,100,0
2026-08-09,B. 1-9,Variant,pre_level_booster,pre_level_booster_1,items,in_game_use,saga,in_level,7378,2527,4064,4064,,
2026-08-09,B. 1-9,Variant,pre_level_booster,pre_level_booster_3,items,in_game_use,saga,in_level,7378,1434,1935,1935,,
2026-08-09,B. 1-9,Variant,currency,HardCoin,coins,extra_moves,level_movesplus20,20,7378,51,51,5100,4881,219
2026-08-05,A. 0,Control,life,life,items,in_game_use,saga,in_level,4810,1324,5374,5374,,
2026-08-05,B. 1-9,Control,currency,HardCoin,coins,purchase_lives,map_lives,purchase_lives,7431,56,63,3150,1903,1247
2026-08-05,B. 1-9,Control,currency,HardCoin,coins,extra_moves,level_movesplus40,40,7431,29,29,2900,2691,209
2026-08-03,F. 100+,Variant,ul_pre_booster,UnlimitedBooster3,items,in_game_use,saga,in_level,417,53,992,992,,
2026-08-03,F. 100+,Variant,ul_pre_booster,UnlimitedBooster2,items,in_game_use,saga,in_level,417,198,2987,2987,,
2026-08-03,F. 100+,Variant,pre_level_booster,pre_level_booster_2,items,in_game_use,saga,in_level,417,317,1824,1824,,
2026-08-03,F. 100+,Variant,currency,HardCoin,coins,extra_moves,level_movesplus15,15,417,25,30,3000,2800,200
2026-08-03,A. 0,Variant,pre_level_booster,pre_level_booster_1,items,in_game_use,saga,in_level,3994,231,293,293,,
2026-08-03,F. 100+,Variant,currency,HardCoin,coins,extra_moves,level_movesplus10,10,417,22,29,2900,2800,100
2026-08-03,A. 0,Variant,currency,HardCoin,coins,purchase_pre_level_booster,level_pre_level_booster,pre_level_booster_1,3994,2,2,200,200,0
2026-08-07,C. 10-19,Variant,pre_level_booster,pre_level_booster_1,items,in_game_use,saga,in_level,5738,2969,5689,5689,,
2026-08-07,C. 10-19,Variant,powerup,powerup_2,items,in_game_use,saga,in_level,5738,2567,6140,6140,,
2026-08-07,C. 10-19,Variant,currency,HardCoin,coins,purchase_lives,level_lives,purchase_lives,5738,111,139,6950,4261,2689
2026-08-07,C. 10-19,Variant,currency,HardCoin,coins,extra_moves,level_movesplus20,20,5738,51,52,5200,4821,379
2026-08-07,C. 10-19,Variant,ul_pre_booster,UnlimitedBooster3,items,in_game_use,saga,in_level,5738,140,1841,1841,,
2026-08-07,C. 10-19,Variant,pre_level_booster,pre_level_booster_2,items,in_game_use,dream_peak,in_level,5738,10,20,20,,
2026-08-07,C. 10-19,Variant,pre_level_booster,pre_level_booster_1,items,in_game_use,dream_peak,in_level,5738,8,13,13,,
2026-08-07,C. 10-19,Variant,powerup,powerup_1,items,in_game_use,dream_peak,in_level,5738,7,10,10,,
2026-08-07,C. 10-19,Variant,currency,HardCoin,coins,extra_moves,level_movesplus15,15,5738,85,87,8700,8449,251
2026-08-03,A. 0,Variant,currency,HardCoin,coins,extra_moves,level_movesplus15,15,3994,1,1,100,100,0
2026-08-05,B. 1-9,Control,pre_level_booster,pre_level_booster_1,items,in_game_use,dream_peak,in_level,7431,3,4,4,,
2026-08-05,B. 1-9,Control,powerup,powerup_3,items,in_game_use,dream_peak,in_level,7431,4,6,6,,
2026-08-05,B. 1-9,Control,currency,HardCoin,coins,purchase_powerup,level_powerup,powerup_3,7431,10,10,2000,2000,0
2026-08-05,A. 0,Control,currency,HardCoin,coins,extra_moves,level_movesplus35,35,4810,8,8,800,710,90
2026-08-06,D. 20-39,Variant,pre_level_booster,pre_level_booster_2,items,in_game_use,saga,in_level,4775,2200,5866,5866,,
2026-08-06,D. 20-39,Variant,pre_level_booster,pre_level_booster_3,items,in_game_use,saga,in_level,4775,2006,4327,4327,,
2026-08-06,C. 10-19,Variant,powerup,powerup_2,items,in_game_use,saga,in_level,5682,2501,5851,5851,,
2026-08-06,C. 10-19,Variant,currency,HardCoin,coins,extra_moves,level_movesplus50,50,5682,104,112,11200,9688,1512
2026-08-06,D. 20-39,Variant,powerup,powerup_1,items,in_game_use,saga,in_level,4775,1709,2940,2940,,
2026-08-06,C. 10-19,Variant,ul_pre_booster,UnlimitedBooster2,items,in_game_use,saga,in_level,5682,500,4569,4569,,
2026-08-06,D. 20-39,Variant,currency,HardCoin,coins,extra_moves,level_movesplus50,50,4775,79,84,8400,7011,1389
2026-08-06,D. 20-39,Variant,currency,HardCoin,coins,extra_moves,level_movesplus15,15,4775,74,77,7700,6875,825
2026-08-09,B. 1-9,Variant,currency,HardCoin,coins,extra_moves,level_movesplus5,5,7378,1431,2000,200000,188954,11046
2026-08-09,B. 1-9,Variant,ul_pre_booster,UnlimitedBooster1,items,in_game_use,saga,in_level,7378,991,4885,4885,,
2026-08-02,D. 20-39,Control,life,life,items,in_game_use,saga,in_level,4544,3606,54343,54343,,
2026-08-02,D. 20-39,Control,ul_pre_booster,UnlimitedBooster1,items,in_game_use,saga,in_level,4544,1320,11867,11867,,
2026-08-09,B. 1-9,Variant,currency,HardCoin,coins,extra_moves,level_movesplus35,35,7378,29,29,2900,2900,0
2026-08-06,C. 10-19,Variant,life,life,items,in_game_use,dream_peak,in_level,5682,40,935,935,,
2026-08-06,C. 10-19,Variant,currency,HardCoin,coins,purchase_powerup,level_powerup,powerup_3,5682,11,11,2200,2135,65
2026-08-09,B. 1-9,Variant,ul_pre_booster,UnlimitedBooster3,items,in_game_use,saga,in_level,7378,113,996,996,,
2026-08-09,B. 1-9,Variant,currency,HardCoin,coins,extra_moves,level_movesplus25,25,7378,43,43,4300,4290,10
2026-08-06,D. 20-39,Variant,currency,HardCoin,coins,extra_moves,level_movesplus45,45,4775,18,18,1800,1610,190
2026-08-02,D. 20-39,Control,currency,HardCoin,coins,extra_moves,level_movesplus45,45,4544,15,15,1500,1351,149
2026-08-06,D. 20-39,Variant,currency,HardCoin,coins,purchase_pre_level_booster,map_pre_level_booster,pre_level_booster_1,4775,10,20,2000,800,1200
2026-08-09,B. 1-9,Variant,currency,HardCoin,coins,purchase_powerup,level_powerup,powerup_1,7378,3,3,1500,1000,500
2026-08-02,D. 20-39,Control,currency,HardCoin,coins,purchase_pre_level_booster,map_pre_level_booster,pre_level_booster_1,4544,10,14,1400,1000,400
2026-08-03,A. 0,Variant,pre_level_booster,pre_level_booster_1,items,in_game_use,dream_peak,in_level,3994,8,16,16,,
2026-08-07,C. 10-19,Variant,currency,HardCoin,coins,purchase_pre_level_booster,map_pre_level_booster,pre_level_booster_1,5738,19,34,3400,1600,1800
2026-08-03,A. 0,Variant,ul_pre_booster,UnlimitedBooster3,items,in_game_use,saga,in_level,3994,15,32,32,,
2026-08-02,D. 20-39,Control,ul_pre_booster,UnlimitedBooster2,items,in_game_use,dream_peak,in_level,4544,3,33,33,,
2026-08-02,D. 20-39,Control,pre_level_booster,pre_level_booster_3,items,in_game_use,dream_peak,in_level,4544,2,6,6,,
2026-08-06,D. 20-39,Variant,currency,HardCoin,coins,purchase_powerup,level_powerup,powerup_3,4775,10,14,2800,1980,820
2026-08-06,D. 20-39,Variant,currency,HardCoin,coins,purchase_powerup,level_powerup,powerup_1,4775,2,2,1000,1000,0
2026-08-09,B. 1-9,Variant,life,life,items,in_game_use,dream_peak,in_level,7378,11,261,261,,
2026-08-09,B. 1-9,Variant,ul_pre_booster,UnlimitedBooster1,items,in_game_use,dream_peak,in_level,7378,7,178,178,,
2026-08-03,F. 100+,Variant,currency,HardCoin,coins,extra_moves,level_movesplus30,30,417,8,10,1000,1000,0
2026-08-05,A. 0,Control,currency,HardCoin,coins,purchase_powerup,level_powerup,powerup_2,4810,9,12,1800,1530,270
2026-08-07,C. 10-19,Variant,currency,HardCoin,coins,extra_moves,level_movesplus45,45,5738,15,15,1500,1260,240
2026-08-06,C. 10-19,Variant,currency,HardCoin,coins,purchase_pre_level_booster,level_pre_level_booster,pre_level_booster_3,5682,2,2,400,400,0
2026-08-07,C. 10-19,Variant,unlimited_lives,UnlimitedLives,items,in_game_use,saga,in_level,5738,1,2,2,,
2026-08-09,B. 1-9,Variant,currency,HardCoin,coins,extra_moves,level_movesplus40,40,7378,17,18,1800,1593,207
2026-08-06,D. 20-39,Variant,powerup,powerup_3,items,in_game_use,dream_peak,in_level,4775,3,15,15,,
2026-08-06,D. 20-39,Variant,pre_level_booster,pre_level_booster_3,items,in_game_use,dream_peak,in_level,4775,1,1,1,,
2026-08-09,B. 1-9,Variant,pre_level_booster,pre_level_booster_2,items,in_game_use,dream_peak,in_level,7378,6,9,9,,
2026-08-09,B. 1-9,Variant,powerup,powerup_1,items,in_game_use,dream_peak,in_level,7378,4,5,5,,
2026-08-03,A. 0,Variant,currency,HardCoin,coins,purchase_pre_level_booster,map_pre_level_booster,pre_level_booster_1,3994,1,1,100,100,0
2026-08-05,A. 0,Control,currency,HardCoin,coins,purchase_powerup,level_powerup,powerup_3,4810,2,2,400,400,0
2026-08-09,B. 1-9,Variant,powerup,powerup_3,items,in_game_use,dream_peak,in_level,7378,6,9,9,,
2026-08-05,A. 0,Control,currency,HardCoin,coins,extra_moves,level_movesplus40,40,4810,3,3,300,300,0
2026-08-03,A. 0,Variant,ul_pre_booster,UnlimitedBooster2,items,in_game_use,dream_peak,in_level,3994,5,42,42,,
2026-08-03,F. 100+,Variant,currency,HardCoin,coins,level_movesplus5,level_movesplus5,level_movesplus5,417,1,1,100,100,0
2026-08-03,A. 0,Variant,currency,HardCoin,coins,purchase_powerup,level_powerup,powerup_3,3994,3,3,600,600,0
2026-08-06,D. 20-39,Variant,currency,HardCoin,coins,purchase_pre_level_booster,level_pre_level_booster,pre_level_booster_1,4775,2,2,200,200,0
2026-08-07,C. 10-19,Variant,currency,HardCoin,coins,purchase_pre_level_booster,level_pre_level_booster,pre_level_booster_1,5738,2,2,200,200,0
2026-08-05,A. 0,Control,currency,HardCoin,coins,purchase_pre_level_booster,map_pre_level_booster,pre_level_booster_1,4810,1,1,100,100,0
2026-08-05,B. 1-9,Control,powerup,powerup_1,items,in_game_use,saga,in_level,7431,1082,1386,1386,,
2026-08-05,B. 1-9,Control,pre_level_booster,pre_level_booster_2,items,in_game_use,saga,in_level,7431,2234,3755,3755,,
2026-08-05,A. 0,Control,ul_pre_booster,UnlimitedBooster3,items,in_game_use,dream_peak,in_level,4810,245,3847,3847,,
2026-08-05,A. 0,Control,pre_level_booster,pre_level_booster_1,items,in_game_use,dream_peak,in_level,4810,299,626,626,,
2026-08-05,A. 0,Control,pre_level_booster,pre_level_booster_2,items,in_game_use,dream_peak,in_level,4810,289,606,606,,
2026-08-05,B. 1-9,Control,ul_pre_booster,UnlimitedBooster3,items,in_game_use,saga,in_level,7431,117,994,994,,
2026-08-05,A. 0,Control,pre_level_booster,pre_level_booster_1,items,in_game_use,saga,in_level,4810,233,280,280,,
2026-08-05,B. 1-9,Control,currency,HardCoin,coins,extra_moves,level_movesplus25,25,7431,58,59,5900,5708,192
2026-08-05,A. 0,Control,powerup,powerup_1,items,in_game_use,saga,in_level,4810,53,60,60,,
2026-08-05,B. 1-9,Control,currency,HardCoin,coins,extra_moves,level_movesplus15,15,7431,95,98,9800,9410,390
2026-08-05,A. 0,Control,currency,HardCoin,coins,extra_moves,level_movesplus50,50,4810,28,31,3100,2429,671
2026-08-03,A. 0,Variant,life,life,items,in_game_use,saga,in_level,3994,1113,3963,3963,,
2026-08-03,A. 0,Variant,life,life,items,in_game_use,dream_peak,in_level,3994,22,176,176,,
2026-08-03,F. 100+,Variant,powerup,powerup_3,items,in_game_use,saga,in_level,417,375,2040,2040,,
2026-08-03,A. 0,Variant,pre_level_booster,pre_level_booster_2,items,in_game_use,saga,in_level,3994,260,328,328,,
2026-08-03,F. 100+,Variant,currency,HardCoin,coins,purchase_lives,level_lives,purchase_lives,417,8,47,2350,2214,136
2026-08-03,A. 0,Variant,currency,HardCoin,coins,purchase_lives,level_lives,purchase_lives,3994,14,19,950,591,359
2026-08-03,A. 0,Variant,currency,HardCoin,coins,purchase_pre_level_booster,map_pre_level_booster,pre_level_booster_3,3994,1,1,200,200,0
2026-08-03,A. 0,Variant,ul_pre_booster,UnlimitedBooster2,items,in_game_use,saga,in_level,3994,63,131,131,,
2026-08-07,C. 10-19,Variant,pre_level_booster,pre_level_booster_2,items,in_game_use,saga,in_level,5738,2632,5959,5959,,
2026-08-07,C. 10-19,Variant,powerup,powerup_3,items,in_game_use,saga,in_level,5738,2433,4459,4459,,
2026-08-07,C. 10-19,Variant,currency,HardCoin,coins,extra_moves,level_movesplus5,5,5738,2349,4024,402400,379143,23257
2026-08-07,C. 10-19,Variant,powerup,powerup_1,items,in_game_use,saga,in_level,5738,1546,2246,2246,,
2026-08-07,C. 10-19,Variant,ul_pre_booster,UnlimitedBooster2,items,in_game_use,saga,in_level,5738,849,6409,6409,,
2026-08-07,C. 10-19,Variant,currency,HardCoin,coins,extra_moves,level_movesplus35,35,5738,28,28,2800,2748,52
2026-08-07,C. 10-19,Variant,powerup,powerup_3,items,in_game_use,dream_peak,in_level,5738,18,26,26,,
2026-08-07,C. 10-19,Variant,ul_pre_booster,UnlimitedBooster2,items,in_game_use,dream_peak,in_level,5738,12,190,190,,
2026-08-07,C. 10-19,Variant,currency,HardCoin,coins,extra_moves,level_movesplus50,50,5738,133,139,13900,12852,1048
2026-08-07,C. 10-19,Variant,currency,HardCoin,coins,extra_moves,level_movesplus40,40,5738,23,24,2400,2380,20
2026-08-03,A. 0,Variant,currency,HardCoin,coins,purchase_lives,map_lives,purchase_lives,3994,7,8,400,266,134
2026-08-05,B. 1-9,Control,powerup,powerup_1,items,in_game_use,dream_peak,in_level,7431,1,1,1,,
2026-08-05,B. 1-9,Control,currency,HardCoin,coins,extra_moves,level_movesplus35,35,7431,31,32,3200,3143,57
2026-08-06,C. 10-19,Variant,life,life,items,in_game_use,saga,in_level,5682,4283,37976,37976,,
2026-08-06,C. 10-19,Variant,pre_level_booster,pre_level_booster_1,items,in_game_use,saga,in_level,5682,2668,5290,5290,,
2026-08-06,C. 10-19,Variant,ul_pre_booster,UnlimitedBooster1,items,in_game_use,saga,in_level,5682,1593,10066,10066,,
2026-08-06,C. 10-19,Variant,ul_pre_booster,UnlimitedBooster3,items,in_game_use,saga,in_level,5682,152,1664,1664,,
2026-08-06,C. 10-19,Variant,currency,HardCoin,coins,purchase_lives,level_lives,purchase_lives,5682,118,149,7450,3850,3600
2026-08-06,C. 10-19,Variant,currency,HardCoin,coins,extra_moves,level_movesplus10,10,5682,78,83,8300,7475,825
2026-08-06,D. 20-39,Variant,currency,HardCoin,coins,extra_moves,level_movesplus30,30,4775,22,23,2300,1940,360
2026-08-06,D. 20-39,Variant,currency,HardCoin,coins,purchase_lives,level_lives,purchase_lives,4775,125,161,8050,5334,2716
2026-08-06,C. 10-19,Variant,currency,HardCoin,coins,purchase_lives,map_lives,purchase_lives,5682,43,45,2250,1580,670
2026-08-06,C. 10-19,Variant,currency,HardCoin,coins,extra_moves,level_movesplus35,35,5682,24,24,2400,2075,325
2026-08-06,C. 10-19,Variant,ul_pre_booster,UnlimitedBooster1,items,in_game_use,dream_peak,in_level,5682,24,238,238,,
2026-08-06,C. 10-19,Variant,powerup,powerup_1,items,in_game_use,dream_peak,in_level,5682,21,30,30,,
2026-08-06,D. 20-39,Variant,ul_pre_booster,UnlimitedBooster3,items,in_game_use,saga,in_level,4775,143,2254,2254,,
2026-08-06,C. 10-19,Variant,currency,HardCoin,coins,extra_moves,level_movesplus25,25,5682,43,43,4300,4005,295
2026-08-06,D. 20-39,Variant,currency,HardCoin,coins,extra_moves,level_movesplus25,25,4775,42,43,4300,3789,511
2026-08-06,C. 10-19,Variant,currency,HardCoin,coins,extra_moves,level_movesplus20,20,5682,57,59,5900,5666,234
2026-08-06,D. 20-39,Variant,currency,HardCoin,coins,extra_moves,level_movesplus10,10,4775,89,100,10000,9143,857
2026-08-09,B. 1-9,Variant,currency,HardCoin,coins,purchase_lives,level_lives,purchase_lives,7378,109,142,7100,4823,2277
2026-08-07,C. 10-19,Variant,currency,HardCoin,coins,extra_moves,level_movesplus30,30,5738,36,36,3600,3337,263
2026-08-02,D. 20-39,Control,pre_level_booster,pre_level_booster_1,items,in_game_use,saga,in_level,4544,2599,6792,6792,,
2026-08-02,D. 20-39,Control,pre_level_booster,pre_level_booster_3,items,in_game_use,saga,in_level,4544,1879,4016,4016,,
2026-08-02,D. 20-39,Control,currency,HardCoin,coins,purchase_lives,level_lives,purchase_lives,4544,166,261,13050,9144,3906
2026-08-02,D. 20-39,Control,currency,HardCoin,coins,extra_moves,level_movesplus50,50,4544,72,79,7900,6354,1546
2026-08-02,D. 20-39,Control,ul_pre_booster,UnlimitedBooster3,items,in_game_use,saga,in_level,4544,253,3135,3135,,
2026-08-02,D. 20-39,Control,currency,HardCoin,coins,extra_moves,level_movesplus30,30,4544,36,38,3800,3785,15
2026-08-02,D. 20-39,Control,currency,HardCoin,coins,extra_moves,level_movesplus15,15,4544,106,109,10900,10222,678
2026-08-02,D. 20-39,Control,currency,HardCoin,coins,extra_moves,level_movesplus35,35,4544,22,22,2200,1925,275
2026-08-09,B. 1-9,Variant,currency,HardCoin,coins,extra_moves,level_movesplus50,50,7378,95,97,9700,9178,522
2026-08-06,C. 10-19,Variant,currency,HardCoin,coins,extra_moves,level_movesplus45,45,5682,23,25,2500,1733,767
2026-08-06,C. 10-19,Variant,currency,HardCoin,coins,purchase_powerup,level_powerup,powerup_2,5682,11,12,1800,1800,0
2026-08-02,D. 20-39,Control,currency,HardCoin,coins,extra_moves,level_movesplus25,25,4544,43,46,4600,3931,669
2026-08-09,B. 1-9,Variant,currency,HardCoin,coins,extra_moves,level_movesplus10,10,7378,76,77,7700,7507,193
2026-08-06,D. 20-39,Variant,currency,HardCoin,coins,extra_moves,level_movesplus40,40,4775,10,10,1000,830,170
2026-08-09,B. 1-9,Variant,currency,HardCoin,coins,purchase_pre_level_booster,map_pre_level_booster,pre_level_booster_1,7378,14,16,1600,1300,300
2026-08-09,B. 1-9,Variant,currency,HardCoin,coins,extra_moves,level_movesplus15,15,7378,56,56,5600,5325,275
2026-08-02,D. 20-39,Control,currency,HardCoin,coins,purchase_pre_level_booster,map_pre_level_booster,pre_level_booster_2,4544,5,6,900,600,300
2026-08-03,A. 0,Variant,pre_level_booster,pre_level_booster_3,items,in_game_use,dream_peak,in_level,3994,6,6,6,,
2026-08-03,F. 100+,Variant,currency,HardCoin,coins,purchase_lives,map_lives,purchase_lives,417,7,17,850,780,70
2026-08-02,D. 20-39,Control,ul_pre_booster,UnlimitedBooster1,items,in_game_use,dream_peak,in_level,4544,2,33,33,,
2026-08-02,D. 20-39,Control,powerup,powerup_2,items,in_game_use,dream_peak,in_level,4544,3,4,4,,
2026-08-06,C. 10-19,Variant,currency,HardCoin,coins,purchase_pre_level_booster,map_pre_level_booster,pre_level_booster_2,5682,6,21,3150,600,2550
2026-08-03,F. 100+,Variant,currency,HardCoin,coins,purchase_powerup,level_powerup,powerup_3,417,3,3,600,600,0
2026-08-05,B. 1-9,Control,currency,HardCoin,coins,purchase_powerup,level_powerup,powerup_2,7431,9,9,1350,1350,0
2026-08-05,A. 0,Control,ul_pre_booster,UnlimitedBooster3,items,in_game_use,saga,in_level,4810,11,22,22,,
2026-08-07,C. 10-19,Variant,currency,HardCoin,coins,purchase_pre_level_booster,map_pre_level_booster,pre_level_booster_3,5738,16,39,7800,2600,5200
2026-08-09,B. 1-9,Variant,currency,HardCoin,coins,purchase_powerup,level_powerup,powerup_3,7378,10,10,2000,2000,0
2026-08-06,D. 20-39,Variant,currency,HardCoin,coins,team_created,unknown,unknown,4775,5,5,750,600,150
2026-08-06,D. 20-39,Variant,pre_level_booster,pre_level_booster_2,items,in_game_use,dream_peak,in_level,4775,1,1,1,,
2026-08-09,B. 1-9,Variant,pre_level_booster,pre_level_booster_1,items,in_game_use,dream_peak,in_level,7378,8,12,12,,
2026-08-09,B. 1-9,Variant,powerup,powerup_2,items,in_game_use,dream_peak,in_level,7378,7,19,19,,
2026-08-09,B. 1-9,Variant,currency,HardCoin,coins,purchase_pre_level_booster,level_pre_level_booster,pre_level_booster_2,7378,1,1,150,150,0
2026-08-05,B. 1-9,Control,currency,HardCoin,coins,purchase_pre_level_booster,level_pre_level_booster,pre_level_booster_3,7431,1,1,200,200,0
2026-08-05,B. 1-9,Control,currency,HardCoin,coins,level_movesplus5,level_movesplus5,level_movesplus5,7431,1,1,100,100,0
2026-08-03,F. 100+,Variant,currency,HardCoin,coins,extra_moves,level_movesplus40,40,417,4,4,400,400,0
2026-08-03,A. 0,Variant,ul_pre_booster,UnlimitedBooster3,items,in_game_use,dream_peak,in_level,3994,4,23,23,,
2026-08-09,B. 1-9,Variant,ul_pre_booster,UnlimitedBooster3,items,in_game_use,dream_peak,in_level,7378,5,190,190,,
2026-08-06,D. 20-39,Variant,life,life,items,in_game_use,dream_peak,in_level,4775,4,80,80,,
2026-08-06,D. 20-39,Variant,powerup,powerup_1,items,in_game_use,dream_peak,in_level,4775,2,3,3,,
2026-08-03,A. 0,Variant,ul_pre_booster,UnlimitedBooster1,items,in_game_use,dream_peak,in_level,3994,6,52,52,,
2026-08-05,A. 0,Control,currency,HardCoin,coins,purchase_pre_level_booster,level_pre_level_booster,pre_level_booster_2,4810,1,1,150,150,0
2026-08-05,B. 1-9,Control,currency,HardCoin,coins,team_created,unknown,unknown,7431,1,1,150,150,0
2026-08-09,B. 1-9,Variant,currency,HardCoin,coins,level_movesplus5,level_movesplus5,level_movesplus5,7378,1,4,400,400,0
2026-08-05,A. 0,Control,powerup,powerup_2,items,in_game_use,saga,in_level,4810,163,217,217,,
2026-08-05,B. 1-9,Control,life,life,items,in_game_use,saga,in_level,7431,5611,35035,35035,,
2026-08-05,B. 1-9,Control,powerup,powerup_2,items,in_game_use,saga,in_level,7431,1924,3273,3273,,
2026-08-05,B. 1-9,Control,currency,HardCoin,coins,extra_moves,level_movesplus50,50,7431,135,139,13900,13378,522
2026-08-05,B. 1-9,Control,pre_level_booster,pre_level_booster_1,items,in_game_use,saga,in_level,7431,2287,3662,3662,,
2026-08-05,B. 1-9,Control,powerup,powerup_3,items,in_game_use,saga,in_level,7431,1937,2842,2842,,
2026-08-05,B. 1-9,Control,currency,HardCoin,coins,purchase_pre_level_booster,map_pre_level_booster,pre_level_booster_3,7431,12,12,2400,2200,200
2026-08-05,A. 0,Control,ul_pre_booster,UnlimitedBooster1,items,in_game_use,saga,in_level,4810,62,139,139,,
2026-08-05,B. 1-9,Control,currency,HardCoin,coins,extra_moves,level_movesplus5,5,7431,1623,2175,217500,207671,9829
2026-08-05,B. 1-9,Control,ul_pre_booster,UnlimitedBooster2,items,in_game_use,saga,in_level,7431,624,3305,3305,,
2026-08-05,B. 1-9,Control,ul_pre_booster,UnlimitedBooster1,items,in_game_use,saga,in_level,7431,915,4615,4615,,
2026-08-05,A. 0,Control,life,life,items,in_game_use,dream_peak,in_level,4810,569,24175,24175,,
2026-08-05,A. 0,Control,powerup,powerup_3,items,in_game_use,dream_peak,in_level,4810,396,843,843,,
2026-08-05,A. 0,Control,ul_pre_booster,UnlimitedBooster1,items,in_game_use,dream_peak,in_level,4810,293,5858,5858,,
2026-08-05,A. 0,Control,powerup,powerup_2,items,in_game_use,dream_peak,in_level,4810,457,1192,1192,,
2026-08-05,A. 0,Control,powerup,powerup_1,items,in_game_use,dream_peak,in_level,4810,315,600,600,,
2026-08-05,A. 0,Control,currency,HardCoin,coins,extra_moves,level_movesplus5,5,4810,455,1199,119900,90585,29315
2026-08-05,B. 1-9,Control,currency,HardCoin,coins,purchase_pre_level_booster,map_pre_level_booster,pre_level_booster_1,7431,17,17,1700,1700,0
2026-08-05,B. 1-9,Control,currency,HardCoin,coins,purchase_lives,level_lives,purchase_lives,7431,130,160,8000,4769,3231
2026-08-05,B. 1-9,Control,currency,HardCoin,coins,extra_moves,level_movesplus10,10,7431,110,116,11600,11303,297
2026-08-05,A. 0,Control,ul_pre_booster,UnlimitedBooster2,items,in_game_use,saga,in_level,4810,42,94,94,,
2026-08-03,A. 0,Variant,powerup,powerup_3,items,in_game_use,saga,in_level,3994,122,158,158,,
2026-08-03,A. 0,Variant,powerup,powerup_2,items,in_game_use,saga,in_level,3994,141,203,203,,
2026-08-03,A. 0,Variant,ul_pre_booster,UnlimitedBooster1,items,in_game_use,saga,in_level,3994,128,284,284,,
2026-08-03,F. 100+,Variant,pre_level_booster,pre_level_booster_1,items,in_game_use,saga,in_level,417,318,1715,1715,,
2026-08-03,F. 100+,Variant,powerup,powerup_1,items,in_game_use,saga,in_level,417,352,1502,1502,,
2026-08-07,C. 10-19,Variant,ul_pre_booster,UnlimitedBooster1,items,in_game_use,saga,in_level,5738,1679,11326,11326,,
2026-08-07,C. 10-19,Variant,currency,HardCoin,coins,purchase_powerup,level_powerup,powerup_3,5738,9,9,1800,1780,20
2026-08-07,C. 10-19,Variant,ul_pre_booster,UnlimitedBooster1,items,in_game_use,dream_peak,in_level,5738,13,206,206,,
2026-08-07,C. 10-19,Variant,pre_level_booster,pre_level_booster_3,items,in_game_use,dream_peak,in_level,5738,10,18,18,,
2026-08-05,B. 1-9,Control,pre_level_booster,pre_level_booster_2,items,in_game_use,dream_peak,in_level,7431,4,4,4,,
2026-08-05,B. 1-9,Control,powerup,powerup_2,items,in_game_use,dream_peak,in_level,7431,3,4,4,,
2026-08-06,D. 20-39,Variant,powerup,powerup_3,items,in_game_use,saga,in_level,4775,2714,6180,6180,,
2026-08-06,C. 10-19,Variant,powerup,powerup_3,items,in_game_use,saga,in_level,5682,2363,4165,4165,,
2026-08-06,D. 20-39,Variant,ul_pre_booster,UnlimitedBooster1,items,in_game_use,saga,in_level,4775,1658,13536,13536,,
2026-08-06,D. 20-39,Variant,currency,HardCoin,coins,extra_moves,level_movesplus20,20,4775,42,43,4300,4005,295
2026-08-06,C. 10-19,Variant,currency,HardCoin,coins,extra_moves,level_movesplus30,30,5682,29,29,2900,2412,488
2026-08-06,C. 10-19,Variant,powerup,powerup_3,items,in_game_use,dream_peak,in_level,5682,25,50,50,,
2026-08-06,C. 10-19,Variant,pre_level_booster,pre_level_booster_3,items,in_game_use,dream_peak,in_level,5682,24,55,55,,
2026-08-06,D. 20-39,Variant,currency,HardCoin,coins,extra_moves,level_movesplus35,35,4775,23,23,2300,2285,15
2026-08-06,C. 10-19,Variant,currency,HardCoin,coins,extra_moves,level_movesplus15,15,5682,67,69,6900,6174,726
2026-08-09,B. 1-9,Variant,powerup,powerup_1,items,in_game_use,saga,in_level,7378,749,992,992,,
2026-08-07,C. 10-19,Variant,currency,HardCoin,coins,purchase_lives,map_lives,purchase_lives,5738,71,94,4700,3448,1252
2026-08-02,D. 20-39,Control,currency,HardCoin,coins,extra_moves,level_movesplus5,5,4544,2717,6265,626500,580183,46317
2026-08-02,D. 20-39,Control,ul_pre_booster,UnlimitedBooster2,items,in_game_use,saga,in_level,4544,826,8051,8051,,
2026-08-02,D. 20-39,Control,currency,HardCoin,coins,purchase_lives,map_lives,purchase_lives,4544,70,88,4400,2753,1647
2026-08-02,D. 20-39,Control,currency,HardCoin,coins,purchase_powerup,level_powerup,powerup_2,4544,13,16,2400,2400,0
2026-08-03,F. 100+,Variant,currency,HardCoin,coins,extra_moves,level_movesplus20,20,417,18,18,1800,1730,70
2026-08-02,D. 20-39,Control,currency,HardCoin,coins,extra_moves,level_movesplus20,20,4544,65,72,7200,6745,455
2026-08-09,B. 1-9,Variant,ul_pre_booster,UnlimitedBooster2,items,in_game_use,saga,in_level,7378,585,3479,3479,,
2026-08-02,D. 20-39,Control,currency,HardCoin,coins,purchase_pre_level_booster,map_pre_level_booster,pre_level_booster_3,4544,10,12,2400,1800,600
2026-08-02,D. 20-39,Control,currency,HardCoin,coins,team_created,unknown,unknown,4544,2,2,300,300,0
2026-08-09,B. 1-9,Variant,currency,HardCoin,coins,purchase_powerup,level_powerup,powerup_2,7378,14,14,2100,1980,120
2026-08-09,B. 1-9,Variant,currency,HardCoin,coins,extra_moves,level_movesplus45,45,7378,15,15,1500,1495,5
2026-08-07,C. 10-19,Variant,currency,HardCoin,coins,extra_moves,level_movesplus25,25,5738,48,48,4800,4547,253
2026-08-05,B. 1-9,Control,life,life,items,in_game_use,dream_peak,in_level,7431,6,147,147,,
2026-08-09,B. 1-9,Variant,currency,HardCoin,coins,purchase_pre_level_booster,map_pre_level_booster,pre_level_booster_2,7378,4,5,750,450,300
2026-08-09,B. 1-9,Variant,ul_pre_booster,UnlimitedBooster2,items,in_game_use,dream_peak,in_level,7378,8,180,180,,
2026-08-03,F. 100+,Variant,currency,HardCoin,coins,purchase_powerup,level_powerup,powerup_2,417,5,7,1050,1050,0
2026-08-07,C. 10-19,Variant,currency,HardCoin,coins,purchase_pre_level_booster,map_pre_level_booster,pre_level_booster_2,5738,8,27,4050,750,3300
2026-08-07,C. 10-19,Variant,currency,HardCoin,coins,purchase_powerup,level_powerup,powerup_1,5738,3,3,1500,1500,0
2026-08-06,D. 20-39,Variant,currency,HardCoin,coins,purchase_pre_level_booster,map_pre_level_booster,pre_level_booster_2,4775,6,17,2550,750,1800
2026-08-05,B. 1-9,Control,currency,HardCoin,coins,purchase_powerup,level_powerup,powerup_1,7431,1,1,500,500,0
2026-08-09,B. 1-9,Variant,currency,HardCoin,coins,purchase_pre_level_booster,map_pre_level_booster,pre_level_booster_3,7378,13,14,2800,2200,600
2026-08-03,A. 0,Variant,powerup,powerup_1,items,in_game_use,dream_peak,in_level,3994,4,6,6,,
2026-08-03,F. 100+,Variant,currency,HardCoin,coins,extra_moves,level_movesplus35,35,417,5,5,500,400,100
2026-08-02,D. 20-39,Control,currency,HardCoin,coins,purchase_powerup,level_powerup,powerup_1,4544,5,6,3000,2570,430
2026-08-07,C. 10-19,Variant,ul_pre_booster,UnlimitedBooster3,items,in_game_use,dream_peak,in_level,5738,4,141,141,,
2026-08-09,B. 1-9,Variant,currency,HardCoin,coins,team_created,unknown,unknown,7378,1,1,150,150,0
2026-08-09,B. 1-9,Variant,unlimited_lives,UnlimitedLives,items,in_game_use,saga,in_level,7378,3,12,12,,
2026-08-07,C. 10-19,Variant,currency,HardCoin,coins,purchase_powerup,level_powerup,powerup_2,5738,3,5,750,750,0
2026-08-02,D. 20-39,Control,powerup,powerup_1,items,in_game_use,dream_peak,in_level,4544,1,1,1,,
2026-08-03,F. 100+,Variant,currency,HardCoin,coins,team_created,unknown,unknown,417,2,2,300,300,0
2026-08-05,A. 0,Control,currency,HardCoin,coins,purchase_pre_level_booster,map_pre_level_booster,pre_level_booster_2,4810,1,1,150,150,0
2026-08-02,D. 20-39,Control,unlimited_lives,UnlimitedLives,items,in_game_use,saga,in_level,4544,1,1,1,,
2026-08-02,D. 20-39,Control,currency,HardCoin,coins,purchase_pre_level_booster,level_pre_level_booster,pre_level_booster_1,4544,1,1,100,100,0
2026-08-05,F. 100+,Variant,life,life,items,in_game_use,saga,in_level,421,361,6163,6163,,
2026-08-08,F. 100+,Control,powerup,powerup_1,items,in_game_use,saga,in_level,497,416,2894,2894,,
2026-08-02,F. 100+,Control,pre_level_booster,pre_level_booster_1,items,in_game_use,saga,in_level,448,374,2433,2433,,
2026-08-02,F. 100+,Control,ul_pre_booster,UnlimitedBooster1,items,in_game_use,saga,in_level,448,251,5117,5117,,
2026-08-02,F. 100+,Control,powerup,powerup_3,items,in_game_use,saga,in_level,448,398,2347,2347,,
2026-08-02,F. 100+,Control,pre_level_booster,pre_level_booster_2,items,in_game_use,saga,in_level,448,353,2617,2617,,
2026-08-02,F. 100+,Control,powerup,powerup_1,items,in_game_use,saga,in_level,448,375,1712,1712,,
2026-08-02,F. 100+,Control,currency,HardCoin,coins,team_created,unknown,unknown,448,4,4,600,600,0
2026-08-02,F. 100+,Control,ul_pre_booster,UnlimitedBooster3,items,in_game_use,saga,in_level,448,27,583,583,,
2026-08-02,F. 100+,Control,currency,HardCoin,coins,purchase_powerup,level_powerup,powerup_2,448,4,6,1050,1050,0
2026-08-02,F. 100+,Control,currency,HardCoin,coins,extra_moves,level_movesplus15,15,448,28,42,4200,3988,212
2026-08-07,B. 1-9,Variant,currency,HardCoin,coins,extra_moves,level_movesplus5,5,7399,1557,2194,219400,212409,6991
2026-08-07,B. 1-9,Variant,powerup,powerup_3,items,in_game_use,saga,in_level,7399,1809,2690,2690,,
2026-08-07,B. 1-9,Variant,pre_level_booster,pre_level_booster_3,items,in_game_use,saga,in_level,7399,1722,2300,2300,,
2026-08-07,B. 1-9,Variant,ul_pre_booster,UnlimitedBooster2,items,in_game_use,saga,in_level,7399,387,2090,2090,,
2026-08-07,B. 1-9,Variant,currency,HardCoin,coins,extra_moves,level_movesplus10,10,7399,79,81,8100,7672,428
2026-08-07,B. 1-9,Variant,currency,HardCoin,coins,extra_moves,level_movesplus20,20,7399,48,48,4800,4457,343
2026-08-07,B. 1-9,Variant,ul_pre_booster,UnlimitedBooster3,items,in_game_use,saga,in_level,7399,105,912,912,,
2026-08-07,B. 1-9,Variant,currency,HardCoin,coins,extra_moves,level_movesplus45,45,7399,15,15,1500,1331,169
2026-08-07,B. 1-9,Variant,currency,HardCoin,coins,extra_moves,level_movesplus30,30,7399,37,37,3700,3596,104
2026-08-02,F. 100+,Control,currency,HardCoin,coins,extra_moves,level_movesplus30,30,448,8,8,800,800,0
2026-08-02,F. 100+,Control,currency,HardCoin,coins,extra_moves,level_movesplus35,35,448,7,8,800,800,0
2026-08-08,F. 100+,Control,currency,HardCoin,coins,extra_moves,level_movesplus10,10,497,36,44,4400,4350,50
2026-08-07,B. 1-9,Variant,currency,HardCoin,coins,purchase_pre_level_booster,map_pre_level_booster,pre_level_booster_1,7399,15,21,2100,1300,800
2026-08-07,B. 1-9,Variant,currency,HardCoin,coins,purchase_powerup,level_powerup,powerup_1,7399,3,3,1500,1500,0
2026-08-05,F. 100+,Variant,currency,HardCoin,coins,extra_moves,level_movesplus30,30,421,9,11,1100,1100,0
2026-08-05,F. 100+,Variant,currency,HardCoin,coins,extra_moves,level_movesplus45,45,421,6,6,600,600,0
2026-08-08,F. 100+,Control,currency,HardCoin,coins,extra_moves,level_movesplus40,40,497,7,7,700,589,111
2026-08-07,B. 1-9,Variant,pre_level_booster,pre_level_booster_3,items,in_game_use,dream_peak,in_level,7399,5,9,9,,
2026-08-07,B. 1-9,Variant,pre_level_booster,pre_level_booster_2,items,in_game_use,dream_peak,in_level,7399,8,11,11,,
2026-08-07,B. 1-9,Variant,unlimited_lives,UnlimitedLives,items,in_game_use,saga,in_level,7399,2,8,8,,
2026-08-07,B. 1-9,Variant,ul_pre_booster,UnlimitedBooster2,items,in_game_use,dream_peak,in_level,7399,5,43,43,,
2026-08-08,F. 100+,Control,powerup,unknown,items,in_game_use,saga,in_level,497,1,138,138000,,
2026-08-08,F. 100+,Control,currency,HardCoin,coins,level_movesplus5,level_movesplus5,level_movesplus5,497,1,5,500,500,0
2026-08-05,F. 100+,Variant,pre_level_booster,pre_level_booster_1,items,in_game_use,dream_peak,in_level,421,1,2,2,,
2026-08-05,F. 100+,Variant,pre_level_booster,pre_level_booster_2,items,in_game_use,saga,in_level,421,314,1755,1755,,
2026-08-05,F. 100+,Variant,powerup,powerup_1,items,in_game_use,saga,in_level,421,332,2186,2186,,
2026-08-05,F. 100+,Variant,currency,HardCoin,coins,extra_moves,level_movesplus5,5,421,371,2080,208000,195096,12904
2026-08-05,F. 100+,Variant,ul_pre_booster,UnlimitedBooster1,items,in_game_use,saga,in_level,421,178,3455,3455,,
2026-08-05,F. 100+,Variant,currency,HardCoin,coins,extra_moves,level_movesplus15,15,421,28,33,3300,3042,258
2026-08-05,F. 100+,Variant,currency,HardCoin,coins,extra_moves,level_movesplus50,50,421,12,12,1200,1110,90
2026-08-05,F. 100+,Variant,currency,HardCoin,coins,purchase_lives,map_lives,purchase_lives,421,7,12,600,582,18
2026-08-08,F. 100+,Control,life,life,items,in_game_use,saga,in_level,497,473,15478,15478,,
2026-08-08,F. 100+,Control,powerup,powerup_2,items,in_game_use,saga,in_level,497,434,2566,2566,,
2026-08-08,F. 100+,Control,currency,HardCoin,coins,extra_moves,level_movesplus5,5,497,439,2961,296100,274829,21271
2026-08-08,F. 100+,Control,currency,HardCoin,coins,purchase_lives,map_lives,purchase_lives,497,27,36,1800,1222,578
2026-08-02,F. 100+,Control,life,life,items,in_game_use,saga,in_level,448,402,11698,11698,,
2026-08-02,F. 100+,Control,currency,HardCoin,coins,extra_moves,level_movesplus25,25,448,16,17,1700,1508,192
2026-08-07,B. 1-9,Variant,pre_level_booster,pre_level_booster_1,items,in_game_use,saga,in_level,7399,2753,4615,4615,,
2026-08-07,B. 1-9,Variant,pre_level_booster,pre_level_booster_2,items,in_game_use,saga,in_level,7399,2375,4184,4184,,
2026-08-07,B. 1-9,Variant,powerup,powerup_2,items,in_game_use,saga,in_level,7399,2048,4018,4018,,
2026-08-07,B. 1-9,Variant,powerup,powerup_1,items,in_game_use,saga,in_level,7399,941,1196,1196,,
2026-08-07,B. 1-9,Variant,currency,HardCoin,coins,purchase_lives,level_lives,purchase_lives,7399,109,153,7650,5369,2281
2026-08-05,F. 100+,Variant,currency,HardCoin,coins,purchase_lives,level_lives,purchase_lives,421,11,30,1500,1230,270
2026-08-07,B. 1-9,Variant,currency,HardCoin,coins,purchase_powerup,level_powerup,powerup_3,7399,13,14,2800,2800,0
2026-08-07,B. 1-9,Variant,currency,HardCoin,coins,extra_moves,level_movesplus40,40,7399,23,24,2400,2222,178
2026-08-07,B. 1-9,Variant,currency,HardCoin,coins,extra_moves,level_movesplus35,35,7399,18,19,1900,1792,108
2026-08-05,F. 100+,Variant,ul_pre_booster,UnlimitedBooster3,items,in_game_use,saga,in_level,421,19,376,376,,
2026-08-08,F. 100+,Control,currency,HardCoin,coins,extra_moves,level_movesplus20,20,497,23,27,2700,2540,160
2026-08-08,F. 100+,Control,currency,HardCoin,coins,extra_moves,level_movesplus15,15,497,31,34,3400,3145,255
2026-08-08,F. 100+,Control,currency,HardCoin,coins,purchase_pre_level_booster,map_pre_level_booster,pre_level_booster_2,497,3,7,1050,796,254
2026-08-08,F. 100+,Control,currency,HardCoin,coins,extra_moves,level_movesplus30,30,497,9,9,900,830,70
2026-08-08,F. 100+,Control,currency,HardCoin,coins,extra_moves,level_movesplus50,50,497,12,15,1500,1238,262
2026-08-08,F. 100+,Control,currency,HardCoin,coins,purchase_powerup,level_powerup,powerup_1,497,3,3,1500,1500,0
2026-08-02,F. 100+,Control,currency,HardCoin,coins,purchase_pre_level_booster,map_pre_level_booster,pre_level_booster_3,448,1,1,200,200,0
2026-08-08,F. 100+,Control,unlimited_lives,UnlimitedLives,items,in_game_use,saga,in_level,497,1,138,138,,
2026-08-08,F. 100+,Control,currency,HardCoin,coins,extra_moves,level_movesplus45,45,497,3,3,300,216,84
2026-08-05,F. 100+,Variant,currency,HardCoin,coins,purchase_powerup,level_powerup,powerup_1,421,1,1,500,500,0
2026-08-05,F. 100+,Variant,powerup,powerup_3,items,in_game_use,dream_peak,in_level,421,1,1,1,,
2026-08-05,F. 100+,Variant,pre_level_booster,pre_level_booster_2,items,in_game_use,dream_peak,in_level,421,1,3,3,,
2026-08-05,F. 100+,Variant,powerup,powerup_1,items,in_game_use,dream_peak,in_level,421,1,1,1,,
2026-08-05,F. 100+,Variant,powerup,powerup_2,items,in_game_use,saga,in_level,421,364,2161,2161,,
2026-08-05,F. 100+,Variant,pre_level_booster,pre_level_booster_1,items,in_game_use,saga,in_level,421,335,1666,1666,,
2026-08-05,F. 100+,Variant,powerup,powerup_3,items,in_game_use,saga,in_level,421,364,3210,3210,,
2026-08-05,F. 100+,Variant,currency,HardCoin,coins,extra_moves,level_movesplus10,10,421,36,51,5100,4608,492
2026-08-05,F. 100+,Variant,currency,HardCoin,coins,extra_moves,level_movesplus25,25,421,14,15,1500,1500,0
2026-08-08,F. 100+,Control,ul_pre_booster,UnlimitedBooster1,items,in_game_use,saga,in_level,497,263,4653,4653,,
2026-08-08,F. 100+,Control,powerup,powerup_3,items,in_game_use,saga,in_level,497,441,3088,3088,,
2026-08-08,F. 100+,Control,pre_level_booster,pre_level_booster_3,items,in_game_use,saga,in_level,497,346,1564,1564,,
2026-08-02,F. 100+,Control,currency,HardCoin,coins,extra_moves,level_movesplus5,5,448,388,2216,221600,210153,11447
2026-08-02,F. 100+,Control,powerup,powerup_2,items,in_game_use,saga,in_level,448,389,2306,2306,,
2026-08-02,F. 100+,Control,currency,HardCoin,coins,extra_moves,level_movesplus40,40,448,5,5,500,350,150
2026-08-02,F. 100+,Control,currency,HardCoin,coins,extra_moves,level_movesplus10,10,448,40,56,5600,5449,151
2026-08-02,F. 100+,Control,currency,HardCoin,coins,purchase_lives,map_lives,purchase_lives,448,23,33,1650,1190,460
2026-08-07,B. 1-9,Variant,currency,HardCoin,coins,purchase_lives,map_lives,purchase_lives,7399,50,62,3100,2054,1046
2026-08-07,B. 1-9,Variant,currency,HardCoin,coins,purchase_powerup,level_powerup,powerup_2,7399,13,14,2100,2100,0
2026-08-07,B. 1-9,Variant,currency,HardCoin,coins,extra_moves,level_movesplus50,50,7399,150,153,15300,15019,281
2026-08-07,B. 1-9,Variant,currency,HardCoin,coins,extra_moves,level_movesplus25,25,7399,48,49,4900,4800,100
2026-08-05,F. 100+,Variant,currency,HardCoin,coins,extra_moves,level_movesplus40,40,421,9,10,1000,1000,0
2026-08-02,F. 100+,Control,currency,HardCoin,coins,purchase_lives,level_lives,purchase_lives,448,29,65,3250,2531,719
2026-08-05,F. 100+,Variant,currency,HardCoin,coins,team_created,unknown,unknown,421,1,1,150,0,150
2026-08-08,F. 100+,Control,currency,HardCoin,coins,purchase_pre_level_booster,map_pre_level_booster,pre_level_booster_3,497,4,53,10600,800,9800
2026-08-08,F. 100+,Control,currency,HardCoin,coins,purchase_lives,level_lives,purchase_lives,497,28,49,2450,1703,747
2026-08-07,B. 1-9,Variant,currency,HardCoin,coins,purchase_pre_level_booster,map_pre_level_booster,pre_level_booster_2,7399,5,15,2250,450,1800
2026-08-05,F. 100+,Variant,currency,HardCoin,coins,purchase_powerup,level_powerup,powerup_2,421,4,4,600,600,0
2026-08-08,F. 100+,Control,currency,HardCoin,coins,extra_moves,level_movesplus35,35,497,5,5,500,500,0
2026-08-07,B. 1-9,Variant,life,life,items,in_game_use,dream_peak,in_level,7399,9,107,107,,
2026-08-07,B. 1-9,Variant,pre_level_booster,pre_level_booster_1,items,in_game_use,dream_peak,in_level,7399,6,7,7,,
2026-08-07,B. 1-9,Variant,powerup,powerup_2,items,in_game_use,dream_peak,in_level,7399,6,6,6,,
2026-08-07,B. 1-9,Variant,ul_pre_booster,UnlimitedBooster1,items,in_game_use,dream_peak,in_level,7399,7,44,44,,
2026-08-05,F. 100+,Variant,currency,HardCoin,coins,purchase_powerup,level_powerup,powerup_3,421,1,1,200,200,0
2026-08-05,F. 100+,Variant,currency,HardCoin,coins,purchase_pre_level_booster,level_pre_level_booster,pre_level_booster_3,421,1,1,200,200,0
2026-08-05,F. 100+,Variant,life,life,items,in_game_use,dream_peak,in_level,421,1,50,50,,
2026-08-05,F. 100+,Variant,pre_level_booster,pre_level_booster_3,items,in_game_use,dream_peak,in_level,421,1,2,2,,
2026-08-07,B. 1-9,Variant,ul_pre_booster,UnlimitedBooster3,items,in_game_use,dream_peak,in_level,7399,1,5,5,,
2026-08-09,D. 20-39,Variant,pre_level_booster,pre_level_booster_1,items,in_game_use,saga,in_level,5111,2725,6212,6212,,
2026-08-09,D. 20-39,Variant,currency,HardCoin,coins,extra_moves,level_movesplus5,5,5111,2809,6061,606100,561488,44612
2026-08-09,D. 20-39,Variant,currency,HardCoin,coins,extra_moves,level_movesplus40,40,5111,17,17,1700,1374,326
2026-08-07,E. 40-99,Control,pre_level_booster,pre_level_booster_3,items,in_game_use,saga,in_level,3124,1771,5113,5113,,
2026-08-07,E. 40-99,Control,currency,HardCoin,coins,extra_moves,level_movesplus5,5,3124,2480,8679,867900,809290,58610
2026-08-07,C. 10-19,Control,powerup,powerup_2,items,in_game_use,saga,in_level,5686,2432,5090,5090,,
2026-08-07,C. 10-19,Control,ul_pre_booster,UnlimitedBooster2,items,in_game_use,saga,in_level,5686,1619,10833,10833,,
2026-08-07,E. 40-99,Control,ul_pre_booster,UnlimitedBooster2,items,in_game_use,saga,in_level,3124,1014,11751,11751,,
2026-08-07,C. 10-19,Control,currency,HardCoin,coins,extra_moves,level_movesplus45,45,5686,19,19,1900,1545,355
2026-08-07,C. 10-19,Control,currency,HardCoin,coins,extra_moves,level_movesplus10,10,5686,117,124,12400,11784,616
2026-08-07,E. 40-99,Control,currency,HardCoin,coins,extra_moves,level_movesplus25,25,3124,59,68,6800,6346,454
2026-08-07,E. 40-99,Control,currency,HardCoin,coins,extra_moves,level_movesplus50,50,3124,85,92,9200,8417,783
2026-08-07,E. 40-99,Control,currency,HardCoin,coins,extra_moves,level_movesplus15,15,3124,116,134,13400,12944,456
2026-08-07,E. 40-99,Control,currency,HardCoin,coins,extra_moves,level_movesplus30,30,3124,39,42,4200,3842,358
2026-08-07,C. 10-19,Control,currency,HardCoin,coins,purchase_pre_level_booster,map_pre_level_booster,pre_level_booster_1,5686,20,47,4700,1700,3000
2026-08-07,E. 40-99,Control,currency,HardCoin,coins,extra_moves,level_movesplus40,40,3124,15,16,1600,1500,100
2026-08-08,D. 20-39,Control,currency,HardCoin,coins,extra_moves,level_movesplus5,5,4933,2888,6568,656800,624148,32652
2026-08-09,D. 20-39,Variant,currency,HardCoin,coins,extra_moves,level_movesplus25,25,5111,54,54,5400,4804,596
2026-08-08,D. 20-39,Control,currency,HardCoin,coins,extra_moves,level_movesplus15,15,4933,83,89,8900,8485,415
2026-08-08,D. 20-39,Control,currency,HardCoin,coins,extra_moves,level_movesplus50,50,4933,59,61,6100,5846,254
2026-08-08,D. 20-39,Control,currency,HardCoin,coins,purchase_powerup,level_powerup,powerup_3,4933,13,13,2600,2600,0
2026-08-08,D. 20-39,Control,currency,HardCoin,coins,extra_moves,level_movesplus40,40,4933,19,19,1900,1650,250
2026-08-07,E. 40-99,Control,currency,HardCoin,coins,extra_moves,level_movesplus45,45,3124,18,18,1800,1765,35
2026-08-07,C. 10-19,Control,currency,HardCoin,coins,purchase_powerup,level_powerup,powerup_2,5686,13,15,2250,2200,50
2026-08-09,D. 20-39,Variant,currency,HardCoin,coins,purchase_pre_level_booster,map_pre_level_booster,pre_level_booster_2,5111,3,4,600,600,0
2026-08-08,D. 20-39,Control,powerup,powerup_1,items,in_game_use,dream_peak,in_level,4933,2,2,2,,
2026-08-07,E. 40-99,Control,currency,HardCoin,coins,purchase_pre_level_booster,map_pre_level_booster,pre_level_booster_3,3124,4,52,10400,145,10255
2026-08-07,E. 40-99,Control,currency,HardCoin,coins,purchase_powerup,level_powerup,powerup_1,3124,2,2,1000,30,970
2026-08-07,E. 40-99,Control,powerup,powerup_2,items,in_game_use,dream_peak,in_level,3124,2,3,3,,
2026-08-09,D. 20-39,Variant,currency,HardCoin,coins,purchase_pre_level_booster,map_pre_level_booster,pre_level_booster_3,5111,6,6,1200,1200,0
2026-08-09,D. 20-39,Variant,currency,HardCoin,coins,purchase_powerup,level_powerup,powerup_1,5111,4,4,2000,2000,0
2026-08-08,D. 20-39,Control,unlimited_lives,UnlimitedLives,items,in_game_use,saga,in_level,4933,2,11,11,,
2026-08-05,F. 100+,Control,powerup,powerup_2,items,in_game_use,saga,in_level,408,365,2246,2246,,
2026-08-05,F. 100+,Control,life,life,items,in_game_use,saga,in_level,408,375,10867,10867,,
2026-08-05,F. 100+,Control,powerup,powerup_1,items,in_game_use,saga,in_level,408,348,3064,3064,,
2026-08-05,F. 100+,Control,ul_pre_booster,UnlimitedBooster2,items,in_game_use,saga,in_level,408,229,4458,4458,,
2026-08-05,F. 100+,Control,pre_level_booster,pre_level_booster_1,items,in_game_use,saga,in_level,408,331,2326,2326,,
2026-08-05,F. 100+,Control,pre_level_booster,pre_level_booster_2,items,in_game_use,saga,in_level,408,321,2445,2445,,
2026-08-05,F. 100+,Control,ul_pre_booster,UnlimitedBooster3,items,in_game_use,saga,in_level,408,176,2252,2252,,
2026-08-05,F. 100+,Control,currency,HardCoin,coins,extra_moves,level_movesplus5,5,408,359,2261,226100,214299,11801
2026-08-05,F. 100+,Control,currency,HardCoin,coins,extra_moves,level_movesplus15,15,408,20,27,2700,2500,200
2026-08-10,D. 20-39,Control,pre_level_booster,pre_level_booster_2,items,in_game_use,saga,in_level,5236,2839,8672,8672,,
2026-08-10,D. 20-39,Control,currency,HardCoin,coins,purchase_powerup,level_powerup,powerup_2,5236,24,26,3900,3754,146
2026-08-10,D. 20-39,Control,life,life,items,in_game_use,dream_peak,in_level,5236,90,1662,1662,,
2026-08-10,D. 20-39,Control,ul_pre_booster,UnlimitedBooster1,items,in_game_use,dream_peak,in_level,5236,42,486,486,,
2026-08-09,E. 40-99,Variant,powerup,powerup_1,items,in_game_use,saga,in_level,3109,1603,3415,3415,,
2026-08-09,E. 40-99,Variant,currency,HardCoin,coins,purchase_powerup,level_powerup,powerup_3,3109,22,24,4800,4800,0
2026-08-09,E. 40-99,Variant,currency,HardCoin,coins,extra_moves,level_movesplus25,25,3109,41,42,4200,3809,391
2026-08-09,E. 40-99,Variant,currency,HardCoin,coins,extra_moves,level_movesplus15,15,3109,82,91,9100,8450,650
2026-08-10,D. 20-39,Control,powerup,powerup_3,items,in_game_use,dream_peak,in_level,5236,45,68,68,,
2026-08-10,D. 20-39,Control,currency,HardCoin,coins,extra_moves,level_movesplus40,40,5236,26,27,2700,2334,366
2026-08-10,D. 20-39,Control,currency,HardCoin,coins,extra_moves,level_movesplus20,20,5236,99,107,10700,10541,159
2026-08-10,D. 20-39,Control,currency,HardCoin,coins,purchase_lives,level_lives,purchase_lives,5236,188,276,13800,9885,3915
2026-08-10,D. 20-39,Control,pre_level_booster,pre_level_booster_2,items,in_game_use,dream_peak,in_level,5236,41,58,58,,
2026-08-10,D. 20-39,Control,pre_level_booster,pre_level_booster_1,items,in_game_use,dream_peak,in_level,5236,25,35,35,,
2026-08-10,D. 20-39,Control,currency,HardCoin,coins,purchase_powerup,level_powerup,powerup_3,5236,14,18,3600,3400,200
2026-08-03,B. 1-9,Variant,life,life,items,in_game_use,saga,in_level,7260,5231,30900,30900,,
2026-08-03,B. 1-9,Variant,powerup,powerup_2,items,in_game_use,saga,in_level,7260,2064,4146,4146,,
2026-08-03,B. 1-9,Variant,ul_pre_booster,UnlimitedBooster2,items,in_game_use,saga,in_level,7260,573,3124,3124,,
2026-08-03,B. 1-9,Variant,powerup,powerup_3,items,in_game_use,saga,in_level,7260,1867,2851,2851,,
2026-08-03,B. 1-9,Variant,currency,HardCoin,coins,purchase_lives,level_lives,purchase_lives,7260,98,120,6000,4110,1890
2026-08-03,B. 1-9,Variant,currency,HardCoin,coins,extra_moves,level_movesplus30,30,7260,50,50,5000,4745,255
2026-08-07,E. 40-99,Variant,powerup,powerup_2,items,in_game_use,saga,in_level,2950,2170,7601,7601,,
2026-08-07,E. 40-99,Variant,pre_level_booster,pre_level_booster_3,items,in_game_use,saga,in_level,2950,1712,4352,4352,,
2026-08-07,E. 40-99,Variant,currency,HardCoin,coins,extra_moves,level_movesplus15,15,2950,108,120,12000,11062,938
2026-08-05,F. 100+,Control,currency,HardCoin,coins,purchase_lives,map_lives,purchase_lives,408,18,25,1250,717,533
2026-08-10,D. 20-39,Control,currency,HardCoin,coins,extra_moves,level_movesplus30,30,5236,38,39,3900,3445,455
2026-08-07,E. 40-99,Variant,currency,HardCoin,coins,extra_moves,level_movesplus25,25,2950,55,59,5900,5328,572
2026-08-03,B. 1-9,Variant,currency,HardCoin,coins,purchase_pre_level_booster,map_pre_level_booster,pre_level_booster_1,7260,12,13,1300,1300,0
2026-08-03,B. 1-9,Variant,currency,HardCoin,coins,purchase_pre_level_booster,map_pre_level_booster,pre_level_booster_3,7260,6,7,1400,1000,400
2026-08-03,B. 1-9,Variant,currency,HardCoin,coins,extra_moves,level_movesplus45,45,7260,21,21,2100,2100,0
2026-08-05,F. 100+,Control,currency,HardCoin,coins,extra_moves,level_movesplus35,35,408,5,5,500,500,0
2026-08-07,E. 40-99,Variant,currency,HardCoin,coins,extra_moves,level_movesplus30,30,2950,31,31,3100,3030,70
2026-08-09,E. 40-99,Variant,currency,HardCoin,coins,extra_moves,level_movesplus45,45,3109,16,16,1600,1565,35
2026-08-09,E. 40-99,Variant,ul_pre_booster,UnlimitedBooster1,items,in_game_use,dream_peak,in_level,3109,2,18,18,,
2026-08-10,D. 20-39,Control,unknown,Booster2,items,in_game_use,saga,in_level,5236,1,1,1,,
2026-08-07,E. 40-99,Variant,ul_pre_booster,UnlimitedBooster1,items,in_game_use,dream_peak,in_level,2950,2,22,22,,
2026-08-09,E. 40-99,Variant,powerup,powerup_2,items,in_game_use,dream_peak,in_level,3109,1,2,2,,
2026-08-09,E. 40-99,Variant,ul_pre_booster,UnlimitedBooster2,items,in_game_use,dream_peak,in_level,3109,1,3,3,,
2026-08-09,E. 40-99,Variant,pre_level_booster,pre_level_booster_1,items,in_game_use,dream_peak,in_level,3109,1,1,1,,
2026-08-09,E. 40-99,Variant,currency,HardCoin,coins,purchase_pre_level_booster,map_pre_level_booster,pre_level_booster_2,3109,3,3,450,300,150
2026-08-10,D. 20-39,Control,currency,HardCoin,coins,team_created,unknown,unknown,5236,3,3,450,450,0
2026-08-07,E. 40-99,Variant,powerup,powerup_3,items,in_game_use,dream_peak,in_level,2950,1,2,2,,
2026-08-03,B. 1-9,Variant,currency,HardCoin,coins,purchase_pre_level_booster,level_pre_level_booster,pre_level_booster_3,7260,2,2,400,400,0
2026-08-05,F. 100+,Control,pre_level_booster,pre_level_booster_3,items,in_game_use,saga,in_level,408,295,1242,1242,,
2026-08-05,F. 100+,Control,powerup,powerup_3,items,in_game_use,saga,in_level,408,362,2374,2374,,
2026-08-05,F. 100+,Control,currency,HardCoin,coins,extra_moves,level_movesplus50,50,408,13,19,1900,1423,477
2026-08-05,F. 100+,Control,currency,HardCoin,coins,purchase_pre_level_booster,level_pre_level_booster,pre_level_booster_1,408,1,1,100,100,0
2026-08-10,D. 20-39,Control,pre_level_booster,pre_level_booster_1,items,in_game_use,saga,in_level,5236,2861,7240,7240,,
2026-08-10,D. 20-39,Control,powerup,powerup_2,items,in_game_use,saga,in_level,5236,2988,7922,7922,,
2026-08-10,D. 20-39,Control,ul_pre_booster,UnlimitedBooster2,items,in_game_use,dream_peak,in_level,5236,38,440,440,,
2026-08-10,D. 20-39,Control,powerup,powerup_1,items,in_game_use,dream_peak,in_level,5236,31,46,46,,
2026-08-09,E. 40-99,Variant,ul_pre_booster,UnlimitedBooster3,items,in_game_use,saga,in_level,3109,895,8423,8423,,
2026-08-09,E. 40-99,Variant,currency,HardCoin,coins,extra_moves,level_movesplus5,5,3109,2274,6939,693900,653716,40184
2026-08-09,E. 40-99,Variant,ul_pre_booster,UnlimitedBooster1,items,in_game_use,saga,in_level,3109,1414,17763,17763,,
2026-08-09,E. 40-99,Variant,currency,HardCoin,coins,extra_moves,level_movesplus30,30,3109,30,31,3100,3010,90
2026-08-09,E. 40-99,Variant,currency,HardCoin,coins,purchase_lives,map_lives,purchase_lives,3109,72,95,4750,2954,1796
2026-08-09,E. 40-99,Variant,currency,HardCoin,coins,purchase_lives,level_lives,purchase_lives,3109,124,183,9150,6702,2448
2026-08-10,D. 20-39,Control,currency,HardCoin,coins,extra_moves,level_movesplus10,10,5236,165,174,17400,16435,965
2026-08-10,D. 20-39,Control,currency,HardCoin,coins,extra_moves,level_movesplus50,50,5236,119,126,12600,11492,1108
2026-08-10,D. 20-39,Control,pre_level_booster,pre_level_booster_3,items,in_game_use,dream_peak,in_level,5236,22,28,28,,
2026-08-10,D. 20-39,Control,currency,HardCoin,coins,purchase_pre_level_booster,map_pre_level_booster,pre_level_booster_3,5236,13,53,10600,2000,8600
2026-08-03,B. 1-9,Variant,pre_level_booster,pre_level_booster_3,items,in_game_use,saga,in_level,7260,1559,2045,2045,,
2026-08-03,B. 1-9,Variant,ul_pre_booster,UnlimitedBooster3,items,in_game_use,saga,in_level,7260,108,907,907,,
2026-08-03,B. 1-9,Variant,currency,HardCoin,coins,purchase_lives,map_lives,purchase_lives,7260,37,43,2150,1383,767
2026-08-03,B. 1-9,Variant,life,life,items,in_game_use,dream_peak,in_level,7260,40,264,264,,
2026-08-03,B. 1-9,Variant,ul_pre_booster,UnlimitedBooster3,items,in_game_use,dream_peak,in_level,7260,9,69,69,,
2026-08-03,B. 1-9,Variant,currency,HardCoin,coins,extra_moves,level_movesplus35,35,7260,35,35,3500,3305,195
2026-08-07,E. 40-99,Variant,life,life,items,in_game_use,saga,in_level,2950,2619,38016,38016,,
2026-08-07,E. 40-99,Variant,powerup,powerup_1,items,in_game_use,saga,in_level,2950,1688,4405,4405,,
2026-08-07,E. 40-99,Variant,ul_pre_booster,UnlimitedBooster3,items,in_game_use,saga,in_level,2950,564,5132,5132,,
2026-08-07,E. 40-99,Variant,currency,HardCoin,coins,purchase_lives,level_lives,purchase_lives,2950,110,178,8900,7308,1592
2026-08-03,B. 1-9,Variant,ul_pre_booster,UnlimitedBooster1,items,in_game_use,dream_peak,in_level,7260,10,120,120,,
2026-08-03,B. 1-9,Variant,powerup,powerup_3,items,in_game_use,dream_peak,in_level,7260,19,24,24,,
2026-08-05,F. 100+,Control,currency,HardCoin,coins,extra_moves,level_movesplus10,10,408,24,33,3300,3230,70
2026-08-03,B. 1-9,Variant,currency,HardCoin,coins,purchase_powerup,level_powerup,powerup_2,7260,7,7,1050,1050,0
2026-08-05,F. 100+,Control,currency,HardCoin,coins,extra_moves,level_movesplus30,30,408,8,8,800,725,75
2026-08-03,B. 1-9,Variant,ul_pre_booster,UnlimitedBooster2,items,in_game_use,dream_peak,in_level,7260,6,65,65,,
2026-08-07,E. 40-99,Variant,currency,HardCoin,coins,purchase_powerup,level_powerup,powerup_2,2950,29,29,4350,4350,0
2026-08-09,E. 40-99,Variant,currency,HardCoin,coins,purchase_powerup,level_powerup,powerup_2,3109,26,28,4200,4050,150
2026-08-09,E. 40-99,Variant,currency,HardCoin,coins,extra_moves,level_movesplus35,35,3109,28,29,2900,2702,198
2026-08-10,D. 20-39,Control,unknown,Booster3,items,in_game_use,saga,in_level,5236,1,1,1,,
2026-08-09,E. 40-99,Variant,currency,HardCoin,coins,team_created,unknown,unknown,3109,3,3,450,450,0
2026-08-07,E. 40-99,Variant,powerup,powerup_2,items,in_game_use,dream_peak,in_level,2950,2,7,7,,
2026-08-07,E. 40-99,Variant,pre_level_booster,pre_level_booster_1,items,in_game_use,dream_peak,in_level,2950,2,8,8,,
2026-08-07,E. 40-99,Variant,powerup,powerup_1,items,in_game_use,dream_peak,in_level,2950,1,3,3,,
2026-08-07,E. 40-99,Variant,pre_level_booster,pre_level_booster_2,items,in_game_use,dream_peak,in_level,2950,2,4,4,,
2026-08-09,E. 40-99,Variant,currency,HardCoin,coins,purchase_pre_level_booster,map_pre_level_booster,pre_level_booster_1,3109,2,2,200,100,100
2026-08-05,F. 100+,Control,currency,HardCoin,coins,extra_moves,level_movesplus45,45,408,3,3,300,220,80
2026-08-09,E. 40-99,Variant,currency,HardCoin,coins,extra_moves,level_movesplus40,40,3109,16,16,1600,1500,100
2026-08-05,F. 100+,Control,currency,HardCoin,coins,extra_moves,level_movesplus40,40,408,2,2,200,200,0
2026-08-07,E. 40-99,Variant,currency,HardCoin,coins,purchase_pre_level_booster,map_pre_level_booster,pre_level_booster_1,2950,4,7,700,200,500
2026-08-07,E. 40-99,Variant,currency,HardCoin,coins,purchase_pre_level_booster,map_pre_level_booster,pre_level_booster_3,2950,3,24,4800,200,4600
2026-08-07,E. 40-99,Variant,currency,HardCoin,coins,purchase_powerup,level_powerup,powerup_1,2950,3,3,1500,1500,0
2026-08-10,D. 20-39,Control,currency,HardCoin,coins,purchase_pre_level_booster,map_pre_level_booster,pre_level_booster_2,5236,4,28,4200,150,4050
2026-08-09,E. 40-99,Variant,ul_pre_booster,UnlimitedBooster2,items,in_game_use,saga,in_level,3109,1213,14547,14547,,
2026-08-09,E. 40-99,Variant,life,life,items,in_game_use,saga,in_level,3109,2831,42376,42376,,
2026-08-05,F. 100+,Control,ul_pre_booster,UnlimitedBooster1,items,in_game_use,saga,in_level,408,232,5698,5698,,
2026-08-05,F. 100+,Control,currency,HardCoin,coins,extra_moves,level_movesplus25,25,408,11,12,1200,1025,175
2026-08-10,D. 20-39,Control,powerup,powerup_1,items,in_game_use,saga,in_level,5236,2449,5037,5037,,
2026-08-10,D. 20-39,Control,ul_pre_booster,UnlimitedBooster2,items,in_game_use,saga,in_level,5236,2000,15812,15812,,
2026-08-10,D. 20-39,Control,ul_pre_booster,UnlimitedBooster3,items,in_game_use,dream_peak,in_level,5236,30,463,463,,
2026-08-10,D. 20-39,Control,powerup,powerup_2,items,in_game_use,dream_peak,in_level,5236,40,73,73,,
2026-08-09,E. 40-99,Variant,powerup,powerup_2,items,in_game_use,saga,in_level,3109,2173,6903,6903,,
2026-08-09,E. 40-99,Variant,pre_level_booster,pre_level_booster_3,items,in_game_use,saga,in_level,3109,1674,4214,4214,,
2026-08-09,E. 40-99,Variant,powerup,powerup_3,items,in_game_use,saga,in_level,3109,2188,6391,6391,,
2026-08-09,E. 40-99,Variant,pre_level_booster,pre_level_booster_2,items,in_game_use,saga,in_level,3109,1785,5726,5726,,
2026-08-09,E. 40-99,Variant,currency,HardCoin,coins,extra_moves,level_movesplus20,20,3109,73,76,7600,7220,380
2026-08-10,D. 20-39,Control,currency,HardCoin,coins,extra_moves,level_movesplus15,15,5236,133,145,14500,13365,1135
2026-08-10,D. 20-39,Control,currency,HardCoin,coins,extra_moves,level_movesplus25,25,5236,64,66,6600,6502,98
2026-08-10,D. 20-39,Control,currency,HardCoin,coins,extra_moves,level_movesplus35,35,5236,28,29,2900,2651,249
2026-08-03,B. 1-9,Variant,pre_level_booster,pre_level_booster_1,items,in_game_use,saga,in_level,7260,2866,5266,5266,,
2026-08-03,B. 1-9,Variant,ul_pre_booster,UnlimitedBooster1,items,in_game_use,saga,in_level,7260,980,4881,4881,,
2026-08-03,B. 1-9,Variant,pre_level_booster,pre_level_booster_1,items,in_game_use,dream_peak,in_level,7260,23,38,38,,
2026-08-03,B. 1-9,Variant,currency,HardCoin,coins,extra_moves,level_movesplus15,15,7260,85,86,8600,8415,185
2026-08-03,B. 1-9,Variant,currency,HardCoin,coins,extra_moves,level_movesplus10,10,7260,108,118,11800,11570,230
2026-08-07,E. 40-99,Variant,ul_pre_booster,UnlimitedBooster1,items,in_game_use,saga,in_level,2950,2037,21898,21898,,
2026-08-07,E. 40-99,Variant,currency,HardCoin,coins,extra_moves,level_movesplus20,20,2950,87,100,10000,9325,675
2026-08-07,E. 40-99,Variant,currency,HardCoin,coins,extra_moves,level_movesplus50,50,2950,92,100,10000,9329,671
2026-08-05,F. 100+,Control,currency,HardCoin,coins,purchase_powerup,level_powerup,powerup_3,408,2,2,400,400,0
2026-08-03,B. 1-9,Variant,powerup,powerup_1,items,in_game_use,dream_peak,in_level,7260,10,16,16,,
2026-08-03,B. 1-9,Variant,currency,HardCoin,coins,extra_moves,level_movesplus40,40,7260,34,34,3400,3342,58
2026-08-07,E. 40-99,Variant,currency,HardCoin,coins,purchase_pre_level_booster,level_pre_level_booster,pre_level_booster_2,2950,2,2,300,185,115
2026-08-07,E. 40-99,Variant,currency,HardCoin,coins,team_created,unknown,unknown,2950,3,3,450,450,0
2026-08-10,D. 20-39,Control,currency,HardCoin,coins,purchase_powerup,level_powerup,powerup_1,5236,6,8,4000,4000,0
2026-08-09,E. 40-99,Variant,pre_level_booster,pre_level_booster_3,items,in_game_use,dream_peak,in_level,3109,1,1,1,,
2026-08-09,E. 40-99,Variant,currency,HardCoin,coins,purchase_powerup,level_powerup,powerup_1,3109,2,2,1000,1000,0
2026-08-05,F. 100+,Control,currency,HardCoin,coins,purchase_pre_level_booster,map_pre_level_booster,pre_level_booster_3,408,1,1,200,30,170
2026-08-09,E. 40-99,Variant,currency,HardCoin,coins,level_movesplus5,level_movesplus5,level_movesplus5,3109,1,2,200,200,0
2026-08-07,E. 40-99,Variant,currency,HardCoin,coins,purchase_pre_level_booster,level_pre_level_booster,pre_level_booster_3,2950,1,1,200,200,0
2026-08-08,C. 10-19,Control,ul_pre_booster,UnlimitedBooster2,items,in_game_use,saga,in_level,5815,723,5916,5916,,
2026-08-08,C. 10-19,Control,powerup,powerup_3,items,in_game_use,saga,in_level,5815,2447,4603,4603,,
2026-08-08,C. 10-19,Control,life,life,items,in_game_use,saga,in_level,5815,4838,57373,57373,,
2026-08-10,A. 0,Variant,powerup,powerup_1,items,in_game_use,saga,in_level,4066,70,98,98,,
2026-08-10,A. 0,Variant,powerup,powerup_2,items,in_game_use,saga,in_level,4066,138,231,231,,
2026-08-10,A. 0,Variant,pre_level_booster,pre_level_booster_1,items,in_game_use,saga,in_level,4066,227,274,274,,
2026-08-08,C. 10-19,Control,currency,HardCoin,coins,purchase_lives,map_lives,purchase_lives,5815,93,118,5900,3710,2190
2026-08-08,C. 10-19,Control,currency,HardCoin,coins,extra_moves,level_movesplus25,25,5815,45,47,4700,4386,314
2026-08-08,C. 10-19,Control,currency,HardCoin,coins,extra_moves,level_movesplus45,45,5815,12,13,1300,1140,160
2026-08-08,C. 10-19,Control,ul_pre_booster,UnlimitedBooster2,items,in_game_use,dream_peak,in_level,5815,6,386,386,,
2026-08-02,E. 40-99,Control,pre_level_booster,pre_level_booster_3,items,in_game_use,saga,in_level,3033,1573,4202,4202,,
2026-08-02,E. 40-99,Control,currency,HardCoin,coins,extra_moves,level_movesplus40,40,3033,16,17,1700,1453,247
2026-08-02,E. 40-99,Control,currency,HardCoin,coins,extra_moves,level_movesplus50,50,3033,57,65,6500,5401,1099
2026-08-02,E. 40-99,Control,currency,HardCoin,coins,extra_moves,level_movesplus20,20,3033,64,67,6700,5861,839
2026-08-02,E. 40-99,Control,currency,HardCoin,coins,extra_moves,level_movesplus10,10,3033,97,113,11300,9905,1395
2026-08-10,A. 0,Variant,currency,HardCoin,coins,purchase_powerup,level_powerup,powerup_3,4066,4,4,800,800,0
2026-08-10,A. 0,Variant,pre_level_booster,pre_level_booster_3,items,in_game_use,dream_peak,in_level,4066,9,21,21,,
2026-08-10,A. 0,Variant,powerup,powerup_2,items,in_game_use,dream_peak,in_level,4066,16,28,28,,
2026-08-08,C. 10-19,Control,currency,HardCoin,coins,purchase_pre_level_booster,level_pre_level_booster,pre_level_booster_3,5815,3,3,600,600,0
2026-08-10,A. 0,Variant,currency,HardCoin,coins,purchase_pre_level_booster,map_pre_level_booster,pre_level_booster_2,4066,1,1,150,150,0
2026-08-02,E. 40-99,Control,currency,HardCoin,coins,purchase_pre_level_booster,map_pre_level_booster,pre_level_booster_3,3033,4,14,2800,440,2360
2026-08-08,C. 10-19,Control,currency,HardCoin,coins,purchase_powerup,level_powerup,powerup_3,5815,13,14,2750,2750,0
2026-08-02,E. 40-99,Control,currency,HardCoin,coins,purchase_pre_level_booster,map_pre_level_booster,pre_level_booster_2,3033,2,10,1500,0,1500
2026-08-02,E. 40-99,Control,currency,HardCoin,coins,team_created,unknown,unknown,3033,4,4,600,600,0
2026-08-10,A. 0,Variant,currency,HardCoin,coins,extra_moves,level_movesplus35,35,4066,1,1,100,100,0
2026-08-02,E. 40-99,Control,ul_pre_booster,UnlimitedBooster1,items,in_game_use,dream_peak,in_level,3033,1,44,44,,
2026-08-02,E. 40-99,Control,pre_level_booster,pre_level_booster_2,items,in_game_use,dream_peak,in_level,3033,1,8,8,,
2026-08-08,C. 10-19,Control,powerup,powerup_1,items,in_game_use,saga,in_level,5815,1373,2112,2112,,
2026-08-08,C. 10-19,Control,currency,HardCoin,coins,extra_moves,level_movesplus10,10,5815,92,102,10200,9579,621
2026-08-10,A. 0,Variant,ul_pre_booster,UnlimitedBooster1,items,in_game_use,saga,in_level,4066,208,468,468,,
2026-08-10,A. 0,Variant,ul_pre_booster,UnlimitedBooster2,items,in_game_use,saga,in_level,4066,120,251,251,,
2026-08-10,A. 0,Variant,currency,HardCoin,coins,extra_moves,level_movesplus5,5,4066,65,111,11100,7980,3120
2026-08-10,A. 0,Variant,ul_pre_booster,UnlimitedBooster3,items,in_game_use,saga,in_level,4066,14,25,25,,
2026-08-08,C. 10-19,Control,currency,HardCoin,coins,purchase_lives,level_lives,purchase_lives,5815,183,249,12450,8714,3736
2026-08-08,C. 10-19,Control,currency,HardCoin,coins,purchase_powerup,level_powerup,powerup_2,5815,16,17,2550,2550,0
2026-08-08,C. 10-19,Control,currency,HardCoin,coins,extra_moves,level_movesplus20,20,5815,71,73,7300,6480,820
2026-08-08,C. 10-19,Control,currency,HardCoin,coins,purchase_pre_level_booster,level_pre_level_booster,pre_level_booster_2,5815,1,1,150,150,0
2026-08-02,E. 40-99,Control,ul_pre_booster,UnlimitedBooster1,items,in_game_use,saga,in_level,3033,1277,15826,15826,,
2026-08-02,E. 40-99,Control,powerup,powerup_2,items,in_game_use,saga,in_level,3033,2189,7401,7401,,
2026-08-02,E. 40-99,Control,currency,HardCoin,coins,extra_moves,level_movesplus5,5,3033,2311,7723,772300,719885,52415
2026-08-02,E. 40-99,Control,ul_pre_booster,UnlimitedBooster3,items,in_game_use,saga,in_level,3033,207,3156,3156,,
2026-08-02,E. 40-99,Control,currency,HardCoin,coins,extra_moves,level_movesplus30,30,3033,29,31,3100,2910,190
2026-08-02,E. 40-99,Control,currency,HardCoin,coins,purchase_powerup,level_powerup,powerup_1,3033,7,8,4000,2426,1574
2026-08-02,E. 40-99,Control,currency,HardCoin,coins,extra_moves,level_movesplus15,15,3033,91,103,10300,9670,630
2026-08-02,E. 40-99,Control,currency,HardCoin,coins,purchase_powerup,level_powerup,powerup_3,3033,19,19,3800,3780,20
2026-08-02,E. 40-99,Control,currency,HardCoin,coins,extra_moves,level_movesplus35,35,3033,25,26,2600,2121,479
2026-08-10,A. 0,Variant,life,life,items,in_game_use,dream_peak,in_level,4066,25,280,280,,
2026-08-10,A. 0,Variant,currency,HardCoin,coins,purchase_powerup,level_powerup,powerup_1,4066,1,1,500,500,0
2026-08-10,A. 0,Variant,ul_pre_booster,UnlimitedBooster3,items,in_game_use,dream_peak,in_level,4066,6,63,63,,
2026-08-08,C. 10-19,Control,ul_pre_booster,UnlimitedBooster1,items,in_game_use,dream_peak,in_level,5815,6,394,394,,
2026-08-08,C. 10-19,Control,ul_pre_booster,UnlimitedBooster3,items,in_game_use,dream_peak,in_level,5815,4,351,351,,
2026-08-10,A. 0,Variant,currency,HardCoin,coins,extra_moves,level_movesplus50,50,4066,3,3,300,300,0
2026-08-10,A. 0,Variant,currency,HardCoin,coins,purchase_lives,level_lives,purchase_lives,4066,14,14,700,341,359
2026-08-02,E. 40-99,Control,pre_level_booster,pre_level_booster_1,items,in_game_use,dream_peak,in_level,3033,1,5,5,,
2026-08-02,E. 40-99,Control,powerup,powerup_3,items,in_game_use,dream_peak,in_level,3033,1,2,2,,
2026-08-10,A. 0,Variant,life,life,items,in_game_use,saga,in_level,4066,1145,4171,4171,,
2026-08-08,C. 10-19,Control,pre_level_booster,pre_level_booster_2,items,in_game_use,saga,in_level,5815,2593,5857,5857,,
2026-08-08,C. 10-19,Control,pre_level_booster,pre_level_booster_1,items,in_game_use,saga,in_level,5815,2966,5916,5916,,
2026-08-10,A. 0,Variant,powerup,powerup_3,items,in_game_use,saga,in_level,4066,154,195,195,,
2026-08-10,A. 0,Variant,pre_level_booster,pre_level_booster_3,items,in_game_use,saga,in_level,4066,142,161,161,,
2026-08-10,A. 0,Variant,currency,HardCoin,coins,purchase_powerup,level_powerup,powerup_2,4066,4,5,750,750,0
2026-08-08,C. 10-19,Control,currency,HardCoin,coins,extra_moves,level_movesplus50,50,5815,107,116,11600,10652,948
2026-08-08,C. 10-19,Control,currency,HardCoin,coins,extra_moves,level_movesplus15,15,5815,88,92,9200,8553,647
2026-08-08,C. 10-19,Control,powerup,powerup_1,items,in_game_use,dream_peak,in_level,5815,9,13,13,,
2026-08-08,C. 10-19,Control,ul_pre_booster,UnlimitedBooster3,items,in_game_use,saga,in_level,5815,199,2030,2030,,
2026-08-08,C. 10-19,Control,currency,HardCoin,coins,purchase_pre_level_booster,map_pre_level_booster,pre_level_booster_1,5815,12,28,2800,1100,1700
2026-08-08,C. 10-19,Control,pre_level_booster,pre_level_booster_3,items,in_game_use,dream_peak,in_level,5815,5,6,6,,
2026-08-08,C. 10-19,Control,pre_level_booster,pre_level_booster_1,items,in_game_use,dream_peak,in_level,5815,7,13,13,,
2026-08-08,C. 10-19,Control,currency,HardCoin,coins,purchase_pre_level_booster,map_pre_level_booster,pre_level_booster_3,5815,15,36,7200,2400,4800
2026-08-02,E. 40-99,Control,powerup,powerup_1,items,in_game_use,saga,in_level,3033,1843,4210,4210,,
2026-08-02,E. 40-99,Control,powerup,powerup_3,items,in_game_use,saga,in_level,3033,2233,7599,7599,,
2026-08-02,E. 40-99,Control,currency,HardCoin,coins,purchase_powerup,level_powerup,powerup_2,3033,29,34,5100,4865,235
2026-08-02,E. 40-99,Control,ul_pre_booster,UnlimitedBooster2,items,in_game_use,saga,in_level,3033,1150,13074,13074,,
2026-08-02,E. 40-99,Control,currency,HardCoin,coins,purchase_lives,level_lives,purchase_lives,3033,142,248,12400,9327,3073
2026-08-02,E. 40-99,Control,currency,HardCoin,coins,level_movesplus5,level_movesplus5,level_movesplus5,3033,1,3,300,300,0
2026-08-10,A. 0,Variant,currency,HardCoin,coins,purchase_pre_level_booster,map_pre_level_booster,pre_level_booster_3,4066,3,3,600,400,200
2026-08-10,A. 0,Variant,powerup,powerup_3,items,in_game_use,dream_peak,in_level,4066,16,34,34,,
2026-08-10,A. 0,Variant,ul_pre_booster,UnlimitedBooster1,items,in_game_use,dream_peak,in_level,4066,6,44,44,,
2026-08-10,A. 0,Variant,pre_level_booster,pre_level_booster_2,items,in_game_use,dream_peak,in_level,4066,12,28,28,,
2026-08-02,E. 40-99,Control,currency,HardCoin,coins,extra_moves,level_movesplus45,45,3033,12,12,1200,1140,60
2026-08-10,A. 0,Variant,powerup,powerup_1,items,in_game_use,dream_peak,in_level,4066,10,14,14,,
2026-08-08,C. 10-19,Control,currency,HardCoin,coins,extra_moves,level_movesplus30,30,5815,34,35,3500,3287,213
2026-08-02,E. 40-99,Control,unlimited_lives,UnlimitedLives,items,in_game_use,saga,in_level,3033,1,1,1,,
2026-08-02,E. 40-99,Control,currency,HardCoin,coins,purchase_pre_level_booster,map_pre_level_booster,pre_level_booster_1,3033,4,15,1500,255,1245
2026-08-10,A. 0,Variant,currency,HardCoin,coins,extra_moves,level_movesplus10,10,4066,5,6,600,600,0
2026-08-10,A. 0,Variant,currency,HardCoin,coins,purchase_pre_level_booster,map_pre_level_booster,pre_level_booster_1,4066,1,1,100,100,0
2026-08-10,A. 0,Variant,ul_pre_booster,UnlimitedBooster2,items,in_game_use,dream_peak,in_level,4066,6,99,99,,
2026-08-02,E. 40-99,Control,powerup,powerup_1,items,in_game_use,dream_peak,in_level,3033,1,4,4,,
2026-08-02,E. 40-99,Control,ul_pre_booster,UnlimitedBooster2,items,in_game_use,dream_peak,in_level,3033,1,7,7,,
2026-08-10,A. 0,Variant,currency,HardCoin,coins,extra_moves,level_movesplus15,15,4066,2,2,200,200,0
2026-08-08,C. 10-19,Control,currency,HardCoin,coins,team_created,unknown,unknown,5815,1,2,300,300,0
2026-08-07,A. 0,Control,pre_level_booster,pre_level_booster_1,items,in_game_use,dream_peak,in_level,4859,517,1127,1127,,
2026-08-07,A. 0,Control,life,life,items,in_game_use,dream_peak,in_level,4859,753,30963,30963,,
2026-08-07,A. 0,Control,ul_pre_booster,UnlimitedBooster2,items,in_game_use,dream_peak,in_level,4859,231,3470,3470,,
2026-08-07,A. 0,Control,currency,HardCoin,coins,purchase_lives,level_lives,purchase_lives,4859,37,49,2450,1363,1087
2026-08-07,A. 0,Control,currency,HardCoin,coins,extra_moves,level_movesplus50,50,4859,61,66,6600,6220,380
2026-08-07,A. 0,Control,pre_level_booster,pre_level_booster_1,items,in_game_use,saga,in_level,4859,237,286,286,,
2026-08-07,A. 0,Control,ul_pre_booster,UnlimitedBooster1,items,in_game_use,saga,in_level,4859,234,504,504,,
2026-08-07,A. 0,Control,currency,HardCoin,coins,extra_moves,level_movesplus40,40,4859,8,8,800,800,0
2026-08-07,A. 0,Control,ul_pre_booster,UnlimitedBooster3,items,in_game_use,saga,in_level,4859,19,30,30,,
2026-08-08,D. 20-39,Variant,ul_pre_booster,UnlimitedBooster2,items,in_game_use,saga,in_level,4960,1437,11484,11484,,
2026-08-08,D. 20-39,Variant,powerup,powerup_2,items,in_game_use,saga,in_level,4960,2639,6711,6711,,
2026-08-08,D. 20-39,Variant,pre_level_booster,pre_level_booster_1,items,in_game_use,saga,in_level,4960,2704,6183,6183,,
2026-08-08,D. 20-39,Variant,pre_level_booster,pre_level_booster_2,items,in_game_use,saga,in_level,4960,2396,6185,6185,,
2026-08-05,E. 40-99,Variant,pre_level_booster,pre_level_booster_2,items,in_game_use,saga,in_level,2903,1671,5696,5696,,
2026-08-05,E. 40-99,Variant,powerup,powerup_3,items,in_game_use,saga,in_level,2903,2193,7503,7503,,
2026-08-05,E. 40-99,Variant,currency,HardCoin,coins,extra_moves,level_movesplus50,50,2903,83,90,9000,7632,1368
2026-08-05,E. 40-99,Variant,currency,HardCoin,coins,purchase_lives,level_lives,purchase_lives,2903,115,199,9950,7136,2814
2026-08-05,E. 40-99,Variant,currency,HardCoin,coins,extra_moves,level_movesplus25,25,2903,39,41,4100,3950,150
2026-08-05,E. 40-99,Variant,currency,HardCoin,coins,extra_moves,level_movesplus20,20,2903,75,80,8000,7162,838
2026-08-09,D. 20-39,Control,pre_level_booster,pre_level_booster_3,items,in_game_use,saga,in_level,4954,2092,4364,4364,,
2026-08-09,D. 20-39,Control,powerup,powerup_2,items,in_game_use,saga,in_level,4954,2705,6934,6934,,
2026-08-09,D. 20-39,Control,ul_pre_booster,UnlimitedBooster1,items,in_game_use,saga,in_level,4954,1283,11441,11441,,
2026-08-09,D. 20-39,Control,powerup,powerup_1,items,in_game_use,saga,in_level,4954,1857,3576,3576,,
2026-08-05,E. 40-99,Variant,currency,HardCoin,coins,purchase_powerup,level_powerup,powerup_3,2903,10,11,2200,2200,0
2026-08-05,E. 40-99,Variant,currency,HardCoin,coins,extra_moves,level_movesplus45,45,2903,20,20,2000,1970,30
2026-08-08,D. 20-39,Variant,ul_pre_booster,UnlimitedBooster1,items,in_game_use,dream_peak,in_level,4960,2,26,26,,
2026-08-08,D. 20-39,Variant,pre_level_booster,pre_level_booster_3,items,in_game_use,dream_peak,in_level,4960,4,7,7,,
2026-08-08,D. 20-39,Variant,currency,HardCoin,coins,extra_moves,level_movesplus20,20,4960,63,64,6400,6154,246
2026-08-08,D. 20-39,Variant,currency,HardCoin,coins,extra_moves,level_movesplus10,10,4960,86,91,9100,8760,340
2026-08-08,D. 20-39,Variant,currency,HardCoin,coins,extra_moves,level_movesplus15,15,4960,74,80,8000,7571,429
2026-08-07,A. 0,Control,currency,HardCoin,coins,extra_moves,level_movesplus30,30,4859,21,23,2300,2098,202
2026-08-09,F. 100+,Variant,powerup,powerup_2,items,in_game_use,saga,in_level,523,455,2376,2376,,
2026-08-09,F. 100+,Variant,pre_level_booster,pre_level_booster_3,items,in_game_use,saga,in_level,523,372,1553,1553,,
2026-08-09,D. 20-39,Control,currency,HardCoin,coins,purchase_lives,level_lives,purchase_lives,4954,157,242,12100,8489,3611
2026-08-09,D. 20-39,Control,currency,HardCoin,coins,extra_moves,level_movesplus15,15,4954,93,105,10500,9792,708
2026-08-09,D. 20-39,Control,ul_pre_booster,UnlimitedBooster3,items,in_game_use,saga,in_level,4954,181,2941,2941,,
2026-08-09,D. 20-39,Control,powerup,powerup_3,items,in_game_use,dream_peak,in_level,4954,1,2,2,,
2026-08-09,D. 20-39,Control,currency,HardCoin,coins,extra_moves,level_movesplus20,20,4954,76,80,8000,7472,528
2026-08-09,D. 20-39,Control,currency,HardCoin,coins,extra_moves,level_movesplus35,35,4954,37,37,3700,3265,435
2026-08-08,D. 20-39,Variant,currency,HardCoin,coins,extra_moves,level_movesplus45,45,4960,20,20,2000,1733,267
2026-08-07,A. 0,Control,currency,HardCoin,coins,extra_moves,level_movesplus20,20,4859,23,24,2400,2165,235
2026-08-05,E. 40-99,Variant,currency,HardCoin,coins,purchase_powerup,level_powerup,powerup_2,2903,15,17,2550,2550,0
2026-08-07,A. 0,Control,currency,HardCoin,coins,purchase_lives,map_lives,purchase_lives,4859,24,36,1800,957,843
2026-08-08,D. 20-39,Variant,currency,HardCoin,coins,purchase_powerup,level_powerup,powerup_1,4960,5,7,3500,1620,1880
2026-08-05,E. 40-99,Variant,currency,HardCoin,coins,purchase_pre_level_booster,map_pre_level_booster,pre_level_booster_1,2903,3,108,10800,0,10800
2026-08-05,E. 40-99,Variant,currency,HardCoin,coins,purchase_pre_level_booster,map_pre_level_booster,pre_level_booster_3,2903,6,141,28200,600,27600
2026-08-05,E. 40-99,Variant,currency,HardCoin,coins,purchase_pre_level_booster,map_pre_level_booster,pre_level_booster_2,2903,5,140,21000,150,20850
2026-08-09,F. 100+,Variant,currency,HardCoin,coins,purchase_lives,map_lives,purchase_lives,523,17,19,950,528,422
2026-08-09,F. 100+,Variant,currency,HardCoin,coins,extra_moves,level_movesplus35,35,523,10,10,1000,1000,0
2026-08-09,F. 100+,Variant,currency,HardCoin,coins,extra_moves,level_movesplus30,30,523,11,11,1100,1100,0
2026-08-09,F. 100+,Variant,currency,HardCoin,coins,extra_moves,level_movesplus25,25,523,17,17,1700,1550,150
2026-08-07,A. 0,Control,life,life,items,in_game_use,saga,in_level,4859,1021,3653,3653,,
2026-08-07,A. 0,Control,pre_level_booster,pre_level_booster_2,items,in_game_use,saga,in_level,4859,294,352,352,,
2026-08-07,A. 0,Control,powerup,powerup_2,items,in_game_use,saga,in_level,4859,119,181,181,,
2026-08-07,A. 0,Control,pre_level_booster,pre_level_booster_3,items,in_game_use,saga,in_level,4859,167,181,181,,
2026-08-08,D. 20-39,Variant,ul_pre_booster,UnlimitedBooster1,items,in_game_use,saga,in_level,4960,1672,13579,13579,,
2026-08-08,D. 20-39,Variant,powerup,powerup_3,items,in_game_use,saga,in_level,4960,2713,5929,5929,,
2026-08-05,E. 40-99,Variant,powerup,powerup_2,items,in_game_use,saga,in_level,2903,2133,7662,7662,,
2026-08-05,E. 40-99,Variant,currency,HardCoin,coins,extra_moves,level_movesplus5,5,2903,2181,6826,682600,646297,36303
2026-08-09,D. 20-39,Control,pre_level_booster,pre_level_booster_2,items,in_game_use,saga,in_level,4954,2611,7864,7864,,
2026-08-08,D. 20-39,Variant,ul_pre_booster,UnlimitedBooster2,items,in_game_use,dream_peak,in_level,4960,4,65,65,,
2026-08-08,D. 20-39,Variant,powerup,powerup_1,items,in_game_use,dream_peak,in_level,4960,3,6,6,,
2026-08-08,D. 20-39,Variant,pre_level_booster,pre_level_booster_1,items,in_game_use,dream_peak,in_level,4960,4,8,8,,
2026-08-08,D. 20-39,Variant,currency,HardCoin,coins,extra_moves,level_movesplus50,50,4960,83,91,9100,7660,1440
2026-08-08,D. 20-39,Variant,currency,HardCoin,coins,purchase_lives,level_lives,purchase_lives,4960,118,164,8200,5752,2448
2026-08-09,D. 20-39,Control,ul_pre_booster,UnlimitedBooster2,items,in_game_use,saga,in_level,4954,790,8160,8160,,
2026-08-07,A. 0,Control,currency,HardCoin,coins,purchase_powerup,level_powerup,powerup_2,4859,7,10,1500,1050,450
2026-08-09,F. 100+,Variant,life,life,items,in_game_use,saga,in_level,523,488,8873,8873,,
2026-08-09,F. 100+,Variant,powerup,powerup_3,items,in_game_use,saga,in_level,523,463,2460,2460,,
2026-08-09,F. 100+,Variant,currency,HardCoin,coins,extra_moves,level_movesplus5,5,523,461,2372,237200,223638,13562
2026-08-09,D. 20-39,Control,currency,HardCoin,coins,purchase_pre_level_booster,map_pre_level_booster,pre_level_booster_2,4954,7,40,6000,300,5700
2026-08-09,F. 100+,Variant,ul_pre_booster,UnlimitedBooster2,items,in_game_use,saga,in_level,523,261,4951,4951,,
2026-08-09,F. 100+,Variant,currency,HardCoin,coins,extra_moves,level_movesplus10,10,523,43,51,5100,5100,0
2026-08-09,D. 20-39,Control,currency,HardCoin,coins,team_created,unknown,unknown,4954,7,7,1050,900,150
2026-08-09,D. 20-39,Control,powerup,powerup_2,items,in_game_use,dream_peak,in_level,4954,1,1,1,,
2026-08-09,D. 20-39,Control,pre_level_booster,pre_level_booster_2,items,in_game_use,dream_peak,in_level,4954,1,3,3,,
2026-08-09,D. 20-39,Control,pre_level_booster,pre_level_booster_1,items,in_game_use,dream_peak,in_level,4954,1,1,1,,
2026-08-09,D. 20-39,Control,pre_level_booster,pre_level_booster_3,items,in_game_use,dream_peak,in_level,4954,1,1,1,,
2026-08-09,D. 20-39,Control,currency,HardCoin,coins,purchase_powerup,level_powerup,powerup_1,4954,4,5,2500,2500,0
2026-08-09,F. 100+,Variant,currency,HardCoin,coins,extra_moves,level_movesplus15,15,523,20,24,2400,2360,40
2026-08-08,D. 20-39,Variant,currency,HardCoin,coins,purchase_pre_level_booster,map_pre_level_booster,pre_level_booster_3,4960,10,18,3600,1615,1985
2026-08-09,D. 20-39,Control,currency,HardCoin,coins,extra_moves,level_movesplus45,45,4954,16,16,1600,1582,18
2026-08-07,A. 0,Control,currency,HardCoin,coins,extra_moves,level_movesplus45,45,4859,4,4,400,400,0
2026-08-05,E. 40-99,Variant,ul_pre_booster,UnlimitedBooster2,items,in_game_use,dream_peak,in_level,2903,3,98,98,,
2026-08-07,A. 0,Control,currency,HardCoin,coins,purchase_pre_level_booster,map_pre_level_booster,pre_level_booster_2,4859,2,2,300,150,150
2026-08-05,E. 40-99,Variant,pre_level_booster,pre_level_booster_2,items,in_game_use,dream_peak,in_level,2903,3,3,3,,
2026-08-05,E. 40-99,Variant,powerup,powerup_1,items,in_game_use,dream_peak,in_level,2903,4,8,8,,
2026-08-09,D. 20-39,Control,unlimited_lives,UnlimitedLives,items,in_game_use,saga,in_level,4954,1,9,9,,
2026-08-07,A. 0,Control,powerup,powerup_2,items,in_game_use,dream_peak,in_level,4859,683,1813,1813,,
2026-08-07,A. 0,Control,powerup,powerup_1,items,in_game_use,dream_peak,in_level,4859,442,784,784,,
2026-08-07,A. 0,Control,pre_level_booster,pre_level_booster_2,items,in_game_use,dream_peak,in_level,4859,517,1143,1143,,
2026-08-07,A. 0,Control,pre_level_booster,pre_level_booster_3,items,in_game_use,dream_peak,in_level,4859,462,941,941,,
2026-08-07,A. 0,Control,powerup,powerup_3,items,in_game_use,dream_peak,in_level,4859,574,1342,1342,,
2026-08-07,A. 0,Control,ul_pre_booster,UnlimitedBooster1,items,in_game_use,dream_peak,in_level,4859,287,3968,3968,,
2026-08-07,A. 0,Control,currency,HardCoin,coins,extra_moves,level_movesplus25,25,4859,15,15,1500,1201,299
2026-08-07,A. 0,Control,ul_pre_booster,UnlimitedBooster3,items,in_game_use,dream_peak,in_level,4859,183,2869,2869,,
2026-08-07,A. 0,Control,currency,HardCoin,coins,extra_moves,level_movesplus35,35,4859,9,9,900,761,139
2026-08-07,A. 0,Control,currency,HardCoin,coins,extra_moves,level_movesplus15,15,4859,20,21,2100,1675,425
2026-08-05,E. 40-99,Variant,pre_level_booster,pre_level_booster_1,items,in_game_use,saga,in_level,2903,1819,5748,5748,,
2026-08-05,E. 40-99,Variant,ul_pre_booster,UnlimitedBooster1,items,in_game_use,saga,in_level,2903,1233,13820,13820,,
2026-08-05,E. 40-99,Variant,powerup,powerup_1,items,in_game_use,saga,in_level,2903,1651,3588,3588,,
2026-08-05,E. 40-99,Variant,pre_level_booster,pre_level_booster_3,items,in_game_use,saga,in_level,2903,1565,4215,4215,,
2026-08-05,E. 40-99,Variant,ul_pre_booster,UnlimitedBooster2,items,in_game_use,saga,in_level,2903,1147,10716,10716,,
2026-08-05,E. 40-99,Variant,currency,HardCoin,coins,extra_moves,level_movesplus10,10,2903,138,155,15500,15165,335
2026-08-05,E. 40-99,Variant,currency,HardCoin,coins,extra_moves,level_movesplus15,15,2903,95,105,10500,9963,537
2026-08-09,D. 20-39,Control,life,life,items,in_game_use,saga,in_level,4954,3915,57939,57939,,
2026-08-09,D. 20-39,Control,pre_level_booster,pre_level_booster_1,items,in_game_use,saga,in_level,4954,2778,7531,7531,,
2026-08-09,D. 20-39,Control,powerup,powerup_3,items,in_game_use,saga,in_level,4954,2851,6997,6997,,
2026-08-08,D. 20-39,Variant,ul_pre_booster,UnlimitedBooster3,items,in_game_use,dream_peak,in_level,4960,3,41,41,,
2026-08-08,D. 20-39,Variant,powerup,powerup_3,items,in_game_use,dream_peak,in_level,4960,2,5,5,,
2026-08-08,D. 20-39,Variant,life,life,items,in_game_use,dream_peak,in_level,4960,3,39,39,,
2026-08-08,D. 20-39,Variant,currency,HardCoin,coins,purchase_lives,map_lives,purchase_lives,4960,70,78,3900,2265,1635
2026-08-08,D. 20-39,Variant,currency,HardCoin,coins,extra_moves,level_movesplus25,25,4960,45,47,4700,4070,630
2026-08-08,D. 20-39,Variant,currency,HardCoin,coins,extra_moves,level_movesplus35,35,4960,20,22,2200,1910,290
2026-08-09,F. 100+,Variant,powerup,powerup_1,items,in_game_use,saga,in_level,523,420,2492,2492,,
2026-08-09,F. 100+,Variant,pre_level_booster,pre_level_booster_1,items,in_game_use,saga,in_level,523,404,1760,1760,,
2026-08-09,F. 100+,Variant,pre_level_booster,pre_level_booster_2,items,in_game_use,saga,in_level,523,378,1990,1990,,
2026-08-09,D. 20-39,Control,currency,HardCoin,coins,extra_moves,level_movesplus10,10,4954,121,138,13800,13515,285
2026-08-09,D. 20-39,Control,currency,HardCoin,coins,extra_moves,level_movesplus30,30,4954,33,35,3500,3300,200
2026-08-09,F. 100+,Variant,currency,HardCoin,coins,extra_moves,level_movesplus20,20,523,32,34,3400,3235,165
2026-08-09,D. 20-39,Control,life,life,items,in_game_use,dream_peak,in_level,4954,1,25,25,,
2026-08-07,A. 0,Control,currency,HardCoin,coins,extra_moves,level_movesplus10,10,4859,19,22,2200,1771,429
2026-08-05,E. 40-99,Variant,currency,HardCoin,coins,team_created,unknown,unknown,2903,5,5,750,750,0
2026-08-09,D. 20-39,Control,currency,HardCoin,coins,purchase_pre_level_booster,map_pre_level_booster,pre_level_booster_3,4954,19,54,10800,2600,8200
2026-08-09,D. 20-39,Control,currency,HardCoin,coins,extra_moves,level_movesplus25,25,4954,55,58,5800,5275,525
2026-08-08,D. 20-39,Variant,currency,HardCoin,coins,purchase_powerup,level_powerup,powerup_2,4960,19,22,3300,2282,1018
2026-08-08,D. 20-39,Variant,currency,HardCoin,coins,extra_moves,level_movesplus30,30,4960,26,27,2700,2375,325
2026-08-09,F. 100+,Variant,currency,HardCoin,coins,extra_moves,level_movesplus50,50,523,25,29,2900,2443,457
2026-08-05,E. 40-99,Variant,pre_level_booster,pre_level_booster_1,items,in_game_use,dream_peak,in_level,2903,3,5,5,,
2026-08-05,E. 40-99,Variant,powerup,powerup_3,items,in_game_use,dream_peak,in_level,2903,3,9,9,,
2026-08-05,E. 40-99,Variant,life,life,items,in_game_use,dream_peak,in_level,2903,3,114,114,,
2026-08-05,E. 40-99,Variant,ul_pre_booster,UnlimitedBooster3,items,in_game_use,dream_peak,in_level,2903,1,70,70,,
2026-08-05,E. 40-99,Variant,currency,HardCoin,coins,purchase_pre_level_booster,level_pre_level_booster,pre_level_booster_1,2903,1,1,100,100,0
2026-08-07,A. 0,Control,currency,HardCoin,coins,level_movesplus5,level_movesplus5,level_movesplus5,4859,1,1,100,100,0
2026-08-09,D. 20-39,Control,currency,HardCoin,coins,purchase_pre_level_booster,level_pre_level_booster,pre_level_booster_3,4954,1,1,200,200,0
2026-08-04,F. 100+,Variant,ul_pre_booster,UnlimitedBooster2,items,in_game_use,saga,in_level,394,258,3008,3008,,
2026-08-04,F. 100+,Variant,life,life,items,in_game_use,saga,in_level,394,347,5900,5900,,
2026-08-04,F. 100+,Variant,pre_level_booster,pre_level_booster_1,items,in_game_use,saga,in_level,394,295,1507,1507,,
2026-08-06,A. 0,Variant,pre_level_booster,pre_level_booster_1,items,in_game_use,dream_peak,in_level,5032,391,1141,1141,,
2026-08-06,A. 0,Variant,currency,HardCoin,coins,extra_moves,level_movesplus50,50,5032,56,64,6400,5556,844
2026-08-06,A. 0,Variant,ul_pre_booster,UnlimitedBooster1,items,in_game_use,saga,in_level,5032,57,112,112,,
2026-08-02,E. 40-99,Variant,ul_pre_booster,UnlimitedBooster1,items,in_game_use,saga,in_level,2790,1296,15864,15864,,
2026-08-02,E. 40-99,Variant,currency,HardCoin,coins,extra_moves,level_movesplus10,10,2790,97,110,11000,10275,725
2026-08-02,E. 40-99,Variant,currency,HardCoin,coins,extra_moves,level_movesplus25,25,2790,48,51,5100,4762,338
2026-08-02,E. 40-99,Variant,currency,HardCoin,coins,purchase_lives,map_lives,purchase_lives,2790,59,71,3550,2064,1486
2026-08-02,E. 40-99,Variant,currency,HardCoin,coins,extra_moves,level_movesplus45,45,2790,12,12,1200,1000,200
2026-08-03,D. 20-39,Variant,powerup,powerup_1,items,in_game_use,saga,in_level,4900,2245,4868,4868,,
2026-08-03,D. 20-39,Variant,powerup,powerup_3,items,in_game_use,dream_peak,in_level,4900,94,204,204,,
2026-08-03,D. 20-39,Variant,powerup,powerup_2,items,in_game_use,saga,in_level,4900,2970,9542,9542,,
2026-08-03,D. 20-39,Variant,ul_pre_booster,UnlimitedBooster2,items,in_game_use,dream_peak,in_level,4900,43,611,611,,
2026-08-03,D. 20-39,Variant,ul_pre_booster,UnlimitedBooster3,items,in_game_use,saga,in_level,4900,523,4618,4618,,
2026-08-02,E. 40-99,Variant,currency,HardCoin,coins,extra_moves,level_movesplus20,20,2790,61,64,6400,5912,488
2026-08-03,D. 20-39,Variant,currency,HardCoin,coins,extra_moves,level_movesplus35,35,4900,32,32,3200,2943,257
2026-08-03,D. 20-39,Variant,currency,HardCoin,coins,purchase_pre_level_booster,map_pre_level_booster,pre_level_booster_1,4900,15,74,7400,3600,3800
2026-08-03,D. 20-39,Variant,currency,HardCoin,coins,purchase_pre_level_booster,level_pre_level_booster,pre_level_booster_1,4900,1,1,100,100,0
2026-08-04,F. 100+,Variant,currency,HardCoin,coins,extra_moves,level_movesplus45,45,394,1,1,100,100,0
2026-08-04,F. 100+,Variant,currency,HardCoin,coins,purchase_powerup,level_powerup,powerup_2,394,5,7,1050,1050,0
2026-08-02,E. 40-99,Variant,currency,HardCoin,coins,purchase_pre_level_booster,map_pre_level_booster,pre_level_booster_3,2790,3,4,800,400,400
2026-08-03,D. 20-39,Variant,currency,HardCoin,coins,purchase_powerup,level_powerup,powerup_1,4900,1,1,500,500,0
2026-08-10,F. 100+,Control,powerup,powerup_1,items,in_game_use,saga,in_level,529,460,1911,1911,,
2026-08-10,F. 100+,Control,pre_level_booster,pre_level_booster_1,items,in_game_use,saga,in_level,529,433,3053,3053,,
2026-08-10,F. 100+,Control,currency,HardCoin,coins,extra_moves,level_movesplus15,15,529,46,54,5400,4715,685
2026-08-10,F. 100+,Control,currency,HardCoin,coins,extra_moves,level_movesplus20,20,529,35,41,4100,3820,280
2026-08-10,F. 100+,Control,currency,HardCoin,coins,purchase_powerup,level_powerup,powerup_1,529,4,4,2000,1520,480
2026-08-05,D. 20-39,Control,ul_pre_booster,UnlimitedBooster3,items,in_game_use,saga,in_level,4705,865,7057,7057,,
2026-08-05,D. 20-39,Control,powerup,powerup_2,items,in_game_use,saga,in_level,4705,2589,6216,6216,,
2026-08-05,D. 20-39,Control,currency,HardCoin,coins,extra_moves,level_movesplus15,15,4705,85,94,9400,8330,1070
2026-08-05,D. 20-39,Control,currency,HardCoin,coins,purchase_lives,level_lives,purchase_lives,4705,167,231,11550,8206,3344
2026-08-05,D. 20-39,Control,currency,HardCoin,coins,extra_moves,level_movesplus50,50,4705,76,81,8100,6730,1370
2026-08-05,D. 20-39,Control,ul_pre_booster,UnlimitedBooster3,items,in_game_use,dream_peak,in_level,4705,9,94,94,,
2026-08-05,D. 20-39,Control,powerup,powerup_1,items,in_game_use,dream_peak,in_level,4705,8,8,8,,
2026-08-05,D. 20-39,Control,powerup,powerup_3,items,in_game_use,dream_peak,in_level,4705,18,30,30,,
2026-08-05,D. 20-39,Control,currency,HardCoin,coins,extra_moves,level_movesplus40,40,4705,18,18,1800,1777,23
2026-08-06,D. 20-39,Control,pre_level_booster,pre_level_booster_1,items,in_game_use,saga,in_level,4668,2614,6518,6518,,
2026-08-06,D. 20-39,Control,pre_level_booster,pre_level_booster_3,items,in_game_use,saga,in_level,4668,1734,3253,3253,,
2026-08-06,D. 20-39,Control,ul_pre_booster,UnlimitedBooster2,items,in_game_use,saga,in_level,4668,932,8703,8703,,
2026-08-06,D. 20-39,Control,currency,HardCoin,coins,team_created,unknown,unknown,4668,4,4,600,600,0
2026-08-06,D. 20-39,Control,currency,HardCoin,coins,purchase_pre_level_booster,map_pre_level_booster,pre_level_booster_1,4668,14,42,4200,1600,2600
2026-08-05,D. 20-39,Control,pre_level_booster,pre_level_booster_2,items,in_game_use,dream_peak,in_level,4705,13,24,24,,
2026-08-09,F. 100+,Control,ul_pre_booster,UnlimitedBooster2,items,in_game_use,saga,in_level,513,202,3034,3034,,
2026-08-10,F. 100+,Control,currency,HardCoin,coins,purchase_powerup,level_powerup,powerup_2,529,6,14,2100,2100,0
2026-08-06,D. 20-39,Control,currency,HardCoin,coins,extra_moves,level_movesplus40,40,4668,19,19,1900,1686,214
2026-08-05,D. 20-39,Control,currency,HardCoin,coins,extra_moves,level_movesplus35,35,4705,31,34,3400,3300,100
2026-08-06,D. 20-39,Control,life,life,items,in_game_use,dream_peak,in_level,4668,4,148,148,,
2026-08-06,D. 20-39,Control,powerup,powerup_2,items,in_game_use,dream_peak,in_level,4668,4,11,11,,
2026-08-09,F. 100+,Control,currency,HardCoin,coins,purchase_lives,map_lives,purchase_lives,513,25,34,1700,1442,258
2026-08-05,D. 20-39,Control,currency,HardCoin,coins,extra_moves,level_movesplus45,45,4705,15,15,1500,945,555
2026-08-06,D. 20-39,Control,powerup,powerup_3,items,in_game_use,dream_peak,in_level,4668,2,10,10,,
2026-08-02,A. 0,Control,currency,HardCoin,coins,extra_moves,level_movesplus5,5,5266,612,1587,158700,117244,41456
2026-08-02,A. 0,Control,powerup,powerup_3,items,in_game_use,dream_peak,in_level,5266,590,1291,1291,,
2026-08-02,A. 0,Control,ul_pre_booster,UnlimitedBooster2,items,in_game_use,saga,in_level,5266,37,78,78,,
2026-08-02,A. 0,Control,powerup,powerup_3,items,in_game_use,saga,in_level,5266,155,201,201,,
2026-08-02,A. 0,Control,powerup,powerup_2,items,in_game_use,saga,in_level,5266,150,219,219,,
2026-08-02,A. 0,Control,currency,HardCoin,coins,purchase_lives,level_lives,purchase_lives,5266,41,56,2800,1797,1003
2026-08-02,A. 0,Control,currency,HardCoin,coins,extra_moves,level_movesplus15,15,5266,18,20,2000,2000,0
2026-08-02,A. 0,Control,currency,HardCoin,coins,extra_moves,level_movesplus30,30,5266,16,16,1600,1271,329
2026-08-02,A. 0,Control,currency,HardCoin,coins,purchase_lives,map_lives,purchase_lives,5266,39,56,2800,1988,812
2026-08-02,A. 0,Control,currency,HardCoin,coins,extra_moves,level_movesplus25,25,5266,9,9,900,735,165
2026-08-02,A. 0,Control,currency,HardCoin,coins,purchase_pre_level_booster,map_pre_level_booster,pre_level_booster_2,5266,5,5,750,750,0
2026-08-02,A. 0,Control,powerup,powerup_2,items,in_game_use,dream_peak,in_level,5266,624,1599,1599,,
2026-08-02,A. 0,Control,ul_pre_booster,UnlimitedBooster1,items,in_game_use,dream_peak,in_level,5266,361,5936,5936,,
2026-08-02,A. 0,Control,pre_level_booster,pre_level_booster_3,items,in_game_use,saga,in_level,5266,140,166,166,,
2026-08-02,A. 0,Control,currency,HardCoin,coins,extra_moves,level_movesplus45,45,5266,9,9,900,701,199
2026-08-02,A. 0,Control,currency,HardCoin,coins,extra_moves,level_movesplus40,40,5266,9,9,900,900,0
2026-08-02,A. 0,Control,currency,HardCoin,coins,purchase_pre_level_booster,map_pre_level_booster,pre_level_booster_3,5266,2,2,400,400,0
2026-08-02,A. 0,Control,ul_pre_booster,UnlimitedBooster2,items,in_game_use,dream_peak,in_level,5266,345,5583,5583,,
2026-08-02,A. 0,Control,life,life,items,in_game_use,dream_peak,in_level,5266,812,32849,32849,,
2026-08-02,A. 0,Control,powerup,powerup_1,items,in_game_use,dream_peak,in_level,5266,461,840,840,,
2026-08-02,A. 0,Control,pre_level_booster,pre_level_booster_3,items,in_game_use,dream_peak,in_level,5266,430,828,828,,
2026-08-02,A. 0,Control,pre_level_booster,pre_level_booster_2,items,in_game_use,dream_peak,in_level,5266,435,922,922,,
2026-08-02,A. 0,Control,pre_level_booster,pre_level_booster_2,items,in_game_use,saga,in_level,5266,263,360,360,,
2026-08-02,A. 0,Control,ul_pre_booster,UnlimitedBooster3,items,in_game_use,dream_peak,in_level,5266,102,1977,1977,,
2026-08-02,A. 0,Control,ul_pre_booster,UnlimitedBooster1,items,in_game_use,saga,in_level,5266,66,139,139,,
2026-08-02,A. 0,Control,pre_level_booster,pre_level_booster_1,items,in_game_use,saga,in_level,5266,278,361,361,,
2026-08-02,A. 0,Control,powerup,powerup_1,items,in_game_use,saga,in_level,5266,55,75,75,,
2026-08-02,A. 0,Control,currency,HardCoin,coins,extra_moves,level_movesplus10,10,5266,19,19,1900,1356,544
2026-08-02,A. 0,Control,currency,HardCoin,coins,extra_moves,level_movesplus20,20,5266,30,31,3100,2566,534
2026-08-02,A. 0,Control,currency,HardCoin,coins,purchase_powerup,level_powerup,powerup_3,5266,4,4,800,800,0
2026-08-04,D. 20-39,Control,powerup,powerup_3,items,in_game_use,saga,in_level,4883,2939,7059,7059,,
2026-08-04,D. 20-39,Control,ul_pre_booster,UnlimitedBooster2,items,in_game_use,saga,in_level,4883,1461,12717,12717,,
2026-08-04,C. 10-19,Control,currency,HardCoin,coins,extra_moves,level_movesplus5,5,5808,2615,4639,463900,436566,27334
2026-08-04,C. 10-19,Control,pre_level_booster,pre_level_booster_3,items,in_game_use,saga,in_level,5808,1823,2887,2887,,
2026-08-04,C. 10-19,Control,pre_level_booster,pre_level_booster_2,items,in_game_use,saga,in_level,5808,2608,5546,5546,,
2026-08-04,C. 10-19,Control,currency,HardCoin,coins,purchase_lives,level_lives,purchase_lives,5808,193,278,13900,9784,4116
2026-08-04,D. 20-39,Control,ul_pre_booster,UnlimitedBooster3,items,in_game_use,saga,in_level,4883,773,6700,6700,,
2026-08-04,C. 10-19,Control,ul_pre_booster,UnlimitedBooster2,items,in_game_use,dream_peak,in_level,5808,30,627,627,,
2026-08-04,C. 10-19,Control,powerup,powerup_3,items,in_game_use,dream_peak,in_level,5808,70,149,149,,
2026-08-04,D. 20-39,Control,currency,HardCoin,coins,purchase_lives,level_lives,purchase_lives,4883,208,324,16200,11260,4940
2026-08-04,D. 20-39,Control,life,life,items,in_game_use,dream_peak,in_level,4883,167,6410,6410,,
2026-08-04,D. 20-39,Control,pre_level_booster,pre_level_booster_3,items,in_game_use,dream_peak,in_level,4883,38,104,104,,
2026-08-05,D. 20-39,Variant,ul_pre_booster,UnlimitedBooster2,items,in_game_use,saga,in_level,4710,694,6099,6099,,
2026-08-05,D. 20-39,Variant,pre_level_booster,pre_level_booster_2,items,in_game_use,saga,in_level,4710,2233,5860,5860,,
2026-08-05,D. 20-39,Variant,powerup,powerup_3,items,in_game_use,saga,in_level,4710,2797,6444,6444,,
2026-08-05,D. 20-39,Variant,powerup,powerup_2,items,in_game_use,saga,in_level,4710,2679,7739,7739,,
2026-08-05,D. 20-39,Variant,currency,HardCoin,coins,extra_moves,level_movesplus5,5,4710,2643,5756,575600,530575,45025
2026-08-04,D. 20-39,Control,currency,HardCoin,coins,extra_moves,level_movesplus20,20,4883,63,69,6900,6450,450
2026-08-04,D. 20-39,Control,currency,HardCoin,coins,purchase_lives,map_lives,purchase_lives,4883,121,159,7950,5660,2290
2026-08-04,D. 20-39,Control,currency,HardCoin,coins,purchase_pre_level_booster,map_pre_level_booster,pre_level_booster_2,4883,8,14,2100,600,1500
2026-08-04,D. 20-39,Control,pre_level_booster,pre_level_booster_1,items,in_game_use,dream_peak,in_level,4883,74,184,184,,
2026-08-04,C. 10-19,Control,powerup,powerup_1,items,in_game_use,dream_peak,in_level,5808,31,54,54,,
2026-08-04,D. 20-39,Control,currency,HardCoin,coins,extra_moves,level_movesplus35,35,4883,26,27,2700,2490,210
2026-08-05,D. 20-39,Variant,ul_pre_booster,UnlimitedBooster3,items,in_game_use,saga,in_level,4710,169,2155,2155,,
2026-08-05,D. 20-39,Variant,currency,HardCoin,coins,extra_moves,level_movesplus50,50,4710,77,81,8100,6942,1158
2026-08-05,D. 20-39,Variant,currency,HardCoin,coins,extra_moves,level_movesplus10,10,4710,98,106,10600,10083,517
2026-08-05,D. 20-39,Variant,currency,HardCoin,coins,extra_moves,level_movesplus40,40,4710,21,21,2100,1951,149
2026-08-04,C. 10-19,Control,pre_level_booster,pre_level_booster_3,items,in_game_use,dream_peak,in_level,5808,25,40,40,,
2026-08-04,C. 10-19,Control,currency,HardCoin,coins,team_created,unknown,unknown,5808,2,2,300,300,0
2026-08-05,D. 20-39,Variant,currency,HardCoin,coins,team_created,unknown,unknown,4710,4,4,600,600,0
2026-08-04,C. 10-19,Control,currency,HardCoin,coins,extra_moves,level_movesplus45,45,5808,15,15,1500,1379,121
2026-08-04,C. 10-19,Control,currency,HardCoin,coins,purchase_pre_level_booster,level_pre_level_booster,pre_level_booster_3,5808,3,3,600,600,0
2026-08-04,D. 20-39,Control,currency,HardCoin,coins,level_movesplus5,level_movesplus5,level_movesplus5,4883,2,3,300,300,0
2026-08-04,D. 20-39,Control,currency,HardCoin,coins,team_created,unknown,unknown,4883,3,3,450,450,0
2026-08-05,D. 20-39,Variant,currency,HardCoin,coins,purchase_pre_level_booster,map_pre_level_booster,pre_level_booster_3,4710,9,25,5000,1600,3400
2026-08-05,D. 20-39,Variant,currency,HardCoin,coins,purchase_pre_level_booster,map_pre_level_booster,pre_level_booster_2,4710,5,22,3300,600,2700
2026-08-04,D. 20-39,Control,powerup,powerup_2,items,in_game_use,saga,in_level,4883,2695,6813,6813,,
2026-08-04,D. 20-39,Control,life,life,items,in_game_use,saga,in_level,4883,4279,70247,70247,,
2026-08-04,D. 20-39,Control,ul_pre_booster,UnlimitedBooster1,items,in_game_use,saga,in_level,4883,1631,14642,14642,,
2026-08-04,C. 10-19,Control,life,life,items,in_game_use,saga,in_level,5808,4908,59859,59859,,
2026-08-04,C. 10-19,Control,ul_pre_booster,UnlimitedBooster2,items,in_game_use,saga,in_level,5808,1293,9138,9138,,
2026-08-04,C. 10-19,Control,ul_pre_booster,UnlimitedBooster1,items,in_game_use,saga,in_level,5808,1594,11090,11090,,
2026-08-04,C. 10-19,Control,powerup,powerup_1,items,in_game_use,saga,in_level,5808,1715,2581,2581,,
2026-08-04,C. 10-19,Control,powerup,powerup_2,items,in_game_use,saga,in_level,5808,2613,5361,5361,,
2026-08-04,C. 10-19,Control,currency,HardCoin,coins,extra_moves,level_movesplus10,10,5808,97,101,10100,9853,247
2026-08-04,C. 10-19,Control,ul_pre_booster,UnlimitedBooster3,items,in_game_use,dream_peak,in_level,5808,52,690,690,,
2026-08-04,C. 10-19,Control,powerup,powerup_2,items,in_game_use,dream_peak,in_level,5808,79,158,158,,
2026-08-04,D. 20-39,Control,currency,HardCoin,coins,extra_moves,level_movesplus45,45,4883,16,16,1600,1412,188
2026-08-04,D. 20-39,Control,powerup,powerup_1,items,in_game_use,dream_peak,in_level,4883,81,144,144,,
2026-08-04,C. 10-19,Control,currency,HardCoin,coins,purchase_lives,map_lives,purchase_lives,5808,86,106,5300,3683,1617
2026-08-04,D. 20-39,Control,pre_level_booster,pre_level_booster_2,items,in_game_use,dream_peak,in_level,4883,98,207,207,,
2026-08-04,D. 20-39,Control,currency,HardCoin,coins,purchase_powerup,level_powerup,powerup_3,4883,5,6,1200,1200,0
2026-08-04,D. 20-39,Control,currency,HardCoin,coins,extra_moves,level_movesplus25,25,4883,50,50,5000,4695,305
2026-08-05,D. 20-39,Variant,life,life,items,in_game_use,saga,in_level,4710,3682,42226,42226,,
2026-08-05,D. 20-39,Variant,ul_pre_booster,UnlimitedBooster1,items,in_game_use,saga,in_level,4710,1878,14001,14001,,
2026-08-05,D. 20-39,Variant,pre_level_booster,pre_level_booster_3,items,in_game_use,saga,in_level,4710,2002,4248,4248,,
2026-08-04,D. 20-39,Control,currency,HardCoin,coins,extra_moves,level_movesplus40,40,4883,30,31,3100,2985,115
2026-08-04,C. 10-19,Control,life,life,items,in_game_use,dream_peak,in_level,5808,99,2624,2624,,
2026-08-04,C. 10-19,Control,pre_level_booster,pre_level_booster_2,items,in_game_use,dream_peak,in_level,5808,57,91,91,,
2026-08-05,D. 20-39,Variant,currency,HardCoin,coins,purchase_lives,map_lives,purchase_lives,4710,53,56,2800,1682,1118
2026-08-05,D. 20-39,Variant,currency,HardCoin,coins,extra_moves,level_movesplus45,45,4710,15,15,1500,1341,159
2026-08-05,D. 20-39,Variant,currency,HardCoin,coins,purchase_powerup,level_powerup,powerup_3,4710,12,17,3400,2515,885
2026-08-05,D. 20-39,Variant,powerup,powerup_3,items,in_game_use,dream_peak,in_level,4710,12,34,34,,
2026-08-05,D. 20-39,Variant,pre_level_booster,pre_level_booster_2,items,in_game_use,dream_peak,in_level,4710,7,20,20,,
2026-08-05,D. 20-39,Variant,powerup,powerup_1,items,in_game_use,dream_peak,in_level,4710,10,23,23,,
2026-08-04,D. 20-39,Control,currency,HardCoin,coins,purchase_powerup,level_powerup,powerup_2,4883,15,16,2400,2100,300
2026-08-04,D. 20-39,Control,currency,HardCoin,coins,purchase_pre_level_booster,level_pre_level_booster,pre_level_booster_1,4883,1,1,100,100,0
2026-08-05,D. 20-39,Variant,currency,HardCoin,coins,purchase_powerup,level_powerup,powerup_2,4710,15,17,2550,2550,0
2026-08-05,D. 20-39,Variant,currency,HardCoin,coins,purchase_pre_level_booster,level_pre_level_booster,pre_level_booster_1,4710,2,2,200,200,0
2026-08-05,D. 20-39,Variant,ul_pre_booster,UnlimitedBooster3,items,in_game_use,dream_peak,in_level,4710,3,52,52,,
2026-08-04,D. 20-39,Control,powerup,powerup_1,items,in_game_use,saga,in_level,4883,1978,3524,3524,,
2026-08-04,C. 10-19,Control,pre_level_booster,pre_level_booster_1,items,in_game_use,saga,in_level,5808,2703,5063,5063,,
2026-08-04,C. 10-19,Control,ul_pre_booster,UnlimitedBooster3,items,in_game_use,saga,in_level,5808,281,2843,2843,,
2026-08-04,C. 10-19,Control,powerup,powerup_3,items,in_game_use,saga,in_level,5808,2683,5171,5171,,
2026-08-04,C. 10-19,Control,ul_pre_booster,UnlimitedBooster1,items,in_game_use,dream_peak,in_level,5808,35,706,706,,
2026-08-04,D. 20-39,Control,currency,HardCoin,coins,extra_moves,level_movesplus15,15,4883,92,100,10000,9455,545
2026-08-04,D. 20-39,Control,currency,HardCoin,coins,extra_moves,level_movesplus10,10,4883,153,174,17400,16440,960
2026-08-04,C. 10-19,Control,currency,HardCoin,coins,extra_moves,level_movesplus50,50,5808,103,107,10700,9701,999
2026-08-04,D. 20-39,Control,powerup,powerup_3,items,in_game_use,dream_peak,in_level,4883,122,297,297,,
2026-08-04,D. 20-39,Control,currency,HardCoin,coins,extra_moves,level_movesplus50,50,4883,67,71,7100,6732,368
2026-08-04,D. 20-39,Control,ul_pre_booster,UnlimitedBooster3,items,in_game_use,dream_peak,in_level,4883,86,1108,1108,,
2026-08-05,D. 20-39,Variant,pre_level_booster,pre_level_booster_1,items,in_game_use,saga,in_level,4710,2486,5974,5974,,
2026-08-04,C. 10-19,Control,pre_level_booster,pre_level_booster_1,items,in_game_use,dream_peak,in_level,5808,40,72,72,,
2026-08-05,D. 20-39,Variant,currency,HardCoin,coins,purchase_pre_level_booster,map_pre_level_booster,pre_level_booster_1,4710,14,28,2800,1500,1300
2026-08-04,D. 20-39,Control,currency,HardCoin,coins,purchase_pre_level_booster,map_pre_level_booster,pre_level_booster_1,4883,12,19,1900,900,1000
2026-08-04,C. 10-19,Control,currency,HardCoin,coins,purchase_powerup,level_powerup,powerup_2,5808,15,17,2550,2530,20
2026-08-04,C. 10-19,Control,currency,HardCoin,coins,extra_moves,level_movesplus35,35,5808,30,30,3000,2881,119
2026-08-05,D. 20-39,Variant,currency,HardCoin,coins,extra_moves,level_movesplus20,20,4710,50,57,5700,5133,567
2026-08-05,D. 20-39,Variant,currency,HardCoin,coins,extra_moves,level_movesplus30,30,4710,28,30,3000,2702,298
2026-08-04,C. 10-19,Control,currency,HardCoin,coins,purchase_powerup,level_powerup,powerup_3,5808,7,9,1800,1600,200
2026-08-04,C. 10-19,Control,currency,HardCoin,coins,purchase_pre_level_booster,map_pre_level_booster,pre_level_booster_1,5808,12,14,1400,1000,400
2026-08-04,C. 10-19,Control,currency,HardCoin,coins,purchase_pre_level_booster,map_pre_level_booster,pre_level_booster_2,5808,8,12,1800,900,900
2026-08-04,C. 10-19,Control,currency,HardCoin,coins,purchase_powerup,level_powerup,powerup_1,5808,3,3,1500,1500,0
2026-08-10,C. 10-19,Variant,ul_pre_booster,UnlimitedBooster3,items,in_game_use,saga,in_level,6225,311,2555,2555,,
2026-08-10,C. 10-19,Variant,powerup,powerup_3,items,in_game_use,saga,in_level,6225,2759,5183,5183,,
2026-08-10,C. 10-19,Variant,pre_level_booster,pre_level_booster_1,items,in_game_use,saga,in_level,6225,3400,7425,7425,,
2026-08-10,C. 10-19,Variant,ul_pre_booster,UnlimitedBooster1,items,in_game_use,saga,in_level,6225,2035,13067,13067,,
2026-08-08,A. 0,Variant,life,life,items,in_game_use,saga,in_level,5140,1426,6146,6146,,
2026-08-08,A. 0,Variant,currency,HardCoin,coins,extra_moves,level_movesplus5,5,5140,612,1952,195200,169463,25737
2026-08-08,A. 0,Variant,pre_level_booster,pre_level_booster_3,items,in_game_use,dream_peak,in_level,5140,347,959,959,,
2026-08-08,A. 0,Variant,pre_level_booster,pre_level_booster_3,items,in_game_use,saga,in_level,5140,195,210,210,,
2026-08-08,A. 0,Variant,currency,HardCoin,coins,extra_moves,level_movesplus20,20,5140,18,18,1800,1592,208
2026-08-08,A. 0,Variant,currency,HardCoin,coins,extra_moves,level_movesplus10,10,5140,31,33,3300,2926,374
2026-08-08,A. 0,Variant,currency,HardCoin,coins,purchase_lives,map_lives,purchase_lives,5140,43,63,3150,2052,1098
2026-08-04,E. 40-99,Variant,pre_level_booster,pre_level_booster_2,items,in_game_use,saga,in_level,2920,1788,6387,6387,,
2026-08-04,E. 40-99,Variant,currency,HardCoin,coins,extra_moves,level_movesplus20,20,2920,71,78,7800,7231,569
2026-08-02,B. 1-9,Control,life,life,items,in_game_use,saga,in_level,7596,5486,35187,35187,,
2026-08-02,B. 1-9,Control,pre_level_booster,pre_level_booster_1,items,in_game_use,saga,in_level,7596,2514,3934,3934,,
2026-08-02,B. 1-9,Control,pre_level_booster,pre_level_booster_3,items,in_game_use,saga,in_level,7596,1406,1930,1930,,
2026-08-02,B. 1-9,Control,currency,HardCoin,coins,extra_moves,level_movesplus5,5,7596,1756,2431,243100,234997,8103
2026-08-02,B. 1-9,Control,currency,HardCoin,coins,extra_moves,level_movesplus10,10,7596,109,112,11200,10751,449
2026-08-02,B. 1-9,Control,ul_pre_booster,UnlimitedBooster3,items,in_game_use,saga,in_level,7596,149,1148,1148,,
2026-08-02,B. 1-9,Control,currency,HardCoin,coins,extra_moves,level_movesplus15,15,7596,92,95,9500,9100,400
2026-08-02,B. 1-9,Control,life,life,items,in_game_use,dream_peak,in_level,7596,16,350,350,,
2026-08-02,B. 1-9,Control,pre_level_booster,pre_level_booster_1,items,in_game_use,dream_peak,in_level,7596,14,23,23,,
2026-08-02,B. 1-9,Control,currency,HardCoin,coins,extra_moves,level_movesplus25,25,7596,61,62,6200,5939,261
2026-08-02,B. 1-9,Control,currency,HardCoin,coins,extra_moves,level_movesplus45,45,7596,21,21,2100,1926,174
2026-08-10,C. 10-19,Variant,powerup,powerup_1,items,in_game_use,dream_peak,in_level,6225,25,45,45,,
2026-08-10,C. 10-19,Variant,powerup,powerup_2,items,in_game_use,dream_peak,in_level,6225,40,76,76,,
2026-08-10,C. 10-19,Variant,currency,HardCoin,coins,extra_moves,level_movesplus15,15,6225,100,110,11000,10560,440
2026-08-10,C. 10-19,Variant,ul_pre_booster,UnlimitedBooster1,items,in_game_use,dream_peak,in_level,6225,26,181,181,,
2026-08-10,C. 10-19,Variant,currency,HardCoin,coins,extra_moves,level_movesplus10,10,6225,108,115,11500,10739,761
2026-08-04,E. 40-99,Variant,currency,HardCoin,coins,extra_moves,level_movesplus10,10,2920,105,124,12400,11193,1207
2026-08-04,E. 40-99,Variant,currency,HardCoin,coins,extra_moves,level_movesplus25,25,2920,50,50,5000,4441,559
2026-08-02,B. 1-9,Control,currency,HardCoin,coins,purchase_pre_level_booster,map_pre_level_booster,pre_level_booster_2,7596,6,6,900,900,0
2026-08-10,C. 10-19,Variant,currency,HardCoin,coins,purchase_powerup,level_powerup,powerup_3,6225,9,9,1800,1800,0
2026-08-10,C. 10-19,Variant,currency,HardCoin,coins,purchase_powerup,level_powerup,powerup_2,6225,14,15,2250,2125,125
2026-08-02,B. 1-9,Control,currency,HardCoin,coins,purchase_pre_level_booster,level_pre_level_booster,pre_level_booster_3,7596,1,1,200,200,0
2026-08-04,E. 40-99,Variant,currency,HardCoin,coins,extra_moves,level_movesplus45,45,2920,17,17,1700,1471,229
2026-08-04,E. 40-99,Variant,ul_pre_booster,UnlimitedBooster2,items,in_game_use,dream_peak,in_level,2920,1,10,10,,
2026-08-08,A. 0,Variant,currency,HardCoin,coins,extra_moves,level_movesplus30,30,5140,17,17,1700,1685,15
2026-08-08,A. 0,Variant,currency,HardCoin,coins,extra_moves,level_movesplus25,25,5140,15,15,1500,1350,150
2026-08-02,B. 1-9,Control,currency,HardCoin,coins,purchase_pre_level_booster,level_pre_level_booster,pre_level_booster_2,7596,1,1,150,150,0
2026-08-08,A. 0,Variant,currency,HardCoin,coins,extra_moves,level_movesplus35,35,5140,13,13,1300,1230,70
2026-08-08,A. 0,Variant,currency,HardCoin,coins,extra_moves,level_movesplus45,45,5140,7,7,700,610,90
2026-08-08,A. 0,Variant,currency,HardCoin,coins,purchase_pre_level_booster,map_pre_level_booster,pre_level_booster_2,5140,1,1,150,150,0
2026-08-04,E. 40-99,Variant,unlimited_lives,UnlimitedLives,items,in_game_use,saga,in_level,2920,1,17,17,,
2026-08-02,B. 1-9,Control,unlimited_lives,UnlimitedLives,items,in_game_use,saga,in_level,7596,1,9,9,,
2026-08-10,C. 10-19,Variant,unlimited_lives,UnlimitedLives,items,in_game_use,saga,in_level,6225,1,20,20,,
2026-08-08,A. 0,Variant,life,life,items,in_game_use,dream_peak,in_level,5140,813,31305,31305,,
2026-08-08,A. 0,Variant,powerup,powerup_2,items,in_game_use,dream_peak,in_level,5140,591,1503,1503,,
2026-08-10,C. 10-19,Variant,pre_level_booster,pre_level_booster_3,items,in_game_use,saga,in_level,6225,2067,3328,3328,,
2026-08-10,C. 10-19,Variant,currency,HardCoin,coins,extra_moves,level_movesplus50,50,6225,162,168,16800,15267,1533
2026-08-04,E. 40-99,Variant,ul_pre_booster,UnlimitedBooster1,items,in_game_use,saga,in_level,2920,1703,17666,17666,,
2026-08-04,E. 40-99,Variant,powerup,powerup_2,items,in_game_use,saga,in_level,2920,2141,8081,8081,,
2026-08-08,A. 0,Variant,currency,HardCoin,coins,extra_moves,level_movesplus50,50,5140,47,53,5300,4694,606
2026-08-08,A. 0,Variant,currency,HardCoin,coins,extra_moves,level_movesplus15,15,5140,26,27,2700,2160,540
2026-08-08,A. 0,Variant,currency,HardCoin,coins,purchase_pre_level_booster,map_pre_level_booster,pre_level_booster_3,5140,3,3,600,600,0
2026-08-04,E. 40-99,Variant,ul_pre_booster,UnlimitedBooster2,items,in_game_use,saga,in_level,2920,936,9441,9441,,
2026-08-04,E. 40-99,Variant,powerup,powerup_1,items,in_game_use,saga,in_level,2920,1733,4313,4313,,
2026-08-04,E. 40-99,Variant,currency,HardCoin,coins,extra_moves,level_movesplus15,15,2920,87,94,9400,8461,939
2026-08-04,E. 40-99,Variant,currency,HardCoin,coins,purchase_lives,level_lives,purchase_lives,2920,100,165,8250,5947,2303
2026-08-04,E. 40-99,Variant,ul_pre_booster,UnlimitedBooster3,items,in_game_use,saga,in_level,2920,114,1640,1640,,
2026-08-04,E. 40-99,Variant,life,life,items,in_game_use,dream_peak,in_level,2920,5,143,143,,
2026-08-02,B. 1-9,Control,powerup,powerup_2,items,in_game_use,saga,in_level,7596,1849,3230,3230,,
2026-08-02,B. 1-9,Control,powerup,powerup_3,items,in_game_use,saga,in_level,7596,1824,2775,2775,,
2026-08-02,B. 1-9,Control,pre_level_booster,pre_level_booster_2,items,in_game_use,saga,in_level,7596,2204,3641,3641,,
2026-08-02,B. 1-9,Control,powerup,powerup_1,items,in_game_use,saga,in_level,7596,929,1212,1212,,
2026-08-02,B. 1-9,Control,currency,HardCoin,coins,extra_moves,level_movesplus50,50,7596,123,125,12500,12072,428
2026-08-02,B. 1-9,Control,ul_pre_booster,UnlimitedBooster3,items,in_game_use,dream_peak,in_level,7596,6,102,102,,
2026-08-02,B. 1-9,Control,powerup,powerup_3,items,in_game_use,dream_peak,in_level,7596,8,13,13,,
2026-08-02,B. 1-9,Control,pre_level_booster,pre_level_booster_3,items,in_game_use,dream_peak,in_level,7596,8,13,13,,
2026-08-10,C. 10-19,Variant,currency,HardCoin,coins,extra_moves,level_movesplus30,30,6225,35,36,3600,3328,272
2026-08-10,C. 10-19,Variant,currency,HardCoin,coins,extra_moves,level_movesplus25,25,6225,65,66,6600,6230,370
2026-08-10,C. 10-19,Variant,ul_pre_booster,UnlimitedBooster3,items,in_game_use,dream_peak,in_level,6225,21,172,172,,
2026-08-10,C. 10-19,Variant,currency,HardCoin,coins,purchase_pre_level_booster,map_pre_level_booster,pre_level_booster_3,6225,11,30,6000,1445,4555
2026-08-10,C. 10-19,Variant,currency,HardCoin,coins,extra_moves,level_movesplus45,45,6225,30,30,3000,2777,223
2026-08-10,C. 10-19,Variant,currency,HardCoin,coins,purchase_pre_level_booster,level_pre_level_booster,pre_level_booster_3,6225,2,2,400,400,0
2026-08-04,E. 40-99,Variant,powerup,powerup_3,items,in_game_use,dream_peak,in_level,2920,6,14,14,,
2026-08-04,E. 40-99,Variant,currency,HardCoin,coins,purchase_pre_level_booster,map_pre_level_booster,pre_level_booster_1,2920,5,36,3600,200,3400
2026-08-04,E. 40-99,Variant,currency,HardCoin,coins,purchase_pre_level_booster,level_pre_level_booster,pre_level_booster_1,2920,2,2,200,200,0
2026-08-04,E. 40-99,Variant,ul_pre_booster,UnlimitedBooster3,items,in_game_use,dream_peak,in_level,2920,1,10,10,,
2026-08-04,E. 40-99,Variant,currency,HardCoin,coins,purchase_powerup,level_powerup,powerup_3,2920,7,7,1400,1200,200
2026-08-08,A. 0,Variant,ul_pre_booster,UnlimitedBooster2,items,in_game_use,saga,in_level,5140,40,75,75,,
2026-08-02,B. 1-9,Control,currency,HardCoin,coins,purchase_powerup,level_powerup,powerup_1,7596,3,3,1500,1500,0
2026-08-04,E. 40-99,Variant,currency,HardCoin,coins,purchase_pre_level_booster,map_pre_level_booster,pre_level_booster_2,2920,4,47,7050,150,6900
2026-08-02,B. 1-9,Control,currency,HardCoin,coins,level_movesplus5,level_movesplus5,level_movesplus5,7596,1,1,100,100,0
2026-08-10,C. 10-19,Variant,currency,HardCoin,coins,purchase_pre_level_booster,level_pre_level_booster,pre_level_booster_2,6225,1,1,150,150,0
2026-08-08,A. 0,Variant,currency,HardCoin,coins,purchase_pre_level_booster,map_pre_level_booster,pre_level_booster_1,5140,2,2,200,200,0
2026-08-10,C. 10-19,Variant,powerup,powerup_2,items,in_game_use,saga,in_level,6225,2914,7920,7920,,
2026-08-10,C. 10-19,Variant,currency,HardCoin,coins,extra_moves,level_movesplus5,5,6225,2686,4898,489800,458654,31146
2026-08-08,A. 0,Variant,ul_pre_booster,UnlimitedBooster2,items,in_game_use,dream_peak,in_level,5140,343,4608,4608,,
2026-08-10,C. 10-19,Variant,pre_level_booster,pre_level_booster_2,items,in_game_use,saga,in_level,6225,2982,6773,6773,,
2026-08-08,A. 0,Variant,ul_pre_booster,UnlimitedBooster3,items,in_game_use,dream_peak,in_level,5140,360,5113,5113,,
2026-08-08,A. 0,Variant,pre_level_booster,pre_level_booster_1,items,in_game_use,dream_peak,in_level,5140,449,1294,1294,,
2026-08-08,A. 0,Variant,pre_level_booster,pre_level_booster_2,items,in_game_use,dream_peak,in_level,5140,392,1181,1181,,
2026-08-08,A. 0,Variant,powerup,powerup_3,items,in_game_use,dream_peak,in_level,5140,554,1773,1773,,
2026-08-08,A. 0,Variant,powerup,powerup_3,items,in_game_use,saga,in_level,5140,173,212,212,,
2026-08-08,A. 0,Variant,pre_level_booster,pre_level_booster_1,items,in_game_use,saga,in_level,5140,357,462,462,,
2026-08-08,A. 0,Variant,powerup,powerup_2,items,in_game_use,saga,in_level,5140,172,249,249,,
2026-08-08,A. 0,Variant,currency,HardCoin,coins,purchase_powerup,level_powerup,powerup_3,5140,6,6,1200,1200,0
2026-08-08,A. 0,Variant,ul_pre_booster,UnlimitedBooster1,items,in_game_use,saga,in_level,5140,58,104,104,,
2026-08-08,A. 0,Variant,powerup,powerup_1,items,in_game_use,saga,in_level,5140,49,55,55,,
2026-08-10,C. 10-19,Variant,currency,HardCoin,coins,purchase_lives,map_lives,purchase_lives,6225,54,67,3350,2315,1035
2026-08-08,A. 0,Variant,ul_pre_booster,UnlimitedBooster3,items,in_game_use,saga,in_level,5140,7,27,27,,
2026-08-04,E. 40-99,Variant,pre_level_booster,pre_level_booster_3,items,in_game_use,saga,in_level,2920,1668,4728,4728,,
2026-08-04,E. 40-99,Variant,currency,HardCoin,coins,extra_moves,level_movesplus50,50,2920,78,86,8600,7215,1385
2026-08-04,E. 40-99,Variant,currency,HardCoin,coins,purchase_lives,map_lives,purchase_lives,2920,46,64,3200,2272,928
2026-08-04,E. 40-99,Variant,pre_level_booster,pre_level_booster_1,items,in_game_use,dream_peak,in_level,2920,4,4,4,,
2026-08-04,E. 40-99,Variant,ul_pre_booster,UnlimitedBooster1,items,in_game_use,dream_peak,in_level,2920,7,36,36,,
2026-08-04,E. 40-99,Variant,powerup,powerup_2,items,in_game_use,dream_peak,in_level,2920,8,11,11,,
2026-08-02,B. 1-9,Control,currency,HardCoin,coins,purchase_lives,level_lives,purchase_lives,7596,118,143,7150,3925,3225
2026-08-02,B. 1-9,Control,currency,HardCoin,coins,purchase_lives,map_lives,purchase_lives,7596,67,73,3650,2207,1443
2026-08-02,B. 1-9,Control,pre_level_booster,pre_level_booster_2,items,in_game_use,dream_peak,in_level,7596,11,17,17,,
2026-08-02,B. 1-9,Control,powerup,powerup_2,items,in_game_use,dream_peak,in_level,7596,9,17,17,,
2026-08-02,B. 1-9,Control,ul_pre_booster,UnlimitedBooster1,items,in_game_use,dream_peak,in_level,7596,7,85,85,,
2026-08-02,B. 1-9,Control,ul_pre_booster,UnlimitedBooster2,items,in_game_use,dream_peak,in_level,7596,8,109,109,,
2026-08-02,B. 1-9,Control,currency,HardCoin,coins,extra_moves,level_movesplus30,30,7596,43,43,4300,4155,145
2026-08-10,C. 10-19,Variant,powerup,powerup_3,items,in_game_use,dream_peak,in_level,6225,38,55,55,,
2026-08-10,C. 10-19,Variant,pre_level_booster,pre_level_booster_1,items,in_game_use,dream_peak,in_level,6225,35,56,56,,
2026-08-10,C. 10-19,Variant,pre_level_booster,pre_level_booster_2,items,in_game_use,dream_peak,in_level,6225,29,49,49,,
2026-08-10,C. 10-19,Variant,currency,HardCoin,coins,extra_moves,level_movesplus40,40,6225,37,38,3800,3232,568
2026-08-10,C. 10-19,Variant,currency,HardCoin,coins,purchase_pre_level_booster,map_pre_level_booster,pre_level_booster_1,6225,19,25,2500,1630,870
2026-08-04,E. 40-99,Variant,currency,HardCoin,coins,purchase_powerup,level_powerup,powerup_2,2920,16,16,2400,2145,255
2026-08-04,E. 40-99,Variant,currency,HardCoin,coins,team_created,unknown,unknown,2920,1,1,150,150,0
2026-08-04,E. 40-99,Variant,powerup,powerup_1,items,in_game_use,dream_peak,in_level,2920,4,4,4,,
2026-08-04,E. 40-99,Variant,currency,HardCoin,coins,purchase_pre_level_booster,map_pre_level_booster,pre_level_booster_3,2920,5,53,10600,400,10200
2026-08-02,B. 1-9,Control,currency,HardCoin,coins,purchase_powerup,level_powerup,powerup_2,7596,5,5,750,750,0
2026-08-10,C. 10-19,Variant,currency,HardCoin,coins,team_created,unknown,unknown,6225,1,1,150,150,0
2026-08-04,B. 1-9,Variant,pre_level_booster,pre_level_booster_1,items,in_game_use,saga,in_level,7344,2704,4684,4684,,
2026-08-03,B. 1-9,Control,life,life,items,in_game_use,saga,in_level,7328,5139,34972,34972,,
2026-08-03,B. 1-9,Control,pre_level_booster,pre_level_booster_3,items,in_game_use,saga,in_level,7328,1646,2169,2169,,
2026-08-03,B. 1-9,Control,powerup,powerup_3,items,in_game_use,saga,in_level,7328,2043,3116,3116,,
2026-08-03,B. 1-9,Control,pre_level_booster,pre_level_booster_3,items,in_game_use,dream_peak,in_level,7328,8,12,12,,
2026-08-03,B. 1-9,Control,powerup,powerup_3,items,in_game_use,dream_peak,in_level,7328,14,21,21,,
2026-08-03,B. 1-9,Control,currency,HardCoin,coins,purchase_lives,level_lives,purchase_lives,7328,153,212,10600,6806,3794
2026-08-03,B. 1-9,Control,ul_pre_booster,UnlimitedBooster3,items,in_game_use,saga,in_level,7328,138,1241,1241,,
2026-08-03,B. 1-9,Control,currency,HardCoin,coins,extra_moves,level_movesplus20,20,7328,92,93,9300,9200,100
2026-08-05,C. 10-19,Control,life,life,items,in_game_use,saga,in_level,5653,4362,44732,44732,,
2026-08-05,C. 10-19,Control,powerup,powerup_2,items,in_game_use,saga,in_level,5653,2374,4753,4753,,
2026-08-05,C. 10-19,Control,pre_level_booster,pre_level_booster_3,items,in_game_use,saga,in_level,5653,1634,2611,2611,,
2026-08-03,B. 1-9,Control,powerup,powerup_2,items,in_game_use,dream_peak,in_level,7328,11,21,21,,
2026-08-03,B. 1-9,Control,currency,HardCoin,coins,purchase_powerup,level_powerup,powerup_3,7328,14,14,2800,2640,160
2026-08-04,B. 1-9,Variant,currency,HardCoin,coins,extra_moves,level_movesplus40,40,7344,19,19,1900,1900,0
2026-08-04,B. 1-9,Variant,currency,HardCoin,coins,extra_moves,level_movesplus20,20,7344,50,50,5000,4722,278
2026-08-04,B. 1-9,Variant,currency,HardCoin,coins,purchase_pre_level_booster,map_pre_level_booster,pre_level_booster_3,7344,13,14,2800,2800,0
2026-08-05,C. 10-19,Control,ul_pre_booster,UnlimitedBooster2,items,in_game_use,saga,in_level,5653,1093,7566,7566,,
2026-08-05,C. 10-19,Control,pre_level_booster,pre_level_booster_2,items,in_game_use,saga,in_level,5653,2494,5242,5242,,
2026-08-05,C. 10-19,Control,currency,HardCoin,coins,purchase_pre_level_booster,map_pre_level_booster,pre_level_booster_1,5653,27,36,3600,2200,1400
2026-08-05,C. 10-19,Control,powerup,powerup_3,items,in_game_use,dream_peak,in_level,5653,72,155,155,,
2026-08-05,C. 10-19,Control,ul_pre_booster,UnlimitedBooster2,items,in_game_use,dream_peak,in_level,5653,33,427,427,,
2026-08-05,C. 10-19,Control,powerup,powerup_1,items,in_game_use,dream_peak,in_level,5653,43,61,61,,
2026-08-05,C. 10-19,Control,currency,HardCoin,coins,purchase_lives,map_lives,purchase_lives,5653,66,78,3900,2680,1220
2026-08-04,B. 1-9,Variant,currency,HardCoin,coins,extra_moves,level_movesplus45,45,7344,15,15,1500,1430,70
2026-08-03,B. 1-9,Control,currency,HardCoin,coins,level_movesplus5,level_movesplus5,level_movesplus5,7328,2,9,900,900,0
2026-08-04,B. 1-9,Variant,currency,HardCoin,coins,level_movesplus5,level_movesplus5,level_movesplus5,7344,2,5,500,500,0
2026-08-04,B. 1-9,Variant,currency,HardCoin,coins,purchase_pre_level_booster,level_pre_level_booster,pre_level_booster_3,7344,1,1,200,200,0
2026-08-03,B. 1-9,Control,currency,HardCoin,coins,team_created,unknown,unknown,7328,2,2,300,300,0
2026-08-04,B. 1-9,Variant,pre_level_booster,pre_level_booster_1,items,in_game_use,dream_peak,in_level,7344,1,1,1,,
2026-08-04,B. 1-9,Variant,pre_level_booster,pre_level_booster_3,items,in_game_use,dream_peak,in_level,7344,1,1,1,,
2026-08-04,B. 1-9,Variant,life,life,items,in_game_use,saga,in_level,7344,5272,30927,30927,,
2026-08-04,B. 1-9,Variant,pre_level_booster,pre_level_booster_2,items,in_game_use,saga,in_level,7344,2309,3846,3846,,
2026-08-03,B. 1-9,Control,powerup,powerup_2,items,in_game_use,saga,in_level,7328,2030,3478,3478,,
2026-08-03,B. 1-9,Control,powerup,powerup_1,items,in_game_use,saga,in_level,7328,1487,1951,1951,,
2026-08-03,B. 1-9,Control,ul_pre_booster,UnlimitedBooster2,items,in_game_use,saga,in_level,7328,457,2722,2722,,
2026-08-03,B. 1-9,Control,pre_level_booster,pre_level_booster_1,items,in_game_use,saga,in_level,7328,2511,3980,3980,,
2026-08-03,B. 1-9,Control,pre_level_booster,pre_level_booster_2,items,in_game_use,saga,in_level,7328,2412,4056,4056,,
2026-08-03,B. 1-9,Control,currency,HardCoin,coins,purchase_pre_level_booster,map_pre_level_booster,pre_level_booster_1,7328,14,14,1400,1400,0
2026-08-03,B. 1-9,Control,currency,HardCoin,coins,extra_moves,level_movesplus10,10,7328,128,133,13300,12796,504
2026-08-03,B. 1-9,Control,currency,HardCoin,coins,extra_moves,level_movesplus15,15,7328,106,108,10800,10696,104
2026-08-03,B. 1-9,Control,currency,HardCoin,coins,extra_moves,level_movesplus45,45,7328,23,23,2300,2200,100
2026-08-03,B. 1-9,Control,currency,HardCoin,coins,extra_moves,level_movesplus25,25,7328,52,52,5200,5002,198
2026-08-03,B. 1-9,Control,ul_pre_booster,UnlimitedBooster2,items,in_game_use,dream_peak,in_level,7328,13,151,151,,
2026-08-03,B. 1-9,Control,currency,HardCoin,coins,extra_moves,level_movesplus35,35,7328,33,34,3400,3400,0
2026-08-04,B. 1-9,Variant,powerup,powerup_2,items,in_game_use,saga,in_level,7344,2136,4378,4378,,
2026-08-04,B. 1-9,Variant,currency,HardCoin,coins,extra_moves,level_movesplus10,10,7344,95,96,9600,9324,276
2026-08-04,B. 1-9,Variant,ul_pre_booster,UnlimitedBooster3,items,in_game_use,saga,in_level,7344,101,969,969,,
2026-08-04,B. 1-9,Variant,currency,HardCoin,coins,extra_moves,level_movesplus30,30,7344,36,36,3600,3300,300
2026-08-05,C. 10-19,Control,powerup,powerup_2,items,in_game_use,dream_peak,in_level,5653,88,175,175,,
2026-08-05,C. 10-19,Control,ul_pre_booster,UnlimitedBooster3,items,in_game_use,dream_peak,in_level,5653,56,596,596,,
2026-08-05,C. 10-19,Control,currency,HardCoin,coins,purchase_lives,level_lives,purchase_lives,5653,151,205,10250,6942,3308
2026-08-05,C. 10-19,Control,currency,HardCoin,coins,extra_moves,level_movesplus10,10,5653,121,127,12700,11997,703
2026-08-05,C. 10-19,Control,currency,HardCoin,coins,extra_moves,level_movesplus25,25,5653,47,47,4700,4422,278
2026-08-05,C. 10-19,Control,pre_level_booster,pre_level_booster_2,items,in_game_use,dream_peak,in_level,5653,74,123,123,,
2026-08-04,B. 1-9,Variant,currency,HardCoin,coins,purchase_lives,map_lives,purchase_lives,7344,37,40,2000,1236,764
2026-08-04,B. 1-9,Variant,currency,HardCoin,coins,purchase_pre_level_booster,level_pre_level_booster,pre_level_booster_1,7344,4,4,400,400,0
2026-08-05,C. 10-19,Control,pre_level_booster,pre_level_booster_1,items,in_game_use,dream_peak,in_level,5653,60,111,111,,
2026-08-03,B. 1-9,Control,currency,HardCoin,coins,extra_moves,level_movesplus40,40,7328,28,28,2800,2745,55
2026-08-05,C. 10-19,Control,currency,HardCoin,coins,purchase_pre_level_booster,level_pre_level_booster,pre_level_booster_1,5653,1,1,100,100,0
2026-08-03,B. 1-9,Control,currency,HardCoin,coins,purchase_powerup,level_powerup,powerup_1,7328,3,3,1500,1500,0
2026-08-03,B. 1-9,Control,unlimited_lives,UnlimitedLives,items,in_game_use,saga,in_level,7328,1,1,1,,
2026-08-05,C. 10-19,Control,currency,HardCoin,coins,purchase_powerup,level_powerup,powerup_1,5653,3,3,1500,1500,0
2026-08-03,B. 1-9,Control,currency,HardCoin,coins,purchase_pre_level_booster,level_pre_level_booster,pre_level_booster_3,7328,2,2,400,400,0
2026-08-04,B. 1-9,Variant,life,life,items,in_game_use,dream_peak,in_level,7344,2,19,19,,
2026-08-04,B. 1-9,Variant,pre_level_booster,pre_level_booster_2,items,in_game_use,dream_peak,in_level,7344,1,2,2,,
2026-08-04,B. 1-9,Variant,currency,HardCoin,coins,purchase_pre_level_booster,map_pre_level_booster,pre_level_booster_2,7344,2,2,300,300,0
2026-08-03,B. 1-9,Control,ul_pre_booster,UnlimitedBooster1,items,in_game_use,saga,in_level,7328,857,4384,4384,,
2026-08-03,B. 1-9,Control,currency,HardCoin,coins,extra_moves,level_movesplus5,5,7328,1934,2680,268000,261216,6784
2026-08-05,C. 10-19,Control,powerup,powerup_1,items,in_game_use,saga,in_level,5653,1480,2180,2180,,
2026-08-05,C. 10-19,Control,currency,HardCoin,coins,extra_moves,level_movesplus5,5,5653,2388,3952,395200,375594,19606
2026-08-03,B. 1-9,Control,currency,HardCoin,coins,purchase_lives,map_lives,purchase_lives,7328,57,65,3250,2312,938
2026-08-04,B. 1-9,Variant,powerup,powerup_3,items,in_game_use,saga,in_level,7344,1903,2895,2895,,
2026-08-04,B. 1-9,Variant,ul_pre_booster,UnlimitedBooster1,items,in_game_use,saga,in_level,7344,725,3408,3408,,
2026-08-04,B. 1-9,Variant,currency,HardCoin,coins,purchase_lives,level_lives,purchase_lives,7344,106,141,7050,4988,2062
2026-08-04,B. 1-9,Variant,currency,HardCoin,coins,extra_moves,level_movesplus15,15,7344,62,63,6300,5920,380
2026-08-05,C. 10-19,Control,ul_pre_booster,UnlimitedBooster1,items,in_game_use,saga,in_level,5653,1161,8103,8103,,
2026-08-05,C. 10-19,Control,life,life,items,in_game_use,dream_peak,in_level,5653,109,2105,2105,,
2026-08-05,C. 10-19,Control,ul_pre_booster,UnlimitedBooster1,items,in_game_use,dream_peak,in_level,5653,35,408,408,,
2026-08-05,C. 10-19,Control,currency,HardCoin,coins,extra_moves,level_movesplus40,40,5653,21,22,2200,1980,220
2026-08-04,B. 1-9,Variant,currency,HardCoin,coins,purchase_pre_level_booster,map_pre_level_booster,pre_level_booster_1,7344,20,21,2100,2100,0
2026-08-05,C. 10-19,Control,currency,HardCoin,coins,extra_moves,level_movesplus30,30,5653,41,41,4100,3765,335
2026-08-05,C. 10-19,Control,currency,HardCoin,coins,extra_moves,level_movesplus20,20,5653,77,79,7900,7720,180
2026-08-05,C. 10-19,Control,currency,HardCoin,coins,purchase_pre_level_booster,map_pre_level_booster,pre_level_booster_3,5653,25,36,7200,3745,3455
2026-08-03,B. 1-9,Control,currency,HardCoin,coins,extra_moves,level_movesplus30,30,7328,43,43,4300,4150,150
2026-08-03,B. 1-9,Control,currency,HardCoin,coins,purchase_pre_level_booster,map_pre_level_booster,pre_level_booster_3,7328,5,5,1000,1000,0
2026-08-03,B. 1-9,Control,currency,HardCoin,coins,purchase_pre_level_booster,map_pre_level_booster,pre_level_booster_2,7328,3,3,450,450,0
2026-08-05,C. 10-19,Control,currency,HardCoin,coins,extra_moves,level_movesplus35,35,5653,25,25,2500,2410,90
2026-08-05,C. 10-19,Control,currency,HardCoin,coins,purchase_powerup,level_powerup,powerup_3,5653,11,12,2400,2400,0
2026-08-04,B. 1-9,Variant,currency,HardCoin,coins,purchase_powerup,level_powerup,powerup_2,7344,8,8,1200,1080,120
2026-08-04,B. 1-9,Variant,currency,HardCoin,coins,purchase_powerup,level_powerup,powerup_1,7344,3,5,2500,2000,500
2026-08-04,B. 1-9,Variant,unlimited_lives,UnlimitedLives,items,in_game_use,saga,in_level,7344,3,15,15,,
2026-08-05,C. 10-19,Control,currency,HardCoin,coins,extra_moves,level_movesplus45,45,5653,15,15,1500,1420,80
2026-08-03,B. 1-9,Control,currency,HardCoin,coins,purchase_powerup,level_powerup,powerup_2,7328,8,8,1200,1100,100
2026-08-04,B. 1-9,Variant,ul_pre_booster,UnlimitedBooster1,items,in_game_use,dream_peak,in_level,7344,1,5,5,,
2026-08-03,B. 1-9,Control,powerup,powerup_1,items,in_game_use,dream_peak,in_level,7328,5,9,9,,
2026-08-06,A. 0,Variant,life,life,items,in_game_use,saga,in_level,5032,1291,4876,4876,,
2026-08-04,F. 100+,Variant,powerup,powerup_3,items,in_game_use,saga,in_level,394,341,1775,1775,,
2026-08-04,F. 100+,Variant,ul_pre_booster,UnlimitedBooster1,items,in_game_use,saga,in_level,394,231,3801,3801,,
2026-08-04,F. 100+,Variant,currency,HardCoin,coins,extra_moves,level_movesplus10,10,394,31,38,3800,3670,130
2026-08-06,A. 0,Variant,powerup,powerup_3,items,in_game_use,dream_peak,in_level,5032,529,1687,1687,,
2026-08-06,A. 0,Variant,powerup,powerup_2,items,in_game_use,dream_peak,in_level,5032,546,1754,1754,,
2026-08-06,A. 0,Variant,currency,HardCoin,coins,purchase_powerup,level_powerup,powerup_3,5032,4,4,800,800,0
2026-08-06,A. 0,Variant,pre_level_booster,pre_level_booster_3,items,in_game_use,saga,in_level,5032,150,177,177,,
2026-08-02,E. 40-99,Variant,powerup,powerup_2,items,in_game_use,saga,in_level,2790,1931,6310,6310,,
2026-08-02,E. 40-99,Variant,currency,HardCoin,coins,purchase_lives,level_lives,purchase_lives,2790,116,175,8750,6119,2631
2026-08-02,E. 40-99,Variant,ul_pre_booster,UnlimitedBooster2,items,in_game_use,saga,in_level,2790,1098,12848,12848,,
2026-08-02,E. 40-99,Variant,currency,HardCoin,coins,extra_moves,level_movesplus40,40,2790,18,18,1800,1491,309
2026-08-02,E. 40-99,Variant,currency,HardCoin,coins,extra_moves,level_movesplus50,50,2790,61,66,6600,5762,838
2026-08-03,D. 20-39,Variant,currency,HardCoin,coins,extra_moves,level_movesplus5,5,4900,3035,7351,735100,679159,55941
2026-08-03,D. 20-39,Variant,pre_level_booster,pre_level_booster_3,items,in_game_use,dream_peak,in_level,4900,82,200,200,,
2026-08-03,D. 20-39,Variant,ul_pre_booster,UnlimitedBooster2,items,in_game_use,saga,in_level,4900,1019,9208,9208,,
2026-08-03,D. 20-39,Variant,currency,HardCoin,coins,extra_moves,level_movesplus10,10,4900,131,149,14900,13920,980
2026-08-03,D. 20-39,Variant,currency,HardCoin,coins,extra_moves,level_movesplus15,15,4900,107,116,11600,11261,339
2026-08-03,D. 20-39,Variant,currency,HardCoin,coins,extra_moves,level_movesplus40,40,4900,23,23,2300,1906,394
2026-08-04,F. 100+,Variant,currency,HardCoin,coins,purchase_lives,level_lives,purchase_lives,394,8,9,450,380,70
2026-08-04,F. 100+,Variant,currency,HardCoin,coins,extra_moves,level_movesplus20,20,394,25,30,3000,2810,190
2026-08-03,D. 20-39,Variant,ul_pre_booster,UnlimitedBooster3,items,in_game_use,dream_peak,in_level,4900,28,368,368,,
2026-08-04,F. 100+,Variant,currency,HardCoin,coins,extra_moves,level_movesplus30,30,394,8,8,800,740,60
2026-08-03,D. 20-39,Variant,currency,HardCoin,coins,extra_moves,level_movesplus45,45,4900,15,15,1500,1380,120
2026-08-06,A. 0,Variant,ul_pre_booster,UnlimitedBooster3,items,in_game_use,saga,in_level,5032,8,16,16,,
2026-08-06,A. 0,Variant,currency,HardCoin,coins,extra_moves,level_movesplus15,15,5032,20,21,2100,1642,458
2026-08-06,A. 0,Variant,currency,HardCoin,coins,extra_moves,level_movesplus30,30,5032,9,9,900,800,100
2026-08-04,F. 100+,Variant,currency,HardCoin,coins,purchase_powerup,level_powerup,powerup_3,394,7,7,1400,1400,0
2026-08-03,D. 20-39,Variant,currency,HardCoin,coins,purchase_pre_level_booster,map_pre_level_booster,pre_level_booster_2,4900,7,79,11850,5550,6300
2026-08-06,A. 0,Variant,currency,HardCoin,coins,purchase_pre_level_booster,map_pre_level_booster,pre_level_booster_2,5032,2,2,300,300,0
2026-08-06,A. 0,Variant,currency,HardCoin,coins,extra_moves,level_movesplus35,35,5032,11,11,1100,930,170
2026-08-02,E. 40-99,Variant,powerup,powerup_2,items,in_game_use,dream_peak,in_level,2790,1,2,2,,
2026-08-02,E. 40-99,Variant,unlimited_lives,UnlimitedLives,items,in_game_use,saga,in_level,2790,1,27,27,,
2026-08-02,E. 40-99,Variant,life,LifeReward,items,in_game_use,saga,in_level,2790,1,2,2,,
2026-08-06,A. 0,Variant,powerup,powerup_3,items,in_game_use,saga,in_level,5032,150,186,186,,
2026-08-04,F. 100+,Variant,powerup,powerup_2,items,in_game_use,saga,in_level,394,358,2058,2058,,
2026-08-04,F. 100+,Variant,pre_level_booster,pre_level_booster_3,items,in_game_use,saga,in_level,394,275,1204,1204,,
2026-08-04,F. 100+,Variant,currency,HardCoin,coins,extra_moves,level_movesplus15,15,394,19,22,2200,1885,315
2026-08-06,A. 0,Variant,ul_pre_booster,UnlimitedBooster2,items,in_game_use,dream_peak,in_level,5032,289,3404,3404,,
2026-08-06,A. 0,Variant,pre_level_booster,pre_level_booster_1,items,in_game_use,saga,in_level,5032,286,369,369,,
2026-08-06,A. 0,Variant,ul_pre_booster,UnlimitedBooster3,items,in_game_use,dream_peak,in_level,5032,69,1360,1360,,
2026-08-06,A. 0,Variant,currency,HardCoin,coins,extra_moves,level_movesplus25,25,5032,17,17,1700,1310,390
2026-08-06,A. 0,Variant,powerup,powerup_1,items,in_game_use,saga,in_level,5032,55,66,66,,
2026-08-06,A. 0,Variant,ul_pre_booster,UnlimitedBooster2,items,in_game_use,saga,in_level,5032,38,74,74,,
2026-08-06,A. 0,Variant,pre_level_booster,pre_level_booster_2,items,in_game_use,saga,in_level,5032,243,320,320,,
2026-08-02,E. 40-99,Variant,life,life,items,in_game_use,saga,in_level,2790,2486,37946,37946,,
2026-08-02,E. 40-99,Variant,powerup,powerup_1,items,in_game_use,saga,in_level,2790,1426,2952,2952,,
2026-08-02,E. 40-99,Variant,currency,HardCoin,coins,purchase_powerup,level_powerup,powerup_2,2790,30,34,5100,4820,280
2026-08-03,D. 20-39,Variant,life,life,items,in_game_use,saga,in_level,4900,3682,39903,39903,,
2026-08-03,D. 20-39,Variant,pre_level_booster,pre_level_booster_1,items,in_game_use,saga,in_level,4900,2873,7830,7830,,
2026-08-03,D. 20-39,Variant,powerup,powerup_3,items,in_game_use,saga,in_level,4900,2952,7252,7252,,
2026-08-03,D. 20-39,Variant,pre_level_booster,pre_level_booster_3,items,in_game_use,saga,in_level,4900,2040,4217,4217,,
2026-08-03,D. 20-39,Variant,pre_level_booster,pre_level_booster_2,items,in_game_use,dream_peak,in_level,4900,77,177,177,,
2026-08-03,D. 20-39,Variant,ul_pre_booster,UnlimitedBooster1,items,in_game_use,saga,in_level,4900,1980,16430,16430,,
2026-08-03,D. 20-39,Variant,powerup,powerup_1,items,in_game_use,dream_peak,in_level,4900,80,157,157,,
2026-08-03,D. 20-39,Variant,currency,HardCoin,coins,extra_moves,level_movesplus20,20,4900,77,82,8200,7710,490
2026-08-03,D. 20-39,Variant,pre_level_booster,pre_level_booster_1,items,in_game_use,dream_peak,in_level,4900,78,197,197,,
2026-08-03,D. 20-39,Variant,currency,HardCoin,coins,extra_moves,level_movesplus50,50,4900,121,125,12500,11118,1382
2026-08-03,D. 20-39,Variant,currency,HardCoin,coins,extra_moves,level_movesplus30,30,4900,46,48,4800,4541,259
2026-08-02,E. 40-99,Variant,currency,HardCoin,coins,extra_moves,level_movesplus15,15,2790,67,74,7400,6602,798
2026-08-02,E. 40-99,Variant,currency,HardCoin,coins,purchase_powerup,level_powerup,powerup_3,2790,14,16,3200,2630,570
2026-08-03,D. 20-39,Variant,currency,HardCoin,coins,team_created,unknown,unknown,4900,5,5,750,750,0
2026-08-02,E. 40-99,Variant,currency,HardCoin,coins,extra_moves,level_movesplus35,35,2790,25,26,2600,2400,200
2026-08-04,F. 100+,Variant,currency,HardCoin,coins,extra_moves,level_movesplus50,50,394,7,9,900,741,159
2026-08-04,F. 100+,Variant,ul_pre_booster,UnlimitedBooster3,items,in_game_use,saga,in_level,394,12,142,142,,
2026-08-02,E. 40-99,Variant,currency,HardCoin,coins,purchase_powerup,level_powerup,powerup_1,2790,8,10,5000,3185,1815
2026-08-02,E. 40-99,Variant,currency,HardCoin,coins,team_created,unknown,unknown,2790,4,4,600,600,0
2026-08-03,D. 20-39,Variant,currency,HardCoin,coins,purchase_lives,map_lives,purchase_lives,4900,43,49,2450,1450,1000
2026-08-04,F. 100+,Variant,currency,HardCoin,coins,extra_moves,level_movesplus35,35,394,4,5,500,500,0
2026-08-06,A. 0,Variant,currency,HardCoin,coins,purchase_powerup,level_powerup,powerup_2,5032,10,12,1800,1500,300
2026-08-06,A. 0,Variant,currency,HardCoin,coins,purchase_lives,level_lives,purchase_lives,5032,25,52,2600,1889,711
2026-08-02,E. 40-99,Variant,powerup,powerup_3,items,in_game_use,dream_peak,in_level,2790,1,2,2,,
2026-08-04,F. 100+,Variant,powerup,powerup_1,items,in_game_use,saga,in_level,394,289,1005,1005,,
2026-08-04,F. 100+,Variant,pre_level_booster,pre_level_booster_2,items,in_game_use,saga,in_level,394,277,1566,1566,,
2026-08-04,F. 100+,Variant,currency,HardCoin,coins,extra_moves,level_movesplus5,5,394,334,1668,166800,149586,17214
2026-08-06,A. 0,Variant,life,life,items,in_game_use,dream_peak,in_level,5032,725,31287,31287,,
2026-08-06,A. 0,Variant,powerup,powerup_1,items,in_game_use,dream_peak,in_level,5032,366,1450,1450,,
2026-08-06,A. 0,Variant,currency,HardCoin,coins,extra_moves,level_movesplus5,5,5032,524,1658,165800,136495,29305
2026-08-06,A. 0,Variant,pre_level_booster,pre_level_booster_2,items,in_game_use,dream_peak,in_level,5032,350,970,970,,
2026-08-06,A. 0,Variant,pre_level_booster,pre_level_booster_3,items,in_game_use,dream_peak,in_level,5032,352,893,893,,
2026-08-06,A. 0,Variant,powerup,powerup_2,items,in_game_use,saga,in_level,5032,159,222,222,,
2026-08-06,A. 0,Variant,ul_pre_booster,UnlimitedBooster1,items,in_game_use,dream_peak,in_level,5032,167,2261,2261,,
2026-08-06,A. 0,Variant,currency,HardCoin,coins,extra_moves,level_movesplus10,10,5032,23,24,2400,2240,160
2026-08-06,A. 0,Variant,currency,HardCoin,coins,purchase_lives,map_lives,purchase_lives,5032,26,33,1650,956,694
2026-08-06,A. 0,Variant,unlimited_lives,UnlimitedLives,items,in_game_use,saga,in_level,5032,1,1,1,,
2026-08-02,E. 40-99,Variant,currency,HardCoin,coins,extra_moves,level_movesplus5,5,2790,1986,6602,660200,600781,59419
2026-08-02,E. 40-99,Variant,pre_level_booster,pre_level_booster_1,items,in_game_use,saga,in_level,2790,1713,5287,5287,,
2026-08-02,E. 40-99,Variant,ul_pre_booster,UnlimitedBooster3,items,in_game_use,saga,in_level,2790,886,8694,8694,,
2026-08-02,E. 40-99,Variant,pre_level_booster,pre_level_booster_3,items,in_game_use,saga,in_level,2790,1444,3841,3841,,
2026-08-02,E. 40-99,Variant,powerup,powerup_3,items,in_game_use,saga,in_level,2790,1947,5876,5876,,
2026-08-02,E. 40-99,Variant,pre_level_booster,pre_level_booster_2,items,in_game_use,saga,in_level,2790,1572,5484,5484,,
2026-08-02,E. 40-99,Variant,currency,HardCoin,coins,extra_moves,level_movesplus30,30,2790,24,25,2500,1980,520
2026-08-03,D. 20-39,Variant,pre_level_booster,pre_level_booster_2,items,in_game_use,saga,in_level,4900,2657,7688,7688,,
2026-08-03,D. 20-39,Variant,powerup,powerup_2,items,in_game_use,dream_peak,in_level,4900,102,276,276,,
2026-08-03,D. 20-39,Variant,life,life,items,in_game_use,dream_peak,in_level,4900,131,3041,3041,,
2026-08-03,D. 20-39,Variant,ul_pre_booster,UnlimitedBooster1,items,in_game_use,dream_peak,in_level,4900,67,841,841,,
2026-08-03,D. 20-39,Variant,currency,HardCoin,coins,purchase_powerup,level_powerup,powerup_3,4900,13,17,3400,3097,303
2026-08-03,D. 20-39,Variant,currency,HardCoin,coins,extra_moves,level_movesplus25,25,4900,48,52,5200,4768,432
2026-08-03,D. 20-39,Variant,currency,HardCoin,coins,purchase_lives,level_lives,purchase_lives,4900,96,150,7500,5602,1898
2026-08-03,D. 20-39,Variant,currency,HardCoin,coins,purchase_pre_level_booster,map_pre_level_booster,pre_level_booster_3,4900,13,85,17000,7200,9800
2026-08-04,F. 100+,Variant,currency,HardCoin,coins,extra_moves,level_movesplus25,25,394,16,17,1700,1600,100
2026-08-03,D. 20-39,Variant,currency,HardCoin,coins,purchase_powerup,level_powerup,powerup_2,4900,20,21,3150,3150,0
2026-08-04,F. 100+,Variant,currency,HardCoin,coins,purchase_lives,map_lives,purchase_lives,394,8,10,500,306,194
2026-08-04,F. 100+,Variant,currency,HardCoin,coins,extra_moves,level_movesplus40,40,394,1,1,100,100,0
2026-08-04,F. 100+,Variant,unlimited_lives,UnlimitedLives,items,in_game_use,saga,in_level,394,1,2,2,,
2026-08-06,A. 0,Variant,currency,HardCoin,coins,extra_moves,level_movesplus20,20,5032,17,18,1800,1215,585
2026-08-06,A. 0,Variant,currency,HardCoin,coins,purchase_pre_level_booster,map_pre_level_booster,pre_level_booster_1,5032,6,6,600,600,0
2026-08-06,A. 0,Variant,currency,HardCoin,coins,extra_moves,level_movesplus40,40,5032,6,6,600,546,54
2026-08-06,A. 0,Variant,currency,HardCoin,coins,extra_moves,level_movesplus45,45,5032,4,5,500,500,0
2026-08-06,A. 0,Variant,currency,HardCoin,coins,purchase_pre_level_booster,map_pre_level_booster,pre_level_booster_3,5032,2,2,400,400,0
2026-08-02,E. 40-99,Variant,life,life,items,in_game_use,dream_peak,in_level,2790,1,62,62,,
2026-08-02,E. 40-99,Variant,powerup,powerup_1,items,in_game_use,dream_peak,in_level,2790,1,1,1,,
2026-08-02,E. 40-99,Variant,currency,HardCoin,coins,purchase_pre_level_booster,map_pre_level_booster,pre_level_booster_1,2790,1,2,200,0,200
2026-08-10,F. 100+,Control,pre_level_booster,pre_level_booster_3,items,in_game_use,saga,in_level,529,380,1628,1628,,
2026-08-10,F. 100+,Control,powerup,powerup_3,items,in_game_use,saga,in_level,529,460,3262,3262,,
2026-08-10,F. 100+,Control,ul_pre_booster,UnlimitedBooster3,items,in_game_use,saga,in_level,529,352,4083,4083,,
2026-08-10,F. 100+,Control,currency,HardCoin,coins,purchase_powerup,level_powerup,powerup_3,529,4,5,1000,650,350
2026-08-10,F. 100+,Control,currency,HardCoin,coins,extra_moves,level_movesplus50,50,529,26,30,3000,2488,512
2026-08-05,D. 20-39,Control,currency,HardCoin,coins,extra_moves,level_movesplus5,5,4705,2862,6316,631600,591189,40411
2026-08-05,D. 20-39,Control,currency,HardCoin,coins,extra_moves,level_movesplus25,25,4705,44,44,4400,3980,420
2026-08-05,D. 20-39,Control,currency,HardCoin,coins,extra_moves,level_movesplus20,20,4705,69,74,7400,6950,450
2026-08-05,D. 20-39,Control,currency,HardCoin,coins,extra_moves,level_movesplus30,30,4705,26,27,2700,2685,15
2026-08-05,D. 20-39,Control,life,life,items,in_game_use,dream_peak,in_level,4705,31,573,573,,
2026-08-10,F. 100+,Control,currency,HardCoin,coins,purchase_lives,level_lives,purchase_lives,529,33,80,4000,3129,871
2026-08-06,D. 20-39,Control,powerup,powerup_3,items,in_game_use,saga,in_level,4668,2808,6662,6662,,
2026-08-06,D. 20-39,Control,currency,HardCoin,coins,extra_moves,level_movesplus5,5,4668,2845,6482,648200,603010,45190
2026-08-06,D. 20-39,Control,powerup,powerup_2,items,in_game_use,saga,in_level,4668,2568,6169,6169,,
2026-08-06,D. 20-39,Control,ul_pre_booster,UnlimitedBooster3,items,in_game_use,saga,in_level,4668,735,5892,5892,,
2026-08-06,D. 20-39,Control,currency,HardCoin,coins,extra_moves,level_movesplus15,15,4668,97,103,10300,9631,669
2026-08-06,D. 20-39,Control,currency,HardCoin,coins,purchase_lives,map_lives,purchase_lives,4668,72,82,4100,2311,1789
2026-08-06,D. 20-39,Control,currency,HardCoin,coins,purchase_pre_level_booster,map_pre_level_booster,pre_level_booster_3,4668,14,48,9600,2331,7269
2026-08-06,D. 20-39,Control,currency,HardCoin,coins,extra_moves,level_movesplus50,50,4668,59,63,6300,5411,889
2026-08-05,D. 20-39,Control,currency,HardCoin,coins,purchase_powerup,level_powerup,powerup_2,4705,15,17,2550,2400,150
2026-08-09,F. 100+,Control,currency,HardCoin,coins,purchase_lives,level_lives,purchase_lives,513,37,73,3650,2644,1006
2026-08-09,F. 100+,Control,currency,HardCoin,coins,extra_moves,level_movesplus20,20,513,20,22,2200,2015,185
2026-08-05,D. 20-39,Control,currency,HardCoin,coins,purchase_powerup,level_powerup,powerup_3,4705,13,14,2800,2800,0
2026-08-10,F. 100+,Control,currency,HardCoin,coins,purchase_pre_level_booster,map_pre_level_booster,pre_level_booster_2,529,2,4,600,600,0
2026-08-09,F. 100+,Control,currency,HardCoin,coins,extra_moves,level_movesplus15,15,513,38,47,4700,4405,295
2026-08-09,F. 100+,Control,currency,HardCoin,coins,purchase_powerup,level_powerup,powerup_2,513,6,13,1950,1230,720
2026-08-09,F. 100+,Control,ul_pre_booster,UnlimitedBooster3,items,in_game_use,saga,in_level,513,19,639,639,,
2026-08-09,F. 100+,Control,currency,HardCoin,coins,extra_moves,level_movesplus35,35,513,8,8,800,670,130
2026-08-09,F. 100+,Control,currency,HardCoin,coins,extra_moves,level_movesplus30,30,513,10,12,1200,1200,0
2026-08-05,D. 20-39,Control,currency,HardCoin,coins,team_created,unknown,unknown,4705,6,6,900,900,0
2026-08-06,D. 20-39,Control,pre_level_booster,pre_level_booster_1,items,in_game_use,dream_peak,in_level,4668,3,22,22,,
2026-08-06,D. 20-39,Control,currency,HardCoin,coins,extra_moves,level_movesplus45,45,4668,16,16,1600,1357,243
2026-08-09,F. 100+,Control,currency,HardCoin,coins,purchase_pre_level_booster,level_pre_level_booster,pre_level_booster_2,513,1,1,150,150,0
2026-08-10,F. 100+,Control,life,life,items,in_game_use,saga,in_level,529,498,13876,13876,,
2026-08-10,F. 100+,Control,ul_pre_booster,UnlimitedBooster1,items,in_game_use,saga,in_level,529,460,8319,8319,,
2026-08-10,F. 100+,Control,pre_level_booster,pre_level_booster_2,items,in_game_use,saga,in_level,529,411,3395,3395,,
2026-08-10,F. 100+,Control,currency,HardCoin,coins,extra_moves,level_movesplus5,5,529,478,3425,342500,308315,34185
2026-08-10,F. 100+,Control,currency,HardCoin,coins,extra_moves,level_movesplus25,25,529,23,29,2900,2825,75
2026-08-10,F. 100+,Control,currency,HardCoin,coins,extra_moves,level_movesplus10,10,529,55,77,7700,7080,620
2026-08-05,D. 20-39,Control,life,life,items,in_game_use,saga,in_level,4705,3823,50768,50768,,
2026-08-05,D. 20-39,Control,pre_level_booster,pre_level_booster_3,items,in_game_use,saga,in_level,4705,1773,3427,3427,,
2026-08-05,D. 20-39,Control,pre_level_booster,pre_level_booster_1,items,in_game_use,saga,in_level,4705,2635,6634,6634,,
2026-08-05,D. 20-39,Control,ul_pre_booster,UnlimitedBooster1,items,in_game_use,saga,in_level,4705,1477,13355,13355,,
2026-08-05,D. 20-39,Control,powerup,powerup_1,items,in_game_use,saga,in_level,4705,1823,3159,3159,,
2026-08-05,D. 20-39,Control,currency,HardCoin,coins,purchase_lives,map_lives,purchase_lives,4705,74,86,4300,2607,1693
2026-08-05,D. 20-39,Control,ul_pre_booster,UnlimitedBooster1,items,in_game_use,dream_peak,in_level,4705,7,107,107,,
2026-08-06,D. 20-39,Control,powerup,powerup_1,items,in_game_use,saga,in_level,4668,1817,3141,3141,,
2026-08-06,D. 20-39,Control,pre_level_booster,pre_level_booster_2,items,in_game_use,saga,in_level,4668,2389,6629,6629,,
2026-08-06,D. 20-39,Control,currency,HardCoin,coins,extra_moves,level_movesplus10,10,4668,138,143,14300,13290,1010
2026-08-06,D. 20-39,Control,ul_pre_booster,UnlimitedBooster1,items,in_game_use,saga,in_level,4668,1449,13362,13362,,
2026-08-06,D. 20-39,Control,currency,HardCoin,coins,extra_moves,level_movesplus30,30,4668,26,27,2700,2174,526
2026-08-06,D. 20-39,Control,currency,HardCoin,coins,extra_moves,level_movesplus20,20,4668,53,57,5700,4946,754
2026-08-06,D. 20-39,Control,currency,HardCoin,coins,extra_moves,level_movesplus25,25,4668,38,41,4100,3728,372
2026-08-05,D. 20-39,Control,ul_pre_booster,UnlimitedBooster2,items,in_game_use,dream_peak,in_level,4705,7,70,70,,
2026-08-10,F. 100+,Control,currency,HardCoin,coins,extra_moves,level_movesplus35,35,529,13,16,1600,1245,355
2026-08-09,F. 100+,Control,powerup,powerup_2,items,in_game_use,saga,in_level,513,456,2623,2623,,
2026-08-09,F. 100+,Control,powerup,powerup_1,items,in_game_use,saga,in_level,513,421,1619,1619,,
2026-08-09,F. 100+,Control,currency,HardCoin,coins,extra_moves,level_movesplus5,5,513,451,2918,291800,246457,45343
2026-08-09,F. 100+,Control,currency,HardCoin,coins,team_created,unknown,unknown,513,2,2,300,300,0
2026-08-09,F. 100+,Control,currency,HardCoin,coins,extra_moves,level_movesplus10,10,513,38,52,5200,4925,275
2026-08-09,F. 100+,Control,currency,HardCoin,coins,extra_moves,level_movesplus50,50,513,18,29,2900,2598,302
2026-08-05,D. 20-39,Control,pre_level_booster,pre_level_booster_1,items,in_game_use,dream_peak,in_level,4705,8,16,16,,
2026-08-06,D. 20-39,Control,ul_pre_booster,UnlimitedBooster2,items,in_game_use,dream_peak,in_level,4668,2,24,24,,
2026-08-06,D. 20-39,Control,pre_level_booster,pre_level_booster_2,items,in_game_use,dream_peak,in_level,4668,4,22,22,,
2026-08-09,F. 100+,Control,currency,HardCoin,coins,purchase_powerup,level_powerup,powerup_3,513,3,6,1200,400,800
2026-08-10,F. 100+,Control,currency,HardCoin,coins,purchase_pre_level_booster,map_pre_level_booster,pre_level_booster_3,529,1,1,200,200,0
2026-08-06,D. 20-39,Control,currency,HardCoin,coins,purchase_powerup,level_powerup,powerup_2,4668,15,15,2250,2015,235
2026-08-09,F. 100+,Control,currency,HardCoin,coins,extra_moves,level_movesplus45,45,513,4,4,400,375,25
2026-08-10,F. 100+,Control,currency,HardCoin,coins,extra_moves,level_movesplus45,45,529,3,3,300,200,100
2026-08-06,D. 20-39,Control,powerup,powerup_1,items,in_game_use,dream_peak,in_level,4668,2,25,25,,
2026-08-06,D. 20-39,Control,currency,HardCoin,coins,purchase_powerup,level_powerup,powerup_1,4668,1,1,500,500,0
2026-08-09,F. 100+,Control,currency,HardCoin,coins,purchase_pre_level_booster,level_pre_level_booster,pre_level_booster_3,513,2,2,400,215,185
2026-08-09,F. 100+,Control,currency,HardCoin,coins,purchase_pre_level_booster,map_pre_level_booster,pre_level_booster_1,513,4,7,700,600,100
2026-08-10,F. 100+,Control,currency,HardCoin,coins,purchase_pre_level_booster,map_pre_level_booster,pre_level_booster_1,529,1,1,100,100,0
2026-08-09,F. 100+,Control,currency,HardCoin,coins,purchase_pre_level_booster,level_pre_level_booster,pre_level_booster_1,513,1,1,100,100,0
2026-08-10,F. 100+,Control,ul_pre_booster,UnlimitedBooster2,items,in_game_use,saga,in_level,529,432,5997,5997,,
2026-08-10,F. 100+,Control,powerup,powerup_2,items,in_game_use,saga,in_level,529,463,2791,2791,,
2026-08-10,F. 100+,Control,currency,HardCoin,coins,extra_moves,level_movesplus30,30,529,15,21,2100,1815,285
2026-08-05,D. 20-39,Control,pre_level_booster,pre_level_booster_2,items,in_game_use,saga,in_level,4705,2450,6793,6793,,
2026-08-05,D. 20-39,Control,ul_pre_booster,UnlimitedBooster2,items,in_game_use,saga,in_level,4705,1166,10494,10494,,
2026-08-05,D. 20-39,Control,powerup,powerup_3,items,in_game_use,saga,in_level,4705,2792,6594,6594,,
2026-08-05,D. 20-39,Control,currency,HardCoin,coins,purchase_pre_level_booster,map_pre_level_booster,pre_level_booster_3,4705,12,33,6600,2200,4400
2026-08-05,D. 20-39,Control,currency,HardCoin,coins,extra_moves,level_movesplus10,10,4705,113,121,12100,11004,1096
2026-08-05,D. 20-39,Control,currency,HardCoin,coins,purchase_pre_level_booster,map_pre_level_booster,pre_level_booster_2,4705,3,22,3300,300,3000
2026-08-05,D. 20-39,Control,powerup,powerup_2,items,in_game_use,dream_peak,in_level,4705,18,32,32,,
2026-08-10,F. 100+,Control,currency,HardCoin,coins,purchase_lives,map_lives,purchase_lives,529,21,27,1350,978,372
2026-08-06,D. 20-39,Control,life,life,items,in_game_use,saga,in_level,4668,4089,64356,64356,,
2026-08-06,D. 20-39,Control,currency,HardCoin,coins,purchase_lives,level_lives,purchase_lives,4668,181,274,13700,9599,4101
2026-08-06,D. 20-39,Control,currency,HardCoin,coins,extra_moves,level_movesplus35,35,4668,21,22,2200,2153,47
2026-08-06,D. 20-39,Control,currency,HardCoin,coins,purchase_powerup,level_powerup,powerup_3,4668,14,15,3000,3000,0
2026-08-05,D. 20-39,Control,currency,HardCoin,coins,purchase_pre_level_booster,map_pre_level_booster,pre_level_booster_1,4705,7,26,2600,700,1900
2026-08-05,D. 20-39,Control,currency,HardCoin,coins,purchase_powerup,level_powerup,powerup_1,4705,4,7,3500,1500,2000
2026-08-09,F. 100+,Control,pre_level_booster,pre_level_booster_1,items,in_game_use,saga,in_level,513,425,3227,3227,,
2026-08-09,F. 100+,Control,life,life,items,in_game_use,saga,in_level,513,477,14604,14604,,
2026-08-09,F. 100+,Control,powerup,powerup_3,items,in_game_use,saga,in_level,513,447,2730,2730,,
2026-08-09,F. 100+,Control,pre_level_booster,pre_level_booster_2,items,in_game_use,saga,in_level,513,423,3530,3530,,
2026-08-09,F. 100+,Control,pre_level_booster,pre_level_booster_3,items,in_game_use,saga,in_level,513,383,1719,1719,,
2026-08-09,F. 100+,Control,ul_pre_booster,UnlimitedBooster1,items,in_game_use,saga,in_level,513,233,4604,4604,,
2026-08-10,F. 100+,Control,currency,HardCoin,coins,extra_moves,level_movesplus40,40,529,3,3,300,228,72
2026-08-05,D. 20-39,Control,pre_level_booster,pre_level_booster_3,items,in_game_use,dream_peak,in_level,4705,4,9,9,,
2026-08-06,D. 20-39,Control,currency,HardCoin,coins,purchase_pre_level_booster,map_pre_level_booster,pre_level_booster_2,4668,9,36,5400,1050,4350
2026-08-09,F. 100+,Control,currency,HardCoin,coins,extra_moves,level_movesplus25,25,513,17,20,2000,1925,75
2026-08-09,F. 100+,Control,currency,HardCoin,coins,extra_moves,level_movesplus40,40,513,4,4,400,260,140
2026-08-06,D. 20-39,Control,pre_level_booster,pre_level_booster_3,items,in_game_use,dream_peak,in_level,4668,2,21,21,,
2026-08-06,D. 20-39,Control,currency,HardCoin,coins,purchase_pre_level_booster,level_pre_level_booster,pre_level_booster_3,4668,1,1,200,200,0
2026-08-09,F. 100+,Control,currency,HardCoin,coins,purchase_pre_level_booster,map_pre_level_booster,pre_level_booster_2,513,3,5,750,180,570
2026-08-09,F. 100+,Control,currency,HardCoin,coins,purchase_pre_level_booster,map_pre_level_booster,pre_level_booster_3,513,3,5,1000,400,600
2026-08-06,D. 20-39,Control,ul_pre_booster,UnlimitedBooster3,items,in_game_use,dream_peak,in_level,4668,2,34,34,,
2026-08-06,D. 20-39,Control,ul_pre_booster,UnlimitedBooster1,items,in_game_use,dream_peak,in_level,4668,1,14,14,,
2026-08-03,E. 40-99,Control,powerup,powerup_3,items,in_game_use,saga,in_level,3169,2464,8630,8630,,
2026-08-03,E. 40-99,Control,pre_level_booster,pre_level_booster_1,items,in_game_use,saga,in_level,3169,2074,7939,7939,,
2026-08-03,E. 40-99,Control,life,life,items,in_game_use,saga,in_level,3169,2631,53197,53197,,
2026-08-03,E. 40-99,Control,ul_pre_booster,UnlimitedBooster1,items,in_game_use,saga,in_level,3169,2232,27372,27372,,
2026-08-03,E. 40-99,Control,pre_level_booster,pre_level_booster_3,items,in_game_use,dream_peak,in_level,3169,53,132,132,,
2026-08-03,E. 40-99,Control,pre_level_booster,pre_level_booster_2,items,in_game_use,dream_peak,in_level,3169,81,202,202,,
2026-08-03,E. 40-99,Control,ul_pre_booster,UnlimitedBooster1,items,in_game_use,dream_peak,in_level,3169,82,2485,2485,,
2026-08-03,C. 10-19,Variant,powerup,powerup_3,items,in_game_use,saga,in_level,5893,2609,4817,4817,,
2026-08-03,C. 10-19,Variant,ul_pre_booster,UnlimitedBooster2,items,in_game_use,saga,in_level,5893,1069,7391,7391,,
2026-08-03,C. 10-19,Variant,currency,HardCoin,coins,extra_moves,level_movesplus10,10,5893,111,118,11800,10853,947
2026-08-03,E. 40-99,Control,currency,HardCoin,coins,purchase_lives,level_lives,purchase_lives,3169,169,277,13850,10273,3577
2026-08-03,C. 10-19,Variant,pre_level_booster,pre_level_booster_2,items,in_game_use,dream_peak,in_level,5893,42,74,74,,
2026-08-03,C. 10-19,Variant,ul_pre_booster,UnlimitedBooster1,items,in_game_use,dream_peak,in_level,5893,44,387,387,,
2026-08-03,C. 10-19,Variant,powerup,powerup_2,items,in_game_use,dream_peak,in_level,5893,57,131,131,,
2026-08-03,E. 40-99,Control,currency,HardCoin,coins,extra_moves,level_movesplus10,10,3169,159,178,17800,17286,514
2026-08-03,E. 40-99,Control,currency,HardCoin,coins,extra_moves,level_movesplus25,25,3169,51,54,5400,5101,299
2026-08-03,C. 10-19,Variant,ul_pre_booster,UnlimitedBooster3,items,in_game_use,dream_peak,in_level,5893,24,211,211,,
2026-08-04,A. 0,Variant,ul_pre_booster,UnlimitedBooster1,items,in_game_use,dream_peak,in_level,4433,163,2563,2563,,
2026-08-04,A. 0,Variant,ul_pre_booster,UnlimitedBooster2,items,in_game_use,dream_peak,in_level,4433,208,3321,3321,,
2026-08-04,A. 0,Variant,powerup,powerup_1,items,in_game_use,saga,in_level,4433,74,87,87,,
2026-08-04,A. 0,Variant,powerup,powerup_2,items,in_game_use,saga,in_level,4433,149,235,235,,
2026-08-04,A. 0,Variant,pre_level_booster,pre_level_booster_2,items,in_game_use,saga,in_level,4433,264,318,318,,
2026-08-06,F. 100+,Variant,pre_level_booster,pre_level_booster_2,items,in_game_use,saga,in_level,423,307,1634,1634,,
2026-08-06,F. 100+,Variant,currency,HardCoin,coins,extra_moves,level_movesplus5,5,423,371,1789,178900,166564,12336
2026-08-06,F. 100+,Variant,currency,HardCoin,coins,purchase_lives,level_lives,purchase_lives,423,17,39,1950,1533,417
2026-08-03,E. 40-99,Control,currency,HardCoin,coins,purchase_powerup,level_powerup,powerup_3,3169,14,20,4000,4000,0
2026-08-03,E. 40-99,Control,currency,HardCoin,coins,purchase_pre_level_booster,map_pre_level_booster,pre_level_booster_1,3169,4,20,2000,200,1800
2026-08-03,C. 10-19,Variant,currency,HardCoin,coins,purchase_pre_level_booster,level_pre_level_booster,pre_level_booster_1,5893,2,2,200,200,0
2026-08-04,A. 0,Variant,currency,HardCoin,coins,extra_moves,level_movesplus50,50,4433,21,21,2100,2036,64
2026-08-06,F. 100+,Variant,currency,HardCoin,coins,purchase_lives,map_lives,purchase_lives,423,12,15,750,481,269
2026-08-04,A. 0,Variant,currency,HardCoin,coins,extra_moves,level_movesplus15,15,4433,11,13,1300,1051,249
2026-08-04,A. 0,Variant,currency,HardCoin,coins,extra_moves,level_movesplus45,45,4433,5,5,500,479,21
2026-08-04,A. 0,Variant,currency,HardCoin,coins,extra_moves,level_movesplus30,30,4433,5,5,500,416,84
2026-08-03,E. 40-99,Control,currency,HardCoin,coins,purchase_powerup,level_powerup,powerup_1,3169,1,1,500,500,0
2026-08-06,F. 100+,Variant,currency,HardCoin,coins,purchase_pre_level_booster,map_pre_level_booster,pre_level_booster_1,423,1,1,100,100,0
2026-08-04,A. 0,Variant,currency,HardCoin,coins,extra_moves,level_movesplus40,40,4433,2,2,200,200,0
2026-08-03,E. 40-99,Control,currency,HardCoin,coins,purchase_pre_level_booster,level_pre_level_booster,pre_level_booster_1,3169,1,1,100,100,0
2026-08-03,E. 40-99,Control,pre_level_booster,pre_level_booster_2,items,in_game_use,saga,in_level,3169,1993,8828,8828,,
2026-08-03,E. 40-99,Control,pre_level_booster,pre_level_booster_3,items,in_game_use,saga,in_level,3169,1665,4329,4329,,
2026-08-03,E. 40-99,Control,powerup,powerup_1,items,in_game_use,saga,in_level,3169,2162,5508,5508,,
2026-08-03,E. 40-99,Control,currency,HardCoin,coins,extra_moves,level_movesplus5,5,3169,2561,9710,971000,911196,59804
2026-08-03,E. 40-99,Control,ul_pre_booster,UnlimitedBooster2,items,in_game_use,dream_peak,in_level,3169,63,1734,1734,,
2026-08-03,C. 10-19,Variant,life,life,items,in_game_use,saga,in_level,5893,4339,39316,39316,,
2026-08-03,C. 10-19,Variant,powerup,powerup_1,items,in_game_use,saga,in_level,5893,1938,3078,3078,,
2026-08-03,C. 10-19,Variant,pre_level_booster,pre_level_booster_3,items,in_game_use,saga,in_level,5893,2011,3324,3324,,
2026-08-03,C. 10-19,Variant,currency,HardCoin,coins,extra_moves,level_movesplus5,5,5893,2655,4664,466400,435721,30679
2026-08-03,C. 10-19,Variant,life,life,items,in_game_use,dream_peak,in_level,5893,104,1087,1087,,
2026-08-03,E. 40-99,Control,ul_pre_booster,UnlimitedBooster3,items,in_game_use,saga,in_level,3169,690,7021,7021,,
2026-08-03,C. 10-19,Variant,currency,HardCoin,coins,extra_moves,level_movesplus20,20,5893,84,89,8900,8313,587
2026-08-03,E. 40-99,Control,currency,HardCoin,coins,extra_moves,level_movesplus50,50,3169,82,87,8700,8463,237
2026-08-03,E. 40-99,Control,currency,HardCoin,coins,extra_moves,level_movesplus15,15,3169,103,126,12600,12264,336
2026-08-03,E. 40-99,Control,currency,HardCoin,coins,extra_moves,level_movesplus20,20,3169,75,85,8500,7704,796
2026-08-03,C. 10-19,Variant,currency,HardCoin,coins,extra_moves,level_movesplus30,30,5893,49,52,5200,4827,373
2026-08-03,C. 10-19,Variant,powerup,powerup_1,items,in_game_use,dream_peak,in_level,5893,36,54,54,,
2026-08-03,C. 10-19,Variant,currency,HardCoin,coins,purchase_powerup,level_powerup,powerup_2,5893,10,14,2100,1965,135
2026-08-04,A. 0,Variant,life,life,items,in_game_use,dream_peak,in_level,4433,348,18900,18900,,
2026-08-04,A. 0,Variant,currency,HardCoin,coins,extra_moves,level_movesplus5,5,4433,309,1054,105400,88954,16446
2026-08-04,A. 0,Variant,pre_level_booster,pre_level_booster_2,items,in_game_use,dream_peak,in_level,4433,208,885,885,,
2026-08-04,A. 0,Variant,pre_level_booster,pre_level_booster_3,items,in_game_use,dream_peak,in_level,4433,221,849,849,,
2026-08-04,A. 0,Variant,powerup,powerup_3,items,in_game_use,saga,in_level,4433,164,221,221,,
2026-08-04,A. 0,Variant,pre_level_booster,pre_level_booster_1,items,in_game_use,saga,in_level,4433,302,373,373,,
2026-08-04,A. 0,Variant,pre_level_booster,pre_level_booster_3,items,in_game_use,saga,in_level,4433,129,148,148,,
2026-08-04,A. 0,Variant,ul_pre_booster,UnlimitedBooster3,items,in_game_use,dream_peak,in_level,4433,30,1474,1474,,
2026-08-04,A. 0,Variant,currency,HardCoin,coins,purchase_lives,map_lives,purchase_lives,4433,16,23,1150,743,407
2026-08-04,A. 0,Variant,currency,HardCoin,coins,purchase_lives,level_lives,purchase_lives,4433,34,38,1900,1251,649
2026-08-06,F. 100+,Variant,powerup,powerup_2,items,in_game_use,saga,in_level,423,355,2165,2165,,
2026-08-06,F. 100+,Variant,powerup,powerup_3,items,in_game_use,saga,in_level,423,368,3045,3045,,
2026-08-06,F. 100+,Variant,currency,HardCoin,coins,extra_moves,level_movesplus50,50,423,11,14,1400,945,455
2026-08-03,E. 40-99,Control,currency,HardCoin,coins,extra_moves,level_movesplus30,30,3169,44,45,4500,3997,503
2026-08-04,A. 0,Variant,ul_pre_booster,UnlimitedBooster3,items,in_game_use,saga,in_level,4433,10,17,17,,
2026-08-04,A. 0,Variant,currency,HardCoin,coins,extra_moves,level_movesplus10,10,4433,5,6,600,400,200
2026-08-06,F. 100+,Variant,currency,HardCoin,coins,extra_moves,level_movesplus35,35,423,3,3,300,200,100
2026-08-10,E. 40-99,Variant,powerup,powerup_2,items,in_game_use,saga,in_level,3390,2537,10473,10473,,
2026-08-04,B. 1-9,Control,powerup,powerup_3,items,in_game_use,saga,in_level,7437,1997,3017,3017,,
2026-08-10,E. 40-99,Variant,powerup,powerup_3,items,in_game_use,saga,in_level,3390,2484,8294,8294,,
2026-08-10,E. 40-99,Variant,powerup,powerup_1,items,in_game_use,dream_peak,in_level,3390,63,227,227,,
2026-08-04,B. 1-9,Control,currency,HardCoin,coins,extra_moves,level_movesplus50,50,7437,145,148,14800,14315,485
2026-08-04,B. 1-9,Control,ul_pre_booster,UnlimitedBooster3,items,in_game_use,saga,in_level,7437,124,1002,1002,,
2026-08-04,B. 1-9,Control,ul_pre_booster,UnlimitedBooster1,items,in_game_use,dream_peak,in_level,7437,3,20,20,,
2026-08-04,B. 1-9,Control,currency,HardCoin,coins,extra_moves,level_movesplus40,40,7437,21,21,2100,2100,0
2026-08-10,E. 40-99,Variant,ul_pre_booster,UnlimitedBooster3,items,in_game_use,saga,in_level,3390,634,5835,5835,,
2026-08-10,E. 40-99,Variant,currency,HardCoin,coins,extra_moves,level_movesplus25,25,3390,59,64,6400,5909,491
2026-08-10,E. 40-99,Variant,ul_pre_booster,UnlimitedBooster2,items,in_game_use,dream_peak,in_level,3390,51,583,583,,
2026-08-10,E. 40-99,Variant,currency,HardCoin,coins,extra_moves,level_movesplus20,20,3390,89,96,9600,9103,497
2026-08-10,E. 40-99,Variant,currency,HardCoin,coins,extra_moves,level_movesplus35,35,3390,26,27,2700,2601,99
2026-08-10,E. 40-99,Variant,ul_pre_booster,UnlimitedBooster3,items,in_game_use,dream_peak,in_level,3390,6,93,93,,
2026-08-04,B. 1-9,Control,currency,HardCoin,coins,purchase_pre_level_booster,level_pre_level_booster,pre_level_booster_3,7437,3,3,600,415,185
2026-08-04,B. 1-9,Control,pre_level_booster,pre_level_booster_1,items,in_game_use,dream_peak,in_level,7437,1,3,3,,
2026-08-04,B. 1-9,Control,pre_level_booster,pre_level_booster_3,items,in_game_use,dream_peak,in_level,7437,1,3,3,,
2026-08-10,E. 40-99,Variant,ul_pre_booster,UnlimitedBooster2,items,in_game_use,saga,in_level,3390,1136,12164,12164,,
2026-08-10,E. 40-99,Variant,currency,HardCoin,coins,extra_moves,level_movesplus5,5,3390,2640,9410,941000,890057,50943
2026-08-10,E. 40-99,Variant,powerup,powerup_1,items,in_game_use,saga,in_level,3390,2167,5653,5653,,
2026-08-10,E. 40-99,Variant,pre_level_booster,pre_level_booster_2,items,in_game_use,saga,in_level,3390,2083,7961,7961,,
2026-08-10,E. 40-99,Variant,currency,HardCoin,coins,extra_moves,level_movesplus50,50,3390,112,125,12500,11614,886
2026-08-04,B. 1-9,Control,pre_level_booster,pre_level_booster_1,items,in_game_use,saga,in_level,7437,2363,3579,3579,,
2026-08-04,B. 1-9,Control,powerup,powerup_1,items,in_game_use,saga,in_level,7437,1307,1753,1753,,
2026-08-10,E. 40-99,Variant,life,life,items,in_game_use,dream_peak,in_level,3390,123,5039,5039,,
2026-08-10,E. 40-99,Variant,powerup,powerup_3,items,in_game_use,dream_peak,in_level,3390,95,570,570,,
2026-08-04,B. 1-9,Control,currency,HardCoin,coins,extra_moves,level_movesplus5,5,7437,1691,2375,237500,228187,9313
2026-08-04,B. 1-9,Control,currency,HardCoin,coins,extra_moves,level_movesplus25,25,7437,56,56,5600,5391,209
2026-08-04,B. 1-9,Control,life,life,items,in_game_use,dream_peak,in_level,7437,4,135,135,,
2026-08-04,B. 1-9,Control,ul_pre_booster,UnlimitedBooster3,items,in_game_use,dream_peak,in_level,7437,4,29,29,,
2026-08-04,B. 1-9,Control,ul_pre_booster,UnlimitedBooster2,items,in_game_use,dream_peak,in_level,7437,4,39,39,,
2026-08-04,B. 1-9,Control,currency,HardCoin,coins,purchase_pre_level_booster,map_pre_level_booster,pre_level_booster_3,7437,9,9,1800,1800,0
2026-08-04,B. 1-9,Control,currency,HardCoin,coins,purchase_pre_level_booster,map_pre_level_booster,pre_level_booster_1,7437,13,13,1300,1300,0
2026-08-04,B. 1-9,Control,currency,HardCoin,coins,purchase_powerup,level_powerup,powerup_2,7437,10,10,1500,1500,0
2026-08-04,B. 1-9,Control,currency,HardCoin,coins,purchase_powerup,level_powerup,powerup_3,7437,3,3,600,600,0
2026-08-10,E. 40-99,Variant,powerup,powerup_2,items,in_game_use,dream_peak,in_level,3390,91,225,225,,
2026-08-10,E. 40-99,Variant,currency,HardCoin,coins,purchase_lives,map_lives,purchase_lives,3390,37,39,1950,1168,782
2026-08-10,E. 40-99,Variant,currency,HardCoin,coins,purchase_lives,level_lives,purchase_lives,3390,82,131,6550,4807,1743
2026-08-10,E. 40-99,Variant,pre_level_booster,pre_level_booster_2,items,in_game_use,dream_peak,in_level,3390,39,247,247,,
2026-08-10,E. 40-99,Variant,pre_level_booster,pre_level_booster_1,items,in_game_use,dream_peak,in_level,3390,60,332,332,,
2026-08-10,E. 40-99,Variant,pre_level_booster,pre_level_booster_3,items,in_game_use,dream_peak,in_level,3390,55,274,274,,
2026-08-10,E. 40-99,Variant,currency,HardCoin,coins,team_created,unknown,unknown,3390,1,1,150,150,0
2026-08-10,E. 40-99,Variant,currency,HardCoin,coins,purchase_pre_level_booster,map_pre_level_booster,pre_level_booster_3,3390,2,15,3000,200,2800
2026-08-10,E. 40-99,Variant,currency,HardCoin,coins,purchase_powerup,level_powerup,powerup_3,3390,14,17,3400,3400,0
2026-08-04,B. 1-9,Control,powerup,powerup_2,items,in_game_use,dream_peak,in_level,7437,4,6,6,,
2026-08-10,E. 40-99,Variant,currency,HardCoin,coins,purchase_pre_level_booster,map_pre_level_booster,pre_level_booster_2,3390,1,15,2250,0,2250
2026-08-04,B. 1-9,Control,pre_level_booster,pre_level_booster_2,items,in_game_use,dream_peak,in_level,7437,1,1,1,,
2026-08-04,B. 1-9,Control,currency,HardCoin,coins,purchase_pre_level_booster,level_pre_level_booster,pre_level_booster_1,7437,2,2,200,200,0
2026-08-04,B. 1-9,Control,currency,HardCoin,coins,team_created,unknown,unknown,7437,1,1,150,150,0
2026-08-10,E. 40-99,Variant,pre_level_booster,pre_level_booster_3,items,in_game_use,saga,in_level,3390,1841,5290,5290,,
2026-08-10,E. 40-99,Variant,pre_level_booster,pre_level_booster_1,items,in_game_use,saga,in_level,3390,2270,7856,7856,,
2026-08-04,B. 1-9,Control,life,life,items,in_game_use,saga,in_level,7437,6004,46472,46472,,
2026-08-04,B. 1-9,Control,pre_level_booster,pre_level_booster_3,items,in_game_use,saga,in_level,7437,1400,1880,1880,,
2026-08-04,B. 1-9,Control,powerup,powerup_2,items,in_game_use,saga,in_level,7437,1996,3550,3550,,
2026-08-10,E. 40-99,Variant,ul_pre_booster,UnlimitedBooster1,items,in_game_use,saga,in_level,3390,2201,25899,25899,,
2026-08-04,B. 1-9,Control,currency,HardCoin,coins,extra_moves,level_movesplus20,20,7437,88,90,9000,8720,280
2026-08-04,B. 1-9,Control,currency,HardCoin,coins,extra_moves,level_movesplus15,15,7437,89,90,9000,8547,453
2026-08-04,B. 1-9,Control,ul_pre_booster,UnlimitedBooster1,items,in_game_use,saga,in_level,7437,986,4967,4967,,
2026-08-04,B. 1-9,Control,currency,HardCoin,coins,purchase_lives,level_lives,purchase_lives,7437,165,218,10900,6876,4024
2026-08-04,B. 1-9,Control,currency,HardCoin,coins,extra_moves,level_movesplus10,10,7437,118,122,12200,12145,55
2026-08-04,B. 1-9,Control,currency,HardCoin,coins,extra_moves,level_movesplus35,35,7437,38,38,3800,3660,140
2026-08-04,B. 1-9,Control,currency,HardCoin,coins,purchase_lives,map_lives,purchase_lives,7437,86,93,4650,2989,1661
2026-08-04,B. 1-9,Control,currency,HardCoin,coins,extra_moves,level_movesplus30,30,7437,34,34,3400,3123,277
2026-08-10,E. 40-99,Variant,ul_pre_booster,UnlimitedBooster1,items,in_game_use,dream_peak,in_level,3390,65,514,514,,
2026-08-10,E. 40-99,Variant,currency,HardCoin,coins,extra_moves,level_movesplus10,10,3390,154,171,17100,16221,879
2026-08-10,E. 40-99,Variant,currency,HardCoin,coins,extra_moves,level_movesplus40,40,3390,31,31,3100,2685,415
2026-08-10,E. 40-99,Variant,currency,HardCoin,coins,extra_moves,level_movesplus15,15,3390,126,141,14100,13344,756
2026-08-10,E. 40-99,Variant,currency,HardCoin,coins,purchase_powerup,level_powerup,powerup_2,3390,16,20,3000,2840,160
2026-08-10,E. 40-99,Variant,currency,HardCoin,coins,extra_moves,level_movesplus45,45,3390,20,20,2000,1970,30
2026-08-04,B. 1-9,Control,powerup,powerup_1,items,in_game_use,dream_peak,in_level,7437,3,4,4,,
2026-08-10,E. 40-99,Variant,currency,HardCoin,coins,level_movesplus5,level_movesplus5,level_movesplus5,3390,1,4,400,400,0
2026-08-10,E. 40-99,Variant,currency,HardCoin,coins,purchase_powerup,level_powerup,powerup_1,3390,1,1,500,500,0
2026-08-06,E. 40-99,Variant,pre_level_booster,pre_level_booster_1,items,in_game_use,saga,in_level,2911,1816,5809,5809,,
2026-08-06,E. 40-99,Variant,powerup,powerup_2,items,in_game_use,saga,in_level,2911,2050,6911,6911,,
2026-08-08,B. 1-9,Control,ul_pre_booster,UnlimitedBooster1,items,in_game_use,saga,in_level,7572,813,4317,4317,,
2026-08-08,B. 1-9,Control,powerup,powerup_3,items,in_game_use,saga,in_level,7572,1886,2882,2882,,
2026-08-08,F. 100+,Variant,ul_pre_booster,UnlimitedBooster3,items,in_game_use,saga,in_level,494,303,3692,3692,,
2026-08-08,F. 100+,Variant,powerup,powerup_3,items,in_game_use,saga,in_level,494,425,2613,2613,,
2026-08-08,F. 100+,Variant,currency,HardCoin,coins,extra_moves,level_movesplus5,5,494,437,2443,244300,226846,17454
2026-08-08,B. 1-9,Control,currency,HardCoin,coins,extra_moves,level_movesplus10,10,7572,112,121,12100,11577,523
2026-08-08,B. 1-9,Control,currency,HardCoin,coins,extra_moves,level_movesplus45,45,7572,13,13,1300,1290,10
2026-08-07,D. 20-39,Control,pre_level_booster,pre_level_booster_3,items,in_game_use,saga,in_level,4874,2086,4316,4316,,
2026-08-07,D. 20-39,Control,pre_level_booster,pre_level_booster_1,items,in_game_use,saga,in_level,4874,2857,8047,8047,,
2026-08-07,D. 20-39,Control,ul_pre_booster,UnlimitedBooster3,items,in_game_use,saga,in_level,4874,855,6133,6133,,
2026-08-07,D. 20-39,Control,currency,HardCoin,coins,purchase_powerup,level_powerup,powerup_1,4874,4,4,2000,1525,475
2026-08-07,D. 20-39,Control,currency,HardCoin,coins,purchase_lives,map_lives,purchase_lives,4874,51,56,2800,1562,1238
2026-08-03,A. 0,Control,powerup,powerup_3,items,in_game_use,saga,in_level,4074,144,176,176,,
2026-08-03,F. 100+,Control,life,life,items,in_game_use,saga,in_level,435,380,10107,10107,,
2026-08-03,F. 100+,Control,pre_level_booster,pre_level_booster_1,items,in_game_use,saga,in_level,435,346,2418,2418,,
2026-08-03,F. 100+,Control,pre_level_booster,pre_level_booster_2,items,in_game_use,saga,in_level,435,336,2614,2614,,
2026-08-03,F. 100+,Control,ul_pre_booster,UnlimitedBooster3,items,in_game_use,saga,in_level,435,272,3322,3322,,
2026-08-03,F. 100+,Control,currency,HardCoin,coins,extra_moves,level_movesplus35,35,435,13,13,1300,1185,115
2026-08-03,F. 100+,Control,currency,HardCoin,coins,extra_moves,level_movesplus45,45,435,6,6,600,600,0
2026-08-03,F. 100+,Control,powerup,powerup_1,items,in_game_use,saga,in_level,435,365,1643,1643,,
2026-08-03,F. 100+,Control,currency,HardCoin,coins,extra_moves,level_movesplus5,5,435,392,2874,287400,268643,18757
2026-08-03,A. 0,Control,currency,HardCoin,coins,purchase_powerup,level_powerup,powerup_2,4074,1,2,300,300,0
2026-08-03,A. 0,Control,pre_level_booster,pre_level_booster_3,items,in_game_use,dream_peak,in_level,4074,9,11,11,,
2026-08-03,A. 0,Control,ul_pre_booster,UnlimitedBooster3,items,in_game_use,dream_peak,in_level,4074,4,31,31,,
2026-08-07,D. 20-39,Control,currency,HardCoin,coins,extra_moves,level_movesplus40,40,4874,18,18,1800,1700,100
2026-08-07,D. 20-39,Control,currency,HardCoin,coins,extra_moves,level_movesplus30,30,4874,30,30,3000,2905,95
2026-08-08,F. 100+,Variant,currency,HardCoin,coins,purchase_lives,level_lives,purchase_lives,494,16,33,1650,1073,577
2026-08-06,E. 40-99,Variant,powerup,powerup_1,items,in_game_use,saga,in_level,2911,1397,2973,2973,,
2026-08-06,E. 40-99,Variant,ul_pre_booster,UnlimitedBooster2,items,in_game_use,saga,in_level,2911,1068,10413,10413,,
2026-08-06,E. 40-99,Variant,currency,HardCoin,coins,purchase_lives,map_lives,purchase_lives,2911,74,81,4050,2847,1203
2026-08-06,E. 40-99,Variant,currency,HardCoin,coins,extra_moves,level_movesplus50,50,2911,73,78,7800,6538,1262
2026-08-03,F. 100+,Control,currency,HardCoin,coins,extra_moves,level_movesplus25,25,435,12,12,1200,1135,65
2026-08-08,B. 1-9,Control,life,life,items,in_game_use,dream_peak,in_level,7572,12,276,276,,
2026-08-08,B. 1-9,Control,ul_pre_booster,UnlimitedBooster2,items,in_game_use,dream_peak,in_level,7572,4,42,42,,
2026-08-07,D. 20-39,Control,currency,HardCoin,coins,extra_moves,level_movesplus20,20,4874,75,78,7800,7440,360
2026-08-07,D. 20-39,Control,pre_level_booster,pre_level_booster_3,items,in_game_use,dream_peak,in_level,4874,2,8,8,,
2026-08-03,A. 0,Control,pre_level_booster,pre_level_booster_1,items,in_game_use,dream_peak,in_level,4074,9,17,17,,
2026-08-03,A. 0,Control,powerup,powerup_3,items,in_game_use,dream_peak,in_level,4074,18,26,26,,
2026-08-08,B. 1-9,Control,pre_level_booster,pre_level_booster_1,items,in_game_use,dream_peak,in_level,7572,6,11,11,,
2026-08-08,B. 1-9,Control,pre_level_booster,pre_level_booster_2,items,in_game_use,dream_peak,in_level,7572,8,17,17,,
2026-08-08,B. 1-9,Control,pre_level_booster,pre_level_booster_3,items,in_game_use,dream_peak,in_level,7572,3,6,6,,
2026-08-06,E. 40-99,Variant,currency,HardCoin,coins,extra_moves,level_movesplus30,30,2911,34,34,3400,3187,213
2026-08-07,D. 20-39,Control,currency,HardCoin,coins,purchase_pre_level_booster,map_pre_level_booster,pre_level_booster_2,4874,8,23,3450,900,2550
2026-08-08,B. 1-9,Control,currency,HardCoin,coins,purchase_powerup,level_powerup,powerup_1,7572,3,4,2000,2000,0
2026-08-08,B. 1-9,Control,currency,HardCoin,coins,purchase_pre_level_booster,level_pre_level_booster,pre_level_booster_1,7572,4,4,400,400,0
2026-08-06,E. 40-99,Variant,currency,HardCoin,coins,purchase_pre_level_booster,level_pre_level_booster,pre_level_booster_1,2911,1,1,100,100,0
2026-08-08,F. 100+,Variant,currency,HardCoin,coins,purchase_pre_level_booster,level_pre_level_booster,pre_level_booster_1,494,1,1,100,100,0
2026-08-07,D. 20-39,Control,currency,HardCoin,coins,purchase_pre_level_booster,map_pre_level_booster,pre_level_booster_1,4874,9,27,2700,800,1900
2026-08-03,F. 100+,Control,currency,HardCoin,coins,purchase_powerup,level_powerup,powerup_1,435,3,3,1500,1500,0
2026-08-03,F. 100+,Control,currency,HardCoin,coins,level_movesplus5,level_movesplus5,level_movesplus5,435,1,17,1700,1700,0
2026-08-08,B. 1-9,Control,currency,HardCoin,coins,level_movesplus5,level_movesplus5,level_movesplus5,7572,1,2,200,200,0
2026-08-07,D. 20-39,Control,ul_pre_booster,UnlimitedBooster2,items,in_game_use,dream_peak,in_level,4874,1,6,6,,
2026-08-06,E. 40-99,Variant,powerup,powerup_3,items,in_game_use,saga,in_level,2911,2076,6337,6337,,
2026-08-08,B. 1-9,Control,life,life,items,in_game_use,saga,in_level,7572,6048,43178,43178,,
2026-08-08,B. 1-9,Control,pre_level_booster,pre_level_booster_1,items,in_game_use,saga,in_level,7572,2548,4036,4036,,
2026-08-08,B. 1-9,Control,powerup,powerup_2,items,in_game_use,saga,in_level,7572,1925,3438,3438,,
2026-08-08,B. 1-9,Control,ul_pre_booster,UnlimitedBooster2,items,in_game_use,saga,in_level,7572,444,2708,2708,,
2026-08-08,F. 100+,Variant,ul_pre_booster,UnlimitedBooster1,items,in_game_use,saga,in_level,494,324,6048,6048,,
2026-08-08,B. 1-9,Control,currency,HardCoin,coins,extra_moves,level_movesplus30,30,7572,43,43,4300,4220,80
2026-08-08,F. 100+,Variant,currency,HardCoin,coins,extra_moves,level_movesplus35,35,494,11,12,1200,1045,155
2026-08-08,B. 1-9,Control,currency,HardCoin,coins,extra_moves,level_movesplus35,35,7572,23,24,2400,2270,130
2026-08-08,B. 1-9,Control,currency,HardCoin,coins,extra_moves,level_movesplus20,20,7572,75,76,7600,7346,254
2026-08-08,B. 1-9,Control,currency,HardCoin,coins,extra_moves,level_movesplus25,25,7572,49,50,5000,4757,243
2026-08-08,B. 1-9,Control,currency,HardCoin,coins,extra_moves,level_movesplus15,15,7572,94,97,9700,9455,245
2026-08-08,F. 100+,Variant,currency,HardCoin,coins,extra_moves,level_movesplus25,25,494,10,13,1300,1220,80
2026-08-08,F. 100+,Variant,currency,HardCoin,coins,extra_moves,level_movesplus15,15,494,22,31,3100,2946,154
2026-08-08,F. 100+,Variant,currency,HardCoin,coins,extra_moves,level_movesplus20,20,494,25,27,2700,2664,36
2026-08-08,B. 1-9,Control,currency,HardCoin,coins,purchase_powerup,level_powerup,powerup_2,7572,19,22,3300,3100,200
2026-08-07,D. 20-39,Control,life,life,items,in_game_use,saga,in_level,4874,3637,51200,51200,,
2026-08-07,D. 20-39,Control,ul_pre_booster,UnlimitedBooster2,items,in_game_use,saga,in_level,4874,1348,11088,11088,,
2026-08-07,D. 20-39,Control,powerup,powerup_3,items,in_game_use,saga,in_level,4874,2780,6777,6777,,
2026-08-07,D. 20-39,Control,ul_pre_booster,UnlimitedBooster1,items,in_game_use,saga,in_level,4874,1728,15046,15046,,
2026-08-07,D. 20-39,Control,powerup,powerup_1,items,in_game_use,saga,in_level,4874,1823,3095,3095,,
2026-08-07,D. 20-39,Control,currency,HardCoin,coins,extra_moves,level_movesplus10,10,4874,126,141,14100,13566,534
2026-08-07,D. 20-39,Control,currency,HardCoin,coins,purchase_lives,level_lives,purchase_lives,4874,151,254,12700,9270,3430
2026-08-07,D. 20-39,Control,currency,HardCoin,coins,extra_moves,level_movesplus35,35,4874,23,23,2300,2265,35
2026-08-07,D. 20-39,Control,currency,HardCoin,coins,purchase_powerup,level_powerup,powerup_3,4874,14,14,2800,2800,0
2026-08-03,A. 0,Control,pre_level_booster,pre_level_booster_2,items,in_game_use,saga,in_level,4074,230,274,274,,
2026-08-03,A. 0,Control,pre_level_booster,pre_level_booster_1,items,in_game_use,saga,in_level,4074,227,269,269,,
2026-08-03,A. 0,Control,pre_level_booster,pre_level_booster_3,items,in_game_use,saga,in_level,4074,133,150,150,,
2026-08-03,F. 100+,Control,powerup,powerup_2,items,in_game_use,saga,in_level,435,391,2371,2371,,
2026-08-03,F. 100+,Control,currency,HardCoin,coins,purchase_lives,level_lives,purchase_lives,435,23,56,2800,2379,421
2026-08-03,A. 0,Control,currency,HardCoin,coins,extra_moves,level_movesplus5,5,4074,60,86,8600,8600,0
2026-08-03,A. 0,Control,life,life,items,in_game_use,dream_peak,in_level,4074,17,164,164,,
2026-08-07,D. 20-39,Control,currency,HardCoin,coins,extra_moves,level_movesplus45,45,4874,20,20,2000,1911,89
2026-08-03,F. 100+,Control,currency,HardCoin,coins,extra_moves,level_movesplus30,30,435,18,21,2100,2019,81
2026-08-03,A. 0,Control,currency,HardCoin,coins,purchase_lives,map_lives,purchase_lives,4074,8,9,450,227,223
2026-08-06,E. 40-99,Variant,ul_pre_booster,UnlimitedBooster1,items,in_game_use,saga,in_level,2911,1019,12257,12257,,
2026-08-08,F. 100+,Variant,currency,HardCoin,coins,extra_moves,level_movesplus40,40,494,3,3,300,250,50
2026-08-06,E. 40-99,Variant,pre_level_booster,pre_level_booster_2,items,in_game_use,saga,in_level,2911,1690,5814,5814,,
2026-08-06,E. 40-99,Variant,currency,HardCoin,coins,extra_moves,level_movesplus20,20,2911,65,70,7000,6435,565
2026-08-08,B. 1-9,Control,ul_pre_booster,UnlimitedBooster1,items,in_game_use,dream_peak,in_level,7572,7,81,81,,
2026-08-06,E. 40-99,Variant,currency,HardCoin,coins,extra_moves,level_movesplus35,35,2911,14,14,1400,1310,90
2026-08-06,E. 40-99,Variant,currency,HardCoin,coins,purchase_powerup,level_powerup,powerup_2,2911,19,20,3000,3000,0
2026-08-06,E. 40-99,Variant,currency,HardCoin,coins,team_created,unknown,unknown,2911,4,4,600,600,0
2026-08-03,A. 0,Control,ul_pre_booster,UnlimitedBooster3,items,in_game_use,saga,in_level,4074,4,11,11,,
2026-08-03,A. 0,Control,unlimited_lives,UnlimitedLives,items,in_game_use,saga,in_level,4074,1,1,1,,
2026-08-08,B. 1-9,Control,currency,HardCoin,coins,purchase_pre_level_booster,map_pre_level_booster,pre_level_booster_1,7572,11,18,1800,1000,800
2026-08-07,D. 20-39,Control,currency,HardCoin,coins,purchase_pre_level_booster,level_pre_level_booster,pre_level_booster_1,4874,3,4,400,400,0
2026-08-08,B. 1-9,Control,currency,HardCoin,coins,purchase_pre_level_booster,level_pre_level_booster,pre_level_booster_3,7572,2,2,400,400,0
2026-08-07,D. 20-39,Control,currency,HardCoin,coins,team_created,unknown,unknown,4874,1,1,150,150,0
2026-08-08,B. 1-9,Control,unlimited_lives,UnlimitedLives,items,in_game_use,saga,in_level,7572,1,1,1,,
2026-08-03,A. 0,Control,currency,HardCoin,coins,purchase_pre_level_booster,map_pre_level_booster,pre_level_booster_2,4074,2,2,300,300,0
2026-08-03,A. 0,Control,currency,HardCoin,coins,extra_moves,level_movesplus15,15,4074,1,2,200,200,0
2026-08-06,E. 40-99,Variant,life,life,items,in_game_use,saga,in_level,2911,2513,38635,38635,,
2026-08-08,B. 1-9,Control,currency,HardCoin,coins,extra_moves,level_movesplus5,5,7572,1716,2426,242600,232742,9858
2026-08-08,B. 1-9,Control,pre_level_booster,pre_level_booster_2,items,in_game_use,saga,in_level,7572,2356,3886,3886,,
2026-08-08,B. 1-9,Control,ul_pre_booster,UnlimitedBooster3,items,in_game_use,saga,in_level,7572,108,923,923,,
2026-08-08,F. 100+,Variant,life,life,items,in_game_use,saga,in_level,494,459,7798,7798,,
2026-08-08,F. 100+,Variant,powerup,powerup_2,items,in_game_use,saga,in_level,494,428,2495,2495,,
2026-08-08,F. 100+,Variant,pre_level_booster,pre_level_booster_1,items,in_game_use,saga,in_level,494,373,1838,1838,,
2026-08-08,F. 100+,Variant,pre_level_booster,pre_level_booster_3,items,in_game_use,saga,in_level,494,346,1539,1539,,
2026-08-08,F. 100+,Variant,powerup,powerup_1,items,in_game_use,saga,in_level,494,395,2618,2618,,
2026-08-08,F. 100+,Variant,currency,HardCoin,coins,extra_moves,level_movesplus50,50,494,23,28,2800,2725,75
2026-08-08,B. 1-9,Control,currency,HardCoin,coins,extra_moves,level_movesplus40,40,7572,22,22,2200,2005,195
2026-08-08,B. 1-9,Control,currency,HardCoin,coins,extra_moves,level_movesplus50,50,7572,140,142,14200,13735,465
2026-08-08,F. 100+,Variant,currency,HardCoin,coins,extra_moves,level_movesplus10,10,494,46,61,6100,5520,580
2026-08-08,B. 1-9,Control,currency,HardCoin,coins,purchase_lives,map_lives,purchase_lives,7572,74,85,4250,2360,1890
2026-08-07,D. 20-39,Control,currency,HardCoin,coins,extra_moves,level_movesplus5,5,4874,3006,6946,694600,659628,34972
2026-08-07,D. 20-39,Control,currency,HardCoin,coins,purchase_powerup,level_powerup,powerup_2,4874,18,18,2700,2700,0
2026-08-07,D. 20-39,Control,currency,HardCoin,coins,extra_moves,level_movesplus50,50,4874,86,92,9200,8281,919
2026-08-07,D. 20-39,Control,currency,HardCoin,coins,extra_moves,level_movesplus25,25,4874,52,55,5500,5320,180
2026-08-03,A. 0,Control,life,life,items,in_game_use,saga,in_level,4074,993,3356,3356,,
2026-08-03,F. 100+,Control,ul_pre_booster,UnlimitedBooster1,items,in_game_use,saga,in_level,435,357,9027,9027,,
2026-08-03,F. 100+,Control,currency,HardCoin,coins,extra_moves,level_movesplus50,50,435,28,43,4300,3983,317
2026-08-03,A. 0,Control,powerup,powerup_2,items,in_game_use,saga,in_level,4074,118,182,182,,
2026-08-03,A. 0,Control,ul_pre_booster,UnlimitedBooster2,items,in_game_use,saga,in_level,4074,33,54,54,,
2026-08-03,F. 100+,Control,currency,HardCoin,coins,extra_moves,level_movesplus10,10,435,33,39,3900,3734,166
2026-08-03,A. 0,Control,ul_pre_booster,UnlimitedBooster2,items,in_game_use,dream_peak,in_level,4074,13,184,184,,
2026-08-03,A. 0,Control,ul_pre_booster,UnlimitedBooster1,items,in_game_use,dream_peak,in_level,4074,17,193,193,,
2026-08-03,F. 100+,Control,currency,HardCoin,coins,purchase_powerup,level_powerup,powerup_2,435,7,9,1350,1350,0
2026-08-03,F. 100+,Control,currency,HardCoin,coins,extra_moves,level_movesplus15,15,435,29,40,4000,3580,420
2026-08-03,A. 0,Control,pre_level_booster,pre_level_booster_2,items,in_game_use,dream_peak,in_level,4074,10,15,15,,
2026-08-03,A. 0,Control,ul_pre_booster,UnlimitedBooster1,items,in_game_use,saga,in_level,4074,65,142,142,,
2026-08-08,F. 100+,Variant,currency,HardCoin,coins,extra_moves,level_movesplus30,30,494,8,10,1000,925,75
2026-08-08,F. 100+,Variant,currency,HardCoin,coins,purchase_powerup,level_powerup,powerup_2,494,7,9,1350,1325,25
2026-08-08,F. 100+,Variant,currency,HardCoin,coins,purchase_lives,map_lives,purchase_lives,494,17,26,1300,661,639
2026-08-06,E. 40-99,Variant,pre_level_booster,pre_level_booster_3,items,in_game_use,saga,in_level,2911,1547,4307,4307,,
2026-08-06,E. 40-99,Variant,currency,HardCoin,coins,purchase_pre_level_booster,map_pre_level_booster,pre_level_booster_1,2911,4,93,9300,200,9100
2026-08-06,E. 40-99,Variant,currency,HardCoin,coins,extra_moves,level_movesplus10,10,2911,115,129,12900,11654,1246
2026-08-06,E. 40-99,Variant,currency,HardCoin,coins,purchase_powerup,level_powerup,powerup_3,2911,9,9,1800,1800,0
2026-08-06,E. 40-99,Variant,ul_pre_booster,UnlimitedBooster3,items,in_game_use,saga,in_level,2911,92,1862,1862,,
2026-08-08,F. 100+,Variant,currency,HardCoin,coins,purchase_pre_level_booster,level_pre_level_booster,pre_level_booster_2,494,1,1,150,150,0
2026-08-08,B. 1-9,Control,powerup,powerup_2,items,in_game_use,dream_peak,in_level,7572,11,24,24,,
2026-08-07,D. 20-39,Control,currency,HardCoin,coins,purchase_pre_level_booster,map_pre_level_booster,pre_level_booster_3,4874,10,57,11400,1220,10180
2026-08-07,D. 20-39,Control,powerup,powerup_3,items,in_game_use,dream_peak,in_level,4874,4,6,6,,
2026-08-07,D. 20-39,Control,pre_level_booster,pre_level_booster_1,items,in_game_use,dream_peak,in_level,4874,2,9,9,,
2026-08-07,D. 20-39,Control,powerup,powerup_2,items,in_game_use,dream_peak,in_level,4874,3,4,4,,
2026-08-03,A. 0,Control,powerup,powerup_2,items,in_game_use,dream_peak,in_level,4074,13,20,20,,
2026-08-08,B. 1-9,Control,powerup,powerup_1,items,in_game_use,dream_peak,in_level,7572,2,4,4,,
2026-08-06,E. 40-99,Variant,currency,HardCoin,coins,extra_moves,level_movesplus45,45,2911,14,16,1600,1294,306
2026-08-03,F. 100+,Control,currency,HardCoin,coins,extra_moves,level_movesplus40,40,435,6,8,800,715,85
2026-08-06,E. 40-99,Variant,currency,HardCoin,coins,purchase_pre_level_booster,map_pre_level_booster,pre_level_booster_3,2911,6,132,26400,600,25800
2026-08-08,F. 100+,Variant,currency,HardCoin,coins,purchase_powerup,level_powerup,powerup_3,494,3,3,600,600,0
2026-08-08,B. 1-9,Control,currency,HardCoin,coins,purchase_pre_level_booster,map_pre_level_booster,pre_level_booster_2,7572,7,15,2250,900,1350
2026-08-08,B. 1-9,Control,currency,HardCoin,coins,purchase_pre_level_booster,map_pre_level_booster,pre_level_booster_3,7572,13,20,4000,2400,1600
2026-08-06,E. 40-99,Variant,currency,HardCoin,coins,purchase_powerup,level_powerup,powerup_1,2911,2,2,1000,1000,0
2026-08-03,F. 100+,Control,currency,HardCoin,coins,team_created,unknown,unknown,435,1,1,150,150,0
2026-08-08,F. 100+,Variant,currency,HardCoin,coins,purchase_powerup,level_powerup,powerup_1,494,1,1,500,500,0
2026-08-06,E. 40-99,Variant,currency,HardCoin,coins,purchase_pre_level_booster,map_pre_level_booster,pre_level_booster_2,2911,3,109,16350,0,16350
2026-08-07,D. 20-39,Control,ul_pre_booster,UnlimitedBooster1,items,in_game_use,dream_peak,in_level,4874,1,6,6,,
2026-08-06,E. 40-99,Control,life,life,items,in_game_use,saga,in_level,3018,2813,66398,66398,,
2026-08-06,E. 40-99,Control,powerup,powerup_2,items,in_game_use,saga,in_level,3018,2209,7538,7538,,
2026-08-06,E. 40-99,Control,pre_level_booster,pre_level_booster_2,items,in_game_use,saga,in_level,3018,1940,8180,8180,,
2026-08-06,E. 40-99,Control,currency,HardCoin,coins,extra_moves,level_movesplus5,5,3018,2376,8741,874100,824684,49416
2026-08-06,C. 10-19,Control,ul_pre_booster,UnlimitedBooster1,items,in_game_use,saga,in_level,5621,1094,7862,7862,,
2026-08-06,B. 1-9,Variant,currency,HardCoin,coins,extra_moves,level_movesplus5,5,7378,1487,2000,200000,189773,10227
2026-08-06,C. 10-19,Control,ul_pre_booster,UnlimitedBooster3,items,in_game_use,saga,in_level,5621,415,3342,3342,,
2026-08-06,C. 10-19,Control,currency,HardCoin,coins,extra_moves,level_movesplus10,10,5621,96,100,10000,9419,581
2026-08-06,E. 40-99,Control,currency,HardCoin,coins,extra_moves,level_movesplus10,10,3018,129,148,14800,14326,474
2026-08-06,E. 40-99,Control,currency,HardCoin,coins,purchase_lives,level_lives,purchase_lives,3018,195,330,16500,12437,4063
2026-08-06,E. 40-99,Control,currency,HardCoin,coins,extra_moves,level_movesplus50,50,3018,70,74,7400,6403,997
2026-08-06,B. 1-9,Variant,pre_level_booster,pre_level_booster_2,items,in_game_use,saga,in_level,7378,2111,3395,3395,,
2026-08-06,B. 1-9,Variant,currency,HardCoin,coins,extra_moves,level_movesplus50,50,7378,129,129,12900,12152,748
2026-08-06,B. 1-9,Variant,currency,HardCoin,coins,extra_moves,level_movesplus25,25,7378,31,32,3200,2975,225
2026-08-06,E. 40-99,Control,currency,HardCoin,coins,purchase_powerup,level_powerup,powerup_3,3018,11,13,2600,2425,175
2026-08-06,E. 40-99,Control,currency,HardCoin,coins,extra_moves,level_movesplus30,30,3018,33,33,3300,3082,218
2026-08-06,B. 1-9,Variant,life,life,items,in_game_use,dream_peak,in_level,7378,8,209,209,,
2026-08-06,B. 1-9,Variant,powerup,powerup_3,items,in_game_use,dream_peak,in_level,7378,5,8,8,,
2026-08-09,B. 1-9,Control,pre_level_booster,pre_level_booster_2,items,in_game_use,saga,in_level,7527,2324,3770,3770,,
2026-08-09,B. 1-9,Control,pre_level_booster,pre_level_booster_3,items,in_game_use,saga,in_level,7527,1533,2086,2086,,
2026-08-09,B. 1-9,Control,pre_level_booster,pre_level_booster_1,items,in_game_use,saga,in_level,7527,2501,3858,3858,,
2026-08-05,E. 40-99,Control,currency,HardCoin,coins,extra_moves,level_movesplus5,5,3010,2343,7800,780000,734693,45307
2026-08-05,E. 40-99,Control,ul_pre_booster,UnlimitedBooster1,items,in_game_use,saga,in_level,3010,1478,20398,20398,,
2026-08-05,E. 40-99,Control,pre_level_booster,pre_level_booster_3,items,in_game_use,saga,in_level,3010,1565,3976,3976,,
2026-08-05,E. 40-99,Control,currency,HardCoin,coins,extra_moves,level_movesplus30,30,3010,39,41,4100,4045,55
2026-08-05,E. 40-99,Control,pre_level_booster,pre_level_booster_1,items,in_game_use,dream_peak,in_level,3010,3,10,10,,
2026-08-05,E. 40-99,Control,powerup,powerup_3,items,in_game_use,dream_peak,in_level,3010,4,8,8,,
2026-08-05,E. 40-99,Control,currency,HardCoin,coins,purchase_powerup,level_powerup,powerup_3,3010,11,12,2400,2200,200
2026-08-06,B. 1-9,Variant,powerup,powerup_1,items,in_game_use,dream_peak,in_level,7378,6,9,9,,
2026-08-06,B. 1-9,Variant,ul_pre_booster,UnlimitedBooster2,items,in_game_use,dream_peak,in_level,7378,4,39,39,,
2026-08-06,C. 10-19,Control,powerup,powerup_1,items,in_game_use,dream_peak,in_level,5621,16,33,33,,
2026-08-09,B. 1-9,Control,currency,HardCoin,coins,extra_moves,level_movesplus30,30,7527,43,43,4300,4078,222
2026-08-09,B. 1-9,Control,currency,HardCoin,coins,extra_moves,level_movesplus20,20,7527,64,65,6500,6230,270
2026-08-09,B. 1-9,Control,currency,HardCoin,coins,extra_moves,level_movesplus45,45,7527,23,24,2400,2344,56
2026-08-05,E. 40-99,Control,currency,HardCoin,coins,extra_moves,level_movesplus40,40,3010,16,16,1600,1510,90
2026-08-06,C. 10-19,Control,currency,HardCoin,coins,extra_moves,level_movesplus25,25,5621,41,42,4200,4095,105
2026-08-06,E. 40-99,Control,currency,HardCoin,coins,extra_moves,level_movesplus35,35,3018,21,22,2200,1935,265
2026-08-05,E. 40-99,Control,currency,HardCoin,coins,purchase_powerup,level_powerup,powerup_1,3010,6,6,3000,3000,0
2026-08-06,C. 10-19,Control,ul_pre_booster,UnlimitedBooster2,items,in_game_use,dream_peak,in_level,5621,11,121,121,,
2026-08-06,C. 10-19,Control,unlimited_lives,UnlimitedLives,items,in_game_use,saga,in_level,5621,1,10,10,,
2026-08-09,B. 1-9,Control,life,life,items,in_game_use,dream_peak,in_level,7527,12,259,259,,
2026-08-05,E. 40-99,Control,currency,HardCoin,coins,purchase_pre_level_booster,level_pre_level_booster,pre_level_booster_1,3010,1,1,100,100,0
2026-08-05,E. 40-99,Control,ul_pre_booster,UnlimitedBooster1,items,in_game_use,dream_peak,in_level,3010,3,51,51,,
2026-08-09,B. 1-9,Control,powerup,powerup_2,items,in_game_use,dream_peak,in_level,7527,12,28,28,,
2026-08-09,B. 1-9,Control,ul_pre_booster,UnlimitedBooster2,items,in_game_use,dream_peak,in_level,7527,2,23,23,,
2026-08-06,E. 40-99,Control,pre_level_booster,pre_level_booster_2,items,in_game_use,dream_peak,in_level,3018,1,1,1,,
2026-08-09,B. 1-9,Control,unlimited_lives,UnlimitedLives,items,in_game_use,saga,in_level,7527,1,4,4,,
2026-08-06,E. 40-99,Control,currency,HardCoin,coins,extra_moves,level_movesplus15,15,3018,117,128,12800,12225,575
2026-08-06,E. 40-99,Control,ul_pre_booster,UnlimitedBooster2,items,in_game_use,saga,in_level,3018,1088,13033,13033,,
2026-08-06,C. 10-19,Control,currency,HardCoin,coins,extra_moves,level_movesplus5,5,5621,2406,4027,402700,382453,20247
2026-08-06,B. 1-9,Variant,powerup,powerup_3,items,in_game_use,saga,in_level,7378,1784,2637,2637,,
2026-08-06,B. 1-9,Variant,powerup,powerup_1,items,in_game_use,saga,in_level,7378,936,1224,1224,,
2026-08-06,C. 10-19,Control,currency,HardCoin,coins,extra_moves,level_movesplus50,50,5621,110,112,11200,10165,1035
2026-08-06,C. 10-19,Control,currency,HardCoin,coins,purchase_lives,map_lives,purchase_lives,5621,89,104,5200,3391,1809
2026-08-06,B. 1-9,Variant,currency,HardCoin,coins,extra_moves,level_movesplus35,35,7378,27,27,2700,2522,178
2026-08-06,C. 10-19,Control,currency,HardCoin,coins,purchase_pre_level_booster,map_pre_level_booster,pre_level_booster_1,5621,15,45,4500,1300,3200
2026-08-06,B. 1-9,Variant,currency,HardCoin,coins,purchase_powerup,level_powerup,powerup_2,7378,10,15,2250,2250,0
2026-08-06,C. 10-19,Control,pre_level_booster,pre_level_booster_1,items,in_game_use,dream_peak,in_level,5621,24,43,43,,
2026-08-06,E. 40-99,Control,currency,HardCoin,coins,purchase_lives,map_lives,purchase_lives,3018,110,136,6800,5072,1728
2026-08-06,B. 1-9,Variant,currency,HardCoin,coins,extra_moves,level_movesplus20,20,7378,42,42,4200,3920,280
2026-08-06,B. 1-9,Variant,currency,HardCoin,coins,purchase_lives,map_lives,purchase_lives,7378,40,45,2250,1369,881
2026-08-06,C. 10-19,Control,ul_pre_booster,UnlimitedBooster3,items,in_game_use,dream_peak,in_level,5621,24,218,218,,
2026-08-06,C. 10-19,Control,pre_level_booster,pre_level_booster_3,items,in_game_use,dream_peak,in_level,5621,10,18,18,,
2026-08-06,E. 40-99,Control,currency,HardCoin,coins,extra_moves,level_movesplus45,45,3018,16,16,1600,1395,205
2026-08-06,C. 10-19,Control,currency,HardCoin,coins,extra_moves,level_movesplus30,30,5621,28,28,2800,2700,100
2026-08-06,B. 1-9,Variant,powerup,powerup_2,items,in_game_use,dream_peak,in_level,7378,8,17,17,,
2026-08-06,B. 1-9,Variant,currency,HardCoin,coins,extra_moves,level_movesplus15,15,7378,64,65,6500,6310,190
2026-08-05,E. 40-99,Control,ul_pre_booster,UnlimitedBooster2,items,in_game_use,saga,in_level,3010,1269,15871,15871,,
2026-08-05,E. 40-99,Control,currency,HardCoin,coins,extra_moves,level_movesplus35,35,3010,38,43,4300,4131,169
2026-08-05,E. 40-99,Control,currency,HardCoin,coins,extra_moves,level_movesplus15,15,3010,110,124,12400,11996,404
2026-08-05,E. 40-99,Control,currency,HardCoin,coins,extra_moves,level_movesplus50,50,3010,66,72,7200,6430,770
2026-08-05,E. 40-99,Control,powerup,powerup_2,items,in_game_use,dream_peak,in_level,3010,3,7,7,,
2026-08-05,E. 40-99,Control,ul_pre_booster,UnlimitedBooster2,items,in_game_use,dream_peak,in_level,3010,2,29,29,,
2026-08-05,E. 40-99,Control,pre_level_booster,pre_level_booster_2,items,in_game_use,dream_peak,in_level,3010,2,12,12,,
2026-08-06,E. 40-99,Control,currency,HardCoin,coins,extra_moves,level_movesplus25,25,3018,46,48,4800,4544,256
2026-08-09,B. 1-9,Control,ul_pre_booster,UnlimitedBooster2,items,in_game_use,saga,in_level,7527,416,2614,2614,,
2026-08-09,B. 1-9,Control,currency,HardCoin,coins,extra_moves,level_movesplus15,15,7527,106,112,11200,10696,504
2026-08-09,B. 1-9,Control,currency,HardCoin,coins,purchase_powerup,level_powerup,powerup_2,7527,14,17,2550,2295,255
2026-08-06,B. 1-9,Variant,currency,HardCoin,coins,purchase_powerup,level_powerup,powerup_1,7378,1,1,500,500,0
2026-08-06,C. 10-19,Control,currency,HardCoin,coins,purchase_powerup,level_powerup,powerup_3,5621,9,10,2000,1450,550
2026-08-06,C. 10-19,Control,currency,HardCoin,coins,purchase_powerup,level_powerup,powerup_1,5621,1,2,1000,15,985
2026-08-06,E. 40-99,Control,currency,HardCoin,coins,purchase_pre_level_booster,map_pre_level_booster,pre_level_booster_3,3018,4,74,14800,235,14565
2026-08-06,B. 1-9,Variant,currency,HardCoin,coins,purchase_pre_level_booster,map_pre_level_booster,pre_level_booster_2,7378,8,19,2850,900,1950
2026-08-06,B. 1-9,Variant,pre_level_booster,pre_level_booster_2,items,in_game_use,dream_peak,in_level,7378,4,6,6,,
2026-08-09,B. 1-9,Control,currency,HardCoin,coins,purchase_pre_level_booster,map_pre_level_booster,pre_level_booster_1,7527,11,11,1100,1100,0
2026-08-09,B. 1-9,Control,pre_level_booster,pre_level_booster_1,items,in_game_use,dream_peak,in_level,7527,10,21,21,,
2026-08-09,B. 1-9,Control,pre_level_booster,pre_level_booster_2,items,in_game_use,dream_peak,in_level,7527,11,27,27,,
2026-08-05,E. 40-99,Control,currency,HardCoin,coins,purchase_pre_level_booster,level_pre_level_booster,pre_level_booster_3,3010,4,4,800,800,0
2026-08-09,B. 1-9,Control,ul_pre_booster,UnlimitedBooster1,items,in_game_use,dream_peak,in_level,7527,2,22,22,,
2026-08-09,B. 1-9,Control,powerup,powerup_1,items,in_game_use,dream_peak,in_level,7527,5,9,9,,
2026-08-05,E. 40-99,Control,currency,HardCoin,coins,purchase_pre_level_booster,map_pre_level_booster,pre_level_booster_3,3010,2,9,1800,200,1600
2026-08-05,E. 40-99,Control,currency,HardCoin,coins,purchase_pre_level_booster,map_pre_level_booster,pre_level_booster_2,3010,1,5,750,0,750
2026-08-06,C. 10-19,Control,currency,HardCoin,coins,purchase_pre_level_booster,level_pre_level_booster,pre_level_booster_1,5621,1,1,100,100,0
2026-08-05,E. 40-99,Control,ul_pre_booster,UnlimitedBooster3,items,in_game_use,dream_peak,in_level,3010,1,6,6,,
2026-08-06,B. 1-9,Variant,ul_pre_booster,UnlimitedBooster3,items,in_game_use,dream_peak,in_level,7378,2,36,36,,
2026-08-06,E. 40-99,Control,pre_level_booster,pre_level_booster_1,items,in_game_use,dream_peak,in_level,3018,1,1,1,,
2026-08-06,E. 40-99,Control,currency,HardCoin,coins,purchase_pre_level_booster,level_pre_level_booster,pre_level_booster_3,3018,1,1,200,200,0
2026-08-06,E. 40-99,Control,powerup,powerup_1,items,in_game_use,saga,in_level,3018,1874,4593,4593,,
2026-08-06,E. 40-99,Control,pre_level_booster,pre_level_booster_3,items,in_game_use,saga,in_level,3018,1535,3980,3980,,
2026-08-06,C. 10-19,Control,life,life,items,in_game_use,saga,in_level,5621,4767,55302,55302,,
2026-08-06,C. 10-19,Control,powerup,powerup_1,items,in_game_use,saga,in_level,5621,1324,1936,1936,,
2026-08-06,C. 10-19,Control,powerup,powerup_2,items,in_game_use,saga,in_level,5621,2399,4845,4845,,
2026-08-06,B. 1-9,Variant,ul_pre_booster,UnlimitedBooster2,items,in_game_use,saga,in_level,7378,327,2069,2069,,
2026-08-06,C. 10-19,Control,ul_pre_booster,UnlimitedBooster2,items,in_game_use,saga,in_level,5621,914,6695,6695,,
2026-08-06,C. 10-19,Control,powerup,powerup_3,items,in_game_use,saga,in_level,5621,2504,4389,4389,,
2026-08-06,C. 10-19,Control,pre_level_booster,pre_level_booster_1,items,in_game_use,saga,in_level,5621,2575,4897,4897,,
2026-08-06,E. 40-99,Control,currency,HardCoin,coins,purchase_powerup,level_powerup,powerup_2,3018,30,34,5100,4855,245
2026-08-06,B. 1-9,Variant,pre_level_booster,pre_level_booster_1,items,in_game_use,saga,in_level,7378,2489,4041,4041,,
2026-08-06,B. 1-9,Variant,ul_pre_booster,UnlimitedBooster3,items,in_game_use,saga,in_level,7378,107,979,979,,
2026-08-06,C. 10-19,Control,currency,HardCoin,coins,extra_moves,level_movesplus20,20,5621,80,81,8100,7660,440
2026-08-06,C. 10-19,Control,powerup,powerup_3,items,in_game_use,dream_peak,in_level,5621,38,77,77,,
2026-08-06,B. 1-9,Variant,currency,HardCoin,coins,purchase_lives,level_lives,purchase_lives,7378,94,103,5150,2889,2261
2026-08-06,E. 40-99,Control,currency,HardCoin,coins,extra_moves,level_movesplus20,20,3018,86,90,9000,8405,595
2026-08-06,B. 1-9,Variant,currency,HardCoin,coins,extra_moves,level_movesplus30,30,7378,25,25,2500,2500,0
2026-08-06,C. 10-19,Control,powerup,powerup_2,items,in_game_use,dream_peak,in_level,5621,43,93,93,,
2026-08-06,C. 10-19,Control,pre_level_booster,pre_level_booster_2,items,in_game_use,dream_peak,in_level,5621,23,44,44,,
2026-08-06,B. 1-9,Variant,ul_pre_booster,UnlimitedBooster1,items,in_game_use,dream_peak,in_level,7378,6,78,78,,
2026-08-06,B. 1-9,Variant,currency,HardCoin,coins,purchase_powerup,level_powerup,powerup_3,7378,6,6,1200,1200,0
2026-08-06,B. 1-9,Variant,currency,HardCoin,coins,extra_moves,level_movesplus45,45,7378,15,15,1500,1400,100
2026-08-09,B. 1-9,Control,life,life,items,in_game_use,saga,in_level,7527,5452,35870,35870,,
2026-08-09,B. 1-9,Control,powerup,powerup_3,items,in_game_use,saga,in_level,7527,1873,2851,2851,,
2026-08-09,B. 1-9,Control,powerup,powerup_2,items,in_game_use,saga,in_level,7527,1856,3281,3281,,
2026-08-05,E. 40-99,Control,pre_level_booster,pre_level_booster_2,items,in_game_use,saga,in_level,3010,1973,8177,8177,,
2026-08-05,E. 40-99,Control,powerup,powerup_1,items,in_game_use,saga,in_level,3010,1805,4048,4048,,
2026-08-05,E. 40-99,Control,ul_pre_booster,UnlimitedBooster3,items,in_game_use,saga,in_level,3010,888,9422,9422,,
2026-08-05,E. 40-99,Control,currency,HardCoin,coins,extra_moves,level_movesplus10,10,3010,136,157,15700,15500,200
2026-08-05,E. 40-99,Control,currency,HardCoin,coins,extra_moves,level_movesplus25,25,3010,38,41,4100,3884,216
2026-08-05,E. 40-99,Control,life,life,items,in_game_use,dream_peak,in_level,3010,4,132,132,,
2026-08-06,B. 1-9,Variant,pre_level_booster,pre_level_booster_1,items,in_game_use,dream_peak,in_level,7378,5,6,6,,
2026-08-06,C. 10-19,Control,currency,HardCoin,coins,purchase_pre_level_booster,map_pre_level_booster,pre_level_booster_3,5621,21,54,10800,3200,7600
2026-08-09,B. 1-9,Control,ul_pre_booster,UnlimitedBooster3,items,in_game_use,saga,in_level,7527,130,1165,1165,,
2026-08-09,B. 1-9,Control,currency,HardCoin,coins,extra_moves,level_movesplus10,10,7527,127,138,13800,13241,559
2026-08-09,B. 1-9,Control,currency,HardCoin,coins,purchase_lives,level_lives,purchase_lives,7527,133,162,8100,4962,3138
2026-08-09,B. 1-9,Control,currency,HardCoin,coins,extra_moves,level_movesplus50,50,7527,152,159,15900,14884,1016
2026-08-09,B. 1-9,Control,currency,HardCoin,coins,purchase_pre_level_booster,map_pre_level_booster,pre_level_booster_3,7527,13,13,2600,2400,200
2026-08-09,B. 1-9,Control,currency,HardCoin,coins,extra_moves,level_movesplus35,35,7527,28,28,2800,2590,210
2026-08-09,B. 1-9,Control,currency,HardCoin,coins,purchase_lives,map_lives,purchase_lives,7527,57,62,3100,1819,1281
2026-08-05,E. 40-99,Control,currency,HardCoin,coins,extra_moves,level_movesplus45,45,3010,20,22,2200,1869,331
2026-08-06,C. 10-19,Control,currency,HardCoin,coins,extra_moves,level_movesplus35,35,5621,22,22,2200,2059,141
2026-08-06,C. 10-19,Control,ul_pre_booster,UnlimitedBooster1,items,in_game_use,dream_peak,in_level,5621,21,183,183,,
2026-08-06,C. 10-19,Control,currency,HardCoin,coins,extra_moves,level_movesplus40,40,5621,15,15,1500,1175,325
2026-08-06,E. 40-99,Control,currency,HardCoin,coins,purchase_pre_level_booster,map_pre_level_booster,pre_level_booster_1,3018,5,55,5500,635,4865
2026-08-06,E. 40-99,Control,currency,HardCoin,coins,purchase_powerup,level_powerup,powerup_1,3018,4,4,2000,1500,500
2026-08-09,B. 1-9,Control,currency,HardCoin,coins,purchase_powerup,level_powerup,powerup_3,7527,13,14,2800,2800,0
2026-08-06,B. 1-9,Variant,currency,HardCoin,coins,team_created,unknown,unknown,7378,1,1,150,150,0
2026-08-09,B. 1-9,Control,currency,HardCoin,coins,level_movesplus5,level_movesplus5,level_movesplus5,7527,3,3,300,300,0
2026-08-05,E. 40-99,Control,currency,HardCoin,coins,purchase_pre_level_booster,map_pre_level_booster,pre_level_booster_1,3010,1,9,900,0,900
2026-08-06,E. 40-99,Control,life,life,items,in_game_use,dream_peak,in_level,3018,1,12,12,,
2026-08-10,B. 1-9,Variant,powerup,powerup_2,items,in_game_use,saga,in_level,7304,2090,4217,4217,,
2026-08-10,B. 1-9,Variant,pre_level_booster,pre_level_booster_1,items,in_game_use,saga,in_level,7304,2875,5063,5063,,
2026-08-10,B. 1-9,Variant,pre_level_booster,pre_level_booster_2,items,in_game_use,saga,in_level,7304,2409,4204,4204,,
2026-08-10,B. 1-9,Variant,currency,HardCoin,coins,extra_moves,level_movesplus50,50,7304,175,177,17700,17440,260
2026-08-05,C. 10-19,Variant,powerup,powerup_2,items,in_game_use,saga,in_level,5753,2733,6629,6629,,
2026-08-05,C. 10-19,Variant,life,life,items,in_game_use,saga,in_level,5753,4340,39063,39063,,
2026-08-05,C. 10-19,Variant,powerup,powerup_2,items,in_game_use,dream_peak,in_level,5753,61,146,146,,
2026-08-05,C. 10-19,Variant,pre_level_booster,pre_level_booster_3,items,in_game_use,dream_peak,in_level,5753,61,137,137,,
2026-08-10,B. 1-9,Variant,ul_pre_booster,UnlimitedBooster2,items,in_game_use,saga,in_level,7304,671,3590,3590,,
2026-08-07,A. 0,Variant,powerup,powerup_1,items,in_game_use,dream_peak,in_level,5025,515,1233,1233,,
2026-08-07,A. 0,Variant,life,life,items,in_game_use,dream_peak,in_level,5025,777,31685,31685,,
2026-08-07,A. 0,Variant,pre_level_booster,pre_level_booster_3,items,in_game_use,saga,in_level,5025,189,208,208,,
2026-08-07,A. 0,Variant,powerup,powerup_2,items,in_game_use,saga,in_level,5025,165,226,226,,
2026-08-07,A. 0,Variant,currency,HardCoin,coins,purchase_lives,level_lives,purchase_lives,5025,46,69,3450,2308,1142
2026-08-07,A. 0,Variant,ul_pre_booster,UnlimitedBooster2,items,in_game_use,saga,in_level,5025,33,67,67,,
2026-08-06,B. 1-9,Control,ul_pre_booster,UnlimitedBooster1,items,in_game_use,saga,in_level,7361,976,4922,4922,,
2026-08-06,B. 1-9,Control,currency,HardCoin,coins,extra_moves,level_movesplus5,5,7361,1584,2186,218600,208123,10477
2026-08-06,B. 1-9,Control,currency,HardCoin,coins,extra_moves,level_movesplus50,50,7361,107,109,10900,10498,402
2026-08-06,B. 1-9,Control,powerup,powerup_2,items,in_game_use,saga,in_level,7361,1929,3339,3339,,
2026-08-06,B. 1-9,Control,ul_pre_booster,UnlimitedBooster3,items,in_game_use,saga,in_level,7361,101,943,943,,
2026-08-06,B. 1-9,Control,currency,HardCoin,coins,extra_moves,level_movesplus40,40,7361,20,20,2000,1942,58
2026-08-06,B. 1-9,Control,currency,HardCoin,coins,extra_moves,level_movesplus15,15,7361,97,98,9800,9651,149
2026-08-06,B. 1-9,Control,life,life,items,in_game_use,dream_peak,in_level,7361,9,109,109,,
2026-08-06,B. 1-9,Control,powerup,powerup_3,items,in_game_use,dream_peak,in_level,7361,6,8,8,,
2026-08-06,B. 1-9,Control,ul_pre_booster,UnlimitedBooster3,items,in_game_use,dream_peak,in_level,7361,6,52,52,,
2026-08-06,B. 1-9,Control,pre_level_booster,pre_level_booster_2,items,in_game_use,dream_peak,in_level,7361,7,10,10,,
2026-08-06,B. 1-9,Control,currency,HardCoin,coins,purchase_powerup,level_powerup,powerup_1,7361,1,1,500,500,0
2026-08-05,C. 10-19,Variant,currency,HardCoin,coins,purchase_pre_level_booster,map_pre_level_booster,pre_level_booster_3,5753,18,20,4000,3800,200
2026-08-05,C. 10-19,Variant,currency,HardCoin,coins,extra_moves,level_movesplus45,45,5753,20,20,2000,1851,149
2026-08-05,C. 10-19,Variant,currency,HardCoin,coins,extra_moves,level_movesplus25,25,5753,40,42,4200,3700,500
2026-08-05,C. 10-19,Variant,currency,HardCoin,coins,purchase_powerup,level_powerup,powerup_3,5753,6,6,1200,1148,52
2026-08-05,C. 10-19,Variant,currency,HardCoin,coins,purchase_pre_level_booster,map_pre_level_booster,pre_level_booster_1,5753,11,14,1400,1100,300
2026-08-02,C. 10-19,Control,currency,HardCoin,coins,extra_moves,level_movesplus50,50,5534,102,115,11500,9904,1596
2026-08-02,C. 10-19,Control,currency,HardCoin,coins,extra_moves,level_movesplus10,10,5534,104,111,11100,10860,240
2026-08-02,C. 10-19,Control,currency,HardCoin,coins,purchase_powerup,level_powerup,powerup_2,5534,14,16,2400,2400,0
2026-08-02,C. 10-19,Control,currency,HardCoin,coins,purchase_powerup,level_powerup,powerup_3,5534,10,12,2400,2200,200
2026-08-10,B. 1-9,Variant,ul_pre_booster,UnlimitedBooster1,items,in_game_use,dream_peak,in_level,7304,20,202,202,,
2026-08-10,B. 1-9,Variant,pre_level_booster,pre_level_booster_2,items,in_game_use,dream_peak,in_level,7304,21,36,36,,
2026-08-10,B. 1-9,Variant,currency,HardCoin,coins,extra_moves,level_movesplus30,30,7304,59,59,5900,5709,191
2026-08-10,B. 1-9,Variant,currency,HardCoin,coins,purchase_pre_level_booster,map_pre_level_booster,pre_level_booster_3,7304,8,11,2200,1400,800
2026-08-02,C. 10-19,Control,ul_pre_booster,UnlimitedBooster1,items,in_game_use,dream_peak,in_level,5534,3,34,34,,
2026-08-02,C. 10-19,Control,pre_level_booster,pre_level_booster_2,items,in_game_use,dream_peak,in_level,5534,8,9,9,,
2026-08-05,C. 10-19,Variant,ul_pre_booster,UnlimitedBooster3,items,in_game_use,dream_peak,in_level,5753,9,229,229,,
2026-08-06,B. 1-9,Control,currency,HardCoin,coins,purchase_pre_level_booster,map_pre_level_booster,pre_level_booster_1,7361,20,20,2000,2000,0
2026-08-07,A. 0,Variant,currency,HardCoin,coins,purchase_powerup,level_powerup,powerup_1,5025,2,2,1000,1000,0
2026-08-05,C. 10-19,Variant,currency,HardCoin,coins,purchase_pre_level_booster,level_pre_level_booster,pre_level_booster_1,5753,1,1,100,100,0
2026-08-05,C. 10-19,Variant,currency,HardCoin,coins,team_created,unknown,unknown,5753,2,2,300,300,0
2026-08-02,C. 10-19,Control,currency,HardCoin,coins,purchase_pre_level_booster,map_pre_level_booster,pre_level_booster_2,5534,6,18,2700,450,2250
2026-08-10,B. 1-9,Variant,currency,HardCoin,coins,purchase_pre_level_booster,level_pre_level_booster,pre_level_booster_1,7304,1,1,100,100,0
2026-08-07,A. 0,Variant,unlimited_lives,UnlimitedLives,items,in_game_use,saga,in_level,5025,1,1,1,,
2026-08-10,B. 1-9,Variant,pre_level_booster,pre_level_booster_3,items,in_game_use,saga,in_level,7304,1564,2058,2058,,
2026-08-10,B. 1-9,Variant,currency,HardCoin,coins,extra_moves,level_movesplus5,5,7304,1806,2527,252700,244071,8629
2026-08-05,C. 10-19,Variant,powerup,powerup_3,items,in_game_use,saga,in_level,5753,2577,4619,4619,,
2026-08-05,C. 10-19,Variant,powerup,powerup_1,items,in_game_use,saga,in_level,5753,1644,2440,2440,,
2026-08-05,C. 10-19,Variant,currency,HardCoin,coins,extra_moves,level_movesplus5,5,5753,2305,3711,371100,344677,26423
2026-08-05,C. 10-19,Variant,currency,HardCoin,coins,extra_moves,level_movesplus50,50,5753,104,117,11700,9488,2212
2026-08-05,C. 10-19,Variant,ul_pre_booster,UnlimitedBooster2,items,in_game_use,dream_peak,in_level,5753,19,403,403,,
2026-08-05,C. 10-19,Variant,ul_pre_booster,UnlimitedBooster1,items,in_game_use,dream_peak,in_level,5753,52,549,549,,
2026-08-05,C. 10-19,Variant,pre_level_booster,pre_level_booster_1,items,in_game_use,dream_peak,in_level,5753,41,89,89,,
2026-08-05,C. 10-19,Variant,powerup,powerup_3,items,in_game_use,dream_peak,in_level,5753,59,120,120,,
2026-08-07,A. 0,Variant,life,life,items,in_game_use,saga,in_level,5025,1188,4569,4569,,
2026-08-07,A. 0,Variant,ul_pre_booster,UnlimitedBooster3,items,in_game_use,dream_peak,in_level,5025,264,3377,3377,,
2026-08-07,A. 0,Variant,ul_pre_booster,UnlimitedBooster1,items,in_game_use,dream_peak,in_level,5025,628,6873,6873,,
2026-08-07,A. 0,Variant,powerup,powerup_3,items,in_game_use,dream_peak,in_level,5025,635,2237,2237,,
2026-08-07,A. 0,Variant,pre_level_booster,pre_level_booster_2,items,in_game_use,dream_peak,in_level,5025,520,1465,1465,,
2026-08-07,A. 0,Variant,currency,HardCoin,coins,extra_moves,level_movesplus35,35,5025,15,16,1600,1400,200
2026-08-07,A. 0,Variant,currency,HardCoin,coins,extra_moves,level_movesplus15,15,5025,30,33,3300,3047,253
2026-08-07,A. 0,Variant,pre_level_booster,pre_level_booster_1,items,in_game_use,saga,in_level,5025,322,417,417,,
2026-08-07,A. 0,Variant,powerup,powerup_3,items,in_game_use,saga,in_level,5025,140,186,186,,
2026-08-07,A. 0,Variant,powerup,powerup_1,items,in_game_use,saga,in_level,5025,49,56,56,,
2026-08-06,B. 1-9,Control,life,life,items,in_game_use,saga,in_level,7361,5977,43463,43463,,
2026-08-06,B. 1-9,Control,powerup,powerup_1,items,in_game_use,saga,in_level,7361,913,1234,1234,,
2026-08-06,B. 1-9,Control,pre_level_booster,pre_level_booster_3,items,in_game_use,saga,in_level,7361,1256,1658,1658,,
2026-08-06,B. 1-9,Control,currency,HardCoin,coins,purchase_lives,level_lives,purchase_lives,7361,175,228,11400,7213,4187
2026-08-06,B. 1-9,Control,ul_pre_booster,UnlimitedBooster2,items,in_game_use,saga,in_level,7361,664,3474,3474,,
2026-08-06,B. 1-9,Control,currency,HardCoin,coins,purchase_lives,map_lives,purchase_lives,7361,69,81,4050,2334,1716
2026-08-06,B. 1-9,Control,currency,HardCoin,coins,extra_moves,level_movesplus25,25,7361,56,56,5600,5278,322
2026-08-05,C. 10-19,Variant,currency,HardCoin,coins,purchase_pre_level_booster,map_pre_level_booster,pre_level_booster_2,5753,5,5,750,750,0
2026-08-05,C. 10-19,Variant,currency,HardCoin,coins,extra_moves,level_movesplus35,35,5753,26,26,2600,2316,284
2026-08-07,A. 0,Variant,currency,HardCoin,coins,extra_moves,level_movesplus50,50,5025,74,85,8500,7691,809
2026-08-07,A. 0,Variant,currency,HardCoin,coins,extra_moves,level_movesplus20,20,5025,29,31,3100,3036,64
2026-08-02,C. 10-19,Control,pre_level_booster,pre_level_booster_3,items,in_game_use,saga,in_level,5534,1730,3003,3003,,
2026-08-02,C. 10-19,Control,powerup,powerup_3,items,in_game_use,saga,in_level,5534,2377,4398,4398,,
2026-08-02,C. 10-19,Control,ul_pre_booster,UnlimitedBooster2,items,in_game_use,saga,in_level,5534,600,5664,5664,,
2026-08-02,C. 10-19,Control,ul_pre_booster,UnlimitedBooster1,items,in_game_use,saga,in_level,5534,843,6694,6694,,
2026-08-02,C. 10-19,Control,currency,HardCoin,coins,purchase_lives,level_lives,purchase_lives,5534,141,194,9700,6137,3563
2026-08-02,C. 10-19,Control,currency,HardCoin,coins,purchase_pre_level_booster,map_pre_level_booster,pre_level_booster_3,5534,26,37,7400,4620,2780
2026-08-02,C. 10-19,Control,life,life,items,in_game_use,dream_peak,in_level,5534,14,388,388,,
2026-08-02,C. 10-19,Control,pre_level_booster,pre_level_booster_1,items,in_game_use,dream_peak,in_level,5534,11,14,14,,
2026-08-02,C. 10-19,Control,currency,HardCoin,coins,extra_moves,level_movesplus15,15,5534,81,87,8700,8001,699
2026-08-02,C. 10-19,Control,currency,HardCoin,coins,extra_moves,level_movesplus25,25,5534,53,53,5300,4985,315
2026-08-10,B. 1-9,Variant,ul_pre_booster,UnlimitedBooster3,items,in_game_use,saga,in_level,7304,136,1211,1211,,
2026-08-10,B. 1-9,Variant,powerup,powerup_2,items,in_game_use,dream_peak,in_level,7304,30,53,53,,
2026-08-10,B. 1-9,Variant,currency,HardCoin,coins,extra_moves,level_movesplus25,25,7304,53,53,5300,5190,110
2026-08-02,C. 10-19,Control,currency,HardCoin,coins,purchase_pre_level_booster,level_pre_level_booster,pre_level_booster_1,5534,4,4,400,400,0
2026-08-02,C. 10-19,Control,currency,HardCoin,coins,extra_moves,level_movesplus35,35,5534,20,20,2000,1889,111
2026-08-10,B. 1-9,Variant,currency,HardCoin,coins,purchase_pre_level_booster,map_pre_level_booster,pre_level_booster_1,7304,20,21,2100,2000,100
2026-08-02,C. 10-19,Control,currency,HardCoin,coins,purchase_pre_level_booster,map_pre_level_booster,pre_level_booster_1,5534,17,22,2200,1400,800
2026-08-05,C. 10-19,Variant,currency,HardCoin,coins,extra_moves,level_movesplus40,40,5753,18,18,1800,1681,119
2026-08-10,B. 1-9,Variant,currency,HardCoin,coins,extra_moves,level_movesplus35,35,7304,30,31,3100,3100,0
2026-08-02,C. 10-19,Control,powerup,powerup_2,items,in_game_use,dream_peak,in_level,5534,8,11,11,,
2026-08-06,B. 1-9,Control,currency,HardCoin,coins,purchase_powerup,level_powerup,powerup_2,7361,12,15,2250,2250,0
2026-08-06,B. 1-9,Control,currency,HardCoin,coins,extra_moves,level_movesplus30,30,7361,33,33,3300,3240,60
2026-08-06,B. 1-9,Control,ul_pre_booster,UnlimitedBooster1,items,in_game_use,dream_peak,in_level,7361,4,51,51,,
2026-08-10,B. 1-9,Variant,currency,HardCoin,coins,purchase_powerup,level_powerup,powerup_1,7304,2,2,1000,1000,0
2026-08-10,B. 1-9,Variant,unlimited_lives,UnlimitedLives,items,in_game_use,saga,in_level,7304,2,2,2,,
2026-08-02,C. 10-19,Control,currency,HardCoin,coins,team_created,unknown,unknown,5534,1,1,150,150,0
2026-08-07,A. 0,Variant,currency,HardCoin,coins,purchase_pre_level_booster,map_pre_level_booster,pre_level_booster_3,5025,1,1,200,200,0
2026-08-10,B. 1-9,Variant,life,life,items,in_game_use,saga,in_level,7304,5220,31720,31720,,
2026-08-10,B. 1-9,Variant,powerup,powerup_3,items,in_game_use,saga,in_level,7304,1914,2841,2841,,
2026-08-05,C. 10-19,Variant,ul_pre_booster,UnlimitedBooster1,items,in_game_use,saga,in_level,5753,1544,9994,9994,,
2026-08-05,C. 10-19,Variant,ul_pre_booster,UnlimitedBooster2,items,in_game_use,saga,in_level,5753,484,4371,4371,,
2026-08-05,C. 10-19,Variant,powerup,powerup_1,items,in_game_use,dream_peak,in_level,5753,53,81,81,,
2026-08-05,C. 10-19,Variant,pre_level_booster,pre_level_booster_2,items,in_game_use,dream_peak,in_level,5753,38,88,88,,
2026-08-05,C. 10-19,Variant,currency,HardCoin,coins,extra_moves,level_movesplus10,10,5753,76,82,8200,7571,629
2026-08-05,C. 10-19,Variant,currency,HardCoin,coins,purchase_lives,map_lives,purchase_lives,5753,49,59,2950,1945,1005
2026-08-05,C. 10-19,Variant,currency,HardCoin,coins,purchase_powerup,level_powerup,powerup_2,5753,14,16,2400,2367,33
2026-08-07,A. 0,Variant,ul_pre_booster,UnlimitedBooster2,items,in_game_use,dream_peak,in_level,5025,563,6001,6001,,
2026-08-07,A. 0,Variant,pre_level_booster,pre_level_booster_3,items,in_game_use,dream_peak,in_level,5025,437,1038,1038,,
2026-08-07,A. 0,Variant,powerup,powerup_2,items,in_game_use,dream_peak,in_level,5025,668,1976,1976,,
2026-08-07,A. 0,Variant,currency,HardCoin,coins,extra_moves,level_movesplus40,40,5025,14,14,1400,1240,160
2026-08-07,A. 0,Variant,pre_level_booster,pre_level_booster_2,items,in_game_use,saga,in_level,5025,319,403,403,,
2026-08-06,B. 1-9,Control,powerup,powerup_3,items,in_game_use,saga,in_level,7361,1828,2696,2696,,
2026-08-06,B. 1-9,Control,pre_level_booster,pre_level_booster_1,items,in_game_use,saga,in_level,7361,2129,3146,3146,,
2026-08-06,B. 1-9,Control,pre_level_booster,pre_level_booster_2,items,in_game_use,saga,in_level,7361,2091,3300,3300,,
2026-08-06,B. 1-9,Control,currency,HardCoin,coins,extra_moves,level_movesplus20,20,7361,71,72,7200,6890,310
2026-08-06,B. 1-9,Control,powerup,powerup_1,items,in_game_use,dream_peak,in_level,7361,3,6,6,,
2026-08-06,B. 1-9,Control,powerup,powerup_2,items,in_game_use,dream_peak,in_level,7361,6,12,12,,
2026-08-07,A. 0,Variant,currency,HardCoin,coins,purchase_lives,map_lives,purchase_lives,5025,33,44,2200,1406,794
2026-08-07,A. 0,Variant,ul_pre_booster,UnlimitedBooster1,items,in_game_use,saga,in_level,5025,84,172,172,,
2026-08-02,C. 10-19,Control,life,life,items,in_game_use,saga,in_level,5534,4179,45552,45552,,
2026-08-02,C. 10-19,Control,powerup,powerup_1,items,in_game_use,saga,in_level,5534,1321,1901,1901,,
2026-08-02,C. 10-19,Control,ul_pre_booster,UnlimitedBooster3,items,in_game_use,saga,in_level,5534,244,2964,2964,,
2026-08-02,C. 10-19,Control,currency,HardCoin,coins,extra_moves,level_movesplus20,20,5534,73,76,7600,7051,549
2026-08-10,B. 1-9,Variant,life,life,items,in_game_use,dream_peak,in_level,7304,67,438,438,,
2026-08-10,B. 1-9,Variant,currency,HardCoin,coins,extra_moves,level_movesplus10,10,7304,82,82,8200,8126,74
2026-08-10,B. 1-9,Variant,currency,HardCoin,coins,purchase_powerup,level_powerup,powerup_2,7304,8,11,1650,1650,0
2026-08-10,B. 1-9,Variant,currency,HardCoin,coins,extra_moves,level_movesplus15,15,7304,100,103,10300,9832,468
2026-08-10,B. 1-9,Variant,powerup,powerup_1,items,in_game_use,dream_peak,in_level,7304,12,14,14,,
2026-08-10,B. 1-9,Variant,ul_pre_booster,UnlimitedBooster2,items,in_game_use,dream_peak,in_level,7304,17,142,142,,
2026-08-10,B. 1-9,Variant,currency,HardCoin,coins,extra_moves,level_movesplus20,20,7304,78,80,8000,7798,202
2026-08-10,B. 1-9,Variant,currency,HardCoin,coins,purchase_powerup,level_powerup,powerup_3,7304,8,8,1600,1453,147
2026-08-10,B. 1-9,Variant,currency,HardCoin,coins,level_movesplus5,level_movesplus5,level_movesplus5,7304,2,4,400,400,0
2026-08-07,A. 0,Variant,currency,HardCoin,coins,extra_moves,level_movesplus10,10,5025,22,25,2500,2500,0
2026-08-02,C. 10-19,Control,powerup,powerup_3,items,in_game_use,dream_peak,in_level,5534,11,17,17,,
2026-08-07,A. 0,Variant,currency,HardCoin,coins,extra_moves,level_movesplus25,25,5025,12,13,1300,1191,109
2026-08-07,A. 0,Variant,currency,HardCoin,coins,purchase_powerup,level_powerup,powerup_2,5025,8,11,1650,1300,350
2026-08-02,C. 10-19,Control,powerup,powerup_1,items,in_game_use,dream_peak,in_level,5534,4,6,6,,
2026-08-10,B. 1-9,Variant,currency,HardCoin,coins,team_created,unknown,unknown,7304,1,1,150,150,0
2026-08-02,C. 10-19,Control,ul_pre_booster,UnlimitedBooster2,items,in_game_use,dream_peak,in_level,5534,5,45,45,,
2026-08-07,A. 0,Variant,currency,HardCoin,coins,purchase_pre_level_booster,level_pre_level_booster,pre_level_booster_2,5025,1,1,150,150,0
2026-08-02,C. 10-19,Control,ul_pre_booster,UnlimitedBooster3,items,in_game_use,dream_peak,in_level,5534,2,27,27,,
2026-08-06,B. 1-9,Control,currency,HardCoin,coins,team_created,unknown,unknown,7361,1,1,150,150,0
2026-08-08,A. 0,Control,pre_level_booster,pre_level_booster_3,items,in_game_use,dream_peak,in_level,5161,379,664,664,,
2026-08-08,A. 0,Control,powerup,powerup_3,items,in_game_use,dream_peak,in_level,5161,626,1360,1360,,
2026-08-08,A. 0,Control,pre_level_booster,pre_level_booster_2,items,in_game_use,dream_peak,in_level,5161,405,786,786,,
2026-08-08,E. 40-99,Variant,ul_pre_booster,UnlimitedBooster2,items,in_game_use,saga,in_level,3161,1309,14037,14037,,
2026-08-08,E. 40-99,Variant,powerup,powerup_2,items,in_game_use,saga,in_level,3161,2129,6751,6751,,
2026-08-08,A. 0,Control,life,life,items,in_game_use,dream_peak,in_level,5161,865,38321,38321,,
2026-08-08,E. 40-99,Variant,currency,HardCoin,coins,purchase_powerup,level_powerup,powerup_2,3161,30,34,5100,4950,150
2026-08-08,A. 0,Control,ul_pre_booster,UnlimitedBooster3,items,in_game_use,dream_peak,in_level,5161,83,1607,1607,,
2026-08-08,A. 0,Control,currency,HardCoin,coins,extra_moves,level_movesplus30,30,5161,13,13,1300,1203,97
2026-08-08,A. 0,Control,currency,HardCoin,coins,extra_moves,level_movesplus40,40,5161,13,13,1300,1035,265
2026-08-08,A. 0,Control,currency,HardCoin,coins,extra_moves,level_movesplus45,45,5161,5,6,600,532,68
2026-08-08,A. 0,Control,currency,HardCoin,coins,purchase_pre_level_booster,map_pre_level_booster,pre_level_booster_1,5161,2,2,200,200,0
2026-08-08,A. 0,Control,pre_level_booster,pre_level_booster_1,items,in_game_use,saga,in_level,5161,296,378,378,,
2026-08-08,A. 0,Control,pre_level_booster,pre_level_booster_3,items,in_game_use,saga,in_level,5161,193,210,210,,
2026-08-08,E. 40-99,Variant,currency,HardCoin,coins,extra_moves,level_movesplus40,40,3161,19,21,2100,2000,100
2026-08-08,E. 40-99,Variant,currency,HardCoin,coins,extra_moves,level_movesplus30,30,3161,38,40,4000,3706,294
2026-08-08,A. 0,Control,powerup,powerup_2,items,in_game_use,saga,in_level,5161,160,240,240,,
2026-08-08,A. 0,Control,ul_pre_booster,UnlimitedBooster2,items,in_game_use,saga,in_level,5161,58,100,100,,
2026-08-07,D. 20-39,Variant,currency,HardCoin,coins,purchase_lives,map_lives,purchase_lives,4827,68,81,4050,2427,1623
2026-08-07,D. 20-39,Variant,currency,HardCoin,coins,extra_moves,level_movesplus30,30,4827,26,27,2700,2520,180
2026-08-08,E. 40-99,Variant,currency,HardCoin,coins,purchase_lives,map_lives,purchase_lives,3161,78,85,4250,2954,1296
2026-08-04,E. 40-99,Control,ul_pre_booster,UnlimitedBooster2,items,in_game_use,saga,in_level,3031,1338,16340,16340,,
2026-08-04,E. 40-99,Control,powerup,powerup_2,items,in_game_use,saga,in_level,3031,2191,7248,7248,,
2026-08-04,E. 40-99,Control,currency,HardCoin,coins,extra_moves,level_movesplus15,15,3031,124,140,14000,13317,683
2026-08-04,E. 40-99,Control,powerup,powerup_3,items,in_game_use,dream_peak,in_level,3031,10,25,25,,
2026-08-04,E. 40-99,Control,pre_level_booster,pre_level_booster_2,items,in_game_use,dream_peak,in_level,3031,5,10,10,,
2026-08-04,E. 40-99,Control,currency,HardCoin,coins,extra_moves,level_movesplus40,40,3031,20,20,2000,1950,50
2026-08-04,E. 40-99,Control,currency,HardCoin,coins,team_created,unknown,unknown,3031,5,5,750,750,0
2026-08-04,E. 40-99,Control,currency,HardCoin,coins,extra_moves,level_movesplus30,30,3031,39,41,4100,4070,30
2026-08-07,D. 20-39,Variant,powerup,powerup_3,items,in_game_use,dream_peak,in_level,4827,4,8,8,,
2026-08-07,D. 20-39,Variant,ul_pre_booster,UnlimitedBooster1,items,in_game_use,dream_peak,in_level,4827,3,41,41,,
2026-08-04,E. 40-99,Control,unlimited_lives,UnlimitedLives,items,in_game_use,saga,in_level,3031,2,33,33,,
2026-08-04,E. 40-99,Control,currency,HardCoin,coins,purchase_pre_level_booster,map_pre_level_booster,pre_level_booster_2,3031,4,17,2550,150,2400
2026-08-08,E. 40-99,Variant,currency,HardCoin,coins,purchase_powerup,level_powerup,powerup_1,3161,7,9,4500,4500,0
2026-08-08,A. 0,Control,currency,HardCoin,coins,purchase_pre_level_booster,level_pre_level_booster,pre_level_booster_1,5161,1,1,100,100,0
2026-08-07,D. 20-39,Variant,currency,HardCoin,coins,team_created,unknown,unknown,4827,1,1,150,150,0
2026-08-08,E. 40-99,Variant,pre_level_booster,pre_level_booster_2,items,in_game_use,saga,in_level,3161,1804,5948,5948,,
2026-08-08,A. 0,Control,life,life,items,in_game_use,saga,in_level,5161,1432,5907,5907,,
2026-08-08,E. 40-99,Variant,ul_pre_booster,UnlimitedBooster1,items,in_game_use,saga,in_level,3161,1615,19698,19698,,
2026-08-08,E. 40-99,Variant,powerup,powerup_3,items,in_game_use,saga,in_level,3161,2232,6621,6621,,
2026-08-08,E. 40-99,Variant,currency,HardCoin,coins,purchase_powerup,level_powerup,powerup_3,3161,16,17,3400,3400,0
2026-08-08,E. 40-99,Variant,currency,HardCoin,coins,extra_moves,level_movesplus50,50,3161,84,92,9200,8622,578
2026-08-08,E. 40-99,Variant,currency,HardCoin,coins,extra_moves,level_movesplus35,35,3161,31,32,3200,2970,230
2026-08-08,E. 40-99,Variant,currency,HardCoin,coins,extra_moves,level_movesplus10,10,3161,110,129,12900,12415,485
2026-08-07,D. 20-39,Variant,pre_level_booster,pre_level_booster_3,items,in_game_use,saga,in_level,4827,2190,4425,4425,,
2026-08-07,D. 20-39,Variant,powerup,powerup_1,items,in_game_use,saga,in_level,4827,1785,3225,3225,,
2026-08-07,D. 20-39,Variant,currency,HardCoin,coins,extra_moves,level_movesplus5,5,4827,2835,6458,645800,591106,54694
2026-08-07,D. 20-39,Variant,currency,HardCoin,coins,extra_moves,level_movesplus20,20,4827,69,70,7000,6706,294
2026-08-08,A. 0,Control,currency,HardCoin,coins,extra_moves,level_movesplus10,10,5161,26,29,2900,2669,231
2026-08-08,A. 0,Control,currency,HardCoin,coins,extra_moves,level_movesplus35,35,5161,9,9,900,800,100
2026-08-08,A. 0,Control,currency,HardCoin,coins,extra_moves,level_movesplus50,50,5161,64,66,6600,5894,706
2026-08-04,E. 40-99,Control,ul_pre_booster,UnlimitedBooster3,items,in_game_use,saga,in_level,3031,1009,9891,9891,,
2026-08-04,E. 40-99,Control,pre_level_booster,pre_level_booster_1,items,in_game_use,saga,in_level,3031,2002,7435,7435,,
2026-08-08,A. 0,Control,currency,HardCoin,coins,purchase_powerup,level_powerup,powerup_2,5161,11,14,2100,1625,475
2026-08-07,D. 20-39,Variant,currency,HardCoin,coins,purchase_pre_level_booster,map_pre_level_booster,pre_level_booster_2,4827,7,16,2400,600,1800
2026-08-04,E. 40-99,Control,currency,HardCoin,coins,extra_moves,level_movesplus50,50,3031,89,94,9400,8389,1011
2026-08-04,E. 40-99,Control,life,life,items,in_game_use,dream_peak,in_level,3031,9,250,250,,
2026-08-04,E. 40-99,Control,currency,HardCoin,coins,purchase_lives,map_lives,purchase_lives,3031,85,113,5650,4104,1546
2026-08-07,D. 20-39,Variant,pre_level_booster,pre_level_booster_1,items,in_game_use,dream_peak,in_level,4827,2,7,7,,
2026-08-07,D. 20-39,Variant,ul_pre_booster,UnlimitedBooster2,items,in_game_use,dream_peak,in_level,4827,2,8,8,,
2026-08-08,E. 40-99,Variant,currency,HardCoin,coins,purchase_pre_level_booster,map_pre_level_booster,pre_level_booster_1,3161,3,4,400,400,0
2026-08-07,D. 20-39,Variant,currency,HardCoin,coins,extra_moves,level_movesplus40,40,4827,25,26,2600,2300,300
2026-08-04,E. 40-99,Control,currency,HardCoin,coins,purchase_pre_level_booster,map_pre_level_booster,pre_level_booster_3,3031,6,25,5000,600,4400
2026-08-04,E. 40-99,Control,currency,HardCoin,coins,purchase_pre_level_booster,map_pre_level_booster,pre_level_booster_1,3031,3,17,1700,110,1590
2026-08-08,A. 0,Control,currency,HardCoin,coins,purchase_pre_level_booster,level_pre_level_booster,pre_level_booster_3,5161,1,1,200,200,0
2026-08-08,E. 40-99,Variant,pre_level_booster,pre_level_booster_1,items,in_game_use,saga,in_level,3161,2028,5781,5781,,
2026-08-08,E. 40-99,Variant,life,life,items,in_game_use,saga,in_level,3161,2857,42167,42167,,
2026-08-08,E. 40-99,Variant,pre_level_booster,pre_level_booster_3,items,in_game_use,saga,in_level,3161,1639,4250,4250,,
2026-08-08,A. 0,Control,powerup,powerup_1,items,in_game_use,dream_peak,in_level,5161,452,883,883,,
2026-08-08,E. 40-99,Variant,ul_pre_booster,UnlimitedBooster3,items,in_game_use,saga,in_level,3161,947,8532,8532,,
2026-08-08,E. 40-99,Variant,powerup,powerup_1,items,in_game_use,saga,in_level,3161,1612,4109,4109,,
2026-08-08,A. 0,Control,ul_pre_booster,UnlimitedBooster2,items,in_game_use,dream_peak,in_level,5161,236,3009,3009,,
2026-08-08,A. 0,Control,currency,HardCoin,coins,extra_moves,level_movesplus20,20,5161,34,36,3600,3198,402
2026-08-08,A. 0,Control,pre_level_booster,pre_level_booster_2,items,in_game_use,saga,in_level,5161,297,379,379,,
2026-08-08,A. 0,Control,currency,HardCoin,coins,extra_moves,level_movesplus15,15,5161,23,24,2400,2385,15
2026-08-07,D. 20-39,Variant,pre_level_booster,pre_level_booster_2,items,in_game_use,saga,in_level,4827,2532,6758,6758,,
2026-08-07,D. 20-39,Variant,life,life,items,in_game_use,saga,in_level,4827,3890,42405,42405,,
2026-08-07,D. 20-39,Variant,ul_pre_booster,UnlimitedBooster1,items,in_game_use,saga,in_level,4827,2479,19548,19548,,
2026-08-07,D. 20-39,Variant,ul_pre_booster,UnlimitedBooster3,items,in_game_use,saga,in_level,4827,224,2486,2486,,
2026-08-07,D. 20-39,Variant,currency,HardCoin,coins,extra_moves,level_movesplus10,10,4827,93,98,9800,9170,630
2026-08-07,D. 20-39,Variant,currency,HardCoin,coins,extra_moves,level_movesplus15,15,4827,107,122,12200,11150,1050
2026-08-08,E. 40-99,Variant,currency,HardCoin,coins,extra_moves,level_movesplus15,15,3161,93,106,10600,9963,637
2026-08-07,D. 20-39,Variant,currency,HardCoin,coins,extra_moves,level_movesplus35,35,4827,30,30,3000,2830,170
2026-08-04,E. 40-99,Control,powerup,powerup_3,items,in_game_use,saga,in_level,3031,2316,8163,8163,,
2026-08-04,E. 40-99,Control,powerup,powerup_1,items,in_game_use,saga,in_level,3031,1926,4736,4736,,
2026-08-04,E. 40-99,Control,currency,HardCoin,coins,purchase_lives,level_lives,purchase_lives,3031,170,322,16100,12871,3229
2026-08-04,E. 40-99,Control,currency,HardCoin,coins,extra_moves,level_movesplus25,25,3031,46,50,5000,4760,240
2026-08-04,E. 40-99,Control,ul_pre_booster,UnlimitedBooster1,items,in_game_use,dream_peak,in_level,3031,8,162,162,,
2026-08-04,E. 40-99,Control,ul_pre_booster,UnlimitedBooster3,items,in_game_use,dream_peak,in_level,3031,8,67,67,,
2026-08-04,E. 40-99,Control,pre_level_booster,pre_level_booster_1,items,in_game_use,dream_peak,in_level,3031,5,11,11,,
2026-08-04,E. 40-99,Control,pre_level_booster,pre_level_booster_3,items,in_game_use,dream_peak,in_level,3031,2,3,3,,
2026-08-04,E. 40-99,Control,powerup,powerup_1,items,in_game_use,dream_peak,in_level,3031,6,12,12,,
2026-08-04,E. 40-99,Control,powerup,powerup_2,items,in_game_use,dream_peak,in_level,3031,10,27,27,,
2026-08-04,E. 40-99,Control,currency,HardCoin,coins,purchase_powerup,level_powerup,powerup_3,3031,14,14,2800,2460,340
2026-08-04,E. 40-99,Control,currency,HardCoin,coins,purchase_powerup,level_powerup,powerup_1,3031,7,7,3500,2755,745
2026-08-07,D. 20-39,Variant,life,life,items,in_game_use,dream_peak,in_level,4827,3,166,166,,
2026-08-07,D. 20-39,Variant,pre_level_booster,pre_level_booster_3,items,in_game_use,dream_peak,in_level,4827,2,4,4,,
2026-08-07,D. 20-39,Variant,powerup,powerup_1,items,in_game_use,dream_peak,in_level,4827,3,4,4,,
2026-08-07,D. 20-39,Variant,currency,HardCoin,coins,purchase_powerup,level_powerup,powerup_3,4827,9,15,3000,1775,1225
2026-08-04,E. 40-99,Control,currency,HardCoin,coins,extra_moves,level_movesplus45,45,3031,9,9,900,835,65
2026-08-08,A. 0,Control,ul_pre_booster,UnlimitedBooster3,items,in_game_use,saga,in_level,5161,6,7,7,,
2026-08-07,D. 20-39,Variant,currency,HardCoin,coins,purchase_pre_level_booster,map_pre_level_booster,pre_level_booster_3,4827,7,40,8000,800,7200
2026-08-08,E. 40-99,Variant,unlimited_lives,UnlimitedLives,items,in_game_use,saga,in_level,3161,2,58,58,,
2026-08-07,D. 20-39,Variant,currency,HardCoin,coins,purchase_pre_level_booster,level_pre_level_booster,pre_level_booster_3,4827,2,2,400,400,0
2026-08-08,A. 0,Control,currency,HardCoin,coins,purchase_pre_level_booster,map_pre_level_booster,pre_level_booster_3,5161,2,2,400,400,0
2026-08-08,E. 40-99,Variant,life,LifeReward,items,in_game_use,saga,in_level,3161,1,25,25,,
2026-08-07,D. 20-39,Variant,currency,HardCoin,coins,purchase_pre_level_booster,level_pre_level_booster,pre_level_booster_1,4827,1,1,100,100,0
2026-08-04,E. 40-99,Control,currency,HardCoin,coins,level_movesplus5,level_movesplus5,level_movesplus5,3031,1,5,500,500,0
2026-08-08,A. 0,Control,powerup,powerup_2,items,in_game_use,dream_peak,in_level,5161,614,1363,1363,,
2026-08-08,A. 0,Control,pre_level_booster,pre_level_booster_1,items,in_game_use,dream_peak,in_level,5161,378,737,737,,
2026-08-08,A. 0,Control,currency,HardCoin,coins,extra_moves,level_movesplus5,5,5161,613,1719,171900,131132,40768
2026-08-08,E. 40-99,Variant,currency,HardCoin,coins,extra_moves,level_movesplus5,5,3161,2320,7309,730900,684149,46751
2026-08-08,E. 40-99,Variant,currency,HardCoin,coins,extra_moves,level_movesplus25,25,3161,45,48,4800,4612,188
2026-08-08,A. 0,Control,powerup,powerup_3,items,in_game_use,saga,in_level,5161,168,220,220,,
2026-08-08,E. 40-99,Variant,currency,HardCoin,coins,purchase_lives,level_lives,purchase_lives,3161,125,193,9650,7344,2306
2026-08-08,A. 0,Control,ul_pre_booster,UnlimitedBooster1,items,in_game_use,dream_peak,in_level,5161,289,3275,3275,,
2026-08-08,A. 0,Control,currency,HardCoin,coins,purchase_lives,level_lives,purchase_lives,5161,49,56,2800,1388,1412
2026-08-08,E. 40-99,Variant,currency,HardCoin,coins,extra_moves,level_movesplus20,20,3161,62,67,6700,6211,489
2026-08-08,A. 0,Control,ul_pre_booster,UnlimitedBooster1,items,in_game_use,saga,in_level,5161,119,228,228,,
2026-08-08,A. 0,Control,currency,HardCoin,coins,purchase_lives,map_lives,purchase_lives,5161,46,70,3500,2306,1194
2026-08-08,A. 0,Control,powerup,powerup_1,items,in_game_use,saga,in_level,5161,53,63,63,,
2026-08-07,D. 20-39,Variant,powerup,powerup_3,items,in_game_use,saga,in_level,4827,2832,6712,6712,,
2026-08-07,D. 20-39,Variant,pre_level_booster,pre_level_booster_1,items,in_game_use,saga,in_level,4827,2698,6091,6091,,
2026-08-07,D. 20-39,Variant,powerup,powerup_2,items,in_game_use,saga,in_level,4827,2808,7898,7898,,
2026-08-07,D. 20-39,Variant,ul_pre_booster,UnlimitedBooster2,items,in_game_use,saga,in_level,4827,1731,14069,14069,,
2026-08-07,D. 20-39,Variant,currency,HardCoin,coins,purchase_powerup,level_powerup,powerup_2,4827,21,22,3300,3160,140
2026-08-07,D. 20-39,Variant,currency,HardCoin,coins,purchase_lives,level_lives,purchase_lives,4827,139,212,10600,7307,3293
2026-08-07,D. 20-39,Variant,currency,HardCoin,coins,extra_moves,level_movesplus25,25,4827,56,57,5700,5335,365
2026-08-07,D. 20-39,Variant,currency,HardCoin,coins,extra_moves,level_movesplus50,50,4827,117,127,12700,11243,1457
2026-08-04,E. 40-99,Control,pre_level_booster,pre_level_booster_3,items,in_game_use,saga,in_level,3031,1472,3690,3690,,
2026-08-04,E. 40-99,Control,life,life,items,in_game_use,saga,in_level,3031,2812,65618,65618,,
2026-08-04,E. 40-99,Control,ul_pre_booster,UnlimitedBooster1,items,in_game_use,saga,in_level,3031,1621,22120,22120,,
2026-08-04,E. 40-99,Control,pre_level_booster,pre_level_booster_2,items,in_game_use,saga,in_level,3031,1895,7820,7820,,
2026-08-04,E. 40-99,Control,currency,HardCoin,coins,extra_moves,level_movesplus5,5,3031,2417,8833,883300,831130,52170
2026-08-08,E. 40-99,Variant,currency,HardCoin,coins,team_created,unknown,unknown,3161,5,6,900,600,300
2026-08-07,D. 20-39,Variant,currency,HardCoin,coins,purchase_pre_level_booster,map_pre_level_booster,pre_level_booster_1,4827,10,25,2500,900,1600
2026-08-04,E. 40-99,Control,currency,HardCoin,coins,extra_moves,level_movesplus10,10,3031,139,161,16100,15457,643
2026-08-04,E. 40-99,Control,currency,HardCoin,coins,purchase_powerup,level_powerup,powerup_2,3031,18,21,3150,3110,40
2026-08-04,E. 40-99,Control,currency,HardCoin,coins,extra_moves,level_movesplus20,20,3031,62,66,6600,6051,549
2026-08-04,E. 40-99,Control,ul_pre_booster,UnlimitedBooster2,items,in_game_use,dream_peak,in_level,3031,5,107,107,,
2026-08-04,E. 40-99,Control,currency,HardCoin,coins,extra_moves,level_movesplus35,35,3031,28,29,2900,2732,168
2026-08-07,D. 20-39,Variant,ul_pre_booster,UnlimitedBooster3,items,in_game_use,dream_peak,in_level,4827,2,16,16,,
2026-08-07,D. 20-39,Variant,powerup,powerup_2,items,in_game_use,dream_peak,in_level,4827,4,19,19,,
2026-08-07,D. 20-39,Variant,pre_level_booster,pre_level_booster_2,items,in_game_use,dream_peak,in_level,4827,2,7,7,,
2026-08-08,E. 40-99,Variant,currency,HardCoin,coins,purchase_pre_level_booster,map_pre_level_booster,pre_level_booster_2,3161,2,2,300,300,0
2026-08-08,E. 40-99,Variant,currency,HardCoin,coins,extra_moves,level_movesplus45,45,3161,13,14,1400,1111,289
2026-08-08,A. 0,Control,currency,HardCoin,coins,extra_moves,level_movesplus25,25,5161,13,14,1400,1225,175
2026-08-08,E. 40-99,Variant,currency,HardCoin,coins,purchase_pre_level_booster,map_pre_level_booster,pre_level_booster_3,3161,3,3,600,400,200
2026-08-07,D. 20-39,Variant,currency,HardCoin,coins,extra_moves,level_movesplus45,45,4827,16,16,1600,1600,0
2026-08-07,D. 20-39,Variant,currency,HardCoin,coins,purchase_powerup,level_powerup,powerup_1,4827,3,3,1500,1500,0
2026-08-08,A. 0,Control,currency,HardCoin,coins,purchase_powerup,level_powerup,powerup_3,5161,4,4,800,800,0
2026-08-08,A. 0,Control,currency,HardCoin,coins,purchase_pre_level_booster,level_pre_level_booster,pre_level_booster_2,5161,1,1,150,150,0
