event_date,ab_group,resource_category,resource,unit,source_detail,action,source_main,segment_players,gainers,pct_gainers,amount_gained,amount_gained_free,amount_gained_paid,amount_per_active_player,amount_per_gainer
2026-08-02,Control,Avatar,Avatar,items,saga_progression,chapter_complete,core,448,278,62.05,924,,,2.06,3.32
2026-08-02,Control,currency,HardCoin,coins,saga_progression,chapter_complete,core,448,440,98.21,113810,113810,0,254.04,258.66
2026-08-02,Control,currency,HardCoin,coins,player_level_up,reward_chest,core,448,420,93.75,80775,80775,0,180.3,192.32
2026-08-02,Control,currency,HardCoin,coins,river_rush,reward_event,meta,448,73,16.29,11760,11760,0,26.25,161.1
2026-08-02,Control,currency,HardCoin,coins,dream_pass_event,reward_event,meta,448,178,39.73,8690,8690,0,19.4,48.82
2026-08-02,Control,currency,HardCoin,coins,daily_reward,daily_reward,core,448,245,54.69,8260,8260,0,18.44,33.71
2026-08-02,Control,currency,HardCoin,coins,Hatchling Hideaway,event_reward,meta,448,162,36.16,7450,7450,0,16.63,45.99
2026-08-02,Control,currency,HardCoin,coins,reward_chest,reward_chest,other,448,28,6.25,3945,3945,0,8.81,140.89
2026-08-02,Control,currency,HardCoin,coins,race_event,reward_event,meta,448,43,9.6,3375,3375,0,7.53,78.49
2026-08-02,Control,currency,HardCoin,coins,facebook_like,facebook_like,other,448,25,5.58,3100,3100,0,6.92,124.0
2026-08-02,Control,currency,HardCoin,coins,bundle_1_with_prelevel_boosters_tier3,purchase,purchase,448,7,1.56,2600,0,2600,5.8,371.43
2026-08-02,Control,currency,HardCoin,coins,ad_chest,ad_chest,ads,448,98,21.88,2130,2130,0,4.75,21.73
2026-08-02,Control,currency,HardCoin,coins,xs_coins2,purchase,purchase,448,3,0.67,2000,0,2000,4.46,666.67
2026-08-02,Control,currency,HardCoin,coins,special_offer1_tier3,purchase,purchase,448,6,1.34,1800,0,1800,4.02,300.0
2026-08-02,Control,currency,HardCoin,coins,kite_festival_event,reward_event,meta,448,6,1.34,1400,1400,0,3.13,233.33
2026-08-02,Control,currency,HardCoin,coins,xs_coins_tier3,purchase,purchase,448,2,0.45,1050,0,1050,2.34,525.0
2026-08-02,Control,currency,HardCoin,coins,bundle_3_with_prelevel_boosters_tier3,purchase,purchase,448,1,0.22,1000,0,1000,2.23,1000.0
2026-08-02,Control,currency,HardCoin,coins,bomb_event,reward_event,meta,448,5,1.12,900,900,0,2.01,180.0
2026-08-02,Control,currency,HardCoin,coins,offer_free_items,rolling_offer,meta,448,5,1.12,800,800,0,1.79,160.0
2026-08-02,Control,currency,HardCoin,coins,rolling_offer_p049_tier3,purchase,purchase,448,4,0.89,600,0,600,1.34,150.0
2026-08-02,Control,currency,HardCoin,coins,special_offer1,purchase,purchase,448,2,0.45,600,0,600,1.34,300.0
2026-08-02,Control,currency,HardCoin,coins,rolling_offer_p349_tier3,purchase,purchase,448,1,0.22,550,0,550,1.23,550.0
2026-08-02,Control,currency,HardCoin,coins,s_coins2,purchase,purchase,448,1,0.22,500,0,500,1.12,500.0
2026-08-02,Control,currency,HardCoin,coins,rolling_offer_tier1_p199_tier3,purchase,purchase,448,2,0.45,400,0,400,0.89,200.0
2026-08-02,Control,currency,HardCoin,coins,rolling_offer_tier1_p299_tier3,purchase,purchase,448,1,0.22,400,0,400,0.89,400.0
2026-08-02,Control,currency,HardCoin,coins,special_offer10,purchase,purchase,448,1,0.22,300,0,300,0.67,300.0
2026-08-02,Control,currency,HardCoin,coins,special_offer9_tier3,purchase,purchase,448,1,0.22,300,0,300,0.67,300.0
2026-08-02,Control,currency,HardCoin,coins,rolling_offer_tier1_p499_VarA,purchase,purchase,448,1,0.22,300,0,300,0.67,300.0
2026-08-02,Control,currency,HardCoin,coins,heart_gift,heart_gift,other,448,94,20.98,285,285,0,0.64,3.03
2026-08-02,Control,currency,HardCoin,coins,ArcheryArena,reward_event,meta,448,1,0.22,200,200,0,0.45,200.0
2026-08-02,Control,currency,HardCoin,coins,rolling_offer_p099_VarA,purchase,purchase,448,1,0.22,200,0,200,0.45,200.0
2026-08-02,Control,currency,HardCoin,coins,Hard_Level_Offer1,purchase,purchase,448,2,0.45,200,0,200,0.45,100.0
2026-08-02,Control,currency,HardCoin,coins,team_versus,reward_event,meta,448,2,0.45,200,200,0,0.45,100.0
2026-08-02,Control,currency,HardCoin,coins,Hard_level_offer1_tier3,purchase,purchase,448,2,0.45,200,0,200,0.45,100.0
2026-08-02,Control,currency,HardCoin,coins,team_collection,reward_event,meta,448,2,0.45,110,110,0,0.25,55.0
2026-08-02,Control,currency,HardCoin,coins,great_offer1_299,purchase,purchase,448,1,0.22,100,0,100,0.22,100.0
2026-08-02,Control,currency,HardCoin,coins,team_versus_contribution,reward_event,meta,448,1,0.22,70,70,0,0.16,70.0
2026-08-02,Control,currency,HardCoin,coins,single_collection,reward_event,meta,448,1,0.22,50,50,0,0.11,50.0
2026-08-02,Control,currency,HardCoin,coins,event_progress,reward_event,meta,448,1,0.22,50,50,0,0.11,50.0
2026-08-02,Control,currency,HardCoin,coins,season_pass_event,reward_event,meta,448,1,0.22,10,10,0,0.02,10.0
2026-08-02,Control,dream_pass_tokens,DreamPassToken,items,offer_free_items,rolling_offer,meta,448,126,28.13,6500,,,14.51,51.59
2026-08-02,Control,dream_pass_tokens,DreamPassToken,items,river_rush,reward_event,meta,448,54,12.05,2890,,,6.45,53.52
2026-08-02,Control,dream_pass_tokens,DreamPassToken,items,FlockRush,event_reward,meta,448,139,31.03,2840,,,6.34,20.43
2026-08-02,Control,dream_pass_tokens,DreamPassToken,items,race_event,reward_event,meta,448,52,11.61,2620,,,5.85,50.38
2026-08-02,Control,dream_pass_tokens,DreamPassToken,items,kite_festival_event,reward_event,meta,448,9,2.01,2505,,,5.59,278.33
2026-08-02,Control,life,life,items,ask_for_lives,ask_for_lives,other,448,46,10.27,210,,,0.47,4.57
2026-08-02,Control,life,life,items,ad_life,ad_life,ads,448,36,8.04,51,,,0.11,1.42
2026-08-02,Control,life,liferefill,items,coin_purchase,coin_purchase,other,448,42,9.38,460,,,1.03,10.95
2026-08-02,Control,orb,Reds_Greatest_Challenge,items,dream_pass_event,reward_event,meta,448,29,6.47,29,,,0.06,1.0
2026-08-02,Control,powerup,powerup_1,items,saga_progression,chapter_complete,core,448,392,87.5,522,,,1.17,1.33
2026-08-02,Control,powerup,powerup_1,items,player_level_up,reward_chest,core,448,257,57.37,278,,,0.62,1.08
2026-08-02,Control,powerup,powerup_1,items,river_rush,reward_event,meta,448,69,15.4,122,,,0.27,1.77
2026-08-02,Control,powerup,powerup_1,items,Hatchling Hideaway,event_reward,meta,448,106,23.66,111,,,0.25,1.05
2026-08-02,Control,powerup,powerup_1,items,reward_chest,reward_chest,other,448,28,6.25,33,,,0.07,1.18
2026-08-02,Control,powerup,powerup_1,items,ad_chest,ad_chest,ads,448,25,5.58,30,,,0.07,1.2
2026-08-02,Control,powerup,powerup_1,items,race_event,reward_event,meta,448,25,5.58,26,,,0.06,1.04
2026-08-02,Control,powerup,powerup_1,items,bundle_1_with_prelevel_boosters_tier3,purchase,purchase,448,7,1.56,13,,,0.03,1.86
2026-08-02,Control,powerup,powerup_1,items,dream_pass_event,reward_event,meta,448,3,0.67,5,,,0.01,1.67
2026-08-02,Control,powerup,powerup_1,items,daily_reward,daily_reward,core,448,5,1.12,5,,,0.01,1.0
2026-08-02,Control,powerup,powerup_1,items,rolling_offer_p049_tier3,purchase,purchase,448,4,0.89,4,,,0.01,1.0
2026-08-02,Control,powerup,powerup_1,items,bomb_event,reward_event,meta,448,4,0.89,4,,,0.01,1.0
2026-08-02,Control,powerup,powerup_1,items,kite_festival_event,reward_event,meta,448,3,0.67,3,,,0.01,1.0
2026-08-02,Control,powerup,powerup_1,items,bundle_3_with_prelevel_boosters_tier3,purchase,purchase,448,1,0.22,2,,,0.0,2.0
2026-08-02,Control,powerup,powerup_1,items,offer_free_items,rolling_offer,meta,448,2,0.45,2,,,0.0,1.0
2026-08-02,Control,powerup,powerup_1,items,team_versus,reward_event,meta,448,2,0.45,2,,,0.0,1.0
2026-08-02,Control,powerup,powerup_1,items,rolling_offer_tier1_p199_tier3,purchase,purchase,448,2,0.45,2,,,0.0,1.0
2026-08-02,Control,powerup,powerup_1,items,rolling_offer_p349_tier3,purchase,purchase,448,1,0.22,1,,,0.0,1.0
2026-08-02,Control,powerup,powerup_1,items,rolling_offer_tier1_p299_tier3,purchase,purchase,448,1,0.22,1,,,0.0,1.0
2026-08-02,Control,powerup,powerup_1,items,special_offer9_tier3,purchase,purchase,448,1,0.22,1,,,0.0,1.0
2026-08-02,Control,powerup,powerup_1,items,ArcheryArena,reward_event,meta,448,1,0.22,1,,,0.0,1.0
2026-08-02,Control,powerup,powerup_1,items,rolling_offer_tier1_p499_VarA,purchase,purchase,448,1,0.22,1,,,0.0,1.0
2026-08-02,Control,powerup,powerup_1,items,rolling_offer_p099_VarA,purchase,purchase,448,1,0.22,1,,,0.0,1.0
2026-08-02,Control,powerup,powerup_1,items,team_versus_contribution,reward_event,meta,448,1,0.22,1,,,0.0,1.0
2026-08-02,Control,powerup,powerup_1,items,special_offer10,purchase,purchase,448,1,0.22,1,,,0.0,1.0
2026-08-02,Control,powerup,powerup_2,items,saga_progression,chapter_complete,core,448,393,87.72,1042,,,2.33,2.65
2026-08-02,Control,powerup,powerup_2,items,player_level_up,reward_chest,core,448,315,70.31,726,,,1.62,2.3
2026-08-02,Control,powerup,powerup_2,items,FlockRush,event_reward,meta,448,140,31.25,144,,,0.32,1.03
2026-08-02,Control,powerup,powerup_2,items,river_rush,reward_event,meta,448,68,15.18,132,,,0.29,1.94
2026-08-02,Control,powerup,powerup_2,items,Hatchling Hideaway,event_reward,meta,448,122,27.23,122,,,0.27,1.0
2026-08-02,Control,powerup,powerup_2,items,daily_reward,daily_reward,core,448,73,16.29,74,,,0.17,1.01
2026-08-02,Control,powerup,powerup_2,items,ad_chest,ad_chest,ads,448,47,10.49,53,,,0.12,1.13
2026-08-02,Control,powerup,powerup_2,items,dream_pass_event,reward_event,meta,448,40,8.93,50,,,0.11,1.25
2026-08-02,Control,powerup,powerup_2,items,reward_chest,reward_chest,other,448,28,6.25,42,,,0.09,1.5
2026-08-02,Control,powerup,powerup_2,items,ingame,purchase,purchase,448,4,0.89,18,,,0.04,4.5
2026-08-02,Control,powerup,powerup_2,items,bundle_1_with_prelevel_boosters_tier3,purchase,purchase,448,7,1.56,13,,,0.03,1.86
2026-08-02,Control,powerup,powerup_2,items,offer_free_items,rolling_offer,meta,448,8,1.79,11,,,0.02,1.38
2026-08-02,Control,powerup,powerup_2,items,race_event,reward_event,meta,448,5,1.12,5,,,0.01,1.0
2026-08-02,Control,powerup,powerup_2,items,special_offer10,purchase,purchase,448,1,0.22,3,,,0.01,3.0
2026-08-02,Control,powerup,powerup_2,items,kite_festival_event,reward_event,meta,448,2,0.45,2,,,0.0,1.0
2026-08-02,Control,powerup,powerup_2,items,bundle_3_with_prelevel_boosters_tier3,purchase,purchase,448,1,0.22,2,,,0.0,2.0
2026-08-02,Control,powerup,powerup_2,items,special_offer9_tier3,purchase,purchase,448,1,0.22,2,,,0.0,2.0
2026-08-02,Control,powerup,powerup_2,items,rolling_offer_tier1_p199_tier3,purchase,purchase,448,2,0.45,2,,,0.0,1.0
2026-08-02,Control,powerup,powerup_2,items,single_collection,reward_event,meta,448,1,0.22,1,,,0.0,1.0
2026-08-02,Control,powerup,powerup_2,items,season_pass_event,reward_event,meta,448,1,0.22,1,,,0.0,1.0
2026-08-02,Control,powerup,powerup_2,items,team_collection,reward_event,meta,448,1,0.22,1,,,0.0,1.0
2026-08-02,Control,powerup,powerup_2,items,bomb_event,reward_event,meta,448,1,0.22,1,,,0.0,1.0
2026-08-02,Control,powerup,powerup_2,items,rolling_offer_p349_tier3,purchase,purchase,448,1,0.22,1,,,0.0,1.0
2026-08-02,Control,powerup,powerup_2,items,rolling_offer_tier1_p499_VarA,purchase,purchase,448,1,0.22,1,,,0.0,1.0
2026-08-02,Control,powerup,powerup_2,items,rolling_offer_tier1_p299_tier3,purchase,purchase,448,1,0.22,1,,,0.0,1.0
2026-08-02,Control,powerup,powerup_3,items,saga_progression,chapter_complete,core,448,394,87.95,1057,,,2.36,2.68
2026-08-02,Control,powerup,powerup_3,items,player_level_up,reward_chest,core,448,365,81.47,794,,,1.77,2.18
2026-08-02,Control,powerup,powerup_3,items,dream_pass_event,reward_event,meta,448,121,27.01,136,,,0.3,1.12
2026-08-02,Control,powerup,powerup_3,items,Hatchling Hideaway,event_reward,meta,448,120,26.79,122,,,0.27,1.02
2026-08-02,Control,powerup,powerup_3,items,river_rush,reward_event,meta,448,54,12.05,85,,,0.19,1.57
2026-08-02,Control,powerup,powerup_3,items,facebook_like,facebook_like,other,448,25,5.58,62,,,0.14,2.48
2026-08-02,Control,powerup,powerup_3,items,ad_chest,ad_chest,ads,448,43,9.6,50,,,0.11,1.16
2026-08-02,Control,powerup,powerup_3,items,reward_chest,reward_chest,other,448,28,6.25,47,,,0.1,1.68
2026-08-02,Control,powerup,powerup_3,items,daily_reward,daily_reward,core,448,28,6.25,28,,,0.06,1.0
2026-08-02,Control,powerup,powerup_3,items,ingame,purchase,purchase,448,3,0.67,18,,,0.04,6.0
2026-08-02,Control,powerup,powerup_3,items,race_event,reward_event,meta,448,13,2.9,13,,,0.03,1.0
2026-08-02,Control,powerup,powerup_3,items,bundle_1_with_prelevel_boosters_tier3,purchase,purchase,448,7,1.56,13,,,0.03,1.86
2026-08-02,Control,powerup,powerup_3,items,offer_free_items,rolling_offer,meta,448,7,1.56,9,,,0.02,1.29
2026-08-02,Control,powerup,powerup_3,items,kite_festival_event,reward_event,meta,448,4,0.89,4,,,0.01,1.0
2026-08-02,Control,powerup,powerup_3,items,bomb_event,reward_event,meta,448,3,0.67,3,,,0.01,1.0
2026-08-02,Control,powerup,powerup_3,items,special_offer10,purchase,purchase,448,1,0.22,3,,,0.01,3.0
2026-08-02,Control,powerup,powerup_3,items,bundle_3_with_prelevel_boosters_tier3,purchase,purchase,448,1,0.22,2,,,0.0,2.0
2026-08-02,Control,powerup,powerup_3,items,special_offer9_tier3,purchase,purchase,448,1,0.22,2,,,0.0,2.0
2026-08-02,Control,powerup,powerup_3,items,rolling_offer_tier1_p199_tier3,purchase,purchase,448,2,0.45,2,,,0.0,1.0
2026-08-02,Control,powerup,powerup_3,items,team_versus,reward_event,meta,448,2,0.45,2,,,0.0,1.0
2026-08-02,Control,powerup,powerup_3,items,team_collection,reward_event,meta,448,1,0.22,2,,,0.0,2.0
2026-08-02,Control,powerup,powerup_3,items,rolling_offer_p349_tier3,purchase,purchase,448,1,0.22,1,,,0.0,1.0
2026-08-02,Control,powerup,powerup_3,items,single_collection,reward_event,meta,448,1,0.22,1,,,0.0,1.0
2026-08-02,Control,powerup,powerup_3,items,red_event,reward_event,meta,448,1,0.22,1,,,0.0,1.0
2026-08-02,Control,powerup,powerup_3,items,rolling_offer_tier1_p499_VarA,purchase,purchase,448,1,0.22,1,,,0.0,1.0
2026-08-02,Control,powerup,powerup_3,items,rolling_offer_tier1_p299_tier3,purchase,purchase,448,1,0.22,1,,,0.0,1.0
2026-08-02,Control,pre_level_booster,pre_level_booster_1,items,saga_progression,chapter_complete,core,448,426,95.09,2286,,,5.1,5.37
2026-08-02,Control,pre_level_booster,pre_level_booster_1,items,dream_pass_event,reward_event,meta,448,141,31.47,398,,,0.89,2.82
2026-08-02,Control,pre_level_booster,pre_level_booster_1,items,player_level_up,reward_chest,core,448,245,54.69,266,,,0.59,1.09
2026-08-02,Control,pre_level_booster,pre_level_booster_1,items,FlockRush,event_reward,meta,448,140,31.25,144,,,0.32,1.03
2026-08-02,Control,pre_level_booster,pre_level_booster_1,items,offer_free_items,rolling_offer,meta,448,126,28.13,130,,,0.29,1.03
2026-08-02,Control,pre_level_booster,pre_level_booster_1,items,Hatchling Hideaway,event_reward,meta,448,112,25.0,114,,,0.25,1.02
2026-08-02,Control,pre_level_booster,pre_level_booster_1,items,river_rush,reward_event,meta,448,43,9.6,52,,,0.12,1.21
2026-08-02,Control,pre_level_booster,pre_level_booster_1,items,reward_chest,reward_chest,other,448,27,6.03,27,,,0.06,1.0
2026-08-02,Control,pre_level_booster,pre_level_booster_1,items,bundle_1_with_prelevel_boosters_tier3,purchase,purchase,448,7,1.56,13,,,0.03,1.86
2026-08-02,Control,pre_level_booster,pre_level_booster_1,items,ad_chest,ad_chest,ads,448,3,0.67,3,,,0.01,1.0
2026-08-02,Control,pre_level_booster,pre_level_booster_1,items,rolling_offer_tier1_p199_tier3,purchase,purchase,448,2,0.45,2,,,0.0,1.0
2026-08-02,Control,pre_level_booster,pre_level_booster_1,items,season_pass_event,reward_event,meta,448,1,0.22,2,,,0.0,2.0
2026-08-02,Control,pre_level_booster,pre_level_booster_1,items,bundle_3_with_prelevel_boosters_tier3,purchase,purchase,448,1,0.22,2,,,0.0,2.0
2026-08-02,Control,pre_level_booster,pre_level_booster_1,items,event_progress,reward_event,meta,448,1,0.22,1,,,0.0,1.0
2026-08-02,Control,pre_level_booster,pre_level_booster_1,items,race_event,reward_event,meta,448,1,0.22,1,,,0.0,1.0
2026-08-02,Control,pre_level_booster,pre_level_booster_1,items,rolling_offer_p349_tier3,purchase,purchase,448,1,0.22,1,,,0.0,1.0
2026-08-02,Control,pre_level_booster,pre_level_booster_1,items,rolling_offer_tier1_p299_tier3,purchase,purchase,448,1,0.22,1,,,0.0,1.0
2026-08-02,Control,pre_level_booster,pre_level_booster_2,items,saga_progression,chapter_complete,core,448,425,94.87,2237,,,4.99,5.26
2026-08-02,Control,pre_level_booster,pre_level_booster_2,items,player_level_up,reward_chest,core,448,248,55.36,645,,,1.44,2.6
2026-08-02,Control,pre_level_booster,pre_level_booster_2,items,dream_pass_event,reward_event,meta,448,161,35.94,417,,,0.93,2.59
2026-08-02,Control,pre_level_booster,pre_level_booster_2,items,FlockRush,event_reward,meta,448,140,31.25,144,,,0.32,1.03
2026-08-02,Control,pre_level_booster,pre_level_booster_2,items,offer_free_items,rolling_offer,meta,448,126,28.13,129,,,0.29,1.02
2026-08-02,Control,pre_level_booster,pre_level_booster_2,items,Hatchling Hideaway,event_reward,meta,448,118,26.34,118,,,0.26,1.0
2026-08-02,Control,pre_level_booster,pre_level_booster_2,items,river_rush,reward_event,meta,448,28,6.25,31,,,0.07,1.11
2026-08-02,Control,pre_level_booster,pre_level_booster_2,items,reward_chest,reward_chest,other,448,27,6.03,27,,,0.06,1.0
2026-08-02,Control,pre_level_booster,pre_level_booster_2,items,bundle_1_with_prelevel_boosters_tier3,purchase,purchase,448,7,1.56,13,,,0.03,1.86
2026-08-02,Control,pre_level_booster,pre_level_booster_2,items,race_event,reward_event,meta,448,4,0.89,4,,,0.01,1.0
2026-08-02,Control,pre_level_booster,pre_level_booster_2,items,ad_chest,ad_chest,ads,448,3,0.67,3,,,0.01,1.0
2026-08-02,Control,pre_level_booster,pre_level_booster_2,items,season_pass_event,reward_event,meta,448,1,0.22,2,,,0.0,2.0
2026-08-02,Control,pre_level_booster,pre_level_booster_2,items,bundle_3_with_prelevel_boosters_tier3,purchase,purchase,448,1,0.22,2,,,0.0,2.0
2026-08-02,Control,pre_level_booster,pre_level_booster_2,items,rolling_offer_tier1_p199_tier3,purchase,purchase,448,2,0.45,2,,,0.0,1.0
2026-08-02,Control,pre_level_booster,pre_level_booster_2,items,rolling_offer_p349_tier3,purchase,purchase,448,1,0.22,1,,,0.0,1.0
2026-08-02,Control,pre_level_booster,pre_level_booster_2,items,rolling_offer_tier1_p299_tier3,purchase,purchase,448,1,0.22,1,,,0.0,1.0
2026-08-02,Control,pre_level_booster,pre_level_booster_2,items,event_progress,reward_event,meta,448,1,0.22,1,,,0.0,1.0
2026-08-02,Control,pre_level_booster,pre_level_booster_3,items,saga_progression,chapter_complete,core,448,392,87.5,522,,,1.17,1.33
2026-08-02,Control,pre_level_booster,pre_level_booster_3,items,player_level_up,reward_chest,core,448,236,52.68,499,,,1.11,2.11
2026-08-02,Control,pre_level_booster,pre_level_booster_3,items,FlockRush,event_reward,meta,448,140,31.25,144,,,0.32,1.03
2026-08-02,Control,pre_level_booster,pre_level_booster_3,items,dream_pass_event,reward_event,meta,448,99,22.1,129,,,0.29,1.3
2026-08-02,Control,pre_level_booster,pre_level_booster_3,items,offer_free_items,rolling_offer,meta,448,126,28.13,128,,,0.29,1.02
2026-08-02,Control,pre_level_booster,pre_level_booster_3,items,Hatchling Hideaway,event_reward,meta,448,120,26.79,122,,,0.27,1.02
2026-08-02,Control,pre_level_booster,pre_level_booster_3,items,river_rush,reward_event,meta,448,56,12.5,72,,,0.16,1.29
2026-08-02,Control,pre_level_booster,pre_level_booster_3,items,reward_chest,reward_chest,other,448,27,6.03,27,,,0.06,1.0
2026-08-02,Control,pre_level_booster,pre_level_booster_3,items,bundle_1_with_prelevel_boosters_tier3,purchase,purchase,448,7,1.56,13,,,0.03,1.86
2026-08-02,Control,pre_level_booster,pre_level_booster_3,items,race_event,reward_event,meta,448,4,0.89,4,,,0.01,1.0
2026-08-02,Control,pre_level_booster,pre_level_booster_3,items,ingame,purchase,purchase,448,1,0.22,3,,,0.01,3.0
2026-08-02,Control,pre_level_booster,pre_level_booster_3,items,rolling_offer_tier1_p199_tier3,purchase,purchase,448,2,0.45,2,,,0.0,1.0
2026-08-02,Control,pre_level_booster,pre_level_booster_3,items,bundle_3_with_prelevel_boosters_tier3,purchase,purchase,448,1,0.22,2,,,0.0,2.0
2026-08-02,Control,pre_level_booster,pre_level_booster_3,items,rolling_offer_p349_tier3,purchase,purchase,448,1,0.22,1,,,0.0,1.0
2026-08-02,Control,pre_level_booster,pre_level_booster_3,items,rolling_offer_tier1_p299_tier3,purchase,purchase,448,1,0.22,1,,,0.0,1.0
2026-08-02,Control,pre_level_booster,pre_level_booster_3,items,kite_festival_event,reward_event,meta,448,1,0.22,1,,,0.0,1.0
2026-08-02,Control,pre_level_booster,pre_level_booster_3,items,team_versus_contribution,reward_event,meta,448,1,0.22,1,,,0.0,1.0
2026-08-02,Control,season_pass_multiplier_2x,SeasonPassMultiplier2x,minutes,river_rush,reward_event,meta,448,33,7.37,960,,,2.14,29.09
2026-08-02,Control,season_pass_multiplier_2x,SeasonPassMultiplier2x,minutes,great_offer1_299,purchase,purchase,448,1,0.22,360,,,0.8,360.0
2026-08-02,Control,ul_pre_booster,UnlimitedBooster1,minutes,dream_pass_event,reward_event,meta,448,144,32.14,3060,,,6.83,21.25
2026-08-02,Control,ul_pre_booster,UnlimitedBooster1,minutes,river_rush,reward_event,meta,448,72,16.07,2950,,,6.58,40.97
2026-08-02,Control,ul_pre_booster,UnlimitedBooster1,minutes,Hatchling Hideaway,event_reward,meta,448,122,27.23,1220,,,2.72,10.0
2026-08-02,Control,ul_pre_booster,UnlimitedBooster1,minutes,daily_reward,daily_reward,core,448,6,1.34,360,,,0.8,60.0
2026-08-02,Control,ul_pre_booster,UnlimitedBooster1,minutes,great_offer1_299,purchase,purchase,448,1,0.22,360,,,0.8,360.0
2026-08-02,Control,ul_pre_booster,UnlimitedBooster1,minutes,Hard_level_offer1_tier3,purchase,purchase,448,2,0.45,40,,,0.09,20.0
2026-08-02,Control,ul_pre_booster,UnlimitedBooster1,minutes,Hard_Level_Offer1,purchase,purchase,448,2,0.45,40,,,0.09,20.0
2026-08-02,Control,ul_pre_booster,UnlimitedBooster1,minutes,event_progress,reward_event,meta,448,1,0.22,15,,,0.03,15.0
2026-08-02,Control,ul_pre_booster,UnlimitedBooster1,minutes,bomb_ballet_event,reward_event,meta,448,1,0.22,10,,,0.02,10.0
2026-08-02,Control,ul_pre_booster,UnlimitedBooster2,minutes,river_rush,reward_event,meta,448,61,13.62,2000,,,4.46,32.79
2026-08-02,Control,ul_pre_booster,UnlimitedBooster2,minutes,dream_pass_event,reward_event,meta,448,97,21.65,1605,,,3.58,16.55
2026-08-02,Control,ul_pre_booster,UnlimitedBooster2,minutes,Hatchling Hideaway,event_reward,meta,448,106,23.66,1110,,,2.48,10.47
2026-08-02,Control,ul_pre_booster,UnlimitedBooster2,minutes,daily_reward,daily_reward,core,448,6,1.34,420,,,0.94,70.0
2026-08-02,Control,ul_pre_booster,UnlimitedBooster2,minutes,great_offer1_299,purchase,purchase,448,1,0.22,360,,,0.8,360.0
2026-08-02,Control,ul_pre_booster,UnlimitedBooster2,minutes,Hard_level_offer1_tier3,purchase,purchase,448,2,0.45,40,,,0.09,20.0
2026-08-02,Control,ul_pre_booster,UnlimitedBooster2,minutes,Hard_Level_Offer1,purchase,purchase,448,2,0.45,40,,,0.09,20.0
2026-08-02,Control,ul_pre_booster,UnlimitedBooster2,minutes,event_progress,reward_event,meta,448,1,0.22,15,,,0.03,15.0
2026-08-02,Control,ul_pre_booster,UnlimitedBooster3,minutes,great_offer1_299,purchase,purchase,448,1,0.22,360,,,0.8,360.0
2026-08-02,Control,ul_pre_booster,UnlimitedBooster3,minutes,river_rush,reward_event,meta,448,14,3.13,315,,,0.7,22.5
2026-08-02,Control,ul_pre_booster,UnlimitedBooster3,minutes,daily_reward,daily_reward,core,448,7,1.56,210,,,0.47,30.0
2026-08-02,Control,ul_pre_booster,UnlimitedBooster3,minutes,dream_pass_event,reward_event,meta,448,3,0.67,50,,,0.11,16.67
2026-08-02,Control,ul_pre_booster,UnlimitedBooster3,minutes,Hard_Level_Offer1,purchase,purchase,448,2,0.45,40,,,0.09,20.0
2026-08-02,Control,ul_pre_booster,UnlimitedBooster3,minutes,Hard_level_offer1_tier3,purchase,purchase,448,2,0.45,40,,,0.09,20.0
2026-08-02,Control,unlimited_lives,UnlimitedLives,minutes,saga_progression,chapter_complete,core,448,433,96.65,80280,,,179.2,185.4
2026-08-02,Control,unlimited_lives,UnlimitedLives,minutes,player_level_up,reward_chest,core,448,386,86.16,46290,,,103.33,119.92
2026-08-02,Control,unlimited_lives,UnlimitedLives,minutes,FlockRush,event_reward,meta,448,355,79.24,21460,,,47.9,60.45
2026-08-02,Control,unlimited_lives,UnlimitedLives,minutes,dream_pass_event,reward_event,meta,448,165,36.83,13380,,,29.87,81.09
2026-08-02,Control,unlimited_lives,UnlimitedLives,minutes,Hatchling Hideaway,event_reward,meta,448,127,28.35,10500,,,23.44,82.68
2026-08-02,Control,unlimited_lives,UnlimitedLives,minutes,daily_reward,daily_reward,core,448,150,33.48,5705,,,12.73,38.03
2026-08-02,Control,unlimited_lives,UnlimitedLives,minutes,kite_festival_event,reward_event,meta,448,86,19.2,2690,,,6.0,31.28
2026-08-02,Control,unlimited_lives,UnlimitedLives,minutes,river_rush,reward_event,meta,448,28,6.25,1545,,,3.45,55.18
2026-08-02,Control,unlimited_lives,UnlimitedLives,minutes,reward_chest,reward_chest,other,448,27,6.03,810,,,1.81,30.0
2026-08-02,Control,unlimited_lives,UnlimitedLives,minutes,ad_chest,ad_chest,ads,448,51,11.38,755,,,1.69,14.8
2026-08-02,Control,unlimited_lives,UnlimitedLives,minutes,offer_free_items,rolling_offer,meta,448,12,2.68,655,,,1.46,54.58
2026-08-02,Control,unlimited_lives,UnlimitedLives,minutes,great_offer1_299,purchase,purchase,448,1,0.22,360,,,0.8,360.0
2026-08-02,Control,unlimited_lives,UnlimitedLives,minutes,rolling_offer_p049_tier3,purchase,purchase,448,4,0.89,180,,,0.4,45.0
2026-08-02,Control,unlimited_lives,UnlimitedLives,minutes,event_progress,reward_event,meta,448,1,0.22,90,,,0.2,90.0
2026-08-02,Control,unlimited_lives,UnlimitedLives,minutes,rolling_offer_p349_tier3,purchase,purchase,448,1,0.22,60,,,0.13,60.0
2026-08-02,Control,unlimited_lives,UnlimitedLives,minutes,rolling_offer_p099_VarA,purchase,purchase,448,1,0.22,45,,,0.1,45.0
2026-08-02,Control,unlimited_lives,UnlimitedLives,minutes,rolling_offer_tier1_p499_VarA,purchase,purchase,448,1,0.22,40,,,0.09,40.0
2026-08-02,Control,unlimited_lives,UnlimitedLives,minutes,Hard_Level_Offer1,purchase,purchase,448,2,0.45,40,,,0.09,20.0
2026-08-02,Control,unlimited_lives,UnlimitedLives,minutes,Hard_level_offer1_tier3,purchase,purchase,448,2,0.45,40,,,0.09,20.0
2026-08-02,Control,unlimited_lives,UnlimitedLives,minutes,rolling_offer_tier1_p299_tier3,purchase,purchase,448,1,0.22,30,,,0.07,30.0
2026-08-02,Control,unlimited_lives,UnlimitedLives,minutes,season_pass_event,reward_event,meta,448,1,0.22,30,,,0.07,30.0
2026-08-02,Variant,Avatar,Avatar,items,saga_progression,chapter_complete,core,442,253,57.24,886,,,2.0,3.5
2026-08-02,Variant,Avatar,Avatar,items,single_collection,reward_event,meta,442,1,0.23,1,,,0.0,1.0
2026-08-02,Variant,currency,HardCoin,coins,player_level_up,reward_chest,core,442,407,92.08,76170,76170,0,172.33,187.15
2026-08-02,Variant,currency,HardCoin,coins,saga_progression,chapter_complete,core,442,431,97.51,34175,34175,0,77.32,79.29
2026-08-02,Variant,currency,HardCoin,coins,dreamheist_event,reward_event,meta,442,284,64.25,31505,31505,0,71.28,110.93
2026-08-02,Variant,currency,HardCoin,coins,ArcheryArena,reward_event,meta,442,251,56.79,20475,20475,0,46.32,81.57
2026-08-02,Variant,currency,HardCoin,coins,race_event,reward_event,meta,442,290,65.61,10775,10775,0,24.38,37.16
2026-08-02,Variant,currency,HardCoin,coins,bomb_ballet_event,reward_event,meta,442,240,54.3,9975,9975,0,22.57,41.56
2026-08-02,Variant,currency,HardCoin,coins,dream_pass_event,reward_event,meta,442,167,37.78,7805,7805,0,17.66,46.74
2026-08-02,Variant,currency,HardCoin,coins,daily_reward,daily_reward,core,442,256,57.92,5705,5705,0,12.91,22.29
2026-08-02,Variant,currency,HardCoin,coins,bundle_3_with_prelevel_boosters_tier3,purchase,purchase,442,2,0.45,5000,0,5000,11.31,2500.0
2026-08-02,Variant,currency,HardCoin,coins,reward_chest,reward_chest,other,442,29,6.56,4275,4275,0,9.67,147.41
2026-08-02,Variant,currency,HardCoin,coins,facebook_like,facebook_like,other,442,25,5.66,3000,3000,0,6.79,120.0
2026-08-02,Variant,currency,HardCoin,coins,ad_chest,ad_chest,ads,442,87,19.68,2155,2155,0,4.88,24.77
2026-08-02,Variant,currency,HardCoin,coins,xs_coins2,purchase,purchase,442,5,1.13,1800,0,1800,4.07,360.0
2026-08-02,Variant,currency,HardCoin,coins,bundle_1_with_prelevel_boosters_tier3,purchase,purchase,442,6,1.36,1400,0,1400,3.17,233.33
2026-08-02,Variant,currency,HardCoin,coins,rolling_offer_tier1_p799_tier3,purchase,purchase,442,1,0.23,1100,0,1100,2.49,1100.0
2026-08-02,Variant,currency,HardCoin,coins,heart_gift,heart_gift,other,442,95,21.49,1024,1024,0,2.32,10.78
2026-08-02,Variant,currency,HardCoin,coins,bundle_2_with_prelevel_boosters2,purchase,purchase,442,1,0.23,1000,0,1000,2.26,1000.0
2026-08-02,Variant,currency,HardCoin,coins,special_offer11_tier3,purchase,purchase,442,1,0.23,1000,0,1000,2.26,1000.0
2026-08-02,Variant,currency,HardCoin,coins,special_offer1_tier3,purchase,purchase,442,3,0.68,900,0,900,2.04,300.0
2026-08-02,Variant,currency,HardCoin,coins,xs_coins_tier3,purchase,purchase,442,2,0.45,750,0,750,1.7,375.0
2026-08-02,Variant,currency,HardCoin,coins,single_collection,reward_event,meta,442,2,0.45,700,700,0,1.58,350.0
2026-08-02,Variant,currency,HardCoin,coins,rolling_offer_p349_tier3,purchase,purchase,442,1,0.23,550,0,550,1.24,550.0
2026-08-02,Variant,currency,HardCoin,coins,bundle_2_with_prelevel_boosters_tier3,purchase,purchase,442,1,0.23,500,0,500,1.13,500.0
2026-08-02,Variant,currency,HardCoin,coins,bundle_2_with_prelevel_boosters,purchase,purchase,442,1,0.23,500,0,500,1.13,500.0
2026-08-02,Variant,currency,HardCoin,coins,s_coins2,purchase,purchase,442,1,0.23,500,0,500,1.13,500.0
2026-08-02,Variant,currency,HardCoin,coins,rolling_offer_tier1_p299_tier3,purchase,purchase,442,1,0.23,400,0,400,0.9,400.0
2026-08-02,Variant,currency,HardCoin,coins,rolling_offer_tier1_p199_tier3,purchase,purchase,442,2,0.45,400,0,400,0.9,200.0
2026-08-02,Variant,currency,HardCoin,coins,offer_free_items,rolling_offer,meta,442,3,0.68,350,350,0,0.79,116.67
2026-08-02,Variant,currency,HardCoin,coins,special_offer1,purchase,purchase,442,1,0.23,300,0,300,0.68,300.0
2026-08-02,Variant,currency,HardCoin,coins,rolling_offer_tier1_p499_VarA,purchase,purchase,442,1,0.23,300,0,300,0.68,300.0
2026-08-02,Variant,currency,HardCoin,coins,rolling_offer_p049_tier3,purchase,purchase,442,2,0.45,300,0,300,0.68,150.0
2026-08-02,Variant,currency,HardCoin,coins,bomb_event,reward_event,meta,442,2,0.45,300,300,0,0.68,150.0
2026-08-02,Variant,currency,HardCoin,coins,special_offer10,purchase,purchase,442,1,0.23,300,0,300,0.68,300.0
2026-08-02,Variant,currency,HardCoin,coins,red_event,reward_event,meta,442,2,0.45,300,300,0,0.68,150.0
2026-08-02,Variant,currency,HardCoin,coins,river_rush,reward_event,meta,442,2,0.45,270,270,0,0.61,135.0
2026-08-02,Variant,currency,HardCoin,coins,team_versus_contribution,reward_event,meta,442,3,0.68,210,210,0,0.48,70.0
2026-08-02,Variant,currency,HardCoin,coins,Hard_level_offer1_tier3,purchase,purchase,442,2,0.45,200,0,200,0.45,100.0
2026-08-02,Variant,currency,HardCoin,coins,team_versus,reward_event,meta,442,2,0.45,200,200,0,0.45,100.0
2026-08-02,Variant,currency,HardCoin,coins,Hard_Level_Offer1,purchase,purchase,442,2,0.45,200,0,200,0.45,100.0
2026-08-02,Variant,currency,HardCoin,coins,bundle_1_with_prelevel_boosters,purchase,purchase,442,1,0.23,200,0,200,0.45,200.0
2026-08-02,Variant,currency,HardCoin,coins,Hatchling Hideaway,event_reward,meta,442,4,0.9,165,165,0,0.37,41.25
2026-08-02,Variant,currency,HardCoin,coins,team_collection,reward_event,meta,442,2,0.45,110,110,0,0.25,55.0
2026-08-02,Variant,currency,HardCoin,coins,great_offer1_199_tier3,purchase,purchase,442,1,0.23,100,0,100,0.23,100.0
2026-08-02,Variant,currency,HardCoin,coins,season_pass_event,reward_event,meta,442,2,0.45,40,40,0,0.09,20.0
2026-08-02,Variant,currency,HardCoin,coins,Jigsaw,reward_event,meta,442,1,0.23,25,25,0,0.06,25.0
2026-08-02,Variant,dream_pass_tokens,DreamPassToken,items,race_event,reward_event,meta,442,351,79.41,18385,,,41.6,52.38
2026-08-02,Variant,dream_pass_tokens,DreamPassToken,items,offer_free_items,rolling_offer,meta,442,115,26.02,5620,,,12.71,48.87
2026-08-02,Variant,dream_pass_tokens,DreamPassToken,items,FlockRush,event_reward,meta,442,2,0.45,40,,,0.09,20.0
2026-08-02,Variant,dream_pass_tokens,DreamPassToken,items,river_rush,reward_event,meta,442,1,0.23,30,,,0.07,30.0
2026-08-02,Variant,life,life,items,ask_for_lives,ask_for_lives,other,442,23,5.2,128,,,0.29,5.57
2026-08-02,Variant,life,life,items,ad_life,ad_life,ads,442,31,7.01,55,,,0.12,1.77
2026-08-02,Variant,life,liferefill,items,coin_purchase,coin_purchase,other,442,16,3.62,305,,,0.69,19.06
2026-08-02,Variant,orb,Reds_Greatest_Challenge,items,dream_pass_event,reward_event,meta,442,22,4.98,22,,,0.05,1.0
2026-08-02,Variant,powerup,powerup_1,items,player_level_up,reward_chest,core,442,234,52.94,247,,,0.56,1.06
2026-08-02,Variant,powerup,powerup_1,items,ArcheryArena,reward_event,meta,442,163,36.88,169,,,0.38,1.04
2026-08-02,Variant,powerup,powerup_1,items,race_event,reward_event,meta,442,157,35.52,164,,,0.37,1.04
2026-08-02,Variant,powerup,powerup_1,items,bomb_ballet_event,reward_event,meta,442,83,18.78,84,,,0.19,1.01
2026-08-02,Variant,powerup,powerup_1,items,reward_chest,reward_chest,other,442,29,6.56,35,,,0.08,1.21
2026-08-02,Variant,powerup,powerup_1,items,dreamheist_event,reward_event,meta,442,32,7.24,33,,,0.07,1.03
2026-08-02,Variant,powerup,powerup_1,items,ad_chest,ad_chest,ads,442,24,5.43,25,,,0.06,1.04
2026-08-02,Variant,powerup,powerup_1,items,dream_pass_event,reward_event,meta,442,5,1.13,17,,,0.04,3.4
2026-08-02,Variant,powerup,powerup_1,items,bundle_3_with_prelevel_boosters_tier3,purchase,purchase,442,2,0.45,10,,,0.02,5.0
2026-08-02,Variant,powerup,powerup_1,items,bundle_1_with_prelevel_boosters_tier3,purchase,purchase,442,6,1.36,7,,,0.02,1.17
2026-08-02,Variant,powerup,powerup_1,items,saga_progression,chapter_complete,core,442,5,1.13,6,,,0.01,1.2
2026-08-02,Variant,powerup,powerup_1,items,ingame,purchase,purchase,442,2,0.45,6,,,0.01,3.0
2026-08-02,Variant,powerup,powerup_1,items,bundle_2_with_prelevel_boosters2,purchase,purchase,442,1,0.23,4,,,0.01,4.0
2026-08-02,Variant,powerup,powerup_1,items,river_rush,reward_event,meta,442,2,0.45,4,,,0.01,2.0
2026-08-02,Variant,powerup,powerup_1,items,special_offer11_tier3,purchase,purchase,442,1,0.23,3,,,0.01,3.0
2026-08-02,Variant,powerup,powerup_1,items,offer_free_items,rolling_offer,meta,442,3,0.68,3,,,0.01,1.0
2026-08-02,Variant,powerup,powerup_1,items,daily_reward,daily_reward,core,442,2,0.45,3,,,0.01,1.5
2026-08-02,Variant,powerup,powerup_1,items,team_versus,reward_event,meta,442,3,0.68,3,,,0.01,1.0
2026-08-02,Variant,powerup,powerup_1,items,team_versus_contribution,reward_event,meta,442,3,0.68,3,,,0.01,1.0
2026-08-02,Variant,powerup,powerup_1,items,rolling_offer_p049_tier3,purchase,purchase,442,2,0.45,2,,,0.0,1.0
2026-08-02,Variant,powerup,powerup_1,items,rolling_offer_tier1_p199_tier3,purchase,purchase,442,2,0.45,2,,,0.0,1.0
2026-08-02,Variant,powerup,powerup_1,items,Hatchling Hideaway,event_reward,meta,442,2,0.45,2,,,0.0,1.0
2026-08-02,Variant,powerup,powerup_1,items,rolling_offer_p349_tier3,purchase,purchase,442,1,0.23,1,,,0.0,1.0
2026-08-02,Variant,powerup,powerup_1,items,rolling_offer_tier1_p799_tier3,purchase,purchase,442,1,0.23,1,,,0.0,1.0
2026-08-02,Variant,powerup,powerup_1,items,rolling_offer_tier1_p299_tier3,purchase,purchase,442,1,0.23,1,,,0.0,1.0
2026-08-02,Variant,powerup,powerup_1,items,special_offer10,purchase,purchase,442,1,0.23,1,,,0.0,1.0
2026-08-02,Variant,powerup,powerup_1,items,bomb_event,reward_event,meta,442,1,0.23,1,,,0.0,1.0
2026-08-02,Variant,powerup,powerup_1,items,bundle_1_with_prelevel_boosters,purchase,purchase,442,1,0.23,1,,,0.0,1.0
2026-08-02,Variant,powerup,powerup_1,items,bundle_2_with_prelevel_boosters,purchase,purchase,442,1,0.23,1,,,0.0,1.0
2026-08-02,Variant,powerup,powerup_1,items,bundle_2_with_prelevel_boosters_tier3,purchase,purchase,442,1,0.23,1,,,0.0,1.0
2026-08-02,Variant,powerup,powerup_1,items,single_collection,reward_event,meta,442,1,0.23,1,,,0.0,1.0
2026-08-02,Variant,powerup,powerup_1,items,rolling_offer_tier1_p499_VarA,purchase,purchase,442,1,0.23,1,,,0.0,1.0
2026-08-02,Variant,powerup,powerup_2,items,player_level_up,reward_chest,core,442,313,70.81,702,,,1.59,2.24
2026-08-02,Variant,powerup,powerup_2,items,saga_progression,chapter_complete,core,442,376,85.07,561,,,1.27,1.49
2026-08-02,Variant,powerup,powerup_2,items,dreamheist_event,reward_event,meta,442,203,45.93,213,,,0.48,1.05
2026-08-02,Variant,powerup,powerup_2,items,bomb_ballet_event,reward_event,meta,442,108,24.43,112,,,0.25,1.04
2026-08-02,Variant,powerup,powerup_2,items,daily_reward,daily_reward,core,442,64,14.48,67,,,0.15,1.05
2026-08-02,Variant,powerup,powerup_2,items,ingame,purchase,purchase,442,8,1.81,57,,,0.13,7.13
2026-08-02,Variant,powerup,powerup_2,items,ad_chest,ad_chest,ads,442,42,9.5,56,,,0.13,1.33
2026-08-02,Variant,powerup,powerup_2,items,race_event,reward_event,meta,442,46,10.41,47,,,0.11,1.02
2026-08-02,Variant,powerup,powerup_2,items,reward_chest,reward_chest,other,442,29,6.56,45,,,0.1,1.55
2026-08-02,Variant,powerup,powerup_2,items,dream_pass_event,reward_event,meta,442,27,6.11,44,,,0.1,1.63
2026-08-02,Variant,powerup,powerup_2,items,ArcheryArena,reward_event,meta,442,34,7.69,36,,,0.08,1.06
2026-08-02,Variant,powerup,powerup_2,items,offer_free_items,rolling_offer,meta,442,5,1.13,10,,,0.02,2.0
2026-08-02,Variant,powerup,powerup_2,items,bundle_3_with_prelevel_boosters_tier3,purchase,purchase,442,2,0.45,10,,,0.02,5.0
2026-08-02,Variant,powerup,powerup_2,items,bundle_1_with_prelevel_boosters_tier3,purchase,purchase,442,6,1.36,7,,,0.02,1.17
2026-08-02,Variant,powerup,powerup_2,items,FlockRush,event_reward,meta,442,3,0.68,4,,,0.01,1.33
2026-08-02,Variant,powerup,powerup_2,items,bundle_2_with_prelevel_boosters2,purchase,purchase,442,1,0.23,4,,,0.01,4.0
2026-08-02,Variant,powerup,powerup_2,items,special_offer11_tier3,purchase,purchase,442,1,0.23,3,,,0.01,3.0
2026-08-02,Variant,powerup,powerup_2,items,special_offer10,purchase,purchase,442,1,0.23,3,,,0.01,3.0
2026-08-02,Variant,powerup,powerup_2,items,Hatchling Hideaway,event_reward,meta,442,3,0.68,3,,,0.01,1.0
2026-08-02,Variant,powerup,powerup_2,items,red_event,reward_event,meta,442,1,0.23,2,,,0.0,2.0
2026-08-02,Variant,powerup,powerup_2,items,rolling_offer_tier1_p199_tier3,purchase,purchase,442,2,0.45,2,,,0.0,1.0
2026-08-02,Variant,powerup,powerup_2,items,river_rush,reward_event,meta,442,2,0.45,2,,,0.0,1.0
2026-08-02,Variant,powerup,powerup_2,items,rolling_offer_tier1_p799_tier3,purchase,purchase,442,1,0.23,2,,,0.0,2.0
2026-08-02,Variant,powerup,powerup_2,items,kite_festival_event,reward_event,meta,442,1,0.23,1,,,0.0,1.0
2026-08-02,Variant,powerup,powerup_2,items,bomb_event,reward_event,meta,442,1,0.23,1,,,0.0,1.0
2026-08-02,Variant,powerup,powerup_2,items,bundle_2_with_prelevel_boosters,purchase,purchase,442,1,0.23,1,,,0.0,1.0
2026-08-02,Variant,powerup,powerup_2,items,team_collection,reward_event,meta,442,1,0.23,1,,,0.0,1.0
2026-08-02,Variant,powerup,powerup_2,items,rolling_offer_tier1_p499_VarA,purchase,purchase,442,1,0.23,1,,,0.0,1.0
2026-08-02,Variant,powerup,powerup_2,items,team_versus,reward_event,meta,442,1,0.23,1,,,0.0,1.0
2026-08-02,Variant,powerup,powerup_2,items,bundle_1_with_prelevel_boosters,purchase,purchase,442,1,0.23,1,,,0.0,1.0
2026-08-02,Variant,powerup,powerup_2,items,bundle_2_with_prelevel_boosters_tier3,purchase,purchase,442,1,0.23,1,,,0.0,1.0
2026-08-02,Variant,powerup,powerup_2,items,rolling_offer_tier1_p299_tier3,purchase,purchase,442,1,0.23,1,,,0.0,1.0
2026-08-02,Variant,powerup,powerup_2,items,rolling_offer_p349_tier3,purchase,purchase,442,1,0.23,1,,,0.0,1.0
2026-08-02,Variant,powerup,powerup_3,items,player_level_up,reward_chest,core,442,348,78.73,752,,,1.7,2.16
2026-08-02,Variant,powerup,powerup_3,items,saga_progression,chapter_complete,core,442,382,86.43,536,,,1.21,1.4
2026-08-02,Variant,powerup,powerup_3,items,dream_pass_event,reward_event,meta,442,103,23.3,132,,,0.3,1.28
2026-08-02,Variant,powerup,powerup_3,items,bomb_ballet_event,reward_event,meta,442,84,19.0,84,,,0.19,1.0
2026-08-02,Variant,powerup,powerup_3,items,race_event,reward_event,meta,442,75,16.97,78,,,0.18,1.04
2026-08-02,Variant,powerup,powerup_3,items,facebook_like,facebook_like,other,442,25,5.66,60,,,0.14,2.4
2026-08-02,Variant,powerup,powerup_3,items,ArcheryArena,reward_event,meta,442,53,11.99,54,,,0.12,1.02
2026-08-02,Variant,powerup,powerup_3,items,reward_chest,reward_chest,other,442,29,6.56,51,,,0.12,1.76
2026-08-02,Variant,powerup,powerup_3,items,daily_reward,daily_reward,core,442,41,9.28,42,,,0.1,1.02
2026-08-02,Variant,powerup,powerup_3,items,ad_chest,ad_chest,ads,442,32,7.24,42,,,0.1,1.31
2026-08-02,Variant,powerup,powerup_3,items,bundle_3_with_prelevel_boosters_tier3,purchase,purchase,442,2,0.45,10,,,0.02,5.0
2026-08-02,Variant,powerup,powerup_3,items,ingame,purchase,purchase,442,3,0.68,9,,,0.02,3.0
2026-08-02,Variant,powerup,powerup_3,items,offer_free_items,rolling_offer,meta,442,4,0.9,7,,,0.02,1.75
2026-08-02,Variant,powerup,powerup_3,items,bundle_1_with_prelevel_boosters_tier3,purchase,purchase,442,6,1.36,7,,,0.02,1.17
2026-08-02,Variant,powerup,powerup_3,items,bundle_2_with_prelevel_boosters2,purchase,purchase,442,1,0.23,4,,,0.01,4.0
2026-08-02,Variant,powerup,powerup_3,items,Hatchling Hideaway,event_reward,meta,442,4,0.9,4,,,0.01,1.0
2026-08-02,Variant,powerup,powerup_3,items,special_offer11_tier3,purchase,purchase,442,1,0.23,3,,,0.01,3.0
2026-08-02,Variant,powerup,powerup_3,items,special_offer10,purchase,purchase,442,1,0.23,3,,,0.01,3.0
2026-08-02,Variant,powerup,powerup_3,items,red_event,reward_event,meta,442,2,0.45,3,,,0.01,1.5
2026-08-02,Variant,powerup,powerup_3,items,rolling_offer_tier1_p199_tier3,purchase,purchase,442,2,0.45,2,,,0.0,1.0
2026-08-02,Variant,powerup,powerup_3,items,rolling_offer_tier1_p799_tier3,purchase,purchase,442,1,0.23,2,,,0.0,2.0
2026-08-02,Variant,powerup,powerup_3,items,team_collection,reward_event,meta,442,1,0.23,2,,,0.0,2.0
2026-08-02,Variant,powerup,powerup_3,items,team_versus,reward_event,meta,442,2,0.45,2,,,0.0,1.0
2026-08-02,Variant,powerup,powerup_3,items,bundle_2_with_prelevel_boosters_tier3,purchase,purchase,442,1,0.23,1,,,0.0,1.0
2026-08-02,Variant,powerup,powerup_3,items,bomb_event,reward_event,meta,442,1,0.23,1,,,0.0,1.0
2026-08-02,Variant,powerup,powerup_3,items,rolling_offer_p349_tier3,purchase,purchase,442,1,0.23,1,,,0.0,1.0
2026-08-02,Variant,powerup,powerup_3,items,bundle_1_with_prelevel_boosters,purchase,purchase,442,1,0.23,1,,,0.0,1.0
2026-08-02,Variant,powerup,powerup_3,items,rolling_offer_tier1_p299_tier3,purchase,purchase,442,1,0.23,1,,,0.0,1.0
2026-08-02,Variant,powerup,powerup_3,items,single_collection,reward_event,meta,442,1,0.23,1,,,0.0,1.0
2026-08-02,Variant,powerup,powerup_3,items,season_pass_event,reward_event,meta,442,1,0.23,1,,,0.0,1.0
2026-08-02,Variant,powerup,powerup_3,items,bundle_2_with_prelevel_boosters,purchase,purchase,442,1,0.23,1,,,0.0,1.0
2026-08-02,Variant,powerup,powerup_3,items,rolling_offer_tier1_p499_VarA,purchase,purchase,442,1,0.23,1,,,0.0,1.0
2026-08-02,Variant,pre_level_booster,pre_level_booster_1,items,saga_progression,chapter_complete,core,442,384,86.88,616,,,1.39,1.6
2026-08-02,Variant,pre_level_booster,pre_level_booster_1,items,dream_pass_event,reward_event,meta,442,142,32.13,364,,,0.82,2.56
2026-08-02,Variant,pre_level_booster,pre_level_booster_1,items,player_level_up,reward_chest,core,442,238,53.85,257,,,0.58,1.08
2026-08-02,Variant,pre_level_booster,pre_level_booster_1,items,dreamheist_event,reward_event,meta,442,224,50.68,233,,,0.53,1.04
2026-08-02,Variant,pre_level_booster,pre_level_booster_1,items,offer_free_items,rolling_offer,meta,442,129,29.19,131,,,0.3,1.02
2026-08-02,Variant,pre_level_booster,pre_level_booster_1,items,bomb_ballet_event,reward_event,meta,442,124,28.05,126,,,0.29,1.02
2026-08-02,Variant,pre_level_booster,pre_level_booster_1,items,reward_chest,reward_chest,other,442,28,6.33,29,,,0.07,1.04
2026-08-02,Variant,pre_level_booster,pre_level_booster_1,items,ArcheryArena,reward_event,meta,442,14,3.17,14,,,0.03,1.0
2026-08-02,Variant,pre_level_booster,pre_level_booster_1,items,bundle_3_with_prelevel_boosters_tier3,purchase,purchase,442,2,0.45,10,,,0.02,5.0
2026-08-02,Variant,pre_level_booster,pre_level_booster_1,items,race_event,reward_event,meta,442,7,1.58,7,,,0.02,1.0
2026-08-02,Variant,pre_level_booster,pre_level_booster_1,items,bundle_1_with_prelevel_boosters_tier3,purchase,purchase,442,6,1.36,7,,,0.02,1.17
2026-08-02,Variant,pre_level_booster,pre_level_booster_1,items,Hatchling Hideaway,event_reward,meta,442,5,1.13,6,,,0.01,1.2
2026-08-02,Variant,pre_level_booster,pre_level_booster_1,items,bundle_2_with_prelevel_boosters2,purchase,purchase,442,1,0.23,4,,,0.01,4.0
2026-08-02,Variant,pre_level_booster,pre_level_booster_1,items,FlockRush,event_reward,meta,442,3,0.68,4,,,0.01,1.33
2026-08-02,Variant,pre_level_booster,pre_level_booster_1,items,rolling_offer_tier1_p199_tier3,purchase,purchase,442,2,0.45,2,,,0.0,1.0
2026-08-02,Variant,pre_level_booster,pre_level_booster_1,items,season_pass_event,reward_event,meta,442,1,0.23,2,,,0.0,2.0
2026-08-02,Variant,pre_level_booster,pre_level_booster_1,items,river_rush,reward_event,meta,442,1,0.23,2,,,0.0,2.0
2026-08-02,Variant,pre_level_booster,pre_level_booster_1,items,bundle_1_with_prelevel_boosters,purchase,purchase,442,1,0.23,1,,,0.0,1.0
2026-08-02,Variant,pre_level_booster,pre_level_booster_1,items,rolling_offer_tier1_p299_tier3,purchase,purchase,442,1,0.23,1,,,0.0,1.0
2026-08-02,Variant,pre_level_booster,pre_level_booster_1,items,ad_chest,ad_chest,ads,442,1,0.23,1,,,0.0,1.0
2026-08-02,Variant,pre_level_booster,pre_level_booster_1,items,bundle_2_with_prelevel_boosters_tier3,purchase,purchase,442,1,0.23,1,,,0.0,1.0
2026-08-02,Variant,pre_level_booster,pre_level_booster_1,items,bundle_2_with_prelevel_boosters,purchase,purchase,442,1,0.23,1,,,0.0,1.0
2026-08-02,Variant,pre_level_booster,pre_level_booster_1,items,Jigsaw,reward_event,meta,442,1,0.23,1,,,0.0,1.0
2026-08-02,Variant,pre_level_booster,pre_level_booster_1,items,rolling_offer_p349_tier3,purchase,purchase,442,1,0.23,1,,,0.0,1.0
2026-08-02,Variant,pre_level_booster,pre_level_booster_1,items,rolling_offer_tier1_p799_tier3,purchase,purchase,442,1,0.23,1,,,0.0,1.0
2026-08-02,Variant,pre_level_booster,pre_level_booster_2,items,player_level_up,reward_chest,core,442,216,48.87,608,,,1.38,2.81
2026-08-02,Variant,pre_level_booster,pre_level_booster_2,items,saga_progression,chapter_complete,core,442,376,85.07,556,,,1.26,1.48
2026-08-02,Variant,pre_level_booster,pre_level_booster_2,items,dream_pass_event,reward_event,meta,442,151,34.16,360,,,0.81,2.38
2026-08-02,Variant,pre_level_booster,pre_level_booster_2,items,dreamheist_event,reward_event,meta,442,171,38.69,180,,,0.41,1.05
2026-08-02,Variant,pre_level_booster,pre_level_booster_2,items,bomb_ballet_event,reward_event,meta,442,128,28.96,130,,,0.29,1.02
2026-08-02,Variant,pre_level_booster,pre_level_booster_2,items,offer_free_items,rolling_offer,meta,442,124,28.05,125,,,0.28,1.01
2026-08-02,Variant,pre_level_booster,pre_level_booster_2,items,reward_chest,reward_chest,other,442,28,6.33,29,,,0.07,1.04
2026-08-02,Variant,pre_level_booster,pre_level_booster_2,items,race_event,reward_event,meta,442,19,4.3,19,,,0.04,1.0
2026-08-02,Variant,pre_level_booster,pre_level_booster_2,items,ArcheryArena,reward_event,meta,442,12,2.71,12,,,0.03,1.0
2026-08-02,Variant,pre_level_booster,pre_level_booster_2,items,bundle_3_with_prelevel_boosters_tier3,purchase,purchase,442,2,0.45,10,,,0.02,5.0
2026-08-02,Variant,pre_level_booster,pre_level_booster_2,items,bundle_1_with_prelevel_boosters_tier3,purchase,purchase,442,6,1.36,7,,,0.02,1.17
2026-08-02,Variant,pre_level_booster,pre_level_booster_2,items,ingame,purchase,purchase,442,1,0.23,6,,,0.01,6.0
2026-08-02,Variant,pre_level_booster,pre_level_booster_2,items,Hatchling Hideaway,event_reward,meta,442,4,0.9,5,,,0.01,1.25
2026-08-02,Variant,pre_level_booster,pre_level_booster_2,items,FlockRush,event_reward,meta,442,3,0.68,4,,,0.01,1.33
2026-08-02,Variant,pre_level_booster,pre_level_booster_2,items,bundle_2_with_prelevel_boosters2,purchase,purchase,442,1,0.23,4,,,0.01,4.0
2026-08-02,Variant,pre_level_booster,pre_level_booster_2,items,river_rush,reward_event,meta,442,1,0.23,2,,,0.0,2.0
2026-08-02,Variant,pre_level_booster,pre_level_booster_2,items,Jigsaw,reward_event,meta,442,2,0.45,2,,,0.0,1.0
2026-08-02,Variant,pre_level_booster,pre_level_booster_2,items,rolling_offer_tier1_p199_tier3,purchase,purchase,442,2,0.45,2,,,0.0,1.0
2026-08-02,Variant,pre_level_booster,pre_level_booster_2,items,season_pass_event,reward_event,meta,442,1,0.23,2,,,0.0,2.0
2026-08-02,Variant,pre_level_booster,pre_level_booster_2,items,rolling_offer_tier1_p799_tier3,purchase,purchase,442,1,0.23,1,,,0.0,1.0
2026-08-02,Variant,pre_level_booster,pre_level_booster_2,items,bundle_2_with_prelevel_boosters_tier3,purchase,purchase,442,1,0.23,1,,,0.0,1.0
2026-08-02,Variant,pre_level_booster,pre_level_booster_2,items,bundle_1_with_prelevel_boosters,purchase,purchase,442,1,0.23,1,,,0.0,1.0
2026-08-02,Variant,pre_level_booster,pre_level_booster_2,items,rolling_offer_tier1_p299_tier3,purchase,purchase,442,1,0.23,1,,,0.0,1.0
2026-08-02,Variant,pre_level_booster,pre_level_booster_2,items,bundle_2_with_prelevel_boosters,purchase,purchase,442,1,0.23,1,,,0.0,1.0
2026-08-02,Variant,pre_level_booster,pre_level_booster_2,items,rolling_offer_p349_tier3,purchase,purchase,442,1,0.23,1,,,0.0,1.0
2026-08-02,Variant,pre_level_booster,pre_level_booster_2,items,ad_chest,ad_chest,ads,442,1,0.23,1,,,0.0,1.0
2026-08-02,Variant,pre_level_booster,pre_level_booster_3,items,saga_progression,chapter_complete,core,442,379,85.75,520,,,1.18,1.37
2026-08-02,Variant,pre_level_booster,pre_level_booster_3,items,player_level_up,reward_chest,core,442,221,50.0,473,,,1.07,2.14
2026-08-02,Variant,pre_level_booster,pre_level_booster_3,items,offer_free_items,rolling_offer,meta,442,121,27.38,122,,,0.28,1.01
2026-08-02,Variant,pre_level_booster,pre_level_booster_3,items,dream_pass_event,reward_event,meta,442,74,16.74,105,,,0.24,1.42
2026-08-02,Variant,pre_level_booster,pre_level_booster_3,items,bomb_ballet_event,reward_event,meta,442,83,18.78,84,,,0.19,1.01
2026-08-02,Variant,pre_level_booster,pre_level_booster_3,items,race_event,reward_event,meta,442,59,13.35,60,,,0.14,1.02
2026-08-02,Variant,pre_level_booster,pre_level_booster_3,items,ArcheryArena,reward_event,meta,442,35,7.92,35,,,0.08,1.0
2026-08-02,Variant,pre_level_booster,pre_level_booster_3,items,reward_chest,reward_chest,other,442,28,6.33,29,,,0.07,1.04
2026-08-02,Variant,pre_level_booster,pre_level_booster_3,items,bundle_3_with_prelevel_boosters_tier3,purchase,purchase,442,2,0.45,10,,,0.02,5.0
2026-08-02,Variant,pre_level_booster,pre_level_booster_3,items,bundle_1_with_prelevel_boosters_tier3,purchase,purchase,442,6,1.36,7,,,0.02,1.17
2026-08-02,Variant,pre_level_booster,pre_level_booster_3,items,FlockRush,event_reward,meta,442,3,0.68,4,,,0.01,1.33
2026-08-02,Variant,pre_level_booster,pre_level_booster_3,items,bundle_2_with_prelevel_boosters2,purchase,purchase,442,1,0.23,4,,,0.01,4.0
2026-08-02,Variant,pre_level_booster,pre_level_booster_3,items,Hatchling Hideaway,event_reward,meta,442,4,0.9,4,,,0.01,1.0
2026-08-02,Variant,pre_level_booster,pre_level_booster_3,items,team_versus_contribution,reward_event,meta,442,3,0.68,3,,,0.01,1.0
2026-08-02,Variant,pre_level_booster,pre_level_booster_3,items,rolling_offer_tier1_p199_tier3,purchase,purchase,442,2,0.45,2,,,0.0,1.0
2026-08-02,Variant,pre_level_booster,pre_level_booster_3,items,rolling_offer_p349_tier3,purchase,purchase,442,1,0.23,1,,,0.0,1.0
2026-08-02,Variant,pre_level_booster,pre_level_booster_3,items,bundle_2_with_prelevel_boosters,purchase,purchase,442,1,0.23,1,,,0.0,1.0
2026-08-02,Variant,pre_level_booster,pre_level_booster_3,items,rolling_offer_tier1_p799_tier3,purchase,purchase,442,1,0.23,1,,,0.0,1.0
2026-08-02,Variant,pre_level_booster,pre_level_booster_3,items,bundle_2_with_prelevel_boosters_tier3,purchase,purchase,442,1,0.23,1,,,0.0,1.0
2026-08-02,Variant,pre_level_booster,pre_level_booster_3,items,bundle_1_with_prelevel_boosters,purchase,purchase,442,1,0.23,1,,,0.0,1.0
2026-08-02,Variant,pre_level_booster,pre_level_booster_3,items,rolling_offer_tier1_p299_tier3,purchase,purchase,442,1,0.23,1,,,0.0,1.0
2026-08-02,Variant,pre_level_booster,pre_level_booster_3,items,single_collection,reward_event,meta,442,1,0.23,1,,,0.0,1.0
2026-08-02,Variant,season_pass_multiplier_2x,SeasonPassMultiplier2x,minutes,great_offer1_199_tier3,purchase,purchase,442,1,0.23,360,,,0.81,360.0
2026-08-02,Variant,season_pass_tokens,SeasonPassToken,items,season_pass_event,event_reward,meta,442,1,0.23,10,,,0.02,10.0
2026-08-02,Variant,ul_pre_booster,UnlimitedBooster1,minutes,dream_pass_event,reward_event,meta,442,141,31.9,2960,,,6.7,20.99
2026-08-02,Variant,ul_pre_booster,UnlimitedBooster1,minutes,bomb_ballet_event,reward_event,meta,442,168,38.01,2850,,,6.45,16.96
2026-08-02,Variant,ul_pre_booster,UnlimitedBooster1,minutes,daily_reward,daily_reward,core,442,12,2.71,780,,,1.76,65.0
2026-08-02,Variant,ul_pre_booster,UnlimitedBooster1,minutes,great_offer1_199_tier3,purchase,purchase,442,1,0.23,360,,,0.81,360.0
2026-08-02,Variant,ul_pre_booster,UnlimitedBooster1,minutes,Hard_Level_Offer1,purchase,purchase,442,2,0.45,40,,,0.09,20.0
2026-08-02,Variant,ul_pre_booster,UnlimitedBooster1,minutes,Hard_level_offer1_tier3,purchase,purchase,442,2,0.45,40,,,0.09,20.0
2026-08-02,Variant,ul_pre_booster,UnlimitedBooster1,minutes,Hatchling Hideaway,event_reward,meta,442,3,0.68,30,,,0.07,10.0
2026-08-02,Variant,ul_pre_booster,UnlimitedBooster1,minutes,season_pass_event,reward_event,meta,442,1,0.23,20,,,0.05,20.0
2026-08-02,Variant,ul_pre_booster,UnlimitedBooster1,minutes,Jigsaw,reward_event,meta,442,2,0.45,20,,,0.05,10.0
2026-08-02,Variant,ul_pre_booster,UnlimitedBooster1,minutes,river_rush,reward_event,meta,442,1,0.23,20,,,0.05,20.0
2026-08-02,Variant,ul_pre_booster,UnlimitedBooster2,minutes,bomb_ballet_event,reward_event,meta,442,201,45.48,2905,,,6.57,14.45
2026-08-02,Variant,ul_pre_booster,UnlimitedBooster2,minutes,dream_pass_event,reward_event,meta,442,100,22.62,1755,,,3.97,17.55
2026-08-02,Variant,ul_pre_booster,UnlimitedBooster2,minutes,daily_reward,daily_reward,core,442,6,1.36,360,,,0.81,60.0
2026-08-02,Variant,ul_pre_booster,UnlimitedBooster2,minutes,great_offer1_199_tier3,purchase,purchase,442,1,0.23,360,,,0.81,360.0
2026-08-02,Variant,ul_pre_booster,UnlimitedBooster2,minutes,river_rush,reward_event,meta,442,2,0.45,65,,,0.15,32.5
2026-08-02,Variant,ul_pre_booster,UnlimitedBooster2,minutes,Hard_level_offer1_tier3,purchase,purchase,442,2,0.45,40,,,0.09,20.0
2026-08-02,Variant,ul_pre_booster,UnlimitedBooster2,minutes,Hard_Level_Offer1,purchase,purchase,442,2,0.45,40,,,0.09,20.0
2026-08-02,Variant,ul_pre_booster,UnlimitedBooster2,minutes,season_pass_event,reward_event,meta,442,2,0.45,30,,,0.07,15.0
2026-08-02,Variant,ul_pre_booster,UnlimitedBooster2,minutes,Hatchling Hideaway,event_reward,meta,442,2,0.45,20,,,0.05,10.0
2026-08-02,Variant,ul_pre_booster,UnlimitedBooster2,minutes,Jigsaw,reward_event,meta,442,1,0.23,10,,,0.02,10.0
2026-08-02,Variant,ul_pre_booster,UnlimitedBooster3,minutes,bomb_ballet_event,reward_event,meta,442,208,47.06,3015,,,6.82,14.5
2026-08-02,Variant,ul_pre_booster,UnlimitedBooster3,minutes,great_offer1_199_tier3,purchase,purchase,442,1,0.23,360,,,0.81,360.0
2026-08-02,Variant,ul_pre_booster,UnlimitedBooster3,minutes,daily_reward,daily_reward,core,442,8,1.81,240,,,0.54,30.0
2026-08-02,Variant,ul_pre_booster,UnlimitedBooster3,minutes,dream_pass_event,reward_event,meta,442,5,1.13,130,,,0.29,26.0
2026-08-02,Variant,ul_pre_booster,UnlimitedBooster3,minutes,Hard_level_offer1_tier3,purchase,purchase,442,2,0.45,40,,,0.09,20.0
2026-08-02,Variant,ul_pre_booster,UnlimitedBooster3,minutes,Hard_Level_Offer1,purchase,purchase,442,2,0.45,40,,,0.09,20.0
2026-08-02,Variant,ul_pre_booster,UnlimitedBooster3,minutes,river_rush,reward_event,meta,442,1,0.23,20,,,0.05,20.0
2026-08-02,Variant,ul_pre_booster,UnlimitedBooster3,minutes,Jigsaw,reward_event,meta,442,1,0.23,10,,,0.02,10.0
2026-08-02,Variant,unlimited_lives,UnlimitedLives,minutes,saga_progression,chapter_complete,core,442,437,98.87,142220,,,321.76,325.45
2026-08-02,Variant,unlimited_lives,UnlimitedLives,minutes,player_level_up,reward_chest,core,442,371,83.94,44430,,,100.52,119.76
2026-08-02,Variant,unlimited_lives,UnlimitedLives,minutes,bomb_ballet_event,reward_event,meta,442,224,50.68,16440,,,37.19,73.39
2026-08-02,Variant,unlimited_lives,UnlimitedLives,minutes,dream_pass_event,reward_event,meta,442,136,30.77,11535,,,26.1,84.82
2026-08-02,Variant,unlimited_lives,UnlimitedLives,minutes,dreamheist_event,reward_event,meta,442,284,64.25,8950,,,20.25,31.51
2026-08-02,Variant,unlimited_lives,UnlimitedLives,minutes,ArcheryArena,reward_event,meta,442,206,46.61,6390,,,14.46,31.02
2026-08-02,Variant,unlimited_lives,UnlimitedLives,minutes,daily_reward,daily_reward,core,442,163,36.88,6330,,,14.32,38.83
2026-08-02,Variant,unlimited_lives,UnlimitedLives,minutes,kite_festival_event,reward_event,meta,442,111,25.11,3520,,,7.96,31.71
2026-08-02,Variant,unlimited_lives,UnlimitedLives,minutes,offer_free_items,rolling_offer,meta,442,10,2.26,1085,,,2.45,108.5
2026-08-02,Variant,unlimited_lives,UnlimitedLives,minutes,reward_chest,reward_chest,other,442,28,6.33,870,,,1.97,31.07
2026-08-02,Variant,unlimited_lives,UnlimitedLives,minutes,ad_chest,ad_chest,ads,442,50,11.31,755,,,1.71,15.1
2026-08-02,Variant,unlimited_lives,UnlimitedLives,minutes,Hatchling Hideaway,event_reward,meta,442,5,1.13,480,,,1.09,96.0
2026-08-02,Variant,unlimited_lives,UnlimitedLives,minutes,great_offer1_199_tier3,purchase,purchase,442,1,0.23,360,,,0.81,360.0
2026-08-02,Variant,unlimited_lives,UnlimitedLives,minutes,FlockRush,event_reward,meta,442,5,1.13,340,,,0.77,68.0
2026-08-02,Variant,unlimited_lives,UnlimitedLives,minutes,season_pass_event,reward_event,meta,442,3,0.68,210,,,0.48,70.0
2026-08-02,Variant,unlimited_lives,UnlimitedLives,minutes,race_event,reward_event,meta,442,4,0.9,200,,,0.45,50.0
2026-08-02,Variant,unlimited_lives,UnlimitedLives,minutes,rolling_offer_tier1_p799_tier3,purchase,purchase,442,1,0.23,120,,,0.27,120.0
2026-08-02,Variant,unlimited_lives,UnlimitedLives,minutes,rolling_offer_p049_tier3,purchase,purchase,442,2,0.45,90,,,0.2,45.0
2026-08-02,Variant,unlimited_lives,UnlimitedLives,minutes,rolling_offer_p349_tier3,purchase,purchase,442,1,0.23,60,,,0.14,60.0
2026-08-02,Variant,unlimited_lives,UnlimitedLives,minutes,Hard_Level_Offer1,purchase,purchase,442,2,0.45,40,,,0.09,20.0
2026-08-02,Variant,unlimited_lives,UnlimitedLives,minutes,rolling_offer_tier1_p499_VarA,purchase,purchase,442,1,0.23,40,,,0.09,40.0
2026-08-02,Variant,unlimited_lives,UnlimitedLives,minutes,Hard_level_offer1_tier3,purchase,purchase,442,2,0.45,40,,,0.09,20.0
2026-08-02,Variant,unlimited_lives,UnlimitedLives,minutes,rolling_offer_tier1_p299_tier3,purchase,purchase,442,1,0.23,30,,,0.07,30.0
2026-08-03,Control,Avatar,Avatar,items,saga_progression,chapter_complete,core,435,259,59.54,746,,,1.71,2.88
2026-08-03,Control,Avatar,Avatar,items,single_collection,reward_event,meta,435,1,0.23,1,,,0.0,1.0
2026-08-03,Control,currency,HardCoin,coins,saga_progression,chapter_complete,core,435,432,99.31,118320,118320,0,272.0,273.89
2026-08-03,Control,currency,HardCoin,coins,player_level_up,reward_chest,core,435,414,95.17,71920,71920,0,165.33,173.72
2026-08-03,Control,currency,HardCoin,coins,single_collection,reward_event,meta,435,271,62.3,46650,46650,0,107.24,172.14
2026-08-03,Control,currency,HardCoin,coins,river_rush,reward_event,meta,435,99,22.76,22025,22025,0,50.63,222.47
2026-08-03,Control,currency,HardCoin,coins,team_versus,reward_event,meta,435,156,35.86,15600,15600,0,35.86,100.0
2026-08-03,Control,currency,HardCoin,coins,Jigsaw,reward_event,meta,435,294,67.59,13000,13000,0,29.89,44.22
2026-08-03,Control,currency,HardCoin,coins,team_versus_contribution,reward_event,meta,435,180,41.38,10790,10790,0,24.8,59.94
2026-08-03,Control,currency,HardCoin,coins,dream_pass_event,reward_event,meta,435,135,31.03,8325,8325,0,19.14,61.67
2026-08-03,Control,currency,HardCoin,coins,daily_reward,daily_reward,core,435,220,50.57,7500,7500,0,17.24,34.09
2026-08-03,Control,currency,HardCoin,coins,reward_chest,reward_chest,other,435,25,5.75,4725,4725,0,10.86,189.0
2026-08-03,Control,currency,HardCoin,coins,bundle_3_with_prelevel_boosters_tier3,purchase,purchase,435,2,0.46,3000,0,3000,6.9,1500.0
2026-08-03,Control,currency,HardCoin,coins,xs_coins2,purchase,purchase,435,5,1.15,2200,0,2200,5.06,440.0
2026-08-03,Control,currency,HardCoin,coins,bundle_1_with_prelevel_boosters_tier3,purchase,purchase,435,4,0.92,2200,0,2200,5.06,550.0
2026-08-03,Control,currency,HardCoin,coins,ad_chest,ad_chest,ads,435,92,21.15,2025,2025,0,4.66,22.01
2026-08-03,Control,currency,HardCoin,coins,m_coins_tier3,purchase,purchase,435,2,0.46,2000,0,2000,4.6,1000.0
2026-08-03,Control,currency,HardCoin,coins,facebook_like,facebook_like,other,435,17,3.91,2000,2000,0,4.6,117.65
2026-08-03,Control,currency,HardCoin,coins,Hatchling Hideaway,event_reward,meta,435,42,9.66,1795,1795,0,4.13,42.74
2026-08-03,Control,currency,HardCoin,coins,xs_coins_tier3,purchase,purchase,435,6,1.38,1350,0,1350,3.1,225.0
2026-08-03,Control,currency,HardCoin,coins,rolling_offer_tier1_p299_tier3,purchase,purchase,435,3,0.69,1200,0,1200,2.76,400.0
2026-08-03,Control,currency,HardCoin,coins,bundle_2_with_prelevel_boosters,purchase,purchase,435,2,0.46,1000,0,1000,2.3,500.0
2026-08-03,Control,currency,HardCoin,coins,s_coins_tier3,purchase,purchase,435,2,0.46,1000,0,1000,2.3,500.0
2026-08-03,Control,currency,HardCoin,coins,special_offer1,purchase,purchase,435,3,0.69,900,0,900,2.07,300.0
2026-08-03,Control,currency,HardCoin,coins,special_offer1_tier3,purchase,purchase,435,3,0.69,900,0,900,2.07,300.0
2026-08-03,Control,currency,HardCoin,coins,kite_festival_event,reward_event,meta,435,2,0.46,600,600,0,1.38,300.0
2026-08-03,Control,currency,HardCoin,coins,rolling_offer_tier1_p499_VarA,purchase,purchase,435,2,0.46,600,0,600,1.38,300.0
2026-08-03,Control,currency,HardCoin,coins,bundle_7_with_prelevel_boosters2,purchase,purchase,435,1,0.23,600,0,600,1.38,600.0
2026-08-03,Control,currency,HardCoin,coins,rolling_offer_p349_tier3,purchase,purchase,435,1,0.23,550,0,550,1.26,550.0
2026-08-03,Control,currency,HardCoin,coins,bundle_2_with_prelevel_boosters_tier3,purchase,purchase,435,1,0.23,500,0,500,1.15,500.0
2026-08-03,Control,currency,HardCoin,coins,Hard_Level_Offer1,purchase,purchase,435,5,1.15,500,0,500,1.15,100.0
2026-08-03,Control,currency,HardCoin,coins,s_coins2,purchase,purchase,435,1,0.23,500,0,500,1.15,500.0
2026-08-03,Control,currency,HardCoin,coins,offer_free_items,rolling_offer,meta,435,3,0.69,400,400,0,0.92,133.33
2026-08-03,Control,currency,HardCoin,coins,Hard_level_offer1_tier3,purchase,purchase,435,3,0.69,300,0,300,0.69,100.0
2026-08-03,Control,currency,HardCoin,coins,rolling_offer_p049_tier3,purchase,purchase,435,2,0.46,300,0,300,0.69,150.0
2026-08-03,Control,currency,HardCoin,coins,bomb_event,reward_event,meta,435,3,0.69,300,300,0,0.69,100.0
2026-08-03,Control,currency,HardCoin,coins,heart_gift,heart_gift,other,435,96,22.07,293,293,0,0.67,3.05
2026-08-03,Control,currency,HardCoin,coins,rolling_offer_tier1_p199_tier3,purchase,purchase,435,1,0.23,200,0,200,0.46,200.0
2026-08-03,Control,currency,HardCoin,coins,rolling_offer_tier1_p299,purchase,purchase,435,1,0.23,200,0,200,0.46,200.0
2026-08-03,Control,currency,HardCoin,coins,bundle_7_with_prelevel_boosters_tier3,purchase,purchase,435,1,0.23,150,0,150,0.34,150.0
2026-08-03,Control,currency,HardCoin,coins,bundle_7_with_prelevel_boosters,purchase,purchase,435,1,0.23,150,0,150,0.34,150.0
2026-08-03,Control,currency,HardCoin,coins,team_collection,reward_event,meta,435,3,0.69,140,140,0,0.32,46.67
2026-08-03,Control,currency,HardCoin,coins,race_event,reward_event,meta,435,1,0.23,50,50,0,0.11,50.0
2026-08-03,Control,currency,HardCoin,coins,season_pass_event,reward_event,meta,435,2,0.46,40,40,0,0.09,20.0
2026-08-03,Control,currency,HardCoin,coins,bomb_ballet_event,reward_event,meta,435,1,0.23,25,25,0,0.06,25.0
2026-08-03,Control,dream_pass_tokens,DreamPassToken,items,offer_free_items,rolling_offer,meta,435,84,19.31,4720,,,10.85,56.19
2026-08-03,Control,dream_pass_tokens,DreamPassToken,items,FlockRush,event_reward,meta,435,145,33.33,2960,,,6.8,20.41
2026-08-03,Control,dream_pass_tokens,DreamPassToken,items,river_rush,reward_event,meta,435,48,11.03,2870,,,6.6,59.79
2026-08-03,Control,dream_pass_tokens,DreamPassToken,items,kite_festival_event,reward_event,meta,435,5,1.15,1400,,,3.22,280.0
2026-08-03,Control,dream_pass_tokens,DreamPassToken,items,race_event,reward_event,meta,435,1,0.23,50,,,0.11,50.0
2026-08-03,Control,life,life,items,ask_for_lives,ask_for_lives,other,435,34,7.82,142,,,0.33,4.18
2026-08-03,Control,life,life,items,ad_life,ad_life,ads,435,33,7.59,52,,,0.12,1.58
2026-08-03,Control,life,liferefill,items,coin_purchase,coin_purchase,other,435,30,6.9,270,,,0.62,9.0
2026-08-03,Control,orb,Reds_Greatest_Challenge,items,dream_pass_event,reward_event,meta,435,28,6.44,28,,,0.06,1.0
2026-08-03,Control,powerup,powerup_1,items,saga_progression,chapter_complete,core,435,390,89.66,562,,,1.29,1.44
2026-08-03,Control,powerup,powerup_1,items,player_level_up,reward_chest,core,435,241,55.4,265,,,0.61,1.1
2026-08-03,Control,powerup,powerup_1,items,single_collection,reward_event,meta,435,189,43.45,195,,,0.45,1.03
2026-08-03,Control,powerup,powerup_1,items,team_versus,reward_event,meta,435,190,43.68,190,,,0.44,1.0
2026-08-03,Control,powerup,powerup_1,items,river_rush,reward_event,meta,435,90,20.69,163,,,0.37,1.81
2026-08-03,Control,powerup,powerup_1,items,team_versus_contribution,reward_event,meta,435,142,32.64,142,,,0.33,1.0
2026-08-03,Control,powerup,powerup_1,items,Jigsaw,reward_event,meta,435,49,11.26,49,,,0.11,1.0
2026-08-03,Control,powerup,powerup_1,items,reward_chest,reward_chest,other,435,25,5.75,35,,,0.08,1.4
2026-08-03,Control,powerup,powerup_1,items,ad_chest,ad_chest,ads,435,23,5.29,29,,,0.07,1.26
2026-08-03,Control,powerup,powerup_1,items,Hatchling Hideaway,event_reward,meta,435,26,5.98,26,,,0.06,1.0
2026-08-03,Control,powerup,powerup_1,items,dream_pass_event,reward_event,meta,435,9,2.07,22,,,0.05,2.44
2026-08-03,Control,powerup,powerup_1,items,bundle_1_with_prelevel_boosters_tier3,purchase,purchase,435,4,0.92,11,,,0.03,2.75
2026-08-03,Control,powerup,powerup_1,items,ingame,purchase,purchase,435,3,0.69,9,,,0.02,3.0
2026-08-03,Control,powerup,powerup_1,items,daily_reward,daily_reward,core,435,8,1.84,8,,,0.02,1.0
2026-08-03,Control,powerup,powerup_1,items,bundle_3_with_prelevel_boosters_tier3,purchase,purchase,435,2,0.46,6,,,0.01,3.0
2026-08-03,Control,powerup,powerup_1,items,rolling_offer_tier1_p299_tier3,purchase,purchase,435,3,0.69,3,,,0.01,1.0
2026-08-03,Control,powerup,powerup_1,items,offer_free_items,rolling_offer,meta,435,3,0.69,3,,,0.01,1.0
2026-08-03,Control,powerup,powerup_1,items,bundle_7_with_prelevel_boosters2,purchase,purchase,435,1,0.23,2,,,0.0,2.0
2026-08-03,Control,powerup,powerup_1,items,rolling_offer_tier1_p499_VarA,purchase,purchase,435,2,0.46,2,,,0.0,1.0
2026-08-03,Control,powerup,powerup_1,items,bundle_2_with_prelevel_boosters,purchase,purchase,435,2,0.46,2,,,0.0,1.0
2026-08-03,Control,powerup,powerup_1,items,rolling_offer_p049_tier3,purchase,purchase,435,2,0.46,2,,,0.0,1.0
2026-08-03,Control,powerup,powerup_1,items,kite_festival_event,reward_event,meta,435,2,0.46,2,,,0.0,1.0
2026-08-03,Control,powerup,powerup_1,items,rolling_offer_tier1_p299,purchase,purchase,435,1,0.23,1,,,0.0,1.0
2026-08-03,Control,powerup,powerup_1,items,rolling_offer_p349_tier3,purchase,purchase,435,1,0.23,1,,,0.0,1.0
2026-08-03,Control,powerup,powerup_1,items,bundle_7_with_prelevel_boosters,purchase,purchase,435,1,0.23,1,,,0.0,1.0
2026-08-03,Control,powerup,powerup_1,items,bundle_2_with_prelevel_boosters_tier3,purchase,purchase,435,1,0.23,1,,,0.0,1.0
2026-08-03,Control,powerup,powerup_1,items,rolling_offer_tier1_p199_tier3,purchase,purchase,435,1,0.23,1,,,0.0,1.0
2026-08-03,Control,powerup,powerup_1,items,bundle_7_with_prelevel_boosters_tier3,purchase,purchase,435,1,0.23,1,,,0.0,1.0
2026-08-03,Control,powerup,powerup_1,items,bomb_event,reward_event,meta,435,1,0.23,1,,,0.0,1.0
2026-08-03,Control,powerup,powerup_2,items,saga_progression,chapter_complete,core,435,394,90.57,1093,,,2.51,2.77
2026-08-03,Control,powerup,powerup_2,items,player_level_up,reward_chest,core,435,313,71.95,622,,,1.43,1.99
2026-08-03,Control,powerup,powerup_2,items,river_rush,reward_event,meta,435,91,20.92,209,,,0.48,2.3
2026-08-03,Control,powerup,powerup_2,items,FlockRush,event_reward,meta,435,145,33.33,148,,,0.34,1.02
2026-08-03,Control,powerup,powerup_2,items,daily_reward,daily_reward,core,435,77,17.7,77,,,0.18,1.0
2026-08-03,Control,powerup,powerup_2,items,dream_pass_event,reward_event,meta,435,41,9.43,66,,,0.15,1.61
2026-08-03,Control,powerup,powerup_2,items,Jigsaw,reward_event,meta,435,63,14.48,63,,,0.14,1.0
2026-08-03,Control,powerup,powerup_2,items,reward_chest,reward_chest,other,435,25,5.75,53,,,0.12,2.12
2026-08-03,Control,powerup,powerup_2,items,team_versus,reward_event,meta,435,51,11.72,51,,,0.12,1.0
2026-08-03,Control,powerup,powerup_2,items,ad_chest,ad_chest,ads,435,37,8.51,49,,,0.11,1.32
2026-08-03,Control,powerup,powerup_2,items,ingame,purchase,purchase,435,7,1.61,27,,,0.06,3.86
2026-08-03,Control,powerup,powerup_2,items,Hatchling Hideaway,event_reward,meta,435,27,6.21,27,,,0.06,1.0
2026-08-03,Control,powerup,powerup_2,items,single_collection,reward_event,meta,435,16,3.68,17,,,0.04,1.06
2026-08-03,Control,powerup,powerup_2,items,team_versus_contribution,reward_event,meta,435,16,3.68,16,,,0.04,1.0
2026-08-03,Control,powerup,powerup_2,items,bundle_1_with_prelevel_boosters_tier3,purchase,purchase,435,4,0.92,11,,,0.03,2.75
2026-08-03,Control,powerup,powerup_2,items,offer_free_items,rolling_offer,meta,435,5,1.15,9,,,0.02,1.8
2026-08-03,Control,powerup,powerup_2,items,bundle_3_with_prelevel_boosters_tier3,purchase,purchase,435,2,0.46,6,,,0.01,3.0
2026-08-03,Control,powerup,powerup_2,items,rolling_offer_tier1_p299_tier3,purchase,purchase,435,3,0.69,3,,,0.01,1.0
2026-08-03,Control,powerup,powerup_2,items,team_collection,reward_event,meta,435,2,0.46,2,,,0.0,1.0
2026-08-03,Control,powerup,powerup_2,items,rolling_offer_tier1_p499_VarA,purchase,purchase,435,2,0.46,2,,,0.0,1.0
2026-08-03,Control,powerup,powerup_2,items,bundle_7_with_prelevel_boosters2,purchase,purchase,435,1,0.23,2,,,0.0,2.0
2026-08-03,Control,powerup,powerup_2,items,bomb_event,reward_event,meta,435,2,0.46,2,,,0.0,1.0
2026-08-03,Control,powerup,powerup_2,items,bundle_2_with_prelevel_boosters,purchase,purchase,435,2,0.46,2,,,0.0,1.0
2026-08-03,Control,powerup,powerup_2,items,rolling_offer_tier1_p299,purchase,purchase,435,1,0.23,1,,,0.0,1.0
2026-08-03,Control,powerup,powerup_2,items,bundle_2_with_prelevel_boosters_tier3,purchase,purchase,435,1,0.23,1,,,0.0,1.0
2026-08-03,Control,powerup,powerup_2,items,bundle_7_with_prelevel_boosters,purchase,purchase,435,1,0.23,1,,,0.0,1.0
2026-08-03,Control,powerup,powerup_2,items,bundle_7_with_prelevel_boosters_tier3,purchase,purchase,435,1,0.23,1,,,0.0,1.0
2026-08-03,Control,powerup,powerup_2,items,rolling_offer_p349_tier3,purchase,purchase,435,1,0.23,1,,,0.0,1.0
2026-08-03,Control,powerup,powerup_2,items,rolling_offer_tier1_p199_tier3,purchase,purchase,435,1,0.23,1,,,0.0,1.0
2026-08-03,Control,powerup,powerup_3,items,saga_progression,chapter_complete,core,435,397,91.26,1097,,,2.52,2.76
2026-08-03,Control,powerup,powerup_3,items,player_level_up,reward_chest,core,435,356,81.84,722,,,1.66,2.03
2026-08-03,Control,powerup,powerup_3,items,team_versus,reward_event,meta,435,172,39.54,173,,,0.4,1.01
2026-08-03,Control,powerup,powerup_3,items,river_rush,reward_event,meta,435,81,18.62,139,,,0.32,1.72
2026-08-03,Control,powerup,powerup_3,items,dream_pass_event,reward_event,meta,435,92,21.15,134,,,0.31,1.46
2026-08-03,Control,powerup,powerup_3,items,single_collection,reward_event,meta,435,101,23.22,103,,,0.24,1.02
2026-08-03,Control,powerup,powerup_3,items,reward_chest,reward_chest,other,435,25,5.75,60,,,0.14,2.4
2026-08-03,Control,powerup,powerup_3,items,daily_reward,daily_reward,core,435,49,11.26,49,,,0.11,1.0
2026-08-03,Control,powerup,powerup_3,items,facebook_like,facebook_like,other,435,17,3.91,40,,,0.09,2.35
2026-08-03,Control,powerup,powerup_3,items,ad_chest,ad_chest,ads,435,32,7.36,38,,,0.09,1.19
2026-08-03,Control,powerup,powerup_3,items,Hatchling Hideaway,event_reward,meta,435,34,7.82,34,,,0.08,1.0
2026-08-03,Control,powerup,powerup_3,items,team_versus_contribution,reward_event,meta,435,23,5.29,23,,,0.05,1.0
2026-08-03,Control,powerup,powerup_3,items,bundle_1_with_prelevel_boosters_tier3,purchase,purchase,435,4,0.92,11,,,0.03,2.75
2026-08-03,Control,powerup,powerup_3,items,ingame,purchase,purchase,435,2,0.46,9,,,0.02,4.5
2026-08-03,Control,powerup,powerup_3,items,offer_free_items,rolling_offer,meta,435,5,1.15,7,,,0.02,1.4
2026-08-03,Control,powerup,powerup_3,items,bundle_3_with_prelevel_boosters_tier3,purchase,purchase,435,2,0.46,6,,,0.01,3.0
2026-08-03,Control,powerup,powerup_3,items,rolling_offer_tier1_p299_tier3,purchase,purchase,435,3,0.69,3,,,0.01,1.0
2026-08-03,Control,powerup,powerup_3,items,kite_festival_event,reward_event,meta,435,3,0.69,3,,,0.01,1.0
2026-08-03,Control,powerup,powerup_3,items,bomb_event,reward_event,meta,435,3,0.69,3,,,0.01,1.0
2026-08-03,Control,powerup,powerup_3,items,rolling_offer_tier1_p499_VarA,purchase,purchase,435,2,0.46,2,,,0.0,1.0
2026-08-03,Control,powerup,powerup_3,items,bundle_7_with_prelevel_boosters2,purchase,purchase,435,1,0.23,2,,,0.0,2.0
2026-08-03,Control,powerup,powerup_3,items,bundle_2_with_prelevel_boosters,purchase,purchase,435,2,0.46,2,,,0.0,1.0
2026-08-03,Control,powerup,powerup_3,items,team_collection,reward_event,meta,435,1,0.23,2,,,0.0,2.0
2026-08-03,Control,powerup,powerup_3,items,bundle_7_with_prelevel_boosters,purchase,purchase,435,1,0.23,1,,,0.0,1.0
2026-08-03,Control,powerup,powerup_3,items,rolling_offer_p349_tier3,purchase,purchase,435,1,0.23,1,,,0.0,1.0
2026-08-03,Control,powerup,powerup_3,items,rolling_offer_tier1_p199_tier3,purchase,purchase,435,1,0.23,1,,,0.0,1.0
2026-08-03,Control,powerup,powerup_3,items,bundle_7_with_prelevel_boosters_tier3,purchase,purchase,435,1,0.23,1,,,0.0,1.0
2026-08-03,Control,powerup,powerup_3,items,season_pass_event,reward_event,meta,435,1,0.23,1,,,0.0,1.0
2026-08-03,Control,powerup,powerup_3,items,rolling_offer_tier1_p299,purchase,purchase,435,1,0.23,1,,,0.0,1.0
2026-08-03,Control,powerup,powerup_3,items,race_event,reward_event,meta,435,1,0.23,1,,,0.0,1.0
2026-08-03,Control,powerup,powerup_3,items,bundle_2_with_prelevel_boosters_tier3,purchase,purchase,435,1,0.23,1,,,0.0,1.0
2026-08-03,Control,pre_level_booster,pre_level_booster_1,items,saga_progression,chapter_complete,core,435,419,96.32,2294,,,5.27,5.47
2026-08-03,Control,pre_level_booster,pre_level_booster_1,items,dream_pass_event,reward_event,meta,435,108,24.83,327,,,0.75,3.03
2026-08-03,Control,pre_level_booster,pre_level_booster_1,items,Jigsaw,reward_event,meta,435,269,61.84,276,,,0.63,1.03
2026-08-03,Control,pre_level_booster,pre_level_booster_1,items,player_level_up,reward_chest,core,435,223,51.26,248,,,0.57,1.11
2026-08-03,Control,pre_level_booster,pre_level_booster_1,items,FlockRush,event_reward,meta,435,145,33.33,148,,,0.34,1.02
2026-08-03,Control,pre_level_booster,pre_level_booster_1,items,offer_free_items,rolling_offer,meta,435,91,20.92,94,,,0.22,1.03
2026-08-03,Control,pre_level_booster,pre_level_booster_1,items,river_rush,reward_event,meta,435,32,7.36,43,,,0.1,1.34
2026-08-03,Control,pre_level_booster,pre_level_booster_1,items,Hatchling Hideaway,event_reward,meta,435,38,8.74,39,,,0.09,1.03
2026-08-03,Control,pre_level_booster,pre_level_booster_1,items,reward_chest,reward_chest,other,435,23,5.29,23,,,0.05,1.0
2026-08-03,Control,pre_level_booster,pre_level_booster_1,items,team_versus_contribution,reward_event,meta,435,16,3.68,16,,,0.04,1.0
2026-08-03,Control,pre_level_booster,pre_level_booster_1,items,bundle_1_with_prelevel_boosters_tier3,purchase,purchase,435,4,0.92,11,,,0.03,2.75
2026-08-03,Control,pre_level_booster,pre_level_booster_1,items,bundle_3_with_prelevel_boosters_tier3,purchase,purchase,435,2,0.46,6,,,0.01,3.0
2026-08-03,Control,pre_level_booster,pre_level_booster_1,items,season_pass_event,reward_event,meta,435,1,0.23,3,,,0.01,3.0
2026-08-03,Control,pre_level_booster,pre_level_booster_1,items,ingame,purchase,purchase,435,1,0.23,3,,,0.01,3.0
2026-08-03,Control,pre_level_booster,pre_level_booster_1,items,rolling_offer_tier1_p299_tier3,purchase,purchase,435,3,0.69,3,,,0.01,1.0
2026-08-03,Control,pre_level_booster,pre_level_booster_1,items,bundle_7_with_prelevel_boosters2,purchase,purchase,435,1,0.23,2,,,0.0,2.0
2026-08-03,Control,pre_level_booster,pre_level_booster_1,items,bundle_2_with_prelevel_boosters,purchase,purchase,435,2,0.46,2,,,0.0,1.0
2026-08-03,Control,pre_level_booster,pre_level_booster_1,items,bundle_7_with_prelevel_boosters_tier3,purchase,purchase,435,1,0.23,1,,,0.0,1.0
2026-08-03,Control,pre_level_booster,pre_level_booster_1,items,rolling_offer_tier1_p199_tier3,purchase,purchase,435,1,0.23,1,,,0.0,1.0
2026-08-03,Control,pre_level_booster,pre_level_booster_1,items,bundle_2_with_prelevel_boosters_tier3,purchase,purchase,435,1,0.23,1,,,0.0,1.0
2026-08-03,Control,pre_level_booster,pre_level_booster_1,items,rolling_offer_tier1_p299,purchase,purchase,435,1,0.23,1,,,0.0,1.0
2026-08-03,Control,pre_level_booster,pre_level_booster_1,items,rolling_offer_p349_tier3,purchase,purchase,435,1,0.23,1,,,0.0,1.0
2026-08-03,Control,pre_level_booster,pre_level_booster_1,items,bundle_7_with_prelevel_boosters,purchase,purchase,435,1,0.23,1,,,0.0,1.0
2026-08-03,Control,pre_level_booster,pre_level_booster_2,items,saga_progression,chapter_complete,core,435,413,94.94,2284,,,5.25,5.53
2026-08-03,Control,pre_level_booster,pre_level_booster_2,items,player_level_up,reward_chest,core,435,220,50.57,502,,,1.15,2.28
2026-08-03,Control,pre_level_booster,pre_level_booster_2,items,Jigsaw,reward_event,meta,435,344,79.08,348,,,0.8,1.01
2026-08-03,Control,pre_level_booster,pre_level_booster_2,items,dream_pass_event,reward_event,meta,435,122,28.05,329,,,0.76,2.7
2026-08-03,Control,pre_level_booster,pre_level_booster_2,items,FlockRush,event_reward,meta,435,145,33.33,148,,,0.34,1.02
2026-08-03,Control,pre_level_booster,pre_level_booster_2,items,offer_free_items,rolling_offer,meta,435,86,19.77,90,,,0.21,1.05
2026-08-03,Control,pre_level_booster,pre_level_booster_2,items,river_rush,reward_event,meta,435,34,7.82,39,,,0.09,1.15
2026-08-03,Control,pre_level_booster,pre_level_booster_2,items,Hatchling Hideaway,event_reward,meta,435,34,7.82,35,,,0.08,1.03
2026-08-03,Control,pre_level_booster,pre_level_booster_2,items,reward_chest,reward_chest,other,435,23,5.29,23,,,0.05,1.0
2026-08-03,Control,pre_level_booster,pre_level_booster_2,items,team_versus_contribution,reward_event,meta,435,23,5.29,23,,,0.05,1.0
2026-08-03,Control,pre_level_booster,pre_level_booster_2,items,bundle_1_with_prelevel_boosters_tier3,purchase,purchase,435,4,0.92,11,,,0.03,2.75
2026-08-03,Control,pre_level_booster,pre_level_booster_2,items,bundle_3_with_prelevel_boosters_tier3,purchase,purchase,435,2,0.46,6,,,0.01,3.0
2026-08-03,Control,pre_level_booster,pre_level_booster_2,items,rolling_offer_tier1_p299_tier3,purchase,purchase,435,3,0.69,3,,,0.01,1.0
2026-08-03,Control,pre_level_booster,pre_level_booster_2,items,season_pass_event,reward_event,meta,435,2,0.46,3,,,0.01,1.5
2026-08-03,Control,pre_level_booster,pre_level_booster_2,items,bundle_7_with_prelevel_boosters2,purchase,purchase,435,1,0.23,2,,,0.0,2.0
2026-08-03,Control,pre_level_booster,pre_level_booster_2,items,bundle_2_with_prelevel_boosters,purchase,purchase,435,2,0.46,2,,,0.0,1.0
2026-08-03,Control,pre_level_booster,pre_level_booster_2,items,rolling_offer_tier1_p299,purchase,purchase,435,1,0.23,1,,,0.0,1.0
2026-08-03,Control,pre_level_booster,pre_level_booster_2,items,bomb_ballet_event,reward_event,meta,435,1,0.23,1,,,0.0,1.0
2026-08-03,Control,pre_level_booster,pre_level_booster_2,items,kite_festival_event,reward_event,meta,435,1,0.23,1,,,0.0,1.0
2026-08-03,Control,pre_level_booster,pre_level_booster_2,items,bundle_7_with_prelevel_boosters,purchase,purchase,435,1,0.23,1,,,0.0,1.0
2026-08-03,Control,pre_level_booster,pre_level_booster_2,items,ad_chest,ad_chest,ads,435,1,0.23,1,,,0.0,1.0
2026-08-03,Control,pre_level_booster,pre_level_booster_2,items,bundle_2_with_prelevel_boosters_tier3,purchase,purchase,435,1,0.23,1,,,0.0,1.0
2026-08-03,Control,pre_level_booster,pre_level_booster_2,items,rolling_offer_p349_tier3,purchase,purchase,435,1,0.23,1,,,0.0,1.0
2026-08-03,Control,pre_level_booster,pre_level_booster_2,items,rolling_offer_tier1_p199_tier3,purchase,purchase,435,1,0.23,1,,,0.0,1.0
2026-08-03,Control,pre_level_booster,pre_level_booster_2,items,bundle_7_with_prelevel_boosters_tier3,purchase,purchase,435,1,0.23,1,,,0.0,1.0
2026-08-03,Control,pre_level_booster,pre_level_booster_3,items,saga_progression,chapter_complete,core,435,390,89.66,562,,,1.29,1.44
2026-08-03,Control,pre_level_booster,pre_level_booster_3,items,player_level_up,reward_chest,core,435,226,51.95,412,,,0.95,1.82
2026-08-03,Control,pre_level_booster,pre_level_booster_3,items,FlockRush,event_reward,meta,435,145,33.33,148,,,0.34,1.02
2026-08-03,Control,pre_level_booster,pre_level_booster_3,items,team_versus_contribution,reward_event,meta,435,142,32.64,142,,,0.33,1.0
2026-08-03,Control,pre_level_booster,pre_level_booster_3,items,dream_pass_event,reward_event,meta,435,75,17.24,121,,,0.28,1.61
2026-08-03,Control,pre_level_booster,pre_level_booster_3,items,offer_free_items,rolling_offer,meta,435,86,19.77,90,,,0.21,1.05
2026-08-03,Control,pre_level_booster,pre_level_booster_3,items,river_rush,reward_event,meta,435,59,13.56,82,,,0.19,1.39
2026-08-03,Control,pre_level_booster,pre_level_booster_3,items,Jigsaw,reward_event,meta,435,49,11.26,49,,,0.11,1.0
2026-08-03,Control,pre_level_booster,pre_level_booster_3,items,Hatchling Hideaway,event_reward,meta,435,34,7.82,34,,,0.08,1.0
2026-08-03,Control,pre_level_booster,pre_level_booster_3,items,reward_chest,reward_chest,other,435,23,5.29,23,,,0.05,1.0
2026-08-03,Control,pre_level_booster,pre_level_booster_3,items,bundle_1_with_prelevel_boosters_tier3,purchase,purchase,435,4,0.92,11,,,0.03,2.75
2026-08-03,Control,pre_level_booster,pre_level_booster_3,items,bundle_3_with_prelevel_boosters_tier3,purchase,purchase,435,2,0.46,6,,,0.01,3.0
2026-08-03,Control,pre_level_booster,pre_level_booster_3,items,rolling_offer_tier1_p299_tier3,purchase,purchase,435,3,0.69,3,,,0.01,1.0
2026-08-03,Control,pre_level_booster,pre_level_booster_3,items,bundle_7_with_prelevel_boosters2,purchase,purchase,435,1,0.23,2,,,0.0,2.0
2026-08-03,Control,pre_level_booster,pre_level_booster_3,items,bundle_2_with_prelevel_boosters,purchase,purchase,435,2,0.46,2,,,0.0,1.0
2026-08-03,Control,pre_level_booster,pre_level_booster_3,items,bundle_2_with_prelevel_boosters_tier3,purchase,purchase,435,1,0.23,1,,,0.0,1.0
2026-08-03,Control,pre_level_booster,pre_level_booster_3,items,bundle_7_with_prelevel_boosters,purchase,purchase,435,1,0.23,1,,,0.0,1.0
2026-08-03,Control,pre_level_booster,pre_level_booster_3,items,rolling_offer_tier1_p199_tier3,purchase,purchase,435,1,0.23,1,,,0.0,1.0
2026-08-03,Control,pre_level_booster,pre_level_booster_3,items,rolling_offer_p349_tier3,purchase,purchase,435,1,0.23,1,,,0.0,1.0
2026-08-03,Control,pre_level_booster,pre_level_booster_3,items,rolling_offer_tier1_p299,purchase,purchase,435,1,0.23,1,,,0.0,1.0
2026-08-03,Control,pre_level_booster,pre_level_booster_3,items,bundle_7_with_prelevel_boosters_tier3,purchase,purchase,435,1,0.23,1,,,0.0,1.0
2026-08-03,Control,season_pass_multiplier_2x,SeasonPassMultiplier2x,minutes,river_rush,reward_event,meta,435,33,7.59,800,,,1.84,24.24
2026-08-03,Control,ul_pre_booster,UnlimitedBooster1,minutes,Jigsaw,reward_event,meta,435,330,75.86,6105,,,14.03,18.5
2026-08-03,Control,ul_pre_booster,UnlimitedBooster1,minutes,river_rush,reward_event,meta,435,93,21.38,4405,,,10.13,47.37
2026-08-03,Control,ul_pre_booster,UnlimitedBooster1,minutes,dream_pass_event,reward_event,meta,435,115,26.44,2605,,,5.99,22.65
2026-08-03,Control,ul_pre_booster,UnlimitedBooster1,minutes,daily_reward,daily_reward,core,435,11,2.53,660,,,1.52,60.0
2026-08-03,Control,ul_pre_booster,UnlimitedBooster1,minutes,Hatchling Hideaway,event_reward,meta,435,27,6.21,270,,,0.62,10.0
2026-08-03,Control,ul_pre_booster,UnlimitedBooster1,minutes,Hard_Level_Offer1,purchase,purchase,435,5,1.15,100,,,0.23,20.0
2026-08-03,Control,ul_pre_booster,UnlimitedBooster1,minutes,Hard_level_offer1_tier3,purchase,purchase,435,3,0.69,60,,,0.14,20.0
2026-08-03,Control,ul_pre_booster,UnlimitedBooster1,minutes,season_pass_event,reward_event,meta,435,2,0.46,35,,,0.08,17.5
2026-08-03,Control,ul_pre_booster,UnlimitedBooster1,minutes,bomb_ballet_event,reward_event,meta,435,1,0.23,10,,,0.02,10.0
2026-08-03,Control,ul_pre_booster,UnlimitedBooster2,minutes,Jigsaw,reward_event,meta,435,319,73.33,4615,,,10.61,14.47
2026-08-03,Control,ul_pre_booster,UnlimitedBooster2,minutes,river_rush,reward_event,meta,435,75,17.24,2295,,,5.28,30.6
2026-08-03,Control,ul_pre_booster,UnlimitedBooster2,minutes,dream_pass_event,reward_event,meta,435,86,19.77,1715,,,3.94,19.94
2026-08-03,Control,ul_pre_booster,UnlimitedBooster2,minutes,daily_reward,daily_reward,core,435,5,1.15,300,,,0.69,60.0
2026-08-03,Control,ul_pre_booster,UnlimitedBooster2,minutes,Hatchling Hideaway,event_reward,meta,435,26,5.98,260,,,0.6,10.0
2026-08-03,Control,ul_pre_booster,UnlimitedBooster2,minutes,Hard_Level_Offer1,purchase,purchase,435,5,1.15,100,,,0.23,20.0
2026-08-03,Control,ul_pre_booster,UnlimitedBooster2,minutes,Hard_level_offer1_tier3,purchase,purchase,435,3,0.69,60,,,0.14,20.0
2026-08-03,Control,ul_pre_booster,UnlimitedBooster2,minutes,season_pass_event,reward_event,meta,435,1,0.23,15,,,0.03,15.0
2026-08-03,Control,ul_pre_booster,UnlimitedBooster2,minutes,bomb_ballet_event,reward_event,meta,435,1,0.23,10,,,0.02,10.0
2026-08-03,Control,ul_pre_booster,UnlimitedBooster3,minutes,Jigsaw,reward_event,meta,435,270,62.07,3495,,,8.03,12.94
2026-08-03,Control,ul_pre_booster,UnlimitedBooster3,minutes,river_rush,reward_event,meta,435,17,3.91,305,,,0.7,17.94
2026-08-03,Control,ul_pre_booster,UnlimitedBooster3,minutes,dream_pass_event,reward_event,meta,435,9,2.07,200,,,0.46,22.22
2026-08-03,Control,ul_pre_booster,UnlimitedBooster3,minutes,Hard_Level_Offer1,purchase,purchase,435,5,1.15,100,,,0.23,20.0
2026-08-03,Control,ul_pre_booster,UnlimitedBooster3,minutes,Hard_level_offer1_tier3,purchase,purchase,435,3,0.69,60,,,0.14,20.0
2026-08-03,Control,ul_pre_booster,UnlimitedBooster3,minutes,daily_reward,daily_reward,core,435,2,0.46,60,,,0.14,30.0
2026-08-03,Control,unlimited_lives,UnlimitedLives,minutes,saga_progression,chapter_complete,core,435,425,97.7,83745,,,192.52,197.05
2026-08-03,Control,unlimited_lives,UnlimitedLives,minutes,player_level_up,reward_chest,core,435,379,87.13,42690,,,98.14,112.64
2026-08-03,Control,unlimited_lives,UnlimitedLives,minutes,Jigsaw,reward_event,meta,435,309,71.03,26040,,,59.86,84.27
2026-08-03,Control,unlimited_lives,UnlimitedLives,minutes,FlockRush,event_reward,meta,435,357,82.07,21840,,,50.21,61.18
2026-08-03,Control,unlimited_lives,UnlimitedLives,minutes,dream_pass_event,reward_event,meta,435,129,29.66,13590,,,31.24,105.35
2026-08-03,Control,unlimited_lives,UnlimitedLives,minutes,daily_reward,daily_reward,core,435,167,38.39,6120,,,14.07,36.65
2026-08-03,Control,unlimited_lives,UnlimitedLives,minutes,Hatchling Hideaway,event_reward,meta,435,46,10.57,3360,,,7.72,73.04
2026-08-03,Control,unlimited_lives,UnlimitedLives,minutes,kite_festival_event,reward_event,meta,435,55,12.64,1715,,,3.94,31.18
2026-08-03,Control,unlimited_lives,UnlimitedLives,minutes,river_rush,reward_event,meta,435,26,5.98,1150,,,2.64,44.23
2026-08-03,Control,unlimited_lives,UnlimitedLives,minutes,ad_chest,ad_chest,ads,435,59,13.56,875,,,2.01,14.83
2026-08-03,Control,unlimited_lives,UnlimitedLives,minutes,offer_free_items,rolling_offer,meta,435,9,2.07,700,,,1.61,77.78
2026-08-03,Control,unlimited_lives,UnlimitedLives,minutes,reward_chest,reward_chest,other,435,23,5.29,690,,,1.59,30.0
2026-08-03,Control,unlimited_lives,UnlimitedLives,minutes,season_pass_event,reward_event,meta,435,2,0.46,180,,,0.41,90.0
2026-08-03,Control,unlimited_lives,UnlimitedLives,minutes,Hard_Level_Offer1,purchase,purchase,435,5,1.15,100,,,0.23,20.0
2026-08-03,Control,unlimited_lives,UnlimitedLives,minutes,rolling_offer_p049_tier3,purchase,purchase,435,2,0.46,90,,,0.21,45.0
2026-08-03,Control,unlimited_lives,UnlimitedLives,minutes,rolling_offer_tier1_p299_tier3,purchase,purchase,435,3,0.69,90,,,0.21,30.0
2026-08-03,Control,unlimited_lives,UnlimitedLives,minutes,rolling_offer_tier1_p499_VarA,purchase,purchase,435,2,0.46,80,,,0.18,40.0
2026-08-03,Control,unlimited_lives,UnlimitedLives,minutes,rolling_offer_p349_tier3,purchase,purchase,435,1,0.23,60,,,0.14,60.0
2026-08-03,Control,unlimited_lives,UnlimitedLives,minutes,Hard_level_offer1_tier3,purchase,purchase,435,3,0.69,60,,,0.14,20.0
2026-08-03,Control,unlimited_lives,UnlimitedLives,minutes,bomb_ballet_event,reward_event,meta,435,1,0.23,30,,,0.07,30.0
2026-08-03,Variant,Avatar,Avatar,items,saga_progression,chapter_complete,core,417,229,54.92,634,,,1.52,2.77
2026-08-03,Variant,currency,HardCoin,coins,player_level_up,reward_chest,core,417,387,92.81,64260,64260,0,154.1,166.05
2026-08-03,Variant,currency,HardCoin,coins,dreamheist_event,reward_event,meta,417,274,65.71,34085,34085,0,81.74,124.4
2026-08-03,Variant,currency,HardCoin,coins,saga_progression,chapter_complete,core,417,410,98.32,32520,32520,0,77.99,79.32
2026-08-03,Variant,currency,HardCoin,coins,kite_festival_event,reward_event,meta,417,143,34.29,24375,24375,0,58.45,170.45
2026-08-03,Variant,currency,HardCoin,coins,ArcheryArena,reward_event,meta,417,268,64.27,20650,20650,0,49.52,77.05
2026-08-03,Variant,currency,HardCoin,coins,Rainbow Maker,reward_event,meta,417,401,96.16,14661,14661,0,35.16,36.56
2026-08-03,Variant,currency,HardCoin,coins,team_versus,reward_event,meta,417,144,34.53,14500,14500,0,34.77,100.69
2026-08-03,Variant,currency,HardCoin,coins,team_versus_contribution,reward_event,meta,417,172,41.25,10170,10170,0,24.39,59.13
2026-08-03,Variant,currency,HardCoin,coins,Hatchling Hideaway,event_reward,meta,417,268,64.27,9370,9370,0,22.47,34.96
2026-08-03,Variant,currency,HardCoin,coins,dream_pass_event,reward_event,meta,417,129,30.94,6190,6190,0,14.84,47.98
2026-08-03,Variant,currency,HardCoin,coins,daily_reward,daily_reward,core,417,212,50.84,5660,5660,0,13.57,26.7
2026-08-03,Variant,currency,HardCoin,coins,reward_chest,reward_chest,other,417,30,7.19,5090,5090,0,12.21,169.67
2026-08-03,Variant,currency,HardCoin,coins,bomb_ballet_event,reward_event,meta,417,56,13.43,3050,3050,0,7.31,54.46
2026-08-03,Variant,currency,HardCoin,coins,ad_chest,ad_chest,ads,417,93,22.3,2265,2265,0,5.43,24.35
2026-08-03,Variant,currency,HardCoin,coins,bundle_3_with_prelevel_boosters_tier3,purchase,purchase,417,2,0.48,2000,0,2000,4.8,1000.0
2026-08-03,Variant,currency,HardCoin,coins,facebook_like,facebook_like,other,417,12,2.88,1200,1200,0,2.88,100.0
2026-08-03,Variant,currency,HardCoin,coins,s_coins_tier3,purchase,purchase,417,1,0.24,1000,0,1000,2.4,1000.0
2026-08-03,Variant,currency,HardCoin,coins,race_event,reward_event,meta,417,23,5.52,645,645,0,1.55,28.04
2026-08-03,Variant,currency,HardCoin,coins,special_offer1,purchase,purchase,417,2,0.48,600,0,600,1.44,300.0
2026-08-03,Variant,currency,HardCoin,coins,single_collection,reward_event,meta,417,4,0.96,600,600,0,1.44,150.0
2026-08-03,Variant,currency,HardCoin,coins,special_offer1_tier3,purchase,purchase,417,2,0.48,600,0,600,1.44,300.0
2026-08-03,Variant,currency,HardCoin,coins,Hard_Level_Offer1,purchase,purchase,417,5,1.2,500,0,500,1.2,100.0
2026-08-03,Variant,currency,HardCoin,coins,bundle_2_with_prelevel_boosters,purchase,purchase,417,1,0.24,500,0,500,1.2,500.0
2026-08-03,Variant,currency,HardCoin,coins,river_rush,reward_event,meta,417,3,0.72,485,485,0,1.16,161.67
2026-08-03,Variant,currency,HardCoin,coins,offer_free_items,rolling_offer,meta,417,3,0.72,450,450,0,1.08,150.0
2026-08-03,Variant,currency,HardCoin,coins,heart_gift,heart_gift,other,417,90,21.58,384,384,0,0.92,4.27
2026-08-03,Variant,currency,HardCoin,coins,rolling_offer_p049_tier3,purchase,purchase,417,2,0.48,300,0,300,0.72,150.0
2026-08-03,Variant,currency,HardCoin,coins,bundle_7_with_prelevel_boosters,purchase,purchase,417,2,0.48,300,0,300,0.72,150.0
2026-08-03,Variant,currency,HardCoin,coins,xs_coins_tier3,purchase,purchase,417,1,0.24,300,0,300,0.72,300.0
2026-08-03,Variant,currency,HardCoin,coins,bundle_7_with_prelevel_boosters2,purchase,purchase,417,1,0.24,300,0,300,0.72,300.0
2026-08-03,Variant,currency,HardCoin,coins,rolling_offer_tier1_p499_VarA,purchase,purchase,417,1,0.24,300,0,300,0.72,300.0
2026-08-03,Variant,currency,HardCoin,coins,Hard_level_offer1_tier3,purchase,purchase,417,3,0.72,300,0,300,0.72,100.0
2026-08-03,Variant,currency,HardCoin,coins,special_offer10,purchase,purchase,417,1,0.24,300,0,300,0.72,300.0
2026-08-03,Variant,currency,HardCoin,coins,xs_coins2,purchase,purchase,417,2,0.48,200,0,200,0.48,100.0
2026-08-03,Variant,currency,HardCoin,coins,rolling_offer_p099_VarA,purchase,purchase,417,1,0.24,200,0,200,0.48,200.0
2026-08-03,Variant,currency,HardCoin,coins,team_collection,reward_event,meta,417,1,0.24,200,200,0,0.48,200.0
2026-08-03,Variant,currency,HardCoin,coins,bundle_1_with_prelevel_boosters_tier3,purchase,purchase,417,1,0.24,200,0,200,0.48,200.0
2026-08-03,Variant,currency,HardCoin,coins,rolling_offer_tier1_p299,purchase,purchase,417,1,0.24,200,0,200,0.48,200.0
2026-08-03,Variant,currency,HardCoin,coins,great_offer1_299,purchase,purchase,417,1,0.24,100,0,100,0.24,100.0
2026-08-03,Variant,currency,HardCoin,coins,Jigsaw,reward_event,meta,417,2,0.48,50,50,0,0.12,25.0
2026-08-03,Variant,currency,HardCoin,coins,season_pass_event,reward_event,meta,417,1,0.24,30,30,0,0.07,30.0
2026-08-03,Variant,dream_pass_tokens,DreamPassToken,items,Rainbow Maker,reward_event,meta,417,394,94.48,102405,,,245.58,259.91
2026-08-03,Variant,dream_pass_tokens,DreamPassToken,items,kite_festival_event,reward_event,meta,417,230,55.16,33710,,,80.84,146.57
2026-08-03,Variant,dream_pass_tokens,DreamPassToken,items,offer_free_items,rolling_offer,meta,417,70,16.79,3720,,,8.92,53.14
2026-08-03,Variant,dream_pass_tokens,DreamPassToken,items,FlockRush,event_reward,meta,417,101,24.22,2040,,,4.89,20.2
2026-08-03,Variant,dream_pass_tokens,DreamPassToken,items,race_event,reward_event,meta,417,31,7.43,1535,,,3.68,49.52
2026-08-03,Variant,dream_pass_tokens,DreamPassToken,items,river_rush,reward_event,meta,417,1,0.24,60,,,0.14,60.0
2026-08-03,Variant,life,life,items,ask_for_lives,ask_for_lives,other,417,17,4.08,73,,,0.18,4.29
2026-08-03,Variant,life,life,items,ad_life,ad_life,ads,417,18,4.32,30,,,0.07,1.67
2026-08-03,Variant,life,liferefill,items,coin_purchase,coin_purchase,other,417,10,2.4,85,,,0.2,8.5
2026-08-03,Variant,orb,Reds_Greatest_Challenge,items,dream_pass_event,reward_event,meta,417,28,6.71,28,,,0.07,1.0
2026-08-03,Variant,powerup,powerup_1,items,Rainbow Maker,reward_event,meta,417,349,83.69,387,,,0.93,1.11
2026-08-03,Variant,powerup,powerup_1,items,Hatchling Hideaway,event_reward,meta,417,241,57.79,245,,,0.59,1.02
2026-08-03,Variant,powerup,powerup_1,items,player_level_up,reward_chest,core,417,204,48.92,221,,,0.53,1.08
2026-08-03,Variant,powerup,powerup_1,items,team_versus,reward_event,meta,417,192,46.04,193,,,0.46,1.01
2026-08-03,Variant,powerup,powerup_1,items,ArcheryArena,reward_event,meta,417,165,39.57,166,,,0.4,1.01
2026-08-03,Variant,powerup,powerup_1,items,team_versus_contribution,reward_event,meta,417,129,30.94,130,,,0.31,1.01
2026-08-03,Variant,powerup,powerup_1,items,kite_festival_event,reward_event,meta,417,52,12.47,53,,,0.13,1.02
2026-08-03,Variant,powerup,powerup_1,items,reward_chest,reward_chest,other,417,30,7.19,37,,,0.09,1.23
2026-08-03,Variant,powerup,powerup_1,items,dreamheist_event,reward_event,meta,417,33,7.91,33,,,0.08,1.0
2026-08-03,Variant,powerup,powerup_1,items,bomb_ballet_event,reward_event,meta,417,32,7.67,32,,,0.08,1.0
2026-08-03,Variant,powerup,powerup_1,items,ad_chest,ad_chest,ads,417,18,4.32,21,,,0.05,1.17
2026-08-03,Variant,powerup,powerup_1,items,race_event,reward_event,meta,417,7,1.68,7,,,0.02,1.0
2026-08-03,Variant,powerup,powerup_1,items,dream_pass_event,reward_event,meta,417,3,0.72,6,,,0.01,2.0
2026-08-03,Variant,powerup,powerup_1,items,saga_progression,chapter_complete,core,417,5,1.2,5,,,0.01,1.0
2026-08-03,Variant,powerup,powerup_1,items,daily_reward,daily_reward,core,417,5,1.2,5,,,0.01,1.0
2026-08-03,Variant,powerup,powerup_1,items,bundle_3_with_prelevel_boosters_tier3,purchase,purchase,417,2,0.48,4,,,0.01,2.0
2026-08-03,Variant,powerup,powerup_1,items,river_rush,reward_event,meta,417,2,0.48,2,,,0.0,1.0
2026-08-03,Variant,powerup,powerup_1,items,bundle_7_with_prelevel_boosters,purchase,purchase,417,2,0.48,2,,,0.0,1.0
2026-08-03,Variant,powerup,powerup_1,items,single_collection,reward_event,meta,417,2,0.48,2,,,0.0,1.0
2026-08-03,Variant,powerup,powerup_1,items,rolling_offer_p049_tier3,purchase,purchase,417,2,0.48,2,,,0.0,1.0
2026-08-03,Variant,powerup,powerup_1,items,special_offer10,purchase,purchase,417,1,0.24,1,,,0.0,1.0
2026-08-03,Variant,powerup,powerup_1,items,team_collection,reward_event,meta,417,1,0.24,1,,,0.0,1.0
2026-08-03,Variant,powerup,powerup_1,items,rolling_offer_tier1_p299,purchase,purchase,417,1,0.24,1,,,0.0,1.0
2026-08-03,Variant,powerup,powerup_1,items,bundle_1_with_prelevel_boosters_tier3,purchase,purchase,417,1,0.24,1,,,0.0,1.0
2026-08-03,Variant,powerup,powerup_1,items,bundle_2_with_prelevel_boosters,purchase,purchase,417,1,0.24,1,,,0.0,1.0
2026-08-03,Variant,powerup,powerup_1,items,offer_free_items,rolling_offer,meta,417,1,0.24,1,,,0.0,1.0
2026-08-03,Variant,powerup,powerup_1,items,rolling_offer_p099_VarA,purchase,purchase,417,1,0.24,1,,,0.0,1.0
2026-08-03,Variant,powerup,powerup_1,items,bundle_7_with_prelevel_boosters2,purchase,purchase,417,1,0.24,1,,,0.0,1.0
2026-08-03,Variant,powerup,powerup_1,items,rolling_offer_tier1_p499_VarA,purchase,purchase,417,1,0.24,1,,,0.0,1.0
2026-08-03,Variant,powerup,powerup_2,items,Rainbow Maker,reward_event,meta,417,387,92.81,1162,,,2.79,3.0
2026-08-03,Variant,powerup,powerup_2,items,player_level_up,reward_chest,core,417,288,69.06,550,,,1.32,1.91
2026-08-03,Variant,powerup,powerup_2,items,saga_progression,chapter_complete,core,417,355,85.13,522,,,1.25,1.47
2026-08-03,Variant,powerup,powerup_2,items,dreamheist_event,reward_event,meta,417,167,40.05,173,,,0.41,1.04
2026-08-03,Variant,powerup,powerup_2,items,Hatchling Hideaway,event_reward,meta,417,118,28.3,122,,,0.29,1.03
2026-08-03,Variant,powerup,powerup_2,items,FlockRush,event_reward,meta,417,101,24.22,102,,,0.24,1.01
2026-08-03,Variant,powerup,powerup_2,items,daily_reward,daily_reward,core,417,81,19.42,81,,,0.19,1.0
2026-08-03,Variant,powerup,powerup_2,items,team_versus,reward_event,meta,417,60,14.39,60,,,0.14,1.0
2026-08-03,Variant,powerup,powerup_2,items,kite_festival_event,reward_event,meta,417,58,13.91,59,,,0.14,1.02
2026-08-03,Variant,powerup,powerup_2,items,reward_chest,reward_chest,other,417,30,7.19,55,,,0.13,1.83
2026-08-03,Variant,powerup,powerup_2,items,ad_chest,ad_chest,ads,417,31,7.43,45,,,0.11,1.45
2026-08-03,Variant,powerup,powerup_2,items,ArcheryArena,reward_event,meta,417,28,6.71,30,,,0.07,1.07
2026-08-03,Variant,powerup,powerup_2,items,dream_pass_event,reward_event,meta,417,23,5.52,30,,,0.07,1.3
2026-08-03,Variant,powerup,powerup_2,items,bomb_ballet_event,reward_event,meta,417,26,6.24,26,,,0.06,1.0
2026-08-03,Variant,powerup,powerup_2,items,ingame,purchase,purchase,417,5,1.2,21,,,0.05,4.2
2026-08-03,Variant,powerup,powerup_2,items,team_versus_contribution,reward_event,meta,417,11,2.64,11,,,0.03,1.0
2026-08-03,Variant,powerup,powerup_2,items,offer_free_items,rolling_offer,meta,417,4,0.96,6,,,0.01,1.5
2026-08-03,Variant,powerup,powerup_2,items,race_event,reward_event,meta,417,5,1.2,5,,,0.01,1.0
2026-08-03,Variant,powerup,powerup_2,items,bundle_3_with_prelevel_boosters_tier3,purchase,purchase,417,2,0.48,4,,,0.01,2.0
2026-08-03,Variant,powerup,powerup_2,items,special_offer10,purchase,purchase,417,1,0.24,3,,,0.01,3.0
2026-08-03,Variant,powerup,powerup_2,items,team_collection,reward_event,meta,417,1,0.24,2,,,0.0,2.0
2026-08-03,Variant,powerup,powerup_2,items,bundle_7_with_prelevel_boosters,purchase,purchase,417,2,0.48,2,,,0.0,1.0
2026-08-03,Variant,powerup,powerup_2,items,rolling_offer_tier1_p299,purchase,purchase,417,1,0.24,1,,,0.0,1.0
2026-08-03,Variant,powerup,powerup_2,items,bundle_2_with_prelevel_boosters,purchase,purchase,417,1,0.24,1,,,0.0,1.0
2026-08-03,Variant,powerup,powerup_2,items,rolling_offer_tier1_p499_VarA,purchase,purchase,417,1,0.24,1,,,0.0,1.0
2026-08-03,Variant,powerup,powerup_2,items,river_rush,reward_event,meta,417,1,0.24,1,,,0.0,1.0
2026-08-03,Variant,powerup,powerup_2,items,bundle_7_with_prelevel_boosters2,purchase,purchase,417,1,0.24,1,,,0.0,1.0
2026-08-03,Variant,powerup,powerup_2,items,single_collection,reward_event,meta,417,1,0.24,1,,,0.0,1.0
2026-08-03,Variant,powerup,powerup_2,items,bundle_1_with_prelevel_boosters_tier3,purchase,purchase,417,1,0.24,1,,,0.0,1.0
2026-08-03,Variant,powerup,powerup_3,items,player_level_up,reward_chest,core,417,332,79.62,658,,,1.58,1.98
2026-08-03,Variant,powerup,powerup_3,items,Rainbow Maker,reward_event,meta,417,364,87.29,540,,,1.29,1.48
2026-08-03,Variant,powerup,powerup_3,items,saga_progression,chapter_complete,core,417,356,85.37,495,,,1.19,1.39
2026-08-03,Variant,powerup,powerup_3,items,Hatchling Hideaway,event_reward,meta,417,189,45.32,196,,,0.47,1.04
2026-08-03,Variant,powerup,powerup_3,items,team_versus,reward_event,meta,417,156,37.41,157,,,0.38,1.01
2026-08-03,Variant,powerup,powerup_3,items,dream_pass_event,reward_event,meta,417,75,17.99,84,,,0.2,1.12
2026-08-03,Variant,powerup,powerup_3,items,reward_chest,reward_chest,other,417,30,7.19,60,,,0.14,2.0
2026-08-03,Variant,powerup,powerup_3,items,ArcheryArena,reward_event,meta,417,58,13.91,58,,,0.14,1.0
2026-08-03,Variant,powerup,powerup_3,items,kite_festival_event,reward_event,meta,417,55,13.19,57,,,0.14,1.04
2026-08-03,Variant,powerup,powerup_3,items,ad_chest,ad_chest,ads,417,36,8.63,45,,,0.11,1.25
2026-08-03,Variant,powerup,powerup_3,items,team_versus_contribution,reward_event,meta,417,32,7.67,32,,,0.08,1.0
2026-08-03,Variant,powerup,powerup_3,items,daily_reward,daily_reward,core,417,32,7.67,32,,,0.08,1.0
2026-08-03,Variant,powerup,powerup_3,items,bomb_ballet_event,reward_event,meta,417,30,7.19,30,,,0.07,1.0
2026-08-03,Variant,powerup,powerup_3,items,facebook_like,facebook_like,other,417,12,2.88,24,,,0.06,2.0
2026-08-03,Variant,powerup,powerup_3,items,race_event,reward_event,meta,417,9,2.16,9,,,0.02,1.0
2026-08-03,Variant,powerup,powerup_3,items,ingame,purchase,purchase,417,3,0.72,9,,,0.02,3.0
2026-08-03,Variant,powerup,powerup_3,items,offer_free_items,rolling_offer,meta,417,4,0.96,5,,,0.01,1.25
2026-08-03,Variant,powerup,powerup_3,items,bundle_3_with_prelevel_boosters_tier3,purchase,purchase,417,2,0.48,4,,,0.01,2.0
2026-08-03,Variant,powerup,powerup_3,items,single_collection,reward_event,meta,417,3,0.72,3,,,0.01,1.0
2026-08-03,Variant,powerup,powerup_3,items,special_offer10,purchase,purchase,417,1,0.24,3,,,0.01,3.0
2026-08-03,Variant,powerup,powerup_3,items,bundle_7_with_prelevel_boosters,purchase,purchase,417,2,0.48,2,,,0.0,1.0
2026-08-03,Variant,powerup,powerup_3,items,red_event,reward_event,meta,417,1,0.24,1,,,0.0,1.0
2026-08-03,Variant,powerup,powerup_3,items,bundle_2_with_prelevel_boosters,purchase,purchase,417,1,0.24,1,,,0.0,1.0
2026-08-03,Variant,powerup,powerup_3,items,bundle_1_with_prelevel_boosters_tier3,purchase,purchase,417,1,0.24,1,,,0.0,1.0
2026-08-03,Variant,powerup,powerup_3,items,river_rush,reward_event,meta,417,1,0.24,1,,,0.0,1.0
2026-08-03,Variant,powerup,powerup_3,items,bundle_7_with_prelevel_boosters2,purchase,purchase,417,1,0.24,1,,,0.0,1.0
2026-08-03,Variant,powerup,powerup_3,items,rolling_offer_tier1_p299,purchase,purchase,417,1,0.24,1,,,0.0,1.0
2026-08-03,Variant,powerup,powerup_3,items,rolling_offer_tier1_p499_VarA,purchase,purchase,417,1,0.24,1,,,0.0,1.0
2026-08-03,Variant,pre_level_booster,pre_level_booster_1,items,Rainbow Maker,reward_event,meta,417,399,95.68,588,,,1.41,1.47
2026-08-03,Variant,pre_level_booster,pre_level_booster_1,items,saga_progression,chapter_complete,core,417,356,85.37,557,,,1.34,1.56
2026-08-03,Variant,pre_level_booster,pre_level_booster_1,items,Hatchling Hideaway,event_reward,meta,417,274,65.71,279,,,0.67,1.02
2026-08-03,Variant,pre_level_booster,pre_level_booster_1,items,dream_pass_event,reward_event,meta,417,100,23.98,259,,,0.62,2.59
2026-08-03,Variant,pre_level_booster,pre_level_booster_1,items,player_level_up,reward_chest,core,417,192,46.04,211,,,0.51,1.1
2026-08-03,Variant,pre_level_booster,pre_level_booster_1,items,dreamheist_event,reward_event,meta,417,193,46.28,204,,,0.49,1.06
2026-08-03,Variant,pre_level_booster,pre_level_booster_1,items,FlockRush,event_reward,meta,417,101,24.22,102,,,0.24,1.01
2026-08-03,Variant,pre_level_booster,pre_level_booster_1,items,offer_free_items,rolling_offer,meta,417,76,18.23,79,,,0.19,1.04
2026-08-03,Variant,pre_level_booster,pre_level_booster_1,items,bomb_ballet_event,reward_event,meta,417,33,7.91,33,,,0.08,1.0
2026-08-03,Variant,pre_level_booster,pre_level_booster_1,items,reward_chest,reward_chest,other,417,28,6.71,28,,,0.07,1.0
2026-08-03,Variant,pre_level_booster,pre_level_booster_1,items,team_versus_contribution,reward_event,meta,417,11,2.64,11,,,0.03,1.0
2026-08-03,Variant,pre_level_booster,pre_level_booster_1,items,kite_festival_event,reward_event,meta,417,11,2.64,11,,,0.03,1.0
2026-08-03,Variant,pre_level_booster,pre_level_booster_1,items,ArcheryArena,reward_event,meta,417,11,2.64,11,,,0.03,1.0
2026-08-03,Variant,pre_level_booster,pre_level_booster_1,items,bundle_3_with_prelevel_boosters_tier3,purchase,purchase,417,2,0.48,4,,,0.01,2.0
2026-08-03,Variant,pre_level_booster,pre_level_booster_1,items,river_rush,reward_event,meta,417,2,0.48,3,,,0.01,1.5
2026-08-03,Variant,pre_level_booster,pre_level_booster_1,items,ad_chest,ad_chest,ads,417,2,0.48,2,,,0.0,1.0
2026-08-03,Variant,pre_level_booster,pre_level_booster_1,items,Jigsaw,reward_event,meta,417,2,0.48,2,,,0.0,1.0
2026-08-03,Variant,pre_level_booster,pre_level_booster_1,items,bundle_7_with_prelevel_boosters,purchase,purchase,417,2,0.48,2,,,0.0,1.0
2026-08-03,Variant,pre_level_booster,pre_level_booster_1,items,rolling_offer_tier1_p299,purchase,purchase,417,1,0.24,1,,,0.0,1.0
2026-08-03,Variant,pre_level_booster,pre_level_booster_1,items,season_pass_event,reward_event,meta,417,1,0.24,1,,,0.0,1.0
2026-08-03,Variant,pre_level_booster,pre_level_booster_1,items,bundle_7_with_prelevel_boosters2,purchase,purchase,417,1,0.24,1,,,0.0,1.0
2026-08-03,Variant,pre_level_booster,pre_level_booster_1,items,bundle_2_with_prelevel_boosters,purchase,purchase,417,1,0.24,1,,,0.0,1.0
2026-08-03,Variant,pre_level_booster,pre_level_booster_1,items,bundle_1_with_prelevel_boosters_tier3,purchase,purchase,417,1,0.24,1,,,0.0,1.0
2026-08-03,Variant,pre_level_booster,pre_level_booster_2,items,Rainbow Maker,reward_event,meta,417,393,94.24,545,,,1.31,1.39
2026-08-03,Variant,pre_level_booster,pre_level_booster_2,items,saga_progression,chapter_complete,core,417,341,81.77,494,,,1.18,1.45
2026-08-03,Variant,pre_level_booster,pre_level_booster_2,items,player_level_up,reward_chest,core,417,199,47.72,456,,,1.09,2.29
2026-08-03,Variant,pre_level_booster,pre_level_booster_2,items,Hatchling Hideaway,event_reward,meta,417,268,64.27,277,,,0.66,1.03
2026-08-03,Variant,pre_level_booster,pre_level_booster_2,items,dream_pass_event,reward_event,meta,417,108,25.9,272,,,0.65,2.52
2026-08-03,Variant,pre_level_booster,pre_level_booster_2,items,dreamheist_event,reward_event,meta,417,134,32.13,140,,,0.34,1.04
2026-08-03,Variant,pre_level_booster,pre_level_booster_2,items,FlockRush,event_reward,meta,417,101,24.22,102,,,0.24,1.01
2026-08-03,Variant,pre_level_booster,pre_level_booster_2,items,offer_free_items,rolling_offer,meta,417,72,17.27,74,,,0.18,1.03
2026-08-03,Variant,pre_level_booster,pre_level_booster_2,items,team_versus_contribution,reward_event,meta,417,32,7.67,32,,,0.08,1.0
2026-08-03,Variant,pre_level_booster,pre_level_booster_2,items,reward_chest,reward_chest,other,417,28,6.71,28,,,0.07,1.0
2026-08-03,Variant,pre_level_booster,pre_level_booster_2,items,bomb_ballet_event,reward_event,meta,417,25,6.0,27,,,0.06,1.08
2026-08-03,Variant,pre_level_booster,pre_level_booster_2,items,kite_festival_event,reward_event,meta,417,13,3.12,13,,,0.03,1.0
2026-08-03,Variant,pre_level_booster,pre_level_booster_2,items,ArcheryArena,reward_event,meta,417,13,3.12,13,,,0.03,1.0
2026-08-03,Variant,pre_level_booster,pre_level_booster_2,items,bundle_3_with_prelevel_boosters_tier3,purchase,purchase,417,2,0.48,4,,,0.01,2.0
2026-08-03,Variant,pre_level_booster,pre_level_booster_2,items,Jigsaw,reward_event,meta,417,3,0.72,3,,,0.01,1.0
2026-08-03,Variant,pre_level_booster,pre_level_booster_2,items,race_event,reward_event,meta,417,3,0.72,3,,,0.01,1.0
2026-08-03,Variant,pre_level_booster,pre_level_booster_2,items,bundle_7_with_prelevel_boosters,purchase,purchase,417,2,0.48,2,,,0.0,1.0
2026-08-03,Variant,pre_level_booster,pre_level_booster_2,items,ad_chest,ad_chest,ads,417,2,0.48,2,,,0.0,1.0
2026-08-03,Variant,pre_level_booster,pre_level_booster_2,items,rolling_offer_tier1_p299,purchase,purchase,417,1,0.24,1,,,0.0,1.0
2026-08-03,Variant,pre_level_booster,pre_level_booster_2,items,season_pass_event,reward_event,meta,417,1,0.24,1,,,0.0,1.0
2026-08-03,Variant,pre_level_booster,pre_level_booster_2,items,bundle_1_with_prelevel_boosters_tier3,purchase,purchase,417,1,0.24,1,,,0.0,1.0
2026-08-03,Variant,pre_level_booster,pre_level_booster_2,items,bundle_7_with_prelevel_boosters2,purchase,purchase,417,1,0.24,1,,,0.0,1.0
2026-08-03,Variant,pre_level_booster,pre_level_booster_2,items,bundle_2_with_prelevel_boosters,purchase,purchase,417,1,0.24,1,,,0.0,1.0
2026-08-03,Variant,pre_level_booster,pre_level_booster_3,items,saga_progression,chapter_complete,core,417,368,88.25,511,,,1.23,1.39
2026-08-03,Variant,pre_level_booster,pre_level_booster_3,items,player_level_up,reward_chest,core,417,200,47.96,371,,,0.89,1.86
2026-08-03,Variant,pre_level_booster,pre_level_booster_3,items,Rainbow Maker,reward_event,meta,417,238,57.07,305,,,0.73,1.28
2026-08-03,Variant,pre_level_booster,pre_level_booster_3,items,Hatchling Hideaway,event_reward,meta,417,241,57.79,245,,,0.59,1.02
2026-08-03,Variant,pre_level_booster,pre_level_booster_3,items,team_versus_contribution,reward_event,meta,417,129,30.94,130,,,0.31,1.01
2026-08-03,Variant,pre_level_booster,pre_level_booster_3,items,FlockRush,event_reward,meta,417,101,24.22,102,,,0.24,1.01
2026-08-03,Variant,pre_level_booster,pre_level_booster_3,items,dream_pass_event,reward_event,meta,417,73,17.51,88,,,0.21,1.21
2026-08-03,Variant,pre_level_booster,pre_level_booster_3,items,offer_free_items,rolling_offer,meta,417,70,16.79,73,,,0.18,1.04
2026-08-03,Variant,pre_level_booster,pre_level_booster_3,items,ArcheryArena,reward_event,meta,417,45,10.79,46,,,0.11,1.02
2026-08-03,Variant,pre_level_booster,pre_level_booster_3,items,bomb_ballet_event,reward_event,meta,417,32,7.67,32,,,0.08,1.0
2026-08-03,Variant,pre_level_booster,pre_level_booster_3,items,reward_chest,reward_chest,other,417,28,6.71,28,,,0.07,1.0
2026-08-03,Variant,pre_level_booster,pre_level_booster_3,items,kite_festival_event,reward_event,meta,417,25,6.0,25,,,0.06,1.0
2026-08-03,Variant,pre_level_booster,pre_level_booster_3,items,race_event,reward_event,meta,417,7,1.68,7,,,0.02,1.0
2026-08-03,Variant,pre_level_booster,pre_level_booster_3,items,bundle_3_with_prelevel_boosters_tier3,purchase,purchase,417,2,0.48,4,,,0.01,2.0
2026-08-03,Variant,pre_level_booster,pre_level_booster_3,items,bundle_7_with_prelevel_boosters,purchase,purchase,417,2,0.48,2,,,0.0,1.0
2026-08-03,Variant,pre_level_booster,pre_level_booster_3,items,bundle_1_with_prelevel_boosters_tier3,purchase,purchase,417,1,0.24,1,,,0.0,1.0
2026-08-03,Variant,pre_level_booster,pre_level_booster_3,items,river_rush,reward_event,meta,417,1,0.24,1,,,0.0,1.0
2026-08-03,Variant,pre_level_booster,pre_level_booster_3,items,ad_chest,ad_chest,ads,417,1,0.24,1,,,0.0,1.0
2026-08-03,Variant,pre_level_booster,pre_level_booster_3,items,rolling_offer_tier1_p299,purchase,purchase,417,1,0.24,1,,,0.0,1.0
2026-08-03,Variant,pre_level_booster,pre_level_booster_3,items,bundle_7_with_prelevel_boosters2,purchase,purchase,417,1,0.24,1,,,0.0,1.0
2026-08-03,Variant,pre_level_booster,pre_level_booster_3,items,bundle_2_with_prelevel_boosters,purchase,purchase,417,1,0.24,1,,,0.0,1.0
2026-08-03,Variant,season_pass_multiplier_2x,SeasonPassMultiplier2x,minutes,Rainbow Maker,reward_event,meta,417,387,92.81,6810,,,16.33,17.6
2026-08-03,Variant,season_pass_multiplier_2x,SeasonPassMultiplier2x,minutes,great_offer1_299,purchase,purchase,417,1,0.24,360,,,0.86,360.0
2026-08-03,Variant,season_pass_multiplier_2x,SeasonPassMultiplier2x,minutes,river_rush,reward_event,meta,417,2,0.48,25,,,0.06,12.5
2026-08-03,Variant,ul_pre_booster,UnlimitedBooster1,minutes,Rainbow Maker,reward_event,meta,417,340,81.53,4390,,,10.53,12.91
2026-08-03,Variant,ul_pre_booster,UnlimitedBooster1,minutes,Hatchling Hideaway,event_reward,meta,417,189,45.32,1960,,,4.7,10.37
2026-08-03,Variant,ul_pre_booster,UnlimitedBooster1,minutes,dream_pass_event,reward_event,meta,417,94,22.54,1935,,,4.64,20.59
2026-08-03,Variant,ul_pre_booster,UnlimitedBooster1,minutes,daily_reward,daily_reward,core,417,23,5.52,1380,,,3.31,60.0
2026-08-03,Variant,ul_pre_booster,UnlimitedBooster1,minutes,bomb_ballet_event,reward_event,meta,417,45,10.79,830,,,1.99,18.44
2026-08-03,Variant,ul_pre_booster,UnlimitedBooster1,minutes,great_offer1_299,purchase,purchase,417,1,0.24,360,,,0.86,360.0
2026-08-03,Variant,ul_pre_booster,UnlimitedBooster1,minutes,Hard_Level_Offer1,purchase,purchase,417,5,1.2,100,,,0.24,20.0
2026-08-03,Variant,ul_pre_booster,UnlimitedBooster1,minutes,Hard_level_offer1_tier3,purchase,purchase,417,3,0.72,60,,,0.14,20.0
2026-08-03,Variant,ul_pre_booster,UnlimitedBooster1,minutes,Jigsaw,reward_event,meta,417,3,0.72,45,,,0.11,15.0
2026-08-03,Variant,ul_pre_booster,UnlimitedBooster1,minutes,river_rush,reward_event,meta,417,1,0.24,30,,,0.07,30.0
2026-08-03,Variant,ul_pre_booster,UnlimitedBooster1,minutes,season_pass_event,reward_event,meta,417,1,0.24,10,,,0.02,10.0
2026-08-03,Variant,ul_pre_booster,UnlimitedBooster2,minutes,Hatchling Hideaway,event_reward,meta,417,118,28.3,1220,,,2.93,10.34
2026-08-03,Variant,ul_pre_booster,UnlimitedBooster2,minutes,dream_pass_event,reward_event,meta,417,62,14.87,1105,,,2.65,17.82
2026-08-03,Variant,ul_pre_booster,UnlimitedBooster2,minutes,bomb_ballet_event,reward_event,meta,417,38,9.11,685,,,1.64,18.03
2026-08-03,Variant,ul_pre_booster,UnlimitedBooster2,minutes,Rainbow Maker,reward_event,meta,417,29,6.95,400,,,0.96,13.79
2026-08-03,Variant,ul_pre_booster,UnlimitedBooster2,minutes,great_offer1_299,purchase,purchase,417,1,0.24,360,,,0.86,360.0
2026-08-03,Variant,ul_pre_booster,UnlimitedBooster2,minutes,daily_reward,daily_reward,core,417,6,1.44,360,,,0.86,60.0
2026-08-03,Variant,ul_pre_booster,UnlimitedBooster2,minutes,Hard_Level_Offer1,purchase,purchase,417,5,1.2,100,,,0.24,20.0
2026-08-03,Variant,ul_pre_booster,UnlimitedBooster2,minutes,Hard_level_offer1_tier3,purchase,purchase,417,3,0.72,60,,,0.14,20.0
2026-08-03,Variant,ul_pre_booster,UnlimitedBooster2,minutes,Jigsaw,reward_event,meta,417,2,0.48,20,,,0.05,10.0
2026-08-03,Variant,ul_pre_booster,UnlimitedBooster2,minutes,season_pass_event,reward_event,meta,417,1,0.24,15,,,0.04,15.0
2026-08-03,Variant,ul_pre_booster,UnlimitedBooster3,minutes,bomb_ballet_event,reward_event,meta,417,40,9.59,690,,,1.65,17.25
2026-08-03,Variant,ul_pre_booster,UnlimitedBooster3,minutes,great_offer1_299,purchase,purchase,417,1,0.24,360,,,0.86,360.0
2026-08-03,Variant,ul_pre_booster,UnlimitedBooster3,minutes,Hard_Level_Offer1,purchase,purchase,417,5,1.2,100,,,0.24,20.0
2026-08-03,Variant,ul_pre_booster,UnlimitedBooster3,minutes,Hard_level_offer1_tier3,purchase,purchase,417,3,0.72,60,,,0.14,20.0
2026-08-03,Variant,ul_pre_booster,UnlimitedBooster3,minutes,dream_pass_event,reward_event,meta,417,3,0.72,50,,,0.12,16.67
2026-08-03,Variant,ul_pre_booster,UnlimitedBooster3,minutes,daily_reward,daily_reward,core,417,1,0.24,30,,,0.07,30.0
2026-08-03,Variant,ul_pre_booster,UnlimitedBooster3,minutes,Jigsaw,reward_event,meta,417,2,0.48,20,,,0.05,10.0
2026-08-03,Variant,ul_pre_booster,UnlimitedBooster3,minutes,river_rush,reward_event,meta,417,1,0.24,20,,,0.05,20.0
2026-08-03,Variant,unlimited_lives,UnlimitedLives,minutes,saga_progression,chapter_complete,core,417,413,99.04,136155,,,326.51,329.67
2026-08-03,Variant,unlimited_lives,UnlimitedLives,minutes,player_level_up,reward_chest,core,417,352,84.41,37500,,,89.93,106.53
2026-08-03,Variant,unlimited_lives,UnlimitedLives,minutes,Hatchling Hideaway,event_reward,meta,417,278,66.67,24090,,,57.77,86.65
2026-08-03,Variant,unlimited_lives,UnlimitedLives,minutes,FlockRush,event_reward,meta,417,309,74.1,18660,,,44.75,60.39
2026-08-03,Variant,unlimited_lives,UnlimitedLives,minutes,Rainbow Maker,reward_event,meta,417,396,94.96,17540,,,42.06,44.29
2026-08-03,Variant,unlimited_lives,UnlimitedLives,minutes,dreamheist_event,reward_event,meta,417,277,66.43,9980,,,23.93,36.03
2026-08-03,Variant,unlimited_lives,UnlimitedLives,minutes,dream_pass_event,reward_event,meta,417,92,22.06,8205,,,19.68,89.18
2026-08-03,Variant,unlimited_lives,UnlimitedLives,minutes,daily_reward,daily_reward,core,417,146,35.01,6610,,,15.85,45.27
2026-08-03,Variant,unlimited_lives,UnlimitedLives,minutes,bomb_ballet_event,reward_event,meta,417,57,13.67,4770,,,11.44,83.68
2026-08-03,Variant,unlimited_lives,UnlimitedLives,minutes,reward_chest,reward_chest,other,417,28,6.71,840,,,2.01,30.0
2026-08-03,Variant,unlimited_lives,UnlimitedLives,minutes,ad_chest,ad_chest,ads,417,52,12.47,710,,,1.7,13.65
2026-08-03,Variant,unlimited_lives,UnlimitedLives,minutes,great_offer1_299,purchase,purchase,417,1,0.24,360,,,0.86,360.0
2026-08-03,Variant,unlimited_lives,UnlimitedLives,minutes,offer_free_items,rolling_offer,meta,417,6,1.44,265,,,0.64,44.17
2026-08-03,Variant,unlimited_lives,UnlimitedLives,minutes,kite_festival_event,reward_event,meta,417,6,1.44,210,,,0.5,35.0
2026-08-03,Variant,unlimited_lives,UnlimitedLives,minutes,season_pass_event,reward_event,meta,417,1,0.24,120,,,0.29,120.0
2026-08-03,Variant,unlimited_lives,UnlimitedLives,minutes,Jigsaw,reward_event,meta,417,2,0.48,120,,,0.29,60.0
2026-08-03,Variant,unlimited_lives,UnlimitedLives,minutes,ArcheryArena,reward_event,meta,417,4,0.96,120,,,0.29,30.0
2026-08-03,Variant,unlimited_lives,UnlimitedLives,minutes,Hard_Level_Offer1,purchase,purchase,417,5,1.2,100,,,0.24,20.0
2026-08-03,Variant,unlimited_lives,UnlimitedLives,minutes,rolling_offer_p049_tier3,purchase,purchase,417,2,0.48,90,,,0.22,45.0
2026-08-03,Variant,unlimited_lives,UnlimitedLives,minutes,Hard_level_offer1_tier3,purchase,purchase,417,3,0.72,60,,,0.14,20.0
2026-08-03,Variant,unlimited_lives,UnlimitedLives,minutes,rolling_offer_p099_VarA,purchase,purchase,417,1,0.24,45,,,0.11,45.0
2026-08-03,Variant,unlimited_lives,UnlimitedLives,minutes,rolling_offer_tier1_p499_VarA,purchase,purchase,417,1,0.24,40,,,0.1,40.0
2026-08-04,Control,Avatar,Avatar,items,saga_progression,chapter_complete,core,403,219,54.34,631,,,1.57,2.88
2026-08-04,Control,currency,HardCoin,coins,saga_progression,chapter_complete,core,403,401,99.5,107300,107300,0,266.25,267.58
2026-08-04,Control,currency,HardCoin,coins,player_level_up,reward_chest,core,403,379,94.04,60685,60685,0,150.58,160.12
2026-08-04,Control,currency,HardCoin,coins,red_event,reward_event,meta,403,271,67.25,44650,44650,0,110.79,164.76
2026-08-04,Control,currency,HardCoin,coins,river_rush,reward_event,meta,403,117,29.03,20030,20030,0,49.7,171.2
2026-08-04,Control,currency,HardCoin,coins,race_event,reward_event,meta,403,253,62.78,17525,17525,0,43.49,69.27
2026-08-04,Control,currency,HardCoin,coins,Jigsaw,reward_event,meta,403,275,68.24,14925,14925,0,37.03,54.27
2026-08-04,Control,currency,HardCoin,coins,daily_reward,daily_reward,core,403,212,52.61,7875,7875,0,19.54,37.15
2026-08-04,Control,currency,HardCoin,coins,dream_pass_event,reward_event,meta,403,108,26.8,6485,6485,0,16.09,60.05
2026-08-04,Control,currency,HardCoin,coins,xs_coins2,purchase,purchase,403,6,1.49,3900,0,3900,9.68,650.0
2026-08-04,Control,currency,HardCoin,coins,reward_chest,reward_chest,other,403,33,8.19,3395,3395,0,8.42,102.88
2026-08-04,Control,currency,HardCoin,coins,ad_chest,ad_chest,ads,403,98,24.32,2530,2530,0,6.28,25.82
2026-08-04,Control,currency,HardCoin,coins,kite_festival_event,reward_event,meta,403,4,0.99,1200,1200,0,2.98,300.0
2026-08-04,Control,currency,HardCoin,coins,special_offer1_tier3,purchase,purchase,403,4,0.99,1200,0,1200,2.98,300.0
2026-08-04,Control,currency,HardCoin,coins,single_collection,reward_event,meta,403,7,1.74,1150,1150,0,2.85,164.29
2026-08-04,Control,currency,HardCoin,coins,rolling_offer_tier1_p799_tier3,purchase,purchase,403,1,0.25,1100,0,1100,2.73,1100.0
2026-08-04,Control,currency,HardCoin,coins,rolling_offer_p349_tier3,purchase,purchase,403,2,0.5,1100,0,1100,2.73,550.0
2026-08-04,Control,currency,HardCoin,coins,facebook_like,facebook_like,other,403,7,1.74,1100,1100,0,2.73,157.14
2026-08-04,Control,currency,HardCoin,coins,bundle_2_with_prelevel_boosters2,purchase,purchase,403,1,0.25,1000,0,1000,2.48,1000.0
2026-08-04,Control,currency,HardCoin,coins,xs_coins_tier3,purchase,purchase,403,3,0.74,900,0,900,2.23,300.0
2026-08-04,Control,currency,HardCoin,coins,special_offer1,purchase,purchase,403,2,0.5,600,0,600,1.49,300.0
2026-08-04,Control,currency,HardCoin,coins,team_versus,reward_event,meta,403,5,1.24,500,500,0,1.24,100.0
2026-08-04,Control,currency,HardCoin,coins,bundle_2_with_prelevel_boosters_tier3,purchase,purchase,403,1,0.25,500,0,500,1.24,500.0
2026-08-04,Control,currency,HardCoin,coins,Hard_level_offer1_tier3,purchase,purchase,403,5,1.24,500,0,500,1.24,100.0
2026-08-04,Control,currency,HardCoin,coins,s_coins_tier3,purchase,purchase,403,1,0.25,500,0,500,1.24,500.0
2026-08-04,Control,currency,HardCoin,coins,rolling_offer_p799_VarA,purchase,purchase,403,1,0.25,500,0,500,1.24,500.0
2026-08-04,Control,currency,HardCoin,coins,team_versus_contribution,reward_event,meta,403,9,2.23,490,490,0,1.22,54.44
2026-08-04,Control,currency,HardCoin,coins,bundle_1_with_prelevel_boosters_tier3,purchase,purchase,403,2,0.5,400,0,400,0.99,200.0
2026-08-04,Control,currency,HardCoin,coins,Hard_Level_Offer1,purchase,purchase,403,4,0.99,400,0,400,0.99,100.0
2026-08-04,Control,currency,HardCoin,coins,special_offer10,purchase,purchase,403,1,0.25,300,0,300,0.74,300.0
2026-08-04,Control,currency,HardCoin,coins,special_offer8,purchase,purchase,403,1,0.25,250,0,250,0.62,250.0
2026-08-04,Control,currency,HardCoin,coins,heart_gift,heart_gift,other,403,90,22.33,241,241,0,0.6,2.68
2026-08-04,Control,currency,HardCoin,coins,bundle_1_with_prelevel_boosters,purchase,purchase,403,1,0.25,200,0,200,0.5,200.0
2026-08-04,Control,currency,HardCoin,coins,Hatchling Hideaway,event_reward,meta,403,4,0.99,200,200,0,0.5,50.0
2026-08-04,Control,currency,HardCoin,coins,great_offer1_299,purchase,purchase,403,2,0.5,200,0,200,0.5,100.0
2026-08-04,Control,currency,HardCoin,coins,offer_free_items,rolling_offer,meta,403,1,0.25,150,150,0,0.37,150.0
2026-08-04,Control,currency,HardCoin,coins,rolling_offer_p049_tier3,purchase,purchase,403,1,0.25,150,0,150,0.37,150.0
2026-08-04,Control,currency,HardCoin,coins,bundle_7_with_prelevel_boosters,purchase,purchase,403,1,0.25,150,0,150,0.37,150.0
2026-08-04,Control,currency,HardCoin,coins,great_offer1_199_tier3,purchase,purchase,403,1,0.25,100,0,100,0.25,100.0
2026-08-04,Control,currency,HardCoin,coins,bomb_event,reward_event,meta,403,2,0.5,100,100,0,0.25,50.0
2026-08-04,Control,currency,HardCoin,coins,team_collection,reward_event,meta,403,1,0.25,80,80,0,0.2,80.0
2026-08-04,Control,currency,HardCoin,coins,season_pass_event,reward_event,meta,403,1,0.25,20,20,0,0.05,20.0
2026-08-04,Control,dream_pass_tokens,DreamPassToken,items,race_event,reward_event,meta,403,278,68.98,14020,,,34.79,50.43
2026-08-04,Control,dream_pass_tokens,DreamPassToken,items,offer_free_items,rolling_offer,meta,403,69,17.12,3660,,,9.08,53.04
2026-08-04,Control,dream_pass_tokens,DreamPassToken,items,river_rush,reward_event,meta,403,58,14.39,2880,,,7.15,49.66
2026-08-04,Control,dream_pass_tokens,DreamPassToken,items,kite_festival_event,reward_event,meta,403,5,1.24,1715,,,4.26,343.0
2026-08-04,Control,dream_pass_tokens,DreamPassToken,items,FlockRush,event_reward,meta,403,4,0.99,80,,,0.2,20.0
2026-08-04,Control,life,life,items,ask_for_lives,ask_for_lives,other,403,40,9.93,186,,,0.46,4.65
2026-08-04,Control,life,life,items,ad_life,ad_life,ads,403,42,10.42,69,,,0.17,1.64
2026-08-04,Control,life,liferefill,items,coin_purchase,coin_purchase,other,403,45,11.17,565,,,1.4,12.56
2026-08-04,Control,orb,Reds_Greatest_Challenge,items,dream_pass_event,reward_event,meta,403,21,5.21,21,,,0.05,1.0
2026-08-04,Control,powerup,powerup_1,items,saga_progression,chapter_complete,core,403,355,88.09,512,,,1.27,1.44
2026-08-04,Control,powerup,powerup_1,items,player_level_up,reward_chest,core,403,194,48.14,205,,,0.51,1.06
2026-08-04,Control,powerup,powerup_1,items,red_event,reward_event,meta,403,170,42.18,180,,,0.45,1.06
2026-08-04,Control,powerup,powerup_1,items,river_rush,reward_event,meta,403,96,23.82,170,,,0.42,1.77
2026-08-04,Control,powerup,powerup_1,items,Jigsaw,reward_event,meta,403,153,37.97,155,,,0.38,1.01
2026-08-04,Control,powerup,powerup_1,items,race_event,reward_event,meta,403,120,29.78,120,,,0.3,1.0
2026-08-04,Control,powerup,powerup_1,items,reward_chest,reward_chest,other,403,33,8.19,33,,,0.08,1.0
2026-08-04,Control,powerup,powerup_1,items,ad_chest,ad_chest,ads,403,20,4.96,26,,,0.06,1.3
2026-08-04,Control,powerup,powerup_1,items,dream_pass_event,reward_event,meta,403,5,1.24,9,,,0.02,1.8
2026-08-04,Control,powerup,powerup_1,items,ingame,purchase,purchase,403,3,0.74,9,,,0.02,3.0
2026-08-04,Control,powerup,powerup_1,items,team_versus,reward_event,meta,403,8,1.99,8,,,0.02,1.0
2026-08-04,Control,powerup,powerup_1,items,daily_reward,daily_reward,core,403,5,1.24,6,,,0.01,1.2
2026-08-04,Control,powerup,powerup_1,items,team_versus_contribution,reward_event,meta,403,6,1.49,6,,,0.01,1.0
2026-08-04,Control,powerup,powerup_1,items,single_collection,reward_event,meta,403,5,1.24,5,,,0.01,1.0
2026-08-04,Control,powerup,powerup_1,items,bundle_2_with_prelevel_boosters2,purchase,purchase,403,1,0.25,4,,,0.01,4.0
2026-08-04,Control,powerup,powerup_1,items,kite_festival_event,reward_event,meta,403,4,0.99,4,,,0.01,1.0
2026-08-04,Control,powerup,powerup_1,items,Hatchling Hideaway,event_reward,meta,403,3,0.74,3,,,0.01,1.0
2026-08-04,Control,powerup,powerup_1,items,offer_free_items,rolling_offer,meta,403,3,0.74,3,,,0.01,1.0
2026-08-04,Control,powerup,powerup_1,items,rolling_offer_p349_tier3,purchase,purchase,403,2,0.5,2,,,0.0,1.0
2026-08-04,Control,powerup,powerup_1,items,bundle_1_with_prelevel_boosters_tier3,purchase,purchase,403,2,0.5,2,,,0.0,1.0
2026-08-04,Control,powerup,powerup_1,items,rolling_offer_p049_tier3,purchase,purchase,403,1,0.25,1,,,0.0,1.0
2026-08-04,Control,powerup,powerup_1,items,special_offer8,purchase,purchase,403,1,0.25,1,,,0.0,1.0
2026-08-04,Control,powerup,powerup_1,items,bundle_7_with_prelevel_boosters,purchase,purchase,403,1,0.25,1,,,0.0,1.0
2026-08-04,Control,powerup,powerup_1,items,special_offer10,purchase,purchase,403,1,0.25,1,,,0.0,1.0
2026-08-04,Control,powerup,powerup_1,items,rolling_offer_p799_VarA,purchase,purchase,403,1,0.25,1,,,0.0,1.0
2026-08-04,Control,powerup,powerup_1,items,bundle_2_with_prelevel_boosters_tier3,purchase,purchase,403,1,0.25,1,,,0.0,1.0
2026-08-04,Control,powerup,powerup_1,items,bundle_1_with_prelevel_boosters,purchase,purchase,403,1,0.25,1,,,0.0,1.0
2026-08-04,Control,powerup,powerup_1,items,rolling_offer_tier1_p799_tier3,purchase,purchase,403,1,0.25,1,,,0.0,1.0
2026-08-04,Control,powerup,powerup_2,items,saga_progression,chapter_complete,core,403,377,93.55,1017,,,2.52,2.7
2026-08-04,Control,powerup,powerup_2,items,player_level_up,reward_chest,core,403,273,67.74,532,,,1.32,1.95
2026-08-04,Control,powerup,powerup_2,items,river_rush,reward_event,meta,403,113,28.04,218,,,0.54,1.93
2026-08-04,Control,powerup,powerup_2,items,Jigsaw,reward_event,meta,403,165,40.94,166,,,0.41,1.01
2026-08-04,Control,powerup,powerup_2,items,daily_reward,daily_reward,core,403,76,18.86,76,,,0.19,1.0
2026-08-04,Control,powerup,powerup_2,items,race_event,reward_event,meta,403,51,12.66,53,,,0.13,1.04
2026-08-04,Control,powerup,powerup_2,items,ad_chest,ad_chest,ads,403,43,10.67,49,,,0.12,1.14
2026-08-04,Control,powerup,powerup_2,items,dream_pass_event,reward_event,meta,403,35,8.68,48,,,0.12,1.37
2026-08-04,Control,powerup,powerup_2,items,reward_chest,reward_chest,other,403,33,8.19,34,,,0.08,1.03
2026-08-04,Control,powerup,powerup_2,items,ingame,purchase,purchase,403,4,0.99,21,,,0.05,5.25
2026-08-04,Control,powerup,powerup_2,items,red_event,reward_event,meta,403,14,3.47,15,,,0.04,1.07
2026-08-04,Control,powerup,powerup_2,items,offer_free_items,rolling_offer,meta,403,7,1.74,12,,,0.03,1.71
2026-08-04,Control,powerup,powerup_2,items,FlockRush,event_reward,meta,403,4,0.99,4,,,0.01,1.0
2026-08-04,Control,powerup,powerup_2,items,team_versus,reward_event,meta,403,4,0.99,4,,,0.01,1.0
2026-08-04,Control,powerup,powerup_2,items,Hatchling Hideaway,event_reward,meta,403,4,0.99,4,,,0.01,1.0
2026-08-04,Control,powerup,powerup_2,items,bundle_2_with_prelevel_boosters2,purchase,purchase,403,1,0.25,4,,,0.01,4.0
2026-08-04,Control,powerup,powerup_2,items,special_offer10,purchase,purchase,403,1,0.25,3,,,0.01,3.0
2026-08-04,Control,powerup,powerup_2,items,single_collection,reward_event,meta,403,2,0.5,3,,,0.01,1.5
2026-08-04,Control,powerup,powerup_2,items,rolling_offer_tier1_p799_tier3,purchase,purchase,403,1,0.25,2,,,0.0,2.0
2026-08-04,Control,powerup,powerup_2,items,special_offer8,purchase,purchase,403,1,0.25,2,,,0.0,2.0
2026-08-04,Control,powerup,powerup_2,items,rolling_offer_p349_tier3,purchase,purchase,403,2,0.5,2,,,0.0,1.0
2026-08-04,Control,powerup,powerup_2,items,bundle_1_with_prelevel_boosters_tier3,purchase,purchase,403,2,0.5,2,,,0.0,1.0
2026-08-04,Control,powerup,powerup_2,items,bundle_1_with_prelevel_boosters,purchase,purchase,403,1,0.25,1,,,0.0,1.0
2026-08-04,Control,powerup,powerup_2,items,bundle_7_with_prelevel_boosters,purchase,purchase,403,1,0.25,1,,,0.0,1.0
2026-08-04,Control,powerup,powerup_2,items,kite_festival_event,reward_event,meta,403,1,0.25,1,,,0.0,1.0
2026-08-04,Control,powerup,powerup_2,items,rolling_offer_p799_VarA,purchase,purchase,403,1,0.25,1,,,0.0,1.0
2026-08-04,Control,powerup,powerup_2,items,team_versus_contribution,reward_event,meta,403,1,0.25,1,,,0.0,1.0
2026-08-04,Control,powerup,powerup_2,items,bundle_2_with_prelevel_boosters_tier3,purchase,purchase,403,1,0.25,1,,,0.0,1.0
2026-08-04,Control,powerup,powerup_3,items,saga_progression,chapter_complete,core,403,370,91.81,996,,,2.47,2.69
2026-08-04,Control,powerup,powerup_3,items,player_level_up,reward_chest,core,403,317,78.66,623,,,1.55,1.97
2026-08-04,Control,powerup,powerup_3,items,river_rush,reward_event,meta,403,77,19.11,134,,,0.33,1.74
2026-08-04,Control,powerup,powerup_3,items,red_event,reward_event,meta,403,121,30.02,124,,,0.31,1.02
2026-08-04,Control,powerup,powerup_3,items,dream_pass_event,reward_event,meta,403,71,17.62,96,,,0.24,1.35
2026-08-04,Control,powerup,powerup_3,items,race_event,reward_event,meta,403,82,20.35,84,,,0.21,1.02
2026-08-04,Control,powerup,powerup_3,items,ad_chest,ad_chest,ads,403,46,11.41,57,,,0.14,1.24
2026-08-04,Control,powerup,powerup_3,items,reward_chest,reward_chest,other,403,33,8.19,33,,,0.08,1.0
2026-08-04,Control,powerup,powerup_3,items,ingame,purchase,purchase,403,7,1.74,33,,,0.08,4.71
2026-08-04,Control,powerup,powerup_3,items,daily_reward,daily_reward,core,403,30,7.44,30,,,0.07,1.0
2026-08-04,Control,powerup,powerup_3,items,facebook_like,facebook_like,other,403,7,1.74,22,,,0.05,3.14
2026-08-04,Control,powerup,powerup_3,items,offer_free_items,rolling_offer,meta,403,7,1.74,11,,,0.03,1.57
2026-08-04,Control,powerup,powerup_3,items,team_versus,reward_event,meta,403,6,1.49,6,,,0.01,1.0
2026-08-04,Control,powerup,powerup_3,items,bundle_2_with_prelevel_boosters2,purchase,purchase,403,1,0.25,4,,,0.01,4.0
2026-08-04,Control,powerup,powerup_3,items,special_offer10,purchase,purchase,403,1,0.25,3,,,0.01,3.0
2026-08-04,Control,powerup,powerup_3,items,team_versus_contribution,reward_event,meta,403,2,0.5,2,,,0.0,1.0
2026-08-04,Control,powerup,powerup_3,items,rolling_offer_tier1_p799_tier3,purchase,purchase,403,1,0.25,2,,,0.0,2.0
2026-08-04,Control,powerup,powerup_3,items,bomb_event,reward_event,meta,403,2,0.5,2,,,0.0,1.0
2026-08-04,Control,powerup,powerup_3,items,special_offer8,purchase,purchase,403,1,0.25,2,,,0.0,2.0
2026-08-04,Control,powerup,powerup_3,items,bundle_1_with_prelevel_boosters_tier3,purchase,purchase,403,2,0.5,2,,,0.0,1.0
2026-08-04,Control,powerup,powerup_3,items,rolling_offer_p349_tier3,purchase,purchase,403,2,0.5,2,,,0.0,1.0
2026-08-04,Control,powerup,powerup_3,items,team_collection,reward_event,meta,403,1,0.25,2,,,0.0,2.0
2026-08-04,Control,powerup,powerup_3,items,single_collection,reward_event,meta,403,2,0.5,2,,,0.0,1.0
2026-08-04,Control,powerup,powerup_3,items,Hatchling Hideaway,event_reward,meta,403,2,0.5,2,,,0.0,1.0
2026-08-04,Control,powerup,powerup_3,items,bundle_1_with_prelevel_boosters,purchase,purchase,403,1,0.25,1,,,0.0,1.0
2026-08-04,Control,powerup,powerup_3,items,rolling_offer_p799_VarA,purchase,purchase,403,1,0.25,1,,,0.0,1.0
2026-08-04,Control,powerup,powerup_3,items,bundle_2_with_prelevel_boosters_tier3,purchase,purchase,403,1,0.25,1,,,0.0,1.0
2026-08-04,Control,powerup,powerup_3,items,bundle_7_with_prelevel_boosters,purchase,purchase,403,1,0.25,1,,,0.0,1.0
2026-08-04,Control,pre_level_booster,pre_level_booster_1,items,saga_progression,chapter_complete,core,403,385,95.53,2051,,,5.09,5.33
2026-08-04,Control,pre_level_booster,pre_level_booster_1,items,dream_pass_event,reward_event,meta,403,80,19.85,246,,,0.61,3.08
2026-08-04,Control,pre_level_booster,pre_level_booster_1,items,player_level_up,reward_chest,core,403,192,47.64,210,,,0.52,1.09
2026-08-04,Control,pre_level_booster,pre_level_booster_1,items,Jigsaw,reward_event,meta,403,135,33.5,136,,,0.34,1.01
2026-08-04,Control,pre_level_booster,pre_level_booster_1,items,offer_free_items,rolling_offer,meta,403,80,19.85,81,,,0.2,1.01
2026-08-04,Control,pre_level_booster,pre_level_booster_1,items,river_rush,reward_event,meta,403,38,9.43,44,,,0.11,1.16
2026-08-04,Control,pre_level_booster,pre_level_booster_1,items,reward_chest,reward_chest,other,403,32,7.94,32,,,0.08,1.0
2026-08-04,Control,pre_level_booster,pre_level_booster_1,items,race_event,reward_event,meta,403,10,2.48,10,,,0.02,1.0
2026-08-04,Control,pre_level_booster,pre_level_booster_1,items,ingame,purchase,purchase,403,1,0.25,6,,,0.01,6.0
2026-08-04,Control,pre_level_booster,pre_level_booster_1,items,bundle_2_with_prelevel_boosters2,purchase,purchase,403,1,0.25,4,,,0.01,4.0
2026-08-04,Control,pre_level_booster,pre_level_booster_1,items,FlockRush,event_reward,meta,403,4,0.99,4,,,0.01,1.0
2026-08-04,Control,pre_level_booster,pre_level_booster_1,items,rolling_offer_p349_tier3,purchase,purchase,403,2,0.5,2,,,0.0,1.0
2026-08-04,Control,pre_level_booster,pre_level_booster_1,items,ad_chest,ad_chest,ads,403,2,0.5,2,,,0.0,1.0
2026-08-04,Control,pre_level_booster,pre_level_booster_1,items,Hatchling Hideaway,event_reward,meta,403,2,0.5,2,,,0.0,1.0
2026-08-04,Control,pre_level_booster,pre_level_booster_1,items,bundle_1_with_prelevel_boosters_tier3,purchase,purchase,403,2,0.5,2,,,0.0,1.0
2026-08-04,Control,pre_level_booster,pre_level_booster_1,items,rolling_offer_tier1_p799_tier3,purchase,purchase,403,1,0.25,1,,,0.0,1.0
2026-08-04,Control,pre_level_booster,pre_level_booster_1,items,bundle_1_with_prelevel_boosters,purchase,purchase,403,1,0.25,1,,,0.0,1.0
2026-08-04,Control,pre_level_booster,pre_level_booster_1,items,bundle_2_with_prelevel_boosters_tier3,purchase,purchase,403,1,0.25,1,,,0.0,1.0
2026-08-04,Control,pre_level_booster,pre_level_booster_1,items,bundle_7_with_prelevel_boosters,purchase,purchase,403,1,0.25,1,,,0.0,1.0
2026-08-04,Control,pre_level_booster,pre_level_booster_1,items,season_pass_event,reward_event,meta,403,1,0.25,1,,,0.0,1.0
2026-08-04,Control,pre_level_booster,pre_level_booster_1,items,rolling_offer_p799_VarA,purchase,purchase,403,1,0.25,1,,,0.0,1.0
2026-08-04,Control,pre_level_booster,pre_level_booster_1,items,team_versus_contribution,reward_event,meta,403,1,0.25,1,,,0.0,1.0
2026-08-04,Control,pre_level_booster,pre_level_booster_2,items,saga_progression,chapter_complete,core,403,385,95.53,2103,,,5.22,5.46
2026-08-04,Control,pre_level_booster,pre_level_booster_2,items,player_level_up,reward_chest,core,403,189,46.9,427,,,1.06,2.26
2026-08-04,Control,pre_level_booster,pre_level_booster_2,items,dream_pass_event,reward_event,meta,403,93,23.08,278,,,0.69,2.99
2026-08-04,Control,pre_level_booster,pre_level_booster_2,items,Jigsaw,reward_event,meta,403,120,29.78,121,,,0.3,1.01
2026-08-04,Control,pre_level_booster,pre_level_booster_2,items,offer_free_items,rolling_offer,meta,403,76,18.86,77,,,0.19,1.01
2026-08-04,Control,pre_level_booster,pre_level_booster_2,items,river_rush,reward_event,meta,403,37,9.18,40,,,0.1,1.08
2026-08-04,Control,pre_level_booster,pre_level_booster_2,items,reward_chest,reward_chest,other,403,32,7.94,32,,,0.08,1.0
2026-08-04,Control,pre_level_booster,pre_level_booster_2,items,ingame,purchase,purchase,403,1,0.25,12,,,0.03,12.0
2026-08-04,Control,pre_level_booster,pre_level_booster_2,items,race_event,reward_event,meta,403,10,2.48,11,,,0.03,1.1
2026-08-04,Control,pre_level_booster,pre_level_booster_2,items,bundle_2_with_prelevel_boosters2,purchase,purchase,403,1,0.25,4,,,0.01,4.0
2026-08-04,Control,pre_level_booster,pre_level_booster_2,items,FlockRush,event_reward,meta,403,4,0.99,4,,,0.01,1.0
2026-08-04,Control,pre_level_booster,pre_level_booster_2,items,Hatchling Hideaway,event_reward,meta,403,2,0.5,2,,,0.0,1.0
2026-08-04,Control,pre_level_booster,pre_level_booster_2,items,rolling_offer_p349_tier3,purchase,purchase,403,2,0.5,2,,,0.0,1.0
2026-08-04,Control,pre_level_booster,pre_level_booster_2,items,team_versus_contribution,reward_event,meta,403,2,0.5,2,,,0.0,1.0
2026-08-04,Control,pre_level_booster,pre_level_booster_2,items,bundle_1_with_prelevel_boosters_tier3,purchase,purchase,403,2,0.5,2,,,0.0,1.0
2026-08-04,Control,pre_level_booster,pre_level_booster_2,items,season_pass_event,reward_event,meta,403,1,0.25,2,,,0.0,2.0
2026-08-04,Control,pre_level_booster,pre_level_booster_2,items,rolling_offer_p799_VarA,purchase,purchase,403,1,0.25,1,,,0.0,1.0
2026-08-04,Control,pre_level_booster,pre_level_booster_2,items,rolling_offer_tier1_p799_tier3,purchase,purchase,403,1,0.25,1,,,0.0,1.0
2026-08-04,Control,pre_level_booster,pre_level_booster_2,items,bundle_7_with_prelevel_boosters,purchase,purchase,403,1,0.25,1,,,0.0,1.0
2026-08-04,Control,pre_level_booster,pre_level_booster_2,items,bundle_2_with_prelevel_boosters_tier3,purchase,purchase,403,1,0.25,1,,,0.0,1.0
2026-08-04,Control,pre_level_booster,pre_level_booster_2,items,bundle_1_with_prelevel_boosters,purchase,purchase,403,1,0.25,1,,,0.0,1.0
2026-08-04,Control,pre_level_booster,pre_level_booster_3,items,saga_progression,chapter_complete,core,403,355,88.09,512,,,1.27,1.44
2026-08-04,Control,pre_level_booster,pre_level_booster_3,items,player_level_up,reward_chest,core,403,188,46.65,345,,,0.86,1.84
2026-08-04,Control,pre_level_booster,pre_level_booster_3,items,Jigsaw,reward_event,meta,403,153,37.97,155,,,0.38,1.01
2026-08-04,Control,pre_level_booster,pre_level_booster_3,items,dream_pass_event,reward_event,meta,403,68,16.87,108,,,0.27,1.59
2026-08-04,Control,pre_level_booster,pre_level_booster_3,items,river_rush,reward_event,meta,403,69,17.12,86,,,0.21,1.25
2026-08-04,Control,pre_level_booster,pre_level_booster_3,items,offer_free_items,rolling_offer,meta,403,74,18.36,74,,,0.18,1.0
2026-08-04,Control,pre_level_booster,pre_level_booster_3,items,race_event,reward_event,meta,403,38,9.43,38,,,0.09,1.0
2026-08-04,Control,pre_level_booster,pre_level_booster_3,items,reward_chest,reward_chest,other,403,32,7.94,32,,,0.08,1.0
2026-08-04,Control,pre_level_booster,pre_level_booster_3,items,ingame,purchase,purchase,403,1,0.25,15,,,0.04,15.0
2026-08-04,Control,pre_level_booster,pre_level_booster_3,items,team_versus_contribution,reward_event,meta,403,6,1.49,6,,,0.01,1.0
2026-08-04,Control,pre_level_booster,pre_level_booster_3,items,FlockRush,event_reward,meta,403,4,0.99,4,,,0.01,1.0
2026-08-04,Control,pre_level_booster,pre_level_booster_3,items,bundle_2_with_prelevel_boosters2,purchase,purchase,403,1,0.25,4,,,0.01,4.0
2026-08-04,Control,pre_level_booster,pre_level_booster_3,items,rolling_offer_p349_tier3,purchase,purchase,403,2,0.5,2,,,0.0,1.0
2026-08-04,Control,pre_level_booster,pre_level_booster_3,items,Hatchling Hideaway,event_reward,meta,403,2,0.5,2,,,0.0,1.0
2026-08-04,Control,pre_level_booster,pre_level_booster_3,items,bundle_1_with_prelevel_boosters_tier3,purchase,purchase,403,2,0.5,2,,,0.0,1.0
2026-08-04,Control,pre_level_booster,pre_level_booster_3,items,bundle_1_with_prelevel_boosters,purchase,purchase,403,1,0.25,1,,,0.0,1.0
2026-08-04,Control,pre_level_booster,pre_level_booster_3,items,bundle_7_with_prelevel_boosters,purchase,purchase,403,1,0.25,1,,,0.0,1.0
2026-08-04,Control,pre_level_booster,pre_level_booster_3,items,ad_chest,ad_chest,ads,403,1,0.25,1,,,0.0,1.0
2026-08-04,Control,pre_level_booster,pre_level_booster_3,items,rolling_offer_p799_VarA,purchase,purchase,403,1,0.25,1,,,0.0,1.0
2026-08-04,Control,pre_level_booster,pre_level_booster_3,items,bundle_2_with_prelevel_boosters_tier3,purchase,purchase,403,1,0.25,1,,,0.0,1.0
2026-08-04,Control,pre_level_booster,pre_level_booster_3,items,rolling_offer_tier1_p799_tier3,purchase,purchase,403,1,0.25,1,,,0.0,1.0
2026-08-04,Control,season_pass_multiplier_2x,SeasonPassMultiplier2x,minutes,river_rush,reward_event,meta,403,28,6.95,785,,,1.95,28.04
2026-08-04,Control,season_pass_multiplier_2x,SeasonPassMultiplier2x,minutes,great_offer1_299,purchase,purchase,403,2,0.5,720,,,1.79,360.0
2026-08-04,Control,season_pass_multiplier_2x,SeasonPassMultiplier2x,minutes,great_offer1_199_tier3,purchase,purchase,403,1,0.25,360,,,0.89,360.0
2026-08-04,Control,ul_pre_booster,UnlimitedBooster1,minutes,river_rush,reward_event,meta,403,102,25.31,4535,,,11.25,44.46
2026-08-04,Control,ul_pre_booster,UnlimitedBooster1,minutes,Jigsaw,reward_event,meta,403,200,49.63,3560,,,8.83,17.8
2026-08-04,Control,ul_pre_booster,UnlimitedBooster1,minutes,dream_pass_event,reward_event,meta,403,90,22.33,1945,,,4.83,21.61
2026-08-04,Control,ul_pre_booster,UnlimitedBooster1,minutes,great_offer1_299,purchase,purchase,403,2,0.5,720,,,1.79,360.0
2026-08-04,Control,ul_pre_booster,UnlimitedBooster1,minutes,daily_reward,daily_reward,core,403,9,2.23,600,,,1.49,66.67
2026-08-04,Control,ul_pre_booster,UnlimitedBooster1,minutes,great_offer1_199_tier3,purchase,purchase,403,1,0.25,360,,,0.89,360.0
2026-08-04,Control,ul_pre_booster,UnlimitedBooster1,minutes,Hard_level_offer1_tier3,purchase,purchase,403,5,1.24,100,,,0.25,20.0
2026-08-04,Control,ul_pre_booster,UnlimitedBooster1,minutes,Hard_Level_Offer1,purchase,purchase,403,4,0.99,80,,,0.2,20.0
2026-08-04,Control,ul_pre_booster,UnlimitedBooster1,minutes,Hatchling Hideaway,event_reward,meta,403,4,0.99,40,,,0.1,10.0
2026-08-04,Control,ul_pre_booster,UnlimitedBooster1,minutes,season_pass_event,reward_event,meta,403,1,0.25,20,,,0.05,20.0
2026-08-04,Control,ul_pre_booster,UnlimitedBooster2,minutes,Jigsaw,reward_event,meta,403,238,59.06,3780,,,9.38,15.88
2026-08-04,Control,ul_pre_booster,UnlimitedBooster2,minutes,river_rush,reward_event,meta,403,83,20.6,2430,,,6.03,29.28
2026-08-04,Control,ul_pre_booster,UnlimitedBooster2,minutes,dream_pass_event,reward_event,meta,403,60,14.89,1145,,,2.84,19.08
2026-08-04,Control,ul_pre_booster,UnlimitedBooster2,minutes,great_offer1_299,purchase,purchase,403,2,0.5,720,,,1.79,360.0
2026-08-04,Control,ul_pre_booster,UnlimitedBooster2,minutes,daily_reward,daily_reward,core,403,9,2.23,540,,,1.34,60.0
2026-08-04,Control,ul_pre_booster,UnlimitedBooster2,minutes,great_offer1_199_tier3,purchase,purchase,403,1,0.25,360,,,0.89,360.0
2026-08-04,Control,ul_pre_booster,UnlimitedBooster2,minutes,Hard_level_offer1_tier3,purchase,purchase,403,5,1.24,100,,,0.25,20.0
2026-08-04,Control,ul_pre_booster,UnlimitedBooster2,minutes,Hard_Level_Offer1,purchase,purchase,403,4,0.99,80,,,0.2,20.0
2026-08-04,Control,ul_pre_booster,UnlimitedBooster2,minutes,Hatchling Hideaway,event_reward,meta,403,3,0.74,30,,,0.07,10.0
2026-08-04,Control,ul_pre_booster,UnlimitedBooster2,minutes,season_pass_event,reward_event,meta,403,1,0.25,15,,,0.04,15.0
2026-08-04,Control,ul_pre_booster,UnlimitedBooster3,minutes,Jigsaw,reward_event,meta,403,240,59.55,3670,,,9.11,15.29
2026-08-04,Control,ul_pre_booster,UnlimitedBooster3,minutes,great_offer1_299,purchase,purchase,403,2,0.5,720,,,1.79,360.0
2026-08-04,Control,ul_pre_booster,UnlimitedBooster3,minutes,great_offer1_199_tier3,purchase,purchase,403,1,0.25,360,,,0.89,360.0
2026-08-04,Control,ul_pre_booster,UnlimitedBooster3,minutes,river_rush,reward_event,meta,403,17,4.22,350,,,0.87,20.59
2026-08-04,Control,ul_pre_booster,UnlimitedBooster3,minutes,Hard_level_offer1_tier3,purchase,purchase,403,5,1.24,100,,,0.25,20.0
2026-08-04,Control,ul_pre_booster,UnlimitedBooster3,minutes,daily_reward,daily_reward,core,403,3,0.74,90,,,0.22,30.0
2026-08-04,Control,ul_pre_booster,UnlimitedBooster3,minutes,Hard_Level_Offer1,purchase,purchase,403,4,0.99,80,,,0.2,20.0
2026-08-04,Control,ul_pre_booster,UnlimitedBooster3,minutes,dream_pass_event,reward_event,meta,403,5,1.24,75,,,0.19,15.0
2026-08-04,Control,unlimited_lives,UnlimitedLives,minutes,saga_progression,chapter_complete,core,403,394,97.77,76080,,,188.78,193.1
2026-08-04,Control,unlimited_lives,UnlimitedLives,minutes,player_level_up,reward_chest,core,403,343,85.11,36210,,,89.85,105.57
2026-08-04,Control,unlimited_lives,UnlimitedLives,minutes,Jigsaw,reward_event,meta,403,263,65.26,22260,,,55.24,84.64
2026-08-04,Control,unlimited_lives,UnlimitedLives,minutes,dream_pass_event,reward_event,meta,403,95,23.57,9225,,,22.89,97.11
2026-08-04,Control,unlimited_lives,UnlimitedLives,minutes,daily_reward,daily_reward,core,403,144,35.73,6030,,,14.96,41.88
2026-08-04,Control,unlimited_lives,UnlimitedLives,minutes,river_rush,reward_event,meta,403,47,11.66,1860,,,4.62,39.57
2026-08-04,Control,unlimited_lives,UnlimitedLives,minutes,race_event,reward_event,meta,403,33,8.19,1625,,,4.03,49.24
2026-08-04,Control,unlimited_lives,UnlimitedLives,minutes,kite_festival_event,reward_event,meta,403,50,12.41,1540,,,3.82,30.8
2026-08-04,Control,unlimited_lives,UnlimitedLives,minutes,offer_free_items,rolling_offer,meta,403,16,3.97,1475,,,3.66,92.19
2026-08-04,Control,unlimited_lives,UnlimitedLives,minutes,reward_chest,reward_chest,other,403,32,7.94,960,,,2.38,30.0
2026-08-04,Control,unlimited_lives,UnlimitedLives,minutes,ad_chest,ad_chest,ads,403,53,13.15,830,,,2.06,15.66
2026-08-04,Control,unlimited_lives,UnlimitedLives,minutes,great_offer1_299,purchase,purchase,403,2,0.5,720,,,1.79,360.0
2026-08-04,Control,unlimited_lives,UnlimitedLives,minutes,great_offer1_199_tier3,purchase,purchase,403,1,0.25,360,,,0.89,360.0
2026-08-04,Control,unlimited_lives,UnlimitedLives,minutes,Hatchling Hideaway,event_reward,meta,403,2,0.5,180,,,0.45,90.0
2026-08-04,Control,unlimited_lives,UnlimitedLives,minutes,rolling_offer_p349_tier3,purchase,purchase,403,2,0.5,120,,,0.3,60.0
2026-08-04,Control,unlimited_lives,UnlimitedLives,minutes,rolling_offer_tier1_p799_tier3,purchase,purchase,403,1,0.25,120,,,0.3,120.0
2026-08-04,Control,unlimited_lives,UnlimitedLives,minutes,FlockRush,event_reward,meta,403,2,0.5,120,,,0.3,60.0
2026-08-04,Control,unlimited_lives,UnlimitedLives,minutes,season_pass_event,reward_event,meta,403,2,0.5,105,,,0.26,52.5
2026-08-04,Control,unlimited_lives,UnlimitedLives,minutes,Hard_level_offer1_tier3,purchase,purchase,403,5,1.24,100,,,0.25,20.0
2026-08-04,Control,unlimited_lives,UnlimitedLives,minutes,Hard_Level_Offer1,purchase,purchase,403,4,0.99,80,,,0.2,20.0
2026-08-04,Control,unlimited_lives,UnlimitedLives,minutes,rolling_offer_p799_VarA,purchase,purchase,403,1,0.25,60,,,0.15,60.0
2026-08-04,Control,unlimited_lives,UnlimitedLives,minutes,rolling_offer_p049_tier3,purchase,purchase,403,1,0.25,45,,,0.11,45.0
2026-08-04,Variant,Avatar,Avatar,items,saga_progression,chapter_complete,core,394,215,54.57,627,,,1.59,2.92
2026-08-04,Variant,currency,HardCoin,coins,player_level_up,reward_chest,core,394,368,93.4,61865,61865,0,157.02,168.11
2026-08-04,Variant,currency,HardCoin,coins,dreamheist_event,reward_event,meta,394,239,60.66,31540,31540,0,80.05,131.97
2026-08-04,Variant,currency,HardCoin,coins,saga_progression,chapter_complete,core,394,386,97.97,28995,28995,0,73.59,75.12
2026-08-04,Variant,currency,HardCoin,coins,Rainbow Maker,reward_event,meta,394,302,76.65,12482,12482,0,31.68,41.33
2026-08-04,Variant,currency,HardCoin,coins,Hatchling Hideaway,event_reward,meta,394,210,53.3,8550,8550,0,21.7,40.71
2026-08-04,Variant,currency,HardCoin,coins,dream_pass_event,reward_event,meta,394,118,29.95,6145,6145,0,15.6,52.08
2026-08-04,Variant,currency,HardCoin,coins,daily_reward,daily_reward,core,394,212,53.81,4600,4600,0,11.68,21.7
2026-08-04,Variant,currency,HardCoin,coins,ad_chest,ad_chest,ads,394,84,21.32,2075,2075,0,5.27,24.7
2026-08-04,Variant,currency,HardCoin,coins,bundle_4_with_prelevel_boosters_tier3,purchase,purchase,394,1,0.25,2000,0,2000,5.08,2000.0
2026-08-04,Variant,currency,HardCoin,coins,reward_chest,reward_chest,other,394,20,5.08,2000,2000,0,5.08,100.0
2026-08-04,Variant,currency,HardCoin,coins,xs_coins2,purchase,purchase,394,4,1.02,1900,0,1900,4.82,475.0
2026-08-04,Variant,currency,HardCoin,coins,s_coins_tier3,purchase,purchase,394,2,0.51,1500,0,1500,3.81,750.0
2026-08-04,Variant,currency,HardCoin,coins,bundle_2_with_prelevel_boosters2,purchase,purchase,394,3,0.76,1500,0,1500,3.81,500.0
2026-08-04,Variant,currency,HardCoin,coins,bundle_1_with_prelevel_boosters_tier3,purchase,purchase,394,3,0.76,1400,0,1400,3.55,466.67
2026-08-04,Variant,currency,HardCoin,coins,rolling_offer_p999_tier3,purchase,purchase,394,1,0.25,1400,0,1400,3.55,1400.0
2026-08-04,Variant,currency,HardCoin,coins,special_offer1,purchase,purchase,394,4,1.02,1200,0,1200,3.05,300.0
2026-08-04,Variant,currency,HardCoin,coins,special_offer1_tier3,purchase,purchase,394,4,1.02,1200,0,1200,3.05,300.0
2026-08-04,Variant,currency,HardCoin,coins,rolling_offer_p799_VarA,purchase,purchase,394,2,0.51,1000,0,1000,2.54,500.0
2026-08-04,Variant,currency,HardCoin,coins,bundle_3_with_prelevel_boosters_tier3,purchase,purchase,394,1,0.25,1000,0,1000,2.54,1000.0
2026-08-04,Variant,currency,HardCoin,coins,ArcheryArena,reward_event,meta,394,11,2.79,950,950,0,2.41,86.36
2026-08-04,Variant,currency,HardCoin,coins,team_versus,reward_event,meta,394,10,2.54,945,945,0,2.4,94.5
2026-08-04,Variant,currency,HardCoin,coins,kite_festival_event,reward_event,meta,394,5,1.27,800,800,0,2.03,160.0
2026-08-04,Variant,currency,HardCoin,coins,facebook_like,facebook_like,other,394,8,2.03,800,800,0,2.03,100.0
2026-08-04,Variant,currency,HardCoin,coins,xs_coins_tier3,purchase,purchase,394,3,0.76,750,0,750,1.9,250.0
2026-08-04,Variant,currency,HardCoin,coins,rolling_offer_p349_tier3,purchase,purchase,394,1,0.25,550,0,550,1.4,550.0
2026-08-04,Variant,currency,HardCoin,coins,team_versus_contribution,reward_event,meta,394,8,2.03,520,520,0,1.32,65.0
2026-08-04,Variant,currency,HardCoin,coins,bundle_2_with_prelevel_boosters_tier3,purchase,purchase,394,1,0.25,500,0,500,1.27,500.0
2026-08-04,Variant,currency,HardCoin,coins,heart_gift,heart_gift,other,394,82,20.81,474,474,0,1.2,5.78
2026-08-04,Variant,currency,HardCoin,coins,special_offer8_tier3,purchase,purchase,394,1,0.25,400,0,400,1.02,400.0
2026-08-04,Variant,currency,HardCoin,coins,special_offer10,purchase,purchase,394,1,0.25,300,0,300,0.76,300.0
2026-08-04,Variant,currency,HardCoin,coins,bundle_7_with_prelevel_boosters2,purchase,purchase,394,1,0.25,300,0,300,0.76,300.0
2026-08-04,Variant,currency,HardCoin,coins,red_event,reward_event,meta,394,2,0.51,300,300,0,0.76,150.0
2026-08-04,Variant,currency,HardCoin,coins,rolling_offer_p049_tier3,purchase,purchase,394,2,0.51,300,0,300,0.76,150.0
2026-08-04,Variant,currency,HardCoin,coins,rolling_offer_tier1_p499_VarA,purchase,purchase,394,1,0.25,300,0,300,0.76,300.0
2026-08-04,Variant,currency,HardCoin,coins,offer_free_items,rolling_offer,meta,394,2,0.51,300,300,0,0.76,150.0
2026-08-04,Variant,currency,HardCoin,coins,Hard_Level_Offer1,purchase,purchase,394,2,0.51,200,0,200,0.51,100.0
2026-08-04,Variant,currency,HardCoin,coins,Hard_level_offer1_tier3,purchase,purchase,394,2,0.51,200,0,200,0.51,100.0
2026-08-04,Variant,currency,HardCoin,coins,bundle_7_with_prelevel_boosters,purchase,purchase,394,1,0.25,150,0,150,0.38,150.0
2026-08-04,Variant,currency,HardCoin,coins,season_pass_event,reward_event,meta,394,5,1.27,115,115,0,0.29,23.0
2026-08-04,Variant,currency,HardCoin,coins,race_event,reward_event,meta,394,1,0.25,100,100,0,0.25,100.0
2026-08-04,Variant,currency,HardCoin,coins,team_collection,reward_event,meta,394,1,0.25,80,80,0,0.2,80.0
2026-08-04,Variant,currency,HardCoin,coins,bomb_ballet_event,reward_event,meta,394,1,0.25,25,25,0,0.06,25.0
2026-08-04,Variant,currency,HardCoin,coins,Jigsaw,reward_event,meta,394,1,0.25,25,25,0,0.06,25.0
2026-08-04,Variant,dream_pass_tokens,DreamPassToken,items,Rainbow Maker,reward_event,meta,394,318,80.71,91140,,,231.32,286.6
2026-08-04,Variant,dream_pass_tokens,DreamPassToken,items,offer_free_items,rolling_offer,meta,394,81,20.56,4320,,,10.96,53.33
2026-08-04,Variant,dream_pass_tokens,DreamPassToken,items,FlockRush,event_reward,meta,394,88,22.34,1820,,,4.62,20.68
2026-08-04,Variant,dream_pass_tokens,DreamPassToken,items,kite_festival_event,reward_event,meta,394,4,1.02,620,,,1.57,155.0
2026-08-04,Variant,dream_pass_tokens,DreamPassToken,items,race_event,reward_event,meta,394,1,0.25,50,,,0.13,50.0
2026-08-04,Variant,life,life,items,ask_for_lives,ask_for_lives,other,394,26,6.6,172,,,0.44,6.62
2026-08-04,Variant,life,life,items,ad_life,ad_life,ads,394,23,5.84,36,,,0.09,1.57
2026-08-04,Variant,life,liferefill,items,coin_purchase,coin_purchase,other,394,15,3.81,95,,,0.24,6.33
2026-08-04,Variant,orb,Reds_Greatest_Challenge,items,dream_pass_event,reward_event,meta,394,22,5.58,22,,,0.06,1.0
2026-08-04,Variant,powerup,powerup_1,items,Rainbow Maker,reward_event,meta,394,202,51.27,223,,,0.57,1.1
2026-08-04,Variant,powerup,powerup_1,items,player_level_up,reward_chest,core,394,199,50.51,214,,,0.54,1.08
2026-08-04,Variant,powerup,powerup_1,items,Hatchling Hideaway,event_reward,meta,394,149,37.82,155,,,0.39,1.04
2026-08-04,Variant,powerup,powerup_1,items,dreamheist_event,reward_event,meta,394,25,6.35,26,,,0.07,1.04
2026-08-04,Variant,powerup,powerup_1,items,reward_chest,reward_chest,other,394,20,5.08,20,,,0.05,1.0
2026-08-04,Variant,powerup,powerup_1,items,ad_chest,ad_chest,ads,394,18,4.57,19,,,0.05,1.06
2026-08-04,Variant,powerup,powerup_1,items,team_versus,reward_event,meta,394,11,2.79,11,,,0.03,1.0
2026-08-04,Variant,powerup,powerup_1,items,ArcheryArena,reward_event,meta,394,8,2.03,8,,,0.02,1.0
2026-08-04,Variant,powerup,powerup_1,items,team_versus_contribution,reward_event,meta,394,7,1.78,7,,,0.02,1.0
2026-08-04,Variant,powerup,powerup_1,items,bundle_1_with_prelevel_boosters_tier3,purchase,purchase,394,3,0.76,7,,,0.02,2.33
2026-08-04,Variant,powerup,powerup_1,items,bundle_2_with_prelevel_boosters2,purchase,purchase,394,3,0.76,6,,,0.02,2.0
2026-08-04,Variant,powerup,powerup_1,items,bundle_4_with_prelevel_boosters_tier3,purchase,purchase,394,1,0.25,5,,,0.01,5.0
2026-08-04,Variant,powerup,powerup_1,items,daily_reward,daily_reward,core,394,4,1.02,4,,,0.01,1.0
2026-08-04,Variant,powerup,powerup_1,items,offer_free_items,rolling_offer,meta,394,2,0.51,3,,,0.01,1.5
2026-08-04,Variant,powerup,powerup_1,items,dream_pass_event,reward_event,meta,394,2,0.51,3,,,0.01,1.5
2026-08-04,Variant,powerup,powerup_1,items,rolling_offer_p049_tier3,purchase,purchase,394,2,0.51,2,,,0.01,1.0
2026-08-04,Variant,powerup,powerup_1,items,rolling_offer_p999_tier3,purchase,purchase,394,1,0.25,2,,,0.01,2.0
2026-08-04,Variant,powerup,powerup_1,items,bundle_3_with_prelevel_boosters_tier3,purchase,purchase,394,1,0.25,2,,,0.01,2.0
2026-08-04,Variant,powerup,powerup_1,items,rolling_offer_p799_VarA,purchase,purchase,394,2,0.51,2,,,0.01,1.0
2026-08-04,Variant,powerup,powerup_1,items,bundle_2_with_prelevel_boosters_tier3,purchase,purchase,394,1,0.25,1,,,0.0,1.0
2026-08-04,Variant,powerup,powerup_1,items,bundle_7_with_prelevel_boosters2,purchase,purchase,394,1,0.25,1,,,0.0,1.0
2026-08-04,Variant,powerup,powerup_1,items,special_offer10,purchase,purchase,394,1,0.25,1,,,0.0,1.0
2026-08-04,Variant,powerup,powerup_1,items,rolling_offer_tier1_p499_VarA,purchase,purchase,394,1,0.25,1,,,0.0,1.0
2026-08-04,Variant,powerup,powerup_1,items,saga_progression,chapter_complete,core,394,1,0.25,1,,,0.0,1.0
2026-08-04,Variant,powerup,powerup_1,items,red_event,reward_event,meta,394,1,0.25,1,,,0.0,1.0
2026-08-04,Variant,powerup,powerup_1,items,bundle_7_with_prelevel_boosters,purchase,purchase,394,1,0.25,1,,,0.0,1.0
2026-08-04,Variant,powerup,powerup_1,items,race_event,reward_event,meta,394,1,0.25,1,,,0.0,1.0
2026-08-04,Variant,powerup,powerup_1,items,special_offer8_tier3,purchase,purchase,394,1,0.25,1,,,0.0,1.0
2026-08-04,Variant,powerup,powerup_1,items,rolling_offer_p349_tier3,purchase,purchase,394,1,0.25,1,,,0.0,1.0
2026-08-04,Variant,powerup,powerup_1,items,kite_festival_event,reward_event,meta,394,1,0.25,1,,,0.0,1.0
2026-08-04,Variant,powerup,powerup_2,items,player_level_up,reward_chest,core,394,257,65.23,549,,,1.39,2.14
2026-08-04,Variant,powerup,powerup_2,items,saga_progression,chapter_complete,core,394,333,84.52,474,,,1.2,1.42
2026-08-04,Variant,powerup,powerup_2,items,Rainbow Maker,reward_event,meta,394,200,50.76,468,,,1.19,2.34
2026-08-04,Variant,powerup,powerup_2,items,dreamheist_event,reward_event,meta,394,145,36.8,159,,,0.4,1.1
2026-08-04,Variant,powerup,powerup_2,items,Hatchling Hideaway,event_reward,meta,394,148,37.56,155,,,0.39,1.05
2026-08-04,Variant,powerup,powerup_2,items,FlockRush,event_reward,meta,394,101,25.63,104,,,0.26,1.03
2026-08-04,Variant,powerup,powerup_2,items,daily_reward,daily_reward,core,394,67,17.01,68,,,0.17,1.01
2026-08-04,Variant,powerup,powerup_2,items,ad_chest,ad_chest,ads,394,38,9.64,48,,,0.12,1.26
2026-08-04,Variant,powerup,powerup_2,items,dream_pass_event,reward_event,meta,394,27,6.85,33,,,0.08,1.22
2026-08-04,Variant,powerup,powerup_2,items,ingame,purchase,purchase,394,5,1.27,21,,,0.05,4.2
2026-08-04,Variant,powerup,powerup_2,items,reward_chest,reward_chest,other,394,20,5.08,20,,,0.05,1.0
2026-08-04,Variant,powerup,powerup_2,items,offer_free_items,rolling_offer,meta,394,6,1.52,11,,,0.03,1.83
2026-08-04,Variant,powerup,powerup_2,items,bundle_1_with_prelevel_boosters_tier3,purchase,purchase,394,3,0.76,7,,,0.02,2.33
2026-08-04,Variant,powerup,powerup_2,items,bundle_2_with_prelevel_boosters2,purchase,purchase,394,3,0.76,6,,,0.02,2.0
2026-08-04,Variant,powerup,powerup_2,items,bundle_4_with_prelevel_boosters_tier3,purchase,purchase,394,1,0.25,5,,,0.01,5.0
2026-08-04,Variant,powerup,powerup_2,items,special_offer10,purchase,purchase,394,1,0.25,3,,,0.01,3.0
2026-08-04,Variant,powerup,powerup_2,items,rolling_offer_p999_tier3,purchase,purchase,394,1,0.25,3,,,0.01,3.0
2026-08-04,Variant,powerup,powerup_2,items,team_versus,reward_event,meta,394,2,0.51,2,,,0.01,1.0
2026-08-04,Variant,powerup,powerup_2,items,special_offer8_tier3,purchase,purchase,394,1,0.25,2,,,0.01,2.0
2026-08-04,Variant,powerup,powerup_2,items,rolling_offer_p799_VarA,purchase,purchase,394,2,0.51,2,,,0.01,1.0
2026-08-04,Variant,powerup,powerup_2,items,bundle_3_with_prelevel_boosters_tier3,purchase,purchase,394,1,0.25,2,,,0.01,2.0
2026-08-04,Variant,powerup,powerup_2,items,rolling_offer_p349_tier3,purchase,purchase,394,1,0.25,1,,,0.0,1.0
2026-08-04,Variant,powerup,powerup_2,items,bomb_event,reward_event,meta,394,1,0.25,1,,,0.0,1.0
2026-08-04,Variant,powerup,powerup_2,items,bundle_7_with_prelevel_boosters2,purchase,purchase,394,1,0.25,1,,,0.0,1.0
2026-08-04,Variant,powerup,powerup_2,items,season_pass_event,reward_event,meta,394,1,0.25,1,,,0.0,1.0
2026-08-04,Variant,powerup,powerup_2,items,red_event,reward_event,meta,394,1,0.25,1,,,0.0,1.0
2026-08-04,Variant,powerup,powerup_2,items,bundle_7_with_prelevel_boosters,purchase,purchase,394,1,0.25,1,,,0.0,1.0
2026-08-04,Variant,powerup,powerup_2,items,rolling_offer_tier1_p499_VarA,purchase,purchase,394,1,0.25,1,,,0.0,1.0
2026-08-04,Variant,powerup,powerup_2,items,kite_festival_event,reward_event,meta,394,1,0.25,1,,,0.0,1.0
2026-08-04,Variant,powerup,powerup_2,items,bundle_2_with_prelevel_boosters_tier3,purchase,purchase,394,1,0.25,1,,,0.0,1.0
2026-08-04,Variant,powerup,powerup_2,items,chuck_event,reward_event,meta,394,1,0.25,1,,,0.0,1.0
2026-08-04,Variant,powerup,powerup_2,items,ArcheryArena,reward_event,meta,394,1,0.25,1,,,0.0,1.0
2026-08-04,Variant,powerup,powerup_3,items,player_level_up,reward_chest,core,394,309,78.43,619,,,1.57,2.0
2026-08-04,Variant,powerup,powerup_3,items,saga_progression,chapter_complete,core,394,335,85.03,469,,,1.19,1.4
2026-08-04,Variant,powerup,powerup_3,items,Rainbow Maker,reward_event,meta,394,296,75.13,410,,,1.04,1.39
2026-08-04,Variant,powerup,powerup_3,items,Hatchling Hideaway,event_reward,meta,394,157,39.85,164,,,0.42,1.04
2026-08-04,Variant,powerup,powerup_3,items,dream_pass_event,reward_event,meta,394,82,20.81,96,,,0.24,1.17
2026-08-04,Variant,powerup,powerup_3,items,ad_chest,ad_chest,ads,394,34,8.63,40,,,0.1,1.18
2026-08-04,Variant,powerup,powerup_3,items,daily_reward,daily_reward,core,394,30,7.61,31,,,0.08,1.03
2026-08-04,Variant,powerup,powerup_3,items,ingame,purchase,purchase,394,7,1.78,21,,,0.05,3.0
2026-08-04,Variant,powerup,powerup_3,items,reward_chest,reward_chest,other,394,20,5.08,20,,,0.05,1.0
2026-08-04,Variant,powerup,powerup_3,items,facebook_like,facebook_like,other,394,8,2.03,16,,,0.04,2.0
2026-08-04,Variant,powerup,powerup_3,items,offer_free_items,rolling_offer,meta,394,6,1.52,11,,,0.03,1.83
2026-08-04,Variant,powerup,powerup_3,items,team_versus,reward_event,meta,394,9,2.28,9,,,0.02,1.0
2026-08-04,Variant,powerup,powerup_3,items,bundle_1_with_prelevel_boosters_tier3,purchase,purchase,394,3,0.76,7,,,0.02,2.33
2026-08-04,Variant,powerup,powerup_3,items,bundle_2_with_prelevel_boosters2,purchase,purchase,394,3,0.76,6,,,0.02,2.0
2026-08-04,Variant,powerup,powerup_3,items,bundle_4_with_prelevel_boosters_tier3,purchase,purchase,394,1,0.25,5,,,0.01,5.0
2026-08-04,Variant,powerup,powerup_3,items,rolling_offer_p999_tier3,purchase,purchase,394,1,0.25,3,,,0.01,3.0
2026-08-04,Variant,powerup,powerup_3,items,special_offer10,purchase,purchase,394,1,0.25,3,,,0.01,3.0
2026-08-04,Variant,powerup,powerup_3,items,ArcheryArena,reward_event,meta,394,3,0.76,3,,,0.01,1.0
2026-08-04,Variant,powerup,powerup_3,items,kite_festival_event,reward_event,meta,394,3,0.76,3,,,0.01,1.0
2026-08-04,Variant,powerup,powerup_3,items,bundle_3_with_prelevel_boosters_tier3,purchase,purchase,394,1,0.25,2,,,0.01,2.0
2026-08-04,Variant,powerup,powerup_3,items,special_offer8_tier3,purchase,purchase,394,1,0.25,2,,,0.01,2.0
2026-08-04,Variant,powerup,powerup_3,items,team_collection,reward_event,meta,394,1,0.25,2,,,0.01,2.0
2026-08-04,Variant,powerup,powerup_3,items,rolling_offer_p799_VarA,purchase,purchase,394,2,0.51,2,,,0.01,1.0
2026-08-04,Variant,powerup,powerup_3,items,bundle_2_with_prelevel_boosters_tier3,purchase,purchase,394,1,0.25,1,,,0.0,1.0
2026-08-04,Variant,powerup,powerup_3,items,bundle_7_with_prelevel_boosters,purchase,purchase,394,1,0.25,1,,,0.0,1.0
2026-08-04,Variant,powerup,powerup_3,items,rolling_offer_tier1_p499_VarA,purchase,purchase,394,1,0.25,1,,,0.0,1.0
2026-08-04,Variant,powerup,powerup_3,items,season_pass_event,reward_event,meta,394,1,0.25,1,,,0.0,1.0
2026-08-04,Variant,powerup,powerup_3,items,bundle_7_with_prelevel_boosters2,purchase,purchase,394,1,0.25,1,,,0.0,1.0
2026-08-04,Variant,powerup,powerup_3,items,red_event,reward_event,meta,394,1,0.25,1,,,0.0,1.0
2026-08-04,Variant,powerup,powerup_3,items,rolling_offer_p349_tier3,purchase,purchase,394,1,0.25,1,,,0.0,1.0
2026-08-04,Variant,powerup,powerup_3,items,team_versus_contribution,reward_event,meta,394,1,0.25,1,,,0.0,1.0
2026-08-04,Variant,pre_level_booster,pre_level_booster_1,items,saga_progression,chapter_complete,core,394,333,84.52,494,,,1.25,1.48
2026-08-04,Variant,pre_level_booster,pre_level_booster_1,items,Rainbow Maker,reward_event,meta,394,245,62.18,431,,,1.09,1.76
2026-08-04,Variant,pre_level_booster,pre_level_booster_1,items,dream_pass_event,reward_event,meta,394,93,23.6,286,,,0.73,3.08
2026-08-04,Variant,pre_level_booster,pre_level_booster_1,items,player_level_up,reward_chest,core,394,191,48.48,206,,,0.52,1.08
2026-08-04,Variant,pre_level_booster,pre_level_booster_1,items,dreamheist_event,reward_event,meta,394,178,45.18,192,,,0.49,1.08
2026-08-04,Variant,pre_level_booster,pre_level_booster_1,items,Hatchling Hideaway,event_reward,meta,394,140,35.53,149,,,0.38,1.06
2026-08-04,Variant,pre_level_booster,pre_level_booster_1,items,FlockRush,event_reward,meta,394,101,25.63,104,,,0.26,1.03
2026-08-04,Variant,pre_level_booster,pre_level_booster_1,items,offer_free_items,rolling_offer,meta,394,85,21.57,86,,,0.22,1.01
2026-08-04,Variant,pre_level_booster,pre_level_booster_1,items,reward_chest,reward_chest,other,394,20,5.08,20,,,0.05,1.0
2026-08-04,Variant,pre_level_booster,pre_level_booster_1,items,bundle_1_with_prelevel_boosters_tier3,purchase,purchase,394,3,0.76,7,,,0.02,2.33
2026-08-04,Variant,pre_level_booster,pre_level_booster_1,items,bundle_2_with_prelevel_boosters2,purchase,purchase,394,3,0.76,6,,,0.02,2.0
2026-08-04,Variant,pre_level_booster,pre_level_booster_1,items,bundle_4_with_prelevel_boosters_tier3,purchase,purchase,394,1,0.25,5,,,0.01,5.0
2026-08-04,Variant,pre_level_booster,pre_level_booster_1,items,season_pass_event,reward_event,meta,394,2,0.51,4,,,0.01,2.0
2026-08-04,Variant,pre_level_booster,pre_level_booster_1,items,ad_chest,ad_chest,ads,394,2,0.51,2,,,0.01,1.0
2026-08-04,Variant,pre_level_booster,pre_level_booster_1,items,rolling_offer_p799_VarA,purchase,purchase,394,2,0.51,2,,,0.01,1.0
2026-08-04,Variant,pre_level_booster,pre_level_booster_1,items,bundle_3_with_prelevel_boosters_tier3,purchase,purchase,394,1,0.25,2,,,0.01,2.0
2026-08-04,Variant,pre_level_booster,pre_level_booster_1,items,Jigsaw,reward_event,meta,394,1,0.25,1,,,0.0,1.0
2026-08-04,Variant,pre_level_booster,pre_level_booster_1,items,bundle_2_with_prelevel_boosters_tier3,purchase,purchase,394,1,0.25,1,,,0.0,1.0
2026-08-04,Variant,pre_level_booster,pre_level_booster_1,items,rolling_offer_p349_tier3,purchase,purchase,394,1,0.25,1,,,0.0,1.0
2026-08-04,Variant,pre_level_booster,pre_level_booster_1,items,bundle_7_with_prelevel_boosters,purchase,purchase,394,1,0.25,1,,,0.0,1.0
2026-08-04,Variant,pre_level_booster,pre_level_booster_1,items,bundle_7_with_prelevel_boosters2,purchase,purchase,394,1,0.25,1,,,0.0,1.0
2026-08-04,Variant,pre_level_booster,pre_level_booster_1,items,rolling_offer_p999_tier3,purchase,purchase,394,1,0.25,1,,,0.0,1.0
2026-08-04,Variant,pre_level_booster,pre_level_booster_2,items,saga_progression,chapter_complete,core,394,334,84.77,474,,,1.2,1.42
2026-08-04,Variant,pre_level_booster,pre_level_booster_2,items,player_level_up,reward_chest,core,394,182,46.19,463,,,1.18,2.54
2026-08-04,Variant,pre_level_booster,pre_level_booster_2,items,Rainbow Maker,reward_event,meta,394,220,55.84,418,,,1.06,1.9
2026-08-04,Variant,pre_level_booster,pre_level_booster_2,items,dream_pass_event,reward_event,meta,394,105,26.65,308,,,0.78,2.93
2026-08-04,Variant,pre_level_booster,pre_level_booster_2,items,Hatchling Hideaway,event_reward,meta,394,142,36.04,144,,,0.37,1.01
2026-08-04,Variant,pre_level_booster,pre_level_booster_2,items,dreamheist_event,reward_event,meta,394,120,30.46,133,,,0.34,1.11
2026-08-04,Variant,pre_level_booster,pre_level_booster_2,items,FlockRush,event_reward,meta,394,101,25.63,104,,,0.26,1.03
2026-08-04,Variant,pre_level_booster,pre_level_booster_2,items,offer_free_items,rolling_offer,meta,394,83,21.07,86,,,0.22,1.04
2026-08-04,Variant,pre_level_booster,pre_level_booster_2,items,reward_chest,reward_chest,other,394,20,5.08,20,,,0.05,1.0
2026-08-04,Variant,pre_level_booster,pre_level_booster_2,items,bundle_1_with_prelevel_boosters_tier3,purchase,purchase,394,3,0.76,7,,,0.02,2.33
2026-08-04,Variant,pre_level_booster,pre_level_booster_2,items,bundle_2_with_prelevel_boosters2,purchase,purchase,394,3,0.76,6,,,0.02,2.0
2026-08-04,Variant,pre_level_booster,pre_level_booster_2,items,season_pass_event,reward_event,meta,394,4,1.02,5,,,0.01,1.25
2026-08-04,Variant,pre_level_booster,pre_level_booster_2,items,bundle_4_with_prelevel_boosters_tier3,purchase,purchase,394,1,0.25,5,,,0.01,5.0
2026-08-04,Variant,pre_level_booster,pre_level_booster_2,items,ad_chest,ad_chest,ads,394,3,0.76,3,,,0.01,1.0
2026-08-04,Variant,pre_level_booster,pre_level_booster_2,items,Jigsaw,reward_event,meta,394,2,0.51,2,,,0.01,1.0
2026-08-04,Variant,pre_level_booster,pre_level_booster_2,items,bundle_3_with_prelevel_boosters_tier3,purchase,purchase,394,1,0.25,2,,,0.01,2.0
2026-08-04,Variant,pre_level_booster,pre_level_booster_2,items,rolling_offer_p799_VarA,purchase,purchase,394,2,0.51,2,,,0.01,1.0
2026-08-04,Variant,pre_level_booster,pre_level_booster_2,items,rolling_offer_p999_tier3,purchase,purchase,394,1,0.25,1,,,0.0,1.0
2026-08-04,Variant,pre_level_booster,pre_level_booster_2,items,bundle_7_with_prelevel_boosters2,purchase,purchase,394,1,0.25,1,,,0.0,1.0
2026-08-04,Variant,pre_level_booster,pre_level_booster_2,items,bundle_2_with_prelevel_boosters_tier3,purchase,purchase,394,1,0.25,1,,,0.0,1.0
2026-08-04,Variant,pre_level_booster,pre_level_booster_2,items,bundle_7_with_prelevel_boosters,purchase,purchase,394,1,0.25,1,,,0.0,1.0
2026-08-04,Variant,pre_level_booster,pre_level_booster_2,items,rolling_offer_p349_tier3,purchase,purchase,394,1,0.25,1,,,0.0,1.0
2026-08-04,Variant,pre_level_booster,pre_level_booster_2,items,team_versus_contribution,reward_event,meta,394,1,0.25,1,,,0.0,1.0
2026-08-04,Variant,pre_level_booster,pre_level_booster_2,items,ArcheryArena,reward_event,meta,394,1,0.25,1,,,0.0,1.0
2026-08-04,Variant,pre_level_booster,pre_level_booster_3,items,saga_progression,chapter_complete,core,394,335,85.03,469,,,1.19,1.4
2026-08-04,Variant,pre_level_booster,pre_level_booster_3,items,player_level_up,reward_chest,core,394,191,48.48,379,,,0.96,1.98
2026-08-04,Variant,pre_level_booster,pre_level_booster_3,items,Rainbow Maker,reward_event,meta,394,192,48.73,309,,,0.78,1.61
2026-08-04,Variant,pre_level_booster,pre_level_booster_3,items,Hatchling Hideaway,event_reward,meta,394,149,37.82,155,,,0.39,1.04
2026-08-04,Variant,pre_level_booster,pre_level_booster_3,items,FlockRush,event_reward,meta,394,101,25.63,104,,,0.26,1.03
2026-08-04,Variant,pre_level_booster,pre_level_booster_3,items,dream_pass_event,reward_event,meta,394,67,17.01,88,,,0.22,1.31
2026-08-04,Variant,pre_level_booster,pre_level_booster_3,items,offer_free_items,rolling_offer,meta,394,84,21.32,85,,,0.22,1.01
2026-08-04,Variant,pre_level_booster,pre_level_booster_3,items,reward_chest,reward_chest,other,394,20,5.08,20,,,0.05,1.0
2026-08-04,Variant,pre_level_booster,pre_level_booster_3,items,bundle_1_with_prelevel_boosters_tier3,purchase,purchase,394,3,0.76,7,,,0.02,2.33
2026-08-04,Variant,pre_level_booster,pre_level_booster_3,items,team_versus_contribution,reward_event,meta,394,7,1.78,7,,,0.02,1.0
2026-08-04,Variant,pre_level_booster,pre_level_booster_3,items,bundle_2_with_prelevel_boosters2,purchase,purchase,394,3,0.76,6,,,0.02,2.0
2026-08-04,Variant,pre_level_booster,pre_level_booster_3,items,bundle_4_with_prelevel_boosters_tier3,purchase,purchase,394,1,0.25,5,,,0.01,5.0
2026-08-04,Variant,pre_level_booster,pre_level_booster_3,items,rolling_offer_p799_VarA,purchase,purchase,394,2,0.51,2,,,0.01,1.0
2026-08-04,Variant,pre_level_booster,pre_level_booster_3,items,bundle_3_with_prelevel_boosters_tier3,purchase,purchase,394,1,0.25,2,,,0.01,2.0
2026-08-04,Variant,pre_level_booster,pre_level_booster_3,items,bundle_7_with_prelevel_boosters,purchase,purchase,394,1,0.25,1,,,0.0,1.0
2026-08-04,Variant,pre_level_booster,pre_level_booster_3,items,rolling_offer_p349_tier3,purchase,purchase,394,1,0.25,1,,,0.0,1.0
2026-08-04,Variant,pre_level_booster,pre_level_booster_3,items,rolling_offer_p999_tier3,purchase,purchase,394,1,0.25,1,,,0.0,1.0
2026-08-04,Variant,pre_level_booster,pre_level_booster_3,items,bundle_2_with_prelevel_boosters_tier3,purchase,purchase,394,1,0.25,1,,,0.0,1.0
2026-08-04,Variant,pre_level_booster,pre_level_booster_3,items,bundle_7_with_prelevel_boosters2,purchase,purchase,394,1,0.25,1,,,0.0,1.0
2026-08-04,Variant,pre_level_booster,pre_level_booster_3,items,season_pass_event,reward_event,meta,394,1,0.25,1,,,0.0,1.0
2026-08-04,Variant,season_pass_multiplier_2x,SeasonPassMultiplier2x,minutes,Rainbow Maker,reward_event,meta,394,241,61.17,4980,,,12.64,20.66
2026-08-04,Variant,season_pass_tokens,SeasonPassToken,items,season_pass_event,event_reward,meta,394,2,0.51,54,,,0.14,27.0
2026-08-04,Variant,ul_pre_booster,UnlimitedBooster1,minutes,dream_pass_event,reward_event,meta,394,98,24.87,2165,,,5.49,22.09
2026-08-04,Variant,ul_pre_booster,UnlimitedBooster1,minutes,Rainbow Maker,reward_event,meta,394,138,35.03,1800,,,4.57,13.04
2026-08-04,Variant,ul_pre_booster,UnlimitedBooster1,minutes,Hatchling Hideaway,event_reward,meta,394,157,39.85,1640,,,4.16,10.45
2026-08-04,Variant,ul_pre_booster,UnlimitedBooster1,minutes,daily_reward,daily_reward,core,394,11,2.79,720,,,1.83,65.45
2026-08-04,Variant,ul_pre_booster,UnlimitedBooster1,minutes,season_pass_event,reward_event,meta,394,6,1.52,170,,,0.43,28.33
2026-08-04,Variant,ul_pre_booster,UnlimitedBooster1,minutes,Hard_Level_Offer1,purchase,purchase,394,2,0.51,40,,,0.1,20.0
2026-08-04,Variant,ul_pre_booster,UnlimitedBooster1,minutes,Hard_level_offer1_tier3,purchase,purchase,394,2,0.51,40,,,0.1,20.0
2026-08-04,Variant,ul_pre_booster,UnlimitedBooster1,minutes,bomb_ballet_event,reward_event,meta,394,1,0.25,15,,,0.04,15.0
2026-08-04,Variant,ul_pre_booster,UnlimitedBooster1,minutes,Jigsaw,reward_event,meta,394,1,0.25,10,,,0.03,10.0
2026-08-04,Variant,ul_pre_booster,UnlimitedBooster2,minutes,Hatchling Hideaway,event_reward,meta,394,148,37.56,1550,,,3.93,10.47
2026-08-04,Variant,ul_pre_booster,UnlimitedBooster2,minutes,Rainbow Maker,reward_event,meta,394,115,29.19,1410,,,3.58,12.26
2026-08-04,Variant,ul_pre_booster,UnlimitedBooster2,minutes,dream_pass_event,reward_event,meta,394,75,19.04,1210,,,3.07,16.13
2026-08-04,Variant,ul_pre_booster,UnlimitedBooster2,minutes,daily_reward,daily_reward,core,394,6,1.52,360,,,0.91,60.0
2026-08-04,Variant,ul_pre_booster,UnlimitedBooster2,minutes,season_pass_event,reward_event,meta,394,5,1.27,90,,,0.23,18.0
2026-08-04,Variant,ul_pre_booster,UnlimitedBooster2,minutes,Hard_level_offer1_tier3,purchase,purchase,394,2,0.51,40,,,0.1,20.0
2026-08-04,Variant,ul_pre_booster,UnlimitedBooster2,minutes,Hard_Level_Offer1,purchase,purchase,394,2,0.51,40,,,0.1,20.0
2026-08-04,Variant,ul_pre_booster,UnlimitedBooster2,minutes,bomb_ballet_event,reward_event,meta,394,2,0.51,30,,,0.08,15.0
2026-08-04,Variant,ul_pre_booster,UnlimitedBooster2,minutes,Jigsaw,reward_event,meta,394,1,0.25,10,,,0.03,10.0
2026-08-04,Variant,ul_pre_booster,UnlimitedBooster3,minutes,Hard_Level_Offer1,purchase,purchase,394,2,0.51,40,,,0.1,20.0
2026-08-04,Variant,ul_pre_booster,UnlimitedBooster3,minutes,Hard_level_offer1_tier3,purchase,purchase,394,2,0.51,40,,,0.1,20.0
2026-08-04,Variant,ul_pre_booster,UnlimitedBooster3,minutes,dream_pass_event,reward_event,meta,394,3,0.76,35,,,0.09,11.67
2026-08-04,Variant,ul_pre_booster,UnlimitedBooster3,minutes,daily_reward,daily_reward,core,394,1,0.25,30,,,0.08,30.0
2026-08-04,Variant,ul_pre_booster,UnlimitedBooster3,minutes,season_pass_event,reward_event,meta,394,2,0.51,20,,,0.05,10.0
2026-08-04,Variant,ul_pre_booster,UnlimitedBooster3,minutes,Jigsaw,reward_event,meta,394,1,0.25,10,,,0.03,10.0
2026-08-04,Variant,unlimited_lives,UnlimitedLives,minutes,saga_progression,chapter_complete,core,394,391,99.24,123550,,,313.58,315.98
2026-08-04,Variant,unlimited_lives,UnlimitedLives,minutes,player_level_up,reward_chest,core,394,334,84.77,36600,,,92.89,109.58
2026-08-04,Variant,unlimited_lives,UnlimitedLives,minutes,Rainbow Maker,reward_event,meta,394,235,59.64,24330,,,61.75,103.53
2026-08-04,Variant,unlimited_lives,UnlimitedLives,minutes,FlockRush,event_reward,meta,394,290,73.6,17840,,,45.28,61.52
2026-08-04,Variant,unlimited_lives,UnlimitedLives,minutes,Hatchling Hideaway,event_reward,meta,394,163,41.37,13590,,,34.49,83.37
2026-08-04,Variant,unlimited_lives,UnlimitedLives,minutes,dreamheist_event,reward_event,meta,394,240,60.91,9440,,,23.96,39.33
2026-08-04,Variant,unlimited_lives,UnlimitedLives,minutes,dream_pass_event,reward_event,meta,394,110,27.92,9120,,,23.15,82.91
2026-08-04,Variant,unlimited_lives,UnlimitedLives,minutes,daily_reward,daily_reward,core,394,132,33.5,5255,,,13.34,39.81
2026-08-04,Variant,unlimited_lives,UnlimitedLives,minutes,offer_free_items,rolling_offer,meta,394,12,3.05,1160,,,2.94,96.67
2026-08-04,Variant,unlimited_lives,UnlimitedLives,minutes,ad_chest,ad_chest,ads,394,49,12.44,705,,,1.79,14.39
2026-08-04,Variant,unlimited_lives,UnlimitedLives,minutes,reward_chest,reward_chest,other,394,20,5.08,600,,,1.52,30.0
2026-08-04,Variant,unlimited_lives,UnlimitedLives,minutes,season_pass_event,reward_event,meta,394,6,1.52,525,,,1.33,87.5
2026-08-04,Variant,unlimited_lives,UnlimitedLives,minutes,kite_festival_event,reward_event,meta,394,3,0.76,430,,,1.09,143.33
2026-08-04,Variant,unlimited_lives,UnlimitedLives,minutes,bundle_4_with_prelevel_boosters_tier3,purchase,purchase,394,1,0.25,360,,,0.91,360.0
2026-08-04,Variant,unlimited_lives,UnlimitedLives,minutes,rolling_offer_p999_tier3,purchase,purchase,394,1,0.25,120,,,0.3,120.0
2026-08-04,Variant,unlimited_lives,UnlimitedLives,minutes,rolling_offer_p799_VarA,purchase,purchase,394,2,0.51,120,,,0.3,60.0
2026-08-04,Variant,unlimited_lives,UnlimitedLives,minutes,rolling_offer_p049_tier3,purchase,purchase,394,2,0.51,90,,,0.23,45.0
2026-08-04,Variant,unlimited_lives,UnlimitedLives,minutes,rolling_offer_p349_tier3,purchase,purchase,394,1,0.25,60,,,0.15,60.0
2026-08-04,Variant,unlimited_lives,UnlimitedLives,minutes,Jigsaw,reward_event,meta,394,2,0.51,60,,,0.15,30.0
2026-08-04,Variant,unlimited_lives,UnlimitedLives,minutes,Hard_Level_Offer1,purchase,purchase,394,2,0.51,40,,,0.1,20.0
2026-08-04,Variant,unlimited_lives,UnlimitedLives,minutes,rolling_offer_tier1_p499_VarA,purchase,purchase,394,1,0.25,40,,,0.1,40.0
2026-08-04,Variant,unlimited_lives,UnlimitedLives,minutes,Hard_level_offer1_tier3,purchase,purchase,394,2,0.51,40,,,0.1,20.0
2026-08-05,Control,Avatar,Avatar,items,saga_progression,chapter_complete,core,408,216,52.94,740,,,1.81,3.43
2026-08-05,Control,currency,HardCoin,coins,saga_progression,chapter_complete,core,408,403,98.77,110955,110955,0,271.95,275.32
2026-08-05,Control,currency,HardCoin,coins,player_level_up,reward_chest,core,408,384,94.12,68420,68420,0,167.7,178.18
2026-08-05,Control,currency,HardCoin,coins,river_rush,reward_event,meta,408,105,25.74,19865,19865,0,48.69,189.19
2026-08-05,Control,currency,HardCoin,coins,Jigsaw,reward_event,meta,408,176,43.14,9075,9075,0,22.24,51.56
2026-08-05,Control,currency,HardCoin,coins,daily_reward,daily_reward,core,408,219,53.68,8005,8005,0,19.62,36.55
2026-08-05,Control,currency,HardCoin,coins,dream_pass_event,reward_event,meta,408,122,29.9,7490,7490,0,18.36,61.39
2026-08-05,Control,currency,HardCoin,coins,reward_chest,reward_chest,other,408,34,8.33,4140,4140,0,10.15,121.76
2026-08-05,Control,currency,HardCoin,coins,race_event,reward_event,meta,408,45,11.03,3750,3750,0,9.19,83.33
2026-08-05,Control,currency,HardCoin,coins,ad_chest,ad_chest,ads,408,98,24.02,2575,2575,0,6.31,26.28
2026-08-05,Control,currency,HardCoin,coins,bundle_3_with_prelevel_boosters_tier3,purchase,purchase,408,1,0.25,2000,0,2000,4.9,2000.0
2026-08-05,Control,currency,HardCoin,coins,facebook_like,facebook_like,other,408,15,3.68,1700,1700,0,4.17,113.33
2026-08-05,Control,currency,HardCoin,coins,xs_coins2,purchase,purchase,408,4,0.98,1600,0,1600,3.92,400.0
2026-08-05,Control,currency,HardCoin,coins,red_event,reward_event,meta,408,9,2.21,1550,1550,0,3.8,172.22
2026-08-05,Control,currency,HardCoin,coins,rolling_offer_p999_tier3,purchase,purchase,408,1,0.25,1400,0,1400,3.43,1400.0
2026-08-05,Control,currency,HardCoin,coins,rolling_offer_tier1_p799_tier3,purchase,purchase,408,1,0.25,1100,0,1100,2.7,1100.0
2026-08-05,Control,currency,HardCoin,coins,xs_coins_tier3,purchase,purchase,408,4,0.98,1050,0,1050,2.57,262.5
2026-08-05,Control,currency,HardCoin,coins,m_coins_tier3,purchase,purchase,408,1,0.25,1000,0,1000,2.45,1000.0
2026-08-05,Control,currency,HardCoin,coins,kite_festival_event,reward_event,meta,408,3,0.74,700,700,0,1.72,233.33
2026-08-05,Control,currency,HardCoin,coins,special_offer1,purchase,purchase,408,2,0.49,600,0,600,1.47,300.0
2026-08-05,Control,currency,HardCoin,coins,bundle_1_with_prelevel_boosters_tier3,purchase,purchase,408,2,0.49,600,0,600,1.47,300.0
2026-08-05,Control,currency,HardCoin,coins,bundle_2_with_prelevel_boosters_tier3,purchase,purchase,408,1,0.25,500,0,500,1.23,500.0
2026-08-05,Control,currency,HardCoin,coins,single_collection,reward_event,meta,408,3,0.74,500,500,0,1.23,166.67
2026-08-05,Control,currency,HardCoin,coins,rolling_offer_tier1_p199_tier3,purchase,purchase,408,2,0.49,400,0,400,0.98,200.0
2026-08-05,Control,currency,HardCoin,coins,special_offer1_tier3,purchase,purchase,408,1,0.25,300,0,300,0.74,300.0
2026-08-05,Control,currency,HardCoin,coins,bundle_7_with_prelevel_boosters2,purchase,purchase,408,1,0.25,300,0,300,0.74,300.0
2026-08-05,Control,currency,HardCoin,coins,rolling_offer_tier1_p499_VarA,purchase,purchase,408,1,0.25,300,0,300,0.74,300.0
2026-08-05,Control,currency,HardCoin,coins,bundle_7_with_prelevel_boosters,purchase,purchase,408,2,0.49,300,0,300,0.74,150.0
2026-08-05,Control,currency,HardCoin,coins,team_versus_contribution,reward_event,meta,408,5,1.23,270,270,0,0.66,54.0
2026-08-05,Control,currency,HardCoin,coins,heart_gift,heart_gift,other,408,73,17.89,216,216,0,0.53,2.96
2026-08-05,Control,currency,HardCoin,coins,offer_free_items,rolling_offer,meta,408,2,0.49,200,200,0,0.49,100.0
2026-08-05,Control,currency,HardCoin,coins,bundle_1_with_prelevel_boosters,purchase,purchase,408,1,0.25,200,0,200,0.49,200.0
2026-08-05,Control,currency,HardCoin,coins,team_collection,reward_event,meta,408,1,0.25,200,200,0,0.49,200.0
2026-08-05,Control,currency,HardCoin,coins,rolling_offer_tier1_p299,purchase,purchase,408,1,0.25,200,0,200,0.49,200.0
2026-08-05,Control,currency,HardCoin,coins,Hard_level_offer1_tier3,purchase,purchase,408,2,0.49,200,0,200,0.49,100.0
2026-08-05,Control,currency,HardCoin,coins,team_versus,reward_event,meta,408,2,0.49,200,200,0,0.49,100.0
2026-08-05,Control,currency,HardCoin,coins,rolling_offer_p099_VarA,purchase,purchase,408,1,0.25,200,0,200,0.49,200.0
2026-08-05,Control,currency,HardCoin,coins,Hatchling Hideaway,event_reward,meta,408,4,0.98,150,150,0,0.37,37.5
2026-08-05,Control,currency,HardCoin,coins,bomb_event,reward_event,meta,408,1,0.25,100,100,0,0.25,100.0
2026-08-05,Control,currency,HardCoin,coins,Hard_Level_Offer1,purchase,purchase,408,1,0.25,100,0,100,0.25,100.0
2026-08-05,Control,currency,HardCoin,coins,great_offer1_199_tier3,purchase,purchase,408,1,0.25,100,0,100,0.25,100.0
2026-08-05,Control,currency,HardCoin,coins,season_pass_event,reward_event,meta,408,1,0.25,10,10,0,0.02,10.0
2026-08-05,Control,dream_pass_tokens,DreamPassToken,items,offer_free_items,rolling_offer,meta,408,80,19.61,4340,,,10.64,54.25
2026-08-05,Control,dream_pass_tokens,DreamPassToken,items,river_rush,reward_event,meta,408,47,11.52,2770,,,6.79,58.94
2026-08-05,Control,dream_pass_tokens,DreamPassToken,items,FlockRush,event_reward,meta,408,122,29.9,2440,,,5.98,20.0
2026-08-05,Control,dream_pass_tokens,DreamPassToken,items,race_event,reward_event,meta,408,45,11.03,2335,,,5.72,51.89
2026-08-05,Control,dream_pass_tokens,DreamPassToken,items,kite_festival_event,reward_event,meta,408,2,0.49,700,,,1.72,350.0
2026-08-05,Control,life,life,items,ask_for_lives,ask_for_lives,other,408,45,11.03,185,,,0.45,4.11
2026-08-05,Control,life,life,items,ad_life,ad_life,ads,408,40,9.8,61,,,0.15,1.53
2026-08-05,Control,life,liferefill,items,coin_purchase,coin_purchase,other,408,34,8.33,330,,,0.81,9.71
2026-08-05,Control,orb,Reds_Greatest_Challenge,items,dream_pass_event,reward_event,meta,408,33,8.09,33,,,0.08,1.0
2026-08-05,Control,powerup,powerup_1,items,saga_progression,chapter_complete,core,408,366,89.71,521,,,1.28,1.42
2026-08-05,Control,powerup,powerup_1,items,player_level_up,reward_chest,core,408,231,56.62,254,,,0.62,1.1
2026-08-05,Control,powerup,powerup_1,items,river_rush,reward_event,meta,408,85,20.83,151,,,0.37,1.78
2026-08-05,Control,powerup,powerup_1,items,Jigsaw,reward_event,meta,408,91,22.3,91,,,0.22,1.0
2026-08-05,Control,powerup,powerup_1,items,reward_chest,reward_chest,other,408,34,8.33,38,,,0.09,1.12
2026-08-05,Control,powerup,powerup_1,items,race_event,reward_event,meta,408,31,7.6,31,,,0.08,1.0
2026-08-05,Control,powerup,powerup_1,items,ad_chest,ad_chest,ads,408,17,4.17,21,,,0.05,1.24
2026-08-05,Control,powerup,powerup_1,items,dream_pass_event,reward_event,meta,408,5,1.23,13,,,0.03,2.6
2026-08-05,Control,powerup,powerup_1,items,daily_reward,daily_reward,core,408,6,1.47,6,,,0.01,1.0
2026-08-05,Control,powerup,powerup_1,items,red_event,reward_event,meta,408,5,1.23,6,,,0.01,1.2
2026-08-05,Control,powerup,powerup_1,items,team_versus,reward_event,meta,408,4,0.98,4,,,0.01,1.0
2026-08-05,Control,powerup,powerup_1,items,offer_free_items,rolling_offer,meta,408,2,0.49,4,,,0.01,2.0
2026-08-05,Control,powerup,powerup_1,items,bundle_3_with_prelevel_boosters_tier3,purchase,purchase,408,1,0.25,4,,,0.01,4.0
2026-08-05,Control,powerup,powerup_1,items,team_versus_contribution,reward_event,meta,408,3,0.74,3,,,0.01,1.0
2026-08-05,Control,powerup,powerup_1,items,bundle_1_with_prelevel_boosters_tier3,purchase,purchase,408,2,0.49,3,,,0.01,1.5
2026-08-05,Control,powerup,powerup_1,items,Hatchling Hideaway,event_reward,meta,408,2,0.49,2,,,0.0,1.0
2026-08-05,Control,powerup,powerup_1,items,rolling_offer_p999_tier3,purchase,purchase,408,1,0.25,2,,,0.0,2.0
2026-08-05,Control,powerup,powerup_1,items,rolling_offer_tier1_p199_tier3,purchase,purchase,408,2,0.49,2,,,0.0,1.0
2026-08-05,Control,powerup,powerup_1,items,bundle_7_with_prelevel_boosters,purchase,purchase,408,2,0.49,2,,,0.0,1.0
2026-08-05,Control,powerup,powerup_1,items,single_collection,reward_event,meta,408,2,0.49,2,,,0.0,1.0
2026-08-05,Control,powerup,powerup_1,items,rolling_offer_tier1_p499_VarA,purchase,purchase,408,1,0.25,1,,,0.0,1.0
2026-08-05,Control,powerup,powerup_1,items,rolling_offer_tier1_p799_tier3,purchase,purchase,408,1,0.25,1,,,0.0,1.0
2026-08-05,Control,powerup,powerup_1,items,team_collection,reward_event,meta,408,1,0.25,1,,,0.0,1.0
2026-08-05,Control,powerup,powerup_1,items,rolling_offer_tier1_p299,purchase,purchase,408,1,0.25,1,,,0.0,1.0
2026-08-05,Control,powerup,powerup_1,items,bundle_2_with_prelevel_boosters_tier3,purchase,purchase,408,1,0.25,1,,,0.0,1.0
2026-08-05,Control,powerup,powerup_1,items,bundle_7_with_prelevel_boosters2,purchase,purchase,408,1,0.25,1,,,0.0,1.0
2026-08-05,Control,powerup,powerup_1,items,bundle_1_with_prelevel_boosters,purchase,purchase,408,1,0.25,1,,,0.0,1.0
2026-08-05,Control,powerup,powerup_1,items,kite_festival_event,reward_event,meta,408,1,0.25,1,,,0.0,1.0
2026-08-05,Control,powerup,powerup_1,items,rolling_offer_p099_VarA,purchase,purchase,408,1,0.25,1,,,0.0,1.0
2026-08-05,Control,powerup,powerup_2,items,saga_progression,chapter_complete,core,408,369,90.44,1008,,,2.47,2.73
2026-08-05,Control,powerup,powerup_2,items,player_level_up,reward_chest,core,408,274,67.16,611,,,1.5,2.23
2026-08-05,Control,powerup,powerup_2,items,river_rush,reward_event,meta,408,98,24.02,195,,,0.48,1.99
2026-08-05,Control,powerup,powerup_2,items,FlockRush,event_reward,meta,408,145,35.54,148,,,0.36,1.02
2026-08-05,Control,powerup,powerup_2,items,Jigsaw,reward_event,meta,408,78,19.12,79,,,0.19,1.01
2026-08-05,Control,powerup,powerup_2,items,daily_reward,daily_reward,core,408,79,19.36,79,,,0.19,1.0
2026-08-05,Control,powerup,powerup_2,items,ad_chest,ad_chest,ads,408,44,10.78,52,,,0.13,1.18
2026-08-05,Control,powerup,powerup_2,items,reward_chest,reward_chest,other,408,34,8.33,43,,,0.11,1.26
2026-08-05,Control,powerup,powerup_2,items,dream_pass_event,reward_event,meta,408,31,7.6,42,,,0.1,1.35
2026-08-05,Control,powerup,powerup_2,items,ingame,purchase,purchase,408,3,0.74,12,,,0.03,4.0
2026-08-05,Control,powerup,powerup_2,items,offer_free_items,rolling_offer,meta,408,5,1.23,11,,,0.03,2.2
2026-08-05,Control,powerup,powerup_2,items,race_event,reward_event,meta,408,6,1.47,6,,,0.01,1.0
2026-08-05,Control,powerup,powerup_2,items,bundle_3_with_prelevel_boosters_tier3,purchase,purchase,408,1,0.25,4,,,0.01,4.0
2026-08-05,Control,powerup,powerup_2,items,rolling_offer_p999_tier3,purchase,purchase,408,1,0.25,3,,,0.01,3.0
2026-08-05,Control,powerup,powerup_2,items,single_collection,reward_event,meta,408,2,0.49,3,,,0.01,1.5
2026-08-05,Control,powerup,powerup_2,items,team_versus,reward_event,meta,408,3,0.74,3,,,0.01,1.0
2026-08-05,Control,powerup,powerup_2,items,bundle_1_with_prelevel_boosters_tier3,purchase,purchase,408,2,0.49,3,,,0.01,1.5
2026-08-05,Control,powerup,powerup_2,items,rolling_offer_tier1_p799_tier3,purchase,purchase,408,1,0.25,2,,,0.0,2.0
2026-08-05,Control,powerup,powerup_2,items,bundle_7_with_prelevel_boosters,purchase,purchase,408,2,0.49,2,,,0.0,1.0
2026-08-05,Control,powerup,powerup_2,items,Hatchling Hideaway,event_reward,meta,408,2,0.49,2,,,0.0,1.0
2026-08-05,Control,powerup,powerup_2,items,rolling_offer_tier1_p199_tier3,purchase,purchase,408,2,0.49,2,,,0.0,1.0
2026-08-05,Control,powerup,powerup_2,items,team_collection,reward_event,meta,408,1,0.25,2,,,0.0,2.0
2026-08-05,Control,powerup,powerup_2,items,bomb_event,reward_event,meta,408,1,0.25,1,,,0.0,1.0
2026-08-05,Control,powerup,powerup_2,items,ArcheryArena,reward_event,meta,408,1,0.25,1,,,0.0,1.0
2026-08-05,Control,powerup,powerup_2,items,bundle_2_with_prelevel_boosters_tier3,purchase,purchase,408,1,0.25,1,,,0.0,1.0
2026-08-05,Control,powerup,powerup_2,items,rolling_offer_tier1_p299,purchase,purchase,408,1,0.25,1,,,0.0,1.0
2026-08-05,Control,powerup,powerup_2,items,bundle_1_with_prelevel_boosters,purchase,purchase,408,1,0.25,1,,,0.0,1.0
2026-08-05,Control,powerup,powerup_2,items,bundle_7_with_prelevel_boosters2,purchase,purchase,408,1,0.25,1,,,0.0,1.0
2026-08-05,Control,powerup,powerup_2,items,rolling_offer_tier1_p499_VarA,purchase,purchase,408,1,0.25,1,,,0.0,1.0
2026-08-05,Control,powerup,powerup_2,items,red_event,reward_event,meta,408,1,0.25,1,,,0.0,1.0
2026-08-05,Control,powerup,powerup_3,items,saga_progression,chapter_complete,core,408,374,91.67,1030,,,2.52,2.75
2026-08-05,Control,powerup,powerup_3,items,player_level_up,reward_chest,core,408,315,77.21,658,,,1.61,2.09
2026-08-05,Control,powerup,powerup_3,items,dream_pass_event,reward_event,meta,408,93,22.79,119,,,0.29,1.28
2026-08-05,Control,powerup,powerup_3,items,river_rush,reward_event,meta,408,75,18.38,109,,,0.27,1.45
2026-08-05,Control,powerup,powerup_3,items,ad_chest,ad_chest,ads,408,43,10.54,50,,,0.12,1.16
2026-08-05,Control,powerup,powerup_3,items,reward_chest,reward_chest,other,408,34,8.33,48,,,0.12,1.41
2026-08-05,Control,powerup,powerup_3,items,daily_reward,daily_reward,core,408,46,11.27,46,,,0.11,1.0
2026-08-05,Control,powerup,powerup_3,items,facebook_like,facebook_like,other,408,15,3.68,34,,,0.08,2.27
2026-08-05,Control,powerup,powerup_3,items,race_event,reward_event,meta,408,8,1.96,10,,,0.02,1.25
2026-08-05,Control,powerup,powerup_3,items,offer_free_items,rolling_offer,meta,408,3,0.74,7,,,0.02,2.33
2026-08-05,Control,powerup,powerup_3,items,red_event,reward_event,meta,408,7,1.72,7,,,0.02,1.0
2026-08-05,Control,powerup,powerup_3,items,ingame,purchase,purchase,408,2,0.49,6,,,0.01,3.0
2026-08-05,Control,powerup,powerup_3,items,bundle_3_with_prelevel_boosters_tier3,purchase,purchase,408,1,0.25,4,,,0.01,4.0
2026-08-05,Control,powerup,powerup_3,items,team_versus,reward_event,meta,408,3,0.74,3,,,0.01,1.0
2026-08-05,Control,powerup,powerup_3,items,rolling_offer_p999_tier3,purchase,purchase,408,1,0.25,3,,,0.01,3.0
2026-08-05,Control,powerup,powerup_3,items,bundle_1_with_prelevel_boosters_tier3,purchase,purchase,408,2,0.49,3,,,0.01,1.5
2026-08-05,Control,powerup,powerup_3,items,team_versus_contribution,reward_event,meta,408,2,0.49,2,,,0.0,1.0
2026-08-05,Control,powerup,powerup_3,items,single_collection,reward_event,meta,408,2,0.49,2,,,0.0,1.0
2026-08-05,Control,powerup,powerup_3,items,kite_festival_event,reward_event,meta,408,2,0.49,2,,,0.0,1.0
2026-08-05,Control,powerup,powerup_3,items,rolling_offer_tier1_p199_tier3,purchase,purchase,408,2,0.49,2,,,0.0,1.0
2026-08-05,Control,powerup,powerup_3,items,bundle_7_with_prelevel_boosters,purchase,purchase,408,2,0.49,2,,,0.0,1.0
2026-08-05,Control,powerup,powerup_3,items,Hatchling Hideaway,event_reward,meta,408,2,0.49,2,,,0.0,1.0
2026-08-05,Control,powerup,powerup_3,items,rolling_offer_tier1_p799_tier3,purchase,purchase,408,1,0.25,2,,,0.0,2.0
2026-08-05,Control,powerup,powerup_3,items,bundle_1_with_prelevel_boosters,purchase,purchase,408,1,0.25,1,,,0.0,1.0
2026-08-05,Control,powerup,powerup_3,items,rolling_offer_tier1_p499_VarA,purchase,purchase,408,1,0.25,1,,,0.0,1.0
2026-08-05,Control,powerup,powerup_3,items,bundle_7_with_prelevel_boosters2,purchase,purchase,408,1,0.25,1,,,0.0,1.0
2026-08-05,Control,powerup,powerup_3,items,rolling_offer_tier1_p299,purchase,purchase,408,1,0.25,1,,,0.0,1.0
2026-08-05,Control,powerup,powerup_3,items,bomb_event,reward_event,meta,408,1,0.25,1,,,0.0,1.0
2026-08-05,Control,powerup,powerup_3,items,bundle_2_with_prelevel_boosters_tier3,purchase,purchase,408,1,0.25,1,,,0.0,1.0
2026-08-05,Control,pre_level_booster,pre_level_booster_1,items,saga_progression,chapter_complete,core,408,395,96.81,2206,,,5.41,5.58
2026-08-05,Control,pre_level_booster,pre_level_booster_1,items,dream_pass_event,reward_event,meta,408,98,24.02,311,,,0.76,3.17
2026-08-05,Control,pre_level_booster,pre_level_booster_1,items,player_level_up,reward_chest,core,408,193,47.3,211,,,0.52,1.09
2026-08-05,Control,pre_level_booster,pre_level_booster_1,items,FlockRush,event_reward,meta,408,145,35.54,148,,,0.36,1.02
2026-08-05,Control,pre_level_booster,pre_level_booster_1,items,Jigsaw,reward_event,meta,408,100,24.51,101,,,0.25,1.01
2026-08-05,Control,pre_level_booster,pre_level_booster_1,items,offer_free_items,rolling_offer,meta,408,89,21.81,92,,,0.23,1.03
2026-08-05,Control,pre_level_booster,pre_level_booster_1,items,river_rush,reward_event,meta,408,41,10.05,55,,,0.13,1.34
2026-08-05,Control,pre_level_booster,pre_level_booster_1,items,reward_chest,reward_chest,other,408,33,8.09,33,,,0.08,1.0
2026-08-05,Control,pre_level_booster,pre_level_booster_1,items,Hatchling Hideaway,event_reward,meta,408,5,1.23,5,,,0.01,1.0
2026-08-05,Control,pre_level_booster,pre_level_booster_1,items,bundle_3_with_prelevel_boosters_tier3,purchase,purchase,408,1,0.25,4,,,0.01,4.0
2026-08-05,Control,pre_level_booster,pre_level_booster_1,items,ingame,purchase,purchase,408,1,0.25,3,,,0.01,3.0
2026-08-05,Control,pre_level_booster,pre_level_booster_1,items,bundle_1_with_prelevel_boosters_tier3,purchase,purchase,408,2,0.49,3,,,0.01,1.5
2026-08-05,Control,pre_level_booster,pre_level_booster_1,items,rolling_offer_tier1_p199_tier3,purchase,purchase,408,2,0.49,2,,,0.0,1.0
2026-08-05,Control,pre_level_booster,pre_level_booster_1,items,bundle_7_with_prelevel_boosters,purchase,purchase,408,2,0.49,2,,,0.0,1.0
2026-08-05,Control,pre_level_booster,pre_level_booster_1,items,season_pass_event,reward_event,meta,408,1,0.25,1,,,0.0,1.0
2026-08-05,Control,pre_level_booster,pre_level_booster_1,items,rolling_offer_tier1_p799_tier3,purchase,purchase,408,1,0.25,1,,,0.0,1.0
2026-08-05,Control,pre_level_booster,pre_level_booster_1,items,bundle_1_with_prelevel_boosters,purchase,purchase,408,1,0.25,1,,,0.0,1.0
2026-08-05,Control,pre_level_booster,pre_level_booster_1,items,bundle_7_with_prelevel_boosters2,purchase,purchase,408,1,0.25,1,,,0.0,1.0
2026-08-05,Control,pre_level_booster,pre_level_booster_1,items,rolling_offer_tier1_p299,purchase,purchase,408,1,0.25,1,,,0.0,1.0
2026-08-05,Control,pre_level_booster,pre_level_booster_1,items,race_event,reward_event,meta,408,1,0.25,1,,,0.0,1.0
2026-08-05,Control,pre_level_booster,pre_level_booster_1,items,bundle_2_with_prelevel_boosters_tier3,purchase,purchase,408,1,0.25,1,,,0.0,1.0
2026-08-05,Control,pre_level_booster,pre_level_booster_1,items,rolling_offer_p999_tier3,purchase,purchase,408,1,0.25,1,,,0.0,1.0
2026-08-05,Control,pre_level_booster,pre_level_booster_2,items,saga_progression,chapter_complete,core,408,386,94.61,2172,,,5.32,5.63
2026-08-05,Control,pre_level_booster,pre_level_booster_2,items,player_level_up,reward_chest,core,408,198,48.53,543,,,1.33,2.74
2026-08-05,Control,pre_level_booster,pre_level_booster_2,items,dream_pass_event,reward_event,meta,408,108,26.47,287,,,0.7,2.66
2026-08-05,Control,pre_level_booster,pre_level_booster_2,items,FlockRush,event_reward,meta,408,145,35.54,148,,,0.36,1.02
2026-08-05,Control,pre_level_booster,pre_level_booster_2,items,Jigsaw,reward_event,meta,408,103,25.25,103,,,0.25,1.0
2026-08-05,Control,pre_level_booster,pre_level_booster_2,items,offer_free_items,rolling_offer,meta,408,87,21.32,90,,,0.22,1.03
2026-08-05,Control,pre_level_booster,pre_level_booster_2,items,river_rush,reward_event,meta,408,34,8.33,36,,,0.09,1.06
2026-08-05,Control,pre_level_booster,pre_level_booster_2,items,reward_chest,reward_chest,other,408,33,8.09,33,,,0.08,1.0
2026-08-05,Control,pre_level_booster,pre_level_booster_2,items,ingame,purchase,purchase,408,1,0.25,6,,,0.01,6.0
2026-08-05,Control,pre_level_booster,pre_level_booster_2,items,bundle_3_with_prelevel_boosters_tier3,purchase,purchase,408,1,0.25,4,,,0.01,4.0
2026-08-05,Control,pre_level_booster,pre_level_booster_2,items,Hatchling Hideaway,event_reward,meta,408,4,0.98,4,,,0.01,1.0
2026-08-05,Control,pre_level_booster,pre_level_booster_2,items,bundle_1_with_prelevel_boosters_tier3,purchase,purchase,408,2,0.49,3,,,0.01,1.5
2026-08-05,Control,pre_level_booster,pre_level_booster_2,items,team_versus_contribution,reward_event,meta,408,2,0.49,2,,,0.0,1.0
2026-08-05,Control,pre_level_booster,pre_level_booster_2,items,bundle_7_with_prelevel_boosters,purchase,purchase,408,2,0.49,2,,,0.0,1.0
2026-08-05,Control,pre_level_booster,pre_level_booster_2,items,rolling_offer_tier1_p199_tier3,purchase,purchase,408,2,0.49,2,,,0.0,1.0
2026-08-05,Control,pre_level_booster,pre_level_booster_2,items,rolling_offer_p999_tier3,purchase,purchase,408,1,0.25,1,,,0.0,1.0
2026-08-05,Control,pre_level_booster,pre_level_booster_2,items,bundle_2_with_prelevel_boosters_tier3,purchase,purchase,408,1,0.25,1,,,0.0,1.0
2026-08-05,Control,pre_level_booster,pre_level_booster_2,items,rolling_offer_tier1_p799_tier3,purchase,purchase,408,1,0.25,1,,,0.0,1.0
2026-08-05,Control,pre_level_booster,pre_level_booster_2,items,bundle_7_with_prelevel_boosters2,purchase,purchase,408,1,0.25,1,,,0.0,1.0
2026-08-05,Control,pre_level_booster,pre_level_booster_2,items,bundle_1_with_prelevel_boosters,purchase,purchase,408,1,0.25,1,,,0.0,1.0
2026-08-05,Control,pre_level_booster,pre_level_booster_2,items,season_pass_event,reward_event,meta,408,1,0.25,1,,,0.0,1.0
2026-08-05,Control,pre_level_booster,pre_level_booster_2,items,kite_festival_event,reward_event,meta,408,1,0.25,1,,,0.0,1.0
2026-08-05,Control,pre_level_booster,pre_level_booster_2,items,rolling_offer_tier1_p299,purchase,purchase,408,1,0.25,1,,,0.0,1.0
2026-08-05,Control,pre_level_booster,pre_level_booster_2,items,race_event,reward_event,meta,408,1,0.25,1,,,0.0,1.0
2026-08-05,Control,pre_level_booster,pre_level_booster_3,items,saga_progression,chapter_complete,core,408,366,89.71,521,,,1.28,1.42
2026-08-05,Control,pre_level_booster,pre_level_booster_3,items,player_level_up,reward_chest,core,408,207,50.74,414,,,1.01,2.0
2026-08-05,Control,pre_level_booster,pre_level_booster_3,items,FlockRush,event_reward,meta,408,145,35.54,148,,,0.36,1.02
2026-08-05,Control,pre_level_booster,pre_level_booster_3,items,Jigsaw,reward_event,meta,408,91,22.3,91,,,0.22,1.0
2026-08-05,Control,pre_level_booster,pre_level_booster_3,items,dream_pass_event,reward_event,meta,408,58,14.22,91,,,0.22,1.57
2026-08-05,Control,pre_level_booster,pre_level_booster_3,items,offer_free_items,rolling_offer,meta,408,86,21.08,89,,,0.22,1.03
2026-08-05,Control,pre_level_booster,pre_level_booster_3,items,river_rush,reward_event,meta,408,54,13.24,74,,,0.18,1.37
2026-08-05,Control,pre_level_booster,pre_level_booster_3,items,reward_chest,reward_chest,other,408,33,8.09,33,,,0.08,1.0
2026-08-05,Control,pre_level_booster,pre_level_booster_3,items,race_event,reward_event,meta,408,6,1.47,6,,,0.01,1.0
2026-08-05,Control,pre_level_booster,pre_level_booster_3,items,bundle_3_with_prelevel_boosters_tier3,purchase,purchase,408,1,0.25,4,,,0.01,4.0
2026-08-05,Control,pre_level_booster,pre_level_booster_3,items,bundle_1_with_prelevel_boosters_tier3,purchase,purchase,408,2,0.49,3,,,0.01,1.5
2026-08-05,Control,pre_level_booster,pre_level_booster_3,items,ingame,purchase,purchase,408,1,0.25,3,,,0.01,3.0
2026-08-05,Control,pre_level_booster,pre_level_booster_3,items,team_versus_contribution,reward_event,meta,408,3,0.74,3,,,0.01,1.0
2026-08-05,Control,pre_level_booster,pre_level_booster_3,items,Hatchling Hideaway,event_reward,meta,408,2,0.49,2,,,0.0,1.0
2026-08-05,Control,pre_level_booster,pre_level_booster_3,items,rolling_offer_tier1_p199_tier3,purchase,purchase,408,2,0.49,2,,,0.0,1.0
2026-08-05,Control,pre_level_booster,pre_level_booster_3,items,bundle_7_with_prelevel_boosters,purchase,purchase,408,2,0.49,2,,,0.0,1.0
2026-08-05,Control,pre_level_booster,pre_level_booster_3,items,bundle_1_with_prelevel_boosters,purchase,purchase,408,1,0.25,1,,,0.0,1.0
2026-08-05,Control,pre_level_booster,pre_level_booster_3,items,bundle_7_with_prelevel_boosters2,purchase,purchase,408,1,0.25,1,,,0.0,1.0
2026-08-05,Control,pre_level_booster,pre_level_booster_3,items,rolling_offer_tier1_p299,purchase,purchase,408,1,0.25,1,,,0.0,1.0
2026-08-05,Control,pre_level_booster,pre_level_booster_3,items,bundle_2_with_prelevel_boosters_tier3,purchase,purchase,408,1,0.25,1,,,0.0,1.0
2026-08-05,Control,pre_level_booster,pre_level_booster_3,items,rolling_offer_p999_tier3,purchase,purchase,408,1,0.25,1,,,0.0,1.0
2026-08-05,Control,pre_level_booster,pre_level_booster_3,items,rolling_offer_tier1_p799_tier3,purchase,purchase,408,1,0.25,1,,,0.0,1.0
2026-08-05,Control,season_pass_multiplier_2x,SeasonPassMultiplier2x,minutes,river_rush,reward_event,meta,408,27,6.62,695,,,1.7,25.74
2026-08-05,Control,season_pass_multiplier_2x,SeasonPassMultiplier2x,minutes,great_offer1_199_tier3,purchase,purchase,408,1,0.25,360,,,0.88,360.0
2026-08-05,Control,season_pass_tokens,SeasonPassToken,items,season_pass_event,event_reward,meta,408,1,0.25,15,,,0.04,15.0
2026-08-05,Control,ul_pre_booster,UnlimitedBooster1,minutes,river_rush,reward_event,meta,408,92,22.55,4040,,,9.9,43.91
2026-08-05,Control,ul_pre_booster,UnlimitedBooster1,minutes,dream_pass_event,reward_event,meta,408,104,25.49,2215,,,5.43,21.3
2026-08-05,Control,ul_pre_booster,UnlimitedBooster1,minutes,Jigsaw,reward_event,meta,408,119,29.17,2185,,,5.36,18.36
2026-08-05,Control,ul_pre_booster,UnlimitedBooster1,minutes,daily_reward,daily_reward,core,408,8,1.96,540,,,1.32,67.5
2026-08-05,Control,ul_pre_booster,UnlimitedBooster1,minutes,great_offer1_199_tier3,purchase,purchase,408,1,0.25,360,,,0.88,360.0
2026-08-05,Control,ul_pre_booster,UnlimitedBooster1,minutes,Hard_level_offer1_tier3,purchase,purchase,408,2,0.49,40,,,0.1,20.0
2026-08-05,Control,ul_pre_booster,UnlimitedBooster1,minutes,Hard_Level_Offer1,purchase,purchase,408,1,0.25,20,,,0.05,20.0
2026-08-05,Control,ul_pre_booster,UnlimitedBooster1,minutes,Hatchling Hideaway,event_reward,meta,408,2,0.49,20,,,0.05,10.0
2026-08-05,Control,ul_pre_booster,UnlimitedBooster2,minutes,Jigsaw,reward_event,meta,408,142,34.8,2135,,,5.23,15.04
2026-08-05,Control,ul_pre_booster,UnlimitedBooster2,minutes,river_rush,reward_event,meta,408,82,20.1,1900,,,4.66,23.17
2026-08-05,Control,ul_pre_booster,UnlimitedBooster2,minutes,dream_pass_event,reward_event,meta,408,78,19.12,1225,,,3.0,15.71
2026-08-05,Control,ul_pre_booster,UnlimitedBooster2,minutes,daily_reward,daily_reward,core,408,10,2.45,600,,,1.47,60.0
2026-08-05,Control,ul_pre_booster,UnlimitedBooster2,minutes,great_offer1_199_tier3,purchase,purchase,408,1,0.25,360,,,0.88,360.0
2026-08-05,Control,ul_pre_booster,UnlimitedBooster2,minutes,Hard_level_offer1_tier3,purchase,purchase,408,2,0.49,40,,,0.1,20.0
2026-08-05,Control,ul_pre_booster,UnlimitedBooster2,minutes,season_pass_event,reward_event,meta,408,2,0.49,30,,,0.07,15.0
2026-08-05,Control,ul_pre_booster,UnlimitedBooster2,minutes,Hatchling Hideaway,event_reward,meta,408,2,0.49,20,,,0.05,10.0
2026-08-05,Control,ul_pre_booster,UnlimitedBooster2,minutes,Hard_Level_Offer1,purchase,purchase,408,1,0.25,20,,,0.05,20.0
2026-08-05,Control,ul_pre_booster,UnlimitedBooster3,minutes,Jigsaw,reward_event,meta,408,167,40.93,2375,,,5.82,14.22
2026-08-05,Control,ul_pre_booster,UnlimitedBooster3,minutes,great_offer1_199_tier3,purchase,purchase,408,1,0.25,360,,,0.88,360.0
2026-08-05,Control,ul_pre_booster,UnlimitedBooster3,minutes,river_rush,reward_event,meta,408,8,1.96,165,,,0.4,20.63
2026-08-05,Control,ul_pre_booster,UnlimitedBooster3,minutes,daily_reward,daily_reward,core,408,5,1.23,150,,,0.37,30.0
2026-08-05,Control,ul_pre_booster,UnlimitedBooster3,minutes,dream_pass_event,reward_event,meta,408,6,1.47,105,,,0.26,17.5
2026-08-05,Control,ul_pre_booster,UnlimitedBooster3,minutes,Hard_level_offer1_tier3,purchase,purchase,408,2,0.49,40,,,0.1,20.0
2026-08-05,Control,ul_pre_booster,UnlimitedBooster3,minutes,Hard_Level_Offer1,purchase,purchase,408,1,0.25,20,,,0.05,20.0
2026-08-05,Control,unlimited_lives,UnlimitedLives,minutes,saga_progression,chapter_complete,core,408,397,97.3,78870,,,193.31,198.66
2026-08-05,Control,unlimited_lives,UnlimitedLives,minutes,player_level_up,reward_chest,core,408,346,84.8,39960,,,97.94,115.49
2026-08-05,Control,unlimited_lives,UnlimitedLives,minutes,FlockRush,event_reward,meta,408,338,82.84,20920,,,51.27,61.89
2026-08-05,Control,unlimited_lives,UnlimitedLives,minutes,Jigsaw,reward_event,meta,408,177,43.38,13980,,,34.26,78.98
2026-08-05,Control,unlimited_lives,UnlimitedLives,minutes,dream_pass_event,reward_event,meta,408,111,27.21,10305,,,25.26,92.84
2026-08-05,Control,unlimited_lives,UnlimitedLives,minutes,daily_reward,daily_reward,core,408,140,34.31,6285,,,15.4,44.89
2026-08-05,Control,unlimited_lives,UnlimitedLives,minutes,ArcheryArena,reward_event,meta,408,176,43.14,5460,,,13.38,31.02
2026-08-05,Control,unlimited_lives,UnlimitedLives,minutes,kite_festival_event,reward_event,meta,408,63,15.44,2210,,,5.42,35.08
2026-08-05,Control,unlimited_lives,UnlimitedLives,minutes,river_rush,reward_event,meta,408,38,9.31,1770,,,4.34,46.58
2026-08-05,Control,unlimited_lives,UnlimitedLives,minutes,offer_free_items,rolling_offer,meta,408,12,2.94,1110,,,2.72,92.5
2026-08-05,Control,unlimited_lives,UnlimitedLives,minutes,reward_chest,reward_chest,other,408,33,8.09,990,,,2.43,30.0
2026-08-05,Control,unlimited_lives,UnlimitedLives,minutes,ad_chest,ad_chest,ads,408,58,14.22,905,,,2.22,15.6
2026-08-05,Control,unlimited_lives,UnlimitedLives,minutes,race_event,reward_event,meta,408,8,1.96,400,,,0.98,50.0
2026-08-05,Control,unlimited_lives,UnlimitedLives,minutes,great_offer1_199_tier3,purchase,purchase,408,1,0.25,360,,,0.88,360.0
2026-08-05,Control,unlimited_lives,UnlimitedLives,minutes,Hatchling Hideaway,event_reward,meta,408,5,1.23,360,,,0.88,72.0
2026-08-05,Control,unlimited_lives,UnlimitedLives,minutes,rolling_offer_p999_tier3,purchase,purchase,408,1,0.25,120,,,0.29,120.0
2026-08-05,Control,unlimited_lives,UnlimitedLives,minutes,rolling_offer_tier1_p799_tier3,purchase,purchase,408,1,0.25,120,,,0.29,120.0
2026-08-05,Control,unlimited_lives,UnlimitedLives,minutes,season_pass_event,reward_event,meta,408,2,0.49,120,,,0.29,60.0
2026-08-05,Control,unlimited_lives,UnlimitedLives,minutes,rolling_offer_p099_VarA,purchase,purchase,408,1,0.25,45,,,0.11,45.0
2026-08-05,Control,unlimited_lives,UnlimitedLives,minutes,rolling_offer_tier1_p499_VarA,purchase,purchase,408,1,0.25,40,,,0.1,40.0
2026-08-05,Control,unlimited_lives,UnlimitedLives,minutes,Hard_level_offer1_tier3,purchase,purchase,408,2,0.49,40,,,0.1,20.0
2026-08-05,Control,unlimited_lives,UnlimitedLives,minutes,Hard_Level_Offer1,purchase,purchase,408,1,0.25,20,,,0.05,20.0
2026-08-05,Variant,Avatar,Avatar,items,saga_progression,chapter_complete,core,421,227,53.92,675,,,1.6,2.97
2026-08-05,Variant,Avatar,Avatar,items,season_pass_event,reward_event,meta,421,2,0.48,2,,,0.0,1.0
2026-08-05,Variant,Avatar,Avatar,items,dream_pass_event,reward_event,meta,421,1,0.24,1,,,0.0,1.0
2026-08-05,Variant,currency,HardCoin,coins,player_level_up,reward_chest,core,421,405,96.2,65950,65950,0,156.65,162.84
2026-08-05,Variant,currency,HardCoin,coins,chuck_event,reward_event,meta,421,285,67.7,48300,48300,0,114.73,169.47
2026-08-05,Variant,currency,HardCoin,coins,dreamheist_event,reward_event,meta,421,272,64.61,34210,34210,0,81.26,125.77
2026-08-05,Variant,currency,HardCoin,coins,saga_progression,chapter_complete,core,421,414,98.34,31615,31615,0,75.1,76.36
2026-08-05,Variant,currency,HardCoin,coins,Rainbow Maker,reward_event,meta,421,286,67.93,18246,18246,0,43.34,63.8
2026-08-05,Variant,currency,HardCoin,coins,dream_pass_event,reward_event,meta,421,132,31.35,8095,8095,0,19.23,61.33
2026-08-05,Variant,currency,HardCoin,coins,Hatchling Hideaway,event_reward,meta,421,134,31.83,5405,5405,0,12.84,40.34
2026-08-05,Variant,currency,HardCoin,coins,daily_reward,daily_reward,core,421,213,50.59,5360,5360,0,12.73,25.16
2026-08-05,Variant,currency,HardCoin,coins,xs_coins2,purchase,purchase,421,4,0.95,4200,0,4200,9.98,1050.0
2026-08-05,Variant,currency,HardCoin,coins,reward_chest,reward_chest,other,421,27,6.41,2800,2800,0,6.65,103.7
2026-08-05,Variant,currency,HardCoin,coins,ad_chest,ad_chest,ads,421,90,21.38,2260,2260,0,5.37,25.11
2026-08-05,Variant,currency,HardCoin,coins,m_coins_tier3,purchase,purchase,421,1,0.24,2000,0,2000,4.75,2000.0
2026-08-05,Variant,currency,HardCoin,coins,xs_coins_tier3,purchase,purchase,421,4,0.95,1650,0,1650,3.92,412.5
2026-08-05,Variant,currency,HardCoin,coins,bundle_2_with_prelevel_boosters_tier3,purchase,purchase,421,1,0.24,1500,0,1500,3.56,1500.0
2026-08-05,Variant,currency,HardCoin,coins,facebook_like,facebook_like,other,421,14,3.33,1500,1500,0,3.56,107.14
2026-08-05,Variant,currency,HardCoin,coins,bundle_3_with_prelevel_boosters_tier3,purchase,purchase,421,1,0.24,1000,0,1000,2.38,1000.0
2026-08-05,Variant,currency,HardCoin,coins,bundle_1_with_prelevel_boosters_tier3,purchase,purchase,421,3,0.71,800,0,800,1.9,266.67
2026-08-05,Variant,currency,HardCoin,coins,special_offer8_tier3,purchase,purchase,421,2,0.48,800,0,800,1.9,400.0
2026-08-05,Variant,currency,HardCoin,coins,red_event,reward_event,meta,421,4,0.95,600,600,0,1.43,150.0
2026-08-05,Variant,currency,HardCoin,coins,heart_gift,heart_gift,other,421,79,18.76,600,600,0,1.43,7.59
2026-08-05,Variant,currency,HardCoin,coins,special_offer8,purchase,purchase,421,2,0.48,500,0,500,1.19,250.0
2026-08-05,Variant,currency,HardCoin,coins,bundle_2_with_prelevel_boosters2,purchase,purchase,421,1,0.24,500,0,500,1.19,500.0
2026-08-05,Variant,currency,HardCoin,coins,bundle_2_with_prelevel_boosters,purchase,purchase,421,1,0.24,500,0,500,1.19,500.0
2026-08-05,Variant,currency,HardCoin,coins,ArcheryArena,reward_event,meta,421,6,1.43,500,500,0,1.19,83.33
2026-08-05,Variant,currency,HardCoin,coins,kite_festival_event,reward_event,meta,421,3,0.71,475,475,0,1.13,158.33
2026-08-05,Variant,currency,HardCoin,coins,Hard_Level_Offer1,purchase,purchase,421,4,0.95,400,0,400,0.95,100.0
2026-08-05,Variant,currency,HardCoin,coins,special_offer1,purchase,purchase,421,1,0.24,300,0,300,0.71,300.0
2026-08-05,Variant,currency,HardCoin,coins,special_offer1_tier3,purchase,purchase,421,1,0.24,300,0,300,0.71,300.0
2026-08-05,Variant,currency,HardCoin,coins,river_rush,reward_event,meta,421,1,0.24,215,215,0,0.51,215.0
2026-08-05,Variant,currency,HardCoin,coins,season_pass_event,reward_event,meta,421,3,0.71,210,210,0,0.5,70.0
2026-08-05,Variant,currency,HardCoin,coins,rolling_offer_p099_VarA,purchase,purchase,421,1,0.24,200,0,200,0.48,200.0
2026-08-05,Variant,currency,HardCoin,coins,Hard_level_offer1_tier3,purchase,purchase,421,2,0.48,200,0,200,0.48,100.0
2026-08-05,Variant,currency,HardCoin,coins,bundle_1_with_prelevel_boosters,purchase,purchase,421,1,0.24,200,0,200,0.48,200.0
2026-08-05,Variant,currency,HardCoin,coins,team_versus_contribution,reward_event,meta,421,4,0.95,200,200,0,0.48,50.0
2026-08-05,Variant,currency,HardCoin,coins,team_versus,reward_event,meta,421,2,0.48,200,200,0,0.48,100.0
2026-08-05,Variant,currency,HardCoin,coins,bomb_ballet_event,reward_event,meta,421,5,1.19,175,175,0,0.42,35.0
2026-08-05,Variant,currency,HardCoin,coins,offer_free_items,rolling_offer,meta,421,1,0.24,150,150,0,0.36,150.0
2026-08-05,Variant,currency,HardCoin,coins,bundle_7_with_prelevel_boosters_tier3,purchase,purchase,421,1,0.24,150,0,150,0.36,150.0
2026-08-05,Variant,currency,HardCoin,coins,rolling_offer_p049_tier3,purchase,purchase,421,1,0.24,150,0,150,0.36,150.0
2026-08-05,Variant,currency,HardCoin,coins,race_event,reward_event,meta,421,2,0.48,125,125,0,0.3,62.5
2026-08-05,Variant,currency,HardCoin,coins,Jigsaw,reward_event,meta,421,1,0.24,75,75,0,0.18,75.0
2026-08-05,Variant,currency,HardCoin,coins,team_collection,reward_event,meta,421,1,0.24,30,30,0,0.07,30.0
2026-08-05,Variant,dream_pass_tokens,DreamPassToken,items,Rainbow Maker,reward_event,meta,421,327,77.67,113465,,,269.51,346.99
2026-08-05,Variant,dream_pass_tokens,DreamPassToken,items,offer_free_items,rolling_offer,meta,421,78,18.53,3400,,,8.08,43.59
2026-08-05,Variant,dream_pass_tokens,DreamPassToken,items,FlockRush,event_reward,meta,421,99,23.52,2020,,,4.8,20.4
2026-08-05,Variant,dream_pass_tokens,DreamPassToken,items,race_event,reward_event,meta,421,1,0.24,50,,,0.12,50.0
2026-08-05,Variant,life,life,items,ask_for_lives,ask_for_lives,other,421,33,7.84,182,,,0.43,5.52
2026-08-05,Variant,life,life,items,ad_life,ad_life,ads,421,17,4.04,25,,,0.06,1.47
2026-08-05,Variant,life,liferefill,items,coin_purchase,coin_purchase,other,421,17,4.04,210,,,0.5,12.35
2026-08-05,Variant,orb,Reds_Greatest_Challenge,items,dream_pass_event,reward_event,meta,421,32,7.6,32,,,0.08,1.0
2026-08-05,Variant,powerup,powerup_1,items,Rainbow Maker,reward_event,meta,421,212,50.36,833,,,1.98,3.93
2026-08-05,Variant,powerup,powerup_1,items,player_level_up,reward_chest,core,421,223,52.97,234,,,0.56,1.05
2026-08-05,Variant,powerup,powerup_1,items,chuck_event,reward_event,meta,421,188,44.66,197,,,0.47,1.05
2026-08-05,Variant,powerup,powerup_1,items,Hatchling Hideaway,event_reward,meta,421,96,22.8,99,,,0.24,1.03
2026-08-05,Variant,powerup,powerup_1,items,dreamheist_event,reward_event,meta,421,29,6.89,30,,,0.07,1.03
2026-08-05,Variant,powerup,powerup_1,items,reward_chest,reward_chest,other,421,27,6.41,28,,,0.07,1.04
2026-08-05,Variant,powerup,powerup_1,items,ad_chest,ad_chest,ads,421,22,5.23,26,,,0.06,1.18
2026-08-05,Variant,powerup,powerup_1,items,dream_pass_event,reward_event,meta,421,1,0.24,6,,,0.01,6.0
2026-08-05,Variant,powerup,powerup_1,items,team_versus,reward_event,meta,421,4,0.95,4,,,0.01,1.0
2026-08-05,Variant,powerup,powerup_1,items,daily_reward,daily_reward,core,421,4,0.95,4,,,0.01,1.0
2026-08-05,Variant,powerup,powerup_1,items,bundle_1_with_prelevel_boosters_tier3,purchase,purchase,421,3,0.71,4,,,0.01,1.33
2026-08-05,Variant,powerup,powerup_1,items,ArcheryArena,reward_event,meta,421,4,0.95,4,,,0.01,1.0
2026-08-05,Variant,powerup,powerup_1,items,ingame,purchase,purchase,421,1,0.24,3,,,0.01,3.0
2026-08-05,Variant,powerup,powerup_1,items,bundle_2_with_prelevel_boosters_tier3,purchase,purchase,421,1,0.24,3,,,0.01,3.0
2026-08-05,Variant,powerup,powerup_1,items,bundle_3_with_prelevel_boosters_tier3,purchase,purchase,421,1,0.24,2,,,0.0,2.0
2026-08-05,Variant,powerup,powerup_1,items,special_offer8_tier3,purchase,purchase,421,2,0.48,2,,,0.0,1.0
2026-08-05,Variant,powerup,powerup_1,items,team_versus_contribution,reward_event,meta,421,2,0.48,2,,,0.0,1.0
2026-08-05,Variant,powerup,powerup_1,items,bomb_ballet_event,reward_event,meta,421,2,0.48,2,,,0.0,1.0
2026-08-05,Variant,powerup,powerup_1,items,bundle_2_with_prelevel_boosters2,purchase,purchase,421,1,0.24,2,,,0.0,2.0
2026-08-05,Variant,powerup,powerup_1,items,saga_progression,chapter_complete,core,421,1,0.24,2,,,0.0,2.0
2026-08-05,Variant,powerup,powerup_1,items,red_event,reward_event,meta,421,2,0.48,2,,,0.0,1.0
2026-08-05,Variant,powerup,powerup_1,items,special_offer8,purchase,purchase,421,2,0.48,2,,,0.0,1.0
2026-08-05,Variant,powerup,powerup_1,items,Jigsaw,reward_event,meta,421,1,0.24,1,,,0.0,1.0
2026-08-05,Variant,powerup,powerup_1,items,bundle_1_with_prelevel_boosters,purchase,purchase,421,1,0.24,1,,,0.0,1.0
2026-08-05,Variant,powerup,powerup_1,items,bundle_7_with_prelevel_boosters_tier3,purchase,purchase,421,1,0.24,1,,,0.0,1.0
2026-08-05,Variant,powerup,powerup_1,items,kite_festival_event,reward_event,meta,421,1,0.24,1,,,0.0,1.0
2026-08-05,Variant,powerup,powerup_1,items,rolling_offer_p049_tier3,purchase,purchase,421,1,0.24,1,,,0.0,1.0
2026-08-05,Variant,powerup,powerup_1,items,race_event,reward_event,meta,421,1,0.24,1,,,0.0,1.0
2026-08-05,Variant,powerup,powerup_1,items,river_rush,reward_event,meta,421,1,0.24,1,,,0.0,1.0
2026-08-05,Variant,powerup,powerup_1,items,rolling_offer_p099_VarA,purchase,purchase,421,1,0.24,1,,,0.0,1.0
2026-08-05,Variant,powerup,powerup_1,items,bundle_2_with_prelevel_boosters,purchase,purchase,421,1,0.24,1,,,0.0,1.0
2026-08-05,Variant,powerup,powerup_2,items,Rainbow Maker,reward_event,meta,421,163,38.72,996,,,2.37,6.11
2026-08-05,Variant,powerup,powerup_2,items,player_level_up,reward_chest,core,421,283,67.22,585,,,1.39,2.07
2026-08-05,Variant,powerup,powerup_2,items,saga_progression,chapter_complete,core,421,359,85.27,506,,,1.2,1.41
2026-08-05,Variant,powerup,powerup_2,items,dreamheist_event,reward_event,meta,421,166,39.43,177,,,0.42,1.07
2026-08-05,Variant,powerup,powerup_2,items,FlockRush,event_reward,meta,421,110,26.13,115,,,0.27,1.05
2026-08-05,Variant,powerup,powerup_2,items,Hatchling Hideaway,event_reward,meta,421,94,22.33,101,,,0.24,1.07
2026-08-05,Variant,powerup,powerup_2,items,daily_reward,daily_reward,core,421,85,20.19,85,,,0.2,1.0
2026-08-05,Variant,powerup,powerup_2,items,dream_pass_event,reward_event,meta,421,33,7.84,41,,,0.1,1.24
2026-08-05,Variant,powerup,powerup_2,items,ad_chest,ad_chest,ads,421,32,7.6,36,,,0.09,1.13
2026-08-05,Variant,powerup,powerup_2,items,reward_chest,reward_chest,other,421,27,6.41,28,,,0.07,1.04
2026-08-05,Variant,powerup,powerup_2,items,ingame,purchase,purchase,421,4,0.95,12,,,0.03,3.0
2026-08-05,Variant,powerup,powerup_2,items,chuck_event,reward_event,meta,421,11,2.61,11,,,0.03,1.0
2026-08-05,Variant,powerup,powerup_2,items,special_offer8_tier3,purchase,purchase,421,2,0.48,4,,,0.01,2.0
2026-08-05,Variant,powerup,powerup_2,items,bundle_1_with_prelevel_boosters_tier3,purchase,purchase,421,3,0.71,4,,,0.01,1.33
2026-08-05,Variant,powerup,powerup_2,items,special_offer8,purchase,purchase,421,2,0.48,4,,,0.01,2.0
2026-08-05,Variant,powerup,powerup_2,items,bundle_2_with_prelevel_boosters_tier3,purchase,purchase,421,1,0.24,3,,,0.01,3.0
2026-08-05,Variant,powerup,powerup_2,items,offer_free_items,rolling_offer,meta,421,3,0.71,3,,,0.01,1.0
2026-08-05,Variant,powerup,powerup_2,items,season_pass_event,reward_event,meta,421,1,0.24,2,,,0.0,2.0
2026-08-05,Variant,powerup,powerup_2,items,river_rush,reward_event,meta,421,1,0.24,2,,,0.0,2.0
2026-08-05,Variant,powerup,powerup_2,items,bundle_3_with_prelevel_boosters_tier3,purchase,purchase,421,1,0.24,2,,,0.0,2.0
2026-08-05,Variant,powerup,powerup_2,items,bundle_2_with_prelevel_boosters2,purchase,purchase,421,1,0.24,2,,,0.0,2.0
2026-08-05,Variant,powerup,powerup_2,items,team_versus,reward_event,meta,421,2,0.48,2,,,0.0,1.0
2026-08-05,Variant,powerup,powerup_2,items,kite_festival_event,reward_event,meta,421,1,0.24,1,,,0.0,1.0
2026-08-05,Variant,powerup,powerup_2,items,team_collection,reward_event,meta,421,1,0.24,1,,,0.0,1.0
2026-08-05,Variant,powerup,powerup_2,items,bundle_1_with_prelevel_boosters,purchase,purchase,421,1,0.24,1,,,0.0,1.0
2026-08-05,Variant,powerup,powerup_2,items,Jigsaw,reward_event,meta,421,1,0.24,1,,,0.0,1.0
2026-08-05,Variant,powerup,powerup_2,items,bundle_2_with_prelevel_boosters,purchase,purchase,421,1,0.24,1,,,0.0,1.0
2026-08-05,Variant,powerup,powerup_2,items,bundle_7_with_prelevel_boosters_tier3,purchase,purchase,421,1,0.24,1,,,0.0,1.0
2026-08-05,Variant,powerup,powerup_2,items,bomb_event,reward_event,meta,421,1,0.24,1,,,0.0,1.0
2026-08-05,Variant,powerup,powerup_3,items,Rainbow Maker,reward_event,meta,421,275,65.32,950,,,2.26,3.45
2026-08-05,Variant,powerup,powerup_3,items,player_level_up,reward_chest,core,421,332,78.86,655,,,1.56,1.97
2026-08-05,Variant,powerup,powerup_3,items,saga_progression,chapter_complete,core,421,356,84.56,502,,,1.19,1.41
2026-08-05,Variant,powerup,powerup_3,items,chuck_event,reward_event,meta,421,121,28.74,129,,,0.31,1.07
2026-08-05,Variant,powerup,powerup_3,items,dream_pass_event,reward_event,meta,421,93,22.09,115,,,0.27,1.24
2026-08-05,Variant,powerup,powerup_3,items,Hatchling Hideaway,event_reward,meta,421,93,22.09,95,,,0.23,1.02
2026-08-05,Variant,powerup,powerup_3,items,daily_reward,daily_reward,core,421,39,9.26,40,,,0.1,1.03
2026-08-05,Variant,powerup,powerup_3,items,ad_chest,ad_chest,ads,421,33,7.84,35,,,0.08,1.06
2026-08-05,Variant,powerup,powerup_3,items,facebook_like,facebook_like,other,421,14,3.33,30,,,0.07,2.14
2026-08-05,Variant,powerup,powerup_3,items,reward_chest,reward_chest,other,421,27,6.41,28,,,0.07,1.04
2026-08-05,Variant,powerup,powerup_3,items,season_pass_event,reward_event,meta,421,4,0.95,5,,,0.01,1.25
2026-08-05,Variant,powerup,powerup_3,items,red_event,reward_event,meta,421,4,0.95,4,,,0.01,1.0
2026-08-05,Variant,powerup,powerup_3,items,special_offer8_tier3,purchase,purchase,421,2,0.48,4,,,0.01,2.0
2026-08-05,Variant,powerup,powerup_3,items,special_offer8,purchase,purchase,421,2,0.48,4,,,0.01,2.0
2026-08-05,Variant,powerup,powerup_3,items,bundle_1_with_prelevel_boosters_tier3,purchase,purchase,421,3,0.71,4,,,0.01,1.33
2026-08-05,Variant,powerup,powerup_3,items,bundle_2_with_prelevel_boosters_tier3,purchase,purchase,421,1,0.24,3,,,0.01,3.0
2026-08-05,Variant,powerup,powerup_3,items,ingame,purchase,purchase,421,1,0.24,3,,,0.01,3.0
2026-08-05,Variant,powerup,powerup_3,items,offer_free_items,rolling_offer,meta,421,3,0.71,3,,,0.01,1.0
2026-08-05,Variant,powerup,powerup_3,items,bomb_ballet_event,reward_event,meta,421,2,0.48,2,,,0.0,1.0
2026-08-05,Variant,powerup,powerup_3,items,team_versus_contribution,reward_event,meta,421,2,0.48,2,,,0.0,1.0
2026-08-05,Variant,powerup,powerup_3,items,bundle_2_with_prelevel_boosters2,purchase,purchase,421,1,0.24,2,,,0.0,2.0
2026-08-05,Variant,powerup,powerup_3,items,bundle_3_with_prelevel_boosters_tier3,purchase,purchase,421,1,0.24,2,,,0.0,2.0
2026-08-05,Variant,powerup,powerup_3,items,team_versus,reward_event,meta,421,2,0.48,2,,,0.0,1.0
2026-08-05,Variant,powerup,powerup_3,items,ArcheryArena,reward_event,meta,421,2,0.48,2,,,0.0,1.0
2026-08-05,Variant,powerup,powerup_3,items,kite_festival_event,reward_event,meta,421,1,0.24,1,,,0.0,1.0
2026-08-05,Variant,powerup,powerup_3,items,bundle_7_with_prelevel_boosters_tier3,purchase,purchase,421,1,0.24,1,,,0.0,1.0
2026-08-05,Variant,powerup,powerup_3,items,bundle_2_with_prelevel_boosters,purchase,purchase,421,1,0.24,1,,,0.0,1.0
2026-08-05,Variant,powerup,powerup_3,items,race_event,reward_event,meta,421,1,0.24,1,,,0.0,1.0
2026-08-05,Variant,powerup,powerup_3,items,bundle_1_with_prelevel_boosters,purchase,purchase,421,1,0.24,1,,,0.0,1.0
2026-08-05,Variant,pre_level_booster,pre_level_booster_1,items,saga_progression,chapter_complete,core,421,354,84.09,531,,,1.26,1.5
2026-08-05,Variant,pre_level_booster,pre_level_booster_1,items,Rainbow Maker,reward_event,meta,421,193,45.84,341,,,0.81,1.77
2026-08-05,Variant,pre_level_booster,pre_level_booster_1,items,dream_pass_event,reward_event,meta,421,94,22.33,314,,,0.75,3.34
2026-08-05,Variant,pre_level_booster,pre_level_booster_1,items,player_level_up,reward_chest,core,421,206,48.93,223,,,0.53,1.08
2026-08-05,Variant,pre_level_booster,pre_level_booster_1,items,dreamheist_event,reward_event,meta,421,205,48.69,217,,,0.52,1.06
2026-08-05,Variant,pre_level_booster,pre_level_booster_1,items,FlockRush,event_reward,meta,421,110,26.13,115,,,0.27,1.05
2026-08-05,Variant,pre_level_booster,pre_level_booster_1,items,Hatchling Hideaway,event_reward,meta,421,98,23.28,98,,,0.23,1.0
2026-08-05,Variant,pre_level_booster,pre_level_booster_1,items,offer_free_items,rolling_offer,meta,421,85,20.19,88,,,0.21,1.04
2026-08-05,Variant,pre_level_booster,pre_level_booster_1,items,reward_chest,reward_chest,other,421,27,6.41,28,,,0.07,1.04
2026-08-05,Variant,pre_level_booster,pre_level_booster_1,items,season_pass_event,reward_event,meta,421,4,0.95,13,,,0.03,3.25
2026-08-05,Variant,pre_level_booster,pre_level_booster_1,items,bundle_1_with_prelevel_boosters_tier3,purchase,purchase,421,3,0.71,4,,,0.01,1.33
2026-08-05,Variant,pre_level_booster,pre_level_booster_1,items,bundle_2_with_prelevel_boosters_tier3,purchase,purchase,421,1,0.24,3,,,0.01,3.0
2026-08-05,Variant,pre_level_booster,pre_level_booster_1,items,bundle_2_with_prelevel_boosters2,purchase,purchase,421,1,0.24,2,,,0.0,2.0
2026-08-05,Variant,pre_level_booster,pre_level_booster_1,items,bundle_3_with_prelevel_boosters_tier3,purchase,purchase,421,1,0.24,2,,,0.0,2.0
2026-08-05,Variant,pre_level_booster,pre_level_booster_1,items,ArcheryArena,reward_event,meta,421,1,0.24,1,,,0.0,1.0
2026-08-05,Variant,pre_level_booster,pre_level_booster_1,items,bundle_7_with_prelevel_boosters_tier3,purchase,purchase,421,1,0.24,1,,,0.0,1.0
2026-08-05,Variant,pre_level_booster,pre_level_booster_1,items,bomb_ballet_event,reward_event,meta,421,1,0.24,1,,,0.0,1.0
2026-08-05,Variant,pre_level_booster,pre_level_booster_1,items,bundle_1_with_prelevel_boosters,purchase,purchase,421,1,0.24,1,,,0.0,1.0
2026-08-05,Variant,pre_level_booster,pre_level_booster_1,items,bundle_2_with_prelevel_boosters,purchase,purchase,421,1,0.24,1,,,0.0,1.0
2026-08-05,Variant,pre_level_booster,pre_level_booster_2,items,saga_progression,chapter_complete,core,421,362,85.99,519,,,1.23,1.43
2026-08-05,Variant,pre_level_booster,pre_level_booster_2,items,player_level_up,reward_chest,core,421,214,50.83,515,,,1.22,2.41
2026-08-05,Variant,pre_level_booster,pre_level_booster_2,items,Rainbow Maker,reward_event,meta,421,192,45.61,356,,,0.85,1.85
2026-08-05,Variant,pre_level_booster,pre_level_booster_2,items,dream_pass_event,reward_event,meta,421,118,28.03,335,,,0.8,2.84
2026-08-05,Variant,pre_level_booster,pre_level_booster_2,items,dreamheist_event,reward_event,meta,421,137,32.54,147,,,0.35,1.07
2026-08-05,Variant,pre_level_booster,pre_level_booster_2,items,FlockRush,event_reward,meta,421,110,26.13,115,,,0.27,1.05
2026-08-05,Variant,pre_level_booster,pre_level_booster_2,items,Hatchling Hideaway,event_reward,meta,421,93,22.09,95,,,0.23,1.02
2026-08-05,Variant,pre_level_booster,pre_level_booster_2,items,offer_free_items,rolling_offer,meta,421,80,19.0,82,,,0.19,1.02
2026-08-05,Variant,pre_level_booster,pre_level_booster_2,items,reward_chest,reward_chest,other,421,27,6.41,28,,,0.07,1.04
2026-08-05,Variant,pre_level_booster,pre_level_booster_2,items,season_pass_event,reward_event,meta,421,5,1.19,14,,,0.03,2.8
2026-08-05,Variant,pre_level_booster,pre_level_booster_2,items,bundle_1_with_prelevel_boosters_tier3,purchase,purchase,421,3,0.71,4,,,0.01,1.33
2026-08-05,Variant,pre_level_booster,pre_level_booster_2,items,bomb_ballet_event,reward_event,meta,421,3,0.71,3,,,0.01,1.0
2026-08-05,Variant,pre_level_booster,pre_level_booster_2,items,bundle_2_with_prelevel_boosters_tier3,purchase,purchase,421,1,0.24,3,,,0.01,3.0
2026-08-05,Variant,pre_level_booster,pre_level_booster_2,items,bundle_2_with_prelevel_boosters2,purchase,purchase,421,1,0.24,2,,,0.0,2.0
2026-08-05,Variant,pre_level_booster,pre_level_booster_2,items,team_versus_contribution,reward_event,meta,421,2,0.48,2,,,0.0,1.0
2026-08-05,Variant,pre_level_booster,pre_level_booster_2,items,bundle_3_with_prelevel_boosters_tier3,purchase,purchase,421,1,0.24,2,,,0.0,2.0
2026-08-05,Variant,pre_level_booster,pre_level_booster_2,items,bundle_2_with_prelevel_boosters,purchase,purchase,421,1,0.24,1,,,0.0,1.0
2026-08-05,Variant,pre_level_booster,pre_level_booster_2,items,bundle_1_with_prelevel_boosters,purchase,purchase,421,1,0.24,1,,,0.0,1.0
2026-08-05,Variant,pre_level_booster,pre_level_booster_2,items,Jigsaw,reward_event,meta,421,1,0.24,1,,,0.0,1.0
2026-08-05,Variant,pre_level_booster,pre_level_booster_2,items,bundle_7_with_prelevel_boosters_tier3,purchase,purchase,421,1,0.24,1,,,0.0,1.0
2026-08-05,Variant,pre_level_booster,pre_level_booster_2,items,ad_chest,ad_chest,ads,421,1,0.24,1,,,0.0,1.0
2026-08-05,Variant,pre_level_booster,pre_level_booster_3,items,saga_progression,chapter_complete,core,421,362,85.99,499,,,1.19,1.38
2026-08-05,Variant,pre_level_booster,pre_level_booster_3,items,Rainbow Maker,reward_event,meta,421,188,44.66,424,,,1.01,2.26
2026-08-05,Variant,pre_level_booster,pre_level_booster_3,items,player_level_up,reward_chest,core,421,214,50.83,413,,,0.98,1.93
2026-08-05,Variant,pre_level_booster,pre_level_booster_3,items,FlockRush,event_reward,meta,421,110,26.13,115,,,0.27,1.05
2026-08-05,Variant,pre_level_booster,pre_level_booster_3,items,Hatchling Hideaway,event_reward,meta,421,96,22.8,99,,,0.24,1.03
2026-08-05,Variant,pre_level_booster,pre_level_booster_3,items,dream_pass_event,reward_event,meta,421,69,16.39,97,,,0.23,1.41
2026-08-05,Variant,pre_level_booster,pre_level_booster_3,items,offer_free_items,rolling_offer,meta,421,78,18.53,80,,,0.19,1.03
2026-08-05,Variant,pre_level_booster,pre_level_booster_3,items,reward_chest,reward_chest,other,421,27,6.41,28,,,0.07,1.04
2026-08-05,Variant,pre_level_booster,pre_level_booster_3,items,bundle_1_with_prelevel_boosters_tier3,purchase,purchase,421,3,0.71,4,,,0.01,1.33
2026-08-05,Variant,pre_level_booster,pre_level_booster_3,items,ingame,purchase,purchase,421,1,0.24,3,,,0.01,3.0
2026-08-05,Variant,pre_level_booster,pre_level_booster_3,items,bundle_2_with_prelevel_boosters_tier3,purchase,purchase,421,1,0.24,3,,,0.01,3.0
2026-08-05,Variant,pre_level_booster,pre_level_booster_3,items,team_versus_contribution,reward_event,meta,421,2,0.48,2,,,0.0,1.0
2026-08-05,Variant,pre_level_booster,pre_level_booster_3,items,season_pass_event,reward_event,meta,421,2,0.48,2,,,0.0,1.0
2026-08-05,Variant,pre_level_booster,pre_level_booster_3,items,bundle_3_with_prelevel_boosters_tier3,purchase,purchase,421,1,0.24,2,,,0.0,2.0
2026-08-05,Variant,pre_level_booster,pre_level_booster_3,items,bomb_ballet_event,reward_event,meta,421,2,0.48,2,,,0.0,1.0
2026-08-05,Variant,pre_level_booster,pre_level_booster_3,items,bundle_2_with_prelevel_boosters2,purchase,purchase,421,1,0.24,2,,,0.0,2.0
2026-08-05,Variant,pre_level_booster,pre_level_booster_3,items,bundle_2_with_prelevel_boosters,purchase,purchase,421,1,0.24,1,,,0.0,1.0
2026-08-05,Variant,pre_level_booster,pre_level_booster_3,items,bundle_7_with_prelevel_boosters_tier3,purchase,purchase,421,1,0.24,1,,,0.0,1.0
2026-08-05,Variant,pre_level_booster,pre_level_booster_3,items,bundle_1_with_prelevel_boosters,purchase,purchase,421,1,0.24,1,,,0.0,1.0
2026-08-05,Variant,pre_level_booster,pre_level_booster_3,items,river_rush,reward_event,meta,421,1,0.24,1,,,0.0,1.0
2026-08-05,Variant,pre_level_booster,pre_level_booster_3,items,Jigsaw,reward_event,meta,421,1,0.24,1,,,0.0,1.0
2026-08-05,Variant,season_pass_multiplier_2x,SeasonPassMultiplier2x,minutes,Rainbow Maker,reward_event,meta,421,189,44.89,4070,,,9.67,21.53
2026-08-05,Variant,season_pass_tokens,SeasonPassToken,items,season_pass_event,event_reward,meta,421,3,0.71,32,,,0.08,10.67
2026-08-05,Variant,ul_pre_booster,UnlimitedBooster1,minutes,dream_pass_event,reward_event,meta,421,110,26.13,2480,,,5.89,22.55
2026-08-05,Variant,ul_pre_booster,UnlimitedBooster1,minutes,Rainbow Maker,reward_event,meta,421,113,26.84,1560,,,3.71,13.81
2026-08-05,Variant,ul_pre_booster,UnlimitedBooster1,minutes,Hatchling Hideaway,event_reward,meta,421,93,22.09,950,,,2.26,10.22
2026-08-05,Variant,ul_pre_booster,UnlimitedBooster1,minutes,daily_reward,daily_reward,core,421,9,2.14,540,,,1.28,60.0
2026-08-05,Variant,ul_pre_booster,UnlimitedBooster1,minutes,season_pass_event,reward_event,meta,421,5,1.19,95,,,0.23,19.0
2026-08-05,Variant,ul_pre_booster,UnlimitedBooster1,minutes,Hard_Level_Offer1,purchase,purchase,421,4,0.95,80,,,0.19,20.0
2026-08-05,Variant,ul_pre_booster,UnlimitedBooster1,minutes,bomb_ballet_event,reward_event,meta,421,3,0.71,45,,,0.11,15.0
2026-08-05,Variant,ul_pre_booster,UnlimitedBooster1,minutes,Hard_level_offer1_tier3,purchase,purchase,421,2,0.48,40,,,0.1,20.0
2026-08-05,Variant,ul_pre_booster,UnlimitedBooster1,minutes,river_rush,reward_event,meta,421,1,0.24,30,,,0.07,30.0
2026-08-05,Variant,ul_pre_booster,UnlimitedBooster1,minutes,Jigsaw,reward_event,meta,421,2,0.48,25,,,0.06,12.5
2026-08-05,Variant,ul_pre_booster,UnlimitedBooster2,minutes,dream_pass_event,reward_event,meta,421,79,18.76,1315,,,3.12,16.65
2026-08-05,Variant,ul_pre_booster,UnlimitedBooster2,minutes,Rainbow Maker,reward_event,meta,421,95,22.57,1250,,,2.97,13.16
2026-08-05,Variant,ul_pre_booster,UnlimitedBooster2,minutes,Hatchling Hideaway,event_reward,meta,421,94,22.33,1010,,,2.4,10.74
2026-08-05,Variant,ul_pre_booster,UnlimitedBooster2,minutes,daily_reward,daily_reward,core,421,5,1.19,300,,,0.71,60.0
2026-08-05,Variant,ul_pre_booster,UnlimitedBooster2,minutes,Hard_Level_Offer1,purchase,purchase,421,4,0.95,80,,,0.19,20.0
2026-08-05,Variant,ul_pre_booster,UnlimitedBooster2,minutes,season_pass_event,reward_event,meta,421,5,1.19,75,,,0.18,15.0
2026-08-05,Variant,ul_pre_booster,UnlimitedBooster2,minutes,Hard_level_offer1_tier3,purchase,purchase,421,2,0.48,40,,,0.1,20.0
2026-08-05,Variant,ul_pre_booster,UnlimitedBooster2,minutes,Jigsaw,reward_event,meta,421,3,0.71,35,,,0.08,11.67
2026-08-05,Variant,ul_pre_booster,UnlimitedBooster2,minutes,bomb_ballet_event,reward_event,meta,421,3,0.71,30,,,0.07,10.0
2026-08-05,Variant,ul_pre_booster,UnlimitedBooster3,minutes,daily_reward,daily_reward,core,421,9,2.14,270,,,0.64,30.0
2026-08-05,Variant,ul_pre_booster,UnlimitedBooster3,minutes,Hard_Level_Offer1,purchase,purchase,421,4,0.95,80,,,0.19,20.0
2026-08-05,Variant,ul_pre_booster,UnlimitedBooster3,minutes,season_pass_event,reward_event,meta,421,1,0.24,60,,,0.14,60.0
2026-08-05,Variant,ul_pre_booster,UnlimitedBooster3,minutes,Hard_level_offer1_tier3,purchase,purchase,421,2,0.48,40,,,0.1,20.0
2026-08-05,Variant,ul_pre_booster,UnlimitedBooster3,minutes,dream_pass_event,reward_event,meta,421,1,0.24,35,,,0.08,35.0
2026-08-05,Variant,ul_pre_booster,UnlimitedBooster3,minutes,bomb_ballet_event,reward_event,meta,421,2,0.48,20,,,0.05,10.0
2026-08-05,Variant,ul_pre_booster,UnlimitedBooster3,minutes,Jigsaw,reward_event,meta,421,1,0.24,15,,,0.04,15.0
2026-08-05,Variant,unlimited_lives,UnlimitedLives,minutes,saga_progression,chapter_complete,core,421,420,99.76,134185,,,318.73,319.49
2026-08-05,Variant,unlimited_lives,UnlimitedLives,minutes,player_level_up,reward_chest,core,421,355,84.32,37980,,,90.21,106.99
2026-08-05,Variant,unlimited_lives,UnlimitedLives,minutes,Rainbow Maker,reward_event,meta,421,257,61.05,23085,,,54.83,89.82
2026-08-05,Variant,unlimited_lives,UnlimitedLives,minutes,FlockRush,event_reward,meta,421,329,78.15,20080,,,47.7,61.03
2026-08-05,Variant,unlimited_lives,UnlimitedLives,minutes,dreamheist_event,reward_event,meta,421,274,65.08,9990,,,23.73,36.46
2026-08-05,Variant,unlimited_lives,UnlimitedLives,minutes,dream_pass_event,reward_event,meta,421,108,25.65,9645,,,22.91,89.31
2026-08-05,Variant,unlimited_lives,UnlimitedLives,minutes,Hatchling Hideaway,event_reward,meta,421,107,25.42,8850,,,21.02,82.71
2026-08-05,Variant,unlimited_lives,UnlimitedLives,minutes,daily_reward,daily_reward,core,421,149,35.39,6160,,,14.63,41.34
2026-08-05,Variant,unlimited_lives,UnlimitedLives,minutes,reward_chest,reward_chest,other,421,27,6.41,840,,,2.0,31.11
2026-08-05,Variant,unlimited_lives,UnlimitedLives,minutes,ad_chest,ad_chest,ads,421,49,11.64,665,,,1.58,13.57
2026-08-05,Variant,unlimited_lives,UnlimitedLives,minutes,season_pass_event,reward_event,meta,421,5,1.19,630,,,1.5,126.0
2026-08-05,Variant,unlimited_lives,UnlimitedLives,minutes,kite_festival_event,reward_event,meta,421,3,0.71,550,,,1.31,183.33
2026-08-05,Variant,unlimited_lives,UnlimitedLives,minutes,bomb_ballet_event,reward_event,meta,421,4,0.95,210,,,0.5,52.5
2026-08-05,Variant,unlimited_lives,UnlimitedLives,minutes,offer_free_items,rolling_offer,meta,421,5,1.19,200,,,0.48,40.0
2026-08-05,Variant,unlimited_lives,UnlimitedLives,minutes,Jigsaw,reward_event,meta,421,1,0.24,120,,,0.29,120.0
2026-08-05,Variant,unlimited_lives,UnlimitedLives,minutes,Hard_Level_Offer1,purchase,purchase,421,4,0.95,80,,,0.19,20.0
2026-08-05,Variant,unlimited_lives,UnlimitedLives,minutes,race_event,reward_event,meta,421,1,0.24,50,,,0.12,50.0
2026-08-05,Variant,unlimited_lives,UnlimitedLives,minutes,rolling_offer_p099_VarA,purchase,purchase,421,1,0.24,45,,,0.11,45.0
2026-08-05,Variant,unlimited_lives,UnlimitedLives,minutes,rolling_offer_p049_tier3,purchase,purchase,421,1,0.24,45,,,0.11,45.0
2026-08-05,Variant,unlimited_lives,UnlimitedLives,minutes,Hard_level_offer1_tier3,purchase,purchase,421,2,0.48,40,,,0.1,20.0
2026-08-06,Control,Avatar,Avatar,items,saga_progression,chapter_complete,core,431,261,60.56,840,,,1.95,3.22
2026-08-06,Control,currency,HardCoin,coins,saga_progression,chapter_complete,core,431,427,99.07,115885,115885,0,268.87,271.39
2026-08-06,Control,currency,HardCoin,coins,player_level_up,reward_chest,core,431,409,94.9,76645,76645,0,177.83,187.4
2026-08-06,Control,currency,HardCoin,coins,ArcheryArena,reward_event,meta,431,276,64.04,45600,45600,0,105.8,165.22
2026-08-06,Control,currency,HardCoin,coins,race_event,reward_event,meta,431,253,58.7,17550,17550,0,40.72,69.37
2026-08-06,Control,currency,HardCoin,coins,dream_pass_event,reward_event,meta,431,141,32.71,8335,8335,0,19.34,59.11
2026-08-06,Control,currency,HardCoin,coins,Jigsaw,reward_event,meta,431,148,34.34,7925,7925,0,18.39,53.55
2026-08-06,Control,currency,HardCoin,coins,daily_reward,daily_reward,core,431,225,52.2,7495,7495,0,17.39,33.31
2026-08-06,Control,currency,HardCoin,coins,reward_chest,reward_chest,other,431,35,8.12,4215,4215,0,9.78,120.43
2026-08-06,Control,currency,HardCoin,coins,m_coins_tier3,purchase,purchase,431,2,0.46,4000,0,4000,9.28,2000.0
2026-08-06,Control,currency,HardCoin,coins,xs_coins2,purchase,purchase,431,6,1.39,3000,0,3000,6.96,500.0
2026-08-06,Control,currency,HardCoin,coins,bundle_2_with_prelevel_boosters2,purchase,purchase,431,2,0.46,2500,0,2500,5.8,1250.0
2026-08-06,Control,currency,HardCoin,coins,ad_chest,ad_chest,ads,431,98,22.74,2280,2280,0,5.29,23.27
2026-08-06,Control,currency,HardCoin,coins,facebook_like,facebook_like,other,431,20,4.64,2100,2100,0,4.87,105.0
2026-08-06,Control,currency,HardCoin,coins,kite_festival_event,reward_event,meta,431,7,1.62,1900,1900,0,4.41,271.43
2026-08-06,Control,currency,HardCoin,coins,s_coins_tier3,purchase,purchase,431,2,0.46,1500,0,1500,3.48,750.0
2026-08-06,Control,currency,HardCoin,coins,rolling_offer_p999_tier3,purchase,purchase,431,1,0.23,1400,0,1400,3.25,1400.0
2026-08-06,Control,currency,HardCoin,coins,special_offer10_tier3,purchase,purchase,431,2,0.46,1000,0,1000,2.32,500.0
2026-08-06,Control,currency,HardCoin,coins,m_coins2,purchase,purchase,431,1,0.23,1000,0,1000,2.32,1000.0
2026-08-06,Control,currency,HardCoin,coins,special_offer1,purchase,purchase,431,3,0.7,900,0,900,2.09,300.0
2026-08-06,Control,currency,HardCoin,coins,bundle_1_with_prelevel_boosters_tier3,purchase,purchase,431,4,0.93,800,0,800,1.86,200.0
2026-08-06,Control,currency,HardCoin,coins,xs_coins_tier3,purchase,purchase,431,2,0.46,750,0,750,1.74,375.0
2026-08-06,Control,currency,HardCoin,coins,special_offer1_tier3,purchase,purchase,431,2,0.46,600,0,600,1.39,300.0
2026-08-06,Control,currency,HardCoin,coins,bundle_1_with_prelevel_boosters,purchase,purchase,431,3,0.7,600,0,600,1.39,200.0
2026-08-06,Control,currency,HardCoin,coins,special_offer8,purchase,purchase,431,2,0.46,500,0,500,1.16,250.0
2026-08-06,Control,currency,HardCoin,coins,bundle_2_with_prelevel_boosters_tier3,purchase,purchase,431,1,0.23,500,0,500,1.16,500.0
2026-08-06,Control,currency,HardCoin,coins,bundle_2_with_prelevel_boosters,purchase,purchase,431,1,0.23,500,0,500,1.16,500.0
2026-08-06,Control,currency,HardCoin,coins,rolling_offer_p099_VarA,purchase,purchase,431,2,0.46,400,0,400,0.93,200.0
2026-08-06,Control,currency,HardCoin,coins,Hard_level_offer1_tier3,purchase,purchase,431,4,0.93,400,0,400,0.93,100.0
2026-08-06,Control,currency,HardCoin,coins,river_rush,reward_event,meta,431,5,1.16,295,295,0,0.68,59.0
2026-08-06,Control,currency,HardCoin,coins,heart_gift,heart_gift,other,431,83,19.26,224,224,0,0.52,2.7
2026-08-06,Control,currency,HardCoin,coins,rolling_offer_tier1_p299,purchase,purchase,431,1,0.23,200,0,200,0.46,200.0
2026-08-06,Control,currency,HardCoin,coins,Hard_Level_Offer1,purchase,purchase,431,2,0.46,200,0,200,0.46,100.0
2026-08-06,Control,currency,HardCoin,coins,team_versus,reward_event,meta,431,2,0.46,200,200,0,0.46,100.0
2026-08-06,Control,currency,HardCoin,coins,team_collection,reward_event,meta,431,1,0.23,200,200,0,0.46,200.0
2026-08-06,Control,currency,HardCoin,coins,offer_free_items,rolling_offer,meta,431,1,0.23,150,150,0,0.35,150.0
2026-08-06,Control,currency,HardCoin,coins,bundle_7_with_prelevel_boosters_tier3,purchase,purchase,431,1,0.23,150,0,150,0.35,150.0
2026-08-06,Control,currency,HardCoin,coins,rolling_offer_p049_tier3,purchase,purchase,431,1,0.23,150,0,150,0.35,150.0
2026-08-06,Control,currency,HardCoin,coins,Hatchling Hideaway,event_reward,meta,431,2,0.46,80,80,0,0.19,40.0
2026-08-06,Control,currency,HardCoin,coins,team_versus_contribution,reward_event,meta,431,1,0.23,30,30,0,0.07,30.0
2026-08-06,Control,dream_pass_tokens,DreamPassToken,items,race_event,reward_event,meta,431,301,69.84,15080,,,34.99,50.1
2026-08-06,Control,dream_pass_tokens,DreamPassToken,items,offer_free_items,rolling_offer,meta,431,98,22.74,4620,,,10.72,47.14
2026-08-06,Control,dream_pass_tokens,DreamPassToken,items,kite_festival_event,reward_event,meta,431,7,1.62,2600,,,6.03,371.43
2026-08-06,Control,dream_pass_tokens,DreamPassToken,items,river_rush,reward_event,meta,431,4,0.93,160,,,0.37,40.0
2026-08-06,Control,dream_pass_tokens,DreamPassToken,items,FlockRush,event_reward,meta,431,3,0.7,60,,,0.14,20.0
2026-08-06,Control,life,life,items,ask_for_lives,ask_for_lives,other,431,47,10.9,202,,,0.47,4.3
2026-08-06,Control,life,life,items,ad_life,ad_life,ads,431,35,8.12,54,,,0.13,1.54
2026-08-06,Control,life,liferefill,items,coin_purchase,coin_purchase,other,431,41,9.51,365,,,0.85,8.9
2026-08-06,Control,orb,Reds_Greatest_Challenge,items,dream_pass_event,reward_event,meta,431,36,8.35,36,,,0.08,1.0
2026-08-06,Control,powerup,powerup_1,items,saga_progression,chapter_complete,core,431,372,86.31,525,,,1.22,1.41
2026-08-06,Control,powerup,powerup_1,items,player_level_up,reward_chest,core,431,245,56.84,268,,,0.62,1.09
2026-08-06,Control,powerup,powerup_1,items,ArcheryArena,reward_event,meta,431,187,43.39,189,,,0.44,1.01
2026-08-06,Control,powerup,powerup_1,items,race_event,reward_event,meta,431,120,27.84,120,,,0.28,1.0
2026-08-06,Control,powerup,powerup_1,items,Jigsaw,reward_event,meta,431,68,15.78,68,,,0.16,1.0
2026-08-06,Control,powerup,powerup_1,items,reward_chest,reward_chest,other,431,35,8.12,39,,,0.09,1.11
2026-08-06,Control,powerup,powerup_1,items,ad_chest,ad_chest,ads,431,20,4.64,24,,,0.06,1.2
2026-08-06,Control,powerup,powerup_1,items,dream_pass_event,reward_event,meta,431,5,1.16,14,,,0.03,2.8
2026-08-06,Control,powerup,powerup_1,items,bundle_2_with_prelevel_boosters2,purchase,purchase,431,2,0.46,10,,,0.02,5.0
2026-08-06,Control,powerup,powerup_1,items,river_rush,reward_event,meta,431,6,1.39,6,,,0.01,1.0
2026-08-06,Control,powerup,powerup_1,items,daily_reward,daily_reward,core,431,5,1.16,5,,,0.01,1.0
2026-08-06,Control,powerup,powerup_1,items,kite_festival_event,reward_event,meta,431,5,1.16,5,,,0.01,1.0
2026-08-06,Control,powerup,powerup_1,items,bundle_1_with_prelevel_boosters_tier3,purchase,purchase,431,4,0.93,4,,,0.01,1.0
2026-08-06,Control,powerup,powerup_1,items,bundle_1_with_prelevel_boosters,purchase,purchase,431,3,0.7,3,,,0.01,1.0
2026-08-06,Control,powerup,powerup_1,items,special_offer10_tier3,purchase,purchase,431,2,0.46,2,,,0.0,1.0
2026-08-06,Control,powerup,powerup_1,items,special_offer8,purchase,purchase,431,2,0.46,2,,,0.0,1.0
2026-08-06,Control,powerup,powerup_1,items,offer_free_items,rolling_offer,meta,431,1,0.23,2,,,0.0,2.0
2026-08-06,Control,powerup,powerup_1,items,rolling_offer_p999_tier3,purchase,purchase,431,1,0.23,2,,,0.0,2.0
2026-08-06,Control,powerup,powerup_1,items,rolling_offer_p099_VarA,purchase,purchase,431,2,0.46,2,,,0.0,1.0
2026-08-06,Control,powerup,powerup_1,items,team_versus,reward_event,meta,431,2,0.46,2,,,0.0,1.0
2026-08-06,Control,powerup,powerup_1,items,bundle_7_with_prelevel_boosters_tier3,purchase,purchase,431,1,0.23,1,,,0.0,1.0
2026-08-06,Control,powerup,powerup_1,items,rolling_offer_p049_tier3,purchase,purchase,431,1,0.23,1,,,0.0,1.0
2026-08-06,Control,powerup,powerup_1,items,bundle_2_with_prelevel_boosters,purchase,purchase,431,1,0.23,1,,,0.0,1.0
2026-08-06,Control,powerup,powerup_1,items,bundle_2_with_prelevel_boosters_tier3,purchase,purchase,431,1,0.23,1,,,0.0,1.0
2026-08-06,Control,powerup,powerup_1,items,Hatchling Hideaway,event_reward,meta,431,1,0.23,1,,,0.0,1.0
2026-08-06,Control,powerup,powerup_1,items,team_collection,reward_event,meta,431,1,0.23,1,,,0.0,1.0
2026-08-06,Control,powerup,powerup_1,items,rolling_offer_tier1_p299,purchase,purchase,431,1,0.23,1,,,0.0,1.0
2026-08-06,Control,powerup,powerup_2,items,saga_progression,chapter_complete,core,431,392,90.95,1085,,,2.52,2.77
2026-08-06,Control,powerup,powerup_2,items,player_level_up,reward_chest,core,431,311,72.16,678,,,1.57,2.18
2026-08-06,Control,powerup,powerup_2,items,daily_reward,daily_reward,core,431,80,18.56,80,,,0.19,1.0
2026-08-06,Control,powerup,powerup_2,items,Jigsaw,reward_event,meta,431,72,16.71,72,,,0.17,1.0
2026-08-06,Control,powerup,powerup_2,items,ad_chest,ad_chest,ads,431,40,9.28,55,,,0.13,1.38
2026-08-06,Control,powerup,powerup_2,items,dream_pass_event,reward_event,meta,431,42,9.74,54,,,0.13,1.29
2026-08-06,Control,powerup,powerup_2,items,race_event,reward_event,meta,431,48,11.14,48,,,0.11,1.0
2026-08-06,Control,powerup,powerup_2,items,reward_chest,reward_chest,other,431,35,8.12,45,,,0.1,1.29
2026-08-06,Control,powerup,powerup_2,items,ingame,purchase,purchase,431,6,1.39,21,,,0.05,3.5
2026-08-06,Control,powerup,powerup_2,items,bundle_2_with_prelevel_boosters2,purchase,purchase,431,2,0.46,10,,,0.02,5.0
2026-08-06,Control,powerup,powerup_2,items,ArcheryArena,reward_event,meta,431,9,2.09,9,,,0.02,1.0
2026-08-06,Control,powerup,powerup_2,items,offer_free_items,rolling_offer,meta,431,4,0.93,7,,,0.02,1.75
2026-08-06,Control,powerup,powerup_2,items,special_offer10_tier3,purchase,purchase,431,2,0.46,6,,,0.01,3.0
2026-08-06,Control,powerup,powerup_2,items,special_offer8,purchase,purchase,431,2,0.46,4,,,0.01,2.0
2026-08-06,Control,powerup,powerup_2,items,bundle_1_with_prelevel_boosters_tier3,purchase,purchase,431,4,0.93,4,,,0.01,1.0
2026-08-06,Control,powerup,powerup_2,items,bundle_1_with_prelevel_boosters,purchase,purchase,431,3,0.7,3,,,0.01,1.0
2026-08-06,Control,powerup,powerup_2,items,river_rush,reward_event,meta,431,3,0.7,3,,,0.01,1.0
2026-08-06,Control,powerup,powerup_2,items,rolling_offer_p999_tier3,purchase,purchase,431,1,0.23,3,,,0.01,3.0
2026-08-06,Control,powerup,powerup_2,items,FlockRush,event_reward,meta,431,3,0.7,3,,,0.01,1.0
2026-08-06,Control,powerup,powerup_2,items,team_collection,reward_event,meta,431,1,0.23,2,,,0.0,2.0
2026-08-06,Control,powerup,powerup_2,items,Hatchling Hideaway,event_reward,meta,431,2,0.46,2,,,0.0,1.0
2026-08-06,Control,powerup,powerup_2,items,single_collection,reward_event,meta,431,1,0.23,1,,,0.0,1.0
2026-08-06,Control,powerup,powerup_2,items,bundle_2_with_prelevel_boosters_tier3,purchase,purchase,431,1,0.23,1,,,0.0,1.0
2026-08-06,Control,powerup,powerup_2,items,bundle_7_with_prelevel_boosters_tier3,purchase,purchase,431,1,0.23,1,,,0.0,1.0
2026-08-06,Control,powerup,powerup_2,items,rolling_offer_tier1_p299,purchase,purchase,431,1,0.23,1,,,0.0,1.0
2026-08-06,Control,powerup,powerup_2,items,bundle_2_with_prelevel_boosters,purchase,purchase,431,1,0.23,1,,,0.0,1.0
2026-08-06,Control,powerup,powerup_3,items,saga_progression,chapter_complete,core,431,396,91.88,1099,,,2.55,2.78
2026-08-06,Control,powerup,powerup_3,items,player_level_up,reward_chest,core,431,360,83.53,772,,,1.79,2.14
2026-08-06,Control,powerup,powerup_3,items,dream_pass_event,reward_event,meta,431,105,24.36,131,,,0.3,1.25
2026-08-06,Control,powerup,powerup_3,items,ArcheryArena,reward_event,meta,431,110,25.52,113,,,0.26,1.03
2026-08-06,Control,powerup,powerup_3,items,race_event,reward_event,meta,431,86,19.95,87,,,0.2,1.01
2026-08-06,Control,powerup,powerup_3,items,ad_chest,ad_chest,ads,431,38,8.82,47,,,0.11,1.24
2026-08-06,Control,powerup,powerup_3,items,reward_chest,reward_chest,other,431,35,8.12,47,,,0.11,1.34
2026-08-06,Control,powerup,powerup_3,items,daily_reward,daily_reward,core,431,42,9.74,43,,,0.1,1.02
2026-08-06,Control,powerup,powerup_3,items,facebook_like,facebook_like,other,431,20,4.64,42,,,0.1,2.1
2026-08-06,Control,powerup,powerup_3,items,ingame,purchase,purchase,431,4,0.93,21,,,0.05,5.25
2026-08-06,Control,powerup,powerup_3,items,bundle_2_with_prelevel_boosters2,purchase,purchase,431,2,0.46,10,,,0.02,5.0
2026-08-06,Control,powerup,powerup_3,items,river_rush,reward_event,meta,431,7,1.62,7,,,0.02,1.0
2026-08-06,Control,powerup,powerup_3,items,special_offer10_tier3,purchase,purchase,431,2,0.46,6,,,0.01,3.0
2026-08-06,Control,powerup,powerup_3,items,offer_free_items,rolling_offer,meta,431,4,0.93,6,,,0.01,1.5
2026-08-06,Control,powerup,powerup_3,items,special_offer8,purchase,purchase,431,2,0.46,4,,,0.01,2.0
2026-08-06,Control,powerup,powerup_3,items,bundle_1_with_prelevel_boosters_tier3,purchase,purchase,431,4,0.93,4,,,0.01,1.0
2026-08-06,Control,powerup,powerup_3,items,rolling_offer_p999_tier3,purchase,purchase,431,1,0.23,3,,,0.01,3.0
2026-08-06,Control,powerup,powerup_3,items,bundle_1_with_prelevel_boosters,purchase,purchase,431,3,0.7,3,,,0.01,1.0
2026-08-06,Control,powerup,powerup_3,items,team_versus,reward_event,meta,431,2,0.46,2,,,0.0,1.0
2026-08-06,Control,powerup,powerup_3,items,kite_festival_event,reward_event,meta,431,2,0.46,2,,,0.0,1.0
2026-08-06,Control,powerup,powerup_3,items,bundle_7_with_prelevel_boosters_tier3,purchase,purchase,431,1,0.23,1,,,0.0,1.0
2026-08-06,Control,powerup,powerup_3,items,team_versus_contribution,reward_event,meta,431,1,0.23,1,,,0.0,1.0
2026-08-06,Control,powerup,powerup_3,items,rolling_offer_tier1_p299,purchase,purchase,431,1,0.23,1,,,0.0,1.0
2026-08-06,Control,powerup,powerup_3,items,Hatchling Hideaway,event_reward,meta,431,1,0.23,1,,,0.0,1.0
2026-08-06,Control,powerup,powerup_3,items,bundle_2_with_prelevel_boosters,purchase,purchase,431,1,0.23,1,,,0.0,1.0
2026-08-06,Control,powerup,powerup_3,items,league_rank_up,league_reward,meta,431,1,0.23,1,,,0.0,1.0
2026-08-06,Control,powerup,powerup_3,items,bundle_2_with_prelevel_boosters_tier3,purchase,purchase,431,1,0.23,1,,,0.0,1.0
2026-08-06,Control,pre_level_booster,pre_level_booster_1,items,saga_progression,chapter_complete,core,431,409,94.9,2279,,,5.29,5.57
2026-08-06,Control,pre_level_booster,pre_level_booster_1,items,dream_pass_event,reward_event,meta,431,112,25.99,347,,,0.81,3.1
2026-08-06,Control,pre_level_booster,pre_level_booster_1,items,player_level_up,reward_chest,core,431,229,53.13,250,,,0.58,1.09
2026-08-06,Control,pre_level_booster,pre_level_booster_1,items,Jigsaw,reward_event,meta,431,108,25.06,109,,,0.25,1.01
2026-08-06,Control,pre_level_booster,pre_level_booster_1,items,offer_free_items,rolling_offer,meta,431,105,24.36,106,,,0.25,1.01
2026-08-06,Control,pre_level_booster,pre_level_booster_1,items,reward_chest,reward_chest,other,431,34,7.89,34,,,0.08,1.0
2026-08-06,Control,pre_level_booster,pre_level_booster_1,items,bundle_2_with_prelevel_boosters2,purchase,purchase,431,2,0.46,10,,,0.02,5.0
2026-08-06,Control,pre_level_booster,pre_level_booster_1,items,race_event,reward_event,meta,431,6,1.39,6,,,0.01,1.0
2026-08-06,Control,pre_level_booster,pre_level_booster_1,items,bundle_1_with_prelevel_boosters_tier3,purchase,purchase,431,4,0.93,4,,,0.01,1.0
2026-08-06,Control,pre_level_booster,pre_level_booster_1,items,bundle_1_with_prelevel_boosters,purchase,purchase,431,3,0.7,3,,,0.01,1.0
2026-08-06,Control,pre_level_booster,pre_level_booster_1,items,river_rush,reward_event,meta,431,3,0.7,3,,,0.01,1.0
2026-08-06,Control,pre_level_booster,pre_level_booster_1,items,FlockRush,event_reward,meta,431,3,0.7,3,,,0.01,1.0
2026-08-06,Control,pre_level_booster,pre_level_booster_1,items,ad_chest,ad_chest,ads,431,2,0.46,2,,,0.0,1.0
2026-08-06,Control,pre_level_booster,pre_level_booster_1,items,bundle_2_with_prelevel_boosters,purchase,purchase,431,1,0.23,1,,,0.0,1.0
2026-08-06,Control,pre_level_booster,pre_level_booster_1,items,rolling_offer_tier1_p299,purchase,purchase,431,1,0.23,1,,,0.0,1.0
2026-08-06,Control,pre_level_booster,pre_level_booster_1,items,bundle_2_with_prelevel_boosters_tier3,purchase,purchase,431,1,0.23,1,,,0.0,1.0
2026-08-06,Control,pre_level_booster,pre_level_booster_1,items,rolling_offer_p999_tier3,purchase,purchase,431,1,0.23,1,,,0.0,1.0
2026-08-06,Control,pre_level_booster,pre_level_booster_1,items,bundle_7_with_prelevel_boosters_tier3,purchase,purchase,431,1,0.23,1,,,0.0,1.0
2026-08-06,Control,pre_level_booster,pre_level_booster_1,items,Hatchling Hideaway,event_reward,meta,431,1,0.23,1,,,0.0,1.0
2026-08-06,Control,pre_level_booster,pre_level_booster_2,items,saga_progression,chapter_complete,core,431,409,94.9,2251,,,5.22,5.5
2026-08-06,Control,pre_level_booster,pre_level_booster_2,items,player_level_up,reward_chest,core,431,228,52.9,585,,,1.36,2.57
2026-08-06,Control,pre_level_booster,pre_level_booster_2,items,dream_pass_event,reward_event,meta,431,130,30.16,360,,,0.84,2.77
2026-08-06,Control,pre_level_booster,pre_level_booster_2,items,Jigsaw,reward_event,meta,431,111,25.75,113,,,0.26,1.02
2026-08-06,Control,pre_level_booster,pre_level_booster_2,items,offer_free_items,rolling_offer,meta,431,101,23.43,102,,,0.24,1.01
2026-08-06,Control,pre_level_booster,pre_level_booster_2,items,reward_chest,reward_chest,other,431,34,7.89,34,,,0.08,1.0
2026-08-06,Control,pre_level_booster,pre_level_booster_2,items,race_event,reward_event,meta,431,12,2.78,12,,,0.03,1.0
2026-08-06,Control,pre_level_booster,pre_level_booster_2,items,bundle_2_with_prelevel_boosters2,purchase,purchase,431,2,0.46,10,,,0.02,5.0
2026-08-06,Control,pre_level_booster,pre_level_booster_2,items,ingame,purchase,purchase,431,1,0.23,6,,,0.01,6.0
2026-08-06,Control,pre_level_booster,pre_level_booster_2,items,bundle_1_with_prelevel_boosters_tier3,purchase,purchase,431,4,0.93,4,,,0.01,1.0
2026-08-06,Control,pre_level_booster,pre_level_booster_2,items,FlockRush,event_reward,meta,431,3,0.7,3,,,0.01,1.0
2026-08-06,Control,pre_level_booster,pre_level_booster_2,items,bundle_1_with_prelevel_boosters,purchase,purchase,431,3,0.7,3,,,0.01,1.0
2026-08-06,Control,pre_level_booster,pre_level_booster_2,items,ad_chest,ad_chest,ads,431,3,0.7,3,,,0.01,1.0
2026-08-06,Control,pre_level_booster,pre_level_booster_2,items,river_rush,reward_event,meta,431,3,0.7,3,,,0.01,1.0
2026-08-06,Control,pre_level_booster,pre_level_booster_2,items,season_pass_event,reward_event,meta,431,1,0.23,2,,,0.0,2.0
2026-08-06,Control,pre_level_booster,pre_level_booster_2,items,rolling_offer_p999_tier3,purchase,purchase,431,1,0.23,1,,,0.0,1.0
2026-08-06,Control,pre_level_booster,pre_level_booster_2,items,Hatchling Hideaway,event_reward,meta,431,1,0.23,1,,,0.0,1.0
2026-08-06,Control,pre_level_booster,pre_level_booster_2,items,bundle_7_with_prelevel_boosters_tier3,purchase,purchase,431,1,0.23,1,,,0.0,1.0
2026-08-06,Control,pre_level_booster,pre_level_booster_2,items,team_versus_contribution,reward_event,meta,431,1,0.23,1,,,0.0,1.0
2026-08-06,Control,pre_level_booster,pre_level_booster_2,items,bundle_2_with_prelevel_boosters,purchase,purchase,431,1,0.23,1,,,0.0,1.0
2026-08-06,Control,pre_level_booster,pre_level_booster_2,items,rolling_offer_tier1_p299,purchase,purchase,431,1,0.23,1,,,0.0,1.0
2026-08-06,Control,pre_level_booster,pre_level_booster_2,items,bundle_2_with_prelevel_boosters_tier3,purchase,purchase,431,1,0.23,1,,,0.0,1.0
2026-08-06,Control,pre_level_booster,pre_level_booster_3,items,saga_progression,chapter_complete,core,431,372,86.31,525,,,1.22,1.41
2026-08-06,Control,pre_level_booster,pre_level_booster_3,items,player_level_up,reward_chest,core,431,228,52.9,472,,,1.1,2.07
2026-08-06,Control,pre_level_booster,pre_level_booster_3,items,dream_pass_event,reward_event,meta,431,76,17.63,120,,,0.28,1.58
2026-08-06,Control,pre_level_booster,pre_level_booster_3,items,offer_free_items,rolling_offer,meta,431,100,23.2,101,,,0.23,1.01
2026-08-06,Control,pre_level_booster,pre_level_booster_3,items,Jigsaw,reward_event,meta,431,68,15.78,68,,,0.16,1.0
2026-08-06,Control,pre_level_booster,pre_level_booster_3,items,race_event,reward_event,meta,431,36,8.35,37,,,0.09,1.03
2026-08-06,Control,pre_level_booster,pre_level_booster_3,items,reward_chest,reward_chest,other,431,34,7.89,34,,,0.08,1.0
2026-08-06,Control,pre_level_booster,pre_level_booster_3,items,bundle_2_with_prelevel_boosters2,purchase,purchase,431,2,0.46,10,,,0.02,5.0
2026-08-06,Control,pre_level_booster,pre_level_booster_3,items,bundle_1_with_prelevel_boosters_tier3,purchase,purchase,431,4,0.93,4,,,0.01,1.0
2026-08-06,Control,pre_level_booster,pre_level_booster_3,items,bundle_1_with_prelevel_boosters,purchase,purchase,431,3,0.7,3,,,0.01,1.0
2026-08-06,Control,pre_level_booster,pre_level_booster_3,items,FlockRush,event_reward,meta,431,3,0.7,3,,,0.01,1.0
2026-08-06,Control,pre_level_booster,pre_level_booster_3,items,bundle_2_with_prelevel_boosters,purchase,purchase,431,1,0.23,1,,,0.0,1.0
2026-08-06,Control,pre_level_booster,pre_level_booster_3,items,bundle_2_with_prelevel_boosters_tier3,purchase,purchase,431,1,0.23,1,,,0.0,1.0
2026-08-06,Control,pre_level_booster,pre_level_booster_3,items,river_rush,reward_event,meta,431,1,0.23,1,,,0.0,1.0
2026-08-06,Control,pre_level_booster,pre_level_booster_3,items,rolling_offer_p999_tier3,purchase,purchase,431,1,0.23,1,,,0.0,1.0
2026-08-06,Control,pre_level_booster,pre_level_booster_3,items,rolling_offer_tier1_p299,purchase,purchase,431,1,0.23,1,,,0.0,1.0
2026-08-06,Control,pre_level_booster,pre_level_booster_3,items,Hatchling Hideaway,event_reward,meta,431,1,0.23,1,,,0.0,1.0
2026-08-06,Control,pre_level_booster,pre_level_booster_3,items,bundle_7_with_prelevel_boosters_tier3,purchase,purchase,431,1,0.23,1,,,0.0,1.0
2026-08-06,Control,season_pass_multiplier_2x,SeasonPassMultiplier2x,minutes,river_rush,reward_event,meta,431,1,0.23,15,,,0.03,15.0
2026-08-06,Control,ul_pre_booster,UnlimitedBooster1,minutes,dream_pass_event,reward_event,meta,431,122,28.31,2780,,,6.45,22.79
2026-08-06,Control,ul_pre_booster,UnlimitedBooster1,minutes,Jigsaw,reward_event,meta,431,131,30.39,2360,,,5.48,18.02
2026-08-06,Control,ul_pre_booster,UnlimitedBooster1,minutes,daily_reward,daily_reward,core,431,7,1.62,420,,,0.97,60.0
2026-08-06,Control,ul_pre_booster,UnlimitedBooster1,minutes,Hard_level_offer1_tier3,purchase,purchase,431,4,0.93,80,,,0.19,20.0
2026-08-06,Control,ul_pre_booster,UnlimitedBooster1,minutes,Hard_Level_Offer1,purchase,purchase,431,2,0.46,40,,,0.09,20.0
2026-08-06,Control,ul_pre_booster,UnlimitedBooster1,minutes,season_pass_event,reward_event,meta,431,1,0.23,25,,,0.06,25.0
2026-08-06,Control,ul_pre_booster,UnlimitedBooster1,minutes,river_rush,reward_event,meta,431,2,0.46,25,,,0.06,12.5
2026-08-06,Control,ul_pre_booster,UnlimitedBooster1,minutes,Hatchling Hideaway,event_reward,meta,431,2,0.46,20,,,0.05,10.0
2026-08-06,Control,ul_pre_booster,UnlimitedBooster2,minutes,Jigsaw,reward_event,meta,431,144,33.41,2185,,,5.07,15.17
2026-08-06,Control,ul_pre_booster,UnlimitedBooster2,minutes,dream_pass_event,reward_event,meta,431,90,20.88,1570,,,3.64,17.44
2026-08-06,Control,ul_pre_booster,UnlimitedBooster2,minutes,daily_reward,daily_reward,core,431,8,1.86,480,,,1.11,60.0
2026-08-06,Control,ul_pre_booster,UnlimitedBooster2,minutes,Hard_level_offer1_tier3,purchase,purchase,431,4,0.93,80,,,0.19,20.0
2026-08-06,Control,ul_pre_booster,UnlimitedBooster2,minutes,Hard_Level_Offer1,purchase,purchase,431,2,0.46,40,,,0.09,20.0
2026-08-06,Control,ul_pre_booster,UnlimitedBooster2,minutes,river_rush,reward_event,meta,431,4,0.93,40,,,0.09,10.0
2026-08-06,Control,ul_pre_booster,UnlimitedBooster2,minutes,Hatchling Hideaway,event_reward,meta,431,1,0.23,10,,,0.02,10.0
2026-08-06,Control,ul_pre_booster,UnlimitedBooster3,minutes,Jigsaw,reward_event,meta,431,143,33.18,2125,,,4.93,14.86
2026-08-06,Control,ul_pre_booster,UnlimitedBooster3,minutes,daily_reward,daily_reward,core,431,5,1.16,150,,,0.35,30.0
2026-08-06,Control,ul_pre_booster,UnlimitedBooster3,minutes,dream_pass_event,reward_event,meta,431,5,1.16,100,,,0.23,20.0
2026-08-06,Control,ul_pre_booster,UnlimitedBooster3,minutes,Hard_level_offer1_tier3,purchase,purchase,431,4,0.93,80,,,0.19,20.0
2026-08-06,Control,ul_pre_booster,UnlimitedBooster3,minutes,Hard_Level_Offer1,purchase,purchase,431,2,0.46,40,,,0.09,20.0
2026-08-06,Control,unlimited_lives,UnlimitedLives,minutes,saga_progression,chapter_complete,core,431,423,98.14,82020,,,190.3,193.9
2026-08-06,Control,unlimited_lives,UnlimitedLives,minutes,player_level_up,reward_chest,core,431,377,87.47,44370,,,102.95,117.69
2026-08-06,Control,unlimited_lives,UnlimitedLives,minutes,Jigsaw,reward_event,meta,431,152,35.27,13350,,,30.97,87.83
2026-08-06,Control,unlimited_lives,UnlimitedLives,minutes,dream_pass_event,reward_event,meta,431,126,29.23,12315,,,28.57,97.74
2026-08-06,Control,unlimited_lives,UnlimitedLives,minutes,kite_festival_event,reward_event,meta,431,209,48.49,6270,,,14.55,30.0
2026-08-06,Control,unlimited_lives,UnlimitedLives,minutes,daily_reward,daily_reward,core,431,145,33.64,5460,,,12.67,37.66
2026-08-06,Control,unlimited_lives,UnlimitedLives,minutes,reward_chest,reward_chest,other,431,34,7.89,1020,,,2.37,30.0
2026-08-06,Control,unlimited_lives,UnlimitedLives,minutes,ad_chest,ad_chest,ads,431,59,13.69,925,,,2.15,15.68
2026-08-06,Control,unlimited_lives,UnlimitedLives,minutes,offer_free_items,rolling_offer,meta,431,7,1.62,570,,,1.32,81.43
2026-08-06,Control,unlimited_lives,UnlimitedLives,minutes,race_event,reward_event,meta,431,5,1.16,300,,,0.7,60.0
2026-08-06,Control,unlimited_lives,UnlimitedLives,minutes,FlockRush,event_reward,meta,431,4,0.93,240,,,0.56,60.0
2026-08-06,Control,unlimited_lives,UnlimitedLives,minutes,river_rush,reward_event,meta,431,3,0.7,135,,,0.31,45.0
2026-08-06,Control,unlimited_lives,UnlimitedLives,minutes,rolling_offer_p999_tier3,purchase,purchase,431,1,0.23,120,,,0.28,120.0
2026-08-06,Control,unlimited_lives,UnlimitedLives,minutes,season_pass_event,reward_event,meta,431,1,0.23,105,,,0.24,105.0
2026-08-06,Control,unlimited_lives,UnlimitedLives,minutes,Hatchling Hideaway,event_reward,meta,431,1,0.23,90,,,0.21,90.0
2026-08-06,Control,unlimited_lives,UnlimitedLives,minutes,rolling_offer_p099_VarA,purchase,purchase,431,2,0.46,90,,,0.21,45.0
2026-08-06,Control,unlimited_lives,UnlimitedLives,minutes,ArcheryArena,reward_event,meta,431,3,0.7,90,,,0.21,30.0
2026-08-06,Control,unlimited_lives,UnlimitedLives,minutes,Hard_level_offer1_tier3,purchase,purchase,431,4,0.93,80,,,0.19,20.0
2026-08-06,Control,unlimited_lives,UnlimitedLives,minutes,league_rank_up,league_reward,meta,431,1,0.23,70,,,0.16,70.0
2026-08-06,Control,unlimited_lives,UnlimitedLives,minutes,rolling_offer_p049_tier3,purchase,purchase,431,1,0.23,45,,,0.1,45.0
2026-08-06,Control,unlimited_lives,UnlimitedLives,minutes,Hard_Level_Offer1,purchase,purchase,431,2,0.46,40,,,0.09,20.0
2026-08-06,Variant,Avatar,Avatar,items,saga_progression,chapter_complete,core,423,236,55.79,746,,,1.76,3.16
2026-08-06,Variant,currency,HardCoin,coins,player_level_up,reward_chest,core,423,403,95.27,70505,70505,0,166.68,174.95
2026-08-06,Variant,currency,HardCoin,coins,saga_progression,chapter_complete,core,423,416,98.35,31980,31980,0,75.6,76.88
2026-08-06,Variant,currency,HardCoin,coins,Rainbow Maker,reward_event,meta,423,256,60.52,29972,29972,0,70.86,117.08
2026-08-06,Variant,currency,HardCoin,coins,dreamheist_event,reward_event,meta,423,277,65.48,29230,29230,0,69.1,105.52
2026-08-06,Variant,currency,HardCoin,coins,dream_pass_event,reward_event,meta,423,137,32.39,8510,8510,0,20.12,62.12
2026-08-06,Variant,currency,HardCoin,coins,daily_reward,daily_reward,core,423,235,55.56,5275,5275,0,12.47,22.45
2026-08-06,Variant,currency,HardCoin,coins,Hatchling Hideaway,event_reward,meta,423,126,29.79,4875,4875,0,11.52,38.69
2026-08-06,Variant,currency,HardCoin,coins,facebook_like,facebook_like,other,423,27,6.38,2700,2700,0,6.38,100.0
2026-08-06,Variant,currency,HardCoin,coins,xs_coins2,purchase,purchase,423,6,1.42,2600,0,2600,6.15,433.33
2026-08-06,Variant,currency,HardCoin,coins,reward_chest,reward_chest,other,423,25,5.91,2500,2500,0,5.91,100.0
2026-08-06,Variant,currency,HardCoin,coins,xs_coins_tier3,purchase,purchase,423,6,1.42,2400,0,2400,5.67,400.0
2026-08-06,Variant,currency,HardCoin,coins,ad_chest,ad_chest,ads,423,92,21.75,2205,2205,0,5.21,23.97
2026-08-06,Variant,currency,HardCoin,coins,bundle_1_with_prelevel_boosters_tier3,purchase,purchase,423,5,1.18,2200,0,2200,5.2,440.0
2026-08-06,Variant,currency,HardCoin,coins,chuck_event,reward_event,meta,423,8,1.89,1500,1500,0,3.55,187.5
2026-08-06,Variant,currency,HardCoin,coins,bundle_2_with_prelevel_boosters_tier3,purchase,purchase,423,1,0.24,1000,0,1000,2.36,1000.0
2026-08-06,Variant,currency,HardCoin,coins,bundle_3_with_prelevel_boosters_tier3,purchase,purchase,423,1,0.24,1000,0,1000,2.36,1000.0
2026-08-06,Variant,currency,HardCoin,coins,special_offer1_tier3,purchase,purchase,423,2,0.47,600,0,600,1.42,300.0
2026-08-06,Variant,currency,HardCoin,coins,heart_gift,heart_gift,other,423,86,20.33,563,563,0,1.33,6.55
2026-08-06,Variant,currency,HardCoin,coins,rolling_offer_p799_VarA,purchase,purchase,423,1,0.24,500,0,500,1.18,500.0
2026-08-06,Variant,currency,HardCoin,coins,red_event,reward_event,meta,423,2,0.47,400,400,0,0.95,200.0
2026-08-06,Variant,currency,HardCoin,coins,rolling_offer_p099_VarA,purchase,purchase,423,2,0.47,400,0,400,0.95,200.0
2026-08-06,Variant,currency,HardCoin,coins,bundle_7_with_prelevel_boosters,purchase,purchase,423,2,0.47,300,0,300,0.71,150.0
2026-08-06,Variant,currency,HardCoin,coins,bundle_7_with_prelevel_boosters2,purchase,purchase,423,1,0.24,300,0,300,0.71,300.0
2026-08-06,Variant,currency,HardCoin,coins,Hard_Level_Offer1,purchase,purchase,423,3,0.71,300,0,300,0.71,100.0
2026-08-06,Variant,currency,HardCoin,coins,special_offer10,purchase,purchase,423,1,0.24,300,0,300,0.71,300.0
2026-08-06,Variant,currency,HardCoin,coins,special_offer1,purchase,purchase,423,1,0.24,300,0,300,0.71,300.0
2026-08-06,Variant,currency,HardCoin,coins,ArcheryArena,reward_event,meta,423,2,0.47,200,200,0,0.47,100.0
2026-08-06,Variant,currency,HardCoin,coins,team_versus,reward_event,meta,423,2,0.47,200,200,0,0.47,100.0
2026-08-06,Variant,currency,HardCoin,coins,rolling_offer_tier1_p299,purchase,purchase,423,1,0.24,200,0,200,0.47,200.0
2026-08-06,Variant,currency,HardCoin,coins,Hard_level_offer1_tier3,purchase,purchase,423,2,0.47,200,0,200,0.47,100.0
2026-08-06,Variant,currency,HardCoin,coins,team_versus_contribution,reward_event,meta,423,3,0.71,170,170,0,0.4,56.67
2026-08-06,Variant,currency,HardCoin,coins,bundle_7_with_prelevel_boosters_tier3,purchase,purchase,423,1,0.24,150,0,150,0.35,150.0
2026-08-06,Variant,currency,HardCoin,coins,bomb_event,reward_event,meta,423,1,0.24,100,100,0,0.24,100.0
2026-08-06,Variant,currency,HardCoin,coins,race_event,reward_event,meta,423,1,0.24,100,100,0,0.24,100.0
2026-08-06,Variant,currency,HardCoin,coins,Jigsaw,reward_event,meta,423,1,0.24,100,100,0,0.24,100.0
2026-08-06,Variant,currency,HardCoin,coins,team_collection,reward_event,meta,423,1,0.24,80,80,0,0.19,80.0
2026-08-06,Variant,currency,HardCoin,coins,bomb_ballet_event,reward_event,meta,423,1,0.24,50,50,0,0.12,50.0
2026-08-06,Variant,currency,HardCoin,coins,river_rush,reward_event,meta,423,1,0.24,50,50,0,0.12,50.0
2026-08-06,Variant,currency,HardCoin,coins,season_pass_event,reward_event,meta,423,1,0.24,20,20,0,0.05,20.0
2026-08-06,Variant,dream_pass_tokens,DreamPassToken,items,Rainbow Maker,reward_event,meta,423,267,63.12,89818,,,212.34,336.4
2026-08-06,Variant,dream_pass_tokens,DreamPassToken,items,offer_free_items,rolling_offer,meta,423,101,23.88,4600,,,10.87,45.54
2026-08-06,Variant,dream_pass_tokens,DreamPassToken,items,FlockRush,event_reward,meta,423,86,20.33,1780,,,4.21,20.7
2026-08-06,Variant,dream_pass_tokens,DreamPassToken,items,race_event,reward_event,meta,423,1,0.24,50,,,0.12,50.0
2026-08-06,Variant,life,life,items,ask_for_lives,ask_for_lives,other,423,25,5.91,106,,,0.25,4.24
2026-08-06,Variant,life,life,items,ad_life,ad_life,ads,423,21,4.96,28,,,0.07,1.33
2026-08-06,Variant,life,liferefill,items,coin_purchase,coin_purchase,other,423,26,6.15,290,,,0.69,11.15
2026-08-06,Variant,orb,Movie_Magic,items,dream_pass_event,reward_event,meta,423,1,0.24,1,,,0.0,1.0
2026-08-06,Variant,orb,Reds_Greatest_Challenge,items,dream_pass_event,reward_event,meta,423,27,6.38,27,,,0.06,1.0
2026-08-06,Variant,powerup,powerup_1,items,Rainbow Maker,reward_event,meta,423,206,48.7,2448,,,5.79,11.88
2026-08-06,Variant,powerup,powerup_1,items,player_level_up,reward_chest,core,423,219,51.77,237,,,0.56,1.08
2026-08-06,Variant,powerup,powerup_1,items,Hatchling Hideaway,event_reward,meta,423,105,24.82,109,,,0.26,1.04
2026-08-06,Variant,powerup,powerup_1,items,reward_chest,reward_chest,other,423,25,5.91,25,,,0.06,1.0
2026-08-06,Variant,powerup,powerup_1,items,dreamheist_event,reward_event,meta,423,20,4.73,21,,,0.05,1.05
2026-08-06,Variant,powerup,powerup_1,items,ad_chest,ad_chest,ads,423,19,4.49,21,,,0.05,1.11
2026-08-06,Variant,powerup,powerup_1,items,dream_pass_event,reward_event,meta,423,4,0.95,16,,,0.04,4.0
2026-08-06,Variant,powerup,powerup_1,items,bundle_1_with_prelevel_boosters_tier3,purchase,purchase,423,5,1.18,11,,,0.03,2.2
2026-08-06,Variant,powerup,powerup_1,items,chuck_event,reward_event,meta,423,7,1.65,7,,,0.02,1.0
2026-08-06,Variant,powerup,powerup_1,items,daily_reward,daily_reward,core,423,5,1.18,5,,,0.01,1.0
2026-08-06,Variant,powerup,powerup_1,items,team_versus,reward_event,meta,423,3,0.71,3,,,0.01,1.0
2026-08-06,Variant,powerup,powerup_1,items,bundle_3_with_prelevel_boosters_tier3,purchase,purchase,423,1,0.24,2,,,0.0,2.0
2026-08-06,Variant,powerup,powerup_1,items,saga_progression,chapter_complete,core,423,2,0.47,2,,,0.0,1.0
2026-08-06,Variant,powerup,powerup_1,items,bundle_2_with_prelevel_boosters_tier3,purchase,purchase,423,1,0.24,2,,,0.0,2.0
2026-08-06,Variant,powerup,powerup_1,items,team_versus_contribution,reward_event,meta,423,2,0.47,2,,,0.0,1.0
2026-08-06,Variant,powerup,powerup_1,items,rolling_offer_p099_VarA,purchase,purchase,423,2,0.47,2,,,0.0,1.0
2026-08-06,Variant,powerup,powerup_1,items,bundle_7_with_prelevel_boosters,purchase,purchase,423,2,0.47,2,,,0.0,1.0
2026-08-06,Variant,powerup,powerup_1,items,Jigsaw,reward_event,meta,423,1,0.24,1,,,0.0,1.0
2026-08-06,Variant,powerup,powerup_1,items,bundle_7_with_prelevel_boosters_tier3,purchase,purchase,423,1,0.24,1,,,0.0,1.0
2026-08-06,Variant,powerup,powerup_1,items,rolling_offer_p799_VarA,purchase,purchase,423,1,0.24,1,,,0.0,1.0
2026-08-06,Variant,powerup,powerup_1,items,red_event,reward_event,meta,423,1,0.24,1,,,0.0,1.0
2026-08-06,Variant,powerup,powerup_1,items,special_offer10,purchase,purchase,423,1,0.24,1,,,0.0,1.0
2026-08-06,Variant,powerup,powerup_1,items,bundle_7_with_prelevel_boosters2,purchase,purchase,423,1,0.24,1,,,0.0,1.0
2026-08-06,Variant,powerup,powerup_1,items,race_event,reward_event,meta,423,1,0.24,1,,,0.0,1.0
2026-08-06,Variant,powerup,powerup_1,items,rolling_offer_tier1_p299,purchase,purchase,423,1,0.24,1,,,0.0,1.0
2026-08-06,Variant,powerup,powerup_2,items,Rainbow Maker,reward_event,meta,423,188,44.44,2633,,,6.22,14.01
2026-08-06,Variant,powerup,powerup_2,items,player_level_up,reward_chest,core,423,302,71.39,643,,,1.52,2.13
2026-08-06,Variant,powerup,powerup_2,items,saga_progression,chapter_complete,core,423,350,82.74,514,,,1.22,1.47
2026-08-06,Variant,powerup,powerup_2,items,dreamheist_event,reward_event,meta,423,178,42.08,187,,,0.44,1.05
2026-08-06,Variant,powerup,powerup_2,items,FlockRush,event_reward,meta,423,88,20.8,91,,,0.22,1.03
2026-08-06,Variant,powerup,powerup_2,items,Hatchling Hideaway,event_reward,meta,423,69,16.31,77,,,0.18,1.12
2026-08-06,Variant,powerup,powerup_2,items,daily_reward,daily_reward,core,423,73,17.26,74,,,0.17,1.01
2026-08-06,Variant,powerup,powerup_2,items,dream_pass_event,reward_event,meta,423,36,8.51,55,,,0.13,1.53
2026-08-06,Variant,powerup,powerup_2,items,ad_chest,ad_chest,ads,423,32,7.57,38,,,0.09,1.19
2026-08-06,Variant,powerup,powerup_2,items,reward_chest,reward_chest,other,423,25,5.91,25,,,0.06,1.0
2026-08-06,Variant,powerup,powerup_2,items,ingame,purchase,purchase,423,8,1.89,24,,,0.06,3.0
2026-08-06,Variant,powerup,powerup_2,items,bundle_1_with_prelevel_boosters_tier3,purchase,purchase,423,5,1.18,11,,,0.03,2.2
2026-08-06,Variant,powerup,powerup_2,items,offer_free_items,rolling_offer,meta,423,3,0.71,5,,,0.01,1.67
2026-08-06,Variant,powerup,powerup_2,items,special_offer10,purchase,purchase,423,1,0.24,3,,,0.01,3.0
2026-08-06,Variant,powerup,powerup_2,items,ArcheryArena,reward_event,meta,423,1,0.24,2,,,0.0,2.0
2026-08-06,Variant,powerup,powerup_2,items,bundle_3_with_prelevel_boosters_tier3,purchase,purchase,423,1,0.24,2,,,0.0,2.0
2026-08-06,Variant,powerup,powerup_2,items,bundle_2_with_prelevel_boosters_tier3,purchase,purchase,423,1,0.24,2,,,0.0,2.0
2026-08-06,Variant,powerup,powerup_2,items,bundle_7_with_prelevel_boosters,purchase,purchase,423,2,0.47,2,,,0.0,1.0
2026-08-06,Variant,powerup,powerup_2,items,team_versus,reward_event,meta,423,1,0.24,1,,,0.0,1.0
2026-08-06,Variant,powerup,powerup_2,items,chuck_event,reward_event,meta,423,1,0.24,1,,,0.0,1.0
2026-08-06,Variant,powerup,powerup_2,items,rolling_offer_p799_VarA,purchase,purchase,423,1,0.24,1,,,0.0,1.0
2026-08-06,Variant,powerup,powerup_2,items,bundle_7_with_prelevel_boosters2,purchase,purchase,423,1,0.24,1,,,0.0,1.0
2026-08-06,Variant,powerup,powerup_2,items,rolling_offer_tier1_p299,purchase,purchase,423,1,0.24,1,,,0.0,1.0
2026-08-06,Variant,powerup,powerup_2,items,bundle_7_with_prelevel_boosters_tier3,purchase,purchase,423,1,0.24,1,,,0.0,1.0
2026-08-06,Variant,powerup,powerup_2,items,Jigsaw,reward_event,meta,423,1,0.24,1,,,0.0,1.0
2026-08-06,Variant,powerup,powerup_3,items,Rainbow Maker,reward_event,meta,423,246,58.16,2547,,,6.02,10.35
2026-08-06,Variant,powerup,powerup_3,items,player_level_up,reward_chest,core,423,335,79.2,703,,,1.66,2.1
2026-08-06,Variant,powerup,powerup_3,items,saga_progression,chapter_complete,core,423,362,85.58,496,,,1.17,1.37
2026-08-06,Variant,powerup,powerup_3,items,dream_pass_event,reward_event,meta,423,98,23.17,136,,,0.32,1.39
2026-08-06,Variant,powerup,powerup_3,items,Hatchling Hideaway,event_reward,meta,423,92,21.75,96,,,0.23,1.04
2026-08-06,Variant,powerup,powerup_3,items,facebook_like,facebook_like,other,423,27,6.38,54,,,0.13,2.0
2026-08-06,Variant,powerup,powerup_3,items,ad_chest,ad_chest,ads,423,31,7.33,39,,,0.09,1.26
2026-08-06,Variant,powerup,powerup_3,items,daily_reward,daily_reward,core,423,29,6.86,29,,,0.07,1.0
2026-08-06,Variant,powerup,powerup_3,items,reward_chest,reward_chest,other,423,25,5.91,25,,,0.06,1.0
2026-08-06,Variant,powerup,powerup_3,items,bundle_1_with_prelevel_boosters_tier3,purchase,purchase,423,5,1.18,11,,,0.03,2.2
2026-08-06,Variant,powerup,powerup_3,items,ArcheryArena,reward_event,meta,423,3,0.71,5,,,0.01,1.67
2026-08-06,Variant,powerup,powerup_3,items,offer_free_items,rolling_offer,meta,423,3,0.71,4,,,0.01,1.33
2026-08-06,Variant,powerup,powerup_3,items,special_offer10,purchase,purchase,423,1,0.24,3,,,0.01,3.0
2026-08-06,Variant,powerup,powerup_3,items,ingame,purchase,purchase,423,1,0.24,3,,,0.01,3.0
2026-08-06,Variant,powerup,powerup_3,items,bundle_2_with_prelevel_boosters_tier3,purchase,purchase,423,1,0.24,2,,,0.0,2.0
2026-08-06,Variant,powerup,powerup_3,items,bundle_7_with_prelevel_boosters,purchase,purchase,423,2,0.47,2,,,0.0,1.0
2026-08-06,Variant,powerup,powerup_3,items,team_versus,reward_event,meta,423,2,0.47,2,,,0.0,1.0
2026-08-06,Variant,powerup,powerup_3,items,chuck_event,reward_event,meta,423,2,0.47,2,,,0.0,1.0
2026-08-06,Variant,powerup,powerup_3,items,bundle_3_with_prelevel_boosters_tier3,purchase,purchase,423,1,0.24,2,,,0.0,2.0
2026-08-06,Variant,powerup,powerup_3,items,team_collection,reward_event,meta,423,1,0.24,2,,,0.0,2.0
2026-08-06,Variant,powerup,powerup_3,items,red_event,reward_event,meta,423,1,0.24,2,,,0.0,2.0
2026-08-06,Variant,powerup,powerup_3,items,rolling_offer_p799_VarA,purchase,purchase,423,1,0.24,1,,,0.0,1.0
2026-08-06,Variant,powerup,powerup_3,items,bundle_7_with_prelevel_boosters_tier3,purchase,purchase,423,1,0.24,1,,,0.0,1.0
2026-08-06,Variant,powerup,powerup_3,items,rolling_offer_tier1_p299,purchase,purchase,423,1,0.24,1,,,0.0,1.0
2026-08-06,Variant,powerup,powerup_3,items,bundle_7_with_prelevel_boosters2,purchase,purchase,423,1,0.24,1,,,0.0,1.0
2026-08-06,Variant,powerup,powerup_3,items,team_versus_contribution,reward_event,meta,423,1,0.24,1,,,0.0,1.0
2026-08-06,Variant,powerup,powerup_3,items,bomb_event,reward_event,meta,423,1,0.24,1,,,0.0,1.0
2026-08-06,Variant,pre_level_booster,pre_level_booster_1,items,saga_progression,chapter_complete,core,423,358,84.63,564,,,1.33,1.58
2026-08-06,Variant,pre_level_booster,pre_level_booster_1,items,dream_pass_event,reward_event,meta,423,112,26.48,356,,,0.84,3.18
2026-08-06,Variant,pre_level_booster,pre_level_booster_1,items,Rainbow Maker,reward_event,meta,423,167,39.48,261,,,0.62,1.56
2026-08-06,Variant,pre_level_booster,pre_level_booster_1,items,dreamheist_event,reward_event,meta,423,216,51.06,228,,,0.54,1.06
2026-08-06,Variant,pre_level_booster,pre_level_booster_1,items,player_level_up,reward_chest,core,423,197,46.57,219,,,0.52,1.11
2026-08-06,Variant,pre_level_booster,pre_level_booster_1,items,Hatchling Hideaway,event_reward,meta,423,108,25.53,115,,,0.27,1.06
2026-08-06,Variant,pre_level_booster,pre_level_booster_1,items,offer_free_items,rolling_offer,meta,423,107,25.3,108,,,0.26,1.01
2026-08-06,Variant,pre_level_booster,pre_level_booster_1,items,FlockRush,event_reward,meta,423,88,20.8,91,,,0.22,1.03
2026-08-06,Variant,pre_level_booster,pre_level_booster_1,items,reward_chest,reward_chest,other,423,25,5.91,25,,,0.06,1.0
2026-08-06,Variant,pre_level_booster,pre_level_booster_1,items,bundle_1_with_prelevel_boosters_tier3,purchase,purchase,423,5,1.18,11,,,0.03,2.2
2026-08-06,Variant,pre_level_booster,pre_level_booster_1,items,ingame,purchase,purchase,423,1,0.24,3,,,0.01,3.0
2026-08-06,Variant,pre_level_booster,pre_level_booster_1,items,bundle_3_with_prelevel_boosters_tier3,purchase,purchase,423,1,0.24,2,,,0.0,2.0
2026-08-06,Variant,pre_level_booster,pre_level_booster_1,items,bundle_7_with_prelevel_boosters,purchase,purchase,423,2,0.47,2,,,0.0,1.0
2026-08-06,Variant,pre_level_booster,pre_level_booster_1,items,bundle_2_with_prelevel_boosters_tier3,purchase,purchase,423,1,0.24,2,,,0.0,2.0
2026-08-06,Variant,pre_level_booster,pre_level_booster_1,items,season_pass_event,reward_event,meta,423,2,0.47,2,,,0.0,1.0
2026-08-06,Variant,pre_level_booster,pre_level_booster_1,items,bundle_7_with_prelevel_boosters_tier3,purchase,purchase,423,1,0.24,1,,,0.0,1.0
2026-08-06,Variant,pre_level_booster,pre_level_booster_1,items,Jigsaw,reward_event,meta,423,1,0.24,1,,,0.0,1.0
2026-08-06,Variant,pre_level_booster,pre_level_booster_1,items,ad_chest,ad_chest,ads,423,1,0.24,1,,,0.0,1.0
2026-08-06,Variant,pre_level_booster,pre_level_booster_1,items,bomb_ballet_event,reward_event,meta,423,1,0.24,1,,,0.0,1.0
2026-08-06,Variant,pre_level_booster,pre_level_booster_1,items,rolling_offer_p799_VarA,purchase,purchase,423,1,0.24,1,,,0.0,1.0
2026-08-06,Variant,pre_level_booster,pre_level_booster_1,items,bundle_7_with_prelevel_boosters2,purchase,purchase,423,1,0.24,1,,,0.0,1.0
2026-08-06,Variant,pre_level_booster,pre_level_booster_1,items,rolling_offer_tier1_p299,purchase,purchase,423,1,0.24,1,,,0.0,1.0
2026-08-06,Variant,pre_level_booster,pre_level_booster_2,items,player_level_up,reward_chest,core,423,221,52.25,558,,,1.32,2.52
2026-08-06,Variant,pre_level_booster,pre_level_booster_2,items,saga_progression,chapter_complete,core,423,355,83.92,503,,,1.19,1.42
2026-08-06,Variant,pre_level_booster,pre_level_booster_2,items,dream_pass_event,reward_event,meta,423,125,29.55,364,,,0.86,2.91
2026-08-06,Variant,pre_level_booster,pre_level_booster_2,items,Rainbow Maker,reward_event,meta,423,168,39.72,250,,,0.59,1.49
2026-08-06,Variant,pre_level_booster,pre_level_booster_2,items,dreamheist_event,reward_event,meta,423,158,37.35,166,,,0.39,1.05
2026-08-06,Variant,pre_level_booster,pre_level_booster_2,items,Hatchling Hideaway,event_reward,meta,423,104,24.59,114,,,0.27,1.1
2026-08-06,Variant,pre_level_booster,pre_level_booster_2,items,offer_free_items,rolling_offer,meta,423,103,24.35,103,,,0.24,1.0
2026-08-06,Variant,pre_level_booster,pre_level_booster_2,items,FlockRush,event_reward,meta,423,88,20.8,91,,,0.22,1.03
2026-08-06,Variant,pre_level_booster,pre_level_booster_2,items,reward_chest,reward_chest,other,423,25,5.91,25,,,0.06,1.0
2026-08-06,Variant,pre_level_booster,pre_level_booster_2,items,bundle_1_with_prelevel_boosters_tier3,purchase,purchase,423,5,1.18,11,,,0.03,2.2
2026-08-06,Variant,pre_level_booster,pre_level_booster_2,items,ingame,purchase,purchase,423,2,0.47,9,,,0.02,4.5
2026-08-06,Variant,pre_level_booster,pre_level_booster_2,items,Jigsaw,reward_event,meta,423,3,0.71,3,,,0.01,1.0
2026-08-06,Variant,pre_level_booster,pre_level_booster_2,items,bundle_7_with_prelevel_boosters,purchase,purchase,423,2,0.47,2,,,0.0,1.0
2026-08-06,Variant,pre_level_booster,pre_level_booster_2,items,bundle_3_with_prelevel_boosters_tier3,purchase,purchase,423,1,0.24,2,,,0.0,2.0
2026-08-06,Variant,pre_level_booster,pre_level_booster_2,items,season_pass_event,reward_event,meta,423,1,0.24,2,,,0.0,2.0
2026-08-06,Variant,pre_level_booster,pre_level_booster_2,items,bundle_2_with_prelevel_boosters_tier3,purchase,purchase,423,1,0.24,2,,,0.0,2.0
2026-08-06,Variant,pre_level_booster,pre_level_booster_2,items,ad_chest,ad_chest,ads,423,1,0.24,1,,,0.0,1.0
2026-08-06,Variant,pre_level_booster,pre_level_booster_2,items,bomb_ballet_event,reward_event,meta,423,1,0.24,1,,,0.0,1.0
2026-08-06,Variant,pre_level_booster,pre_level_booster_2,items,rolling_offer_p799_VarA,purchase,purchase,423,1,0.24,1,,,0.0,1.0
2026-08-06,Variant,pre_level_booster,pre_level_booster_2,items,team_versus_contribution,reward_event,meta,423,1,0.24,1,,,0.0,1.0
2026-08-06,Variant,pre_level_booster,pre_level_booster_2,items,race_event,reward_event,meta,423,1,0.24,1,,,0.0,1.0
2026-08-06,Variant,pre_level_booster,pre_level_booster_2,items,bundle_7_with_prelevel_boosters_tier3,purchase,purchase,423,1,0.24,1,,,0.0,1.0
2026-08-06,Variant,pre_level_booster,pre_level_booster_2,items,bundle_7_with_prelevel_boosters2,purchase,purchase,423,1,0.24,1,,,0.0,1.0
2026-08-06,Variant,pre_level_booster,pre_level_booster_2,items,rolling_offer_tier1_p299,purchase,purchase,423,1,0.24,1,,,0.0,1.0
2026-08-06,Variant,pre_level_booster,pre_level_booster_3,items,saga_progression,chapter_complete,core,423,372,87.94,502,,,1.19,1.35
2026-08-06,Variant,pre_level_booster,pre_level_booster_3,items,Rainbow Maker,reward_event,meta,423,197,46.57,466,,,1.1,2.37
2026-08-06,Variant,pre_level_booster,pre_level_booster_3,items,player_level_up,reward_chest,core,423,203,47.99,425,,,1.0,2.09
2026-08-06,Variant,pre_level_booster,pre_level_booster_3,items,dream_pass_event,reward_event,meta,423,69,16.31,113,,,0.27,1.64
2026-08-06,Variant,pre_level_booster,pre_level_booster_3,items,Hatchling Hideaway,event_reward,meta,423,105,24.82,110,,,0.26,1.05
2026-08-06,Variant,pre_level_booster,pre_level_booster_3,items,offer_free_items,rolling_offer,meta,423,103,24.35,103,,,0.24,1.0
2026-08-06,Variant,pre_level_booster,pre_level_booster_3,items,FlockRush,event_reward,meta,423,88,20.8,91,,,0.22,1.03
2026-08-06,Variant,pre_level_booster,pre_level_booster_3,items,reward_chest,reward_chest,other,423,25,5.91,25,,,0.06,1.0
2026-08-06,Variant,pre_level_booster,pre_level_booster_3,items,ingame,purchase,purchase,423,2,0.47,12,,,0.03,6.0
2026-08-06,Variant,pre_level_booster,pre_level_booster_3,items,bundle_1_with_prelevel_boosters_tier3,purchase,purchase,423,5,1.18,11,,,0.03,2.2
2026-08-06,Variant,pre_level_booster,pre_level_booster_3,items,bundle_2_with_prelevel_boosters_tier3,purchase,purchase,423,1,0.24,2,,,0.0,2.0
2026-08-06,Variant,pre_level_booster,pre_level_booster_3,items,team_versus_contribution,reward_event,meta,423,2,0.47,2,,,0.0,1.0
2026-08-06,Variant,pre_level_booster,pre_level_booster_3,items,bundle_3_with_prelevel_boosters_tier3,purchase,purchase,423,1,0.24,2,,,0.0,2.0
2026-08-06,Variant,pre_level_booster,pre_level_booster_3,items,bundle_7_with_prelevel_boosters,purchase,purchase,423,2,0.47,2,,,0.0,1.0
2026-08-06,Variant,pre_level_booster,pre_level_booster_3,items,bundle_7_with_prelevel_boosters2,purchase,purchase,423,1,0.24,1,,,0.0,1.0
2026-08-06,Variant,pre_level_booster,pre_level_booster_3,items,Jigsaw,reward_event,meta,423,1,0.24,1,,,0.0,1.0
2026-08-06,Variant,pre_level_booster,pre_level_booster_3,items,bundle_7_with_prelevel_boosters_tier3,purchase,purchase,423,1,0.24,1,,,0.0,1.0
2026-08-06,Variant,pre_level_booster,pre_level_booster_3,items,rolling_offer_p799_VarA,purchase,purchase,423,1,0.24,1,,,0.0,1.0
2026-08-06,Variant,pre_level_booster,pre_level_booster_3,items,rolling_offer_tier1_p299,purchase,purchase,423,1,0.24,1,,,0.0,1.0
2026-08-06,Variant,season_pass_multiplier_2x,SeasonPassMultiplier2x,minutes,Rainbow Maker,reward_event,meta,423,168,39.72,3280,,,7.75,19.52
2026-08-06,Variant,season_pass_multiplier_2x,SeasonPassMultiplier2x,minutes,gift,gift,other,423,1,0.24,15,,,0.04,15.0
2026-08-06,Variant,season_pass_tokens,SeasonPassToken,items,season_pass_event,event_reward,meta,423,1,0.24,12,,,0.03,12.0
2026-08-06,Variant,ul_pre_booster,UnlimitedBooster1,minutes,dream_pass_event,reward_event,meta,423,119,28.13,2795,,,6.61,23.49
2026-08-06,Variant,ul_pre_booster,UnlimitedBooster1,minutes,Rainbow Maker,reward_event,meta,423,122,28.84,1700,,,4.02,13.93
2026-08-06,Variant,ul_pre_booster,UnlimitedBooster1,minutes,Hatchling Hideaway,event_reward,meta,423,92,21.75,950,,,2.25,10.33
2026-08-06,Variant,ul_pre_booster,UnlimitedBooster1,minutes,daily_reward,daily_reward,core,423,9,2.13,540,,,1.28,60.0
2026-08-06,Variant,ul_pre_booster,UnlimitedBooster1,minutes,Hard_Level_Offer1,purchase,purchase,423,3,0.71,60,,,0.14,20.0
2026-08-06,Variant,ul_pre_booster,UnlimitedBooster1,minutes,bomb_ballet_event,reward_event,meta,423,2,0.47,40,,,0.09,20.0
2026-08-06,Variant,ul_pre_booster,UnlimitedBooster1,minutes,Hard_level_offer1_tier3,purchase,purchase,423,2,0.47,40,,,0.09,20.0
2026-08-06,Variant,ul_pre_booster,UnlimitedBooster1,minutes,Jigsaw,reward_event,meta,423,2,0.47,35,,,0.08,17.5
2026-08-06,Variant,ul_pre_booster,UnlimitedBooster1,minutes,season_pass_event,reward_event,meta,423,1,0.24,20,,,0.05,20.0
2026-08-06,Variant,ul_pre_booster,UnlimitedBooster2,minutes,dream_pass_event,reward_event,meta,423,88,20.8,1640,,,3.88,18.64
2026-08-06,Variant,ul_pre_booster,UnlimitedBooster2,minutes,Hatchling Hideaway,event_reward,meta,423,69,16.31,770,,,1.82,11.16
2026-08-06,Variant,ul_pre_booster,UnlimitedBooster2,minutes,daily_reward,daily_reward,core,423,9,2.13,600,,,1.42,66.67
2026-08-06,Variant,ul_pre_booster,UnlimitedBooster2,minutes,Rainbow Maker,reward_event,meta,423,43,10.17,510,,,1.21,11.86
2026-08-06,Variant,ul_pre_booster,UnlimitedBooster2,minutes,Hard_Level_Offer1,purchase,purchase,423,3,0.71,60,,,0.14,20.0
2026-08-06,Variant,ul_pre_booster,UnlimitedBooster2,minutes,Hard_level_offer1_tier3,purchase,purchase,423,2,0.47,40,,,0.09,20.0
2026-08-06,Variant,ul_pre_booster,UnlimitedBooster2,minutes,Jigsaw,reward_event,meta,423,2,0.47,35,,,0.08,17.5
2026-08-06,Variant,ul_pre_booster,UnlimitedBooster2,minutes,bomb_ballet_event,reward_event,meta,423,1,0.24,25,,,0.06,25.0
2026-08-06,Variant,ul_pre_booster,UnlimitedBooster2,minutes,season_pass_event,reward_event,meta,423,1,0.24,15,,,0.04,15.0
2026-08-06,Variant,ul_pre_booster,UnlimitedBooster3,minutes,dream_pass_event,reward_event,meta,423,4,0.95,150,,,0.35,37.5
2026-08-06,Variant,ul_pre_booster,UnlimitedBooster3,minutes,daily_reward,daily_reward,core,423,4,0.95,120,,,0.28,30.0
2026-08-06,Variant,ul_pre_booster,UnlimitedBooster3,minutes,Hard_Level_Offer1,purchase,purchase,423,3,0.71,60,,,0.14,20.0
2026-08-06,Variant,ul_pre_booster,UnlimitedBooster3,minutes,Hard_level_offer1_tier3,purchase,purchase,423,2,0.47,40,,,0.09,20.0
2026-08-06,Variant,ul_pre_booster,UnlimitedBooster3,minutes,Jigsaw,reward_event,meta,423,1,0.24,25,,,0.06,25.0
2026-08-06,Variant,ul_pre_booster,UnlimitedBooster3,minutes,bomb_ballet_event,reward_event,meta,423,1,0.24,25,,,0.06,25.0
2026-08-06,Variant,unlimited_lives,UnlimitedLives,minutes,saga_progression,chapter_complete,core,423,421,99.53,134845,,,318.78,320.3
2026-08-06,Variant,unlimited_lives,UnlimitedLives,minutes,player_level_up,reward_chest,core,423,355,83.92,40680,,,96.17,114.59
2026-08-06,Variant,unlimited_lives,UnlimitedLives,minutes,FlockRush,event_reward,meta,423,332,78.49,20200,,,47.75,60.84
2026-08-06,Variant,unlimited_lives,UnlimitedLives,minutes,Rainbow Maker,reward_event,meta,423,251,59.34,16895,,,39.94,67.31
2026-08-06,Variant,unlimited_lives,UnlimitedLives,minutes,dream_pass_event,reward_event,meta,423,116,27.42,11400,,,26.95,98.28
2026-08-06,Variant,unlimited_lives,UnlimitedLives,minutes,Hatchling Hideaway,event_reward,meta,423,118,27.9,10200,,,24.11,86.44
2026-08-06,Variant,unlimited_lives,UnlimitedLives,minutes,dreamheist_event,reward_event,meta,423,279,65.96,9500,,,22.46,34.05
2026-08-06,Variant,unlimited_lives,UnlimitedLives,minutes,daily_reward,daily_reward,core,423,147,34.75,5885,,,13.91,40.03
2026-08-06,Variant,unlimited_lives,UnlimitedLives,minutes,reward_chest,reward_chest,other,423,25,5.91,750,,,1.77,30.0
2026-08-06,Variant,unlimited_lives,UnlimitedLives,minutes,ad_chest,ad_chest,ads,423,44,10.4,610,,,1.44,13.86
2026-08-06,Variant,unlimited_lives,UnlimitedLives,minutes,offer_free_items,rolling_offer,meta,423,7,1.65,415,,,0.98,59.29
2026-08-06,Variant,unlimited_lives,UnlimitedLives,minutes,season_pass_event,reward_event,meta,423,3,0.71,195,,,0.46,65.0
2026-08-06,Variant,unlimited_lives,UnlimitedLives,minutes,Jigsaw,reward_event,meta,423,1,0.24,150,,,0.35,150.0
2026-08-06,Variant,unlimited_lives,UnlimitedLives,minutes,kite_festival_event,reward_event,meta,423,2,0.47,110,,,0.26,55.0
2026-08-06,Variant,unlimited_lives,UnlimitedLives,minutes,rolling_offer_p099_VarA,purchase,purchase,423,2,0.47,90,,,0.21,45.0
2026-08-06,Variant,unlimited_lives,UnlimitedLives,minutes,bomb_ballet_event,reward_event,meta,423,1,0.24,90,,,0.21,90.0
2026-08-06,Variant,unlimited_lives,UnlimitedLives,minutes,Hard_Level_Offer1,purchase,purchase,423,3,0.71,60,,,0.14,20.0
2026-08-06,Variant,unlimited_lives,UnlimitedLives,minutes,rolling_offer_p799_VarA,purchase,purchase,423,1,0.24,60,,,0.14,60.0
2026-08-06,Variant,unlimited_lives,UnlimitedLives,minutes,race_event,reward_event,meta,423,1,0.24,45,,,0.11,45.0
2026-08-06,Variant,unlimited_lives,UnlimitedLives,minutes,Hard_level_offer1_tier3,purchase,purchase,423,2,0.47,40,,,0.09,20.0
2026-08-07,Control,Avatar,Avatar,items,saga_progression,chapter_complete,core,432,259,59.95,806,,,1.87,3.11
2026-08-07,Control,Avatar,Avatar,items,dream_pass_event,reward_event,meta,432,1,0.23,1,,,0.0,1.0
2026-08-07,Control,currency,HardCoin,coins,saga_progression,chapter_complete,core,432,431,99.77,119195,119195,0,275.91,276.55
2026-08-07,Control,currency,HardCoin,coins,player_level_up,reward_chest,core,432,412,95.37,74295,74295,0,171.98,180.33
2026-08-07,Control,currency,HardCoin,coins,team_collection,reward_event,meta,432,214,49.54,30060,30060,0,69.58,140.47
2026-08-07,Control,currency,HardCoin,coins,Hatchling Hideaway,event_reward,meta,432,297,68.75,13095,13095,0,30.31,44.09
2026-08-07,Control,currency,HardCoin,coins,dream_pass_event,reward_event,meta,432,148,34.26,9730,9730,0,22.52,65.74
2026-08-07,Control,currency,HardCoin,coins,daily_reward,daily_reward,core,432,231,53.47,7470,7470,0,17.29,32.34
2026-08-07,Control,currency,HardCoin,coins,race_event,reward_event,meta,432,53,12.27,4100,4100,0,9.49,77.36
2026-08-07,Control,currency,HardCoin,coins,bundle_1_with_prelevel_boosters_tier3,purchase,purchase,432,4,0.93,3600,0,3600,8.33,900.0
2026-08-07,Control,currency,HardCoin,coins,ad_chest,ad_chest,ads,432,100,23.15,2500,2500,0,5.79,25.0
2026-08-07,Control,currency,HardCoin,coins,Jigsaw,reward_event,meta,432,46,10.65,2425,2425,0,5.61,52.72
2026-08-07,Control,currency,HardCoin,coins,reward_chest,reward_chest,other,432,23,5.32,2300,2300,0,5.32,100.0
2026-08-07,Control,currency,HardCoin,coins,xs_coins_tier3,purchase,purchase,432,7,1.62,2250,0,2250,5.21,321.43
2026-08-07,Control,currency,HardCoin,coins,xs_coins2,purchase,purchase,432,6,1.39,2200,0,2200,5.09,366.67
2026-08-07,Control,currency,HardCoin,coins,facebook_like,facebook_like,other,432,15,3.47,2000,2000,0,4.63,133.33
2026-08-07,Control,currency,HardCoin,coins,bundle_3_with_prelevel_boosters_tier3,purchase,purchase,432,2,0.46,2000,0,2000,4.63,1000.0
2026-08-07,Control,currency,HardCoin,coins,bundle_2_with_prelevel_boosters2,purchase,purchase,432,2,0.46,1500,0,1500,3.47,750.0
2026-08-07,Control,currency,HardCoin,coins,special_offer1,purchase,purchase,432,4,0.93,1200,0,1200,2.78,300.0
2026-08-07,Control,currency,HardCoin,coins,special_offer1_tier3,purchase,purchase,432,4,0.93,1200,0,1200,2.78,300.0
2026-08-07,Control,currency,HardCoin,coins,kite_festival_event,reward_event,meta,432,5,1.16,900,900,0,2.08,180.0
2026-08-07,Control,currency,HardCoin,coins,rolling_offer_tier1_p299_tier3,purchase,purchase,432,2,0.46,800,0,800,1.85,400.0
2026-08-07,Control,currency,HardCoin,coins,rolling_offer_tier1_p299,purchase,purchase,432,4,0.93,800,0,800,1.85,200.0
2026-08-07,Control,currency,HardCoin,coins,single_collection,reward_event,meta,432,3,0.69,600,600,0,1.39,200.0
2026-08-07,Control,currency,HardCoin,coins,rolling_offer_p099_VarA,purchase,purchase,432,3,0.69,600,0,600,1.39,200.0
2026-08-07,Control,currency,HardCoin,coins,rolling_offer_p349_tier3,purchase,purchase,432,1,0.23,550,0,550,1.27,550.0
2026-08-07,Control,currency,HardCoin,coins,ArcheryArena,reward_event,meta,432,4,0.93,550,550,0,1.27,137.5
2026-08-07,Control,currency,HardCoin,coins,bundle_2_with_prelevel_boosters_tier3,purchase,purchase,432,1,0.23,500,0,500,1.16,500.0
2026-08-07,Control,currency,HardCoin,coins,s_coins2,purchase,purchase,432,1,0.23,500,0,500,1.16,500.0
2026-08-07,Control,currency,HardCoin,coins,offer_free_items,rolling_offer,meta,432,4,0.93,500,500,0,1.16,125.0
2026-08-07,Control,currency,HardCoin,coins,rolling_offer_tier1_p199_tier3,purchase,purchase,432,2,0.46,400,0,400,0.93,200.0
2026-08-07,Control,currency,HardCoin,coins,bundle_1_with_prelevel_boosters,purchase,purchase,432,2,0.46,400,0,400,0.93,200.0
2026-08-07,Control,currency,HardCoin,coins,bundle_7_with_prelevel_boosters,purchase,purchase,432,2,0.46,300,0,300,0.69,150.0
2026-08-07,Control,currency,HardCoin,coins,rolling_offer_tier1_p499_VarA,purchase,purchase,432,1,0.23,300,0,300,0.69,300.0
2026-08-07,Control,currency,HardCoin,coins,team_versus,reward_event,meta,432,3,0.69,300,300,0,0.69,100.0
2026-08-07,Control,currency,HardCoin,coins,bundle_7_with_prelevel_boosters_tier3,purchase,purchase,432,2,0.46,300,0,300,0.69,150.0
2026-08-07,Control,currency,HardCoin,coins,rolling_offer_p049_tier3,purchase,purchase,432,2,0.46,300,0,300,0.69,150.0
2026-08-07,Control,currency,HardCoin,coins,heart_gift,heart_gift,other,432,85,19.68,284,284,0,0.66,3.34
2026-08-07,Control,currency,HardCoin,coins,bomb_event,reward_event,meta,432,1,0.23,200,200,0,0.46,200.0
2026-08-07,Control,currency,HardCoin,coins,team_versus_contribution,reward_event,meta,432,4,0.93,180,180,0,0.42,45.0
2026-08-07,Control,currency,HardCoin,coins,Hard_Level_Offer1,purchase,purchase,432,1,0.23,100,0,100,0.23,100.0
2026-08-07,Control,currency,HardCoin,coins,Hard_level_offer1_tier3,purchase,purchase,432,1,0.23,100,0,100,0.23,100.0
2026-08-07,Control,currency,HardCoin,coins,red_event,reward_event,meta,432,1,0.23,100,100,0,0.23,100.0
2026-08-07,Control,currency,HardCoin,coins,league_rank_up,league_reward,meta,432,1,0.23,80,80,0,0.19,80.0
2026-08-07,Control,currency,HardCoin,coins,season_pass_event,reward_event,meta,432,3,0.69,70,70,0,0.16,23.33
2026-08-07,Control,currency,HardCoin,coins,river_rush,reward_event,meta,432,1,0.23,65,65,0,0.15,65.0
2026-08-07,Control,currency,HardCoin,coins,dreamheist_event,reward_event,meta,432,1,0.23,5,5,0,0.01,5.0
2026-08-07,Control,dream_pass_tokens,DreamPassToken,items,offer_free_items,rolling_offer,meta,432,326,75.46,16220,,,37.55,49.75
2026-08-07,Control,dream_pass_tokens,DreamPassToken,items,race_event,reward_event,meta,432,59,13.66,3175,,,7.35,53.81
2026-08-07,Control,dream_pass_tokens,DreamPassToken,items,FlockRush,event_reward,meta,432,145,33.56,2920,,,6.76,20.14
2026-08-07,Control,dream_pass_tokens,DreamPassToken,items,kite_festival_event,reward_event,meta,432,8,1.85,1860,,,4.31,232.5
2026-08-07,Control,life,life,items,ask_for_lives,ask_for_lives,other,432,43,9.95,175,,,0.41,4.07
2026-08-07,Control,life,life,items,ad_life,ad_life,ads,432,28,6.48,45,,,0.1,1.61
2026-08-07,Control,life,liferefill,items,coin_purchase,coin_purchase,other,432,30,6.94,370,,,0.86,12.33
2026-08-07,Control,orb,Reds_Greatest_Challenge,items,dream_pass_event,reward_event,meta,432,45,10.42,45,,,0.1,1.0
2026-08-07,Control,powerup,powerup_1,items,saga_progression,chapter_complete,core,432,384,88.89,553,,,1.28,1.44
2026-08-07,Control,powerup,powerup_1,items,player_level_up,reward_chest,core,432,234,54.17,252,,,0.58,1.08
2026-08-07,Control,powerup,powerup_1,items,Hatchling Hideaway,event_reward,meta,432,161,37.27,166,,,0.38,1.03
2026-08-07,Control,powerup,powerup_1,items,team_collection,reward_event,meta,432,106,24.54,112,,,0.26,1.06
2026-08-07,Control,powerup,powerup_1,items,race_event,reward_event,meta,432,28,6.48,31,,,0.07,1.11
2026-08-07,Control,powerup,powerup_1,items,reward_chest,reward_chest,other,432,23,5.32,23,,,0.05,1.0
2026-08-07,Control,powerup,powerup_1,items,ad_chest,ad_chest,ads,432,21,4.86,22,,,0.05,1.05
2026-08-07,Control,powerup,powerup_1,items,bundle_1_with_prelevel_boosters_tier3,purchase,purchase,432,4,0.93,18,,,0.04,4.5
2026-08-07,Control,powerup,powerup_1,items,dream_pass_event,reward_event,meta,432,4,0.93,11,,,0.03,2.75
2026-08-07,Control,powerup,powerup_1,items,Jigsaw,reward_event,meta,432,8,1.85,8,,,0.02,1.0
2026-08-07,Control,powerup,powerup_1,items,ingame,purchase,purchase,432,2,0.46,6,,,0.01,3.0
2026-08-07,Control,powerup,powerup_1,items,bundle_2_with_prelevel_boosters2,purchase,purchase,432,2,0.46,6,,,0.01,3.0
2026-08-07,Control,powerup,powerup_1,items,team_versus,reward_event,meta,432,4,0.93,4,,,0.01,1.0
2026-08-07,Control,powerup,powerup_1,items,bundle_3_with_prelevel_boosters_tier3,purchase,purchase,432,2,0.46,4,,,0.01,2.0
2026-08-07,Control,powerup,powerup_1,items,rolling_offer_tier1_p299,purchase,purchase,432,4,0.93,4,,,0.01,1.0
2026-08-07,Control,powerup,powerup_1,items,rolling_offer_p099_VarA,purchase,purchase,432,3,0.69,3,,,0.01,1.0
2026-08-07,Control,powerup,powerup_1,items,offer_free_items,rolling_offer,meta,432,3,0.69,3,,,0.01,1.0
2026-08-07,Control,powerup,powerup_1,items,single_collection,reward_event,meta,432,3,0.69,3,,,0.01,1.0
2026-08-07,Control,powerup,powerup_1,items,bundle_7_with_prelevel_boosters_tier3,purchase,purchase,432,2,0.46,2,,,0.0,1.0
2026-08-07,Control,powerup,powerup_1,items,bundle_7_with_prelevel_boosters,purchase,purchase,432,2,0.46,2,,,0.0,1.0
2026-08-07,Control,powerup,powerup_1,items,team_versus_contribution,reward_event,meta,432,2,0.46,2,,,0.0,1.0
2026-08-07,Control,powerup,powerup_1,items,ArcheryArena,reward_event,meta,432,2,0.46,2,,,0.0,1.0
2026-08-07,Control,powerup,powerup_1,items,rolling_offer_tier1_p199_tier3,purchase,purchase,432,2,0.46,2,,,0.0,1.0
2026-08-07,Control,powerup,powerup_1,items,rolling_offer_p049_tier3,purchase,purchase,432,2,0.46,2,,,0.0,1.0
2026-08-07,Control,powerup,powerup_1,items,rolling_offer_tier1_p299_tier3,purchase,purchase,432,2,0.46,2,,,0.0,1.0
2026-08-07,Control,powerup,powerup_1,items,bundle_1_with_prelevel_boosters,purchase,purchase,432,2,0.46,2,,,0.0,1.0
2026-08-07,Control,powerup,powerup_1,items,kite_festival_event,reward_event,meta,432,2,0.46,2,,,0.0,1.0
2026-08-07,Control,powerup,powerup_1,items,rolling_offer_p349_tier3,purchase,purchase,432,1,0.23,1,,,0.0,1.0
2026-08-07,Control,powerup,powerup_1,items,bomb_event,reward_event,meta,432,1,0.23,1,,,0.0,1.0
2026-08-07,Control,powerup,powerup_1,items,rolling_offer_tier1_p499_VarA,purchase,purchase,432,1,0.23,1,,,0.0,1.0
2026-08-07,Control,powerup,powerup_1,items,bundle_2_with_prelevel_boosters_tier3,purchase,purchase,432,1,0.23,1,,,0.0,1.0
2026-08-07,Control,powerup,powerup_2,items,saga_progression,chapter_complete,core,432,405,93.75,1126,,,2.61,2.78
2026-08-07,Control,powerup,powerup_2,items,player_level_up,reward_chest,core,432,315,72.92,653,,,1.51,2.07
2026-08-07,Control,powerup,powerup_2,items,team_collection,reward_event,meta,432,129,29.86,250,,,0.58,1.94
2026-08-07,Control,powerup,powerup_2,items,Hatchling Hideaway,event_reward,meta,432,230,53.24,233,,,0.54,1.01
2026-08-07,Control,powerup,powerup_2,items,FlockRush,event_reward,meta,432,147,34.03,148,,,0.34,1.01
2026-08-07,Control,powerup,powerup_2,items,daily_reward,daily_reward,core,432,88,20.37,89,,,0.21,1.01
2026-08-07,Control,powerup,powerup_2,items,dream_pass_event,reward_event,meta,432,51,11.81,65,,,0.15,1.27
2026-08-07,Control,powerup,powerup_2,items,ad_chest,ad_chest,ads,432,37,8.56,49,,,0.11,1.32
2026-08-07,Control,powerup,powerup_2,items,ingame,purchase,purchase,432,6,1.39,42,,,0.1,7.0
2026-08-07,Control,powerup,powerup_2,items,reward_chest,reward_chest,other,432,23,5.32,23,,,0.05,1.0
2026-08-07,Control,powerup,powerup_2,items,bundle_1_with_prelevel_boosters_tier3,purchase,purchase,432,4,0.93,18,,,0.04,4.5
2026-08-07,Control,powerup,powerup_2,items,offer_free_items,rolling_offer,meta,432,10,2.31,15,,,0.03,1.5
2026-08-07,Control,powerup,powerup_2,items,Jigsaw,reward_event,meta,432,9,2.08,12,,,0.03,1.33
2026-08-07,Control,powerup,powerup_2,items,race_event,reward_event,meta,432,11,2.55,12,,,0.03,1.09
2026-08-07,Control,powerup,powerup_2,items,bundle_2_with_prelevel_boosters2,purchase,purchase,432,2,0.46,6,,,0.01,3.0
2026-08-07,Control,powerup,powerup_2,items,rolling_offer_tier1_p299,purchase,purchase,432,4,0.93,4,,,0.01,1.0
2026-08-07,Control,powerup,powerup_2,items,bundle_3_with_prelevel_boosters_tier3,purchase,purchase,432,2,0.46,4,,,0.01,2.0
2026-08-07,Control,powerup,powerup_2,items,rolling_offer_tier1_p199_tier3,purchase,purchase,432,2,0.46,2,,,0.0,1.0
2026-08-07,Control,powerup,powerup_2,items,bundle_7_with_prelevel_boosters,purchase,purchase,432,2,0.46,2,,,0.0,1.0
2026-08-07,Control,powerup,powerup_2,items,rolling_offer_tier1_p299_tier3,purchase,purchase,432,2,0.46,2,,,0.0,1.0
2026-08-07,Control,powerup,powerup_2,items,team_versus,reward_event,meta,432,2,0.46,2,,,0.0,1.0
2026-08-07,Control,powerup,powerup_2,items,bundle_7_with_prelevel_boosters_tier3,purchase,purchase,432,2,0.46,2,,,0.0,1.0
2026-08-07,Control,powerup,powerup_2,items,bundle_1_with_prelevel_boosters,purchase,purchase,432,2,0.46,2,,,0.0,1.0
2026-08-07,Control,powerup,powerup_2,items,single_collection,reward_event,meta,432,1,0.23,1,,,0.0,1.0
2026-08-07,Control,powerup,powerup_2,items,rolling_offer_tier1_p499_VarA,purchase,purchase,432,1,0.23,1,,,0.0,1.0
2026-08-07,Control,powerup,powerup_2,items,bomb_event,reward_event,meta,432,1,0.23,1,,,0.0,1.0
2026-08-07,Control,powerup,powerup_2,items,team_versus_contribution,reward_event,meta,432,1,0.23,1,,,0.0,1.0
2026-08-07,Control,powerup,powerup_2,items,rolling_offer_p349_tier3,purchase,purchase,432,1,0.23,1,,,0.0,1.0
2026-08-07,Control,powerup,powerup_2,items,bundle_2_with_prelevel_boosters_tier3,purchase,purchase,432,1,0.23,1,,,0.0,1.0
2026-08-07,Control,powerup,powerup_2,items,kite_festival_event,reward_event,meta,432,1,0.23,1,,,0.0,1.0
2026-08-07,Control,powerup,powerup_2,items,red_event,reward_event,meta,432,1,0.23,1,,,0.0,1.0
2026-08-07,Control,powerup,powerup_3,items,saga_progression,chapter_complete,core,432,405,93.75,1111,,,2.57,2.74
2026-08-07,Control,powerup,powerup_3,items,player_level_up,reward_chest,core,432,372,86.11,757,,,1.75,2.03
2026-08-07,Control,powerup,powerup_3,items,Hatchling Hideaway,event_reward,meta,432,265,61.34,269,,,0.62,1.02
2026-08-07,Control,powerup,powerup_3,items,team_collection,reward_event,meta,432,85,19.68,172,,,0.4,2.02
2026-08-07,Control,powerup,powerup_3,items,dream_pass_event,reward_event,meta,432,116,26.85,156,,,0.36,1.34
2026-08-07,Control,powerup,powerup_3,items,ad_chest,ad_chest,ads,432,47,10.88,57,,,0.13,1.21
2026-08-07,Control,powerup,powerup_3,items,facebook_like,facebook_like,other,432,15,3.47,40,,,0.09,2.67
2026-08-07,Control,powerup,powerup_3,items,daily_reward,daily_reward,core,432,35,8.1,35,,,0.08,1.0
2026-08-07,Control,powerup,powerup_3,items,reward_chest,reward_chest,other,432,23,5.32,23,,,0.05,1.0
2026-08-07,Control,powerup,powerup_3,items,bundle_1_with_prelevel_boosters_tier3,purchase,purchase,432,4,0.93,18,,,0.04,4.5
2026-08-07,Control,powerup,powerup_3,items,ingame,purchase,purchase,432,4,0.93,15,,,0.03,3.75
2026-08-07,Control,powerup,powerup_3,items,race_event,reward_event,meta,432,14,3.24,14,,,0.03,1.0
2026-08-07,Control,powerup,powerup_3,items,offer_free_items,rolling_offer,meta,432,8,1.85,10,,,0.02,1.25
2026-08-07,Control,powerup,powerup_3,items,bundle_2_with_prelevel_boosters2,purchase,purchase,432,2,0.46,6,,,0.01,3.0
2026-08-07,Control,powerup,powerup_3,items,ArcheryArena,reward_event,meta,432,5,1.16,6,,,0.01,1.2
2026-08-07,Control,powerup,powerup_3,items,team_versus,reward_event,meta,432,4,0.93,4,,,0.01,1.0
2026-08-07,Control,powerup,powerup_3,items,bundle_3_with_prelevel_boosters_tier3,purchase,purchase,432,2,0.46,4,,,0.01,2.0
2026-08-07,Control,powerup,powerup_3,items,rolling_offer_tier1_p299,purchase,purchase,432,4,0.93,4,,,0.01,1.0
2026-08-07,Control,powerup,powerup_3,items,kite_festival_event,reward_event,meta,432,3,0.69,3,,,0.01,1.0
2026-08-07,Control,powerup,powerup_3,items,league_rank_up,league_reward,meta,432,1,0.23,2,,,0.0,2.0
2026-08-07,Control,powerup,powerup_3,items,bundle_1_with_prelevel_boosters,purchase,purchase,432,2,0.46,2,,,0.0,1.0
2026-08-07,Control,powerup,powerup_3,items,rolling_offer_tier1_p299_tier3,purchase,purchase,432,2,0.46,2,,,0.0,1.0
2026-08-07,Control,powerup,powerup_3,items,bundle_7_with_prelevel_boosters,purchase,purchase,432,2,0.46,2,,,0.0,1.0
2026-08-07,Control,powerup,powerup_3,items,rolling_offer_tier1_p199_tier3,purchase,purchase,432,2,0.46,2,,,0.0,1.0
2026-08-07,Control,powerup,powerup_3,items,bundle_7_with_prelevel_boosters_tier3,purchase,purchase,432,2,0.46,2,,,0.0,1.0
2026-08-07,Control,powerup,powerup_3,items,rolling_offer_p349_tier3,purchase,purchase,432,1,0.23,1,,,0.0,1.0
2026-08-07,Control,powerup,powerup_3,items,rolling_offer_tier1_p499_VarA,purchase,purchase,432,1,0.23,1,,,0.0,1.0
2026-08-07,Control,powerup,powerup_3,items,season_pass_event,reward_event,meta,432,1,0.23,1,,,0.0,1.0
2026-08-07,Control,powerup,powerup_3,items,team_versus_contribution,reward_event,meta,432,1,0.23,1,,,0.0,1.0
2026-08-07,Control,powerup,powerup_3,items,bundle_2_with_prelevel_boosters_tier3,purchase,purchase,432,1,0.23,1,,,0.0,1.0
2026-08-07,Control,powerup,powerup_3,items,red_event,reward_event,meta,432,1,0.23,1,,,0.0,1.0
2026-08-07,Control,pre_level_booster,pre_level_booster_1,items,saga_progression,chapter_complete,core,432,420,97.22,2299,,,5.32,5.47
2026-08-07,Control,pre_level_booster,pre_level_booster_1,items,dream_pass_event,reward_event,meta,432,117,27.08,378,,,0.88,3.23
2026-08-07,Control,pre_level_booster,pre_level_booster_1,items,offer_free_items,rolling_offer,meta,432,343,79.4,370,,,0.86,1.08
2026-08-07,Control,pre_level_booster,pre_level_booster_1,items,Hatchling Hideaway,event_reward,meta,432,304,70.37,309,,,0.72,1.02
2026-08-07,Control,pre_level_booster,pre_level_booster_1,items,player_level_up,reward_chest,core,432,232,53.7,259,,,0.6,1.12
2026-08-07,Control,pre_level_booster,pre_level_booster_1,items,FlockRush,event_reward,meta,432,147,34.03,148,,,0.34,1.01
2026-08-07,Control,pre_level_booster,pre_level_booster_1,items,Jigsaw,reward_event,meta,432,30,6.94,51,,,0.12,1.7
2026-08-07,Control,pre_level_booster,pre_level_booster_1,items,reward_chest,reward_chest,other,432,23,5.32,23,,,0.05,1.0
2026-08-07,Control,pre_level_booster,pre_level_booster_1,items,bundle_1_with_prelevel_boosters_tier3,purchase,purchase,432,4,0.93,18,,,0.04,4.5
2026-08-07,Control,pre_level_booster,pre_level_booster_1,items,bundle_2_with_prelevel_boosters2,purchase,purchase,432,2,0.46,6,,,0.01,3.0
2026-08-07,Control,pre_level_booster,pre_level_booster_1,items,rolling_offer_tier1_p299,purchase,purchase,432,4,0.93,4,,,0.01,1.0
2026-08-07,Control,pre_level_booster,pre_level_booster_1,items,bundle_3_with_prelevel_boosters_tier3,purchase,purchase,432,2,0.46,4,,,0.01,2.0
2026-08-07,Control,pre_level_booster,pre_level_booster_1,items,season_pass_event,reward_event,meta,432,2,0.46,3,,,0.01,1.5
2026-08-07,Control,pre_level_booster,pre_level_booster_1,items,ingame,purchase,purchase,432,1,0.23,3,,,0.01,3.0
2026-08-07,Control,pre_level_booster,pre_level_booster_1,items,bundle_7_with_prelevel_boosters_tier3,purchase,purchase,432,2,0.46,2,,,0.0,1.0
2026-08-07,Control,pre_level_booster,pre_level_booster_1,items,rolling_offer_tier1_p199_tier3,purchase,purchase,432,2,0.46,2,,,0.0,1.0
2026-08-07,Control,pre_level_booster,pre_level_booster_1,items,rolling_offer_tier1_p299_tier3,purchase,purchase,432,2,0.46,2,,,0.0,1.0
2026-08-07,Control,pre_level_booster,pre_level_booster_1,items,bundle_7_with_prelevel_boosters,purchase,purchase,432,2,0.46,2,,,0.0,1.0
2026-08-07,Control,pre_level_booster,pre_level_booster_1,items,bundle_1_with_prelevel_boosters,purchase,purchase,432,2,0.46,2,,,0.0,1.0
2026-08-07,Control,pre_level_booster,pre_level_booster_1,items,race_event,reward_event,meta,432,1,0.23,1,,,0.0,1.0
2026-08-07,Control,pre_level_booster,pre_level_booster_1,items,rolling_offer_p349_tier3,purchase,purchase,432,1,0.23,1,,,0.0,1.0
2026-08-07,Control,pre_level_booster,pre_level_booster_1,items,bundle_2_with_prelevel_boosters_tier3,purchase,purchase,432,1,0.23,1,,,0.0,1.0
2026-08-07,Control,pre_level_booster,pre_level_booster_1,items,team_versus_contribution,reward_event,meta,432,1,0.23,1,,,0.0,1.0
2026-08-07,Control,pre_level_booster,pre_level_booster_1,items,ad_chest,ad_chest,ads,432,1,0.23,1,,,0.0,1.0
2026-08-07,Control,pre_level_booster,pre_level_booster_2,items,saga_progression,chapter_complete,core,432,420,97.22,2328,,,5.39,5.54
2026-08-07,Control,pre_level_booster,pre_level_booster_2,items,player_level_up,reward_chest,core,432,223,51.62,529,,,1.22,2.37
2026-08-07,Control,pre_level_booster,pre_level_booster_2,items,dream_pass_event,reward_event,meta,432,134,31.02,407,,,0.94,3.04
2026-08-07,Control,pre_level_booster,pre_level_booster_2,items,offer_free_items,rolling_offer,meta,432,332,76.85,356,,,0.82,1.07
2026-08-07,Control,pre_level_booster,pre_level_booster_2,items,Hatchling Hideaway,event_reward,meta,432,296,68.52,296,,,0.69,1.0
2026-08-07,Control,pre_level_booster,pre_level_booster_2,items,FlockRush,event_reward,meta,432,147,34.03,148,,,0.34,1.01
2026-08-07,Control,pre_level_booster,pre_level_booster_2,items,reward_chest,reward_chest,other,432,23,5.32,23,,,0.05,1.0
2026-08-07,Control,pre_level_booster,pre_level_booster_2,items,Jigsaw,reward_event,meta,432,15,3.47,22,,,0.05,1.47
2026-08-07,Control,pre_level_booster,pre_level_booster_2,items,bundle_1_with_prelevel_boosters_tier3,purchase,purchase,432,4,0.93,18,,,0.04,4.5
2026-08-07,Control,pre_level_booster,pre_level_booster_2,items,bundle_2_with_prelevel_boosters2,purchase,purchase,432,2,0.46,6,,,0.01,3.0
2026-08-07,Control,pre_level_booster,pre_level_booster_2,items,ingame,purchase,purchase,432,2,0.46,6,,,0.01,3.0
2026-08-07,Control,pre_level_booster,pre_level_booster_2,items,rolling_offer_tier1_p299,purchase,purchase,432,4,0.93,4,,,0.01,1.0
2026-08-07,Control,pre_level_booster,pre_level_booster_2,items,bundle_3_with_prelevel_boosters_tier3,purchase,purchase,432,2,0.46,4,,,0.01,2.0
2026-08-07,Control,pre_level_booster,pre_level_booster_2,items,season_pass_event,reward_event,meta,432,2,0.46,4,,,0.01,2.0
2026-08-07,Control,pre_level_booster,pre_level_booster_2,items,race_event,reward_event,meta,432,3,0.69,3,,,0.01,1.0
2026-08-07,Control,pre_level_booster,pre_level_booster_2,items,bundle_7_with_prelevel_boosters,purchase,purchase,432,2,0.46,2,,,0.0,1.0
2026-08-07,Control,pre_level_booster,pre_level_booster_2,items,rolling_offer_tier1_p199_tier3,purchase,purchase,432,2,0.46,2,,,0.0,1.0
2026-08-07,Control,pre_level_booster,pre_level_booster_2,items,bundle_7_with_prelevel_boosters_tier3,purchase,purchase,432,2,0.46,2,,,0.0,1.0
2026-08-07,Control,pre_level_booster,pre_level_booster_2,items,bundle_1_with_prelevel_boosters,purchase,purchase,432,2,0.46,2,,,0.0,1.0
2026-08-07,Control,pre_level_booster,pre_level_booster_2,items,rolling_offer_tier1_p299_tier3,purchase,purchase,432,2,0.46,2,,,0.0,1.0
2026-08-07,Control,pre_level_booster,pre_level_booster_2,items,rolling_offer_p349_tier3,purchase,purchase,432,1,0.23,1,,,0.0,1.0
2026-08-07,Control,pre_level_booster,pre_level_booster_2,items,team_versus_contribution,reward_event,meta,432,1,0.23,1,,,0.0,1.0
2026-08-07,Control,pre_level_booster,pre_level_booster_2,items,kite_festival_event,reward_event,meta,432,1,0.23,1,,,0.0,1.0
2026-08-07,Control,pre_level_booster,pre_level_booster_2,items,bundle_2_with_prelevel_boosters_tier3,purchase,purchase,432,1,0.23,1,,,0.0,1.0
2026-08-07,Control,pre_level_booster,pre_level_booster_3,items,saga_progression,chapter_complete,core,432,384,88.89,553,,,1.28,1.44
2026-08-07,Control,pre_level_booster,pre_level_booster_3,items,player_level_up,reward_chest,core,432,219,50.69,424,,,0.98,1.94
2026-08-07,Control,pre_level_booster,pre_level_booster_3,items,offer_free_items,rolling_offer,meta,432,329,76.16,354,,,0.82,1.08
2026-08-07,Control,pre_level_booster,pre_level_booster_3,items,Hatchling Hideaway,event_reward,meta,432,265,61.34,269,,,0.62,1.02
2026-08-07,Control,pre_level_booster,pre_level_booster_3,items,FlockRush,event_reward,meta,432,147,34.03,148,,,0.34,1.01
2026-08-07,Control,pre_level_booster,pre_level_booster_3,items,dream_pass_event,reward_event,meta,432,90,20.83,136,,,0.31,1.51
2026-08-07,Control,pre_level_booster,pre_level_booster_3,items,reward_chest,reward_chest,other,432,23,5.32,23,,,0.05,1.0
2026-08-07,Control,pre_level_booster,pre_level_booster_3,items,bundle_1_with_prelevel_boosters_tier3,purchase,purchase,432,4,0.93,18,,,0.04,4.5
2026-08-07,Control,pre_level_booster,pre_level_booster_3,items,ingame,purchase,purchase,432,2,0.46,9,,,0.02,4.5
2026-08-07,Control,pre_level_booster,pre_level_booster_3,items,Jigsaw,reward_event,meta,432,8,1.85,8,,,0.02,1.0
2026-08-07,Control,pre_level_booster,pre_level_booster_3,items,bundle_2_with_prelevel_boosters2,purchase,purchase,432,2,0.46,6,,,0.01,3.0
2026-08-07,Control,pre_level_booster,pre_level_booster_3,items,bundle_3_with_prelevel_boosters_tier3,purchase,purchase,432,2,0.46,4,,,0.01,2.0
2026-08-07,Control,pre_level_booster,pre_level_booster_3,items,rolling_offer_tier1_p299,purchase,purchase,432,4,0.93,4,,,0.01,1.0
2026-08-07,Control,pre_level_booster,pre_level_booster_3,items,race_event,reward_event,meta,432,3,0.69,4,,,0.01,1.33
2026-08-07,Control,pre_level_booster,pre_level_booster_3,items,team_versus_contribution,reward_event,meta,432,2,0.46,2,,,0.0,1.0
2026-08-07,Control,pre_level_booster,pre_level_booster_3,items,bundle_7_with_prelevel_boosters,purchase,purchase,432,2,0.46,2,,,0.0,1.0
2026-08-07,Control,pre_level_booster,pre_level_booster_3,items,bundle_1_with_prelevel_boosters,purchase,purchase,432,2,0.46,2,,,0.0,1.0
2026-08-07,Control,pre_level_booster,pre_level_booster_3,items,rolling_offer_tier1_p299_tier3,purchase,purchase,432,2,0.46,2,,,0.0,1.0
2026-08-07,Control,pre_level_booster,pre_level_booster_3,items,bundle_7_with_prelevel_boosters_tier3,purchase,purchase,432,2,0.46,2,,,0.0,1.0
2026-08-07,Control,pre_level_booster,pre_level_booster_3,items,rolling_offer_tier1_p199_tier3,purchase,purchase,432,2,0.46,2,,,0.0,1.0
2026-08-07,Control,pre_level_booster,pre_level_booster_3,items,bundle_2_with_prelevel_boosters_tier3,purchase,purchase,432,1,0.23,1,,,0.0,1.0
2026-08-07,Control,pre_level_booster,pre_level_booster_3,items,kite_festival_event,reward_event,meta,432,1,0.23,1,,,0.0,1.0
2026-08-07,Control,pre_level_booster,pre_level_booster_3,items,rolling_offer_p349_tier3,purchase,purchase,432,1,0.23,1,,,0.0,1.0
2026-08-07,Control,season_pass_tokens,SeasonPassToken,items,season_pass_event,event_reward,meta,432,1,0.23,10,,,0.02,10.0
2026-08-07,Control,ul_pre_booster,UnlimitedBooster1,minutes,dream_pass_event,reward_event,meta,432,127,29.4,2940,,,6.81,23.15
2026-08-07,Control,ul_pre_booster,UnlimitedBooster1,minutes,Hatchling Hideaway,event_reward,meta,432,230,53.24,2330,,,5.39,10.13
2026-08-07,Control,ul_pre_booster,UnlimitedBooster1,minutes,Jigsaw,reward_event,meta,432,37,8.56,1035,,,2.4,27.97
2026-08-07,Control,ul_pre_booster,UnlimitedBooster1,minutes,daily_reward,daily_reward,core,432,10,2.31,600,,,1.39,60.0
2026-08-07,Control,ul_pre_booster,UnlimitedBooster1,minutes,season_pass_event,reward_event,meta,432,2,0.46,40,,,0.09,20.0
2026-08-07,Control,ul_pre_booster,UnlimitedBooster1,minutes,Hard_Level_Offer1,purchase,purchase,432,1,0.23,20,,,0.05,20.0
2026-08-07,Control,ul_pre_booster,UnlimitedBooster1,minutes,Hard_level_offer1_tier3,purchase,purchase,432,1,0.23,20,,,0.05,20.0
2026-08-07,Control,ul_pre_booster,UnlimitedBooster2,minutes,Hatchling Hideaway,event_reward,meta,432,161,37.27,1660,,,3.84,10.31
2026-08-07,Control,ul_pre_booster,UnlimitedBooster2,minutes,dream_pass_event,reward_event,meta,432,90,20.83,1530,,,3.54,17.0
2026-08-07,Control,ul_pre_booster,UnlimitedBooster2,minutes,Jigsaw,reward_event,meta,432,36,8.33,665,,,1.54,18.47
2026-08-07,Control,ul_pre_booster,UnlimitedBooster2,minutes,daily_reward,daily_reward,core,432,5,1.16,300,,,0.69,60.0
2026-08-07,Control,ul_pre_booster,UnlimitedBooster2,minutes,season_pass_event,reward_event,meta,432,2,0.46,30,,,0.07,15.0
2026-08-07,Control,ul_pre_booster,UnlimitedBooster2,minutes,Hard_level_offer1_tier3,purchase,purchase,432,1,0.23,20,,,0.05,20.0
2026-08-07,Control,ul_pre_booster,UnlimitedBooster2,minutes,Hard_Level_Offer1,purchase,purchase,432,1,0.23,20,,,0.05,20.0
2026-08-07,Control,ul_pre_booster,UnlimitedBooster3,minutes,Jigsaw,reward_event,meta,432,37,8.56,630,,,1.46,17.03
2026-08-07,Control,ul_pre_booster,UnlimitedBooster3,minutes,daily_reward,daily_reward,core,432,4,0.93,120,,,0.28,30.0
2026-08-07,Control,ul_pre_booster,UnlimitedBooster3,minutes,dream_pass_event,reward_event,meta,432,4,0.93,90,,,0.21,22.5
2026-08-07,Control,ul_pre_booster,UnlimitedBooster3,minutes,Hard_level_offer1_tier3,purchase,purchase,432,1,0.23,20,,,0.05,20.0
2026-08-07,Control,ul_pre_booster,UnlimitedBooster3,minutes,Hard_Level_Offer1,purchase,purchase,432,1,0.23,20,,,0.05,20.0
2026-08-07,Control,unlimited_lives,UnlimitedLives,minutes,saga_progression,chapter_complete,core,432,427,98.84,84345,,,195.24,197.53
2026-08-07,Control,unlimited_lives,UnlimitedLives,minutes,player_level_up,reward_chest,core,432,380,87.96,43380,,,100.42,114.16
2026-08-07,Control,unlimited_lives,UnlimitedLives,minutes,Hatchling Hideaway,event_reward,meta,432,308,71.3,26610,,,61.6,86.4
2026-08-07,Control,unlimited_lives,UnlimitedLives,minutes,FlockRush,event_reward,meta,432,359,83.1,21640,,,50.09,60.28
2026-08-07,Control,unlimited_lives,UnlimitedLives,minutes,dream_pass_event,reward_event,meta,432,122,28.24,11895,,,27.53,97.5
2026-08-07,Control,unlimited_lives,UnlimitedLives,minutes,daily_reward,daily_reward,core,432,151,34.95,5110,,,11.83,33.84
2026-08-07,Control,unlimited_lives,UnlimitedLives,minutes,Jigsaw,reward_event,meta,432,46,10.65,5010,,,11.6,108.91
2026-08-07,Control,unlimited_lives,UnlimitedLives,minutes,kite_festival_event,reward_event,meta,432,102,23.61,3095,,,7.16,30.34
2026-08-07,Control,unlimited_lives,UnlimitedLives,minutes,ad_chest,ad_chest,ads,432,56,12.96,915,,,2.12,16.34
2026-08-07,Control,unlimited_lives,UnlimitedLives,minutes,offer_free_items,rolling_offer,meta,432,13,3.01,850,,,1.97,65.38
2026-08-07,Control,unlimited_lives,UnlimitedLives,minutes,reward_chest,reward_chest,other,432,23,5.32,690,,,1.6,30.0
2026-08-07,Control,unlimited_lives,UnlimitedLives,minutes,season_pass_event,reward_event,meta,432,4,0.93,190,,,0.44,47.5
2026-08-07,Control,unlimited_lives,UnlimitedLives,minutes,rolling_offer_p099_VarA,purchase,purchase,432,3,0.69,135,,,0.31,45.0
2026-08-07,Control,unlimited_lives,UnlimitedLives,minutes,league_rank_up,league_reward,meta,432,1,0.23,110,,,0.25,110.0
2026-08-07,Control,unlimited_lives,UnlimitedLives,minutes,rolling_offer_p049_tier3,purchase,purchase,432,2,0.46,90,,,0.21,45.0
2026-08-07,Control,unlimited_lives,UnlimitedLives,minutes,rolling_offer_tier1_p299_tier3,purchase,purchase,432,2,0.46,60,,,0.14,30.0
2026-08-07,Control,unlimited_lives,UnlimitedLives,minutes,rolling_offer_p349_tier3,purchase,purchase,432,1,0.23,60,,,0.14,60.0
2026-08-07,Control,unlimited_lives,UnlimitedLives,minutes,race_event,reward_event,meta,432,1,0.23,50,,,0.12,50.0
2026-08-07,Control,unlimited_lives,UnlimitedLives,minutes,rolling_offer_tier1_p499_VarA,purchase,purchase,432,1,0.23,40,,,0.09,40.0
2026-08-07,Control,unlimited_lives,UnlimitedLives,minutes,Hard_level_offer1_tier3,purchase,purchase,432,1,0.23,20,,,0.05,20.0
2026-08-07,Control,unlimited_lives,UnlimitedLives,minutes,dreamheist_event,reward_event,meta,432,1,0.23,20,,,0.05,20.0
2026-08-07,Control,unlimited_lives,UnlimitedLives,minutes,Hard_Level_Offer1,purchase,purchase,432,1,0.23,20,,,0.05,20.0
2026-08-07,Variant,Avatar,Avatar,items,saga_progression,chapter_complete,core,439,266,60.59,845,,,1.92,3.18
2026-08-07,Variant,Avatar,Avatar,items,season_pass_event,reward_event,meta,439,1,0.23,2,,,0.0,2.0
2026-08-07,Variant,currency,HardCoin,coins,player_level_up,reward_chest,core,439,419,95.44,74885,74885,0,170.58,178.72
2026-08-07,Variant,currency,HardCoin,coins,chuck_event,reward_event,meta,439,305,69.48,50050,50050,0,114.01,164.1
2026-08-07,Variant,currency,HardCoin,coins,dreamheist_event,reward_event,meta,439,325,74.03,39005,39005,0,88.85,120.02
2026-08-07,Variant,currency,HardCoin,coins,saga_progression,chapter_complete,core,439,430,97.95,34030,34030,0,77.52,79.14
2026-08-07,Variant,currency,HardCoin,coins,team_collection,reward_event,meta,439,197,44.87,26710,26710,0,60.84,135.58
2026-08-07,Variant,currency,HardCoin,coins,Jigsaw,reward_event,meta,439,298,67.88,11675,11675,0,26.59,39.18
2026-08-07,Variant,currency,HardCoin,coins,race_event,reward_event,meta,439,282,64.24,9540,9540,0,21.73,33.83
2026-08-07,Variant,currency,HardCoin,coins,dream_pass_event,reward_event,meta,439,146,33.26,6830,6830,0,15.56,46.78
2026-08-07,Variant,currency,HardCoin,coins,daily_reward,daily_reward,core,439,233,53.08,4765,4765,0,10.85,20.45
2026-08-07,Variant,currency,HardCoin,coins,reward_chest,reward_chest,other,439,28,6.38,4580,4580,0,10.43,163.57
2026-08-07,Variant,currency,HardCoin,coins,xs_coins_tier3,purchase,purchase,439,9,2.05,4200,0,4200,9.57,466.67
2026-08-07,Variant,currency,HardCoin,coins,Rainbow Maker,reward_event,meta,439,31,7.06,3530,3530,0,8.04,113.87
2026-08-07,Variant,currency,HardCoin,coins,facebook_like,facebook_like,other,439,22,5.01,2900,2900,0,6.61,131.82
2026-08-07,Variant,currency,HardCoin,coins,ad_chest,ad_chest,ads,439,85,19.36,2005,2005,0,4.57,23.59
2026-08-07,Variant,currency,HardCoin,coins,m_coins_tier3,purchase,purchase,439,1,0.23,2000,0,2000,4.56,2000.0
2026-08-07,Variant,currency,HardCoin,coins,xs_coins2,purchase,purchase,439,6,1.37,2000,0,2000,4.56,333.33
2026-08-07,Variant,currency,HardCoin,coins,Hatchling Hideaway,event_reward,meta,439,60,13.67,1970,1970,0,4.49,32.83
2026-08-07,Variant,currency,HardCoin,coins,special_offer1_tier3,purchase,purchase,439,6,1.37,1800,0,1800,4.1,300.0
2026-08-07,Variant,currency,HardCoin,coins,heart_gift,heart_gift,other,439,87,19.82,1167,1167,0,2.66,13.41
2026-08-07,Variant,currency,HardCoin,coins,s_coins_tier3,purchase,purchase,439,2,0.46,1000,0,1000,2.28,500.0
2026-08-07,Variant,currency,HardCoin,coins,special_offer1,purchase,purchase,439,3,0.68,900,0,900,2.05,300.0
2026-08-07,Variant,currency,HardCoin,coins,rolling_offer_tier1_p299,purchase,purchase,439,3,0.68,600,0,600,1.37,200.0
2026-08-07,Variant,currency,HardCoin,coins,offer_free_items,rolling_offer,meta,439,3,0.68,550,550,0,1.25,183.33
2026-08-07,Variant,currency,HardCoin,coins,bundle_2_with_prelevel_boosters,purchase,purchase,439,1,0.23,500,0,500,1.14,500.0
2026-08-07,Variant,currency,HardCoin,coins,rolling_offer_tier1_p199_tier3,purchase,purchase,439,2,0.46,400,0,400,0.91,200.0
2026-08-07,Variant,currency,HardCoin,coins,rolling_offer_tier1_p299_tier3,purchase,purchase,439,1,0.23,400,0,400,0.91,400.0
2026-08-07,Variant,currency,HardCoin,coins,bundle_1_with_prelevel_boosters_tier3,purchase,purchase,439,1,0.23,400,0,400,0.91,400.0
2026-08-07,Variant,currency,HardCoin,coins,bundle_7_with_prelevel_boosters2,purchase,purchase,439,1,0.23,300,0,300,0.68,300.0
2026-08-07,Variant,currency,HardCoin,coins,special_offer9_tier3,purchase,purchase,439,1,0.23,300,0,300,0.68,300.0
2026-08-07,Variant,currency,HardCoin,coins,ArcheryArena,reward_event,meta,439,2,0.46,300,300,0,0.68,150.0
2026-08-07,Variant,currency,HardCoin,coins,rolling_offer_p049_tier3,purchase,purchase,439,2,0.46,300,0,300,0.68,150.0
2026-08-07,Variant,currency,HardCoin,coins,Hard_Level_Offer1,purchase,purchase,439,3,0.68,300,0,300,0.68,100.0
2026-08-07,Variant,currency,HardCoin,coins,bundle_7_with_prelevel_boosters,purchase,purchase,439,2,0.46,300,0,300,0.68,150.0
2026-08-07,Variant,currency,HardCoin,coins,special_offer9,purchase,purchase,439,1,0.23,250,0,250,0.57,250.0
2026-08-07,Variant,currency,HardCoin,coins,season_pass_event,reward_event,meta,439,2,0.46,215,60,155,0.49,107.5
2026-08-07,Variant,currency,HardCoin,coins,rolling_offer_p099_VarA,purchase,purchase,439,1,0.23,200,0,200,0.46,200.0
2026-08-07,Variant,currency,HardCoin,coins,bundle_1_with_prelevel_boosters,purchase,purchase,439,1,0.23,200,0,200,0.46,200.0
2026-08-07,Variant,currency,HardCoin,coins,Hard_level_offer1_tier3,purchase,purchase,439,2,0.46,200,0,200,0.46,100.0
2026-08-07,Variant,currency,HardCoin,coins,bundle_7_with_prelevel_boosters_tier3,purchase,purchase,439,1,0.23,150,0,150,0.34,150.0
2026-08-07,Variant,currency,HardCoin,coins,bomb_event,reward_event,meta,439,1,0.23,100,100,0,0.23,100.0
2026-08-07,Variant,currency,HardCoin,coins,team_versus_contribution,reward_event,meta,439,1,0.23,70,70,0,0.16,70.0
2026-08-07,Variant,dream_pass_tokens,DreamPassToken,items,race_event,reward_event,meta,439,337,76.77,16735,,,38.12,49.66
2026-08-07,Variant,dream_pass_tokens,DreamPassToken,items,offer_free_items,rolling_offer,meta,439,324,73.8,14740,,,33.58,45.49
2026-08-07,Variant,dream_pass_tokens,DreamPassToken,items,Rainbow Maker,reward_event,meta,439,20,4.56,4046,,,9.22,202.3
2026-08-07,Variant,dream_pass_tokens,DreamPassToken,items,FlockRush,event_reward,meta,439,3,0.68,60,,,0.14,20.0
2026-08-07,Variant,life,life,items,ask_for_lives,ask_for_lives,other,439,26,5.92,121,,,0.28,4.65
2026-08-07,Variant,life,life,items,ad_life,ad_life,ads,439,16,3.64,25,,,0.06,1.56
2026-08-07,Variant,life,liferefill,items,coin_purchase,coin_purchase,other,439,20,4.56,230,,,0.52,11.5
2026-08-07,Variant,orb,Reds_Greatest_Challenge,items,dream_pass_event,reward_event,meta,439,31,7.06,31,,,0.07,1.0
2026-08-07,Variant,powerup,powerup_1,items,player_level_up,reward_chest,core,439,246,56.04,259,,,0.59,1.05
2026-08-07,Variant,powerup,powerup_1,items,Rainbow Maker,reward_event,meta,439,21,4.78,241,,,0.55,11.48
2026-08-07,Variant,powerup,powerup_1,items,chuck_event,reward_event,meta,439,193,43.96,201,,,0.46,1.04
2026-08-07,Variant,powerup,powerup_1,items,race_event,reward_event,meta,439,134,30.52,135,,,0.31,1.01
2026-08-07,Variant,powerup,powerup_1,items,team_collection,reward_event,meta,439,97,22.1,99,,,0.23,1.02
2026-08-07,Variant,powerup,powerup_1,items,Hatchling Hideaway,event_reward,meta,439,38,8.66,38,,,0.09,1.0
2026-08-07,Variant,powerup,powerup_1,items,reward_chest,reward_chest,other,439,28,6.38,36,,,0.08,1.29
2026-08-07,Variant,powerup,powerup_1,items,Jigsaw,reward_event,meta,439,29,6.61,29,,,0.07,1.0
2026-08-07,Variant,powerup,powerup_1,items,dreamheist_event,reward_event,meta,439,28,6.38,29,,,0.07,1.04
2026-08-07,Variant,powerup,powerup_1,items,ad_chest,ad_chest,ads,439,14,3.19,16,,,0.04,1.14
2026-08-07,Variant,powerup,powerup_1,items,dream_pass_event,reward_event,meta,439,2,0.46,4,,,0.01,2.0
2026-08-07,Variant,powerup,powerup_1,items,daily_reward,daily_reward,core,439,3,0.68,3,,,0.01,1.0
2026-08-07,Variant,powerup,powerup_1,items,rolling_offer_tier1_p299,purchase,purchase,439,3,0.68,3,,,0.01,1.0
2026-08-07,Variant,powerup,powerup_1,items,rolling_offer_tier1_p199_tier3,purchase,purchase,439,2,0.46,2,,,0.0,1.0
2026-08-07,Variant,powerup,powerup_1,items,bundle_7_with_prelevel_boosters,purchase,purchase,439,2,0.46,2,,,0.0,1.0
2026-08-07,Variant,powerup,powerup_1,items,rolling_offer_p049_tier3,purchase,purchase,439,2,0.46,2,,,0.0,1.0
2026-08-07,Variant,powerup,powerup_1,items,ArcheryArena,reward_event,meta,439,2,0.46,2,,,0.0,1.0
2026-08-07,Variant,powerup,powerup_1,items,bundle_1_with_prelevel_boosters_tier3,purchase,purchase,439,1,0.23,2,,,0.0,2.0
2026-08-07,Variant,powerup,powerup_1,items,special_offer9,purchase,purchase,439,1,0.23,1,,,0.0,1.0
2026-08-07,Variant,powerup,powerup_1,items,bundle_7_with_prelevel_boosters2,purchase,purchase,439,1,0.23,1,,,0.0,1.0
2026-08-07,Variant,powerup,powerup_1,items,rolling_offer_p099_VarA,purchase,purchase,439,1,0.23,1,,,0.0,1.0
2026-08-07,Variant,powerup,powerup_1,items,bundle_1_with_prelevel_boosters,purchase,purchase,439,1,0.23,1,,,0.0,1.0
2026-08-07,Variant,powerup,powerup_1,items,season_pass_event,reward_event,meta,439,1,0.23,1,,,0.0,1.0
2026-08-07,Variant,powerup,powerup_1,items,special_offer9_tier3,purchase,purchase,439,1,0.23,1,,,0.0,1.0
2026-08-07,Variant,powerup,powerup_1,items,rolling_offer_tier1_p299_tier3,purchase,purchase,439,1,0.23,1,,,0.0,1.0
2026-08-07,Variant,powerup,powerup_1,items,bundle_7_with_prelevel_boosters_tier3,purchase,purchase,439,1,0.23,1,,,0.0,1.0
2026-08-07,Variant,powerup,powerup_1,items,offer_free_items,rolling_offer,meta,439,1,0.23,1,,,0.0,1.0
2026-08-07,Variant,powerup,powerup_1,items,team_versus_contribution,reward_event,meta,439,1,0.23,1,,,0.0,1.0
2026-08-07,Variant,powerup,powerup_1,items,bundle_2_with_prelevel_boosters,purchase,purchase,439,1,0.23,1,,,0.0,1.0
2026-08-07,Variant,powerup,powerup_2,items,player_level_up,reward_chest,core,439,313,71.3,662,,,1.51,2.12
2026-08-07,Variant,powerup,powerup_2,items,saga_progression,chapter_complete,core,439,389,88.61,566,,,1.29,1.46
2026-08-07,Variant,powerup,powerup_2,items,Rainbow Maker,reward_event,meta,439,27,6.15,259,,,0.59,9.59
2026-08-07,Variant,powerup,powerup_2,items,team_collection,reward_event,meta,439,121,27.56,223,,,0.51,1.84
2026-08-07,Variant,powerup,powerup_2,items,dreamheist_event,reward_event,meta,439,208,47.38,216,,,0.49,1.04
2026-08-07,Variant,powerup,powerup_2,items,daily_reward,daily_reward,core,439,81,18.45,83,,,0.19,1.02
2026-08-07,Variant,powerup,powerup_2,items,reward_chest,reward_chest,other,439,28,6.38,49,,,0.11,1.75
2026-08-07,Variant,powerup,powerup_2,items,Jigsaw,reward_event,meta,439,44,10.02,44,,,0.1,1.0
2026-08-07,Variant,powerup,powerup_2,items,ingame,purchase,purchase,439,9,2.05,36,,,0.08,4.0
2026-08-07,Variant,powerup,powerup_2,items,ad_chest,ad_chest,ads,439,30,6.83,35,,,0.08,1.17
2026-08-07,Variant,powerup,powerup_2,items,Hatchling Hideaway,event_reward,meta,439,31,7.06,31,,,0.07,1.0
2026-08-07,Variant,powerup,powerup_2,items,dream_pass_event,reward_event,meta,439,26,5.92,31,,,0.07,1.19
2026-08-07,Variant,powerup,powerup_2,items,race_event,reward_event,meta,439,31,7.06,31,,,0.07,1.0
2026-08-07,Variant,powerup,powerup_2,items,chuck_event,reward_event,meta,439,18,4.1,18,,,0.04,1.0
2026-08-07,Variant,powerup,powerup_2,items,offer_free_items,rolling_offer,meta,439,4,0.91,6,,,0.01,1.5
2026-08-07,Variant,powerup,powerup_2,items,rolling_offer_tier1_p299,purchase,purchase,439,3,0.68,3,,,0.01,1.0
2026-08-07,Variant,powerup,powerup_2,items,FlockRush,event_reward,meta,439,3,0.68,3,,,0.01,1.0
2026-08-07,Variant,powerup,powerup_2,items,rolling_offer_tier1_p199_tier3,purchase,purchase,439,2,0.46,2,,,0.0,1.0
2026-08-07,Variant,powerup,powerup_2,items,bundle_7_with_prelevel_boosters,purchase,purchase,439,2,0.46,2,,,0.0,1.0
2026-08-07,Variant,powerup,powerup_2,items,special_offer9_tier3,purchase,purchase,439,1,0.23,2,,,0.0,2.0
2026-08-07,Variant,powerup,powerup_2,items,special_offer9,purchase,purchase,439,1,0.23,2,,,0.0,2.0
2026-08-07,Variant,powerup,powerup_2,items,bundle_1_with_prelevel_boosters_tier3,purchase,purchase,439,1,0.23,2,,,0.0,2.0
2026-08-07,Variant,powerup,powerup_2,items,bundle_7_with_prelevel_boosters2,purchase,purchase,439,1,0.23,1,,,0.0,1.0
2026-08-07,Variant,powerup,powerup_2,items,bundle_1_with_prelevel_boosters,purchase,purchase,439,1,0.23,1,,,0.0,1.0
2026-08-07,Variant,powerup,powerup_2,items,bundle_2_with_prelevel_boosters,purchase,purchase,439,1,0.23,1,,,0.0,1.0
2026-08-07,Variant,powerup,powerup_2,items,rolling_offer_tier1_p299_tier3,purchase,purchase,439,1,0.23,1,,,0.0,1.0
2026-08-07,Variant,powerup,powerup_2,items,season_pass_event,reward_event,meta,439,1,0.23,1,,,0.0,1.0
2026-08-07,Variant,powerup,powerup_2,items,bundle_7_with_prelevel_boosters_tier3,purchase,purchase,439,1,0.23,1,,,0.0,1.0
2026-08-07,Variant,powerup,powerup_2,items,team_versus,reward_event,meta,439,1,0.23,1,,,0.0,1.0
2026-08-07,Variant,powerup,powerup_3,items,player_level_up,reward_chest,core,439,361,82.23,744,,,1.69,2.06
2026-08-07,Variant,powerup,powerup_3,items,saga_progression,chapter_complete,core,439,396,90.21,550,,,1.25,1.39
2026-08-07,Variant,powerup,powerup_3,items,Rainbow Maker,reward_event,meta,439,24,5.47,244,,,0.56,10.17
2026-08-07,Variant,powerup,powerup_3,items,team_collection,reward_event,meta,439,76,17.31,154,,,0.35,2.03
2026-08-07,Variant,powerup,powerup_3,items,chuck_event,reward_event,meta,439,124,28.25,130,,,0.3,1.05
2026-08-07,Variant,powerup,powerup_3,items,dream_pass_event,reward_event,meta,439,89,20.27,105,,,0.24,1.18
2026-08-07,Variant,powerup,powerup_3,items,race_event,reward_event,meta,439,84,19.13,84,,,0.19,1.0
2026-08-07,Variant,powerup,powerup_3,items,facebook_like,facebook_like,other,439,22,5.01,58,,,0.13,2.64
2026-08-07,Variant,powerup,powerup_3,items,reward_chest,reward_chest,other,439,28,6.38,57,,,0.13,2.04
2026-08-07,Variant,powerup,powerup_3,items,ad_chest,ad_chest,ads,439,35,7.97,42,,,0.1,1.2
2026-08-07,Variant,powerup,powerup_3,items,daily_reward,daily_reward,core,439,41,9.34,42,,,0.1,1.02
2026-08-07,Variant,powerup,powerup_3,items,Hatchling Hideaway,event_reward,meta,439,42,9.57,42,,,0.1,1.0
2026-08-07,Variant,powerup,powerup_3,items,offer_free_items,rolling_offer,meta,439,3,0.68,4,,,0.01,1.33
2026-08-07,Variant,powerup,powerup_3,items,rolling_offer_tier1_p299,purchase,purchase,439,3,0.68,3,,,0.01,1.0
2026-08-07,Variant,powerup,powerup_3,items,ingame,purchase,purchase,439,1,0.23,3,,,0.01,3.0
2026-08-07,Variant,powerup,powerup_3,items,rolling_offer_tier1_p199_tier3,purchase,purchase,439,2,0.46,2,,,0.0,1.0
2026-08-07,Variant,powerup,powerup_3,items,special_offer9,purchase,purchase,439,1,0.23,2,,,0.0,2.0
2026-08-07,Variant,powerup,powerup_3,items,bundle_1_with_prelevel_boosters_tier3,purchase,purchase,439,1,0.23,2,,,0.0,2.0
2026-08-07,Variant,powerup,powerup_3,items,bundle_7_with_prelevel_boosters,purchase,purchase,439,2,0.46,2,,,0.0,1.0
2026-08-07,Variant,powerup,powerup_3,items,special_offer9_tier3,purchase,purchase,439,1,0.23,2,,,0.0,2.0
2026-08-07,Variant,powerup,powerup_3,items,bomb_event,reward_event,meta,439,1,0.23,1,,,0.0,1.0
2026-08-07,Variant,powerup,powerup_3,items,team_versus,reward_event,meta,439,1,0.23,1,,,0.0,1.0
2026-08-07,Variant,powerup,powerup_3,items,bundle_7_with_prelevel_boosters_tier3,purchase,purchase,439,1,0.23,1,,,0.0,1.0
2026-08-07,Variant,powerup,powerup_3,items,rolling_offer_tier1_p299_tier3,purchase,purchase,439,1,0.23,1,,,0.0,1.0
2026-08-07,Variant,powerup,powerup_3,items,red_event,reward_event,meta,439,1,0.23,1,,,0.0,1.0
2026-08-07,Variant,powerup,powerup_3,items,bundle_7_with_prelevel_boosters2,purchase,purchase,439,1,0.23,1,,,0.0,1.0
2026-08-07,Variant,powerup,powerup_3,items,bundle_1_with_prelevel_boosters,purchase,purchase,439,1,0.23,1,,,0.0,1.0
2026-08-07,Variant,powerup,powerup_3,items,bundle_2_with_prelevel_boosters,purchase,purchase,439,1,0.23,1,,,0.0,1.0
2026-08-07,Variant,pre_level_booster,pre_level_booster_1,items,saga_progression,chapter_complete,core,439,393,89.52,599,,,1.36,1.52
2026-08-07,Variant,pre_level_booster,pre_level_booster_1,items,offer_free_items,rolling_offer,meta,439,344,78.36,370,,,0.84,1.08
2026-08-07,Variant,pre_level_booster,pre_level_booster_1,items,dream_pass_event,reward_event,meta,439,119,27.11,326,,,0.74,2.74
2026-08-07,Variant,pre_level_booster,pre_level_booster_1,items,Jigsaw,reward_event,meta,439,267,60.82,270,,,0.62,1.01
2026-08-07,Variant,pre_level_booster,pre_level_booster_1,items,dreamheist_event,reward_event,meta,439,250,56.95,255,,,0.58,1.02
2026-08-07,Variant,pre_level_booster,pre_level_booster_1,items,player_level_up,reward_chest,core,439,233,53.08,251,,,0.57,1.08
2026-08-07,Variant,pre_level_booster,pre_level_booster_1,items,Hatchling Hideaway,event_reward,meta,439,46,10.48,46,,,0.1,1.0
2026-08-07,Variant,pre_level_booster,pre_level_booster_1,items,reward_chest,reward_chest,other,439,26,5.92,29,,,0.07,1.12
2026-08-07,Variant,pre_level_booster,pre_level_booster_1,items,Rainbow Maker,reward_event,meta,439,10,2.28,14,,,0.03,1.4
2026-08-07,Variant,pre_level_booster,pre_level_booster_1,items,race_event,reward_event,meta,439,6,1.37,6,,,0.01,1.0
2026-08-07,Variant,pre_level_booster,pre_level_booster_1,items,FlockRush,event_reward,meta,439,3,0.68,3,,,0.01,1.0
2026-08-07,Variant,pre_level_booster,pre_level_booster_1,items,rolling_offer_tier1_p299,purchase,purchase,439,3,0.68,3,,,0.01,1.0
2026-08-07,Variant,pre_level_booster,pre_level_booster_1,items,rolling_offer_tier1_p199_tier3,purchase,purchase,439,2,0.46,2,,,0.0,1.0
2026-08-07,Variant,pre_level_booster,pre_level_booster_1,items,bundle_1_with_prelevel_boosters_tier3,purchase,purchase,439,1,0.23,2,,,0.0,2.0
2026-08-07,Variant,pre_level_booster,pre_level_booster_1,items,bundle_7_with_prelevel_boosters,purchase,purchase,439,2,0.46,2,,,0.0,1.0
2026-08-07,Variant,pre_level_booster,pre_level_booster_1,items,bundle_7_with_prelevel_boosters2,purchase,purchase,439,1,0.23,1,,,0.0,1.0
2026-08-07,Variant,pre_level_booster,pre_level_booster_1,items,season_pass_event,reward_event,meta,439,1,0.23,1,,,0.0,1.0
2026-08-07,Variant,pre_level_booster,pre_level_booster_1,items,bundle_2_with_prelevel_boosters,purchase,purchase,439,1,0.23,1,,,0.0,1.0
2026-08-07,Variant,pre_level_booster,pre_level_booster_1,items,bundle_7_with_prelevel_boosters_tier3,purchase,purchase,439,1,0.23,1,,,0.0,1.0
2026-08-07,Variant,pre_level_booster,pre_level_booster_1,items,rolling_offer_tier1_p299_tier3,purchase,purchase,439,1,0.23,1,,,0.0,1.0
2026-08-07,Variant,pre_level_booster,pre_level_booster_1,items,bundle_1_with_prelevel_boosters,purchase,purchase,439,1,0.23,1,,,0.0,1.0
2026-08-07,Variant,pre_level_booster,pre_level_booster_2,items,player_level_up,reward_chest,core,439,234,53.3,566,,,1.29,2.42
2026-08-07,Variant,pre_level_booster,pre_level_booster_2,items,saga_progression,chapter_complete,core,439,390,88.84,550,,,1.25,1.41
2026-08-07,Variant,pre_level_booster,pre_level_booster_2,items,Jigsaw,reward_event,meta,439,357,81.32,358,,,0.82,1.0
2026-08-07,Variant,pre_level_booster,pre_level_booster_2,items,dream_pass_event,reward_event,meta,439,139,31.66,352,,,0.8,2.53
2026-08-07,Variant,pre_level_booster,pre_level_booster_2,items,offer_free_items,rolling_offer,meta,439,330,75.17,349,,,0.79,1.06
2026-08-07,Variant,pre_level_booster,pre_level_booster_2,items,dreamheist_event,reward_event,meta,439,180,41.0,187,,,0.43,1.04
2026-08-07,Variant,pre_level_booster,pre_level_booster_2,items,Hatchling Hideaway,event_reward,meta,439,41,9.34,41,,,0.09,1.0
2026-08-07,Variant,pre_level_booster,pre_level_booster_2,items,reward_chest,reward_chest,other,439,26,5.92,29,,,0.07,1.12
2026-08-07,Variant,pre_level_booster,pre_level_booster_2,items,Rainbow Maker,reward_event,meta,439,10,2.28,22,,,0.05,2.2
2026-08-07,Variant,pre_level_booster,pre_level_booster_2,items,race_event,reward_event,meta,439,21,4.78,21,,,0.05,1.0
2026-08-07,Variant,pre_level_booster,pre_level_booster_2,items,ad_chest,ad_chest,ads,439,3,0.68,4,,,0.01,1.33
2026-08-07,Variant,pre_level_booster,pre_level_booster_2,items,rolling_offer_tier1_p299,purchase,purchase,439,3,0.68,3,,,0.01,1.0
2026-08-07,Variant,pre_level_booster,pre_level_booster_2,items,FlockRush,event_reward,meta,439,3,0.68,3,,,0.01,1.0
2026-08-07,Variant,pre_level_booster,pre_level_booster_2,items,season_pass_event,reward_event,meta,439,2,0.46,3,,,0.01,1.5
2026-08-07,Variant,pre_level_booster,pre_level_booster_2,items,rolling_offer_tier1_p199_tier3,purchase,purchase,439,2,0.46,2,,,0.0,1.0
2026-08-07,Variant,pre_level_booster,pre_level_booster_2,items,bundle_1_with_prelevel_boosters_tier3,purchase,purchase,439,1,0.23,2,,,0.0,2.0
2026-08-07,Variant,pre_level_booster,pre_level_booster_2,items,bundle_7_with_prelevel_boosters,purchase,purchase,439,2,0.46,2,,,0.0,1.0
2026-08-07,Variant,pre_level_booster,pre_level_booster_2,items,bundle_2_with_prelevel_boosters,purchase,purchase,439,1,0.23,1,,,0.0,1.0
2026-08-07,Variant,pre_level_booster,pre_level_booster_2,items,rolling_offer_tier1_p299_tier3,purchase,purchase,439,1,0.23,1,,,0.0,1.0
2026-08-07,Variant,pre_level_booster,pre_level_booster_2,items,bundle_7_with_prelevel_boosters_tier3,purchase,purchase,439,1,0.23,1,,,0.0,1.0
2026-08-07,Variant,pre_level_booster,pre_level_booster_2,items,bundle_1_with_prelevel_boosters,purchase,purchase,439,1,0.23,1,,,0.0,1.0
2026-08-07,Variant,pre_level_booster,pre_level_booster_2,items,bundle_7_with_prelevel_boosters2,purchase,purchase,439,1,0.23,1,,,0.0,1.0
2026-08-07,Variant,pre_level_booster,pre_level_booster_3,items,saga_progression,chapter_complete,core,439,401,91.34,551,,,1.26,1.37
2026-08-07,Variant,pre_level_booster,pre_level_booster_3,items,player_level_up,reward_chest,core,439,251,57.18,482,,,1.1,1.92
2026-08-07,Variant,pre_level_booster,pre_level_booster_3,items,offer_free_items,rolling_offer,meta,439,329,74.94,351,,,0.8,1.07
2026-08-07,Variant,pre_level_booster,pre_level_booster_3,items,dream_pass_event,reward_event,meta,439,62,14.12,83,,,0.19,1.34
2026-08-07,Variant,pre_level_booster,pre_level_booster_3,items,race_event,reward_event,meta,439,64,14.58,64,,,0.15,1.0
2026-08-07,Variant,pre_level_booster,pre_level_booster_3,items,Hatchling Hideaway,event_reward,meta,439,38,8.66,38,,,0.09,1.0
2026-08-07,Variant,pre_level_booster,pre_level_booster_3,items,Rainbow Maker,reward_event,meta,439,15,3.42,29,,,0.07,1.93
2026-08-07,Variant,pre_level_booster,pre_level_booster_3,items,reward_chest,reward_chest,other,439,26,5.92,29,,,0.07,1.12
2026-08-07,Variant,pre_level_booster,pre_level_booster_3,items,Jigsaw,reward_event,meta,439,29,6.61,29,,,0.07,1.0
2026-08-07,Variant,pre_level_booster,pre_level_booster_3,items,rolling_offer_tier1_p299,purchase,purchase,439,3,0.68,3,,,0.01,1.0
2026-08-07,Variant,pre_level_booster,pre_level_booster_3,items,ingame,purchase,purchase,439,1,0.23,3,,,0.01,3.0
2026-08-07,Variant,pre_level_booster,pre_level_booster_3,items,FlockRush,event_reward,meta,439,3,0.68,3,,,0.01,1.0
2026-08-07,Variant,pre_level_booster,pre_level_booster_3,items,bundle_1_with_prelevel_boosters_tier3,purchase,purchase,439,1,0.23,2,,,0.0,2.0
2026-08-07,Variant,pre_level_booster,pre_level_booster_3,items,bundle_7_with_prelevel_boosters,purchase,purchase,439,2,0.46,2,,,0.0,1.0
2026-08-07,Variant,pre_level_booster,pre_level_booster_3,items,rolling_offer_tier1_p199_tier3,purchase,purchase,439,2,0.46,2,,,0.0,1.0
2026-08-07,Variant,pre_level_booster,pre_level_booster_3,items,bundle_1_with_prelevel_boosters,purchase,purchase,439,1,0.23,1,,,0.0,1.0
2026-08-07,Variant,pre_level_booster,pre_level_booster_3,items,ad_chest,ad_chest,ads,439,1,0.23,1,,,0.0,1.0
2026-08-07,Variant,pre_level_booster,pre_level_booster_3,items,bundle_2_with_prelevel_boosters,purchase,purchase,439,1,0.23,1,,,0.0,1.0
2026-08-07,Variant,pre_level_booster,pre_level_booster_3,items,bundle_7_with_prelevel_boosters_tier3,purchase,purchase,439,1,0.23,1,,,0.0,1.0
2026-08-07,Variant,pre_level_booster,pre_level_booster_3,items,team_versus_contribution,reward_event,meta,439,1,0.23,1,,,0.0,1.0
2026-08-07,Variant,pre_level_booster,pre_level_booster_3,items,bundle_7_with_prelevel_boosters2,purchase,purchase,439,1,0.23,1,,,0.0,1.0
2026-08-07,Variant,pre_level_booster,pre_level_booster_3,items,rolling_offer_tier1_p299_tier3,purchase,purchase,439,1,0.23,1,,,0.0,1.0
2026-08-07,Variant,season_pass_multiplier_2x,SeasonPassMultiplier2x,minutes,Rainbow Maker,reward_event,meta,439,10,2.28,130,,,0.3,13.0
2026-08-07,Variant,season_pass_tokens,SeasonPassToken,items,season_pass_event,event_reward,meta,439,1,0.23,10,,,0.02,10.0
2026-08-07,Variant,ul_pre_booster,UnlimitedBooster1,minutes,Jigsaw,reward_event,meta,439,341,77.68,5850,,,13.33,17.16
2026-08-07,Variant,ul_pre_booster,UnlimitedBooster1,minutes,dream_pass_event,reward_event,meta,439,129,29.38,2430,,,5.54,18.84
2026-08-07,Variant,ul_pre_booster,UnlimitedBooster1,minutes,daily_reward,daily_reward,core,439,9,2.05,540,,,1.23,60.0
2026-08-07,Variant,ul_pre_booster,UnlimitedBooster1,minutes,Hatchling Hideaway,event_reward,meta,439,42,9.57,420,,,0.96,10.0
2026-08-07,Variant,ul_pre_booster,UnlimitedBooster1,minutes,SeasonPassHoliday,reward_event,meta,439,1,0.23,65,,,0.15,65.0
2026-08-07,Variant,ul_pre_booster,UnlimitedBooster1,minutes,Hard_Level_Offer1,purchase,purchase,439,3,0.68,60,,,0.14,20.0
2026-08-07,Variant,ul_pre_booster,UnlimitedBooster1,minutes,season_pass_event,reward_event,meta,439,2,0.46,45,,,0.1,22.5
2026-08-07,Variant,ul_pre_booster,UnlimitedBooster1,minutes,Hard_level_offer1_tier3,purchase,purchase,439,2,0.46,40,,,0.09,20.0
2026-08-07,Variant,ul_pre_booster,UnlimitedBooster1,minutes,gift,gift,other,439,1,0.23,30,,,0.07,30.0
2026-08-07,Variant,ul_pre_booster,UnlimitedBooster1,minutes,Rainbow Maker,reward_event,meta,439,2,0.46,20,,,0.05,10.0
2026-08-07,Variant,ul_pre_booster,UnlimitedBooster2,minutes,Jigsaw,reward_event,meta,439,332,75.63,4315,,,9.83,13.0
2026-08-07,Variant,ul_pre_booster,UnlimitedBooster2,minutes,dream_pass_event,reward_event,meta,439,77,17.54,1215,,,2.77,15.78
2026-08-07,Variant,ul_pre_booster,UnlimitedBooster2,minutes,Hatchling Hideaway,event_reward,meta,439,31,7.06,310,,,0.71,10.0
2026-08-07,Variant,ul_pre_booster,UnlimitedBooster2,minutes,daily_reward,daily_reward,core,439,4,0.91,240,,,0.55,60.0
2026-08-07,Variant,ul_pre_booster,UnlimitedBooster2,minutes,Hard_Level_Offer1,purchase,purchase,439,3,0.68,60,,,0.14,20.0
2026-08-07,Variant,ul_pre_booster,UnlimitedBooster2,minutes,Rainbow Maker,reward_event,meta,439,3,0.68,50,,,0.11,16.67
2026-08-07,Variant,ul_pre_booster,UnlimitedBooster2,minutes,Hard_level_offer1_tier3,purchase,purchase,439,2,0.46,40,,,0.09,20.0
2026-08-07,Variant,ul_pre_booster,UnlimitedBooster2,minutes,SeasonPassHoliday,reward_event,meta,439,1,0.23,30,,,0.07,30.0
2026-08-07,Variant,ul_pre_booster,UnlimitedBooster2,minutes,gift,gift,other,439,1,0.23,30,,,0.07,30.0
2026-08-07,Variant,ul_pre_booster,UnlimitedBooster2,minutes,season_pass_event,reward_event,meta,439,1,0.23,15,,,0.03,15.0
2026-08-07,Variant,ul_pre_booster,UnlimitedBooster3,minutes,Jigsaw,reward_event,meta,439,267,60.82,3135,,,7.14,11.74
2026-08-07,Variant,ul_pre_booster,UnlimitedBooster3,minutes,daily_reward,daily_reward,core,439,7,1.59,210,,,0.48,30.0
2026-08-07,Variant,ul_pre_booster,UnlimitedBooster3,minutes,Hard_Level_Offer1,purchase,purchase,439,3,0.68,60,,,0.14,20.0
2026-08-07,Variant,ul_pre_booster,UnlimitedBooster3,minutes,Hard_level_offer1_tier3,purchase,purchase,439,2,0.46,40,,,0.09,20.0
2026-08-07,Variant,ul_pre_booster,UnlimitedBooster3,minutes,gift,gift,other,439,1,0.23,30,,,0.07,30.0
2026-08-07,Variant,ul_pre_booster,UnlimitedBooster3,minutes,SeasonPassHoliday,reward_event,meta,439,1,0.23,10,,,0.02,10.0
2026-08-07,Variant,unlimited_lives,UnlimitedLives,minutes,saga_progression,chapter_complete,core,439,435,99.09,147655,,,336.34,339.44
2026-08-07,Variant,unlimited_lives,UnlimitedLives,minutes,player_level_up,reward_chest,core,439,390,88.84,44190,,,100.66,113.31
2026-08-07,Variant,unlimited_lives,UnlimitedLives,minutes,Jigsaw,reward_event,meta,439,315,71.75,24810,,,56.51,78.76
2026-08-07,Variant,unlimited_lives,UnlimitedLives,minutes,dreamheist_event,reward_event,meta,439,323,73.58,11560,,,26.33,35.79
2026-08-07,Variant,unlimited_lives,UnlimitedLives,minutes,dream_pass_event,reward_event,meta,439,128,29.16,9675,,,22.04,75.59
2026-08-07,Variant,unlimited_lives,UnlimitedLives,minutes,kite_festival_event,reward_event,meta,439,264,60.14,7920,,,18.04,30.0
2026-08-07,Variant,unlimited_lives,UnlimitedLives,minutes,ArcheryArena,reward_event,meta,439,187,42.6,5820,,,13.26,31.12
2026-08-07,Variant,unlimited_lives,UnlimitedLives,minutes,daily_reward,daily_reward,core,439,156,35.54,5430,,,12.37,34.81
2026-08-07,Variant,unlimited_lives,UnlimitedLives,minutes,Hatchling Hideaway,event_reward,meta,439,53,12.07,3900,,,8.88,73.58
2026-08-07,Variant,unlimited_lives,UnlimitedLives,minutes,reward_chest,reward_chest,other,439,26,5.92,870,,,1.98,33.46
2026-08-07,Variant,unlimited_lives,UnlimitedLives,minutes,ad_chest,ad_chest,ads,439,44,10.02,660,,,1.5,15.0
2026-08-07,Variant,unlimited_lives,UnlimitedLives,minutes,Rainbow Maker,reward_event,meta,439,15,3.42,650,,,1.48,43.33
2026-08-07,Variant,unlimited_lives,UnlimitedLives,minutes,offer_free_items,rolling_offer,meta,439,9,2.05,415,,,0.95,46.11
2026-08-07,Variant,unlimited_lives,UnlimitedLives,minutes,season_pass_event,reward_event,meta,439,2,0.46,330,,,0.75,165.0
2026-08-07,Variant,unlimited_lives,UnlimitedLives,minutes,race_event,reward_event,meta,439,3,0.68,150,,,0.34,50.0
2026-08-07,Variant,unlimited_lives,UnlimitedLives,minutes,rolling_offer_p049_tier3,purchase,purchase,439,2,0.46,90,,,0.21,45.0
2026-08-07,Variant,unlimited_lives,UnlimitedLives,minutes,FlockRush,event_reward,meta,439,1,0.23,60,,,0.14,60.0
2026-08-07,Variant,unlimited_lives,UnlimitedLives,minutes,Hard_Level_Offer1,purchase,purchase,439,3,0.68,60,,,0.14,20.0
2026-08-07,Variant,unlimited_lives,UnlimitedLives,minutes,rolling_offer_p099_VarA,purchase,purchase,439,1,0.23,45,,,0.1,45.0
2026-08-07,Variant,unlimited_lives,UnlimitedLives,minutes,Hard_level_offer1_tier3,purchase,purchase,439,2,0.46,40,,,0.09,20.0
2026-08-07,Variant,unlimited_lives,UnlimitedLives,minutes,gift,gift,other,439,1,0.23,30,,,0.07,30.0
2026-08-07,Variant,unlimited_lives,UnlimitedLives,minutes,rolling_offer_tier1_p299_tier3,purchase,purchase,439,1,0.23,30,,,0.07,30.0
2026-08-07,Variant,unlimited_lives,UnlimitedLives,minutes,SeasonPassHoliday,reward_event,meta,439,1,0.23,30,,,0.07,30.0
2026-08-08,Control,Avatar,Avatar,items,saga_progression,chapter_complete,core,497,324,65.19,1125,,,2.26,3.47
2026-08-08,Control,currency,HardCoin,coins,saga_progression,chapter_complete,core,497,489,98.39,128140,128140,0,257.83,262.04
2026-08-08,Control,currency,HardCoin,coins,player_level_up,reward_chest,core,497,467,93.96,92380,92380,0,185.88,197.82
2026-08-08,Control,currency,HardCoin,coins,bomb_event,reward_event,meta,497,253,50.91,39450,39450,0,79.38,155.93
2026-08-08,Control,currency,HardCoin,coins,race_event,reward_event,meta,497,274,55.13,19450,19450,0,39.13,70.99
2026-08-08,Control,currency,HardCoin,coins,Hatchling Hideaway,event_reward,meta,497,256,51.51,12295,12295,0,24.74,48.03
2026-08-08,Control,currency,HardCoin,coins,dream_pass_event,reward_event,meta,497,179,36.02,10255,10255,0,20.63,57.29
2026-08-08,Control,currency,HardCoin,coins,daily_reward,daily_reward,core,497,290,58.35,9365,9365,0,18.84,32.29
2026-08-08,Control,currency,HardCoin,coins,xs_coins_tier3,purchase,purchase,497,9,1.81,4350,0,4350,8.75,483.33
2026-08-08,Control,currency,HardCoin,coins,reward_chest,reward_chest,other,497,34,6.84,3400,3400,0,6.84,100.0
2026-08-08,Control,currency,HardCoin,coins,m_coins_tier3,purchase,purchase,497,1,0.2,3000,0,3000,6.04,3000.0
2026-08-08,Control,currency,HardCoin,coins,ad_chest,ad_chest,ads,497,109,21.93,2705,2705,0,5.44,24.82
2026-08-08,Control,currency,HardCoin,coins,facebook_like,facebook_like,other,497,21,4.23,2600,2600,0,5.23,123.81
2026-08-08,Control,currency,HardCoin,coins,xs_coins2,purchase,purchase,497,5,1.01,2100,0,2100,4.23,420.0
2026-08-08,Control,currency,HardCoin,coins,rolling_offer_p349_tier3,purchase,purchase,497,3,0.6,1650,0,1650,3.32,550.0
2026-08-08,Control,currency,HardCoin,coins,team_collection,reward_event,meta,497,10,2.01,1430,1430,0,2.88,143.0
2026-08-08,Control,currency,HardCoin,coins,bundle_1_with_prelevel_boosters_tier3,purchase,purchase,497,1,0.2,1400,0,1400,2.82,1400.0
2026-08-08,Control,currency,HardCoin,coins,kite_festival_event,reward_event,meta,497,5,1.01,1300,1300,0,2.62,260.0
2026-08-08,Control,currency,HardCoin,coins,s_coins_tier3,purchase,purchase,497,2,0.4,1000,0,1000,2.01,500.0
2026-08-08,Control,currency,HardCoin,coins,bundle_2_with_prelevel_boosters_tier3,purchase,purchase,497,1,0.2,1000,0,1000,2.01,1000.0
2026-08-08,Control,currency,HardCoin,coins,bundle_3_with_prelevel_boosters_tier3,purchase,purchase,497,1,0.2,1000,0,1000,2.01,1000.0
2026-08-08,Control,currency,HardCoin,coins,special_offer1,purchase,purchase,497,3,0.6,900,0,900,1.81,300.0
2026-08-08,Control,currency,HardCoin,coins,rolling_offer_tier1_p499_VarA,purchase,purchase,497,3,0.6,900,0,900,1.81,300.0
2026-08-08,Control,currency,HardCoin,coins,rolling_offer_tier1_p199_tier3,purchase,purchase,497,4,0.8,800,0,800,1.61,200.0
2026-08-08,Control,currency,HardCoin,coins,rolling_offer_tier1_p299_tier3,purchase,purchase,497,2,0.4,800,0,800,1.61,400.0
2026-08-08,Control,currency,HardCoin,coins,Hard_level_offer1_tier3,purchase,purchase,497,6,1.21,600,0,600,1.21,100.0
2026-08-08,Control,currency,HardCoin,coins,ArcheryArena,reward_event,meta,497,3,0.6,600,600,0,1.21,200.0
2026-08-08,Control,currency,HardCoin,coins,red_event,reward_event,meta,497,2,0.4,600,600,0,1.21,300.0
2026-08-08,Control,currency,HardCoin,coins,offer_free_items,rolling_offer,meta,497,5,1.01,550,550,0,1.11,110.0
2026-08-08,Control,currency,HardCoin,coins,Hard_Level_Offer1,purchase,purchase,497,5,1.01,500,0,500,1.01,100.0
2026-08-08,Control,currency,HardCoin,coins,rolling_offer_p799_VarA,purchase,purchase,497,1,0.2,500,0,500,1.01,500.0
2026-08-08,Control,currency,HardCoin,coins,special_offer10_tier3,purchase,purchase,497,1,0.2,500,0,500,1.01,500.0
2026-08-08,Control,currency,HardCoin,coins,heart_gift,heart_gift,other,497,95,19.11,331,331,0,0.67,3.48
2026-08-08,Control,currency,HardCoin,coins,special_offer1_tier3,purchase,purchase,497,1,0.2,300,0,300,0.6,300.0
2026-08-08,Control,currency,HardCoin,coins,bundle_7_with_prelevel_boosters_tier3,purchase,purchase,497,2,0.4,300,0,300,0.6,150.0
2026-08-08,Control,currency,HardCoin,coins,bundle_1_with_prelevel_boosters,purchase,purchase,497,1,0.2,200,0,200,0.4,200.0
2026-08-08,Control,currency,HardCoin,coins,rolling_offer_p049_tier3,purchase,purchase,497,1,0.2,150,0,150,0.3,150.0
2026-08-08,Control,currency,HardCoin,coins,Jigsaw,reward_event,meta,497,3,0.6,100,100,0,0.2,33.33
2026-08-08,Control,currency,HardCoin,coins,great_offer1_199_tier3,purchase,purchase,497,1,0.2,100,0,100,0.2,100.0
2026-08-08,Control,currency,HardCoin,coins,team_versus_contribution,reward_event,meta,497,1,0.2,70,70,0,0.14,70.0
2026-08-08,Control,dream_pass_tokens,DreamPassToken,items,race_event,reward_event,meta,497,331,66.6,16555,,,33.31,50.02
2026-08-08,Control,dream_pass_tokens,DreamPassToken,items,offer_free_items,rolling_offer,meta,497,155,31.19,8620,,,17.34,55.61
2026-08-08,Control,dream_pass_tokens,DreamPassToken,items,kite_festival_event,reward_event,meta,497,5,1.01,1840,,,3.7,368.0
2026-08-08,Control,dream_pass_tokens,DreamPassToken,items,FlockRush,event_reward,meta,497,2,0.4,40,,,0.08,20.0
2026-08-08,Control,life,life,items,ask_for_lives,ask_for_lives,other,497,44,8.85,218,,,0.44,4.95
2026-08-08,Control,life,life,items,ad_life,ad_life,ads,497,24,4.83,44,,,0.09,1.83
2026-08-08,Control,life,liferefill,items,coin_purchase,coin_purchase,other,497,48,9.66,435,,,0.88,9.06
2026-08-08,Control,orb,Reds_Greatest_Challenge,items,dream_pass_event,reward_event,meta,497,43,8.65,43,,,0.09,1.0
2026-08-08,Control,powerup,powerup_1,items,saga_progression,chapter_complete,core,497,424,85.31,584,,,1.18,1.38
2026-08-08,Control,powerup,powerup_1,items,player_level_up,reward_chest,core,497,281,56.54,297,,,0.6,1.06
2026-08-08,Control,powerup,powerup_1,items,Hatchling Hideaway,event_reward,meta,497,177,35.61,188,,,0.38,1.06
2026-08-08,Control,powerup,powerup_1,items,bomb_event,reward_event,meta,497,154,30.99,157,,,0.32,1.02
2026-08-08,Control,powerup,powerup_1,items,race_event,reward_event,meta,497,140,28.17,143,,,0.29,1.02
2026-08-08,Control,powerup,powerup_1,items,reward_chest,reward_chest,other,497,34,6.84,34,,,0.07,1.0
2026-08-08,Control,powerup,powerup_1,items,ad_chest,ad_chest,ads,497,24,4.83,25,,,0.05,1.04
2026-08-08,Control,powerup,powerup_1,items,dream_pass_event,reward_event,meta,497,4,0.8,11,,,0.02,2.75
2026-08-08,Control,powerup,powerup_1,items,ingame,purchase,purchase,497,3,0.6,9,,,0.02,3.0
2026-08-08,Control,powerup,powerup_1,items,daily_reward,daily_reward,core,497,7,1.41,7,,,0.01,1.0
2026-08-08,Control,powerup,powerup_1,items,bundle_1_with_prelevel_boosters_tier3,purchase,purchase,497,1,0.2,7,,,0.01,7.0
2026-08-08,Control,powerup,powerup_1,items,team_collection,reward_event,meta,497,4,0.8,5,,,0.01,1.25
2026-08-08,Control,powerup,powerup_1,items,offer_free_items,rolling_offer,meta,497,4,0.8,4,,,0.01,1.0
2026-08-08,Control,powerup,powerup_1,items,rolling_offer_tier1_p199_tier3,purchase,purchase,497,4,0.8,4,,,0.01,1.0
2026-08-08,Control,powerup,powerup_1,items,kite_festival_event,reward_event,meta,497,4,0.8,4,,,0.01,1.0
2026-08-08,Control,powerup,powerup_1,items,rolling_offer_p349_tier3,purchase,purchase,497,3,0.6,3,,,0.01,1.0
2026-08-08,Control,powerup,powerup_1,items,rolling_offer_tier1_p499_VarA,purchase,purchase,497,3,0.6,3,,,0.01,1.0
2026-08-08,Control,powerup,powerup_1,items,ArcheryArena,reward_event,meta,497,3,0.6,3,,,0.01,1.0
2026-08-08,Control,powerup,powerup_1,items,red_event,reward_event,meta,497,2,0.4,3,,,0.01,1.5
2026-08-08,Control,powerup,powerup_1,items,bundle_7_with_prelevel_boosters_tier3,purchase,purchase,497,2,0.4,2,,,0.0,1.0
2026-08-08,Control,powerup,powerup_1,items,rolling_offer_tier1_p299_tier3,purchase,purchase,497,2,0.4,2,,,0.0,1.0
2026-08-08,Control,powerup,powerup_1,items,bundle_3_with_prelevel_boosters_tier3,purchase,purchase,497,1,0.2,2,,,0.0,2.0
2026-08-08,Control,powerup,powerup_1,items,bundle_2_with_prelevel_boosters_tier3,purchase,purchase,497,1,0.2,2,,,0.0,2.0
2026-08-08,Control,powerup,powerup_1,items,team_versus_contribution,reward_event,meta,497,1,0.2,1,,,0.0,1.0
2026-08-08,Control,powerup,powerup_1,items,rolling_offer_p049_tier3,purchase,purchase,497,1,0.2,1,,,0.0,1.0
2026-08-08,Control,powerup,powerup_1,items,rolling_offer_p799_VarA,purchase,purchase,497,1,0.2,1,,,0.0,1.0
2026-08-08,Control,powerup,powerup_1,items,bundle_1_with_prelevel_boosters,purchase,purchase,497,1,0.2,1,,,0.0,1.0
2026-08-08,Control,powerup,powerup_1,items,special_offer10_tier3,purchase,purchase,497,1,0.2,1,,,0.0,1.0
2026-08-08,Control,powerup,powerup_2,items,saga_progression,chapter_complete,core,497,444,89.34,1165,,,2.34,2.62
2026-08-08,Control,powerup,powerup_2,items,player_level_up,reward_chest,core,497,366,73.64,866,,,1.74,2.37
2026-08-08,Control,powerup,powerup_2,items,Hatchling Hideaway,event_reward,meta,497,193,38.83,197,,,0.4,1.02
2026-08-08,Control,powerup,powerup_2,items,daily_reward,daily_reward,core,497,77,15.49,77,,,0.15,1.0
2026-08-08,Control,powerup,powerup_2,items,race_event,reward_event,meta,497,64,12.88,64,,,0.13,1.0
2026-08-08,Control,powerup,powerup_2,items,dream_pass_event,reward_event,meta,497,46,9.26,60,,,0.12,1.3
2026-08-08,Control,powerup,powerup_2,items,ad_chest,ad_chest,ads,497,43,8.65,48,,,0.1,1.12
2026-08-08,Control,powerup,powerup_2,items,reward_chest,reward_chest,other,497,34,6.84,34,,,0.07,1.0
2026-08-08,Control,powerup,powerup_2,items,ingame,purchase,purchase,497,5,1.01,33,,,0.07,6.6
2026-08-08,Control,powerup,powerup_2,items,bomb_event,reward_event,meta,497,31,6.24,32,,,0.06,1.03
2026-08-08,Control,powerup,powerup_2,items,offer_free_items,rolling_offer,meta,497,10,2.01,17,,,0.03,1.7
2026-08-08,Control,powerup,powerup_2,items,team_collection,reward_event,meta,497,5,1.01,11,,,0.02,2.2
2026-08-08,Control,powerup,powerup_2,items,bundle_1_with_prelevel_boosters_tier3,purchase,purchase,497,1,0.2,7,,,0.01,7.0
2026-08-08,Control,powerup,powerup_2,items,rolling_offer_tier1_p199_tier3,purchase,purchase,497,4,0.8,4,,,0.01,1.0
2026-08-08,Control,powerup,powerup_2,items,special_offer10_tier3,purchase,purchase,497,1,0.2,3,,,0.01,3.0
2026-08-08,Control,powerup,powerup_2,items,rolling_offer_p349_tier3,purchase,purchase,497,3,0.6,3,,,0.01,1.0
2026-08-08,Control,powerup,powerup_2,items,rolling_offer_tier1_p499_VarA,purchase,purchase,497,3,0.6,3,,,0.01,1.0
2026-08-08,Control,powerup,powerup_2,items,bundle_7_with_prelevel_boosters_tier3,purchase,purchase,497,2,0.4,2,,,0.0,1.0
2026-08-08,Control,powerup,powerup_2,items,bundle_2_with_prelevel_boosters_tier3,purchase,purchase,497,1,0.2,2,,,0.0,2.0
2026-08-08,Control,powerup,powerup_2,items,rolling_offer_tier1_p299_tier3,purchase,purchase,497,2,0.4,2,,,0.0,1.0
2026-08-08,Control,powerup,powerup_2,items,bundle_3_with_prelevel_boosters_tier3,purchase,purchase,497,1,0.2,2,,,0.0,2.0
2026-08-08,Control,powerup,powerup_2,items,FlockRush,event_reward,meta,497,2,0.4,2,,,0.0,1.0
2026-08-08,Control,powerup,powerup_2,items,rolling_offer_p799_VarA,purchase,purchase,497,1,0.2,1,,,0.0,1.0
2026-08-08,Control,powerup,powerup_2,items,bundle_1_with_prelevel_boosters,purchase,purchase,497,1,0.2,1,,,0.0,1.0
2026-08-08,Control,powerup,powerup_2,items,single_collection,reward_event,meta,497,1,0.2,1,,,0.0,1.0
2026-08-08,Control,powerup,powerup_2,items,Jigsaw,reward_event,meta,497,1,0.2,1,,,0.0,1.0
2026-08-08,Control,powerup,powerup_2,items,kite_festival_event,reward_event,meta,497,1,0.2,1,,,0.0,1.0
2026-08-08,Control,powerup,powerup_2,items,ArcheryArena,reward_event,meta,497,1,0.2,1,,,0.0,1.0
2026-08-08,Control,powerup,powerup_2,items,team_versus,reward_event,meta,497,1,0.2,1,,,0.0,1.0
2026-08-08,Control,powerup,powerup_3,items,saga_progression,chapter_complete,core,497,435,87.53,1183,,,2.38,2.72
2026-08-08,Control,powerup,powerup_3,items,player_level_up,reward_chest,core,497,411,82.7,906,,,1.82,2.2
2026-08-08,Control,powerup,powerup_3,items,Hatchling Hideaway,event_reward,meta,497,189,38.03,193,,,0.39,1.02
2026-08-08,Control,powerup,powerup_3,items,dream_pass_event,reward_event,meta,497,133,26.76,155,,,0.31,1.17
2026-08-08,Control,powerup,powerup_3,items,bomb_event,reward_event,meta,497,136,27.36,139,,,0.28,1.02
2026-08-08,Control,powerup,powerup_3,items,race_event,reward_event,meta,497,71,14.29,71,,,0.14,1.0
2026-08-08,Control,powerup,powerup_3,items,facebook_like,facebook_like,other,497,21,4.23,52,,,0.1,2.48
2026-08-08,Control,powerup,powerup_3,items,daily_reward,daily_reward,core,497,48,9.66,49,,,0.1,1.02
2026-08-08,Control,powerup,powerup_3,items,ad_chest,ad_chest,ads,497,42,8.45,46,,,0.09,1.1
2026-08-08,Control,powerup,powerup_3,items,reward_chest,reward_chest,other,497,34,6.84,34,,,0.07,1.0
2026-08-08,Control,powerup,powerup_3,items,offer_free_items,rolling_offer,meta,497,6,1.21,11,,,0.02,1.83
2026-08-08,Control,powerup,powerup_3,items,team_collection,reward_event,meta,497,5,1.01,10,,,0.02,2.0
2026-08-08,Control,powerup,powerup_3,items,ingame,purchase,purchase,497,3,0.6,9,,,0.02,3.0
2026-08-08,Control,powerup,powerup_3,items,bundle_1_with_prelevel_boosters_tier3,purchase,purchase,497,1,0.2,7,,,0.01,7.0
2026-08-08,Control,powerup,powerup_3,items,rolling_offer_tier1_p199_tier3,purchase,purchase,497,4,0.8,4,,,0.01,1.0
2026-08-08,Control,powerup,powerup_3,items,special_offer10_tier3,purchase,purchase,497,1,0.2,3,,,0.01,3.0
2026-08-08,Control,powerup,powerup_3,items,rolling_offer_p349_tier3,purchase,purchase,497,3,0.6,3,,,0.01,1.0
2026-08-08,Control,powerup,powerup_3,items,rolling_offer_tier1_p499_VarA,purchase,purchase,497,3,0.6,3,,,0.01,1.0
2026-08-08,Control,powerup,powerup_3,items,bundle_3_with_prelevel_boosters_tier3,purchase,purchase,497,1,0.2,2,,,0.0,2.0
2026-08-08,Control,powerup,powerup_3,items,rolling_offer_tier1_p299_tier3,purchase,purchase,497,2,0.4,2,,,0.0,1.0
2026-08-08,Control,powerup,powerup_3,items,bundle_2_with_prelevel_boosters_tier3,purchase,purchase,497,1,0.2,2,,,0.0,2.0
2026-08-08,Control,powerup,powerup_3,items,bundle_7_with_prelevel_boosters_tier3,purchase,purchase,497,2,0.4,2,,,0.0,1.0
2026-08-08,Control,powerup,powerup_3,items,team_versus,reward_event,meta,497,1,0.2,1,,,0.0,1.0
2026-08-08,Control,powerup,powerup_3,items,ArcheryArena,reward_event,meta,497,1,0.2,1,,,0.0,1.0
2026-08-08,Control,powerup,powerup_3,items,rolling_offer_p799_VarA,purchase,purchase,497,1,0.2,1,,,0.0,1.0
2026-08-08,Control,powerup,powerup_3,items,kite_festival_event,reward_event,meta,497,1,0.2,1,,,0.0,1.0
2026-08-08,Control,powerup,powerup_3,items,bundle_1_with_prelevel_boosters,purchase,purchase,497,1,0.2,1,,,0.0,1.0
2026-08-08,Control,pre_level_booster,pre_level_booster_1,items,saga_progression,chapter_complete,core,497,468,94.16,2586,,,5.2,5.53
2026-08-08,Control,pre_level_booster,pre_level_booster_1,items,dream_pass_event,reward_event,meta,497,153,30.78,479,,,0.96,3.13
2026-08-08,Control,pre_level_booster,pre_level_booster_1,items,player_level_up,reward_chest,core,497,270,54.33,288,,,0.58,1.07
2026-08-08,Control,pre_level_booster,pre_level_booster_1,items,Hatchling Hideaway,event_reward,meta,497,180,36.22,184,,,0.37,1.02
2026-08-08,Control,pre_level_booster,pre_level_booster_1,items,offer_free_items,rolling_offer,meta,497,166,33.4,169,,,0.34,1.02
2026-08-08,Control,pre_level_booster,pre_level_booster_1,items,reward_chest,reward_chest,other,497,34,6.84,34,,,0.07,1.0
2026-08-08,Control,pre_level_booster,pre_level_booster_1,items,race_event,reward_event,meta,497,7,1.41,7,,,0.01,1.0
2026-08-08,Control,pre_level_booster,pre_level_booster_1,items,bundle_1_with_prelevel_boosters_tier3,purchase,purchase,497,1,0.2,7,,,0.01,7.0
2026-08-08,Control,pre_level_booster,pre_level_booster_1,items,rolling_offer_tier1_p199_tier3,purchase,purchase,497,4,0.8,4,,,0.01,1.0
2026-08-08,Control,pre_level_booster,pre_level_booster_1,items,Jigsaw,reward_event,meta,497,2,0.4,3,,,0.01,1.5
2026-08-08,Control,pre_level_booster,pre_level_booster_1,items,rolling_offer_p349_tier3,purchase,purchase,497,3,0.6,3,,,0.01,1.0
2026-08-08,Control,pre_level_booster,pre_level_booster_1,items,ad_chest,ad_chest,ads,497,3,0.6,3,,,0.01,1.0
2026-08-08,Control,pre_level_booster,pre_level_booster_1,items,ingame,purchase,purchase,497,1,0.2,3,,,0.01,3.0
2026-08-08,Control,pre_level_booster,pre_level_booster_1,items,bundle_2_with_prelevel_boosters_tier3,purchase,purchase,497,1,0.2,2,,,0.0,2.0
2026-08-08,Control,pre_level_booster,pre_level_booster_1,items,FlockRush,event_reward,meta,497,2,0.4,2,,,0.0,1.0
2026-08-08,Control,pre_level_booster,pre_level_booster_1,items,bundle_7_with_prelevel_boosters_tier3,purchase,purchase,497,2,0.4,2,,,0.0,1.0
2026-08-08,Control,pre_level_booster,pre_level_booster_1,items,rolling_offer_tier1_p299_tier3,purchase,purchase,497,2,0.4,2,,,0.0,1.0
2026-08-08,Control,pre_level_booster,pre_level_booster_1,items,bundle_3_with_prelevel_boosters_tier3,purchase,purchase,497,1,0.2,2,,,0.0,2.0
2026-08-08,Control,pre_level_booster,pre_level_booster_1,items,rolling_offer_p799_VarA,purchase,purchase,497,1,0.2,1,,,0.0,1.0
2026-08-08,Control,pre_level_booster,pre_level_booster_1,items,bundle_1_with_prelevel_boosters,purchase,purchase,497,1,0.2,1,,,0.0,1.0
2026-08-08,Control,pre_level_booster,pre_level_booster_2,items,saga_progression,chapter_complete,core,497,480,96.58,2564,,,5.16,5.34
2026-08-08,Control,pre_level_booster,pre_level_booster_2,items,player_level_up,reward_chest,core,497,294,59.15,806,,,1.62,2.74
2026-08-08,Control,pre_level_booster,pre_level_booster_2,items,dream_pass_event,reward_event,meta,497,173,34.81,480,,,0.97,2.77
2026-08-08,Control,pre_level_booster,pre_level_booster_2,items,Hatchling Hideaway,event_reward,meta,497,177,35.61,182,,,0.37,1.03
2026-08-08,Control,pre_level_booster,pre_level_booster_2,items,offer_free_items,rolling_offer,meta,497,161,32.39,167,,,0.34,1.04
2026-08-08,Control,pre_level_booster,pre_level_booster_2,items,reward_chest,reward_chest,other,497,34,6.84,34,,,0.07,1.0
2026-08-08,Control,pre_level_booster,pre_level_booster_2,items,ingame,purchase,purchase,497,3,0.6,21,,,0.04,7.0
2026-08-08,Control,pre_level_booster,pre_level_booster_2,items,race_event,reward_event,meta,497,15,3.02,15,,,0.03,1.0
2026-08-08,Control,pre_level_booster,pre_level_booster_2,items,bundle_1_with_prelevel_boosters_tier3,purchase,purchase,497,1,0.2,7,,,0.01,7.0
2026-08-08,Control,pre_level_booster,pre_level_booster_2,items,Jigsaw,reward_event,meta,497,3,0.6,4,,,0.01,1.33
2026-08-08,Control,pre_level_booster,pre_level_booster_2,items,rolling_offer_tier1_p199_tier3,purchase,purchase,497,4,0.8,4,,,0.01,1.0
2026-08-08,Control,pre_level_booster,pre_level_booster_2,items,rolling_offer_p349_tier3,purchase,purchase,497,3,0.6,3,,,0.01,1.0
2026-08-08,Control,pre_level_booster,pre_level_booster_2,items,FlockRush,event_reward,meta,497,2,0.4,2,,,0.0,1.0
2026-08-08,Control,pre_level_booster,pre_level_booster_2,items,bundle_2_with_prelevel_boosters_tier3,purchase,purchase,497,1,0.2,2,,,0.0,2.0
2026-08-08,Control,pre_level_booster,pre_level_booster_2,items,rolling_offer_tier1_p299_tier3,purchase,purchase,497,2,0.4,2,,,0.0,1.0
2026-08-08,Control,pre_level_booster,pre_level_booster_2,items,bundle_7_with_prelevel_boosters_tier3,purchase,purchase,497,2,0.4,2,,,0.0,1.0
2026-08-08,Control,pre_level_booster,pre_level_booster_2,items,bundle_3_with_prelevel_boosters_tier3,purchase,purchase,497,1,0.2,2,,,0.0,2.0
2026-08-08,Control,pre_level_booster,pre_level_booster_2,items,ad_chest,ad_chest,ads,497,1,0.2,1,,,0.0,1.0
2026-08-08,Control,pre_level_booster,pre_level_booster_2,items,rolling_offer_p799_VarA,purchase,purchase,497,1,0.2,1,,,0.0,1.0
2026-08-08,Control,pre_level_booster,pre_level_booster_2,items,bundle_1_with_prelevel_boosters,purchase,purchase,497,1,0.2,1,,,0.0,1.0
2026-08-08,Control,pre_level_booster,pre_level_booster_3,items,player_level_up,reward_chest,core,497,272,54.73,607,,,1.22,2.23
2026-08-08,Control,pre_level_booster,pre_level_booster_3,items,saga_progression,chapter_complete,core,497,424,85.31,585,,,1.18,1.38
2026-08-08,Control,pre_level_booster,pre_level_booster_3,items,Hatchling Hideaway,event_reward,meta,497,189,38.03,193,,,0.39,1.02
2026-08-08,Control,pre_level_booster,pre_level_booster_3,items,offer_free_items,rolling_offer,meta,497,161,32.39,166,,,0.33,1.03
2026-08-08,Control,pre_level_booster,pre_level_booster_3,items,ingame,purchase,purchase,497,4,0.8,159,,,0.32,39.75
2026-08-08,Control,pre_level_booster,pre_level_booster_3,items,dream_pass_event,reward_event,meta,497,91,18.31,134,,,0.27,1.47
2026-08-08,Control,pre_level_booster,pre_level_booster_3,items,race_event,reward_event,meta,497,39,7.85,39,,,0.08,1.0
2026-08-08,Control,pre_level_booster,pre_level_booster_3,items,reward_chest,reward_chest,other,497,34,6.84,34,,,0.07,1.0
2026-08-08,Control,pre_level_booster,pre_level_booster_3,items,bundle_1_with_prelevel_boosters_tier3,purchase,purchase,497,1,0.2,7,,,0.01,7.0
2026-08-08,Control,pre_level_booster,pre_level_booster_3,items,rolling_offer_tier1_p199_tier3,purchase,purchase,497,4,0.8,4,,,0.01,1.0
2026-08-08,Control,pre_level_booster,pre_level_booster_3,items,rolling_offer_p349_tier3,purchase,purchase,497,3,0.6,3,,,0.01,1.0
2026-08-08,Control,pre_level_booster,pre_level_booster_3,items,rolling_offer_tier1_p299_tier3,purchase,purchase,497,2,0.4,2,,,0.0,1.0
2026-08-08,Control,pre_level_booster,pre_level_booster_3,items,bundle_7_with_prelevel_boosters_tier3,purchase,purchase,497,2,0.4,2,,,0.0,1.0
2026-08-08,Control,pre_level_booster,pre_level_booster_3,items,FlockRush,event_reward,meta,497,2,0.4,2,,,0.0,1.0
2026-08-08,Control,pre_level_booster,pre_level_booster_3,items,bundle_2_with_prelevel_boosters_tier3,purchase,purchase,497,1,0.2,2,,,0.0,2.0
2026-08-08,Control,pre_level_booster,pre_level_booster_3,items,ad_chest,ad_chest,ads,497,2,0.4,2,,,0.0,1.0
2026-08-08,Control,pre_level_booster,pre_level_booster_3,items,bundle_3_with_prelevel_boosters_tier3,purchase,purchase,497,1,0.2,2,,,0.0,2.0
2026-08-08,Control,pre_level_booster,pre_level_booster_3,items,rolling_offer_p799_VarA,purchase,purchase,497,1,0.2,1,,,0.0,1.0
2026-08-08,Control,pre_level_booster,pre_level_booster_3,items,bundle_1_with_prelevel_boosters,purchase,purchase,497,1,0.2,1,,,0.0,1.0
2026-08-08,Control,pre_level_booster,pre_level_booster_3,items,team_versus_contribution,reward_event,meta,497,1,0.2,1,,,0.0,1.0
2026-08-08,Control,season_pass_multiplier_2x,SeasonPassMultiplier2x,minutes,great_offer1_199_tier3,purchase,purchase,497,1,0.2,360,,,0.72,360.0
2026-08-08,Control,ul_pre_booster,UnlimitedBooster1,minutes,dream_pass_event,reward_event,meta,497,159,31.99,3425,,,6.89,21.54
2026-08-08,Control,ul_pre_booster,UnlimitedBooster1,minutes,Hatchling Hideaway,event_reward,meta,497,193,38.83,1970,,,3.96,10.21
2026-08-08,Control,ul_pre_booster,UnlimitedBooster1,minutes,daily_reward,daily_reward,core,497,10,2.01,600,,,1.21,60.0
2026-08-08,Control,ul_pre_booster,UnlimitedBooster1,minutes,great_offer1_199_tier3,purchase,purchase,497,1,0.2,360,,,0.72,360.0
2026-08-08,Control,ul_pre_booster,UnlimitedBooster1,minutes,Hard_level_offer1_tier3,purchase,purchase,497,6,1.21,120,,,0.24,20.0
2026-08-08,Control,ul_pre_booster,UnlimitedBooster1,minutes,Hard_Level_Offer1,purchase,purchase,497,5,1.01,100,,,0.2,20.0
2026-08-08,Control,ul_pre_booster,UnlimitedBooster1,minutes,Jigsaw,reward_event,meta,497,3,0.6,40,,,0.08,13.33
2026-08-08,Control,ul_pre_booster,UnlimitedBooster2,minutes,dream_pass_event,reward_event,meta,497,118,23.74,1920,,,3.86,16.27
2026-08-08,Control,ul_pre_booster,UnlimitedBooster2,minutes,Hatchling Hideaway,event_reward,meta,497,177,35.61,1880,,,3.78,10.62
2026-08-08,Control,ul_pre_booster,UnlimitedBooster2,minutes,daily_reward,daily_reward,core,497,10,2.01,600,,,1.21,60.0
2026-08-08,Control,ul_pre_booster,UnlimitedBooster2,minutes,great_offer1_199_tier3,purchase,purchase,497,1,0.2,360,,,0.72,360.0
2026-08-08,Control,ul_pre_booster,UnlimitedBooster2,minutes,Hard_level_offer1_tier3,purchase,purchase,497,6,1.21,120,,,0.24,20.0
2026-08-08,Control,ul_pre_booster,UnlimitedBooster2,minutes,Hard_Level_Offer1,purchase,purchase,497,5,1.01,100,,,0.2,20.0
2026-08-08,Control,ul_pre_booster,UnlimitedBooster2,minutes,Jigsaw,reward_event,meta,497,5,1.01,65,,,0.13,13.0
2026-08-08,Control,ul_pre_booster,UnlimitedBooster3,minutes,great_offer1_199_tier3,purchase,purchase,497,1,0.2,360,,,0.72,360.0
2026-08-08,Control,ul_pre_booster,UnlimitedBooster3,minutes,Hard_level_offer1_tier3,purchase,purchase,497,6,1.21,120,,,0.24,20.0
2026-08-08,Control,ul_pre_booster,UnlimitedBooster3,minutes,daily_reward,daily_reward,core,497,4,0.8,120,,,0.24,30.0
2026-08-08,Control,ul_pre_booster,UnlimitedBooster3,minutes,Hard_Level_Offer1,purchase,purchase,497,5,1.01,100,,,0.2,20.0
2026-08-08,Control,ul_pre_booster,UnlimitedBooster3,minutes,dream_pass_event,reward_event,meta,497,3,0.6,100,,,0.2,33.33
2026-08-08,Control,ul_pre_booster,UnlimitedBooster3,minutes,Jigsaw,reward_event,meta,497,2,0.4,30,,,0.06,15.0
2026-08-08,Control,ul_pre_booster,UnlimitedBooster3,minutes,Photoshoot,reward_event,meta,497,1,0.2,15,,,0.03,15.0
2026-08-08,Control,unlimited_lives,UnlimitedLives,minutes,saga_progression,chapter_complete,core,497,482,96.98,90660,,,182.41,188.09
2026-08-08,Control,unlimited_lives,UnlimitedLives,minutes,player_level_up,reward_chest,core,497,430,86.52,53010,,,106.66,123.28
2026-08-08,Control,unlimited_lives,UnlimitedLives,minutes,Hatchling Hideaway,event_reward,meta,497,208,41.85,16830,,,33.86,80.91
2026-08-08,Control,unlimited_lives,UnlimitedLives,minutes,dream_pass_event,reward_event,meta,497,161,32.39,14730,,,29.64,91.49
2026-08-08,Control,unlimited_lives,UnlimitedLives,minutes,daily_reward,daily_reward,core,497,188,37.83,6675,,,13.43,35.51
2026-08-08,Control,unlimited_lives,UnlimitedLives,minutes,kite_festival_event,reward_event,meta,497,119,23.94,3665,,,7.37,30.8
2026-08-08,Control,unlimited_lives,UnlimitedLives,minutes,offer_free_items,rolling_offer,meta,497,17,3.42,1495,,,3.01,87.94
2026-08-08,Control,unlimited_lives,UnlimitedLives,minutes,reward_chest,reward_chest,other,497,34,6.84,1020,,,2.05,30.0
2026-08-08,Control,unlimited_lives,UnlimitedLives,minutes,ad_chest,ad_chest,ads,497,56,11.27,785,,,1.58,14.02
2026-08-08,Control,unlimited_lives,UnlimitedLives,minutes,great_offer1_199_tier3,purchase,purchase,497,1,0.2,360,,,0.72,360.0
2026-08-08,Control,unlimited_lives,UnlimitedLives,minutes,race_event,reward_event,meta,497,4,0.8,250,,,0.5,62.5
2026-08-08,Control,unlimited_lives,UnlimitedLives,minutes,Jigsaw,reward_event,meta,497,3,0.6,240,,,0.48,80.0
2026-08-08,Control,unlimited_lives,UnlimitedLives,minutes,rolling_offer_p349_tier3,purchase,purchase,497,3,0.6,180,,,0.36,60.0
2026-08-08,Control,unlimited_lives,UnlimitedLives,minutes,Hard_level_offer1_tier3,purchase,purchase,497,6,1.21,120,,,0.24,20.0
2026-08-08,Control,unlimited_lives,UnlimitedLives,minutes,FlockRush,event_reward,meta,497,2,0.4,120,,,0.24,60.0
2026-08-08,Control,unlimited_lives,UnlimitedLives,minutes,rolling_offer_tier1_p499_VarA,purchase,purchase,497,3,0.6,120,,,0.24,40.0
2026-08-08,Control,unlimited_lives,UnlimitedLives,minutes,Hard_Level_Offer1,purchase,purchase,497,5,1.01,100,,,0.2,20.0
2026-08-08,Control,unlimited_lives,UnlimitedLives,minutes,rolling_offer_tier1_p299_tier3,purchase,purchase,497,2,0.4,60,,,0.12,30.0
2026-08-08,Control,unlimited_lives,UnlimitedLives,minutes,rolling_offer_p799_VarA,purchase,purchase,497,1,0.2,60,,,0.12,60.0
2026-08-08,Control,unlimited_lives,UnlimitedLives,minutes,Photoshoot,reward_event,meta,497,1,0.2,60,,,0.12,60.0
2026-08-08,Control,unlimited_lives,UnlimitedLives,minutes,rolling_offer_p049_tier3,purchase,purchase,497,1,0.2,45,,,0.09,45.0
2026-08-08,Variant,Avatar,Avatar,items,saga_progression,chapter_complete,core,494,298,60.32,1071,,,2.17,3.59
2026-08-08,Variant,currency,HardCoin,coins,player_level_up,reward_chest,core,494,465,94.13,93975,93975,0,190.23,202.1
2026-08-08,Variant,currency,HardCoin,coins,saga_progression,chapter_complete,core,494,488,98.79,39180,39180,0,79.31,80.29
2026-08-08,Variant,currency,HardCoin,coins,dreamheist_event,reward_event,meta,494,338,68.42,38845,38845,0,78.63,114.93
2026-08-08,Variant,currency,HardCoin,coins,ArcheryArena,reward_event,meta,494,266,53.85,20550,20550,0,41.6,77.26
2026-08-08,Variant,currency,HardCoin,coins,Jigsaw,reward_event,meta,494,352,71.26,17775,17775,0,35.98,50.5
2026-08-08,Variant,currency,HardCoin,coins,race_event,reward_event,meta,494,314,63.56,10990,10990,0,22.25,35.0
2026-08-08,Variant,currency,HardCoin,coins,dream_pass_event,reward_event,meta,494,170,34.41,8795,8795,0,17.8,51.74
2026-08-08,Variant,currency,HardCoin,coins,daily_reward,daily_reward,core,494,283,57.29,5760,5760,0,11.66,20.35
2026-08-08,Variant,currency,HardCoin,coins,bundle_1_with_prelevel_boosters_tier3,purchase,purchase,494,9,1.82,3800,0,3800,7.69,422.22
2026-08-08,Variant,currency,HardCoin,coins,xs_coins2,purchase,purchase,494,6,1.21,3700,0,3700,7.49,616.67
2026-08-08,Variant,currency,HardCoin,coins,reward_chest,reward_chest,other,494,25,5.06,3060,3060,0,6.19,122.4
2026-08-08,Variant,currency,HardCoin,coins,facebook_like,facebook_like,other,494,23,4.66,2800,2800,0,5.67,121.74
2026-08-08,Variant,currency,HardCoin,coins,special_offer1_tier3,purchase,purchase,494,8,1.62,2400,0,2400,4.86,300.0
2026-08-08,Variant,currency,HardCoin,coins,ad_chest,ad_chest,ads,494,103,20.85,2320,2320,0,4.7,22.52
2026-08-08,Variant,currency,HardCoin,coins,chuck_event,reward_event,meta,494,13,2.63,2250,2250,0,4.55,173.08
2026-08-08,Variant,currency,HardCoin,coins,xs_coins_tier3,purchase,purchase,494,6,1.21,1800,0,1800,3.64,300.0
2026-08-08,Variant,currency,HardCoin,coins,team_collection,reward_event,meta,494,12,2.43,1560,1560,0,3.16,130.0
2026-08-08,Variant,currency,HardCoin,coins,heart_gift,heart_gift,other,494,105,21.26,1367,1367,0,2.77,13.02
2026-08-08,Variant,currency,HardCoin,coins,special_offer1,purchase,purchase,494,4,0.81,1200,0,1200,2.43,300.0
2026-08-08,Variant,currency,HardCoin,coins,Hard_level_offer1_tier3,purchase,purchase,494,7,1.42,700,0,700,1.42,100.0
2026-08-08,Variant,currency,HardCoin,coins,Hard_Level_Offer1,purchase,purchase,494,5,1.01,500,0,500,1.01,100.0
2026-08-08,Variant,currency,HardCoin,coins,offer_free_items,rolling_offer,meta,494,3,0.61,500,500,0,1.01,166.67
2026-08-08,Variant,currency,HardCoin,coins,team_versus,reward_event,meta,494,5,1.01,500,500,0,1.01,100.0
2026-08-08,Variant,currency,HardCoin,coins,s_coins2,purchase,purchase,494,1,0.2,500,0,500,1.01,500.0
2026-08-08,Variant,currency,HardCoin,coins,s_coins_tier3,purchase,purchase,494,1,0.2,500,0,500,1.01,500.0
2026-08-08,Variant,currency,HardCoin,coins,special_offer8_tier3,purchase,purchase,494,1,0.2,400,0,400,0.81,400.0
2026-08-08,Variant,currency,HardCoin,coins,bundle_1_with_prelevel_boosters,purchase,purchase,494,2,0.4,400,0,400,0.81,200.0
2026-08-08,Variant,currency,HardCoin,coins,rolling_offer_tier1_p299,purchase,purchase,494,2,0.4,400,0,400,0.81,200.0
2026-08-08,Variant,currency,HardCoin,coins,bundle_7_with_prelevel_boosters,purchase,purchase,494,2,0.4,300,0,300,0.61,150.0
2026-08-08,Variant,currency,HardCoin,coins,rolling_offer_tier1_p499_VarA,purchase,purchase,494,1,0.2,300,0,300,0.61,300.0
2026-08-08,Variant,currency,HardCoin,coins,rolling_offer_p049_tier3,purchase,purchase,494,2,0.4,300,0,300,0.61,150.0
2026-08-08,Variant,currency,HardCoin,coins,bundle_7_with_prelevel_boosters_tier3,purchase,purchase,494,2,0.4,300,0,300,0.61,150.0
2026-08-08,Variant,currency,HardCoin,coins,special_offer8,purchase,purchase,494,1,0.2,250,0,250,0.51,250.0
2026-08-08,Variant,currency,HardCoin,coins,rolling_offer_tier1_p199_tier3,purchase,purchase,494,1,0.2,200,0,200,0.4,200.0
2026-08-08,Variant,currency,HardCoin,coins,team_versus_contribution,reward_event,meta,494,3,0.61,170,170,0,0.34,56.67
2026-08-08,Variant,currency,HardCoin,coins,great_offer1_199,purchase,purchase,494,1,0.2,150,0,150,0.3,150.0
2026-08-08,Variant,currency,HardCoin,coins,Hatchling Hideaway,event_reward,meta,494,4,0.81,105,105,0,0.21,26.25
2026-08-08,Variant,currency,HardCoin,coins,red_event,reward_event,meta,494,1,0.2,100,100,0,0.2,100.0
2026-08-08,Variant,currency,HardCoin,coins,season_pass_event,reward_event,meta,494,2,0.4,30,30,0,0.06,15.0
2026-08-08,Variant,currency,HardCoin,coins,bomb_ballet_event,reward_event,meta,494,1,0.2,25,25,0,0.05,25.0
2026-08-08,Variant,dream_pass_tokens,DreamPassToken,items,race_event,reward_event,meta,494,380,76.92,19400,,,39.27,51.05
2026-08-08,Variant,dream_pass_tokens,DreamPassToken,items,offer_free_items,rolling_offer,meta,494,165,33.4,7760,,,15.71,47.03
2026-08-08,Variant,dream_pass_tokens,DreamPassToken,items,wager_event,reward_event,meta,494,1,0.2,150,,,0.3,150.0
2026-08-08,Variant,dream_pass_tokens,DreamPassToken,items,kite_festival_event,reward_event,meta,494,1,0.2,60,,,0.12,60.0
2026-08-08,Variant,dream_pass_tokens,DreamPassToken,items,FlockRush,event_reward,meta,494,1,0.2,20,,,0.04,20.0
2026-08-08,Variant,life,life,items,ask_for_lives,ask_for_lives,other,494,36,7.29,154,,,0.31,4.28
2026-08-08,Variant,life,life,items,ad_life,ad_life,ads,494,22,4.45,37,,,0.07,1.68
2026-08-08,Variant,life,liferefill,items,coin_purchase,coin_purchase,other,494,23,4.66,350,,,0.71,15.22
2026-08-08,Variant,orb,Reds_Greatest_Challenge,items,dream_pass_event,reward_event,meta,494,28,5.67,28,,,0.06,1.0
2026-08-08,Variant,powerup,powerup_1,items,player_level_up,reward_chest,core,494,289,58.5,311,,,0.63,1.08
2026-08-08,Variant,powerup,powerup_1,items,ArcheryArena,reward_event,meta,494,160,32.39,161,,,0.33,1.01
2026-08-08,Variant,powerup,powerup_1,items,Jigsaw,reward_event,meta,494,156,31.58,158,,,0.32,1.01
2026-08-08,Variant,powerup,powerup_1,items,race_event,reward_event,meta,494,156,31.58,157,,,0.32,1.01
2026-08-08,Variant,powerup,powerup_1,items,dreamheist_event,reward_event,meta,494,37,7.49,38,,,0.08,1.03
2026-08-08,Variant,powerup,powerup_1,items,reward_chest,reward_chest,other,494,25,5.06,27,,,0.05,1.08
2026-08-08,Variant,powerup,powerup_1,items,bundle_1_with_prelevel_boosters_tier3,purchase,purchase,494,9,1.82,19,,,0.04,2.11
2026-08-08,Variant,powerup,powerup_1,items,ad_chest,ad_chest,ads,494,11,2.23,13,,,0.03,1.18
2026-08-08,Variant,powerup,powerup_1,items,chuck_event,reward_event,meta,494,8,1.62,9,,,0.02,1.13
2026-08-08,Variant,powerup,powerup_1,items,dream_pass_event,reward_event,meta,494,4,0.81,8,,,0.02,2.0
2026-08-08,Variant,powerup,powerup_1,items,daily_reward,daily_reward,core,494,7,1.42,7,,,0.01,1.0
2026-08-08,Variant,powerup,powerup_1,items,team_collection,reward_event,meta,494,6,1.21,6,,,0.01,1.0
2026-08-08,Variant,powerup,powerup_1,items,team_versus,reward_event,meta,494,5,1.01,5,,,0.01,1.0
2026-08-08,Variant,powerup,powerup_1,items,ingame,purchase,purchase,494,1,0.2,3,,,0.01,3.0
2026-08-08,Variant,powerup,powerup_1,items,bundle_1_with_prelevel_boosters,purchase,purchase,494,2,0.4,2,,,0.0,1.0
2026-08-08,Variant,powerup,powerup_1,items,rolling_offer_tier1_p299,purchase,purchase,494,2,0.4,2,,,0.0,1.0
2026-08-08,Variant,powerup,powerup_1,items,bundle_7_with_prelevel_boosters_tier3,purchase,purchase,494,2,0.4,2,,,0.0,1.0
2026-08-08,Variant,powerup,powerup_1,items,bundle_7_with_prelevel_boosters,purchase,purchase,494,2,0.4,2,,,0.0,1.0
2026-08-08,Variant,powerup,powerup_1,items,team_versus_contribution,reward_event,meta,494,2,0.4,2,,,0.0,1.0
2026-08-08,Variant,powerup,powerup_1,items,rolling_offer_p049_tier3,purchase,purchase,494,2,0.4,2,,,0.0,1.0
2026-08-08,Variant,powerup,powerup_1,items,rolling_offer_tier1_p199_tier3,purchase,purchase,494,1,0.2,1,,,0.0,1.0
2026-08-08,Variant,powerup,powerup_1,items,offer_free_items,rolling_offer,meta,494,1,0.2,1,,,0.0,1.0
2026-08-08,Variant,powerup,powerup_1,items,rolling_offer_tier1_p499_VarA,purchase,purchase,494,1,0.2,1,,,0.0,1.0
2026-08-08,Variant,powerup,powerup_1,items,saga_progression,chapter_complete,core,494,1,0.2,1,,,0.0,1.0
2026-08-08,Variant,powerup,powerup_1,items,Hatchling Hideaway,event_reward,meta,494,1,0.2,1,,,0.0,1.0
2026-08-08,Variant,powerup,powerup_1,items,special_offer8_tier3,purchase,purchase,494,1,0.2,1,,,0.0,1.0
2026-08-08,Variant,powerup,powerup_1,items,special_offer8,purchase,purchase,494,1,0.2,1,,,0.0,1.0
2026-08-08,Variant,powerup,powerup_2,items,player_level_up,reward_chest,core,494,374,75.71,883,,,1.79,2.36
2026-08-08,Variant,powerup,powerup_2,items,saga_progression,chapter_complete,core,494,425,86.03,641,,,1.3,1.51
2026-08-08,Variant,powerup,powerup_2,items,dreamheist_event,reward_event,meta,494,241,48.79,248,,,0.5,1.03
2026-08-08,Variant,powerup,powerup_2,items,Jigsaw,reward_event,meta,494,181,36.64,183,,,0.37,1.01
2026-08-08,Variant,powerup,powerup_2,items,daily_reward,daily_reward,core,494,92,18.62,94,,,0.19,1.02
2026-08-08,Variant,powerup,powerup_2,items,ad_chest,ad_chest,ads,494,38,7.69,47,,,0.1,1.24
2026-08-08,Variant,powerup,powerup_2,items,dream_pass_event,reward_event,meta,494,30,6.07,41,,,0.08,1.37
2026-08-08,Variant,powerup,powerup_2,items,race_event,reward_event,meta,494,38,7.69,39,,,0.08,1.03
2026-08-08,Variant,powerup,powerup_2,items,reward_chest,reward_chest,other,494,25,5.06,33,,,0.07,1.32
2026-08-08,Variant,powerup,powerup_2,items,ArcheryArena,reward_event,meta,494,33,6.68,33,,,0.07,1.0
2026-08-08,Variant,powerup,powerup_2,items,ingame,purchase,purchase,494,7,1.42,27,,,0.05,3.86
2026-08-08,Variant,powerup,powerup_2,items,bundle_1_with_prelevel_boosters_tier3,purchase,purchase,494,9,1.82,19,,,0.04,2.11
2026-08-08,Variant,powerup,powerup_2,items,team_collection,reward_event,meta,494,10,2.02,16,,,0.03,1.6
2026-08-08,Variant,powerup,powerup_2,items,offer_free_items,rolling_offer,meta,494,5,1.01,7,,,0.01,1.4
2026-08-08,Variant,powerup,powerup_2,items,bundle_1_with_prelevel_boosters,purchase,purchase,494,2,0.4,2,,,0.0,1.0
2026-08-08,Variant,powerup,powerup_2,items,special_offer8,purchase,purchase,494,1,0.2,2,,,0.0,2.0
2026-08-08,Variant,powerup,powerup_2,items,bundle_7_with_prelevel_boosters_tier3,purchase,purchase,494,2,0.4,2,,,0.0,1.0
2026-08-08,Variant,powerup,powerup_2,items,Hatchling Hideaway,event_reward,meta,494,2,0.4,2,,,0.0,1.0
2026-08-08,Variant,powerup,powerup_2,items,chuck_event,reward_event,meta,494,2,0.4,2,,,0.0,1.0
2026-08-08,Variant,powerup,powerup_2,items,rolling_offer_tier1_p299,purchase,purchase,494,2,0.4,2,,,0.0,1.0
2026-08-08,Variant,powerup,powerup_2,items,kite_festival_event,reward_event,meta,494,2,0.4,2,,,0.0,1.0
2026-08-08,Variant,powerup,powerup_2,items,special_offer8_tier3,purchase,purchase,494,1,0.2,2,,,0.0,2.0
2026-08-08,Variant,powerup,powerup_2,items,bundle_7_with_prelevel_boosters,purchase,purchase,494,2,0.4,2,,,0.0,1.0
2026-08-08,Variant,powerup,powerup_2,items,rolling_offer_tier1_p499_VarA,purchase,purchase,494,1,0.2,1,,,0.0,1.0
2026-08-08,Variant,powerup,powerup_2,items,wager_event,reward_event,meta,494,1,0.2,1,,,0.0,1.0
2026-08-08,Variant,powerup,powerup_2,items,red_event,reward_event,meta,494,1,0.2,1,,,0.0,1.0
2026-08-08,Variant,powerup,powerup_2,items,single_collection,reward_event,meta,494,1,0.2,1,,,0.0,1.0
2026-08-08,Variant,powerup,powerup_2,items,FlockRush,event_reward,meta,494,1,0.2,1,,,0.0,1.0
2026-08-08,Variant,powerup,powerup_2,items,rolling_offer_tier1_p199_tier3,purchase,purchase,494,1,0.2,1,,,0.0,1.0
2026-08-08,Variant,powerup,powerup_3,items,player_level_up,reward_chest,core,494,400,80.97,910,,,1.84,2.28
2026-08-08,Variant,powerup,powerup_3,items,saga_progression,chapter_complete,core,494,435,88.06,633,,,1.28,1.46
2026-08-08,Variant,powerup,powerup_3,items,dream_pass_event,reward_event,meta,494,120,24.29,145,,,0.29,1.21
2026-08-08,Variant,powerup,powerup_3,items,race_event,reward_event,meta,494,95,19.23,96,,,0.19,1.01
2026-08-08,Variant,powerup,powerup_3,items,ArcheryArena,reward_event,meta,494,68,13.77,70,,,0.14,1.03
2026-08-08,Variant,powerup,powerup_3,items,facebook_like,facebook_like,other,494,23,4.66,56,,,0.11,2.43
2026-08-08,Variant,powerup,powerup_3,items,daily_reward,daily_reward,core,494,41,8.3,42,,,0.09,1.02
2026-08-08,Variant,powerup,powerup_3,items,ad_chest,ad_chest,ads,494,35,7.09,40,,,0.08,1.14
2026-08-08,Variant,powerup,powerup_3,items,reward_chest,reward_chest,other,494,25,5.06,35,,,0.07,1.4
2026-08-08,Variant,powerup,powerup_3,items,bundle_1_with_prelevel_boosters_tier3,purchase,purchase,494,9,1.82,19,,,0.04,2.11
2026-08-08,Variant,powerup,powerup_3,items,ingame,purchase,purchase,494,3,0.61,9,,,0.02,3.0
2026-08-08,Variant,powerup,powerup_3,items,team_collection,reward_event,meta,494,2,0.4,6,,,0.01,3.0
2026-08-08,Variant,powerup,powerup_3,items,chuck_event,reward_event,meta,494,6,1.21,6,,,0.01,1.0
2026-08-08,Variant,powerup,powerup_3,items,team_versus,reward_event,meta,494,5,1.01,5,,,0.01,1.0
2026-08-08,Variant,powerup,powerup_3,items,Hatchling Hideaway,event_reward,meta,494,4,0.81,4,,,0.01,1.0
2026-08-08,Variant,powerup,powerup_3,items,offer_free_items,rolling_offer,meta,494,3,0.61,3,,,0.01,1.0
2026-08-08,Variant,powerup,powerup_3,items,special_offer8_tier3,purchase,purchase,494,1,0.2,2,,,0.0,2.0
2026-08-08,Variant,powerup,powerup_3,items,bundle_7_with_prelevel_boosters_tier3,purchase,purchase,494,2,0.4,2,,,0.0,1.0
2026-08-08,Variant,powerup,powerup_3,items,special_offer8,purchase,purchase,494,1,0.2,2,,,0.0,2.0
2026-08-08,Variant,powerup,powerup_3,items,bundle_1_with_prelevel_boosters,purchase,purchase,494,2,0.4,2,,,0.0,1.0
2026-08-08,Variant,powerup,powerup_3,items,rolling_offer_tier1_p299,purchase,purchase,494,2,0.4,2,,,0.0,1.0
2026-08-08,Variant,powerup,powerup_3,items,bundle_7_with_prelevel_boosters,purchase,purchase,494,2,0.4,2,,,0.0,1.0
2026-08-08,Variant,powerup,powerup_3,items,season_pass_event,reward_event,meta,494,1,0.2,1,,,0.0,1.0
2026-08-08,Variant,powerup,powerup_3,items,red_event,reward_event,meta,494,1,0.2,1,,,0.0,1.0
2026-08-08,Variant,powerup,powerup_3,items,team_versus_contribution,reward_event,meta,494,1,0.2,1,,,0.0,1.0
2026-08-08,Variant,powerup,powerup_3,items,rolling_offer_tier1_p199_tier3,purchase,purchase,494,1,0.2,1,,,0.0,1.0
2026-08-08,Variant,powerup,powerup_3,items,rolling_offer_tier1_p499_VarA,purchase,purchase,494,1,0.2,1,,,0.0,1.0
2026-08-08,Variant,pre_level_booster,pre_level_booster_1,items,saga_progression,chapter_complete,core,494,436,88.26,697,,,1.41,1.6
2026-08-08,Variant,pre_level_booster,pre_level_booster_1,items,dream_pass_event,reward_event,meta,494,148,29.96,420,,,0.85,2.84
2026-08-08,Variant,pre_level_booster,pre_level_booster_1,items,player_level_up,reward_chest,core,494,268,54.25,291,,,0.59,1.09
2026-08-08,Variant,pre_level_booster,pre_level_booster_1,items,dreamheist_event,reward_event,meta,494,271,54.86,278,,,0.56,1.03
2026-08-08,Variant,pre_level_booster,pre_level_booster_1,items,Jigsaw,reward_event,meta,494,200,40.49,201,,,0.41,1.0
2026-08-08,Variant,pre_level_booster,pre_level_booster_1,items,offer_free_items,rolling_offer,meta,494,176,35.63,181,,,0.37,1.03
2026-08-08,Variant,pre_level_booster,pre_level_booster_1,items,reward_chest,reward_chest,other,494,24,4.86,24,,,0.05,1.0
2026-08-08,Variant,pre_level_booster,pre_level_booster_1,items,bundle_1_with_prelevel_boosters_tier3,purchase,purchase,494,9,1.82,19,,,0.04,2.11
2026-08-08,Variant,pre_level_booster,pre_level_booster_1,items,ArcheryArena,reward_event,meta,494,13,2.63,13,,,0.03,1.0
2026-08-08,Variant,pre_level_booster,pre_level_booster_1,items,race_event,reward_event,meta,494,11,2.23,11,,,0.02,1.0
2026-08-08,Variant,pre_level_booster,pre_level_booster_1,items,Hatchling Hideaway,event_reward,meta,494,6,1.21,6,,,0.01,1.0
2026-08-08,Variant,pre_level_booster,pre_level_booster_1,items,season_pass_event,reward_event,meta,494,2,0.4,4,,,0.01,2.0
2026-08-08,Variant,pre_level_booster,pre_level_booster_1,items,ingame,purchase,purchase,494,1,0.2,3,,,0.01,3.0
2026-08-08,Variant,pre_level_booster,pre_level_booster_1,items,bundle_7_with_prelevel_boosters,purchase,purchase,494,2,0.4,2,,,0.0,1.0
2026-08-08,Variant,pre_level_booster,pre_level_booster_1,items,bundle_7_with_prelevel_boosters_tier3,purchase,purchase,494,2,0.4,2,,,0.0,1.0
2026-08-08,Variant,pre_level_booster,pre_level_booster_1,items,bundle_1_with_prelevel_boosters,purchase,purchase,494,2,0.4,2,,,0.0,1.0
2026-08-08,Variant,pre_level_booster,pre_level_booster_1,items,rolling_offer_tier1_p299,purchase,purchase,494,2,0.4,2,,,0.0,1.0
2026-08-08,Variant,pre_level_booster,pre_level_booster_1,items,great_offer1_199,purchase,purchase,494,1,0.2,1,,,0.0,1.0
2026-08-08,Variant,pre_level_booster,pre_level_booster_1,items,FlockRush,event_reward,meta,494,1,0.2,1,,,0.0,1.0
2026-08-08,Variant,pre_level_booster,pre_level_booster_1,items,ad_chest,ad_chest,ads,494,1,0.2,1,,,0.0,1.0
2026-08-08,Variant,pre_level_booster,pre_level_booster_1,items,rolling_offer_tier1_p199_tier3,purchase,purchase,494,1,0.2,1,,,0.0,1.0
2026-08-08,Variant,pre_level_booster,pre_level_booster_2,items,player_level_up,reward_chest,core,494,300,60.73,788,,,1.6,2.63
2026-08-08,Variant,pre_level_booster,pre_level_booster_2,items,saga_progression,chapter_complete,core,494,427,86.44,633,,,1.28,1.48
2026-08-08,Variant,pre_level_booster,pre_level_booster_2,items,dream_pass_event,reward_event,meta,494,158,31.98,421,,,0.85,2.66
2026-08-08,Variant,pre_level_booster,pre_level_booster_2,items,dreamheist_event,reward_event,meta,494,205,41.5,210,,,0.43,1.02
2026-08-08,Variant,pre_level_booster,pre_level_booster_2,items,Jigsaw,reward_event,meta,494,201,40.69,207,,,0.42,1.03
2026-08-08,Variant,pre_level_booster,pre_level_booster_2,items,offer_free_items,rolling_offer,meta,494,173,35.02,176,,,0.36,1.02
2026-08-08,Variant,pre_level_booster,pre_level_booster_2,items,race_event,reward_event,meta,494,27,5.47,28,,,0.06,1.04
2026-08-08,Variant,pre_level_booster,pre_level_booster_2,items,reward_chest,reward_chest,other,494,24,4.86,24,,,0.05,1.0
2026-08-08,Variant,pre_level_booster,pre_level_booster_2,items,bundle_1_with_prelevel_boosters_tier3,purchase,purchase,494,9,1.82,19,,,0.04,2.11
2026-08-08,Variant,pre_level_booster,pre_level_booster_2,items,ArcheryArena,reward_event,meta,494,8,1.62,8,,,0.02,1.0
2026-08-08,Variant,pre_level_booster,pre_level_booster_2,items,Hatchling Hideaway,event_reward,meta,494,3,0.61,3,,,0.01,1.0
2026-08-08,Variant,pre_level_booster,pre_level_booster_2,items,ingame,purchase,purchase,494,1,0.2,3,,,0.01,3.0
2026-08-08,Variant,pre_level_booster,pre_level_booster_2,items,season_pass_event,reward_event,meta,494,2,0.4,3,,,0.01,1.5
2026-08-08,Variant,pre_level_booster,pre_level_booster_2,items,rolling_offer_tier1_p299,purchase,purchase,494,2,0.4,2,,,0.0,1.0
2026-08-08,Variant,pre_level_booster,pre_level_booster_2,items,bundle_7_with_prelevel_boosters,purchase,purchase,494,2,0.4,2,,,0.0,1.0
2026-08-08,Variant,pre_level_booster,pre_level_booster_2,items,bundle_7_with_prelevel_boosters_tier3,purchase,purchase,494,2,0.4,2,,,0.0,1.0
2026-08-08,Variant,pre_level_booster,pre_level_booster_2,items,bundle_1_with_prelevel_boosters,purchase,purchase,494,2,0.4,2,,,0.0,1.0
2026-08-08,Variant,pre_level_booster,pre_level_booster_2,items,team_versus_contribution,reward_event,meta,494,1,0.2,1,,,0.0,1.0
2026-08-08,Variant,pre_level_booster,pre_level_booster_2,items,rolling_offer_tier1_p199_tier3,purchase,purchase,494,1,0.2,1,,,0.0,1.0
2026-08-08,Variant,pre_level_booster,pre_level_booster_2,items,bomb_ballet_event,reward_event,meta,494,1,0.2,1,,,0.0,1.0
2026-08-08,Variant,pre_level_booster,pre_level_booster_2,items,ad_chest,ad_chest,ads,494,1,0.2,1,,,0.0,1.0
2026-08-08,Variant,pre_level_booster,pre_level_booster_2,items,great_offer1_199,purchase,purchase,494,1,0.2,1,,,0.0,1.0
2026-08-08,Variant,pre_level_booster,pre_level_booster_2,items,kite_festival_event,reward_event,meta,494,1,0.2,1,,,0.0,1.0
2026-08-08,Variant,pre_level_booster,pre_level_booster_2,items,FlockRush,event_reward,meta,494,1,0.2,1,,,0.0,1.0
2026-08-08,Variant,pre_level_booster,pre_level_booster_3,items,saga_progression,chapter_complete,core,494,443,89.68,619,,,1.25,1.4
2026-08-08,Variant,pre_level_booster,pre_level_booster_3,items,player_level_up,reward_chest,core,494,271,54.86,596,,,1.21,2.2
2026-08-08,Variant,pre_level_booster,pre_level_booster_3,items,offer_free_items,rolling_offer,meta,494,172,34.82,174,,,0.35,1.01
2026-08-08,Variant,pre_level_booster,pre_level_booster_3,items,Jigsaw,reward_event,meta,494,156,31.58,158,,,0.32,1.01
2026-08-08,Variant,pre_level_booster,pre_level_booster_3,items,dream_pass_event,reward_event,meta,494,87,17.61,120,,,0.24,1.38
2026-08-08,Variant,pre_level_booster,pre_level_booster_3,items,race_event,reward_event,meta,494,67,13.56,69,,,0.14,1.03
2026-08-08,Variant,pre_level_booster,pre_level_booster_3,items,ArcheryArena,reward_event,meta,494,39,7.89,40,,,0.08,1.03
2026-08-08,Variant,pre_level_booster,pre_level_booster_3,items,reward_chest,reward_chest,other,494,24,4.86,24,,,0.05,1.0
2026-08-08,Variant,pre_level_booster,pre_level_booster_3,items,bundle_1_with_prelevel_boosters_tier3,purchase,purchase,494,9,1.82,19,,,0.04,2.11
2026-08-08,Variant,pre_level_booster,pre_level_booster_3,items,ingame,purchase,purchase,494,1,0.2,3,,,0.01,3.0
2026-08-08,Variant,pre_level_booster,pre_level_booster_3,items,Hatchling Hideaway,event_reward,meta,494,3,0.61,3,,,0.01,1.0
2026-08-08,Variant,pre_level_booster,pre_level_booster_3,items,rolling_offer_tier1_p299,purchase,purchase,494,2,0.4,2,,,0.0,1.0
2026-08-08,Variant,pre_level_booster,pre_level_booster_3,items,bundle_7_with_prelevel_boosters_tier3,purchase,purchase,494,2,0.4,2,,,0.0,1.0
2026-08-08,Variant,pre_level_booster,pre_level_booster_3,items,bundle_7_with_prelevel_boosters,purchase,purchase,494,2,0.4,2,,,0.0,1.0
2026-08-08,Variant,pre_level_booster,pre_level_booster_3,items,team_versus_contribution,reward_event,meta,494,2,0.4,2,,,0.0,1.0
2026-08-08,Variant,pre_level_booster,pre_level_booster_3,items,bundle_1_with_prelevel_boosters,purchase,purchase,494,2,0.4,2,,,0.0,1.0
2026-08-08,Variant,pre_level_booster,pre_level_booster_3,items,ad_chest,ad_chest,ads,494,1,0.2,1,,,0.0,1.0
2026-08-08,Variant,pre_level_booster,pre_level_booster_3,items,FlockRush,event_reward,meta,494,1,0.2,1,,,0.0,1.0
2026-08-08,Variant,pre_level_booster,pre_level_booster_3,items,great_offer1_199,purchase,purchase,494,1,0.2,1,,,0.0,1.0
2026-08-08,Variant,pre_level_booster,pre_level_booster_3,items,rolling_offer_tier1_p199_tier3,purchase,purchase,494,1,0.2,1,,,0.0,1.0
2026-08-08,Variant,ul_pre_booster,UnlimitedBooster1,minutes,Jigsaw,reward_event,meta,494,285,57.69,4895,,,9.91,17.18
2026-08-08,Variant,ul_pre_booster,UnlimitedBooster1,minutes,dream_pass_event,reward_event,meta,494,141,28.54,2900,,,5.87,20.57
2026-08-08,Variant,ul_pre_booster,UnlimitedBooster1,minutes,daily_reward,daily_reward,core,494,8,1.62,480,,,0.97,60.0
2026-08-08,Variant,ul_pre_booster,UnlimitedBooster1,minutes,Hard_level_offer1_tier3,purchase,purchase,494,7,1.42,140,,,0.28,20.0
2026-08-08,Variant,ul_pre_booster,UnlimitedBooster1,minutes,Hard_Level_Offer1,purchase,purchase,494,5,1.01,100,,,0.2,20.0
2026-08-08,Variant,ul_pre_booster,UnlimitedBooster1,minutes,Hatchling Hideaway,event_reward,meta,494,3,0.61,30,,,0.06,10.0
2026-08-08,Variant,ul_pre_booster,UnlimitedBooster1,minutes,season_pass_event,reward_event,meta,494,2,0.4,30,,,0.06,15.0
2026-08-08,Variant,ul_pre_booster,UnlimitedBooster1,minutes,bomb_ballet_event,reward_event,meta,494,1,0.2,15,,,0.03,15.0
2026-08-08,Variant,ul_pre_booster,UnlimitedBooster2,minutes,Jigsaw,reward_event,meta,494,327,66.19,4935,,,9.99,15.09
2026-08-08,Variant,ul_pre_booster,UnlimitedBooster2,minutes,dream_pass_event,reward_event,meta,494,105,21.26,1720,,,3.48,16.38
2026-08-08,Variant,ul_pre_booster,UnlimitedBooster2,minutes,daily_reward,daily_reward,core,494,7,1.42,420,,,0.85,60.0
2026-08-08,Variant,ul_pre_booster,UnlimitedBooster2,minutes,Hard_level_offer1_tier3,purchase,purchase,494,7,1.42,140,,,0.28,20.0
2026-08-08,Variant,ul_pre_booster,UnlimitedBooster2,minutes,Hard_Level_Offer1,purchase,purchase,494,5,1.01,100,,,0.2,20.0
2026-08-08,Variant,ul_pre_booster,UnlimitedBooster2,minutes,season_pass_event,reward_event,meta,494,1,0.2,15,,,0.03,15.0
2026-08-08,Variant,ul_pre_booster,UnlimitedBooster2,minutes,Hatchling Hideaway,event_reward,meta,494,1,0.2,10,,,0.02,10.0
2026-08-08,Variant,ul_pre_booster,UnlimitedBooster3,minutes,Jigsaw,reward_event,meta,494,305,61.74,4395,,,8.9,14.41
2026-08-08,Variant,ul_pre_booster,UnlimitedBooster3,minutes,Hard_level_offer1_tier3,purchase,purchase,494,7,1.42,140,,,0.28,20.0
2026-08-08,Variant,ul_pre_booster,UnlimitedBooster3,minutes,Hard_Level_Offer1,purchase,purchase,494,5,1.01,100,,,0.2,20.0
2026-08-08,Variant,ul_pre_booster,UnlimitedBooster3,minutes,dream_pass_event,reward_event,meta,494,4,0.81,65,,,0.13,16.25
2026-08-08,Variant,ul_pre_booster,UnlimitedBooster3,minutes,daily_reward,daily_reward,core,494,2,0.4,60,,,0.12,30.0
2026-08-08,Variant,ul_pre_booster,UnlimitedBooster3,minutes,bomb_ballet_event,reward_event,meta,494,1,0.2,15,,,0.03,15.0
2026-08-08,Variant,unlimited_lives,UnlimitedLives,minutes,saga_progression,chapter_complete,core,494,492,99.6,168050,,,340.18,341.57
2026-08-08,Variant,unlimited_lives,UnlimitedLives,minutes,player_level_up,reward_chest,core,494,432,87.45,54900,,,111.13,127.08
2026-08-08,Variant,unlimited_lives,UnlimitedLives,minutes,Jigsaw,reward_event,meta,494,345,69.84,27930,,,56.54,80.96
2026-08-08,Variant,unlimited_lives,UnlimitedLives,minutes,dream_pass_event,reward_event,meta,494,150,30.36,12540,,,25.38,83.6
2026-08-08,Variant,unlimited_lives,UnlimitedLives,minutes,dreamheist_event,reward_event,meta,494,339,68.62,10720,,,21.7,31.62
2026-08-08,Variant,unlimited_lives,UnlimitedLives,minutes,daily_reward,daily_reward,core,494,201,40.69,6795,,,13.76,33.81
2026-08-08,Variant,unlimited_lives,UnlimitedLives,minutes,ArcheryArena,reward_event,meta,494,210,42.51,6480,,,13.12,30.86
2026-08-08,Variant,unlimited_lives,UnlimitedLives,minutes,kite_festival_event,reward_event,meta,494,164,33.2,5095,,,10.31,31.07
2026-08-08,Variant,unlimited_lives,UnlimitedLives,minutes,ad_chest,ad_chest,ads,494,67,13.56,895,,,1.81,13.36
2026-08-08,Variant,unlimited_lives,UnlimitedLives,minutes,reward_chest,reward_chest,other,494,24,4.86,720,,,1.46,30.0
2026-08-08,Variant,unlimited_lives,UnlimitedLives,minutes,offer_free_items,rolling_offer,meta,494,13,2.63,580,,,1.17,44.62
2026-08-08,Variant,unlimited_lives,UnlimitedLives,minutes,Hatchling Hideaway,event_reward,meta,494,6,1.21,450,,,0.91,75.0
2026-08-08,Variant,unlimited_lives,UnlimitedLives,minutes,race_event,reward_event,meta,494,7,1.42,350,,,0.71,50.0
2026-08-08,Variant,unlimited_lives,UnlimitedLives,minutes,Hard_level_offer1_tier3,purchase,purchase,494,7,1.42,140,,,0.28,20.0
2026-08-08,Variant,unlimited_lives,UnlimitedLives,minutes,season_pass_event,reward_event,meta,494,2,0.4,120,,,0.24,60.0
2026-08-08,Variant,unlimited_lives,UnlimitedLives,minutes,Hard_Level_Offer1,purchase,purchase,494,5,1.01,100,,,0.2,20.0
2026-08-08,Variant,unlimited_lives,UnlimitedLives,minutes,rolling_offer_p049_tier3,purchase,purchase,494,2,0.4,90,,,0.18,45.0
2026-08-08,Variant,unlimited_lives,UnlimitedLives,minutes,bomb_ballet_event,reward_event,meta,494,1,0.2,60,,,0.12,60.0
2026-08-08,Variant,unlimited_lives,UnlimitedLives,minutes,rolling_offer_tier1_p499_VarA,purchase,purchase,494,1,0.2,40,,,0.08,40.0
2026-08-09,Control,Avatar,Avatar,items,saga_progression,chapter_complete,core,513,308,60.04,1009,,,1.97,3.28
2026-08-09,Control,currency,HardCoin,coins,saga_progression,chapter_complete,core,513,506,98.64,134940,134940,0,263.04,266.68
2026-08-09,Control,currency,HardCoin,coins,player_level_up,reward_chest,core,513,482,93.96,89950,89950,0,175.34,186.62
2026-08-09,Control,currency,HardCoin,coins,bundle_3_with_prelevel_boosters_tier3,purchase,purchase,513,2,0.39,14000,0,14000,27.29,7000.0
2026-08-09,Control,currency,HardCoin,coins,dream_pass_event,reward_event,meta,513,196,38.21,11330,11330,0,22.09,57.81
2026-08-09,Control,currency,HardCoin,coins,daily_reward,daily_reward,core,513,280,54.58,10095,10095,0,19.68,36.05
2026-08-09,Control,currency,HardCoin,coins,Hatchling Hideaway,event_reward,meta,513,190,37.04,9250,9250,0,18.03,48.68
2026-08-09,Control,currency,HardCoin,coins,s_coins_tier3,purchase,purchase,513,2,0.39,5500,0,5500,10.72,2750.0
2026-08-09,Control,currency,HardCoin,coins,race_event,reward_event,meta,513,56,10.92,4175,4175,0,8.14,74.55
2026-08-09,Control,currency,HardCoin,coins,bundle_4_with_prelevel_boosters_tier3,purchase,purchase,513,2,0.39,4000,0,4000,7.8,2000.0
2026-08-09,Control,currency,HardCoin,coins,reward_chest,reward_chest,other,513,30,5.85,3200,3200,0,6.24,106.67
2026-08-09,Control,currency,HardCoin,coins,ad_chest,ad_chest,ads,513,125,24.37,3145,3145,0,6.13,25.16
2026-08-09,Control,currency,HardCoin,coins,bundle_1_with_prelevel_boosters_tier3,purchase,purchase,513,6,1.17,3000,0,3000,5.85,500.0
2026-08-09,Control,currency,HardCoin,coins,xs_coins2,purchase,purchase,513,9,1.75,2800,0,2800,5.46,311.11
2026-08-09,Control,currency,HardCoin,coins,special_offer12,purchase,purchase,513,1,0.19,2400,0,2400,4.68,2400.0
2026-08-09,Control,currency,HardCoin,coins,special_offer1_tier3,purchase,purchase,513,8,1.56,2400,0,2400,4.68,300.0
2026-08-09,Control,currency,HardCoin,coins,facebook_like,facebook_like,other,513,18,3.51,2000,2000,0,3.9,111.11
2026-08-09,Control,currency,HardCoin,coins,m_coins_tier3,purchase,purchase,513,1,0.19,2000,0,2000,3.9,2000.0
2026-08-09,Control,currency,HardCoin,coins,bomb_event,reward_event,meta,513,11,2.14,1900,1900,0,3.7,172.73
2026-08-09,Control,currency,HardCoin,coins,xs_coins_tier3,purchase,purchase,513,7,1.36,1650,0,1650,3.22,235.71
2026-08-09,Control,currency,HardCoin,coins,bundle_2_with_prelevel_boosters_tier3,purchase,purchase,513,2,0.39,1500,0,1500,2.92,750.0
2026-08-09,Control,currency,HardCoin,coins,rolling_offer_tier1_p799_tier3,purchase,purchase,513,1,0.19,1100,0,1100,2.14,1100.0
2026-08-09,Control,currency,HardCoin,coins,team_collection,reward_event,meta,513,8,1.56,1070,1070,0,2.09,133.75
2026-08-09,Control,currency,HardCoin,coins,bundle_2_with_prelevel_boosters,purchase,purchase,513,1,0.19,1000,0,1000,1.95,1000.0
2026-08-09,Control,currency,HardCoin,coins,bundle_3_with_prelevel_boosters2,purchase,purchase,513,1,0.19,1000,0,1000,1.95,1000.0
2026-08-09,Control,currency,HardCoin,coins,special_offer11_tier3,purchase,purchase,513,1,0.19,1000,0,1000,1.95,1000.0
2026-08-09,Control,currency,HardCoin,coins,kite_festival_event,reward_event,meta,513,3,0.58,800,800,0,1.56,266.67
2026-08-09,Control,currency,HardCoin,coins,offer_free_items,rolling_offer,meta,513,5,0.97,700,700,0,1.36,140.0
2026-08-09,Control,currency,HardCoin,coins,bundle_7_with_prelevel_boosters2,purchase,purchase,513,2,0.39,600,0,600,1.17,300.0
2026-08-09,Control,currency,HardCoin,coins,rolling_offer_p049_tier3,purchase,purchase,513,4,0.78,600,0,600,1.17,150.0
2026-08-09,Control,currency,HardCoin,coins,special_offer1,purchase,purchase,513,2,0.39,600,0,600,1.17,300.0
2026-08-09,Control,currency,HardCoin,coins,rolling_offer_p799_VarA,purchase,purchase,513,1,0.19,500,0,500,0.97,500.0
2026-08-09,Control,currency,HardCoin,coins,Hard_Level_Offer1,purchase,purchase,513,4,0.78,500,0,500,0.97,125.0
2026-08-09,Control,currency,HardCoin,coins,bundle_2_with_prelevel_boosters2,purchase,purchase,513,1,0.19,500,0,500,0.97,500.0
2026-08-09,Control,currency,HardCoin,coins,s_coins2,purchase,purchase,513,1,0.19,500,0,500,0.97,500.0
2026-08-09,Control,currency,HardCoin,coins,heart_gift,heart_gift,other,513,114,22.22,423,423,0,0.82,3.71
2026-08-09,Control,currency,HardCoin,coins,team_versus,reward_event,meta,513,4,0.78,400,400,0,0.78,100.0
2026-08-09,Control,currency,HardCoin,coins,special_offer8_tier3,purchase,purchase,513,1,0.19,400,0,400,0.78,400.0
2026-08-09,Control,currency,HardCoin,coins,Hard_level_offer1_tier3,purchase,purchase,513,3,0.58,300,0,300,0.58,100.0
2026-08-09,Control,currency,HardCoin,coins,special_offer8,purchase,purchase,513,1,0.19,250,0,250,0.49,250.0
2026-08-09,Control,currency,HardCoin,coins,ArcheryArena,reward_event,meta,513,1,0.19,200,200,0,0.39,200.0
2026-08-09,Control,currency,HardCoin,coins,rolling_offer_tier1_p199_tier3,purchase,purchase,513,1,0.19,200,0,200,0.39,200.0
2026-08-09,Control,currency,HardCoin,coins,bundle_1_with_prelevel_boosters,purchase,purchase,513,1,0.19,200,0,200,0.39,200.0
2026-08-09,Control,currency,HardCoin,coins,great_offer1_199_tier3,purchase,purchase,513,2,0.39,200,0,200,0.39,100.0
2026-08-09,Control,currency,HardCoin,coins,bundle_7_with_prelevel_boosters,purchase,purchase,513,1,0.19,150,0,150,0.29,150.0
2026-08-09,Control,currency,HardCoin,coins,bundle_7_with_prelevel_boosters_tier3,purchase,purchase,513,1,0.19,150,0,150,0.29,150.0
2026-08-09,Control,currency,HardCoin,coins,single_collection,reward_event,meta,513,1,0.19,100,100,0,0.19,100.0
2026-08-09,Control,currency,HardCoin,coins,season_pass_event,reward_event,meta,513,2,0.39,70,70,0,0.14,35.0
2026-08-09,Control,currency,HardCoin,coins,team_versus_contribution,reward_event,meta,513,1,0.19,30,30,0,0.06,30.0
2026-08-09,Control,dream_pass_tokens,DreamPassToken,items,offer_free_items,rolling_offer,meta,513,126,24.56,6200,,,12.09,49.21
2026-08-09,Control,dream_pass_tokens,DreamPassToken,items,race_event,reward_event,meta,513,68,13.26,3425,,,6.68,50.37
2026-08-09,Control,dream_pass_tokens,DreamPassToken,items,FlockRush,event_reward,meta,513,161,31.38,3280,,,6.39,20.37
2026-08-09,Control,dream_pass_tokens,DreamPassToken,items,kite_festival_event,reward_event,meta,513,4,0.78,1200,,,2.34,300.0
2026-08-09,Control,life,life,items,ask_for_lives,ask_for_lives,other,513,58,11.31,269,,,0.52,4.64
2026-08-09,Control,life,life,items,ad_life,ad_life,ads,513,38,7.41,66,,,0.13,1.74
2026-08-09,Control,life,liferefill,items,coin_purchase,coin_purchase,other,513,53,10.33,540,,,1.05,10.19
2026-08-09,Control,orb,Reds_Greatest_Challenge,items,dream_pass_event,reward_event,meta,513,45,8.77,45,,,0.09,1.0
2026-08-09,Control,powerup,powerup_1,items,saga_progression,chapter_complete,core,513,455,88.69,630,,,1.23,1.38
2026-08-09,Control,powerup,powerup_1,items,player_level_up,reward_chest,core,513,283,55.17,304,,,0.59,1.07
2026-08-09,Control,powerup,powerup_1,items,Hatchling Hideaway,event_reward,meta,513,129,25.15,136,,,0.27,1.05
2026-08-09,Control,powerup,powerup_1,items,race_event,reward_event,meta,513,32,6.24,33,,,0.06,1.03
2026-08-09,Control,powerup,powerup_1,items,reward_chest,reward_chest,other,513,30,5.85,32,,,0.06,1.07
2026-08-09,Control,powerup,powerup_1,items,ad_chest,ad_chest,ads,513,28,5.46,32,,,0.06,1.14
2026-08-09,Control,powerup,powerup_1,items,bundle_3_with_prelevel_boosters_tier3,purchase,purchase,513,2,0.39,28,,,0.05,14.0
2026-08-09,Control,powerup,powerup_1,items,bundle_1_with_prelevel_boosters_tier3,purchase,purchase,513,6,1.17,15,,,0.03,2.5
2026-08-09,Control,powerup,powerup_1,items,dream_pass_event,reward_event,meta,513,5,0.97,13,,,0.03,2.6
2026-08-09,Control,powerup,powerup_1,items,bundle_4_with_prelevel_boosters_tier3,purchase,purchase,513,2,0.39,10,,,0.02,5.0
2026-08-09,Control,powerup,powerup_1,items,bomb_event,reward_event,meta,513,8,1.56,8,,,0.02,1.0
2026-08-09,Control,powerup,powerup_1,items,daily_reward,daily_reward,core,513,8,1.56,8,,,0.02,1.0
2026-08-09,Control,powerup,powerup_1,items,team_versus,reward_event,meta,513,6,1.17,6,,,0.01,1.0
2026-08-09,Control,powerup,powerup_1,items,special_offer12,purchase,purchase,513,1,0.19,6,,,0.01,6.0
2026-08-09,Control,powerup,powerup_1,items,rolling_offer_p049_tier3,purchase,purchase,513,4,0.78,4,,,0.01,1.0
2026-08-09,Control,powerup,powerup_1,items,bundle_3_with_prelevel_boosters2,purchase,purchase,513,1,0.19,4,,,0.01,4.0
2026-08-09,Control,powerup,powerup_1,items,team_collection,reward_event,meta,513,4,0.78,4,,,0.01,1.0
2026-08-09,Control,powerup,powerup_1,items,bundle_2_with_prelevel_boosters_tier3,purchase,purchase,513,2,0.39,3,,,0.01,1.5
2026-08-09,Control,powerup,powerup_1,items,special_offer11_tier3,purchase,purchase,513,1,0.19,3,,,0.01,3.0
2026-08-09,Control,powerup,powerup_1,items,bundle_2_with_prelevel_boosters2,purchase,purchase,513,1,0.19,2,,,0.0,2.0
2026-08-09,Control,powerup,powerup_1,items,bundle_2_with_prelevel_boosters,purchase,purchase,513,1,0.19,2,,,0.0,2.0
2026-08-09,Control,powerup,powerup_1,items,bundle_7_with_prelevel_boosters2,purchase,purchase,513,2,0.39,2,,,0.0,1.0
2026-08-09,Control,powerup,powerup_1,items,kite_festival_event,reward_event,meta,513,2,0.39,2,,,0.0,1.0
2026-08-09,Control,powerup,powerup_1,items,bundle_1_with_prelevel_boosters,purchase,purchase,513,1,0.19,1,,,0.0,1.0
2026-08-09,Control,powerup,powerup_1,items,ArcheryArena,reward_event,meta,513,1,0.19,1,,,0.0,1.0
2026-08-09,Control,powerup,powerup_1,items,bundle_7_with_prelevel_boosters,purchase,purchase,513,1,0.19,1,,,0.0,1.0
2026-08-09,Control,powerup,powerup_1,items,rolling_offer_tier1_p199_tier3,purchase,purchase,513,1,0.19,1,,,0.0,1.0
2026-08-09,Control,powerup,powerup_1,items,rolling_offer_p799_VarA,purchase,purchase,513,1,0.19,1,,,0.0,1.0
2026-08-09,Control,powerup,powerup_1,items,rolling_offer_tier1_p799_tier3,purchase,purchase,513,1,0.19,1,,,0.0,1.0
2026-08-09,Control,powerup,powerup_1,items,special_offer8_tier3,purchase,purchase,513,1,0.19,1,,,0.0,1.0
2026-08-09,Control,powerup,powerup_1,items,special_offer8,purchase,purchase,513,1,0.19,1,,,0.0,1.0
2026-08-09,Control,powerup,powerup_1,items,bundle_7_with_prelevel_boosters_tier3,purchase,purchase,513,1,0.19,1,,,0.0,1.0
2026-08-09,Control,powerup,powerup_1,items,offer_free_items,rolling_offer,meta,513,1,0.19,1,,,0.0,1.0
2026-08-09,Control,powerup,powerup_2,items,saga_progression,chapter_complete,core,513,460,89.67,1246,,,2.43,2.71
2026-08-09,Control,powerup,powerup_2,items,player_level_up,reward_chest,core,513,356,69.4,793,,,1.55,2.23
2026-08-09,Control,powerup,powerup_2,items,FlockRush,event_reward,meta,513,163,31.77,167,,,0.33,1.02
2026-08-09,Control,powerup,powerup_2,items,Hatchling Hideaway,event_reward,meta,513,154,30.02,156,,,0.3,1.01
2026-08-09,Control,powerup,powerup_2,items,daily_reward,daily_reward,core,513,95,18.52,96,,,0.19,1.01
2026-08-09,Control,powerup,powerup_2,items,dream_pass_event,reward_event,meta,513,56,10.92,74,,,0.14,1.32
2026-08-09,Control,powerup,powerup_2,items,ad_chest,ad_chest,ads,513,46,8.97,54,,,0.11,1.17
2026-08-09,Control,powerup,powerup_2,items,ingame,purchase,purchase,513,6,1.17,39,,,0.08,6.5
2026-08-09,Control,powerup,powerup_2,items,reward_chest,reward_chest,other,513,30,5.85,32,,,0.06,1.07
2026-08-09,Control,powerup,powerup_2,items,bundle_3_with_prelevel_boosters_tier3,purchase,purchase,513,2,0.39,28,,,0.05,14.0
2026-08-09,Control,powerup,powerup_2,items,bundle_1_with_prelevel_boosters_tier3,purchase,purchase,513,6,1.17,15,,,0.03,2.5
2026-08-09,Control,powerup,powerup_2,items,race_event,reward_event,meta,513,13,2.53,13,,,0.03,1.0
2026-08-09,Control,powerup,powerup_2,items,special_offer12,purchase,purchase,513,1,0.19,12,,,0.02,12.0
2026-08-09,Control,powerup,powerup_2,items,bundle_4_with_prelevel_boosters_tier3,purchase,purchase,513,2,0.39,10,,,0.02,5.0
2026-08-09,Control,powerup,powerup_2,items,team_collection,reward_event,meta,513,5,0.97,9,,,0.02,1.8
2026-08-09,Control,powerup,powerup_2,items,offer_free_items,rolling_offer,meta,513,7,1.36,9,,,0.02,1.29
2026-08-09,Control,powerup,powerup_2,items,bundle_3_with_prelevel_boosters2,purchase,purchase,513,1,0.19,4,,,0.01,4.0
2026-08-09,Control,powerup,powerup_2,items,special_offer11_tier3,purchase,purchase,513,1,0.19,3,,,0.01,3.0
2026-08-09,Control,powerup,powerup_2,items,bundle_2_with_prelevel_boosters_tier3,purchase,purchase,513,2,0.39,3,,,0.01,1.5
2026-08-09,Control,powerup,powerup_2,items,bomb_event,reward_event,meta,513,3,0.58,3,,,0.01,1.0
2026-08-09,Control,powerup,powerup_2,items,rolling_offer_tier1_p799_tier3,purchase,purchase,513,1,0.19,2,,,0.0,2.0
2026-08-09,Control,powerup,powerup_2,items,team_versus,reward_event,meta,513,2,0.39,2,,,0.0,1.0
2026-08-09,Control,powerup,powerup_2,items,bundle_2_with_prelevel_boosters2,purchase,purchase,513,1,0.19,2,,,0.0,2.0
2026-08-09,Control,powerup,powerup_2,items,special_offer8_tier3,purchase,purchase,513,1,0.19,2,,,0.0,2.0
2026-08-09,Control,powerup,powerup_2,items,bundle_7_with_prelevel_boosters2,purchase,purchase,513,2,0.39,2,,,0.0,1.0
2026-08-09,Control,powerup,powerup_2,items,bundle_2_with_prelevel_boosters,purchase,purchase,513,1,0.19,2,,,0.0,2.0
2026-08-09,Control,powerup,powerup_2,items,special_offer8,purchase,purchase,513,1,0.19,2,,,0.0,2.0
2026-08-09,Control,powerup,powerup_2,items,bundle_1_with_prelevel_boosters,purchase,purchase,513,1,0.19,1,,,0.0,1.0
2026-08-09,Control,powerup,powerup_2,items,bundle_7_with_prelevel_boosters_tier3,purchase,purchase,513,1,0.19,1,,,0.0,1.0
2026-08-09,Control,powerup,powerup_2,items,rolling_offer_tier1_p199_tier3,purchase,purchase,513,1,0.19,1,,,0.0,1.0
2026-08-09,Control,powerup,powerup_2,items,bundle_7_with_prelevel_boosters,purchase,purchase,513,1,0.19,1,,,0.0,1.0
2026-08-09,Control,powerup,powerup_2,items,rolling_offer_p799_VarA,purchase,purchase,513,1,0.19,1,,,0.0,1.0
2026-08-09,Control,powerup,powerup_3,items,saga_progression,chapter_complete,core,513,459,89.47,1257,,,2.45,2.74
2026-08-09,Control,powerup,powerup_3,items,player_level_up,reward_chest,core,513,422,82.26,906,,,1.77,2.15
2026-08-09,Control,powerup,powerup_3,items,dream_pass_event,reward_event,meta,513,132,25.73,168,,,0.33,1.27
2026-08-09,Control,powerup,powerup_3,items,Hatchling Hideaway,event_reward,meta,513,153,29.82,157,,,0.31,1.03
2026-08-09,Control,powerup,powerup_3,items,ad_chest,ad_chest,ads,513,42,8.19,51,,,0.1,1.21
2026-08-09,Control,powerup,powerup_3,items,daily_reward,daily_reward,core,513,41,7.99,43,,,0.08,1.05
2026-08-09,Control,powerup,powerup_3,items,facebook_like,facebook_like,other,513,18,3.51,40,,,0.08,2.22
2026-08-09,Control,powerup,powerup_3,items,reward_chest,reward_chest,other,513,30,5.85,32,,,0.06,1.07
2026-08-09,Control,powerup,powerup_3,items,bundle_3_with_prelevel_boosters_tier3,purchase,purchase,513,2,0.39,28,,,0.05,14.0
2026-08-09,Control,powerup,powerup_3,items,ingame,purchase,purchase,513,3,0.58,18,,,0.04,6.0
2026-08-09,Control,powerup,powerup_3,items,bundle_1_with_prelevel_boosters_tier3,purchase,purchase,513,6,1.17,15,,,0.03,2.5
2026-08-09,Control,powerup,powerup_3,items,special_offer12,purchase,purchase,513,1,0.19,12,,,0.02,12.0
2026-08-09,Control,powerup,powerup_3,items,race_event,reward_event,meta,513,11,2.14,11,,,0.02,1.0
2026-08-09,Control,powerup,powerup_3,items,bundle_4_with_prelevel_boosters_tier3,purchase,purchase,513,2,0.39,10,,,0.02,5.0
2026-08-09,Control,powerup,powerup_3,items,bomb_event,reward_event,meta,513,8,1.56,9,,,0.02,1.13
2026-08-09,Control,powerup,powerup_3,items,offer_free_items,rolling_offer,meta,513,6,1.17,8,,,0.02,1.33
2026-08-09,Control,powerup,powerup_3,items,team_collection,reward_event,meta,513,3,0.58,6,,,0.01,2.0
2026-08-09,Control,powerup,powerup_3,items,bundle_3_with_prelevel_boosters2,purchase,purchase,513,1,0.19,4,,,0.01,4.0
2026-08-09,Control,powerup,powerup_3,items,team_versus,reward_event,meta,513,4,0.78,4,,,0.01,1.0
2026-08-09,Control,powerup,powerup_3,items,bundle_2_with_prelevel_boosters_tier3,purchase,purchase,513,2,0.39,3,,,0.01,1.5
2026-08-09,Control,powerup,powerup_3,items,special_offer11_tier3,purchase,purchase,513,1,0.19,3,,,0.01,3.0
2026-08-09,Control,powerup,powerup_3,items,special_offer8,purchase,purchase,513,1,0.19,2,,,0.0,2.0
2026-08-09,Control,powerup,powerup_3,items,special_offer8_tier3,purchase,purchase,513,1,0.19,2,,,0.0,2.0
2026-08-09,Control,powerup,powerup_3,items,bundle_2_with_prelevel_boosters,purchase,purchase,513,1,0.19,2,,,0.0,2.0
2026-08-09,Control,powerup,powerup_3,items,single_collection,reward_event,meta,513,2,0.39,2,,,0.0,1.0
2026-08-09,Control,powerup,powerup_3,items,rolling_offer_tier1_p799_tier3,purchase,purchase,513,1,0.19,2,,,0.0,2.0
2026-08-09,Control,powerup,powerup_3,items,bundle_2_with_prelevel_boosters2,purchase,purchase,513,1,0.19,2,,,0.0,2.0
2026-08-09,Control,powerup,powerup_3,items,bundle_7_with_prelevel_boosters2,purchase,purchase,513,2,0.39,2,,,0.0,1.0
2026-08-09,Control,powerup,powerup_3,items,kite_festival_event,reward_event,meta,513,1,0.19,1,,,0.0,1.0
2026-08-09,Control,powerup,powerup_3,items,bundle_7_with_prelevel_boosters_tier3,purchase,purchase,513,1,0.19,1,,,0.0,1.0
2026-08-09,Control,powerup,powerup_3,items,rolling_offer_tier1_p199_tier3,purchase,purchase,513,1,0.19,1,,,0.0,1.0
2026-08-09,Control,powerup,powerup_3,items,bundle_7_with_prelevel_boosters,purchase,purchase,513,1,0.19,1,,,0.0,1.0
2026-08-09,Control,powerup,powerup_3,items,rolling_offer_p799_VarA,purchase,purchase,513,1,0.19,1,,,0.0,1.0
2026-08-09,Control,powerup,powerup_3,items,bundle_1_with_prelevel_boosters,purchase,purchase,513,1,0.19,1,,,0.0,1.0
2026-08-09,Control,powerup,powerup_3,items,team_versus_contribution,reward_event,meta,513,1,0.19,1,,,0.0,1.0
2026-08-09,Control,powerup,powerup_3,items,season_pass_event,reward_event,meta,513,1,0.19,1,,,0.0,1.0
2026-08-09,Control,pre_level_booster,pre_level_booster_1,items,saga_progression,chapter_complete,core,513,488,95.13,2637,,,5.14,5.4
2026-08-09,Control,pre_level_booster,pre_level_booster_1,items,dream_pass_event,reward_event,meta,513,146,28.46,441,,,0.86,3.02
2026-08-09,Control,pre_level_booster,pre_level_booster_1,items,player_level_up,reward_chest,core,513,276,53.8,301,,,0.59,1.09
2026-08-09,Control,pre_level_booster,pre_level_booster_1,items,FlockRush,event_reward,meta,513,163,31.77,167,,,0.33,1.02
2026-08-09,Control,pre_level_booster,pre_level_booster_1,items,Hatchling Hideaway,event_reward,meta,513,139,27.1,148,,,0.29,1.06
2026-08-09,Control,pre_level_booster,pre_level_booster_1,items,offer_free_items,rolling_offer,meta,513,128,24.95,129,,,0.25,1.01
2026-08-09,Control,pre_level_booster,pre_level_booster_1,items,reward_chest,reward_chest,other,513,30,5.85,32,,,0.06,1.07
2026-08-09,Control,pre_level_booster,pre_level_booster_1,items,bundle_3_with_prelevel_boosters_tier3,purchase,purchase,513,2,0.39,28,,,0.05,14.0
2026-08-09,Control,pre_level_booster,pre_level_booster_1,items,ingame,purchase,purchase,513,5,0.97,24,,,0.05,4.8
2026-08-09,Control,pre_level_booster,pre_level_booster_1,items,bundle_1_with_prelevel_boosters_tier3,purchase,purchase,513,6,1.17,15,,,0.03,2.5
2026-08-09,Control,pre_level_booster,pre_level_booster_1,items,bundle_4_with_prelevel_boosters_tier3,purchase,purchase,513,2,0.39,10,,,0.02,5.0
2026-08-09,Control,pre_level_booster,pre_level_booster_1,items,ad_chest,ad_chest,ads,513,5,0.97,5,,,0.01,1.0
2026-08-09,Control,pre_level_booster,pre_level_booster_1,items,bundle_3_with_prelevel_boosters2,purchase,purchase,513,1,0.19,4,,,0.01,4.0
2026-08-09,Control,pre_level_booster,pre_level_booster_1,items,season_pass_event,reward_event,meta,513,2,0.39,4,,,0.01,2.0
2026-08-09,Control,pre_level_booster,pre_level_booster_1,items,bundle_2_with_prelevel_boosters_tier3,purchase,purchase,513,2,0.39,3,,,0.01,1.5
2026-08-09,Control,pre_level_booster,pre_level_booster_1,items,bundle_2_with_prelevel_boosters2,purchase,purchase,513,1,0.19,2,,,0.0,2.0
2026-08-09,Control,pre_level_booster,pre_level_booster_1,items,bundle_7_with_prelevel_boosters2,purchase,purchase,513,2,0.39,2,,,0.0,1.0
2026-08-09,Control,pre_level_booster,pre_level_booster_1,items,bundle_2_with_prelevel_boosters,purchase,purchase,513,1,0.19,2,,,0.0,2.0
2026-08-09,Control,pre_level_booster,pre_level_booster_1,items,rolling_offer_p799_VarA,purchase,purchase,513,1,0.19,1,,,0.0,1.0
2026-08-09,Control,pre_level_booster,pre_level_booster_1,items,bundle_7_with_prelevel_boosters_tier3,purchase,purchase,513,1,0.19,1,,,0.0,1.0
2026-08-09,Control,pre_level_booster,pre_level_booster_1,items,rolling_offer_tier1_p199_tier3,purchase,purchase,513,1,0.19,1,,,0.0,1.0
2026-08-09,Control,pre_level_booster,pre_level_booster_1,items,race_event,reward_event,meta,513,1,0.19,1,,,0.0,1.0
2026-08-09,Control,pre_level_booster,pre_level_booster_1,items,bundle_1_with_prelevel_boosters,purchase,purchase,513,1,0.19,1,,,0.0,1.0
2026-08-09,Control,pre_level_booster,pre_level_booster_1,items,bundle_7_with_prelevel_boosters,purchase,purchase,513,1,0.19,1,,,0.0,1.0
2026-08-09,Control,pre_level_booster,pre_level_booster_1,items,rolling_offer_tier1_p799_tier3,purchase,purchase,513,1,0.19,1,,,0.0,1.0
2026-08-09,Control,pre_level_booster,pre_level_booster_2,items,saga_progression,chapter_complete,core,513,494,96.3,2642,,,5.15,5.35
2026-08-09,Control,pre_level_booster,pre_level_booster_2,items,player_level_up,reward_chest,core,513,274,53.41,688,,,1.34,2.51
2026-08-09,Control,pre_level_booster,pre_level_booster_2,items,dream_pass_event,reward_event,meta,513,172,33.53,514,,,1.0,2.99
2026-08-09,Control,pre_level_booster,pre_level_booster_2,items,FlockRush,event_reward,meta,513,163,31.77,167,,,0.33,1.02
2026-08-09,Control,pre_level_booster,pre_level_booster_2,items,Hatchling Hideaway,event_reward,meta,513,143,27.88,147,,,0.29,1.03
2026-08-09,Control,pre_level_booster,pre_level_booster_2,items,offer_free_items,rolling_offer,meta,513,127,24.76,130,,,0.25,1.02
2026-08-09,Control,pre_level_booster,pre_level_booster_2,items,reward_chest,reward_chest,other,513,30,5.85,32,,,0.06,1.07
2026-08-09,Control,pre_level_booster,pre_level_booster_2,items,bundle_3_with_prelevel_boosters_tier3,purchase,purchase,513,2,0.39,28,,,0.05,14.0
2026-08-09,Control,pre_level_booster,pre_level_booster_2,items,ingame,purchase,purchase,513,4,0.78,18,,,0.04,4.5
2026-08-09,Control,pre_level_booster,pre_level_booster_2,items,bundle_1_with_prelevel_boosters_tier3,purchase,purchase,513,6,1.17,15,,,0.03,2.5
2026-08-09,Control,pre_level_booster,pre_level_booster_2,items,bundle_4_with_prelevel_boosters_tier3,purchase,purchase,513,2,0.39,10,,,0.02,5.0
2026-08-09,Control,pre_level_booster,pre_level_booster_2,items,season_pass_event,reward_event,meta,513,3,0.58,6,,,0.01,2.0
2026-08-09,Control,pre_level_booster,pre_level_booster_2,items,bundle_3_with_prelevel_boosters2,purchase,purchase,513,1,0.19,4,,,0.01,4.0
2026-08-09,Control,pre_level_booster,pre_level_booster_2,items,race_event,reward_event,meta,513,3,0.58,3,,,0.01,1.0
2026-08-09,Control,pre_level_booster,pre_level_booster_2,items,bundle_2_with_prelevel_boosters_tier3,purchase,purchase,513,2,0.39,3,,,0.01,1.5
2026-08-09,Control,pre_level_booster,pre_level_booster_2,items,bundle_2_with_prelevel_boosters2,purchase,purchase,513,1,0.19,2,,,0.0,2.0
2026-08-09,Control,pre_level_booster,pre_level_booster_2,items,bundle_2_with_prelevel_boosters,purchase,purchase,513,1,0.19,2,,,0.0,2.0
2026-08-09,Control,pre_level_booster,pre_level_booster_2,items,bundle_7_with_prelevel_boosters2,purchase,purchase,513,2,0.39,2,,,0.0,1.0
2026-08-09,Control,pre_level_booster,pre_level_booster_2,items,bundle_7_with_prelevel_boosters,purchase,purchase,513,1,0.19,1,,,0.0,1.0
2026-08-09,Control,pre_level_booster,pre_level_booster_2,items,rolling_offer_tier1_p799_tier3,purchase,purchase,513,1,0.19,1,,,0.0,1.0
2026-08-09,Control,pre_level_booster,pre_level_booster_2,items,bundle_1_with_prelevel_boosters,purchase,purchase,513,1,0.19,1,,,0.0,1.0
2026-08-09,Control,pre_level_booster,pre_level_booster_2,items,ad_chest,ad_chest,ads,513,1,0.19,1,,,0.0,1.0
2026-08-09,Control,pre_level_booster,pre_level_booster_2,items,rolling_offer_p799_VarA,purchase,purchase,513,1,0.19,1,,,0.0,1.0
2026-08-09,Control,pre_level_booster,pre_level_booster_2,items,bundle_7_with_prelevel_boosters_tier3,purchase,purchase,513,1,0.19,1,,,0.0,1.0
2026-08-09,Control,pre_level_booster,pre_level_booster_2,items,rolling_offer_tier1_p199_tier3,purchase,purchase,513,1,0.19,1,,,0.0,1.0
2026-08-09,Control,pre_level_booster,pre_level_booster_2,items,team_versus_contribution,reward_event,meta,513,1,0.19,1,,,0.0,1.0
2026-08-09,Control,pre_level_booster,pre_level_booster_3,items,saga_progression,chapter_complete,core,513,455,88.69,630,,,1.23,1.38
2026-08-09,Control,pre_level_booster,pre_level_booster_3,items,player_level_up,reward_chest,core,513,286,55.75,560,,,1.09,1.96
2026-08-09,Control,pre_level_booster,pre_level_booster_3,items,FlockRush,event_reward,meta,513,163,31.77,167,,,0.33,1.02
2026-08-09,Control,pre_level_booster,pre_level_booster_3,items,Hatchling Hideaway,event_reward,meta,513,153,29.82,157,,,0.31,1.03
2026-08-09,Control,pre_level_booster,pre_level_booster_3,items,dream_pass_event,reward_event,meta,513,108,21.05,156,,,0.3,1.44
2026-08-09,Control,pre_level_booster,pre_level_booster_3,items,offer_free_items,rolling_offer,meta,513,128,24.95,130,,,0.25,1.02
2026-08-09,Control,pre_level_booster,pre_level_booster_3,items,reward_chest,reward_chest,other,513,30,5.85,32,,,0.06,1.07
2026-08-09,Control,pre_level_booster,pre_level_booster_3,items,bundle_3_with_prelevel_boosters_tier3,purchase,purchase,513,2,0.39,28,,,0.05,14.0
2026-08-09,Control,pre_level_booster,pre_level_booster_3,items,ingame,purchase,purchase,513,4,0.78,21,,,0.04,5.25
2026-08-09,Control,pre_level_booster,pre_level_booster_3,items,bundle_1_with_prelevel_boosters_tier3,purchase,purchase,513,6,1.17,15,,,0.03,2.5
2026-08-09,Control,pre_level_booster,pre_level_booster_3,items,bundle_4_with_prelevel_boosters_tier3,purchase,purchase,513,2,0.39,10,,,0.02,5.0
2026-08-09,Control,pre_level_booster,pre_level_booster_3,items,race_event,reward_event,meta,513,9,1.75,9,,,0.02,1.0
2026-08-09,Control,pre_level_booster,pre_level_booster_3,items,bundle_3_with_prelevel_boosters2,purchase,purchase,513,1,0.19,4,,,0.01,4.0
2026-08-09,Control,pre_level_booster,pre_level_booster_3,items,bundle_2_with_prelevel_boosters_tier3,purchase,purchase,513,2,0.39,3,,,0.01,1.5
2026-08-09,Control,pre_level_booster,pre_level_booster_3,items,bundle_2_with_prelevel_boosters2,purchase,purchase,513,1,0.19,2,,,0.0,2.0
2026-08-09,Control,pre_level_booster,pre_level_booster_3,items,bundle_7_with_prelevel_boosters2,purchase,purchase,513,2,0.39,2,,,0.0,1.0
2026-08-09,Control,pre_level_booster,pre_level_booster_3,items,bundle_2_with_prelevel_boosters,purchase,purchase,513,1,0.19,2,,,0.0,2.0
2026-08-09,Control,pre_level_booster,pre_level_booster_3,items,bundle_7_with_prelevel_boosters,purchase,purchase,513,1,0.19,1,,,0.0,1.0
2026-08-09,Control,pre_level_booster,pre_level_booster_3,items,bundle_1_with_prelevel_boosters,purchase,purchase,513,1,0.19,1,,,0.0,1.0
2026-08-09,Control,pre_level_booster,pre_level_booster_3,items,ad_chest,ad_chest,ads,513,1,0.19,1,,,0.0,1.0
2026-08-09,Control,pre_level_booster,pre_level_booster_3,items,rolling_offer_p799_VarA,purchase,purchase,513,1,0.19,1,,,0.0,1.0
2026-08-09,Control,pre_level_booster,pre_level_booster_3,items,bundle_7_with_prelevel_boosters_tier3,purchase,purchase,513,1,0.19,1,,,0.0,1.0
2026-08-09,Control,pre_level_booster,pre_level_booster_3,items,rolling_offer_tier1_p799_tier3,purchase,purchase,513,1,0.19,1,,,0.0,1.0
2026-08-09,Control,pre_level_booster,pre_level_booster_3,items,rolling_offer_tier1_p199_tier3,purchase,purchase,513,1,0.19,1,,,0.0,1.0
2026-08-09,Control,pre_level_booster,pre_level_booster_3,items,kite_festival_event,reward_event,meta,513,1,0.19,1,,,0.0,1.0
2026-08-09,Control,season_pass_multiplier_2x,SeasonPassMultiplier2x,minutes,great_offer1_199_tier3,purchase,purchase,513,2,0.39,720,,,1.4,360.0
2026-08-09,Control,season_pass_tokens,SeasonPassToken,items,season_pass_event,event_reward,meta,513,2,0.39,62,,,0.12,31.0
2026-08-09,Control,ul_pre_booster,UnlimitedBooster1,minutes,dream_pass_event,reward_event,meta,513,165,32.16,3720,,,7.25,22.55
2026-08-09,Control,ul_pre_booster,UnlimitedBooster1,minutes,Hatchling Hideaway,event_reward,meta,513,154,30.02,1560,,,3.04,10.13
2026-08-09,Control,ul_pre_booster,UnlimitedBooster1,minutes,daily_reward,daily_reward,core,513,16,3.12,960,,,1.87,60.0
2026-08-09,Control,ul_pre_booster,UnlimitedBooster1,minutes,great_offer1_199_tier3,purchase,purchase,513,2,0.39,720,,,1.4,360.0
2026-08-09,Control,ul_pre_booster,UnlimitedBooster1,minutes,Hard_Level_Offer1,purchase,purchase,513,4,0.78,100,,,0.19,25.0
2026-08-09,Control,ul_pre_booster,UnlimitedBooster1,minutes,Hard_level_offer1_tier3,purchase,purchase,513,3,0.58,60,,,0.12,20.0
2026-08-09,Control,ul_pre_booster,UnlimitedBooster1,minutes,season_pass_event,reward_event,meta,513,2,0.39,50,,,0.1,25.0
2026-08-09,Control,ul_pre_booster,UnlimitedBooster2,minutes,dream_pass_event,reward_event,meta,513,112,21.83,1945,,,3.79,17.37
2026-08-09,Control,ul_pre_booster,UnlimitedBooster2,minutes,Hatchling Hideaway,event_reward,meta,513,129,25.15,1360,,,2.65,10.54
2026-08-09,Control,ul_pre_booster,UnlimitedBooster2,minutes,great_offer1_199_tier3,purchase,purchase,513,2,0.39,720,,,1.4,360.0
2026-08-09,Control,ul_pre_booster,UnlimitedBooster2,minutes,daily_reward,daily_reward,core,513,5,0.97,300,,,0.58,60.0
2026-08-09,Control,ul_pre_booster,UnlimitedBooster2,minutes,Hard_Level_Offer1,purchase,purchase,513,4,0.78,100,,,0.19,25.0
2026-08-09,Control,ul_pre_booster,UnlimitedBooster2,minutes,Hard_level_offer1_tier3,purchase,purchase,513,3,0.58,60,,,0.12,20.0
2026-08-09,Control,ul_pre_booster,UnlimitedBooster2,minutes,season_pass_event,reward_event,meta,513,2,0.39,30,,,0.06,15.0
2026-08-09,Control,ul_pre_booster,UnlimitedBooster3,minutes,great_offer1_199_tier3,purchase,purchase,513,2,0.39,720,,,1.4,360.0
2026-08-09,Control,ul_pre_booster,UnlimitedBooster3,minutes,daily_reward,daily_reward,core,513,7,1.36,210,,,0.41,30.0
2026-08-09,Control,ul_pre_booster,UnlimitedBooster3,minutes,Hard_Level_Offer1,purchase,purchase,513,4,0.78,100,,,0.19,25.0
2026-08-09,Control,ul_pre_booster,UnlimitedBooster3,minutes,dream_pass_event,reward_event,meta,513,5,0.97,90,,,0.18,18.0
2026-08-09,Control,ul_pre_booster,UnlimitedBooster3,minutes,Hard_level_offer1_tier3,purchase,purchase,513,3,0.58,60,,,0.12,20.0
2026-08-09,Control,unlimited_lives,UnlimitedLives,minutes,saga_progression,chapter_complete,core,513,497,96.88,95295,,,185.76,191.74
2026-08-09,Control,unlimited_lives,UnlimitedLives,minutes,player_level_up,reward_chest,core,513,436,84.99,51570,,,100.53,118.28
2026-08-09,Control,unlimited_lives,UnlimitedLives,minutes,FlockRush,event_reward,meta,513,419,81.68,25260,,,49.24,60.29
2026-08-09,Control,unlimited_lives,UnlimitedLives,minutes,dream_pass_event,reward_event,meta,513,179,34.89,16590,,,32.34,92.68
2026-08-09,Control,unlimited_lives,UnlimitedLives,minutes,Hatchling Hideaway,event_reward,meta,513,159,30.99,13590,,,26.49,85.47
2026-08-09,Control,unlimited_lives,UnlimitedLives,minutes,daily_reward,daily_reward,core,513,207,40.35,7965,,,15.53,38.48
2026-08-09,Control,unlimited_lives,UnlimitedLives,minutes,kite_festival_event,reward_event,meta,513,107,20.86,3210,,,6.26,30.0
2026-08-09,Control,unlimited_lives,UnlimitedLives,minutes,reward_chest,reward_chest,other,513,30,5.85,960,,,1.87,32.0
2026-08-09,Control,unlimited_lives,UnlimitedLives,minutes,ad_chest,ad_chest,ads,513,55,10.72,775,,,1.51,14.09
2026-08-09,Control,unlimited_lives,UnlimitedLives,minutes,offer_free_items,rolling_offer,meta,513,14,2.73,735,,,1.43,52.5
2026-08-09,Control,unlimited_lives,UnlimitedLives,minutes,great_offer1_199_tier3,purchase,purchase,513,2,0.39,720,,,1.4,360.0
2026-08-09,Control,unlimited_lives,UnlimitedLives,minutes,bundle_4_with_prelevel_boosters_tier3,purchase,purchase,513,2,0.39,720,,,1.4,360.0
2026-08-09,Control,unlimited_lives,UnlimitedLives,minutes,season_pass_event,reward_event,meta,513,2,0.39,195,,,0.38,97.5
2026-08-09,Control,unlimited_lives,UnlimitedLives,minutes,rolling_offer_p049_tier3,purchase,purchase,513,4,0.78,180,,,0.35,45.0
2026-08-09,Control,unlimited_lives,UnlimitedLives,minutes,rolling_offer_tier1_p799_tier3,purchase,purchase,513,1,0.19,120,,,0.23,120.0
2026-08-09,Control,unlimited_lives,UnlimitedLives,minutes,bundle_3_with_prelevel_boosters2,purchase,purchase,513,1,0.19,120,,,0.23,120.0
2026-08-09,Control,unlimited_lives,UnlimitedLives,minutes,Hard_Level_Offer1,purchase,purchase,513,4,0.78,100,,,0.19,25.0
2026-08-09,Control,unlimited_lives,UnlimitedLives,minutes,Hard_level_offer1_tier3,purchase,purchase,513,3,0.58,60,,,0.12,20.0
2026-08-09,Control,unlimited_lives,UnlimitedLives,minutes,rolling_offer_p799_VarA,purchase,purchase,513,1,0.19,60,,,0.12,60.0
2026-08-09,Control,unlimited_lives,UnlimitedLives,minutes,race_event,reward_event,meta,513,1,0.19,50,,,0.1,50.0
2026-08-09,Variant,Avatar,Avatar,items,saga_progression,chapter_complete,core,523,326,62.33,1160,,,2.22,3.56
2026-08-09,Variant,currency,HardCoin,coins,player_level_up,reward_chest,core,523,496,94.84,97780,97780,0,186.96,197.14
2026-08-09,Variant,currency,HardCoin,coins,saga_progression,chapter_complete,core,523,513,98.09,40295,40295,0,77.05,78.55
2026-08-09,Variant,currency,HardCoin,coins,dreamheist_event,reward_event,meta,523,378,72.28,37195,37195,0,71.12,98.4
2026-08-09,Variant,currency,HardCoin,coins,ArcheryArena,reward_event,meta,523,299,57.17,23825,23825,0,45.55,79.68
2026-08-09,Variant,currency,HardCoin,coins,Jigsaw,reward_event,meta,523,272,52.01,14000,14000,0,26.77,51.47
2026-08-09,Variant,currency,HardCoin,coins,race_event,reward_event,meta,523,349,66.73,12770,12770,0,24.42,36.59
2026-08-09,Variant,currency,HardCoin,coins,dream_pass_event,reward_event,meta,523,207,39.58,11475,11475,0,21.94,55.43
2026-08-09,Variant,currency,HardCoin,coins,daily_reward,daily_reward,core,523,299,57.17,6550,6550,0,12.52,21.91
2026-08-09,Variant,currency,HardCoin,coins,facebook_like,facebook_like,other,523,29,5.54,3600,3600,0,6.88,124.14
2026-08-09,Variant,currency,HardCoin,coins,reward_chest,reward_chest,other,523,31,5.93,3200,3200,0,6.12,103.23
2026-08-09,Variant,currency,HardCoin,coins,xs_coins_tier3,purchase,purchase,523,9,1.72,2700,0,2700,5.16,300.0
2026-08-09,Variant,currency,HardCoin,coins,ad_chest,ad_chest,ads,523,118,22.56,2625,2625,0,5.02,22.25
2026-08-09,Variant,currency,HardCoin,coins,special_offer1,purchase,purchase,523,5,0.96,1500,0,1500,2.87,300.0
2026-08-09,Variant,currency,HardCoin,coins,bundle_1_with_prelevel_boosters_tier3,purchase,purchase,523,4,0.76,1200,0,1200,2.29,300.0
2026-08-09,Variant,currency,HardCoin,coins,bundle_2_with_prelevel_boosters2,purchase,purchase,523,2,0.38,1000,0,1000,1.91,500.0
2026-08-09,Variant,currency,HardCoin,coins,bundle_3_with_prelevel_boosters_tier3,purchase,purchase,523,1,0.19,1000,0,1000,1.91,1000.0
2026-08-09,Variant,currency,HardCoin,coins,m_coins_tier3,purchase,purchase,523,1,0.19,1000,0,1000,1.91,1000.0
2026-08-09,Variant,currency,HardCoin,coins,s_coins_tier3,purchase,purchase,523,2,0.38,1000,0,1000,1.91,500.0
2026-08-09,Variant,currency,HardCoin,coins,special_offer1_tier3,purchase,purchase,523,3,0.57,900,0,900,1.72,300.0
2026-08-09,Variant,currency,HardCoin,coins,xs_coins2,purchase,purchase,523,5,0.96,900,0,900,1.72,180.0
2026-08-09,Variant,currency,HardCoin,coins,rolling_offer_tier1_p299_tier3,purchase,purchase,523,2,0.38,800,0,800,1.53,400.0
2026-08-09,Variant,currency,HardCoin,coins,bundle_2_with_prelevel_boosters_tier3,purchase,purchase,523,1,0.19,500,0,500,0.96,500.0
2026-08-09,Variant,currency,HardCoin,coins,heart_gift,heart_gift,other,523,108,20.65,406,406,0,0.78,3.76
2026-08-09,Variant,currency,HardCoin,coins,rolling_offer_tier1_p299,purchase,purchase,523,2,0.38,400,0,400,0.76,200.0
2026-08-09,Variant,currency,HardCoin,coins,Hard_Level_Offer1,purchase,purchase,523,3,0.57,400,0,400,0.76,133.33
2026-08-09,Variant,currency,HardCoin,coins,bundle_7_with_prelevel_boosters_tier3,purchase,purchase,523,1,0.19,300,0,300,0.57,300.0
2026-08-09,Variant,currency,HardCoin,coins,offer_free_items,rolling_offer,meta,523,2,0.38,250,250,0,0.48,125.0
2026-08-09,Variant,currency,HardCoin,coins,rolling_offer_p099_VarA,purchase,purchase,523,1,0.19,200,0,200,0.38,200.0
2026-08-09,Variant,currency,HardCoin,coins,great_offer1_199_tier3,purchase,purchase,523,2,0.38,200,0,200,0.38,100.0
2026-08-09,Variant,currency,HardCoin,coins,Hard_level_offer1_tier3,purchase,purchase,523,2,0.38,200,0,200,0.38,100.0
2026-08-09,Variant,currency,HardCoin,coins,rolling_offer_tier1_p199_tier3,purchase,purchase,523,1,0.19,200,0,200,0.38,200.0
2026-08-09,Variant,currency,HardCoin,coins,bundle_7_with_prelevel_boosters,purchase,purchase,523,1,0.19,150,0,150,0.29,150.0
2026-08-09,Variant,currency,HardCoin,coins,rolling_offer_p049_tier3,purchase,purchase,523,1,0.19,150,0,150,0.29,150.0
2026-08-09,Variant,currency,HardCoin,coins,team_versus,reward_event,meta,523,1,0.19,100,100,0,0.19,100.0
2026-08-09,Variant,currency,HardCoin,coins,chuck_event,reward_event,meta,523,1,0.19,100,100,0,0.19,100.0
2026-08-09,Variant,currency,HardCoin,coins,kite_festival_event,reward_event,meta,523,1,0.19,75,75,0,0.14,75.0
2026-08-09,Variant,currency,HardCoin,coins,team_versus_contribution,reward_event,meta,523,1,0.19,70,70,0,0.13,70.0
2026-08-09,Variant,currency,HardCoin,coins,bomb_event,reward_event,meta,523,1,0.19,50,50,0,0.1,50.0
2026-08-09,Variant,currency,HardCoin,coins,Hatchling Hideaway,event_reward,meta,523,3,0.57,35,35,0,0.07,11.67
2026-08-09,Variant,currency,HardCoin,coins,river_rush,reward_event,meta,523,1,0.19,30,30,0,0.06,30.0
2026-08-09,Variant,currency,HardCoin,coins,team_collection,reward_event,meta,523,1,0.19,30,30,0,0.06,30.0
2026-08-09,Variant,currency,HardCoin,coins,season_pass_event,reward_event,meta,523,1,0.19,10,10,0,0.02,10.0
2026-08-09,Variant,currency,HardCoin,coins,Rainbow Maker,reward_event,meta,523,1,0.19,10,10,0,0.02,10.0
2026-08-09,Variant,dream_pass_tokens,DreamPassToken,items,race_event,reward_event,meta,523,419,80.11,22195,,,42.44,52.97
2026-08-09,Variant,dream_pass_tokens,DreamPassToken,items,offer_free_items,rolling_offer,meta,523,157,30.02,7740,,,14.8,49.3
2026-08-09,Variant,dream_pass_tokens,DreamPassToken,items,kite_festival_event,reward_event,meta,523,1,0.19,100,,,0.19,100.0
2026-08-09,Variant,life,life,items,ask_for_lives,ask_for_lives,other,523,51,9.75,258,,,0.49,5.06
2026-08-09,Variant,life,life,items,ad_life,ad_life,ads,523,31,5.93,44,,,0.08,1.42
2026-08-09,Variant,life,liferefill,items,coin_purchase,coin_purchase,other,523,39,7.46,345,,,0.66,8.85
2026-08-09,Variant,orb,Reds_Greatest_Challenge,items,dream_pass_event,reward_event,meta,523,30,5.74,30,,,0.06,1.0
2026-08-09,Variant,powerup,powerup_1,items,player_level_up,reward_chest,core,523,291,55.64,309,,,0.59,1.06
2026-08-09,Variant,powerup,powerup_1,items,ArcheryArena,reward_event,meta,523,189,36.14,193,,,0.37,1.02
2026-08-09,Variant,powerup,powerup_1,items,race_event,reward_event,meta,523,184,35.18,188,,,0.36,1.02
2026-08-09,Variant,powerup,powerup_1,items,Jigsaw,reward_event,meta,523,132,25.24,134,,,0.26,1.02
2026-08-09,Variant,powerup,powerup_1,items,reward_chest,reward_chest,other,523,31,5.93,32,,,0.06,1.03
2026-08-09,Variant,powerup,powerup_1,items,dream_pass_event,reward_event,meta,523,12,2.29,31,,,0.06,2.58
2026-08-09,Variant,powerup,powerup_1,items,dreamheist_event,reward_event,meta,523,29,5.54,30,,,0.06,1.03
2026-08-09,Variant,powerup,powerup_1,items,ad_chest,ad_chest,ads,523,19,3.63,20,,,0.04,1.05
2026-08-09,Variant,powerup,powerup_1,items,daily_reward,daily_reward,core,523,8,1.53,8,,,0.02,1.0
2026-08-09,Variant,powerup,powerup_1,items,bundle_1_with_prelevel_boosters_tier3,purchase,purchase,523,4,0.76,6,,,0.01,1.5
2026-08-09,Variant,powerup,powerup_1,items,bundle_2_with_prelevel_boosters2,purchase,purchase,523,2,0.38,4,,,0.01,2.0
2026-08-09,Variant,powerup,powerup_1,items,bundle_7_with_prelevel_boosters_tier3,purchase,purchase,523,1,0.19,2,,,0.0,2.0
2026-08-09,Variant,powerup,powerup_1,items,rolling_offer_tier1_p299_tier3,purchase,purchase,523,2,0.38,2,,,0.0,1.0
2026-08-09,Variant,powerup,powerup_1,items,bundle_3_with_prelevel_boosters_tier3,purchase,purchase,523,1,0.19,2,,,0.0,2.0
2026-08-09,Variant,powerup,powerup_1,items,rolling_offer_tier1_p299,purchase,purchase,523,2,0.38,2,,,0.0,1.0
2026-08-09,Variant,powerup,powerup_1,items,offer_free_items,rolling_offer,meta,523,2,0.38,2,,,0.0,1.0
2026-08-09,Variant,powerup,powerup_1,items,team_versus_contribution,reward_event,meta,523,1,0.19,1,,,0.0,1.0
2026-08-09,Variant,powerup,powerup_1,items,bundle_7_with_prelevel_boosters,purchase,purchase,523,1,0.19,1,,,0.0,1.0
2026-08-09,Variant,powerup,powerup_1,items,rolling_offer_p099_VarA,purchase,purchase,523,1,0.19,1,,,0.0,1.0
2026-08-09,Variant,powerup,powerup_1,items,rolling_offer_p049_tier3,purchase,purchase,523,1,0.19,1,,,0.0,1.0
2026-08-09,Variant,powerup,powerup_1,items,team_versus,reward_event,meta,523,1,0.19,1,,,0.0,1.0
2026-08-09,Variant,powerup,powerup_1,items,bundle_2_with_prelevel_boosters_tier3,purchase,purchase,523,1,0.19,1,,,0.0,1.0
2026-08-09,Variant,powerup,powerup_1,items,Hatchling Hideaway,event_reward,meta,523,1,0.19,1,,,0.0,1.0
2026-08-09,Variant,powerup,powerup_1,items,saga_progression,chapter_complete,core,523,1,0.19,1,,,0.0,1.0
2026-08-09,Variant,powerup,powerup_1,items,rolling_offer_tier1_p199_tier3,purchase,purchase,523,1,0.19,1,,,0.0,1.0
2026-08-09,Variant,powerup,powerup_2,items,player_level_up,reward_chest,core,523,375,71.7,881,,,1.68,2.35
2026-08-09,Variant,powerup,powerup_2,items,saga_progression,chapter_complete,core,523,451,86.23,658,,,1.26,1.46
2026-08-09,Variant,powerup,powerup_2,items,dreamheist_event,reward_event,meta,523,273,52.2,279,,,0.53,1.02
2026-08-09,Variant,powerup,powerup_2,items,Jigsaw,reward_event,meta,523,131,25.05,132,,,0.25,1.01
2026-08-09,Variant,powerup,powerup_2,items,daily_reward,daily_reward,core,523,89,17.02,92,,,0.18,1.03
2026-08-09,Variant,powerup,powerup_2,items,dream_pass_event,reward_event,meta,523,43,8.22,65,,,0.12,1.51
2026-08-09,Variant,powerup,powerup_2,items,ad_chest,ad_chest,ads,523,48,9.18,56,,,0.11,1.17
2026-08-09,Variant,powerup,powerup_2,items,race_event,reward_event,meta,523,41,7.84,42,,,0.08,1.02
2026-08-09,Variant,powerup,powerup_2,items,ArcheryArena,reward_event,meta,523,36,6.88,36,,,0.07,1.0
2026-08-09,Variant,powerup,powerup_2,items,reward_chest,reward_chest,other,523,31,5.93,32,,,0.06,1.03
2026-08-09,Variant,powerup,powerup_2,items,ingame,purchase,purchase,523,4,0.76,12,,,0.02,3.0
2026-08-09,Variant,powerup,powerup_2,items,offer_free_items,rolling_offer,meta,523,5,0.96,8,,,0.02,1.6
2026-08-09,Variant,powerup,powerup_2,items,bundle_1_with_prelevel_boosters_tier3,purchase,purchase,523,4,0.76,6,,,0.01,1.5
2026-08-09,Variant,powerup,powerup_2,items,bundle_2_with_prelevel_boosters2,purchase,purchase,523,2,0.38,4,,,0.01,2.0
2026-08-09,Variant,powerup,powerup_2,items,bundle_3_with_prelevel_boosters_tier3,purchase,purchase,523,1,0.19,2,,,0.0,2.0
2026-08-09,Variant,powerup,powerup_2,items,rolling_offer_tier1_p299,purchase,purchase,523,2,0.38,2,,,0.0,1.0
2026-08-09,Variant,powerup,powerup_2,items,rolling_offer_tier1_p299_tier3,purchase,purchase,523,2,0.38,2,,,0.0,1.0
2026-08-09,Variant,powerup,powerup_2,items,bundle_7_with_prelevel_boosters_tier3,purchase,purchase,523,1,0.19,2,,,0.0,2.0
2026-08-09,Variant,powerup,powerup_2,items,team_collection,reward_event,meta,523,1,0.19,1,,,0.0,1.0
2026-08-09,Variant,powerup,powerup_2,items,rolling_offer_tier1_p199_tier3,purchase,purchase,523,1,0.19,1,,,0.0,1.0
2026-08-09,Variant,powerup,powerup_2,items,bundle_7_with_prelevel_boosters,purchase,purchase,523,1,0.19,1,,,0.0,1.0
2026-08-09,Variant,powerup,powerup_2,items,single_collection,reward_event,meta,523,1,0.19,1,,,0.0,1.0
2026-08-09,Variant,powerup,powerup_2,items,bundle_2_with_prelevel_boosters_tier3,purchase,purchase,523,1,0.19,1,,,0.0,1.0
2026-08-09,Variant,powerup,powerup_2,items,red_event,reward_event,meta,523,1,0.19,1,,,0.0,1.0
2026-08-09,Variant,powerup,powerup_2,items,kite_festival_event,reward_event,meta,523,1,0.19,1,,,0.0,1.0
2026-08-09,Variant,powerup,powerup_3,items,player_level_up,reward_chest,core,523,446,85.28,976,,,1.87,2.19
2026-08-09,Variant,powerup,powerup_3,items,saga_progression,chapter_complete,core,523,451,86.23,642,,,1.23,1.42
2026-08-09,Variant,powerup,powerup_3,items,dream_pass_event,reward_event,meta,523,140,26.77,181,,,0.35,1.29
2026-08-09,Variant,powerup,powerup_3,items,race_event,reward_event,meta,523,99,18.93,104,,,0.2,1.05
2026-08-09,Variant,powerup,powerup_3,items,facebook_like,facebook_like,other,523,29,5.54,72,,,0.14,2.48
2026-08-09,Variant,powerup,powerup_3,items,ArcheryArena,reward_event,meta,523,66,12.62,68,,,0.13,1.03
2026-08-09,Variant,powerup,powerup_3,items,ad_chest,ad_chest,ads,523,47,8.99,59,,,0.11,1.26
2026-08-09,Variant,powerup,powerup_3,items,reward_chest,reward_chest,other,523,31,5.93,32,,,0.06,1.03
2026-08-09,Variant,powerup,powerup_3,items,daily_reward,daily_reward,core,523,31,5.93,31,,,0.06,1.0
2026-08-09,Variant,powerup,powerup_3,items,ingame,purchase,purchase,523,2,0.38,6,,,0.01,3.0
2026-08-09,Variant,powerup,powerup_3,items,bundle_1_with_prelevel_boosters_tier3,purchase,purchase,523,4,0.76,6,,,0.01,1.5
2026-08-09,Variant,powerup,powerup_3,items,offer_free_items,rolling_offer,meta,523,5,0.96,5,,,0.01,1.0
2026-08-09,Variant,powerup,powerup_3,items,bundle_2_with_prelevel_boosters2,purchase,purchase,523,2,0.38,4,,,0.01,2.0
2026-08-09,Variant,powerup,powerup_3,items,chuck_event,reward_event,meta,523,2,0.38,2,,,0.0,1.0
2026-08-09,Variant,powerup,powerup_3,items,rolling_offer_tier1_p299_tier3,purchase,purchase,523,2,0.38,2,,,0.0,1.0
2026-08-09,Variant,powerup,powerup_3,items,bundle_3_with_prelevel_boosters_tier3,purchase,purchase,523,1,0.19,2,,,0.0,2.0
2026-08-09,Variant,powerup,powerup_3,items,bomb_event,reward_event,meta,523,2,0.38,2,,,0.0,1.0
2026-08-09,Variant,powerup,powerup_3,items,rolling_offer_tier1_p299,purchase,purchase,523,2,0.38,2,,,0.0,1.0
2026-08-09,Variant,powerup,powerup_3,items,Hatchling Hideaway,event_reward,meta,523,2,0.38,2,,,0.0,1.0
2026-08-09,Variant,powerup,powerup_3,items,red_event,reward_event,meta,523,2,0.38,2,,,0.0,1.0
2026-08-09,Variant,powerup,powerup_3,items,bundle_7_with_prelevel_boosters_tier3,purchase,purchase,523,1,0.19,2,,,0.0,2.0
2026-08-09,Variant,powerup,powerup_3,items,bundle_7_with_prelevel_boosters,purchase,purchase,523,1,0.19,1,,,0.0,1.0
2026-08-09,Variant,powerup,powerup_3,items,bundle_2_with_prelevel_boosters_tier3,purchase,purchase,523,1,0.19,1,,,0.0,1.0
2026-08-09,Variant,powerup,powerup_3,items,rolling_offer_tier1_p199_tier3,purchase,purchase,523,1,0.19,1,,,0.0,1.0
2026-08-09,Variant,powerup,powerup_3,items,team_versus,reward_event,meta,523,1,0.19,1,,,0.0,1.0
2026-08-09,Variant,pre_level_booster,pre_level_booster_1,items,saga_progression,chapter_complete,core,523,457,87.38,692,,,1.32,1.51
2026-08-09,Variant,pre_level_booster,pre_level_booster_1,items,dream_pass_event,reward_event,meta,523,166,31.74,495,,,0.95,2.98
2026-08-09,Variant,pre_level_booster,pre_level_booster_1,items,dreamheist_event,reward_event,meta,523,311,59.46,317,,,0.61,1.02
2026-08-09,Variant,pre_level_booster,pre_level_booster_1,items,player_level_up,reward_chest,core,523,286,54.68,311,,,0.59,1.09
2026-08-09,Variant,pre_level_booster,pre_level_booster_1,items,offer_free_items,rolling_offer,meta,523,161,30.78,164,,,0.31,1.02
2026-08-09,Variant,pre_level_booster,pre_level_booster_1,items,Jigsaw,reward_event,meta,523,157,30.02,157,,,0.3,1.0
2026-08-09,Variant,pre_level_booster,pre_level_booster_1,items,reward_chest,reward_chest,other,523,31,5.93,32,,,0.06,1.03
2026-08-09,Variant,pre_level_booster,pre_level_booster_1,items,ArcheryArena,reward_event,meta,523,11,2.1,11,,,0.02,1.0
2026-08-09,Variant,pre_level_booster,pre_level_booster_1,items,race_event,reward_event,meta,523,10,1.91,10,,,0.02,1.0
2026-08-09,Variant,pre_level_booster,pre_level_booster_1,items,bundle_1_with_prelevel_boosters_tier3,purchase,purchase,523,4,0.76,6,,,0.01,1.5
2026-08-09,Variant,pre_level_booster,pre_level_booster_1,items,bundle_2_with_prelevel_boosters2,purchase,purchase,523,2,0.38,4,,,0.01,2.0
2026-08-09,Variant,pre_level_booster,pre_level_booster_1,items,Hatchling Hideaway,event_reward,meta,523,2,0.38,3,,,0.01,1.5
2026-08-09,Variant,pre_level_booster,pre_level_booster_1,items,ad_chest,ad_chest,ads,523,3,0.57,3,,,0.01,1.0
2026-08-09,Variant,pre_level_booster,pre_level_booster_1,items,season_pass_event,reward_event,meta,523,1,0.19,2,,,0.0,2.0
2026-08-09,Variant,pre_level_booster,pre_level_booster_1,items,bundle_3_with_prelevel_boosters_tier3,purchase,purchase,523,1,0.19,2,,,0.0,2.0
2026-08-09,Variant,pre_level_booster,pre_level_booster_1,items,rolling_offer_tier1_p299_tier3,purchase,purchase,523,2,0.38,2,,,0.0,1.0
2026-08-09,Variant,pre_level_booster,pre_level_booster_1,items,rolling_offer_tier1_p299,purchase,purchase,523,2,0.38,2,,,0.0,1.0
2026-08-09,Variant,pre_level_booster,pre_level_booster_1,items,bundle_7_with_prelevel_boosters_tier3,purchase,purchase,523,1,0.19,2,,,0.0,2.0
2026-08-09,Variant,pre_level_booster,pre_level_booster_1,items,bundle_2_with_prelevel_boosters_tier3,purchase,purchase,523,1,0.19,1,,,0.0,1.0
2026-08-09,Variant,pre_level_booster,pre_level_booster_1,items,bundle_7_with_prelevel_boosters,purchase,purchase,523,1,0.19,1,,,0.0,1.0
2026-08-09,Variant,pre_level_booster,pre_level_booster_1,items,rolling_offer_tier1_p199_tier3,purchase,purchase,523,1,0.19,1,,,0.0,1.0
2026-08-09,Variant,pre_level_booster,pre_level_booster_2,items,player_level_up,reward_chest,core,523,296,56.6,789,,,1.51,2.67
2026-08-09,Variant,pre_level_booster,pre_level_booster_2,items,saga_progression,chapter_complete,core,523,457,87.38,654,,,1.25,1.43
2026-08-09,Variant,pre_level_booster,pre_level_booster_2,items,dream_pass_event,reward_event,meta,523,180,34.42,487,,,0.93,2.71
2026-08-09,Variant,pre_level_booster,pre_level_booster_2,items,dreamheist_event,reward_event,meta,523,244,46.65,249,,,0.48,1.02
2026-08-09,Variant,pre_level_booster,pre_level_booster_2,items,offer_free_items,rolling_offer,meta,523,159,30.4,162,,,0.31,1.02
2026-08-09,Variant,pre_level_booster,pre_level_booster_2,items,Jigsaw,reward_event,meta,523,159,30.4,162,,,0.31,1.02
2026-08-09,Variant,pre_level_booster,pre_level_booster_2,items,reward_chest,reward_chest,other,523,31,5.93,32,,,0.06,1.03
2026-08-09,Variant,pre_level_booster,pre_level_booster_2,items,race_event,reward_event,meta,523,31,5.93,31,,,0.06,1.0
2026-08-09,Variant,pre_level_booster,pre_level_booster_2,items,ArcheryArena,reward_event,meta,523,23,4.4,24,,,0.05,1.04
2026-08-09,Variant,pre_level_booster,pre_level_booster_2,items,bundle_1_with_prelevel_boosters_tier3,purchase,purchase,523,4,0.76,6,,,0.01,1.5
2026-08-09,Variant,pre_level_booster,pre_level_booster_2,items,bundle_2_with_prelevel_boosters2,purchase,purchase,523,2,0.38,4,,,0.01,2.0
2026-08-09,Variant,pre_level_booster,pre_level_booster_2,items,ad_chest,ad_chest,ads,523,3,0.57,3,,,0.01,1.0
2026-08-09,Variant,pre_level_booster,pre_level_booster_2,items,rolling_offer_tier1_p299_tier3,purchase,purchase,523,2,0.38,2,,,0.0,1.0
2026-08-09,Variant,pre_level_booster,pre_level_booster_2,items,bundle_7_with_prelevel_boosters_tier3,purchase,purchase,523,1,0.19,2,,,0.0,2.0
2026-08-09,Variant,pre_level_booster,pre_level_booster_2,items,Hatchling Hideaway,event_reward,meta,523,2,0.38,2,,,0.0,1.0
2026-08-09,Variant,pre_level_booster,pre_level_booster_2,items,bundle_3_with_prelevel_boosters_tier3,purchase,purchase,523,1,0.19,2,,,0.0,2.0
2026-08-09,Variant,pre_level_booster,pre_level_booster_2,items,rolling_offer_tier1_p299,purchase,purchase,523,2,0.38,2,,,0.0,1.0
2026-08-09,Variant,pre_level_booster,pre_level_booster_2,items,rolling_offer_tier1_p199_tier3,purchase,purchase,523,1,0.19,1,,,0.0,1.0
2026-08-09,Variant,pre_level_booster,pre_level_booster_2,items,bundle_2_with_prelevel_boosters_tier3,purchase,purchase,523,1,0.19,1,,,0.0,1.0
2026-08-09,Variant,pre_level_booster,pre_level_booster_2,items,bundle_7_with_prelevel_boosters,purchase,purchase,523,1,0.19,1,,,0.0,1.0
2026-08-09,Variant,pre_level_booster,pre_level_booster_3,items,saga_progression,chapter_complete,core,523,461,88.15,650,,,1.24,1.41
2026-08-09,Variant,pre_level_booster,pre_level_booster_3,items,player_level_up,reward_chest,core,523,294,56.21,617,,,1.18,2.1
2026-08-09,Variant,pre_level_booster,pre_level_booster_3,items,offer_free_items,rolling_offer,meta,523,158,30.21,162,,,0.31,1.03
2026-08-09,Variant,pre_level_booster,pre_level_booster_3,items,dream_pass_event,reward_event,meta,523,107,20.46,158,,,0.3,1.48
2026-08-09,Variant,pre_level_booster,pre_level_booster_3,items,Jigsaw,reward_event,meta,523,132,25.24,134,,,0.26,1.02
2026-08-09,Variant,pre_level_booster,pre_level_booster_3,items,race_event,reward_event,meta,523,76,14.53,77,,,0.15,1.01
2026-08-09,Variant,pre_level_booster,pre_level_booster_3,items,ArcheryArena,reward_event,meta,523,44,8.41,45,,,0.09,1.02
2026-08-09,Variant,pre_level_booster,pre_level_booster_3,items,reward_chest,reward_chest,other,523,31,5.93,32,,,0.06,1.03
2026-08-09,Variant,pre_level_booster,pre_level_booster_3,items,bundle_1_with_prelevel_boosters_tier3,purchase,purchase,523,4,0.76,6,,,0.01,1.5
2026-08-09,Variant,pre_level_booster,pre_level_booster_3,items,bundle_2_with_prelevel_boosters2,purchase,purchase,523,2,0.38,4,,,0.01,2.0
2026-08-09,Variant,pre_level_booster,pre_level_booster_3,items,bundle_7_with_prelevel_boosters_tier3,purchase,purchase,523,1,0.19,2,,,0.0,2.0
2026-08-09,Variant,pre_level_booster,pre_level_booster_3,items,bundle_3_with_prelevel_boosters_tier3,purchase,purchase,523,1,0.19,2,,,0.0,2.0
2026-08-09,Variant,pre_level_booster,pre_level_booster_3,items,rolling_offer_tier1_p299_tier3,purchase,purchase,523,2,0.38,2,,,0.0,1.0
2026-08-09,Variant,pre_level_booster,pre_level_booster_3,items,Hatchling Hideaway,event_reward,meta,523,2,0.38,2,,,0.0,1.0
2026-08-09,Variant,pre_level_booster,pre_level_booster_3,items,rolling_offer_tier1_p299,purchase,purchase,523,2,0.38,2,,,0.0,1.0
2026-08-09,Variant,pre_level_booster,pre_level_booster_3,items,bundle_7_with_prelevel_boosters,purchase,purchase,523,1,0.19,1,,,0.0,1.0
2026-08-09,Variant,pre_level_booster,pre_level_booster_3,items,bundle_2_with_prelevel_boosters_tier3,purchase,purchase,523,1,0.19,1,,,0.0,1.0
2026-08-09,Variant,pre_level_booster,pre_level_booster_3,items,team_versus_contribution,reward_event,meta,523,1,0.19,1,,,0.0,1.0
2026-08-09,Variant,pre_level_booster,pre_level_booster_3,items,rolling_offer_tier1_p199_tier3,purchase,purchase,523,1,0.19,1,,,0.0,1.0
2026-08-09,Variant,season_pass_multiplier_2x,SeasonPassMultiplier2x,minutes,great_offer1_199_tier3,purchase,purchase,523,2,0.38,720,,,1.38,360.0
2026-08-09,Variant,season_pass_tokens,SeasonPassToken,items,season_pass_event,event_reward,meta,523,2,0.38,22,,,0.04,11.0
2026-08-09,Variant,ul_pre_booster,UnlimitedBooster1,minutes,dream_pass_event,reward_event,meta,523,177,33.84,3705,,,7.08,20.93
2026-08-09,Variant,ul_pre_booster,UnlimitedBooster1,minutes,Jigsaw,reward_event,meta,523,199,38.05,3530,,,6.75,17.74
2026-08-09,Variant,ul_pre_booster,UnlimitedBooster1,minutes,great_offer1_199_tier3,purchase,purchase,523,2,0.38,720,,,1.38,360.0
2026-08-09,Variant,ul_pre_booster,UnlimitedBooster1,minutes,daily_reward,daily_reward,core,523,9,1.72,540,,,1.03,60.0
2026-08-09,Variant,ul_pre_booster,UnlimitedBooster1,minutes,Hard_Level_Offer1,purchase,purchase,523,3,0.57,80,,,0.15,26.67
2026-08-09,Variant,ul_pre_booster,UnlimitedBooster1,minutes,Hard_level_offer1_tier3,purchase,purchase,523,2,0.38,40,,,0.08,20.0
2026-08-09,Variant,ul_pre_booster,UnlimitedBooster1,minutes,Hatchling Hideaway,event_reward,meta,523,1,0.19,10,,,0.02,10.0
2026-08-09,Variant,ul_pre_booster,UnlimitedBooster1,minutes,season_pass_event,reward_event,meta,523,1,0.19,10,,,0.02,10.0
2026-08-09,Variant,ul_pre_booster,UnlimitedBooster2,minutes,Jigsaw,reward_event,meta,523,226,43.21,3505,,,6.7,15.51
2026-08-09,Variant,ul_pre_booster,UnlimitedBooster2,minutes,dream_pass_event,reward_event,meta,523,125,23.9,2205,,,4.22,17.64
2026-08-09,Variant,ul_pre_booster,UnlimitedBooster2,minutes,daily_reward,daily_reward,core,523,13,2.49,780,,,1.49,60.0
2026-08-09,Variant,ul_pre_booster,UnlimitedBooster2,minutes,great_offer1_199_tier3,purchase,purchase,523,2,0.38,720,,,1.38,360.0
2026-08-09,Variant,ul_pre_booster,UnlimitedBooster2,minutes,Hard_Level_Offer1,purchase,purchase,523,3,0.57,80,,,0.15,26.67
2026-08-09,Variant,ul_pre_booster,UnlimitedBooster2,minutes,Hard_level_offer1_tier3,purchase,purchase,523,2,0.38,40,,,0.08,20.0
2026-08-09,Variant,ul_pre_booster,UnlimitedBooster3,minutes,Jigsaw,reward_event,meta,523,251,47.99,3610,,,6.9,14.38
2026-08-09,Variant,ul_pre_booster,UnlimitedBooster3,minutes,great_offer1_199_tier3,purchase,purchase,523,2,0.38,720,,,1.38,360.0
2026-08-09,Variant,ul_pre_booster,UnlimitedBooster3,minutes,dream_pass_event,reward_event,meta,523,12,2.29,275,,,0.53,22.92
2026-08-09,Variant,ul_pre_booster,UnlimitedBooster3,minutes,daily_reward,daily_reward,core,523,5,0.96,150,,,0.29,30.0
2026-08-09,Variant,ul_pre_booster,UnlimitedBooster3,minutes,Hard_Level_Offer1,purchase,purchase,523,3,0.57,80,,,0.15,26.67
2026-08-09,Variant,ul_pre_booster,UnlimitedBooster3,minutes,Hard_level_offer1_tier3,purchase,purchase,523,2,0.38,40,,,0.08,20.0
2026-08-09,Variant,unlimited_lives,UnlimitedLives,minutes,saga_progression,chapter_complete,core,523,519,99.24,173600,,,331.93,334.49
2026-08-09,Variant,unlimited_lives,UnlimitedLives,minutes,player_level_up,reward_chest,core,523,455,87.0,56640,,,108.3,124.48
2026-08-09,Variant,unlimited_lives,UnlimitedLives,minutes,Jigsaw,reward_event,meta,523,266,50.86,22140,,,42.33,83.23
2026-08-09,Variant,unlimited_lives,UnlimitedLives,minutes,dream_pass_event,reward_event,meta,523,190,36.33,17850,,,34.13,93.95
2026-08-09,Variant,unlimited_lives,UnlimitedLives,minutes,dreamheist_event,reward_event,meta,523,378,72.28,11810,,,22.58,31.24
2026-08-09,Variant,unlimited_lives,UnlimitedLives,minutes,ArcheryArena,reward_event,meta,523,232,44.36,7230,,,13.82,31.16
2026-08-09,Variant,unlimited_lives,UnlimitedLives,minutes,daily_reward,daily_reward,core,523,187,35.76,7150,,,13.67,38.24
2026-08-09,Variant,unlimited_lives,UnlimitedLives,minutes,kite_festival_event,reward_event,meta,523,141,26.96,4230,,,8.09,30.0
2026-08-09,Variant,unlimited_lives,UnlimitedLives,minutes,reward_chest,reward_chest,other,523,31,5.93,960,,,1.84,30.97
2026-08-09,Variant,unlimited_lives,UnlimitedLives,minutes,ad_chest,ad_chest,ads,523,55,10.52,795,,,1.52,14.45
2026-08-09,Variant,unlimited_lives,UnlimitedLives,minutes,great_offer1_199_tier3,purchase,purchase,523,2,0.38,720,,,1.38,360.0
2026-08-09,Variant,unlimited_lives,UnlimitedLives,minutes,offer_free_items,rolling_offer,meta,523,9,1.72,505,,,0.97,56.11
2026-08-09,Variant,unlimited_lives,UnlimitedLives,minutes,Hatchling Hideaway,event_reward,meta,523,2,0.38,240,,,0.46,120.0
2026-08-09,Variant,unlimited_lives,UnlimitedLives,minutes,race_event,reward_event,meta,523,3,0.57,150,,,0.29,50.0
2026-08-09,Variant,unlimited_lives,UnlimitedLives,minutes,Hard_Level_Offer1,purchase,purchase,523,3,0.57,80,,,0.15,26.67
2026-08-09,Variant,unlimited_lives,UnlimitedLives,minutes,season_pass_event,reward_event,meta,523,1,0.19,75,,,0.14,75.0
2026-08-09,Variant,unlimited_lives,UnlimitedLives,minutes,rolling_offer_tier1_p299_tier3,purchase,purchase,523,2,0.38,60,,,0.11,30.0
2026-08-09,Variant,unlimited_lives,UnlimitedLives,minutes,rolling_offer_p099_VarA,purchase,purchase,523,1,0.19,45,,,0.09,45.0
2026-08-09,Variant,unlimited_lives,UnlimitedLives,minutes,rolling_offer_p049_tier3,purchase,purchase,523,1,0.19,45,,,0.09,45.0
2026-08-09,Variant,unlimited_lives,UnlimitedLives,minutes,Hard_level_offer1_tier3,purchase,purchase,523,2,0.38,40,,,0.08,20.0
2026-08-10,Control,Avatar,Avatar,items,saga_progression,chapter_complete,core,529,320,60.49,1016,,,1.92,3.18
2026-08-10,Control,currency,HardCoin,coins,saga_progression,chapter_complete,core,529,527,99.62,143845,143845,0,271.92,272.95
2026-08-10,Control,currency,HardCoin,coins,player_level_up,reward_chest,core,529,500,94.52,92535,92535,0,174.92,185.07
2026-08-10,Control,currency,HardCoin,coins,single_collection,reward_event,meta,529,323,61.06,55000,55000,0,103.97,170.28
2026-08-10,Control,currency,HardCoin,coins,team_versus,reward_event,meta,529,166,31.38,16700,16700,0,31.57,100.6
2026-08-10,Control,currency,HardCoin,coins,bomb_ballet_event,reward_event,meta,529,382,72.21,13725,13725,0,25.95,35.93
2026-08-10,Control,currency,HardCoin,coins,team_versus_contribution,reward_event,meta,529,217,41.02,13300,13300,0,25.14,61.29
2026-08-10,Control,currency,HardCoin,coins,dream_pass_event,reward_event,meta,529,164,31.0,10310,10310,0,19.49,62.87
2026-08-10,Control,currency,HardCoin,coins,daily_reward,daily_reward,core,529,290,54.82,9665,9665,0,18.27,33.33
2026-08-10,Control,currency,HardCoin,coins,bundle_3_with_prelevel_boosters_tier3,purchase,purchase,529,3,0.57,9000,0,9000,17.01,3000.0
2026-08-10,Control,currency,HardCoin,coins,bundle_1_with_prelevel_boosters_tier3,purchase,purchase,529,8,1.51,4600,0,4600,8.7,575.0
2026-08-10,Control,currency,HardCoin,coins,reward_chest,reward_chest,other,529,35,6.62,3600,3600,0,6.81,102.86
2026-08-10,Control,currency,HardCoin,coins,xs_coins2,purchase,purchase,529,10,1.89,3400,0,3400,6.43,340.0
2026-08-10,Control,currency,HardCoin,coins,m_coins_tier3,purchase,purchase,529,1,0.19,3000,0,3000,5.67,3000.0
2026-08-10,Control,currency,HardCoin,coins,ad_chest,ad_chest,ads,529,110,20.79,2725,2725,0,5.15,24.77
2026-08-10,Control,currency,HardCoin,coins,s_coins_tier3,purchase,purchase,529,2,0.38,2500,0,2500,4.73,1250.0
2026-08-10,Control,currency,HardCoin,coins,facebook_like,facebook_like,other,529,22,4.16,2400,2400,0,4.54,109.09
2026-08-10,Control,currency,HardCoin,coins,special_offer1_tier3,purchase,purchase,529,8,1.51,2400,0,2400,4.54,300.0
2026-08-10,Control,currency,HardCoin,coins,xs_coins_tier3,purchase,purchase,529,7,1.32,2250,0,2250,4.25,321.43
2026-08-10,Control,currency,HardCoin,coins,bundle_2_with_prelevel_boosters2,purchase,purchase,529,1,0.19,2000,0,2000,3.78,2000.0
2026-08-10,Control,currency,HardCoin,coins,bundle_2_with_prelevel_boosters_tier3,purchase,purchase,529,4,0.76,2000,0,2000,3.78,500.0
2026-08-10,Control,currency,HardCoin,coins,Hatchling Hideaway,event_reward,meta,529,50,9.45,1890,1890,0,3.57,37.8
2026-08-10,Control,currency,HardCoin,coins,kite_festival_event,reward_event,meta,529,5,0.95,1300,1300,0,2.46,260.0
2026-08-10,Control,currency,HardCoin,coins,rolling_offer_tier1_p1499_VarA,purchase,purchase,529,1,0.19,1000,0,1000,1.89,1000.0
2026-08-10,Control,currency,HardCoin,coins,s_coins2,purchase,purchase,529,1,0.19,1000,0,1000,1.89,1000.0
2026-08-10,Control,currency,HardCoin,coins,bundle_7_with_prelevel_boosters2,purchase,purchase,529,2,0.38,600,0,600,1.13,300.0
2026-08-10,Control,currency,HardCoin,coins,special_offer1,purchase,purchase,529,2,0.38,600,0,600,1.13,300.0
2026-08-10,Control,currency,HardCoin,coins,rolling_offer_p799_VarA,purchase,purchase,529,1,0.19,500,0,500,0.95,500.0
2026-08-10,Control,currency,HardCoin,coins,Hard_Level_Offer1,purchase,purchase,529,5,0.95,500,0,500,0.95,100.0
2026-08-10,Control,currency,HardCoin,coins,bundle_7_with_prelevel_boosters,purchase,purchase,529,3,0.57,450,0,450,0.85,150.0
2026-08-10,Control,currency,HardCoin,coins,race_event,reward_event,meta,529,6,1.13,450,450,0,0.85,75.0
2026-08-10,Control,currency,HardCoin,coins,rolling_offer_tier1_p299,purchase,purchase,529,2,0.38,400,0,400,0.76,200.0
2026-08-10,Control,currency,HardCoin,coins,ArcheryArena,reward_event,meta,529,2,0.38,400,400,0,0.76,200.0
2026-08-10,Control,currency,HardCoin,coins,special_offer8_tier3,purchase,purchase,529,1,0.19,400,0,400,0.76,400.0
2026-08-10,Control,currency,HardCoin,coins,special_offer10,purchase,purchase,529,1,0.19,300,0,300,0.57,300.0
2026-08-10,Control,currency,HardCoin,coins,rolling_offer_p049_tier3,purchase,purchase,529,2,0.38,300,0,300,0.57,150.0
2026-08-10,Control,currency,HardCoin,coins,bundle_7_with_prelevel_boosters_tier3,purchase,purchase,529,2,0.38,300,0,300,0.57,150.0
2026-08-10,Control,currency,HardCoin,coins,offer_free_items,rolling_offer,meta,529,2,0.38,300,300,0,0.57,150.0
2026-08-10,Control,currency,HardCoin,coins,heart_gift,heart_gift,other,529,108,20.42,281,281,0,0.53,2.6
2026-08-10,Control,currency,HardCoin,coins,special_offer8,purchase,purchase,529,1,0.19,250,0,250,0.47,250.0
2026-08-10,Control,currency,HardCoin,coins,special_offer9,purchase,purchase,529,1,0.19,250,0,250,0.47,250.0
2026-08-10,Control,currency,HardCoin,coins,team_collection,reward_event,meta,529,5,0.95,250,250,0,0.47,50.0
2026-08-10,Control,currency,HardCoin,coins,bomb_event,reward_event,meta,529,1,0.19,200,200,0,0.38,200.0
2026-08-10,Control,currency,HardCoin,coins,chuck_event,reward_event,meta,529,1,0.19,200,200,0,0.38,200.0
2026-08-10,Control,currency,HardCoin,coins,Hard_level_offer1_tier3,purchase,purchase,529,2,0.38,200,0,200,0.38,100.0
2026-08-10,Control,currency,HardCoin,coins,great_offer1_199_tier3,purchase,purchase,529,1,0.19,100,0,100,0.19,100.0
2026-08-10,Control,currency,HardCoin,coins,red_event,reward_event,meta,529,1,0.19,50,50,0,0.09,50.0
2026-08-10,Control,currency,HardCoin,coins,season_pass_event,reward_event,meta,529,2,0.38,40,40,0,0.08,20.0
2026-08-10,Control,currency,HardCoin,coins,Jigsaw,reward_event,meta,529,1,0.19,25,25,0,0.05,25.0
2026-08-10,Control,dream_pass_tokens,DreamPassToken,items,offer_free_items,rolling_offer,meta,529,111,20.98,5440,,,10.28,49.01
2026-08-10,Control,dream_pass_tokens,DreamPassToken,items,FlockRush,event_reward,meta,529,199,37.62,4120,,,7.79,20.7
2026-08-10,Control,dream_pass_tokens,DreamPassToken,items,kite_festival_event,reward_event,meta,529,7,1.32,2060,,,3.89,294.29
2026-08-10,Control,dream_pass_tokens,DreamPassToken,items,race_event,reward_event,meta,529,5,0.95,250,,,0.47,50.0
2026-08-10,Control,life,life,items,ask_for_lives,ask_for_lives,other,529,54,10.21,243,,,0.46,4.5
2026-08-10,Control,life,life,items,ad_life,ad_life,ads,529,42,7.94,63,,,0.12,1.5
2026-08-10,Control,life,liferefill,items,coin_purchase,coin_purchase,other,529,47,8.88,535,,,1.01,11.38
2026-08-10,Control,orb,Movie_Magic,items,dream_pass_event,reward_event,meta,529,1,0.19,1,,,0.0,1.0
2026-08-10,Control,orb,Reds_Greatest_Challenge,items,dream_pass_event,reward_event,meta,529,48,9.07,48,,,0.09,1.0
2026-08-10,Control,powerup,powerup_1,items,saga_progression,chapter_complete,core,529,476,89.98,662,,,1.25,1.39
2026-08-10,Control,powerup,powerup_1,items,player_level_up,reward_chest,core,529,307,58.03,334,,,0.63,1.09
2026-08-10,Control,powerup,powerup_1,items,single_collection,reward_event,meta,529,223,42.16,232,,,0.44,1.04
2026-08-10,Control,powerup,powerup_1,items,team_versus,reward_event,meta,529,221,41.78,223,,,0.42,1.01
2026-08-10,Control,powerup,powerup_1,items,team_versus_contribution,reward_event,meta,529,175,33.08,176,,,0.33,1.01
2026-08-10,Control,powerup,powerup_1,items,reward_chest,reward_chest,other,529,35,6.62,36,,,0.07,1.03
2026-08-10,Control,powerup,powerup_1,items,ad_chest,ad_chest,ads,529,24,4.54,27,,,0.05,1.13
2026-08-10,Control,powerup,powerup_1,items,Hatchling Hideaway,event_reward,meta,529,25,4.73,25,,,0.05,1.0
2026-08-10,Control,powerup,powerup_1,items,bundle_1_with_prelevel_boosters_tier3,purchase,purchase,529,8,1.51,23,,,0.04,2.88
2026-08-10,Control,powerup,powerup_1,items,bundle_3_with_prelevel_boosters_tier3,purchase,purchase,529,3,0.57,18,,,0.03,6.0
2026-08-10,Control,powerup,powerup_1,items,dream_pass_event,reward_event,meta,529,5,0.95,15,,,0.03,3.0
2026-08-10,Control,powerup,powerup_1,items,ingame,purchase,purchase,529,4,0.76,12,,,0.02,3.0
2026-08-10,Control,powerup,powerup_1,items,bomb_ballet_event,reward_event,meta,529,10,1.89,10,,,0.02,1.0
2026-08-10,Control,powerup,powerup_1,items,bundle_2_with_prelevel_boosters2,purchase,purchase,529,1,0.19,8,,,0.02,8.0
2026-08-10,Control,powerup,powerup_1,items,daily_reward,daily_reward,core,529,5,0.95,5,,,0.01,1.0
2026-08-10,Control,powerup,powerup_1,items,race_event,reward_event,meta,529,4,0.76,4,,,0.01,1.0
2026-08-10,Control,powerup,powerup_1,items,bundle_2_with_prelevel_boosters_tier3,purchase,purchase,529,4,0.76,4,,,0.01,1.0
2026-08-10,Control,powerup,powerup_1,items,bundle_7_with_prelevel_boosters,purchase,purchase,529,3,0.57,3,,,0.01,1.0
2026-08-10,Control,powerup,powerup_1,items,kite_festival_event,reward_event,meta,529,3,0.57,3,,,0.01,1.0
2026-08-10,Control,powerup,powerup_1,items,rolling_offer_tier1_p299,purchase,purchase,529,2,0.38,2,,,0.0,1.0
2026-08-10,Control,powerup,powerup_1,items,offer_free_items,rolling_offer,meta,529,2,0.38,2,,,0.0,1.0
2026-08-10,Control,powerup,powerup_1,items,bundle_7_with_prelevel_boosters2,purchase,purchase,529,2,0.38,2,,,0.0,1.0
2026-08-10,Control,powerup,powerup_1,items,rolling_offer_p049_tier3,purchase,purchase,529,2,0.38,2,,,0.0,1.0
2026-08-10,Control,powerup,powerup_1,items,bundle_7_with_prelevel_boosters_tier3,purchase,purchase,529,2,0.38,2,,,0.0,1.0
2026-08-10,Control,powerup,powerup_1,items,special_offer8_tier3,purchase,purchase,529,1,0.19,1,,,0.0,1.0
2026-08-10,Control,powerup,powerup_1,items,special_offer9,purchase,purchase,529,1,0.19,1,,,0.0,1.0
2026-08-10,Control,powerup,powerup_1,items,special_offer10,purchase,purchase,529,1,0.19,1,,,0.0,1.0
2026-08-10,Control,powerup,powerup_1,items,rolling_offer_tier1_p1499_VarA,purchase,purchase,529,1,0.19,1,,,0.0,1.0
2026-08-10,Control,powerup,powerup_1,items,rolling_offer_p799_VarA,purchase,purchase,529,1,0.19,1,,,0.0,1.0
2026-08-10,Control,powerup,powerup_1,items,bomb_event,reward_event,meta,529,1,0.19,1,,,0.0,1.0
2026-08-10,Control,powerup,powerup_1,items,ArcheryArena,reward_event,meta,529,1,0.19,1,,,0.0,1.0
2026-08-10,Control,powerup,powerup_1,items,chuck_event,reward_event,meta,529,1,0.19,1,,,0.0,1.0
2026-08-10,Control,powerup,powerup_1,items,special_offer8,purchase,purchase,529,1,0.19,1,,,0.0,1.0
2026-08-10,Control,powerup,powerup_2,items,saga_progression,chapter_complete,core,529,488,92.25,1342,,,2.54,2.75
2026-08-10,Control,powerup,powerup_2,items,player_level_up,reward_chest,core,529,379,71.64,812,,,1.53,2.14
2026-08-10,Control,powerup,powerup_2,items,FlockRush,event_reward,meta,529,201,38.0,208,,,0.39,1.03
2026-08-10,Control,powerup,powerup_2,items,daily_reward,daily_reward,core,529,91,17.2,92,,,0.17,1.01
2026-08-10,Control,powerup,powerup_2,items,team_versus,reward_event,meta,529,71,13.42,72,,,0.14,1.01
2026-08-10,Control,powerup,powerup_2,items,ad_chest,ad_chest,ads,529,49,9.26,63,,,0.12,1.29
2026-08-10,Control,powerup,powerup_2,items,dream_pass_event,reward_event,meta,529,44,8.32,60,,,0.11,1.36
2026-08-10,Control,powerup,powerup_2,items,bomb_ballet_event,reward_event,meta,529,49,9.26,49,,,0.09,1.0
2026-08-10,Control,powerup,powerup_2,items,ingame,purchase,purchase,529,6,1.13,42,,,0.08,7.0
2026-08-10,Control,powerup,powerup_2,items,reward_chest,reward_chest,other,529,35,6.62,36,,,0.07,1.03
2026-08-10,Control,powerup,powerup_2,items,Hatchling Hideaway,event_reward,meta,529,36,6.81,36,,,0.07,1.0
2026-08-10,Control,powerup,powerup_2,items,bundle_1_with_prelevel_boosters_tier3,purchase,purchase,529,8,1.51,23,,,0.04,2.88
2026-08-10,Control,powerup,powerup_2,items,single_collection,reward_event,meta,529,22,4.16,22,,,0.04,1.0
2026-08-10,Control,powerup,powerup_2,items,bundle_3_with_prelevel_boosters_tier3,purchase,purchase,529,3,0.57,18,,,0.03,6.0
2026-08-10,Control,powerup,powerup_2,items,team_versus_contribution,reward_event,meta,529,14,2.65,14,,,0.03,1.0
2026-08-10,Control,powerup,powerup_2,items,offer_free_items,rolling_offer,meta,529,7,1.32,11,,,0.02,1.57
2026-08-10,Control,powerup,powerup_2,items,bundle_2_with_prelevel_boosters2,purchase,purchase,529,1,0.19,8,,,0.02,8.0
2026-08-10,Control,powerup,powerup_2,items,bundle_2_with_prelevel_boosters_tier3,purchase,purchase,529,4,0.76,4,,,0.01,1.0
2026-08-10,Control,powerup,powerup_2,items,red_event,reward_event,meta,529,4,0.76,4,,,0.01,1.0
2026-08-10,Control,powerup,powerup_2,items,team_collection,reward_event,meta,529,3,0.57,3,,,0.01,1.0
2026-08-10,Control,powerup,powerup_2,items,bundle_7_with_prelevel_boosters,purchase,purchase,529,3,0.57,3,,,0.01,1.0
2026-08-10,Control,powerup,powerup_2,items,special_offer10,purchase,purchase,529,1,0.19,3,,,0.01,3.0
2026-08-10,Control,powerup,powerup_2,items,bomb_event,reward_event,meta,529,2,0.38,3,,,0.01,1.5
2026-08-10,Control,powerup,powerup_2,items,rolling_offer_tier1_p1499_VarA,purchase,purchase,529,1,0.19,2,,,0.0,2.0
2026-08-10,Control,powerup,powerup_2,items,rolling_offer_tier1_p299,purchase,purchase,529,2,0.38,2,,,0.0,1.0
2026-08-10,Control,powerup,powerup_2,items,bundle_7_with_prelevel_boosters_tier3,purchase,purchase,529,2,0.38,2,,,0.0,1.0
2026-08-10,Control,powerup,powerup_2,items,special_offer8_tier3,purchase,purchase,529,1,0.19,2,,,0.0,2.0
2026-08-10,Control,powerup,powerup_2,items,special_offer8,purchase,purchase,529,1,0.19,2,,,0.0,2.0
2026-08-10,Control,powerup,powerup_2,items,special_offer9,purchase,purchase,529,1,0.19,2,,,0.0,2.0
2026-08-10,Control,powerup,powerup_2,items,race_event,reward_event,meta,529,2,0.38,2,,,0.0,1.0
2026-08-10,Control,powerup,powerup_2,items,bundle_7_with_prelevel_boosters2,purchase,purchase,529,2,0.38,2,,,0.0,1.0
2026-08-10,Control,powerup,powerup_2,items,kite_festival_event,reward_event,meta,529,1,0.19,1,,,0.0,1.0
2026-08-10,Control,powerup,powerup_2,items,league_rank_up,league_reward,meta,529,1,0.19,1,,,0.0,1.0
2026-08-10,Control,powerup,powerup_2,items,rolling_offer_p799_VarA,purchase,purchase,529,1,0.19,1,,,0.0,1.0
2026-08-10,Control,powerup,powerup_2,items,chuck_event,reward_event,meta,529,1,0.19,1,,,0.0,1.0
2026-08-10,Control,powerup,powerup_3,items,saga_progression,chapter_complete,core,529,481,90.93,1333,,,2.52,2.77
2026-08-10,Control,powerup,powerup_3,items,player_level_up,reward_chest,core,529,432,81.66,915,,,1.73,2.12
2026-08-10,Control,powerup,powerup_3,items,team_versus,reward_event,meta,529,182,34.4,183,,,0.35,1.01
2026-08-10,Control,powerup,powerup_3,items,dream_pass_event,reward_event,meta,529,123,23.25,152,,,0.29,1.24
2026-08-10,Control,powerup,powerup_3,items,single_collection,reward_event,meta,529,124,23.44,126,,,0.24,1.02
2026-08-10,Control,powerup,powerup_3,items,ad_chest,ad_chest,ads,529,45,8.51,57,,,0.11,1.27
2026-08-10,Control,powerup,powerup_3,items,facebook_like,facebook_like,other,529,22,4.16,48,,,0.09,2.18
2026-08-10,Control,powerup,powerup_3,items,daily_reward,daily_reward,core,529,46,8.7,46,,,0.09,1.0
2026-08-10,Control,powerup,powerup_3,items,Hatchling Hideaway,event_reward,meta,529,37,6.99,37,,,0.07,1.0
2026-08-10,Control,powerup,powerup_3,items,reward_chest,reward_chest,other,529,35,6.62,36,,,0.07,1.03
2026-08-10,Control,powerup,powerup_3,items,team_versus_contribution,reward_event,meta,529,28,5.29,28,,,0.05,1.0
2026-08-10,Control,powerup,powerup_3,items,bundle_1_with_prelevel_boosters_tier3,purchase,purchase,529,8,1.51,23,,,0.04,2.88
2026-08-10,Control,powerup,powerup_3,items,bundle_3_with_prelevel_boosters_tier3,purchase,purchase,529,3,0.57,18,,,0.03,6.0
2026-08-10,Control,powerup,powerup_3,items,ingame,purchase,purchase,529,4,0.76,15,,,0.03,3.75
2026-08-10,Control,powerup,powerup_3,items,bomb_ballet_event,reward_event,meta,529,10,1.89,10,,,0.02,1.0
2026-08-10,Control,powerup,powerup_3,items,offer_free_items,rolling_offer,meta,529,5,0.95,8,,,0.02,1.6
2026-08-10,Control,powerup,powerup_3,items,bundle_2_with_prelevel_boosters2,purchase,purchase,529,1,0.19,8,,,0.02,8.0
2026-08-10,Control,powerup,powerup_3,items,bundle_2_with_prelevel_boosters_tier3,purchase,purchase,529,4,0.76,4,,,0.01,1.0
2026-08-10,Control,powerup,powerup_3,items,team_collection,reward_event,meta,529,2,0.38,4,,,0.01,2.0
2026-08-10,Control,powerup,powerup_3,items,special_offer10,purchase,purchase,529,1,0.19,3,,,0.01,3.0
2026-08-10,Control,powerup,powerup_3,items,kite_festival_event,reward_event,meta,529,2,0.38,3,,,0.01,1.5
2026-08-10,Control,powerup,powerup_3,items,river_rush,reward_event,meta,529,3,0.57,3,,,0.01,1.0
2026-08-10,Control,powerup,powerup_3,items,bundle_7_with_prelevel_boosters,purchase,purchase,529,3,0.57,3,,,0.01,1.0
2026-08-10,Control,powerup,powerup_3,items,bundle_7_with_prelevel_boosters2,purchase,purchase,529,2,0.38,2,,,0.0,1.0
2026-08-10,Control,powerup,powerup_3,items,special_offer8,purchase,purchase,529,1,0.19,2,,,0.0,2.0
2026-08-10,Control,powerup,powerup_3,items,bundle_7_with_prelevel_boosters_tier3,purchase,purchase,529,2,0.38,2,,,0.0,1.0
2026-08-10,Control,powerup,powerup_3,items,rolling_offer_tier1_p299,purchase,purchase,529,2,0.38,2,,,0.0,1.0
2026-08-10,Control,powerup,powerup_3,items,rolling_offer_tier1_p1499_VarA,purchase,purchase,529,1,0.19,2,,,0.0,2.0
2026-08-10,Control,powerup,powerup_3,items,special_offer9,purchase,purchase,529,1,0.19,2,,,0.0,2.0
2026-08-10,Control,powerup,powerup_3,items,ArcheryArena,reward_event,meta,529,1,0.19,2,,,0.0,2.0
2026-08-10,Control,powerup,powerup_3,items,special_offer8_tier3,purchase,purchase,529,1,0.19,2,,,0.0,2.0
2026-08-10,Control,powerup,powerup_3,items,red_event,reward_event,meta,529,1,0.19,1,,,0.0,1.0
2026-08-10,Control,powerup,powerup_3,items,rolling_offer_p799_VarA,purchase,purchase,529,1,0.19,1,,,0.0,1.0
2026-08-10,Control,pre_level_booster,pre_level_booster_1,items,saga_progression,chapter_complete,core,529,508,96.03,2842,,,5.37,5.59
2026-08-10,Control,pre_level_booster,pre_level_booster_1,items,dream_pass_event,reward_event,meta,529,124,23.44,393,,,0.74,3.17
2026-08-10,Control,pre_level_booster,pre_level_booster_1,items,bomb_ballet_event,reward_event,meta,529,316,59.74,320,,,0.6,1.01
2026-08-10,Control,pre_level_booster,pre_level_booster_1,items,player_level_up,reward_chest,core,529,278,52.55,302,,,0.57,1.09
2026-08-10,Control,pre_level_booster,pre_level_booster_1,items,FlockRush,event_reward,meta,529,201,38.0,208,,,0.39,1.03
2026-08-10,Control,pre_level_booster,pre_level_booster_1,items,offer_free_items,rolling_offer,meta,529,119,22.5,120,,,0.23,1.01
2026-08-10,Control,pre_level_booster,pre_level_booster_1,items,Hatchling Hideaway,event_reward,meta,529,39,7.37,40,,,0.08,1.03
2026-08-10,Control,pre_level_booster,pre_level_booster_1,items,reward_chest,reward_chest,other,529,35,6.62,36,,,0.07,1.03
2026-08-10,Control,pre_level_booster,pre_level_booster_1,items,bundle_1_with_prelevel_boosters_tier3,purchase,purchase,529,8,1.51,23,,,0.04,2.88
2026-08-10,Control,pre_level_booster,pre_level_booster_1,items,bundle_3_with_prelevel_boosters_tier3,purchase,purchase,529,3,0.57,18,,,0.03,6.0
2026-08-10,Control,pre_level_booster,pre_level_booster_1,items,team_versus_contribution,reward_event,meta,529,14,2.65,14,,,0.03,1.0
2026-08-10,Control,pre_level_booster,pre_level_booster_1,items,bundle_2_with_prelevel_boosters2,purchase,purchase,529,1,0.19,8,,,0.02,8.0
2026-08-10,Control,pre_level_booster,pre_level_booster_1,items,bundle_2_with_prelevel_boosters_tier3,purchase,purchase,529,4,0.76,4,,,0.01,1.0
2026-08-10,Control,pre_level_booster,pre_level_booster_1,items,bundle_7_with_prelevel_boosters,purchase,purchase,529,3,0.57,3,,,0.01,1.0
2026-08-10,Control,pre_level_booster,pre_level_booster_1,items,ingame,purchase,purchase,529,1,0.19,3,,,0.01,3.0
2026-08-10,Control,pre_level_booster,pre_level_booster_1,items,ad_chest,ad_chest,ads,529,2,0.38,2,,,0.0,1.0
2026-08-10,Control,pre_level_booster,pre_level_booster_1,items,rolling_offer_tier1_p299,purchase,purchase,529,2,0.38,2,,,0.0,1.0
2026-08-10,Control,pre_level_booster,pre_level_booster_1,items,bundle_7_with_prelevel_boosters_tier3,purchase,purchase,529,2,0.38,2,,,0.0,1.0
2026-08-10,Control,pre_level_booster,pre_level_booster_1,items,bundle_7_with_prelevel_boosters2,purchase,purchase,529,2,0.38,2,,,0.0,1.0
2026-08-10,Control,pre_level_booster,pre_level_booster_1,items,season_pass_event,reward_event,meta,529,1,0.19,1,,,0.0,1.0
2026-08-10,Control,pre_level_booster,pre_level_booster_1,items,rolling_offer_tier1_p1499_VarA,purchase,purchase,529,1,0.19,1,,,0.0,1.0
2026-08-10,Control,pre_level_booster,pre_level_booster_1,items,rolling_offer_p799_VarA,purchase,purchase,529,1,0.19,1,,,0.0,1.0
2026-08-10,Control,pre_level_booster,pre_level_booster_1,items,Jigsaw,reward_event,meta,529,1,0.19,1,,,0.0,1.0
2026-08-10,Control,pre_level_booster,pre_level_booster_2,items,saga_progression,chapter_complete,core,529,509,96.22,2825,,,5.34,5.55
2026-08-10,Control,pre_level_booster,pre_level_booster_2,items,player_level_up,reward_chest,core,529,283,53.5,705,,,1.33,2.49
2026-08-10,Control,pre_level_booster,pre_level_booster_2,items,bomb_ballet_event,reward_event,meta,529,446,84.31,450,,,0.85,1.01
2026-08-10,Control,pre_level_booster,pre_level_booster_2,items,dream_pass_event,reward_event,meta,529,149,28.17,429,,,0.81,2.88
2026-08-10,Control,pre_level_booster,pre_level_booster_2,items,FlockRush,event_reward,meta,529,201,38.0,208,,,0.39,1.03
2026-08-10,Control,pre_level_booster,pre_level_booster_2,items,offer_free_items,rolling_offer,meta,529,111,20.98,112,,,0.21,1.01
2026-08-10,Control,pre_level_booster,pre_level_booster_2,items,reward_chest,reward_chest,other,529,35,6.62,36,,,0.07,1.03
2026-08-10,Control,pre_level_booster,pre_level_booster_2,items,Hatchling Hideaway,event_reward,meta,529,35,6.62,35,,,0.07,1.0
2026-08-10,Control,pre_level_booster,pre_level_booster_2,items,team_versus_contribution,reward_event,meta,529,28,5.29,28,,,0.05,1.0
2026-08-10,Control,pre_level_booster,pre_level_booster_2,items,bundle_1_with_prelevel_boosters_tier3,purchase,purchase,529,8,1.51,23,,,0.04,2.88
2026-08-10,Control,pre_level_booster,pre_level_booster_2,items,bundle_3_with_prelevel_boosters_tier3,purchase,purchase,529,3,0.57,18,,,0.03,6.0
2026-08-10,Control,pre_level_booster,pre_level_booster_2,items,ingame,purchase,purchase,529,2,0.38,12,,,0.02,6.0
2026-08-10,Control,pre_level_booster,pre_level_booster_2,items,bundle_2_with_prelevel_boosters2,purchase,purchase,529,1,0.19,8,,,0.02,8.0
2026-08-10,Control,pre_level_booster,pre_level_booster_2,items,bundle_2_with_prelevel_boosters_tier3,purchase,purchase,529,4,0.76,4,,,0.01,1.0
2026-08-10,Control,pre_level_booster,pre_level_booster_2,items,bundle_7_with_prelevel_boosters,purchase,purchase,529,3,0.57,3,,,0.01,1.0
2026-08-10,Control,pre_level_booster,pre_level_booster_2,items,season_pass_event,reward_event,meta,529,2,0.38,3,,,0.01,1.5
2026-08-10,Control,pre_level_booster,pre_level_booster_2,items,bundle_7_with_prelevel_boosters2,purchase,purchase,529,2,0.38,2,,,0.0,1.0
2026-08-10,Control,pre_level_booster,pre_level_booster_2,items,rolling_offer_tier1_p299,purchase,purchase,529,2,0.38,2,,,0.0,1.0
2026-08-10,Control,pre_level_booster,pre_level_booster_2,items,ad_chest,ad_chest,ads,529,2,0.38,2,,,0.0,1.0
2026-08-10,Control,pre_level_booster,pre_level_booster_2,items,Jigsaw,reward_event,meta,529,2,0.38,2,,,0.0,1.0
2026-08-10,Control,pre_level_booster,pre_level_booster_2,items,bundle_7_with_prelevel_boosters_tier3,purchase,purchase,529,2,0.38,2,,,0.0,1.0
2026-08-10,Control,pre_level_booster,pre_level_booster_2,items,rolling_offer_p799_VarA,purchase,purchase,529,1,0.19,1,,,0.0,1.0
2026-08-10,Control,pre_level_booster,pre_level_booster_2,items,rolling_offer_tier1_p1499_VarA,purchase,purchase,529,1,0.19,1,,,0.0,1.0
2026-08-10,Control,pre_level_booster,pre_level_booster_3,items,saga_progression,chapter_complete,core,529,476,89.98,662,,,1.25,1.39
2026-08-10,Control,pre_level_booster,pre_level_booster_3,items,player_level_up,reward_chest,core,529,274,51.8,537,,,1.02,1.96
2026-08-10,Control,pre_level_booster,pre_level_booster_3,items,FlockRush,event_reward,meta,529,201,38.0,208,,,0.39,1.03
2026-08-10,Control,pre_level_booster,pre_level_booster_3,items,team_versus_contribution,reward_event,meta,529,175,33.08,176,,,0.33,1.01
2026-08-10,Control,pre_level_booster,pre_level_booster_3,items,dream_pass_event,reward_event,meta,529,97,18.34,136,,,0.26,1.4
2026-08-10,Control,pre_level_booster,pre_level_booster_3,items,offer_free_items,rolling_offer,meta,529,110,20.79,110,,,0.21,1.0
2026-08-10,Control,pre_level_booster,pre_level_booster_3,items,Hatchling Hideaway,event_reward,meta,529,37,6.99,37,,,0.07,1.0
2026-08-10,Control,pre_level_booster,pre_level_booster_3,items,reward_chest,reward_chest,other,529,35,6.62,36,,,0.07,1.03
2026-08-10,Control,pre_level_booster,pre_level_booster_3,items,bundle_1_with_prelevel_boosters_tier3,purchase,purchase,529,8,1.51,23,,,0.04,2.88
2026-08-10,Control,pre_level_booster,pre_level_booster_3,items,bundle_3_with_prelevel_boosters_tier3,purchase,purchase,529,3,0.57,18,,,0.03,6.0
2026-08-10,Control,pre_level_booster,pre_level_booster_3,items,bomb_ballet_event,reward_event,meta,529,10,1.89,10,,,0.02,1.0
2026-08-10,Control,pre_level_booster,pre_level_booster_3,items,bundle_2_with_prelevel_boosters2,purchase,purchase,529,1,0.19,8,,,0.02,8.0
2026-08-10,Control,pre_level_booster,pre_level_booster_3,items,bundle_2_with_prelevel_boosters_tier3,purchase,purchase,529,4,0.76,4,,,0.01,1.0
2026-08-10,Control,pre_level_booster,pre_level_booster_3,items,ingame,purchase,purchase,529,1,0.19,3,,,0.01,3.0
2026-08-10,Control,pre_level_booster,pre_level_booster_3,items,bundle_7_with_prelevel_boosters,purchase,purchase,529,3,0.57,3,,,0.01,1.0
2026-08-10,Control,pre_level_booster,pre_level_booster_3,items,rolling_offer_tier1_p299,purchase,purchase,529,2,0.38,2,,,0.0,1.0
2026-08-10,Control,pre_level_booster,pre_level_booster_3,items,bundle_7_with_prelevel_boosters2,purchase,purchase,529,2,0.38,2,,,0.0,1.0
2026-08-10,Control,pre_level_booster,pre_level_booster_3,items,bundle_7_with_prelevel_boosters_tier3,purchase,purchase,529,2,0.38,2,,,0.0,1.0
2026-08-10,Control,pre_level_booster,pre_level_booster_3,items,ad_chest,ad_chest,ads,529,1,0.19,1,,,0.0,1.0
2026-08-10,Control,pre_level_booster,pre_level_booster_3,items,rolling_offer_tier1_p1499_VarA,purchase,purchase,529,1,0.19,1,,,0.0,1.0
2026-08-10,Control,pre_level_booster,pre_level_booster_3,items,race_event,reward_event,meta,529,1,0.19,1,,,0.0,1.0
2026-08-10,Control,pre_level_booster,pre_level_booster_3,items,rolling_offer_p799_VarA,purchase,purchase,529,1,0.19,1,,,0.0,1.0
2026-08-10,Control,season_pass_multiplier_2x,SeasonPassMultiplier2x,minutes,great_offer1_199_tier3,purchase,purchase,529,1,0.19,360,,,0.68,360.0
2026-08-10,Control,season_pass_tokens,SeasonPassToken,items,season_pass_event,event_reward,meta,529,1,0.19,12,,,0.02,12.0
2026-08-10,Control,ul_pre_booster,UnlimitedBooster1,minutes,bomb_ballet_event,reward_event,meta,529,430,81.29,7280,,,13.76,16.93
2026-08-10,Control,ul_pre_booster,UnlimitedBooster1,minutes,dream_pass_event,reward_event,meta,529,146,27.6,3165,,,5.98,21.68
2026-08-10,Control,ul_pre_booster,UnlimitedBooster1,minutes,daily_reward,daily_reward,core,529,13,2.46,780,,,1.47,60.0
2026-08-10,Control,ul_pre_booster,UnlimitedBooster1,minutes,Hatchling Hideaway,event_reward,meta,529,36,6.81,360,,,0.68,10.0
2026-08-10,Control,ul_pre_booster,UnlimitedBooster1,minutes,great_offer1_199_tier3,purchase,purchase,529,1,0.19,360,,,0.68,360.0
2026-08-10,Control,ul_pre_booster,UnlimitedBooster1,minutes,Hard_Level_Offer1,purchase,purchase,529,5,0.95,100,,,0.19,20.0
2026-08-10,Control,ul_pre_booster,UnlimitedBooster1,minutes,Hard_level_offer1_tier3,purchase,purchase,529,2,0.38,40,,,0.08,20.0
2026-08-10,Control,ul_pre_booster,UnlimitedBooster1,minutes,Jigsaw,reward_event,meta,529,2,0.38,20,,,0.04,10.0
2026-08-10,Control,ul_pre_booster,UnlimitedBooster1,minutes,season_pass_event,reward_event,meta,529,2,0.38,20,,,0.04,10.0
2026-08-10,Control,ul_pre_booster,UnlimitedBooster2,minutes,bomb_ballet_event,reward_event,meta,529,418,79.02,5680,,,10.74,13.59
2026-08-10,Control,ul_pre_booster,UnlimitedBooster2,minutes,dream_pass_event,reward_event,meta,529,93,17.58,1640,,,3.1,17.63
2026-08-10,Control,ul_pre_booster,UnlimitedBooster2,minutes,daily_reward,daily_reward,core,529,7,1.32,420,,,0.79,60.0
2026-08-10,Control,ul_pre_booster,UnlimitedBooster2,minutes,great_offer1_199_tier3,purchase,purchase,529,1,0.19,360,,,0.68,360.0
2026-08-10,Control,ul_pre_booster,UnlimitedBooster2,minutes,Hatchling Hideaway,event_reward,meta,529,25,4.73,250,,,0.47,10.0
2026-08-10,Control,ul_pre_booster,UnlimitedBooster2,minutes,Hard_Level_Offer1,purchase,purchase,529,5,0.95,100,,,0.19,20.0
2026-08-10,Control,ul_pre_booster,UnlimitedBooster2,minutes,Hard_level_offer1_tier3,purchase,purchase,529,2,0.38,40,,,0.08,20.0
2026-08-10,Control,ul_pre_booster,UnlimitedBooster2,minutes,Jigsaw,reward_event,meta,529,2,0.38,20,,,0.04,10.0
2026-08-10,Control,ul_pre_booster,UnlimitedBooster2,minutes,season_pass_event,reward_event,meta,529,1,0.19,15,,,0.03,15.0
2026-08-10,Control,ul_pre_booster,UnlimitedBooster3,minutes,bomb_ballet_event,reward_event,meta,529,353,66.73,4590,,,8.68,13.0
2026-08-10,Control,ul_pre_booster,UnlimitedBooster3,minutes,great_offer1_199_tier3,purchase,purchase,529,1,0.19,360,,,0.68,360.0
2026-08-10,Control,ul_pre_booster,UnlimitedBooster3,minutes,daily_reward,daily_reward,core,529,5,0.95,150,,,0.28,30.0
2026-08-10,Control,ul_pre_booster,UnlimitedBooster3,minutes,dream_pass_event,reward_event,meta,529,4,0.76,115,,,0.22,28.75
2026-08-10,Control,ul_pre_booster,UnlimitedBooster3,minutes,Hard_Level_Offer1,purchase,purchase,529,5,0.95,100,,,0.19,20.0
2026-08-10,Control,ul_pre_booster,UnlimitedBooster3,minutes,Hard_level_offer1_tier3,purchase,purchase,529,2,0.38,40,,,0.08,20.0
2026-08-10,Control,ul_pre_booster,UnlimitedBooster3,minutes,Jigsaw,reward_event,meta,529,1,0.19,10,,,0.02,10.0
2026-08-10,Control,unlimited_lives,UnlimitedLives,minutes,saga_progression,chapter_complete,core,529,522,98.68,101835,,,192.5,195.09
2026-08-10,Control,unlimited_lives,UnlimitedLives,minutes,player_level_up,reward_chest,core,529,459,86.77,53970,,,102.02,117.58
2026-08-10,Control,unlimited_lives,UnlimitedLives,minutes,bomb_ballet_event,reward_event,meta,529,399,75.43,29310,,,55.41,73.46
2026-08-10,Control,unlimited_lives,UnlimitedLives,minutes,FlockRush,event_reward,meta,529,421,79.58,25540,,,48.28,60.67
2026-08-10,Control,unlimited_lives,UnlimitedLives,minutes,dream_pass_event,reward_event,meta,529,139,26.28,13485,,,25.49,97.01
2026-08-10,Control,unlimited_lives,UnlimitedLives,minutes,daily_reward,daily_reward,core,529,190,35.92,7020,,,13.27,36.95
2026-08-10,Control,unlimited_lives,UnlimitedLives,minutes,Hatchling Hideaway,event_reward,meta,529,47,8.88,3510,,,6.64,74.68
2026-08-10,Control,unlimited_lives,UnlimitedLives,minutes,kite_festival_event,reward_event,meta,529,96,18.15,3000,,,5.67,31.25
2026-08-10,Control,unlimited_lives,UnlimitedLives,minutes,reward_chest,reward_chest,other,529,35,6.62,1080,,,2.04,30.86
2026-08-10,Control,unlimited_lives,UnlimitedLives,minutes,ad_chest,ad_chest,ads,529,71,13.42,1060,,,2.0,14.93
2026-08-10,Control,unlimited_lives,UnlimitedLives,minutes,offer_free_items,rolling_offer,meta,529,9,1.7,720,,,1.36,80.0
2026-08-10,Control,unlimited_lives,UnlimitedLives,minutes,great_offer1_199_tier3,purchase,purchase,529,1,0.19,360,,,0.68,360.0
2026-08-10,Control,unlimited_lives,UnlimitedLives,minutes,Jigsaw,reward_event,meta,529,2,0.38,150,,,0.28,75.0
2026-08-10,Control,unlimited_lives,UnlimitedLives,minutes,season_pass_event,reward_event,meta,529,2,0.38,120,,,0.23,60.0
2026-08-10,Control,unlimited_lives,UnlimitedLives,minutes,rolling_offer_tier1_p1499_VarA,purchase,purchase,529,1,0.19,120,,,0.23,120.0
2026-08-10,Control,unlimited_lives,UnlimitedLives,minutes,Hard_Level_Offer1,purchase,purchase,529,5,0.95,100,,,0.19,20.0
2026-08-10,Control,unlimited_lives,UnlimitedLives,minutes,race_event,reward_event,meta,529,2,0.38,100,,,0.19,50.0
2026-08-10,Control,unlimited_lives,UnlimitedLives,minutes,rolling_offer_p049_tier3,purchase,purchase,529,2,0.38,90,,,0.17,45.0
2026-08-10,Control,unlimited_lives,UnlimitedLives,minutes,rolling_offer_p799_VarA,purchase,purchase,529,1,0.19,60,,,0.11,60.0
2026-08-10,Control,unlimited_lives,UnlimitedLives,minutes,Hard_level_offer1_tier3,purchase,purchase,529,2,0.38,40,,,0.08,20.0
2026-08-10,Control,unlimited_lives,UnlimitedLives,minutes,league_rank_up,league_reward,meta,529,1,0.19,24,,,0.05,24.0
2026-08-10,Variant,Avatar,Avatar,items,saga_progression,chapter_complete,core,501,292,58.28,897,,,1.79,3.07
2026-08-10,Variant,currency,HardCoin,coins,player_level_up,reward_chest,core,501,478,95.41,87475,87475,0,174.6,183.0
2026-08-10,Variant,currency,HardCoin,coins,saga_progression,chapter_complete,core,501,490,97.8,39045,39045,0,77.93,79.68
2026-08-10,Variant,currency,HardCoin,coins,dreamheist_event,reward_event,meta,501,321,64.07,37415,37415,0,74.68,116.56
2026-08-10,Variant,currency,HardCoin,coins,kite_festival_event,reward_event,meta,501,161,32.14,27150,27150,0,54.19,168.63
2026-08-10,Variant,currency,HardCoin,coins,ArcheryArena,reward_event,meta,501,288,57.49,23075,23075,0,46.06,80.12
2026-08-10,Variant,currency,HardCoin,coins,Rainbow Maker,reward_event,meta,501,490,97.8,19217,19217,0,38.36,39.22
2026-08-10,Variant,currency,HardCoin,coins,team_versus,reward_event,meta,501,158,31.54,15800,15800,0,31.54,100.0
2026-08-10,Variant,currency,HardCoin,coins,Hatchling Hideaway,event_reward,meta,501,318,63.47,11490,11490,0,22.93,36.13
2026-08-10,Variant,currency,HardCoin,coins,dream_pass_event,reward_event,meta,501,175,34.93,11055,11055,0,22.07,63.17
2026-08-10,Variant,currency,HardCoin,coins,team_versus_contribution,reward_event,meta,501,177,35.33,10610,10610,0,21.18,59.94
2026-08-10,Variant,currency,HardCoin,coins,daily_reward,daily_reward,core,501,258,51.5,5595,5595,0,11.17,21.69
2026-08-10,Variant,currency,HardCoin,coins,reward_chest,reward_chest,other,501,34,6.79,3500,3500,0,6.99,102.94
2026-08-10,Variant,currency,HardCoin,coins,Jigsaw,reward_event,meta,501,64,12.77,3225,3225,0,6.44,50.39
2026-08-10,Variant,currency,HardCoin,coins,xs_coins_tier3,purchase,purchase,501,8,1.6,2550,0,2550,5.09,318.75
2026-08-10,Variant,currency,HardCoin,coins,ad_chest,ad_chest,ads,501,104,20.76,2305,2305,0,4.6,22.16
2026-08-10,Variant,currency,HardCoin,coins,bundle_2_with_prelevel_boosters_tier3,purchase,purchase,501,1,0.2,2000,0,2000,3.99,2000.0
2026-08-10,Variant,currency,HardCoin,coins,facebook_like,facebook_like,other,501,19,3.79,2000,2000,0,3.99,105.26
2026-08-10,Variant,currency,HardCoin,coins,bundle_1_with_prelevel_boosters_tier3,purchase,purchase,501,7,1.4,1800,0,1800,3.59,257.14
2026-08-10,Variant,currency,HardCoin,coins,special_offer1_tier3,purchase,purchase,501,5,1.0,1500,0,1500,2.99,300.0
2026-08-10,Variant,currency,HardCoin,coins,race_event,reward_event,meta,501,31,6.19,1075,1075,0,2.15,34.68
2026-08-10,Variant,currency,HardCoin,coins,bundle_3_with_prelevel_boosters_tier3,purchase,purchase,501,1,0.2,1000,0,1000,2.0,1000.0
2026-08-10,Variant,currency,HardCoin,coins,rolling_offer_p049_tier3,purchase,purchase,501,5,1.0,750,0,750,1.5,150.0
2026-08-10,Variant,currency,HardCoin,coins,offer_free_items,rolling_offer,meta,501,4,0.8,600,600,0,1.2,150.0
2026-08-10,Variant,currency,HardCoin,coins,xs_coins2,purchase,purchase,501,3,0.6,600,0,600,1.2,200.0
2026-08-10,Variant,currency,HardCoin,coins,Hard_level_offer1_tier3,purchase,purchase,501,6,1.2,600,0,600,1.2,100.0
2026-08-10,Variant,currency,HardCoin,coins,bundle_7_with_prelevel_boosters2,purchase,purchase,501,1,0.2,600,0,600,1.2,600.0
2026-08-10,Variant,currency,HardCoin,coins,special_offer8,purchase,purchase,501,2,0.4,500,0,500,1.0,250.0
2026-08-10,Variant,currency,HardCoin,coins,chuck_event,reward_event,meta,501,3,0.6,450,450,0,0.9,150.0
2026-08-10,Variant,currency,HardCoin,coins,team_collection,reward_event,meta,501,5,1.0,370,370,0,0.74,74.0
2026-08-10,Variant,currency,HardCoin,coins,heart_gift,heart_gift,other,501,111,22.16,357,357,0,0.71,3.22
2026-08-10,Variant,currency,HardCoin,coins,special_offer1,purchase,purchase,501,1,0.2,300,0,300,0.6,300.0
2026-08-10,Variant,currency,HardCoin,coins,great_offer1_299,purchase,purchase,501,2,0.4,200,0,200,0.4,100.0
2026-08-10,Variant,currency,HardCoin,coins,Hard_Level_Offer1,purchase,purchase,501,2,0.4,200,0,200,0.4,100.0
2026-08-10,Variant,currency,HardCoin,coins,bomb_ballet_event,reward_event,meta,501,3,0.6,150,150,0,0.3,50.0
2026-08-10,Variant,currency,HardCoin,coins,bundle_7_with_prelevel_boosters,purchase,purchase,501,1,0.2,150,0,150,0.3,150.0
2026-08-10,Variant,currency,HardCoin,coins,single_collection,reward_event,meta,501,1,0.2,100,100,0,0.2,100.0
2026-08-10,Variant,currency,HardCoin,coins,season_pass_event,reward_event,meta,501,1,0.2,25,25,0,0.05,25.0
2026-08-10,Variant,dream_pass_tokens,DreamPassToken,items,Rainbow Maker,reward_event,meta,501,483,96.41,119673,,,238.87,247.77
2026-08-10,Variant,dream_pass_tokens,DreamPassToken,items,kite_festival_event,reward_event,meta,501,240,47.9,36030,,,71.92,150.13
2026-08-10,Variant,dream_pass_tokens,DreamPassToken,items,offer_free_items,rolling_offer,meta,501,104,20.76,4600,,,9.18,44.23
2026-08-10,Variant,dream_pass_tokens,DreamPassToken,items,FlockRush,event_reward,meta,501,112,22.36,2240,,,4.47,20.0
2026-08-10,Variant,dream_pass_tokens,DreamPassToken,items,race_event,reward_event,meta,501,38,7.58,1975,,,3.94,51.97
2026-08-10,Variant,life,life,items,ask_for_lives,ask_for_lives,other,501,30,5.99,137,,,0.27,4.57
2026-08-10,Variant,life,life,items,ad_life,ad_life,ads,501,20,3.99,25,,,0.05,1.25
2026-08-10,Variant,life,liferefill,items,coin_purchase,coin_purchase,other,501,21,4.19,160,,,0.32,7.62
2026-08-10,Variant,orb,Reds_Greatest_Challenge,items,dream_pass_event,reward_event,meta,501,53,10.58,53,,,0.11,1.0
2026-08-10,Variant,powerup,powerup_1,items,Rainbow Maker,reward_event,meta,501,407,81.24,447,,,0.89,1.1
2026-08-10,Variant,powerup,powerup_1,items,player_level_up,reward_chest,core,501,278,55.49,303,,,0.6,1.09
2026-08-10,Variant,powerup,powerup_1,items,Hatchling Hideaway,event_reward,meta,501,274,54.69,288,,,0.57,1.05
2026-08-10,Variant,powerup,powerup_1,items,team_versus,reward_event,meta,501,191,38.12,191,,,0.38,1.0
2026-08-10,Variant,powerup,powerup_1,items,ArcheryArena,reward_event,meta,501,174,34.73,181,,,0.36,1.04
2026-08-10,Variant,powerup,powerup_1,items,team_versus_contribution,reward_event,meta,501,139,27.74,139,,,0.28,1.0
2026-08-10,Variant,powerup,powerup_1,items,kite_festival_event,reward_event,meta,501,57,11.38,58,,,0.12,1.02
2026-08-10,Variant,powerup,powerup_1,items,ad_chest,ad_chest,ads,501,27,5.39,35,,,0.07,1.3
2026-08-10,Variant,powerup,powerup_1,items,reward_chest,reward_chest,other,501,34,6.79,35,,,0.07,1.03
2026-08-10,Variant,powerup,powerup_1,items,dreamheist_event,reward_event,meta,501,27,5.39,27,,,0.05,1.0
2026-08-10,Variant,powerup,powerup_1,items,dream_pass_event,reward_event,meta,501,6,1.2,18,,,0.04,3.0
2026-08-10,Variant,powerup,powerup_1,items,race_event,reward_event,meta,501,12,2.4,13,,,0.03,1.08
2026-08-10,Variant,powerup,powerup_1,items,Jigsaw,reward_event,meta,501,12,2.4,12,,,0.02,1.0
2026-08-10,Variant,powerup,powerup_1,items,bundle_1_with_prelevel_boosters_tier3,purchase,purchase,501,7,1.4,9,,,0.02,1.29
2026-08-10,Variant,powerup,powerup_1,items,ingame,purchase,purchase,501,2,0.4,6,,,0.01,3.0
2026-08-10,Variant,powerup,powerup_1,items,rolling_offer_p049_tier3,purchase,purchase,501,5,1.0,5,,,0.01,1.0
2026-08-10,Variant,powerup,powerup_1,items,bundle_2_with_prelevel_boosters_tier3,purchase,purchase,501,1,0.2,4,,,0.01,4.0
2026-08-10,Variant,powerup,powerup_1,items,saga_progression,chapter_complete,core,501,2,0.4,3,,,0.01,1.5
2026-08-10,Variant,powerup,powerup_1,items,daily_reward,daily_reward,core,501,3,0.6,3,,,0.01,1.0
2026-08-10,Variant,powerup,powerup_1,items,special_offer8,purchase,purchase,501,2,0.4,2,,,0.0,1.0
2026-08-10,Variant,powerup,powerup_1,items,bundle_3_with_prelevel_boosters_tier3,purchase,purchase,501,1,0.2,2,,,0.0,2.0
2026-08-10,Variant,powerup,powerup_1,items,chuck_event,reward_event,meta,501,2,0.4,2,,,0.0,1.0
2026-08-10,Variant,powerup,powerup_1,items,bundle_7_with_prelevel_boosters2,purchase,purchase,501,1,0.2,2,,,0.0,2.0
2026-08-10,Variant,powerup,powerup_1,items,bomb_ballet_event,reward_event,meta,501,1,0.2,1,,,0.0,1.0
2026-08-10,Variant,powerup,powerup_1,items,team_collection,reward_event,meta,501,1,0.2,1,,,0.0,1.0
2026-08-10,Variant,powerup,powerup_1,items,bundle_7_with_prelevel_boosters,purchase,purchase,501,1,0.2,1,,,0.0,1.0
2026-08-10,Variant,powerup,powerup_2,items,Rainbow Maker,reward_event,meta,501,472,94.21,1393,,,2.78,2.95
2026-08-10,Variant,powerup,powerup_2,items,player_level_up,reward_chest,core,501,358,71.46,772,,,1.54,2.16
2026-08-10,Variant,powerup,powerup_2,items,saga_progression,chapter_complete,core,501,422,84.23,636,,,1.27,1.51
2026-08-10,Variant,powerup,powerup_2,items,dreamheist_event,reward_event,meta,501,212,42.32,220,,,0.44,1.04
2026-08-10,Variant,powerup,powerup_2,items,Hatchling Hideaway,event_reward,meta,501,148,29.54,159,,,0.32,1.07
2026-08-10,Variant,powerup,powerup_2,items,FlockRush,event_reward,meta,501,114,22.75,114,,,0.23,1.0
2026-08-10,Variant,powerup,powerup_2,items,daily_reward,daily_reward,core,501,90,17.96,92,,,0.18,1.02
2026-08-10,Variant,powerup,powerup_2,items,dream_pass_event,reward_event,meta,501,59,11.78,75,,,0.15,1.27
2026-08-10,Variant,powerup,powerup_2,items,kite_festival_event,reward_event,meta,501,57,11.38,58,,,0.12,1.02
2026-08-10,Variant,powerup,powerup_2,items,team_versus,reward_event,meta,501,52,10.38,52,,,0.1,1.0
2026-08-10,Variant,powerup,powerup_2,items,ArcheryArena,reward_event,meta,501,41,8.18,44,,,0.09,1.07
2026-08-10,Variant,powerup,powerup_2,items,ad_chest,ad_chest,ads,501,32,6.39,37,,,0.07,1.16
2026-08-10,Variant,powerup,powerup_2,items,reward_chest,reward_chest,other,501,34,6.79,35,,,0.07,1.03
2026-08-10,Variant,powerup,powerup_2,items,Jigsaw,reward_event,meta,501,22,4.39,25,,,0.05,1.14
2026-08-10,Variant,powerup,powerup_2,items,ingame,purchase,purchase,501,3,0.6,15,,,0.03,5.0
2026-08-10,Variant,powerup,powerup_2,items,team_versus_contribution,reward_event,meta,501,13,2.59,13,,,0.03,1.0
2026-08-10,Variant,powerup,powerup_2,items,bundle_1_with_prelevel_boosters_tier3,purchase,purchase,501,7,1.4,9,,,0.02,1.29
2026-08-10,Variant,powerup,powerup_2,items,team_collection,reward_event,meta,501,4,0.8,5,,,0.01,1.25
2026-08-10,Variant,powerup,powerup_2,items,offer_free_items,rolling_offer,meta,501,4,0.8,4,,,0.01,1.0
2026-08-10,Variant,powerup,powerup_2,items,race_event,reward_event,meta,501,4,0.8,4,,,0.01,1.0
2026-08-10,Variant,powerup,powerup_2,items,special_offer8,purchase,purchase,501,2,0.4,4,,,0.01,2.0
2026-08-10,Variant,powerup,powerup_2,items,bundle_2_with_prelevel_boosters_tier3,purchase,purchase,501,1,0.2,4,,,0.01,4.0
2026-08-10,Variant,powerup,powerup_2,items,bundle_3_with_prelevel_boosters_tier3,purchase,purchase,501,1,0.2,2,,,0.0,2.0
2026-08-10,Variant,powerup,powerup_2,items,bundle_7_with_prelevel_boosters2,purchase,purchase,501,1,0.2,2,,,0.0,2.0
2026-08-10,Variant,powerup,powerup_2,items,single_collection,reward_event,meta,501,1,0.2,1,,,0.0,1.0
2026-08-10,Variant,powerup,powerup_2,items,bomb_ballet_event,reward_event,meta,501,1,0.2,1,,,0.0,1.0
2026-08-10,Variant,powerup,powerup_2,items,bundle_7_with_prelevel_boosters,purchase,purchase,501,1,0.2,1,,,0.0,1.0
2026-08-10,Variant,powerup,powerup_2,items,season_pass_event,reward_event,meta,501,1,0.2,1,,,0.0,1.0
2026-08-10,Variant,powerup,powerup_3,items,player_level_up,reward_chest,core,501,420,83.83,877,,,1.75,2.09
2026-08-10,Variant,powerup,powerup_3,items,Rainbow Maker,reward_event,meta,501,430,85.83,663,,,1.32,1.54
2026-08-10,Variant,powerup,powerup_3,items,saga_progression,chapter_complete,core,501,426,85.03,619,,,1.24,1.45
2026-08-10,Variant,powerup,powerup_3,items,Hatchling Hideaway,event_reward,meta,501,224,44.71,231,,,0.46,1.03
2026-08-10,Variant,powerup,powerup_3,items,team_versus,reward_event,meta,501,177,35.33,177,,,0.35,1.0
2026-08-10,Variant,powerup,powerup_3,items,dream_pass_event,reward_event,meta,501,130,25.95,167,,,0.33,1.28
2026-08-10,Variant,powerup,powerup_3,items,ArcheryArena,reward_event,meta,501,73,14.57,76,,,0.15,1.04
2026-08-10,Variant,powerup,powerup_3,items,kite_festival_event,reward_event,meta,501,62,12.38,63,,,0.13,1.02
2026-08-10,Variant,powerup,powerup_3,items,daily_reward,daily_reward,core,501,44,8.78,44,,,0.09,1.0
2026-08-10,Variant,powerup,powerup_3,items,ad_chest,ad_chest,ads,501,34,6.79,43,,,0.09,1.26
2026-08-10,Variant,powerup,powerup_3,items,facebook_like,facebook_like,other,501,19,3.79,40,,,0.08,2.11
2026-08-10,Variant,powerup,powerup_3,items,reward_chest,reward_chest,other,501,34,6.79,35,,,0.07,1.03
2026-08-10,Variant,powerup,powerup_3,items,team_versus_contribution,reward_event,meta,501,25,4.99,25,,,0.05,1.0
2026-08-10,Variant,powerup,powerup_3,items,race_event,reward_event,meta,501,14,2.79,15,,,0.03,1.07
2026-08-10,Variant,powerup,powerup_3,items,bundle_1_with_prelevel_boosters_tier3,purchase,purchase,501,7,1.4,9,,,0.02,1.29
2026-08-10,Variant,powerup,powerup_3,items,offer_free_items,rolling_offer,meta,501,4,0.8,4,,,0.01,1.0
2026-08-10,Variant,powerup,powerup_3,items,bundle_2_with_prelevel_boosters_tier3,purchase,purchase,501,1,0.2,4,,,0.01,4.0
2026-08-10,Variant,powerup,powerup_3,items,special_offer8,purchase,purchase,501,2,0.4,4,,,0.01,2.0
2026-08-10,Variant,powerup,powerup_3,items,chuck_event,reward_event,meta,501,2,0.4,2,,,0.0,1.0
2026-08-10,Variant,powerup,powerup_3,items,team_collection,reward_event,meta,501,1,0.2,2,,,0.0,2.0
2026-08-10,Variant,powerup,powerup_3,items,bundle_3_with_prelevel_boosters_tier3,purchase,purchase,501,1,0.2,2,,,0.0,2.0
2026-08-10,Variant,powerup,powerup_3,items,bundle_7_with_prelevel_boosters2,purchase,purchase,501,1,0.2,2,,,0.0,2.0
2026-08-10,Variant,powerup,powerup_3,items,single_collection,reward_event,meta,501,1,0.2,1,,,0.0,1.0
2026-08-10,Variant,powerup,powerup_3,items,bundle_7_with_prelevel_boosters,purchase,purchase,501,1,0.2,1,,,0.0,1.0
2026-08-10,Variant,powerup,powerup_3,items,bomb_ballet_event,reward_event,meta,501,1,0.2,1,,,0.0,1.0
2026-08-10,Variant,pre_level_booster,pre_level_booster_1,items,Rainbow Maker,reward_event,meta,501,490,97.8,721,,,1.44,1.47
2026-08-10,Variant,pre_level_booster,pre_level_booster_1,items,saga_progression,chapter_complete,core,501,430,85.83,683,,,1.36,1.59
2026-08-10,Variant,pre_level_booster,pre_level_booster_1,items,dream_pass_event,reward_event,meta,501,132,26.35,414,,,0.83,3.14
2026-08-10,Variant,pre_level_booster,pre_level_booster_1,items,Hatchling Hideaway,event_reward,meta,501,345,68.86,359,,,0.72,1.04
2026-08-10,Variant,pre_level_booster,pre_level_booster_1,items,player_level_up,reward_chest,core,501,268,53.49,296,,,0.59,1.1
2026-08-10,Variant,pre_level_booster,pre_level_booster_1,items,dreamheist_event,reward_event,meta,501,248,49.5,259,,,0.52,1.04
2026-08-10,Variant,pre_level_booster,pre_level_booster_1,items,FlockRush,event_reward,meta,501,114,22.75,114,,,0.23,1.0
2026-08-10,Variant,pre_level_booster,pre_level_booster_1,items,offer_free_items,rolling_offer,meta,501,113,22.55,114,,,0.23,1.01
2026-08-10,Variant,pre_level_booster,pre_level_booster_1,items,Jigsaw,reward_event,meta,501,46,9.18,57,,,0.11,1.24
2026-08-10,Variant,pre_level_booster,pre_level_booster_1,items,reward_chest,reward_chest,other,501,34,6.79,35,,,0.07,1.03
2026-08-10,Variant,pre_level_booster,pre_level_booster_1,items,ingame,purchase,purchase,501,2,0.4,15,,,0.03,7.5
2026-08-10,Variant,pre_level_booster,pre_level_booster_1,items,team_versus_contribution,reward_event,meta,501,13,2.59,13,,,0.03,1.0
2026-08-10,Variant,pre_level_booster,pre_level_booster_1,items,ArcheryArena,reward_event,meta,501,11,2.2,11,,,0.02,1.0
2026-08-10,Variant,pre_level_booster,pre_level_booster_1,items,bundle_1_with_prelevel_boosters_tier3,purchase,purchase,501,7,1.4,9,,,0.02,1.29
2026-08-10,Variant,pre_level_booster,pre_level_booster_1,items,kite_festival_event,reward_event,meta,501,8,1.6,8,,,0.02,1.0
2026-08-10,Variant,pre_level_booster,pre_level_booster_1,items,bundle_2_with_prelevel_boosters_tier3,purchase,purchase,501,1,0.2,4,,,0.01,4.0
2026-08-10,Variant,pre_level_booster,pre_level_booster_1,items,bomb_ballet_event,reward_event,meta,501,3,0.6,3,,,0.01,1.0
2026-08-10,Variant,pre_level_booster,pre_level_booster_1,items,bundle_7_with_prelevel_boosters2,purchase,purchase,501,1,0.2,2,,,0.0,2.0
2026-08-10,Variant,pre_level_booster,pre_level_booster_1,items,bundle_3_with_prelevel_boosters_tier3,purchase,purchase,501,1,0.2,2,,,0.0,2.0
2026-08-10,Variant,pre_level_booster,pre_level_booster_1,items,ad_chest,ad_chest,ads,501,1,0.2,1,,,0.0,1.0
2026-08-10,Variant,pre_level_booster,pre_level_booster_1,items,race_event,reward_event,meta,501,1,0.2,1,,,0.0,1.0
2026-08-10,Variant,pre_level_booster,pre_level_booster_1,items,bundle_7_with_prelevel_boosters,purchase,purchase,501,1,0.2,1,,,0.0,1.0
2026-08-10,Variant,pre_level_booster,pre_level_booster_2,items,player_level_up,reward_chest,core,501,261,52.1,669,,,1.34,2.56
2026-08-10,Variant,pre_level_booster,pre_level_booster_2,items,Rainbow Maker,reward_event,meta,501,473,94.41,646,,,1.29,1.37
2026-08-10,Variant,pre_level_booster,pre_level_booster_2,items,saga_progression,chapter_complete,core,501,425,84.83,629,,,1.26,1.48
2026-08-10,Variant,pre_level_booster,pre_level_booster_2,items,dream_pass_event,reward_event,meta,501,158,31.54,461,,,0.92,2.92
2026-08-10,Variant,pre_level_booster,pre_level_booster_2,items,Hatchling Hideaway,event_reward,meta,501,317,63.27,327,,,0.65,1.03
2026-08-10,Variant,pre_level_booster,pre_level_booster_2,items,dreamheist_event,reward_event,meta,501,185,36.93,193,,,0.39,1.04
2026-08-10,Variant,pre_level_booster,pre_level_booster_2,items,FlockRush,event_reward,meta,501,114,22.75,114,,,0.23,1.0
2026-08-10,Variant,pre_level_booster,pre_level_booster_2,items,offer_free_items,rolling_offer,meta,501,111,22.16,112,,,0.22,1.01
2026-08-10,Variant,pre_level_booster,pre_level_booster_2,items,Jigsaw,reward_event,meta,501,38,7.58,46,,,0.09,1.21
2026-08-10,Variant,pre_level_booster,pre_level_booster_2,items,reward_chest,reward_chest,other,501,34,6.79,35,,,0.07,1.03
2026-08-10,Variant,pre_level_booster,pre_level_booster_2,items,team_versus_contribution,reward_event,meta,501,25,4.99,25,,,0.05,1.0
2026-08-10,Variant,pre_level_booster,pre_level_booster_2,items,kite_festival_event,reward_event,meta,501,20,3.99,20,,,0.04,1.0
2026-08-10,Variant,pre_level_booster,pre_level_booster_2,items,ArcheryArena,reward_event,meta,501,16,3.19,17,,,0.03,1.06
2026-08-10,Variant,pre_level_booster,pre_level_booster_2,items,bundle_1_with_prelevel_boosters_tier3,purchase,purchase,501,7,1.4,9,,,0.02,1.29
2026-08-10,Variant,pre_level_booster,pre_level_booster_2,items,ingame,purchase,purchase,501,2,0.4,9,,,0.02,4.5
2026-08-10,Variant,pre_level_booster,pre_level_booster_2,items,bundle_2_with_prelevel_boosters_tier3,purchase,purchase,501,1,0.2,4,,,0.01,4.0
2026-08-10,Variant,pre_level_booster,pre_level_booster_2,items,bomb_ballet_event,reward_event,meta,501,3,0.6,3,,,0.01,1.0
2026-08-10,Variant,pre_level_booster,pre_level_booster_2,items,race_event,reward_event,meta,501,3,0.6,3,,,0.01,1.0
2026-08-10,Variant,pre_level_booster,pre_level_booster_2,items,bundle_7_with_prelevel_boosters2,purchase,purchase,501,1,0.2,2,,,0.0,2.0
2026-08-10,Variant,pre_level_booster,pre_level_booster_2,items,bundle_3_with_prelevel_boosters_tier3,purchase,purchase,501,1,0.2,2,,,0.0,2.0
2026-08-10,Variant,pre_level_booster,pre_level_booster_2,items,season_pass_event,reward_event,meta,501,1,0.2,1,,,0.0,1.0
2026-08-10,Variant,pre_level_booster,pre_level_booster_2,items,ad_chest,ad_chest,ads,501,1,0.2,1,,,0.0,1.0
2026-08-10,Variant,pre_level_booster,pre_level_booster_2,items,bundle_7_with_prelevel_boosters,purchase,purchase,501,1,0.2,1,,,0.0,1.0
2026-08-10,Variant,pre_level_booster,pre_level_booster_3,items,saga_progression,chapter_complete,core,501,430,85.83,603,,,1.2,1.4
2026-08-10,Variant,pre_level_booster,pre_level_booster_3,items,player_level_up,reward_chest,core,501,269,53.69,540,,,1.08,2.01
2026-08-10,Variant,pre_level_booster,pre_level_booster_3,items,Rainbow Maker,reward_event,meta,501,287,57.29,371,,,0.74,1.29
2026-08-10,Variant,pre_level_booster,pre_level_booster_3,items,Hatchling Hideaway,event_reward,meta,501,274,54.69,288,,,0.57,1.05
2026-08-10,Variant,pre_level_booster,pre_level_booster_3,items,dream_pass_event,reward_event,meta,501,103,20.56,161,,,0.32,1.56
2026-08-10,Variant,pre_level_booster,pre_level_booster_3,items,team_versus_contribution,reward_event,meta,501,139,27.74,139,,,0.28,1.0
2026-08-10,Variant,pre_level_booster,pre_level_booster_3,items,FlockRush,event_reward,meta,501,114,22.75,114,,,0.23,1.0
2026-08-10,Variant,pre_level_booster,pre_level_booster_3,items,offer_free_items,rolling_offer,meta,501,109,21.76,110,,,0.22,1.01
2026-08-10,Variant,pre_level_booster,pre_level_booster_3,items,ArcheryArena,reward_event,meta,501,41,8.18,47,,,0.09,1.15
2026-08-10,Variant,pre_level_booster,pre_level_booster_3,items,reward_chest,reward_chest,other,501,34,6.79,35,,,0.07,1.03
2026-08-10,Variant,pre_level_booster,pre_level_booster_3,items,kite_festival_event,reward_event,meta,501,14,2.79,15,,,0.03,1.07
2026-08-10,Variant,pre_level_booster,pre_level_booster_3,items,ingame,purchase,purchase,501,2,0.4,12,,,0.02,6.0
2026-08-10,Variant,pre_level_booster,pre_level_booster_3,items,Jigsaw,reward_event,meta,501,12,2.4,12,,,0.02,1.0
2026-08-10,Variant,pre_level_booster,pre_level_booster_3,items,bundle_1_with_prelevel_boosters_tier3,purchase,purchase,501,7,1.4,9,,,0.02,1.29
2026-08-10,Variant,pre_level_booster,pre_level_booster_3,items,race_event,reward_event,meta,501,5,1.0,5,,,0.01,1.0
2026-08-10,Variant,pre_level_booster,pre_level_booster_3,items,bundle_2_with_prelevel_boosters_tier3,purchase,purchase,501,1,0.2,4,,,0.01,4.0
2026-08-10,Variant,pre_level_booster,pre_level_booster_3,items,bundle_7_with_prelevel_boosters2,purchase,purchase,501,1,0.2,2,,,0.0,2.0
2026-08-10,Variant,pre_level_booster,pre_level_booster_3,items,bundle_3_with_prelevel_boosters_tier3,purchase,purchase,501,1,0.2,2,,,0.0,2.0
2026-08-10,Variant,pre_level_booster,pre_level_booster_3,items,ad_chest,ad_chest,ads,501,1,0.2,1,,,0.0,1.0
2026-08-10,Variant,pre_level_booster,pre_level_booster_3,items,season_pass_event,reward_event,meta,501,1,0.2,1,,,0.0,1.0
2026-08-10,Variant,pre_level_booster,pre_level_booster_3,items,bomb_ballet_event,reward_event,meta,501,1,0.2,1,,,0.0,1.0
2026-08-10,Variant,pre_level_booster,pre_level_booster_3,items,bundle_7_with_prelevel_boosters,purchase,purchase,501,1,0.2,1,,,0.0,1.0
2026-08-10,Variant,season_pass_multiplier_2x,SeasonPassMultiplier2x,minutes,Rainbow Maker,reward_event,meta,501,465,92.81,8030,,,16.03,17.27
2026-08-10,Variant,season_pass_multiplier_2x,SeasonPassMultiplier2x,minutes,great_offer1_299,purchase,purchase,501,2,0.4,720,,,1.44,360.0
2026-08-10,Variant,ul_pre_booster,UnlimitedBooster1,minutes,Rainbow Maker,reward_event,meta,501,395,78.84,5140,,,10.26,13.01
2026-08-10,Variant,ul_pre_booster,UnlimitedBooster1,minutes,dream_pass_event,reward_event,meta,501,151,30.14,3235,,,6.46,21.42
2026-08-10,Variant,ul_pre_booster,UnlimitedBooster1,minutes,Hatchling Hideaway,event_reward,meta,501,224,44.71,2320,,,4.63,10.36
2026-08-10,Variant,ul_pre_booster,UnlimitedBooster1,minutes,Jigsaw,reward_event,meta,501,58,11.58,1335,,,2.66,23.02
2026-08-10,Variant,ul_pre_booster,UnlimitedBooster1,minutes,great_offer1_299,purchase,purchase,501,2,0.4,720,,,1.44,360.0
2026-08-10,Variant,ul_pre_booster,UnlimitedBooster1,minutes,daily_reward,daily_reward,core,501,7,1.4,420,,,0.84,60.0
2026-08-10,Variant,ul_pre_booster,UnlimitedBooster1,minutes,Hard_level_offer1_tier3,purchase,purchase,501,6,1.2,120,,,0.24,20.0
2026-08-10,Variant,ul_pre_booster,UnlimitedBooster1,minutes,bomb_ballet_event,reward_event,meta,501,3,0.6,45,,,0.09,15.0
2026-08-10,Variant,ul_pre_booster,UnlimitedBooster1,minutes,Hard_Level_Offer1,purchase,purchase,501,2,0.4,40,,,0.08,20.0
2026-08-10,Variant,ul_pre_booster,UnlimitedBooster2,minutes,dream_pass_event,reward_event,meta,501,100,19.96,1720,,,3.43,17.2
2026-08-10,Variant,ul_pre_booster,UnlimitedBooster2,minutes,Hatchling Hideaway,event_reward,meta,501,147,29.34,1580,,,3.15,10.75
2026-08-10,Variant,ul_pre_booster,UnlimitedBooster2,minutes,Jigsaw,reward_event,meta,501,57,11.38,1045,,,2.09,18.33
2026-08-10,Variant,ul_pre_booster,UnlimitedBooster2,minutes,great_offer1_299,purchase,purchase,501,2,0.4,720,,,1.44,360.0
2026-08-10,Variant,ul_pre_booster,UnlimitedBooster2,minutes,Rainbow Maker,reward_event,meta,501,39,7.78,540,,,1.08,13.85
2026-08-10,Variant,ul_pre_booster,UnlimitedBooster2,minutes,daily_reward,daily_reward,core,501,7,1.4,420,,,0.84,60.0
2026-08-10,Variant,ul_pre_booster,UnlimitedBooster2,minutes,Hard_level_offer1_tier3,purchase,purchase,501,6,1.2,120,,,0.24,20.0
2026-08-10,Variant,ul_pre_booster,UnlimitedBooster2,minutes,bomb_ballet_event,reward_event,meta,501,3,0.6,45,,,0.09,15.0
2026-08-10,Variant,ul_pre_booster,UnlimitedBooster2,minutes,Hard_Level_Offer1,purchase,purchase,501,2,0.4,40,,,0.08,20.0
2026-08-10,Variant,ul_pre_booster,UnlimitedBooster3,minutes,Jigsaw,reward_event,meta,501,54,10.78,750,,,1.5,13.89
2026-08-10,Variant,ul_pre_booster,UnlimitedBooster3,minutes,great_offer1_299,purchase,purchase,501,2,0.4,720,,,1.44,360.0
2026-08-10,Variant,ul_pre_booster,UnlimitedBooster3,minutes,daily_reward,daily_reward,core,501,7,1.4,240,,,0.48,34.29
2026-08-10,Variant,ul_pre_booster,UnlimitedBooster3,minutes,dream_pass_event,reward_event,meta,501,5,1.0,150,,,0.3,30.0
2026-08-10,Variant,ul_pre_booster,UnlimitedBooster3,minutes,Hard_level_offer1_tier3,purchase,purchase,501,6,1.2,120,,,0.24,20.0
2026-08-10,Variant,ul_pre_booster,UnlimitedBooster3,minutes,bomb_ballet_event,reward_event,meta,501,3,0.6,45,,,0.09,15.0
2026-08-10,Variant,ul_pre_booster,UnlimitedBooster3,minutes,Hard_Level_Offer1,purchase,purchase,501,2,0.4,40,,,0.08,20.0
2026-08-10,Variant,unlimited_lives,UnlimitedLives,minutes,saga_progression,chapter_complete,core,501,497,99.2,165580,,,330.5,333.16
2026-08-10,Variant,unlimited_lives,UnlimitedLives,minutes,player_level_up,reward_chest,core,501,435,86.83,50520,,,100.84,116.14
2026-08-10,Variant,unlimited_lives,UnlimitedLives,minutes,Hatchling Hideaway,event_reward,meta,501,346,69.06,30180,,,60.24,87.23
2026-08-10,Variant,unlimited_lives,UnlimitedLives,minutes,FlockRush,event_reward,meta,501,388,77.45,23440,,,46.79,60.41
2026-08-10,Variant,unlimited_lives,UnlimitedLives,minutes,Rainbow Maker,reward_event,meta,501,486,97.01,20880,,,41.68,42.96
2026-08-10,Variant,unlimited_lives,UnlimitedLives,minutes,dream_pass_event,reward_event,meta,501,138,27.54,13260,,,26.47,96.09
2026-08-10,Variant,unlimited_lives,UnlimitedLives,minutes,dreamheist_event,reward_event,meta,501,323,64.47,11080,,,22.12,34.3
2026-08-10,Variant,unlimited_lives,UnlimitedLives,minutes,daily_reward,daily_reward,core,501,204,40.72,6705,,,13.38,32.87
2026-08-10,Variant,unlimited_lives,UnlimitedLives,minutes,Jigsaw,reward_event,meta,501,66,13.17,5820,,,11.62,88.18
2026-08-10,Variant,unlimited_lives,UnlimitedLives,minutes,ad_chest,ad_chest,ads,501,71,14.17,1095,,,2.19,15.42
2026-08-10,Variant,unlimited_lives,UnlimitedLives,minutes,reward_chest,reward_chest,other,501,34,6.79,1050,,,2.1,30.88
2026-08-10,Variant,unlimited_lives,UnlimitedLives,minutes,great_offer1_299,purchase,purchase,501,2,0.4,720,,,1.44,360.0
2026-08-10,Variant,unlimited_lives,UnlimitedLives,minutes,offer_free_items,rolling_offer,meta,501,12,2.4,420,,,0.84,35.0
2026-08-10,Variant,unlimited_lives,UnlimitedLives,minutes,kite_festival_event,reward_event,meta,501,10,2.0,335,,,0.67,33.5
2026-08-10,Variant,unlimited_lives,UnlimitedLives,minutes,bomb_ballet_event,reward_event,meta,501,3,0.6,270,,,0.54,90.0
2026-08-10,Variant,unlimited_lives,UnlimitedLives,minutes,rolling_offer_p049_tier3,purchase,purchase,501,5,1.0,225,,,0.45,45.0
2026-08-10,Variant,unlimited_lives,UnlimitedLives,minutes,ArcheryArena,reward_event,meta,501,7,1.4,210,,,0.42,30.0
2026-08-10,Variant,unlimited_lives,UnlimitedLives,minutes,Hard_level_offer1_tier3,purchase,purchase,501,6,1.2,120,,,0.24,20.0
2026-08-10,Variant,unlimited_lives,UnlimitedLives,minutes,race_event,reward_event,meta,501,1,0.2,50,,,0.1,50.0
2026-08-10,Variant,unlimited_lives,UnlimitedLives,minutes,Hard_Level_Offer1,purchase,purchase,501,2,0.4,40,,,0.08,20.0
2026-08-10,Variant,unlimited_lives,UnlimitedLives,minutes,season_pass_event,reward_event,meta,501,1,0.2,30,,,0.06,30.0
