segment,ab_group,category,resource,amount_free,amount_total,player_days,papd_free
0-9,Control,Ads,Chuck,6.0,6.0,67171.0,8.9e-05
0-9,Control,Ads,Comet,1457.0,1457.0,67171.0,0.021691
0-9,Control,Ads,HC,139885.0,139885.0,67171.0,2.082521
0-9,Control,Ads,Red,9.0,9.0,67171.0,0.000134
0-9,Control,Ads,Shuffle,3002.0,3002.0,67171.0,0.044692
0-9,Control,Ads,Slingshot,3186.0,3186.0,67171.0,0.047431
0-9,Control,Ads,Unlimited Lives,46605.0,46605.0,67171.0,0.693826
0-9,Control,Bomb Challenge,Comet,19.0,19.0,67171.0,0.000283
0-9,Control,Bomb Challenge,HC,12550.0,12550.0,67171.0,0.186837
0-9,Control,Bomb Challenge,Red,1.0,1.0,67171.0,1.5e-05
0-9,Control,Bomb Challenge,Shuffle,331.0,331.0,67171.0,0.004928
0-9,Control,Bomb Challenge,Slingshot,987.0,987.0,67171.0,0.014694
0-9,Control,Bomb's Ballet,Chuck,1115.0,1115.0,67171.0,0.016599
0-9,Control,Bomb's Ballet,HC,500.0,500.0,67171.0,0.007444
0-9,Control,Bomb's Ballet,Red,2.0,2.0,67171.0,3e-05
0-9,Control,Bomb's Ballet,UL Bomb,110.0,110.0,67171.0,0.001638
0-9,Control,Bomb's Ballet,UL Chuck,1390.0,1390.0,67171.0,0.020693
0-9,Control,Bomb's Ballet,UL Red,4195.0,4195.0,67171.0,0.062453
0-9,Control,Bomb's Ballet,Unlimited Lives,1530.0,1530.0,67171.0,0.022778
0-9,Control,Chuck Challenge,Comet,2.0,2.0,67171.0,3e-05
0-9,Control,Chuck Challenge,HC,750.0,750.0,67171.0,0.011166
0-9,Control,Chuck Challenge,Shuffle,19.0,19.0,67171.0,0.000283
0-9,Control,Chuck Challenge,Slingshot,23.0,23.0,67171.0,0.000342
0-9,Control,Core,Bomb,3434.0,3434.0,67171.0,0.051123
0-9,Control,Core,Chuck,6815.0,6815.0,67171.0,0.101457
0-9,Control,Core,Comet,997.0,997.0,67171.0,0.014843
0-9,Control,Core,HC,363675.0,363675.0,67171.0,5.414167
0-9,Control,Core,Red,1396.0,1396.0,67171.0,0.020783
0-9,Control,Core,Shuffle,2818.0,2818.0,67171.0,0.041953
0-9,Control,Core,Slingshot,2527.0,2527.0,67171.0,0.03762
0-9,Control,Core,Unlimited Lives,165540.0,165540.0,67171.0,2.464456
0-9,Control,Daily Gift,Comet,658.0,658.0,67171.0,0.009796
0-9,Control,Daily Gift,HC,977525.0,977525.0,67171.0,14.552783
0-9,Control,Daily Gift,Shuffle,4598.0,4598.0,67171.0,0.068452
0-9,Control,Daily Gift,Slingshot,7571.0,7571.0,67171.0,0.112712
0-9,Control,Daily Gift,UL Bomb,21240.0,21240.0,67171.0,0.316208
0-9,Control,Daily Gift,UL Chuck,41130.0,41130.0,67171.0,0.612318
0-9,Control,Daily Gift,UL Red,42210.0,42210.0,67171.0,0.628396
0-9,Control,Daily Gift,Unlimited Lives,800540.0,800540.0,67171.0,11.917941
0-9,Control,Daily Night Sky Prize,Comet,1.0,1.0,67171.0,1.5e-05
0-9,Control,Daily Night Sky Prize,HC,165.0,165.0,67171.0,0.002456
0-9,Control,Daily Night Sky Prize,Red,3.0,3.0,67171.0,4.5e-05
0-9,Control,Daily Night Sky Prize,Shuffle,3.0,3.0,67171.0,4.5e-05
0-9,Control,Daily Night Sky Prize,Slingshot,2.0,2.0,67171.0,3e-05
0-9,Control,Daily Night Sky Prize,UL Chuck,10.0,10.0,67171.0,0.000149
0-9,Control,Daily Night Sky Prize,Unlimited Lives,110.0,110.0,67171.0,0.001638
0-9,Control,Flock Flurry,Bomb,1133.0,1133.0,67171.0,0.016867
0-9,Control,Flock Flurry,Chuck,1133.0,1133.0,67171.0,0.016867
0-9,Control,Flock Flurry,Red,1133.0,1133.0,67171.0,0.016867
0-9,Control,Flock Flurry,SPT,18740.0,18740.0,67171.0,0.278989
0-9,Control,Flock Flurry,Slingshot,1133.0,1133.0,67171.0,0.016867
0-9,Control,Flock Flurry,Unlimited Lives,1053500.0,1053500.0,67171.0,15.683852
0-9,Control,FlowerCoop,Bomb,2.0,2.0,67171.0,3e-05
0-9,Control,FlowerCoop,UL Red,20.0,20.0,67171.0,0.000298
0-9,Control,Hatchling Hideaway,Bomb,256.0,256.0,67171.0,0.003811
0-9,Control,Hatchling Hideaway,Chuck,1719.0,1719.0,67171.0,0.025591
0-9,Control,Hatchling Hideaway,Comet,29.0,29.0,67171.0,0.000432
0-9,Control,Hatchling Hideaway,HC,19505.0,19505.0,67171.0,0.290378
0-9,Control,Hatchling Hideaway,Red,6635.0,6635.0,67171.0,0.098778
0-9,Control,Hatchling Hideaway,Shuffle,256.0,256.0,67171.0,0.003811
0-9,Control,Hatchling Hideaway,Slingshot,77.0,77.0,67171.0,0.001146
0-9,Control,Hatchling Hideaway,UL Chuck,290.0,290.0,67171.0,0.004317
0-9,Control,Hatchling Hideaway,UL Red,770.0,770.0,67171.0,0.011463
0-9,Control,Hatchling Hideaway,Unlimited Lives,405780.0,405780.0,67171.0,6.041
0-9,Control,Jigsaw,Bomb,1.0,1.0,67171.0,1.5e-05
0-9,Control,Jigsaw,Chuck,7467.0,7467.0,67171.0,0.111164
0-9,Control,Jigsaw,Comet,1.0,1.0,67171.0,1.5e-05
0-9,Control,Jigsaw,HC,5125.0,5125.0,67171.0,0.076298
0-9,Control,Jigsaw,Red,50.0,50.0,67171.0,0.000744
0-9,Control,Jigsaw,UL Bomb,515.0,515.0,67171.0,0.007667
0-9,Control,Jigsaw,UL Chuck,25105.0,25105.0,67171.0,0.373748
0-9,Control,Jigsaw,UL Red,47970.0,47970.0,67171.0,0.714147
0-9,Control,Jigsaw,Unlimited Lives,30240.0,30240.0,67171.0,0.450194
0-9,Control,Kite Festival,Bomb,28.0,28.0,67171.0,0.000417
0-9,Control,Kite Festival,Chuck,34.0,34.0,67171.0,0.000506
0-9,Control,Kite Festival,Comet,5.0,5.0,67171.0,7.4e-05
0-9,Control,Kite Festival,HC,5300.0,5300.0,67171.0,0.078903
0-9,Control,Kite Festival,Red,36.0,36.0,67171.0,0.000536
0-9,Control,Kite Festival,SPT,16570.0,16570.0,67171.0,0.246684
0-9,Control,Kite Festival,Shuffle,40.0,40.0,67171.0,0.000595
0-9,Control,Kite Festival,Slingshot,65.0,65.0,67171.0,0.000968
0-9,Control,Kite Festival,Unlimited Lives,89155.0,89155.0,67171.0,1.327284
0-9,Control,Level Race,Chuck,2.0,2.0,67171.0,3e-05
0-9,Control,Level Race,HC,400.0,400.0,67171.0,0.005955
0-9,Control,Level Race,Red,1.0,1.0,67171.0,1.5e-05
0-9,Control,Level Race,SPT,750.0,750.0,67171.0,0.011166
0-9,Control,Level Race,Shuffle,2.0,2.0,67171.0,3e-05
0-9,Control,Other,Bomb,8176.0,8700.0,67171.0,0.121719
0-9,Control,Other,Chuck,8222.0,8506.0,67171.0,0.122404
0-9,Control,Other,Comet,258.0,460.0,67171.0,0.003841
0-9,Control,Other,HC,71219.0,176169.0,67171.0,1.060264
0-9,Control,Other,Red,8489.0,9064.0,67171.0,0.126379
0-9,Control,Other,SPT,250325.0,250325.0,67171.0,3.726683
0-9,Control,Other,Shuffle,998.0,1400.0,67171.0,0.014858
0-9,Control,Other,Slingshot,1932.0,2457.0,67171.0,0.028762
0-9,Control,Other,UL Bomb,60.0,5820.0,67171.0,0.000893
0-9,Control,Other,UL Chuck,60.0,5820.0,67171.0,0.000893
0-9,Control,Other,UL Red,60.0,5820.0,67171.0,0.000893
0-9,Control,Other,Unlimited Lives,83101.0,90051.0,67171.0,1.237156
0-9,Control,Photoshoot,Chuck,110.0,110.0,67171.0,0.001638
0-9,Control,Photoshoot,HC,400.0,400.0,67171.0,0.005955
0-9,Control,Photoshoot,Red,4.0,4.0,67171.0,6e-05
0-9,Control,Photoshoot,Shuffle,1.0,1.0,67171.0,1.5e-05
0-9,Control,Photoshoot,UL Bomb,15.0,15.0,67171.0,0.000223
0-9,Control,Photoshoot,UL Chuck,45.0,45.0,67171.0,0.00067
0-9,Control,Photoshoot,UL Red,120.0,120.0,67171.0,0.001786
0-9,Control,Photoshoot,Unlimited Lives,1650.0,1650.0,67171.0,0.024564
0-9,Control,Rainbow Maker,Chuck,1.0,1.0,67171.0,1.5e-05
0-9,Control,Rainbow Maker,SPT,91.0,91.0,67171.0,0.001355
0-9,Control,Rainbow Maker,Shuffle,1.0,1.0,67171.0,1.5e-05
0-9,Control,Rainbow Maker,Slingshot,2.0,2.0,67171.0,3e-05
0-9,Control,Rainbow Maker,Unlimited Lives,10.0,10.0,67171.0,0.000149
0-9,Control,Red Challenge,Comet,17.0,17.0,67171.0,0.000253
0-9,Control,Red Challenge,HC,9000.0,9000.0,67171.0,0.133986
0-9,Control,Red Challenge,Shuffle,291.0,291.0,67171.0,0.004332
0-9,Control,Red Challenge,Slingshot,957.0,957.0,67171.0,0.014247
0-9,Control,River Rush,Bomb,184.0,184.0,67171.0,0.002739
0-9,Control,River Rush,Chuck,177.0,177.0,67171.0,0.002635
0-9,Control,River Rush,Comet,403.0,403.0,67171.0,0.006
0-9,Control,River Rush,HC,20380.0,20380.0,67171.0,0.303405
0-9,Control,River Rush,Red,119.0,119.0,67171.0,0.001772
0-9,Control,River Rush,SPT,1610.0,1610.0,67171.0,0.023969
0-9,Control,River Rush,Shuffle,546.0,546.0,67171.0,0.008129
0-9,Control,River Rush,Slingshot,14.0,14.0,67171.0,0.000208
0-9,Control,River Rush,UL Bomb,2585.0,2585.0,67171.0,0.038484
0-9,Control,River Rush,UL Chuck,2875.0,2875.0,67171.0,0.042801
0-9,Control,River Rush,UL Red,1690.0,1690.0,67171.0,0.02516
0-9,Control,River Rush,Unlimited Lives,1700.0,1700.0,67171.0,0.025309
0-9,Control,Saga,Bomb,2556.0,2556.0,67171.0,0.038052
0-9,Control,Saga,Chuck,12910.0,12910.0,67171.0,0.192196
0-9,Control,Saga,Comet,2553.0,2553.0,67171.0,0.038007
0-9,Control,Saga,HC,635410.0,635410.0,67171.0,9.459588
0-9,Control,Saga,Red,13239.0,13239.0,67171.0,0.197094
0-9,Control,Saga,Shuffle,5854.0,5854.0,67171.0,0.087151
0-9,Control,Saga,Slingshot,5683.0,5683.0,67171.0,0.084605
0-9,Control,Saga,Unlimited Lives,429870.0,429870.0,67171.0,6.399637
0-9,Control,Season Pass (Free),Bomb,1405.0,1405.0,67171.0,0.020917
0-9,Control,Season Pass (Free),Chuck,7008.0,7008.0,67171.0,0.104331
0-9,Control,Season Pass (Free),Comet,108.0,108.0,67171.0,0.001608
0-9,Control,Season Pass (Free),HC,125405.0,125405.0,67171.0,1.866952
0-9,Control,Season Pass (Free),Red,6391.0,6391.0,67171.0,0.095145
0-9,Control,Season Pass (Free),Shuffle,1813.0,1813.0,67171.0,0.026991
0-9,Control,Season Pass (Free),Slingshot,360.0,360.0,67171.0,0.005359
0-9,Control,Season Pass (Free),UL Bomb,750.0,750.0,67171.0,0.011166
0-9,Control,Season Pass (Free),UL Chuck,35070.0,35070.0,67171.0,0.5221
0-9,Control,Season Pass (Free),UL Red,55245.0,55245.0,67171.0,0.822453
0-9,Control,Season Pass (Free),Unlimited Lives,247940.0,247940.0,67171.0,3.691176
0-9,Control,Target Day,Bomb,3.0,3.0,67171.0,4.5e-05
0-9,Control,Target Day,Chuck,7.0,7.0,67171.0,0.000104
0-9,Control,Target Day,Comet,25.0,25.0,67171.0,0.000372
0-9,Control,Target Day,HC,13370.0,13370.0,67171.0,0.199044
0-9,Control,Target Day,Red,6.0,6.0,67171.0,8.9e-05
0-9,Control,Target Day,SPT,70.0,70.0,67171.0,0.001042
0-9,Control,Target Day,Shuffle,436.0,436.0,67171.0,0.006491
0-9,Control,Target Day,Slingshot,1507.0,1507.0,67171.0,0.022435
0-9,Control,Target Day,Unlimited Lives,88440.0,88440.0,67171.0,1.31664
0-9,Control,Team Event,Comet,996.0,996.0,67171.0,0.014828
0-9,Control,Team Event,HC,335570.0,335570.0,67171.0,4.995757
0-9,Control,Team Event,Shuffle,2150.0,2150.0,67171.0,0.032008
0-9,Control,Team Event,Slingshot,3671.0,3671.0,67171.0,0.054652
0-9,Control,Team Event,Unlimited Lives,60.0,60.0,67171.0,0.000893
0-9,Control,Team Race,Bomb,3307.0,3307.0,67171.0,0.049233
0-9,Control,Team Race,Chuck,1373.0,1373.0,67171.0,0.02044
0-9,Control,Team Race,Comet,6399.0,6399.0,67171.0,0.095264
0-9,Control,Team Race,HC,509435.0,509435.0,67171.0,7.584151
0-9,Control,Team Race,Red,720.0,720.0,67171.0,0.010719
0-9,Control,Team Race,SPT,78865.0,78865.0,67171.0,1.174093
0-9,Control,Team Race,Shuffle,4558.0,4558.0,67171.0,0.067857
0-9,Control,Team Race,Slingshot,3313.0,3313.0,67171.0,0.049322
0-9,Control,Team Race,UL Red,15.0,15.0,67171.0,0.000223
0-9,Control,Team Race,Unlimited Lives,17685.0,17685.0,67171.0,0.263283
0-9,Variant,Ads,Bomb,2.0,2.0,66147.0,3e-05
0-9,Variant,Ads,Chuck,4.0,4.0,66147.0,6e-05
0-9,Variant,Ads,Comet,1241.0,1241.0,66147.0,0.018761
0-9,Variant,Ads,HC,122730.0,122730.0,66147.0,1.855413
0-9,Variant,Ads,Red,5.0,5.0,66147.0,7.6e-05
0-9,Variant,Ads,Shuffle,2634.0,2634.0,66147.0,0.03982
0-9,Variant,Ads,Slingshot,2620.0,2620.0,66147.0,0.039609
0-9,Variant,Ads,Unlimited Lives,40765.0,40765.0,66147.0,0.616279
0-9,Variant,Bomb Challenge,Comet,5.0,5.0,66147.0,7.6e-05
0-9,Variant,Bomb Challenge,HC,2350.0,2350.0,66147.0,0.035527
0-9,Variant,Bomb Challenge,Shuffle,52.0,52.0,66147.0,0.000786
0-9,Variant,Bomb Challenge,Slingshot,122.0,122.0,66147.0,0.001844
0-9,Variant,Bomb's Ballet,Bomb,1.0,1.0,66147.0,1.5e-05
0-9,Variant,Bomb's Ballet,Chuck,2748.0,2748.0,66147.0,0.041544
0-9,Variant,Bomb's Ballet,Comet,1.0,1.0,66147.0,1.5e-05
0-9,Variant,Bomb's Ballet,HC,2150.0,2150.0,66147.0,0.032503
0-9,Variant,Bomb's Ballet,Red,17.0,17.0,66147.0,0.000257
0-9,Variant,Bomb's Ballet,Shuffle,1.0,1.0,66147.0,1.5e-05
0-9,Variant,Bomb's Ballet,Slingshot,1.0,1.0,66147.0,1.5e-05
0-9,Variant,Bomb's Ballet,UL Bomb,300.0,300.0,66147.0,0.004535
0-9,Variant,Bomb's Ballet,UL Chuck,6935.0,6935.0,66147.0,0.104842
0-9,Variant,Bomb's Ballet,UL Red,14670.0,14670.0,66147.0,0.221779
0-9,Variant,Bomb's Ballet,Unlimited Lives,9330.0,9330.0,66147.0,0.141049
0-9,Variant,Chuck Challenge,Comet,11.0,11.0,66147.0,0.000166
0-9,Variant,Chuck Challenge,HC,7400.0,7400.0,66147.0,0.111872
0-9,Variant,Chuck Challenge,Shuffle,295.0,295.0,66147.0,0.00446
0-9,Variant,Chuck Challenge,Slingshot,1733.0,1733.0,66147.0,0.026199
0-9,Variant,Core,Bomb,3615.0,3615.0,66147.0,0.054651
0-9,Variant,Core,Chuck,7081.0,7081.0,66147.0,0.107049
0-9,Variant,Core,Comet,962.0,962.0,66147.0,0.014543
0-9,Variant,Core,HC,374235.0,374235.0,66147.0,5.657626
0-9,Variant,Core,Red,1407.0,1407.0,66147.0,0.021271
0-9,Variant,Core,Shuffle,2793.0,2793.0,66147.0,0.042224
0-9,Variant,Core,Slingshot,2750.0,2750.0,66147.0,0.041574
0-9,Variant,Core,Unlimited Lives,175590.0,175590.0,66147.0,2.654542
0-9,Variant,Daily Gift,Comet,642.0,642.0,66147.0,0.009706
0-9,Variant,Daily Gift,HC,606675.0,606675.0,66147.0,9.171618
0-9,Variant,Daily Gift,Shuffle,4323.0,4323.0,66147.0,0.065354
0-9,Variant,Daily Gift,Slingshot,7270.0,7270.0,66147.0,0.109907
0-9,Variant,Daily Gift,UL Bomb,21750.0,21750.0,66147.0,0.328813
0-9,Variant,Daily Gift,UL Chuck,38700.0,38700.0,66147.0,0.585061
0-9,Variant,Daily Gift,UL Red,39120.0,39120.0,66147.0,0.59141
0-9,Variant,Daily Gift,Unlimited Lives,775805.0,775805.0,66147.0,11.728499
0-9,Variant,Daily Night Sky Prize,Bomb,3.0,3.0,66147.0,4.5e-05
0-9,Variant,Daily Night Sky Prize,Chuck,3679.0,3679.0,66147.0,0.055619
0-9,Variant,Daily Night Sky Prize,HC,198770.0,198770.0,66147.0,3.004974
0-9,Variant,Daily Night Sky Prize,Red,11740.0,11740.0,66147.0,0.177483
0-9,Variant,Daily Night Sky Prize,Shuffle,3.0,3.0,66147.0,4.5e-05
0-9,Variant,Daily Night Sky Prize,Slingshot,3682.0,3682.0,66147.0,0.055664
0-9,Variant,Daily Night Sky Prize,Unlimited Lives,541320.0,541320.0,66147.0,8.183591
0-9,Variant,Flock Flurry,Bomb,616.0,616.0,66147.0,0.009313
0-9,Variant,Flock Flurry,Chuck,616.0,616.0,66147.0,0.009313
0-9,Variant,Flock Flurry,Red,616.0,616.0,66147.0,0.009313
0-9,Variant,Flock Flurry,SPT,9080.0,9080.0,66147.0,0.13727
0-9,Variant,Flock Flurry,Slingshot,616.0,616.0,66147.0,0.009313
0-9,Variant,Flock Flurry,Unlimited Lives,713040.0,713040.0,66147.0,10.779627
0-9,Variant,FlowerCoop,Bomb,2.0,2.0,66147.0,3e-05
0-9,Variant,FlowerCoop,Chuck,2.0,2.0,66147.0,3e-05
0-9,Variant,FlowerCoop,Comet,2.0,2.0,66147.0,3e-05
0-9,Variant,FlowerCoop,Unlimited Lives,15.0,15.0,66147.0,0.000227
0-9,Variant,Hatchling Hideaway,Bomb,331.0,331.0,66147.0,0.005004
0-9,Variant,Hatchling Hideaway,Chuck,1773.0,1773.0,66147.0,0.026804
0-9,Variant,Hatchling Hideaway,Comet,295.0,295.0,66147.0,0.00446
0-9,Variant,Hatchling Hideaway,HC,18860.0,18860.0,66147.0,0.285123
0-9,Variant,Hatchling Hideaway,Red,6295.0,6295.0,66147.0,0.095167
0-9,Variant,Hatchling Hideaway,Shuffle,72.0,72.0,66147.0,0.001088
0-9,Variant,Hatchling Hideaway,Slingshot,20.0,20.0,66147.0,0.000302
0-9,Variant,Hatchling Hideaway,UL Chuck,160.0,160.0,66147.0,0.002419
0-9,Variant,Hatchling Hideaway,UL Red,400.0,400.0,66147.0,0.006047
0-9,Variant,Hatchling Hideaway,Unlimited Lives,387630.0,387630.0,66147.0,5.86013
0-9,Variant,Jigsaw,Bomb,2.0,2.0,66147.0,3e-05
0-9,Variant,Jigsaw,Chuck,5077.0,5077.0,66147.0,0.076753
0-9,Variant,Jigsaw,Comet,2.0,2.0,66147.0,3e-05
0-9,Variant,Jigsaw,HC,3225.0,3225.0,66147.0,0.048755
0-9,Variant,Jigsaw,Red,53.0,53.0,66147.0,0.000801
0-9,Variant,Jigsaw,Slingshot,10.0,10.0,66147.0,0.000151
0-9,Variant,Jigsaw,UL Bomb,545.0,545.0,66147.0,0.008239
0-9,Variant,Jigsaw,UL Chuck,13215.0,13215.0,66147.0,0.199782
0-9,Variant,Jigsaw,UL Red,29920.0,29920.0,66147.0,0.452326
0-9,Variant,Jigsaw,Unlimited Lives,14940.0,14940.0,66147.0,0.225861
0-9,Variant,Kite Festival,Bomb,32.0,32.0,66147.0,0.000484
0-9,Variant,Kite Festival,Chuck,44.0,44.0,66147.0,0.000665
0-9,Variant,Kite Festival,Comet,10.0,10.0,66147.0,0.000151
0-9,Variant,Kite Festival,HC,7300.0,7300.0,66147.0,0.11036
0-9,Variant,Kite Festival,Red,62.0,62.0,66147.0,0.000937
0-9,Variant,Kite Festival,SPT,25750.0,25750.0,66147.0,0.389284
0-9,Variant,Kite Festival,Shuffle,31.0,31.0,66147.0,0.000469
0-9,Variant,Kite Festival,Slingshot,82.0,82.0,66147.0,0.00124
0-9,Variant,Kite Festival,Unlimited Lives,78520.0,78520.0,66147.0,1.187053
0-9,Variant,Level Race,Bomb,3.0,3.0,66147.0,4.5e-05
0-9,Variant,Level Race,Comet,1.0,1.0,66147.0,1.5e-05
0-9,Variant,Level Race,HC,500.0,500.0,66147.0,0.007559
0-9,Variant,Level Race,SPT,720.0,720.0,66147.0,0.010885
0-9,Variant,Level Race,Shuffle,1.0,1.0,66147.0,1.5e-05
0-9,Variant,Level Race,Slingshot,1.0,1.0,66147.0,1.5e-05
0-9,Variant,Level Race,Unlimited Lives,500.0,500.0,66147.0,0.007559
0-9,Variant,Other,Bomb,7588.0,8122.0,66147.0,0.114714
0-9,Variant,Other,Chuck,7687.0,8008.0,66147.0,0.116211
0-9,Variant,Other,Comet,200.0,412.0,66147.0,0.003024
0-9,Variant,Other,HC,47624.0,158074.0,66147.0,0.719972
0-9,Variant,Other,Red,7925.0,8582.0,66147.0,0.119809
0-9,Variant,Other,SPT,233900.0,233900.0,66147.0,3.536064
0-9,Variant,Other,Shuffle,546.0,971.0,66147.0,0.008254
0-9,Variant,Other,Slingshot,485.0,958.0,66147.0,0.007332
0-9,Variant,Other,UL Bomb,55.0,7295.0,66147.0,0.000831
0-9,Variant,Other,UL Chuck,40.0,7280.0,66147.0,0.000605
0-9,Variant,Other,UL Red,40.0,7280.0,66147.0,0.000605
0-9,Variant,Other,Unlimited Lives,77839.0,86829.0,66147.0,1.176758
0-9,Variant,Photoshoot,Chuck,5.0,5.0,66147.0,7.6e-05
0-9,Variant,Photoshoot,HC,75.0,75.0,66147.0,0.001134
0-9,Variant,Photoshoot,UL Red,15.0,15.0,66147.0,0.000227
0-9,Variant,Photoshoot,Unlimited Lives,150.0,150.0,66147.0,0.002268
0-9,Variant,Rainbow Maker,Bomb,38.0,38.0,66147.0,0.000574
0-9,Variant,Rainbow Maker,Chuck,8526.0,8526.0,66147.0,0.128895
0-9,Variant,Rainbow Maker,Comet,692.0,692.0,66147.0,0.010462
0-9,Variant,Rainbow Maker,HC,168908.0,168908.0,66147.0,2.553525
0-9,Variant,Rainbow Maker,Red,13064.0,13064.0,66147.0,0.1975
0-9,Variant,Rainbow Maker,SPT,354304.0,354304.0,66147.0,5.356312
0-9,Variant,Rainbow Maker,Shuffle,1968.0,1968.0,66147.0,0.029752
0-9,Variant,Rainbow Maker,Slingshot,10588.0,10588.0,66147.0,0.160068
0-9,Variant,Rainbow Maker,UL Red,5370.0,5370.0,66147.0,0.081183
0-9,Variant,Rainbow Maker,Unlimited Lives,200275.0,200275.0,66147.0,3.027726
0-9,Variant,Red Challenge,Comet,17.0,17.0,66147.0,0.000257
0-9,Variant,Red Challenge,HC,8050.0,8050.0,66147.0,0.121699
0-9,Variant,Red Challenge,Red,1.0,1.0,66147.0,1.5e-05
0-9,Variant,Red Challenge,Shuffle,174.0,174.0,66147.0,0.002631
0-9,Variant,Red Challenge,Slingshot,491.0,491.0,66147.0,0.007423
0-9,Variant,River Rush,Bomb,3.0,3.0,66147.0,4.5e-05
0-9,Variant,River Rush,Chuck,3.0,3.0,66147.0,4.5e-05
0-9,Variant,River Rush,Comet,10.0,10.0,66147.0,0.000151
0-9,Variant,River Rush,HC,390.0,390.0,66147.0,0.005896
0-9,Variant,River Rush,Red,5.0,5.0,66147.0,7.6e-05
0-9,Variant,River Rush,SPT,30.0,30.0,66147.0,0.000454
0-9,Variant,River Rush,Shuffle,12.0,12.0,66147.0,0.000181
0-9,Variant,River Rush,Slingshot,2.0,2.0,66147.0,3e-05
0-9,Variant,River Rush,UL Bomb,100.0,100.0,66147.0,0.001512
0-9,Variant,River Rush,UL Chuck,30.0,30.0,66147.0,0.000454
0-9,Variant,River Rush,UL Red,40.0,40.0,66147.0,0.000605
0-9,Variant,River Rush,Unlimited Lives,15.0,15.0,66147.0,0.000227
0-9,Variant,Saga,Bomb,2708.0,2708.0,66147.0,0.040939
0-9,Variant,Saga,Chuck,3305.0,3305.0,66147.0,0.049964
0-9,Variant,Saga,Comet,71.0,71.0,66147.0,0.001073
0-9,Variant,Saga,HC,200445.0,200445.0,66147.0,3.030296
0-9,Variant,Saga,Red,3707.0,3707.0,66147.0,0.056042
0-9,Variant,Saga,Shuffle,2856.0,2856.0,66147.0,0.043177
0-9,Variant,Saga,Slingshot,3027.0,3027.0,66147.0,0.045762
0-9,Variant,Saga,Unlimited Lives,729140.0,729140.0,66147.0,11.023024
0-9,Variant,Season Pass (Free),Bomb,1204.0,1204.0,66147.0,0.018202
0-9,Variant,Season Pass (Free),Chuck,6801.0,6801.0,66147.0,0.102816
0-9,Variant,Season Pass (Free),Comet,114.0,114.0,66147.0,0.001723
0-9,Variant,Season Pass (Free),HC,118640.0,118715.0,66147.0,1.793581
0-9,Variant,Season Pass (Free),Red,6550.0,6550.0,66147.0,0.099022
0-9,Variant,Season Pass (Free),Shuffle,1853.0,1853.0,66147.0,0.028013
0-9,Variant,Season Pass (Free),Slingshot,272.0,272.0,66147.0,0.004112
0-9,Variant,Season Pass (Free),UL Bomb,630.0,630.0,66147.0,0.009524
0-9,Variant,Season Pass (Free),UL Chuck,34895.0,34895.0,66147.0,0.527537
0-9,Variant,Season Pass (Free),UL Red,53985.0,53985.0,66147.0,0.816137
0-9,Variant,Season Pass (Free),Unlimited Lives,233215.0,233215.0,66147.0,3.525708
0-9,Variant,Target Day,Bomb,166.0,166.0,66147.0,0.00251
0-9,Variant,Target Day,Chuck,1161.0,1161.0,66147.0,0.017552
0-9,Variant,Target Day,Comet,61.0,61.0,66147.0,0.000922
0-9,Variant,Target Day,HC,16000.0,16000.0,66147.0,0.241885
0-9,Variant,Target Day,Red,2924.0,2924.0,66147.0,0.044205
0-9,Variant,Target Day,SPT,80.0,80.0,66147.0,0.001209
0-9,Variant,Target Day,Shuffle,148.0,148.0,66147.0,0.002237
0-9,Variant,Target Day,Slingshot,637.0,637.0,66147.0,0.00963
0-9,Variant,Target Day,Unlimited Lives,382560.0,382560.0,66147.0,5.783482
0-9,Variant,Team Event,Comet,978.0,978.0,66147.0,0.014785
0-9,Variant,Team Event,HC,329240.0,329240.0,66147.0,4.977399
0-9,Variant,Team Event,Shuffle,2108.0,2108.0,66147.0,0.031868
0-9,Variant,Team Event,Slingshot,3600.0,3600.0,66147.0,0.054424
0-9,Variant,Team Race,Bomb,3297.0,3297.0,66147.0,0.049844
0-9,Variant,Team Race,Chuck,1271.0,1271.0,66147.0,0.019215
0-9,Variant,Team Race,Comet,6052.0,6052.0,66147.0,0.091493
0-9,Variant,Team Race,HC,447735.0,447735.0,66147.0,6.768788
0-9,Variant,Team Race,Red,773.0,773.0,66147.0,0.011686
0-9,Variant,Team Race,SPT,90345.0,90345.0,66147.0,1.365822
0-9,Variant,Team Race,Shuffle,4163.0,4163.0,66147.0,0.062936
0-9,Variant,Team Race,Slingshot,3061.0,3061.0,66147.0,0.046276
0-9,Variant,Team Race,Unlimited Lives,8335.0,8335.0,66147.0,0.126007
10-19,Control,Ads,Bomb,2.0,2.0,51989.0,3.8e-05
10-19,Control,Ads,Chuck,5.0,5.0,51989.0,9.6e-05
10-19,Control,Ads,Comet,1490.0,1490.0,51989.0,0.02866
10-19,Control,Ads,HC,140765.0,140765.0,51989.0,2.707592
10-19,Control,Ads,Red,20.0,20.0,51989.0,0.000385
10-19,Control,Ads,Shuffle,3122.0,3122.0,51989.0,0.060051
10-19,Control,Ads,Slingshot,3071.0,3071.0,51989.0,0.05907
10-19,Control,Ads,Unlimited Lives,46520.0,46520.0,51989.0,0.894805
10-19,Control,Bomb Challenge,Comet,74.0,74.0,51989.0,0.001423
10-19,Control,Bomb Challenge,HC,37700.0,37700.0,51989.0,0.725153
10-19,Control,Bomb Challenge,Shuffle,826.0,826.0,51989.0,0.015888
10-19,Control,Bomb Challenge,Slingshot,1583.0,1583.0,51989.0,0.030449
10-19,Control,Bomb's Ballet,Chuck,2361.0,2361.0,51989.0,0.045413
10-19,Control,Bomb's Ballet,HC,1975.0,1975.0,51989.0,0.037989
10-19,Control,Bomb's Ballet,Red,5.0,5.0,51989.0,9.6e-05
10-19,Control,Bomb's Ballet,UL Bomb,170.0,170.0,51989.0,0.00327
10-19,Control,Bomb's Ballet,UL Chuck,7660.0,7660.0,51989.0,0.147339
10-19,Control,Bomb's Ballet,UL Red,14985.0,14985.0,51989.0,0.288234
10-19,Control,Bomb's Ballet,Unlimited Lives,9630.0,9630.0,51989.0,0.185231
10-19,Control,Chuck Challenge,Comet,1.0,1.0,51989.0,1.9e-05
10-19,Control,Chuck Challenge,HC,650.0,650.0,51989.0,0.012503
10-19,Control,Chuck Challenge,Shuffle,14.0,14.0,51989.0,0.000269
10-19,Control,Chuck Challenge,Slingshot,16.0,16.0,51989.0,0.000308
10-19,Control,Core,Bomb,7153.0,7153.0,51989.0,0.137587
10-19,Control,Core,Chuck,10430.0,10430.0,51989.0,0.200619
10-19,Control,Core,Comet,2110.0,2110.0,51989.0,0.040586
10-19,Control,Core,HC,808505.0,808505.0,51989.0,15.551463
10-19,Control,Core,Red,3403.0,3403.0,51989.0,0.065456
10-19,Control,Core,Shuffle,6497.0,6497.0,51989.0,0.124969
10-19,Control,Core,Slingshot,6603.0,6603.0,51989.0,0.127008
10-19,Control,Core,Unlimited Lives,426090.0,426090.0,51989.0,8.195772
10-19,Control,Daily Gift,Comet,609.0,609.0,51989.0,0.011714
10-19,Control,Daily Gift,HC,904285.0,904285.0,51989.0,17.393776
10-19,Control,Daily Gift,Shuffle,4447.0,4447.0,51989.0,0.085537
10-19,Control,Daily Gift,Slingshot,7352.0,7352.0,51989.0,0.141415
10-19,Control,Daily Gift,UL Bomb,21300.0,21300.0,51989.0,0.409702
10-19,Control,Daily Gift,UL Chuck,43110.0,43110.0,51989.0,0.829214
10-19,Control,Daily Gift,UL Red,39510.0,39510.0,51989.0,0.759968
10-19,Control,Daily Gift,Unlimited Lives,697240.0,697240.0,51989.0,13.411299
10-19,Control,Daily Night Sky Prize,HC,25.0,25.0,51989.0,0.000481
10-19,Control,Daily Night Sky Prize,Unlimited Lives,60.0,60.0,51989.0,0.001154
10-19,Control,Flock Flurry,Bomb,2774.0,2774.0,51989.0,0.053357
10-19,Control,Flock Flurry,Chuck,2774.0,2774.0,51989.0,0.053357
10-19,Control,Flock Flurry,Red,2774.0,2774.0,51989.0,0.053357
10-19,Control,Flock Flurry,SPT,49600.0,49600.0,51989.0,0.954048
10-19,Control,Flock Flurry,Slingshot,2774.0,2774.0,51989.0,0.053357
10-19,Control,Flock Flurry,Unlimited Lives,1157760.0,1157760.0,51989.0,22.269326
10-19,Control,FlowerCoop,Chuck,4.0,4.0,51989.0,7.7e-05
10-19,Control,FlowerCoop,Comet,4.0,4.0,51989.0,7.7e-05
10-19,Control,FlowerCoop,Unlimited Lives,30.0,30.0,51989.0,0.000577
10-19,Control,Hatchling Hideaway,Bomb,2396.0,2396.0,51989.0,0.046087
10-19,Control,Hatchling Hideaway,Chuck,5010.0,5010.0,51989.0,0.096367
10-19,Control,Hatchling Hideaway,Comet,132.0,132.0,51989.0,0.002539
10-19,Control,Hatchling Hideaway,HC,64410.0,64410.0,51989.0,1.238916
10-19,Control,Hatchling Hideaway,Red,8295.0,8295.0,51989.0,0.159553
10-19,Control,Hatchling Hideaway,Shuffle,2396.0,2396.0,51989.0,0.046087
10-19,Control,Hatchling Hideaway,Slingshot,602.0,602.0,51989.0,0.011579
10-19,Control,Hatchling Hideaway,UL Chuck,1320.0,1320.0,51989.0,0.02539
10-19,Control,Hatchling Hideaway,UL Red,6020.0,6020.0,51989.0,0.115794
10-19,Control,Hatchling Hideaway,Unlimited Lives,569580.0,569580.0,51989.0,10.955779
10-19,Control,Jigsaw,Bomb,2.0,2.0,51989.0,3.8e-05
10-19,Control,Jigsaw,Chuck,7743.0,7743.0,51989.0,0.148935
10-19,Control,Jigsaw,Comet,2.0,2.0,51989.0,3.8e-05
10-19,Control,Jigsaw,HC,68475.0,68475.0,51989.0,1.317106
10-19,Control,Jigsaw,Red,1192.0,1192.0,51989.0,0.022928
10-19,Control,Jigsaw,Slingshot,5.0,5.0,51989.0,9.6e-05
10-19,Control,Jigsaw,UL Bomb,11950.0,11950.0,51989.0,0.229856
10-19,Control,Jigsaw,UL Chuck,57135.0,57135.0,51989.0,1.098982
10-19,Control,Jigsaw,UL Red,69765.0,69765.0,51989.0,1.341918
10-19,Control,Jigsaw,Unlimited Lives,153720.0,153720.0,51989.0,2.956779
10-19,Control,Kite Festival,Bomb,43.0,43.0,51989.0,0.000827
10-19,Control,Kite Festival,Chuck,50.0,50.0,51989.0,0.000962
10-19,Control,Kite Festival,Comet,9.0,9.0,51989.0,0.000173
10-19,Control,Kite Festival,HC,7800.0,7800.0,51989.0,0.150032
10-19,Control,Kite Festival,Red,60.0,60.0,51989.0,0.001154
10-19,Control,Kite Festival,SPT,39140.0,39140.0,51989.0,0.752852
10-19,Control,Kite Festival,Shuffle,64.0,64.0,51989.0,0.001231
10-19,Control,Kite Festival,Slingshot,130.0,130.0,51989.0,0.002501
10-19,Control,Kite Festival,Unlimited Lives,126565.0,126565.0,51989.0,2.434457
10-19,Control,Level Race,HC,150.0,150.0,51989.0,0.002885
10-19,Control,Level Race,Red,1.0,1.0,51989.0,1.9e-05
10-19,Control,Level Race,SPT,330.0,330.0,51989.0,0.006347
10-19,Control,Level Race,Shuffle,1.0,1.0,51989.0,1.9e-05
10-19,Control,Level Race,Slingshot,3.0,3.0,51989.0,5.8e-05
10-19,Control,Level Race,Unlimited Lives,400.0,400.0,51989.0,0.007694
10-19,Control,Other,Bomb,7860.0,9429.0,51989.0,0.151186
10-19,Control,Other,Chuck,7941.0,8967.0,51989.0,0.152744
10-19,Control,Other,Comet,621.0,1073.0,51989.0,0.011945
10-19,Control,Other,HC,188273.0,443823.0,51989.0,3.621401
10-19,Control,Other,Red,8157.0,9411.0,51989.0,0.156899
10-19,Control,Other,SPT,265785.0,265785.0,51989.0,5.112331
10-19,Control,Other,Shuffle,2727.0,3418.0,51989.0,0.052453
10-19,Control,Other,Slingshot,3640.0,4448.0,51989.0,0.070015
10-19,Control,Other,UL Bomb,15.0,17455.0,51989.0,0.000289
10-19,Control,Other,UL Chuck,15.0,17455.0,51989.0,0.000289
10-19,Control,Other,UL Red,15.0,17455.0,51989.0,0.000289
10-19,Control,Other,Unlimited Lives,69478.0,91398.0,51989.0,1.336398
10-19,Control,Photoshoot,Bomb,1.0,1.0,51989.0,1.9e-05
10-19,Control,Photoshoot,Chuck,129.0,129.0,51989.0,0.002481
10-19,Control,Photoshoot,HC,1375.0,1375.0,51989.0,0.026448
10-19,Control,Photoshoot,Red,10.0,10.0,51989.0,0.000192
10-19,Control,Photoshoot,Shuffle,2.0,2.0,51989.0,3.8e-05
10-19,Control,Photoshoot,UL Bomb,30.0,30.0,51989.0,0.000577
10-19,Control,Photoshoot,UL Chuck,60.0,60.0,51989.0,0.001154
10-19,Control,Photoshoot,UL Red,345.0,345.0,51989.0,0.006636
10-19,Control,Photoshoot,Unlimited Lives,3630.0,3630.0,51989.0,0.069822
10-19,Control,Rainbow Maker,Bomb,1.0,1.0,51989.0,1.9e-05
10-19,Control,Rainbow Maker,Comet,1.0,1.0,51989.0,1.9e-05
10-19,Control,Rainbow Maker,HC,30.0,30.0,51989.0,0.000577
10-19,Control,Rainbow Maker,SPT,165.0,165.0,51989.0,0.003174
10-19,Control,Rainbow Maker,Shuffle,1.0,1.0,51989.0,1.9e-05
10-19,Control,Rainbow Maker,Slingshot,2.0,2.0,51989.0,3.8e-05
10-19,Control,Rainbow Maker,UL Red,10.0,10.0,51989.0,0.000192
10-19,Control,Rainbow Maker,Unlimited Lives,30.0,30.0,51989.0,0.000577
10-19,Control,Red Challenge,Comet,83.0,83.0,51989.0,0.001596
10-19,Control,Red Challenge,HC,42400.0,42400.0,51989.0,0.815557
10-19,Control,Red Challenge,Shuffle,892.0,892.0,51989.0,0.017157
10-19,Control,Red Challenge,Slingshot,1677.0,1677.0,51989.0,0.032257
10-19,Control,River Rush,Bomb,379.0,379.0,51989.0,0.00729
10-19,Control,River Rush,Chuck,382.0,382.0,51989.0,0.007348
10-19,Control,River Rush,Comet,945.0,945.0,51989.0,0.018177
10-19,Control,River Rush,HC,61635.0,61635.0,51989.0,1.185539
10-19,Control,River Rush,Red,652.0,652.0,51989.0,0.012541
10-19,Control,River Rush,SPT,8020.0,8020.0,51989.0,0.154263
10-19,Control,River Rush,Shuffle,1088.0,1088.0,51989.0,0.020928
10-19,Control,River Rush,Slingshot,255.0,255.0,51989.0,0.004905
10-19,Control,River Rush,UL Bomb,8520.0,8520.0,51989.0,0.163881
10-19,Control,River Rush,UL Chuck,7900.0,7900.0,51989.0,0.151955
10-19,Control,River Rush,UL Red,7010.0,7010.0,51989.0,0.134836
10-19,Control,River Rush,Unlimited Lives,7715.0,7715.0,51989.0,0.148397
10-19,Control,Saga,Bomb,5405.0,5405.0,51989.0,0.103964
10-19,Control,Saga,Chuck,29751.0,29751.0,51989.0,0.572256
10-19,Control,Saga,Comet,5405.0,5405.0,51989.0,0.103964
10-19,Control,Saga,HC,1382765.0,1382765.0,51989.0,26.597261
10-19,Control,Saga,Red,30541.0,30541.0,51989.0,0.587451
10-19,Control,Saga,Shuffle,12552.0,12552.0,51989.0,0.241436
10-19,Control,Saga,Slingshot,12053.0,12053.0,51989.0,0.231838
10-19,Control,Saga,Unlimited Lives,922320.0,922320.0,51989.0,17.740676
10-19,Control,Season Pass (Free),Bomb,3099.0,3099.0,51989.0,0.059609
10-19,Control,Season Pass (Free),Chuck,9591.0,9591.0,51989.0,0.184481
10-19,Control,Season Pass (Free),Comet,246.0,246.0,51989.0,0.004732
10-19,Control,Season Pass (Free),HC,205665.0,205745.0,51989.0,3.955933
10-19,Control,Season Pass (Free),Red,7140.0,7140.0,51989.0,0.137337
10-19,Control,Season Pass (Free),Shuffle,2758.0,2758.0,51989.0,0.05305
10-19,Control,Season Pass (Free),Slingshot,1383.0,1383.0,51989.0,0.026602
10-19,Control,Season Pass (Free),UL Bomb,2140.0,2140.0,51989.0,0.041163
10-19,Control,Season Pass (Free),UL Chuck,39195.0,39195.0,51989.0,0.753909
10-19,Control,Season Pass (Free),UL Red,68605.0,68605.0,51989.0,1.319606
10-19,Control,Season Pass (Free),Unlimited Lives,314525.0,314525.0,51989.0,6.049837
10-19,Control,Target Day,Bomb,3.0,3.0,51989.0,5.8e-05
10-19,Control,Target Day,Chuck,4.0,4.0,51989.0,7.7e-05
10-19,Control,Target Day,Comet,97.0,97.0,51989.0,0.001866
10-19,Control,Target Day,HC,54220.0,54220.0,51989.0,1.042913
10-19,Control,Target Day,Red,8.0,8.0,51989.0,0.000154
10-19,Control,Target Day,SPT,10.0,10.0,51989.0,0.000192
10-19,Control,Target Day,Shuffle,1213.0,1213.0,51989.0,0.023332
10-19,Control,Target Day,Slingshot,1723.0,1723.0,51989.0,0.033142
10-19,Control,Target Day,Unlimited Lives,81090.0,81090.0,51989.0,1.559753
10-19,Control,Team Event,Comet,1064.0,1064.0,51989.0,0.020466
10-19,Control,Team Event,HC,320730.0,320730.0,51989.0,6.16919
10-19,Control,Team Event,Shuffle,1660.0,1660.0,51989.0,0.03193
10-19,Control,Team Event,Slingshot,3508.0,3508.0,51989.0,0.067476
10-19,Control,Team Race,Bomb,3746.0,3746.0,51989.0,0.072054
10-19,Control,Team Race,Chuck,1598.0,1598.0,51989.0,0.030737
10-19,Control,Team Race,Comet,7627.0,7627.0,51989.0,0.146704
10-19,Control,Team Race,HC,696980.0,696980.0,51989.0,13.406297
10-19,Control,Team Race,Red,929.0,929.0,51989.0,0.017869
10-19,Control,Team Race,SPT,272070.0,272070.0,51989.0,5.233222
10-19,Control,Team Race,Shuffle,5842.0,5842.0,51989.0,0.11237
10-19,Control,Team Race,Slingshot,4495.0,4495.0,51989.0,0.086461
10-19,Control,Team Race,Unlimited Lives,44270.0,44270.0,51989.0,0.851526
10-19,Variant,Ads,Bomb,4.0,4.0,52303.0,7.6e-05
10-19,Variant,Ads,Chuck,7.0,7.0,52303.0,0.000134
10-19,Variant,Ads,Comet,1388.0,1388.0,52303.0,0.026538
10-19,Variant,Ads,HC,134830.0,134830.0,52303.0,2.577864
10-19,Variant,Ads,Red,23.0,23.0,52303.0,0.00044
10-19,Variant,Ads,Shuffle,3008.0,3008.0,52303.0,0.057511
10-19,Variant,Ads,Slingshot,3025.0,3025.0,52303.0,0.057836
10-19,Variant,Ads,Unlimited Lives,45200.0,45200.0,52303.0,0.864195
10-19,Variant,Bomb Challenge,Comet,7.0,7.0,52303.0,0.000134
10-19,Variant,Bomb Challenge,HC,2350.0,2350.0,52303.0,0.044931
10-19,Variant,Bomb Challenge,Shuffle,48.0,48.0,52303.0,0.000918
10-19,Variant,Bomb Challenge,Slingshot,89.0,89.0,52303.0,0.001702
10-19,Variant,Bomb's Ballet,Bomb,2.0,2.0,52303.0,3.8e-05
10-19,Variant,Bomb's Ballet,Chuck,2645.0,2645.0,52303.0,0.050571
10-19,Variant,Bomb's Ballet,Comet,2.0,2.0,52303.0,3.8e-05
10-19,Variant,Bomb's Ballet,HC,21475.0,21475.0,52303.0,0.410588
10-19,Variant,Bomb's Ballet,Red,175.0,175.0,52303.0,0.003346
10-19,Variant,Bomb's Ballet,Shuffle,2.0,2.0,52303.0,3.8e-05
10-19,Variant,Bomb's Ballet,Slingshot,4.0,4.0,52303.0,7.6e-05
10-19,Variant,Bomb's Ballet,UL Bomb,4170.0,4170.0,52303.0,0.079728
10-19,Variant,Bomb's Ballet,UL Chuck,20145.0,20145.0,52303.0,0.38516
10-19,Variant,Bomb's Ballet,UL Red,23610.0,23610.0,52303.0,0.451408
10-19,Variant,Bomb's Ballet,Unlimited Lives,47460.0,47460.0,52303.0,0.907405
10-19,Variant,Chuck Challenge,Comet,79.0,79.0,52303.0,0.00151
10-19,Variant,Chuck Challenge,HC,58600.0,58600.0,52303.0,1.120395
10-19,Variant,Chuck Challenge,Shuffle,1762.0,1762.0,52303.0,0.033688
10-19,Variant,Chuck Challenge,Slingshot,3916.0,3916.0,52303.0,0.074871
10-19,Variant,Core,Bomb,7079.0,7079.0,52303.0,0.135346
10-19,Variant,Core,Chuck,10359.0,10359.0,52303.0,0.198057
10-19,Variant,Core,Comet,2192.0,2192.0,52303.0,0.04191
10-19,Variant,Core,HC,813220.0,813220.0,52303.0,15.548248
10-19,Variant,Core,Red,3520.0,3520.0,52303.0,0.0673
10-19,Variant,Core,Shuffle,6584.0,6584.0,52303.0,0.125882
10-19,Variant,Core,Slingshot,6625.0,6625.0,52303.0,0.126666
10-19,Variant,Core,Unlimited Lives,428520.0,428520.0,52303.0,8.193029
10-19,Variant,Daily Gift,Comet,590.0,590.0,52303.0,0.01128
10-19,Variant,Daily Gift,HC,573085.0,573085.0,52303.0,10.95702
10-19,Variant,Daily Gift,Shuffle,4544.0,4544.0,52303.0,0.086878
10-19,Variant,Daily Gift,Slingshot,7515.0,7515.0,52303.0,0.143682
10-19,Variant,Daily Gift,UL Bomb,19710.0,19710.0,52303.0,0.376843
10-19,Variant,Daily Gift,UL Chuck,45420.0,45420.0,52303.0,0.868401
10-19,Variant,Daily Gift,UL Red,40020.0,40020.0,52303.0,0.765157
10-19,Variant,Daily Gift,Unlimited Lives,696090.0,696090.0,52303.0,13.308797
10-19,Variant,Daily Night Sky Prize,Chuck,6418.0,6418.0,52303.0,0.122708
10-19,Variant,Daily Night Sky Prize,Comet,12.0,12.0,52303.0,0.000229
10-19,Variant,Daily Night Sky Prize,HC,610155.0,610155.0,52303.0,11.665774
10-19,Variant,Daily Night Sky Prize,Red,13391.0,13391.0,52303.0,0.256027
10-19,Variant,Daily Night Sky Prize,Slingshot,6430.0,6430.0,52303.0,0.122937
10-19,Variant,Daily Night Sky Prize,Unlimited Lives,487630.0,487630.0,52303.0,9.323175
10-19,Variant,Flock Flurry,Bomb,1678.0,1678.0,52303.0,0.032082
10-19,Variant,Flock Flurry,Chuck,1678.0,1678.0,52303.0,0.032082
10-19,Variant,Flock Flurry,Red,1678.0,1678.0,52303.0,0.032082
10-19,Variant,Flock Flurry,SPT,27680.0,27680.0,52303.0,0.529224
10-19,Variant,Flock Flurry,Slingshot,1678.0,1678.0,52303.0,0.032082
10-19,Variant,Flock Flurry,Unlimited Lives,862920.0,862920.0,52303.0,16.49848
10-19,Variant,FlowerCoop,Bomb,2.0,2.0,52303.0,3.8e-05
10-19,Variant,FlowerCoop,UL Red,10.0,10.0,52303.0,0.000191
10-19,Variant,Hatchling Hideaway,Bomb,2495.0,2495.0,52303.0,0.047703
10-19,Variant,Hatchling Hideaway,Chuck,4670.0,4670.0,52303.0,0.089287
10-19,Variant,Hatchling Hideaway,Comet,2442.0,2442.0,52303.0,0.046689
10-19,Variant,Hatchling Hideaway,HC,61865.0,61865.0,52303.0,1.182819
10-19,Variant,Hatchling Hideaway,Red,8122.0,8122.0,52303.0,0.155287
10-19,Variant,Hatchling Hideaway,Shuffle,815.0,815.0,52303.0,0.015582
10-19,Variant,Hatchling Hideaway,Slingshot,129.0,129.0,52303.0,0.002466
10-19,Variant,Hatchling Hideaway,UL Chuck,1160.0,1160.0,52303.0,0.022178
10-19,Variant,Hatchling Hideaway,UL Red,7750.0,7750.0,52303.0,0.148175
10-19,Variant,Hatchling Hideaway,Unlimited Lives,562170.0,562170.0,52303.0,10.748332
10-19,Variant,Jigsaw,Bomb,3.0,3.0,52303.0,5.7e-05
10-19,Variant,Jigsaw,Chuck,6268.0,6268.0,52303.0,0.11984
10-19,Variant,Jigsaw,Comet,3.0,3.0,52303.0,5.7e-05
10-19,Variant,Jigsaw,HC,32775.0,32775.0,52303.0,0.626637
10-19,Variant,Jigsaw,Red,436.0,436.0,52303.0,0.008336
10-19,Variant,Jigsaw,Slingshot,8.0,8.0,52303.0,0.000153
10-19,Variant,Jigsaw,UL Bomb,4405.0,4405.0,52303.0,0.084221
10-19,Variant,Jigsaw,UL Chuck,40990.0,40990.0,52303.0,0.783703
10-19,Variant,Jigsaw,UL Red,54190.0,54190.0,52303.0,1.036078
10-19,Variant,Jigsaw,Unlimited Lives,87570.0,87570.0,52303.0,1.674283
10-19,Variant,Kite Festival,Bomb,80.0,80.0,52303.0,0.00153
10-19,Variant,Kite Festival,Chuck,177.0,177.0,52303.0,0.003384
10-19,Variant,Kite Festival,Comet,14.0,14.0,52303.0,0.000268
10-19,Variant,Kite Festival,HC,13450.0,13450.0,52303.0,0.257155
10-19,Variant,Kite Festival,Red,209.0,209.0,52303.0,0.003996
10-19,Variant,Kite Festival,SPT,73425.0,73425.0,52303.0,1.403839
10-19,Variant,Kite Festival,Shuffle,48.0,48.0,52303.0,0.000918
10-19,Variant,Kite Festival,Slingshot,170.0,170.0,52303.0,0.00325
10-19,Variant,Kite Festival,Unlimited Lives,118450.0,118450.0,52303.0,2.264688
10-19,Variant,Level Race,SPT,255.0,255.0,52303.0,0.004875
10-19,Variant,Level Race,Slingshot,2.0,2.0,52303.0,3.8e-05
10-19,Variant,Level Race,Unlimited Lives,100.0,100.0,52303.0,0.001912
10-19,Variant,Other,Bomb,7676.0,8927.0,52303.0,0.14676
10-19,Variant,Other,Chuck,7745.0,8681.0,52303.0,0.148079
10-19,Variant,Other,Comet,460.0,1090.0,52303.0,0.008795
10-19,Variant,Other,HC,97471.0,434821.0,52303.0,1.863583
10-19,Variant,Other,Red,7960.0,9253.0,52303.0,0.15219
10-19,Variant,Other,SPT,259680.0,259680.0,52303.0,4.964916
10-19,Variant,Other,Shuffle,1013.0,1923.0,52303.0,0.019368
10-19,Variant,Other,Slingshot,740.0,1701.0,52303.0,0.014148
10-19,Variant,Other,UL Bomb,0.0,15980.0,52303.0,0.0
10-19,Variant,Other,UL Chuck,5.0,15985.0,52303.0,9.6e-05
10-19,Variant,Other,UL Red,0.0,15980.0,52303.0,0.0
10-19,Variant,Other,Unlimited Lives,68593.0,98653.0,52303.0,1.311454
10-19,Variant,Photoshoot,Chuck,10.0,10.0,52303.0,0.000191
10-19,Variant,Photoshoot,HC,75.0,75.0,52303.0,0.001434
10-19,Variant,Photoshoot,Red,2.0,2.0,52303.0,3.8e-05
10-19,Variant,Photoshoot,UL Chuck,15.0,15.0,52303.0,0.000287
10-19,Variant,Photoshoot,UL Red,45.0,45.0,52303.0,0.00086
10-19,Variant,Photoshoot,Unlimited Lives,240.0,240.0,52303.0,0.004589
10-19,Variant,Rainbow Maker,Bomb,933.0,933.0,52303.0,0.017838
10-19,Variant,Rainbow Maker,Chuck,11622.0,11622.0,52303.0,0.222205
10-19,Variant,Rainbow Maker,Comet,3618.0,3618.0,52303.0,0.069174
10-19,Variant,Rainbow Maker,HC,243266.0,243266.0,52303.0,4.651091
10-19,Variant,Rainbow Maker,Red,12453.0,12453.0,52303.0,0.238093
10-19,Variant,Rainbow Maker,SPT,836546.0,836546.0,52303.0,15.994226
10-19,Variant,Rainbow Maker,Shuffle,5524.0,5524.0,52303.0,0.105615
10-19,Variant,Rainbow Maker,Slingshot,18917.0,18917.0,52303.0,0.361681
10-19,Variant,Rainbow Maker,UL Red,35570.0,35570.0,52303.0,0.680076
10-19,Variant,Rainbow Maker,Unlimited Lives,372865.0,372865.0,52303.0,7.128941
10-19,Variant,Red Challenge,Comet,28.0,28.0,52303.0,0.000535
10-19,Variant,Red Challenge,HC,12650.0,12650.0,52303.0,0.24186
10-19,Variant,Red Challenge,Red,1.0,1.0,52303.0,1.9e-05
10-19,Variant,Red Challenge,Shuffle,245.0,245.0,52303.0,0.004684
10-19,Variant,Red Challenge,Slingshot,502.0,502.0,52303.0,0.009598
10-19,Variant,River Rush,Bomb,3.0,3.0,52303.0,5.7e-05
10-19,Variant,River Rush,Chuck,6.0,6.0,52303.0,0.000115
10-19,Variant,River Rush,Comet,8.0,8.0,52303.0,0.000153
10-19,Variant,River Rush,HC,830.0,830.0,52303.0,0.015869
10-19,Variant,River Rush,Red,7.0,7.0,52303.0,0.000134
10-19,Variant,River Rush,SPT,90.0,90.0,52303.0,0.001721
10-19,Variant,River Rush,Shuffle,10.0,10.0,52303.0,0.000191
10-19,Variant,River Rush,Slingshot,7.0,7.0,52303.0,0.000134
10-19,Variant,River Rush,UL Bomb,95.0,95.0,52303.0,0.001816
10-19,Variant,River Rush,UL Chuck,55.0,55.0,52303.0,0.001052
10-19,Variant,River Rush,UL Red,85.0,85.0,52303.0,0.001625
10-19,Variant,River Rush,Unlimited Lives,60.0,60.0,52303.0,0.001147
10-19,Variant,Saga,Bomb,5966.0,5966.0,52303.0,0.114066
10-19,Variant,Saga,Chuck,6729.0,6729.0,52303.0,0.128654
10-19,Variant,Saga,Comet,80.0,80.0,52303.0,0.00153
10-19,Variant,Saga,HC,447580.0,447580.0,52303.0,8.557444
10-19,Variant,Saga,Red,7630.0,7630.0,52303.0,0.145881
10-19,Variant,Saga,Shuffle,6173.0,6173.0,52303.0,0.118024
10-19,Variant,Saga,Slingshot,6305.0,6305.0,52303.0,0.120548
10-19,Variant,Saga,Unlimited Lives,1647350.0,1647350.0,52303.0,31.496281
10-19,Variant,Season Pass (Free),Bomb,3381.0,3381.0,52303.0,0.064643
10-19,Variant,Season Pass (Free),Chuck,10504.0,10504.0,52303.0,0.20083
10-19,Variant,Season Pass (Free),Comet,281.0,281.0,52303.0,0.005373
10-19,Variant,Season Pass (Free),HC,218140.0,218165.0,52303.0,4.170698
10-19,Variant,Season Pass (Free),Red,8115.0,8115.0,52303.0,0.155154
10-19,Variant,Season Pass (Free),Shuffle,2877.0,2877.0,52303.0,0.055006
10-19,Variant,Season Pass (Free),Slingshot,1381.0,1381.0,52303.0,0.026404
10-19,Variant,Season Pass (Free),UL Bomb,2465.0,2465.0,52303.0,0.047129
10-19,Variant,Season Pass (Free),UL Chuck,41430.0,41430.0,52303.0,0.792115
10-19,Variant,Season Pass (Free),UL Red,73035.0,73035.0,52303.0,1.396383
10-19,Variant,Season Pass (Free),Unlimited Lives,323880.0,323880.0,52303.0,6.192379
10-19,Variant,Target Day,Bomb,706.0,706.0,52303.0,0.013498
10-19,Variant,Target Day,Chuck,2671.0,2671.0,52303.0,0.051068
10-19,Variant,Target Day,Comet,257.0,257.0,52303.0,0.004914
10-19,Variant,Target Day,HC,69000.0,69000.0,52303.0,1.319236
10-19,Variant,Target Day,Red,4317.0,4317.0,52303.0,0.082538
10-19,Variant,Target Day,Shuffle,519.0,519.0,52303.0,0.009923
10-19,Variant,Target Day,Slingshot,2138.0,2138.0,52303.0,0.040877
10-19,Variant,Target Day,Unlimited Lives,346440.0,346440.0,52303.0,6.623712
10-19,Variant,Team Event,Comet,1083.0,1083.0,52303.0,0.020706
10-19,Variant,Team Event,HC,328540.0,328540.0,52303.0,6.281475
10-19,Variant,Team Event,SPT,65.0,65.0,52303.0,0.001243
10-19,Variant,Team Event,Shuffle,1732.0,1732.0,52303.0,0.033115
10-19,Variant,Team Event,Slingshot,3588.0,3588.0,52303.0,0.0686
10-19,Variant,Team Race,Bomb,4081.0,4081.0,52303.0,0.078026
10-19,Variant,Team Race,Chuck,1979.0,1979.0,52303.0,0.037837
10-19,Variant,Team Race,Comet,7323.0,7323.0,52303.0,0.140011
10-19,Variant,Team Race,HC,554540.0,554540.0,52303.0,10.602451
10-19,Variant,Team Race,Red,1140.0,1140.0,52303.0,0.021796
10-19,Variant,Team Race,SPT,337530.0,337530.0,52303.0,6.453358
10-19,Variant,Team Race,Shuffle,5720.0,5720.0,52303.0,0.109363
10-19,Variant,Team Race,Slingshot,4286.0,4286.0,52303.0,0.081946
10-19,Variant,Team Race,Unlimited Lives,19200.0,19200.0,52303.0,0.367092
100+,Control,Ads,Bomb,5.0,5.0,4096.0,0.001221
100+,Control,Ads,Chuck,11.0,11.0,4096.0,0.002686
100+,Control,Ads,Comet,236.0,236.0,4096.0,0.057617
100+,Control,Ads,HC,22615.0,22615.0,4096.0,5.52124
100+,Control,Ads,Red,18.0,18.0,4096.0,0.004395
100+,Control,Ads,Shuffle,453.0,453.0,4096.0,0.110596
100+,Control,Ads,Slingshot,472.0,472.0,4096.0,0.115234
100+,Control,Ads,Unlimited Lives,7825.0,7825.0,4096.0,1.9104
100+,Control,Bomb Challenge,Comet,172.0,172.0,4096.0,0.041992
100+,Control,Bomb Challenge,HC,43150.0,43150.0,4096.0,10.534668
100+,Control,Bomb Challenge,Shuffle,157.0,157.0,4096.0,0.03833
100+,Control,Bomb Challenge,Slingshot,43.0,43.0,4096.0,0.010498
100+,Control,Bomb's Ballet,Bomb,10.0,10.0,4096.0,0.002441
100+,Control,Bomb's Ballet,Chuck,451.0,451.0,4096.0,0.110107
100+,Control,Bomb's Ballet,Comet,10.0,10.0,4096.0,0.002441
100+,Control,Bomb's Ballet,HC,13750.0,13750.0,4096.0,3.356934
100+,Control,Bomb's Ballet,Red,320.0,320.0,4096.0,0.078125
100+,Control,Bomb's Ballet,Shuffle,10.0,10.0,4096.0,0.002441
100+,Control,Bomb's Ballet,Slingshot,49.0,49.0,4096.0,0.011963
100+,Control,Bomb's Ballet,UL Bomb,4590.0,4590.0,4096.0,1.120605
100+,Control,Bomb's Ballet,UL Chuck,5690.0,5690.0,4096.0,1.38916
100+,Control,Bomb's Ballet,UL Red,7300.0,7300.0,4096.0,1.782227
100+,Control,Bomb's Ballet,Unlimited Lives,29340.0,29340.0,4096.0,7.163086
100+,Control,Chuck Challenge,Comet,1.0,1.0,4096.0,0.000244
100+,Control,Chuck Challenge,HC,200.0,200.0,4096.0,0.048828
100+,Control,Chuck Challenge,Slingshot,1.0,1.0,4096.0,0.000244
100+,Control,Core,Bomb,4270.0,4270.0,4096.0,1.04248
100+,Control,Core,Chuck,5430.0,5430.0,4096.0,1.325684
100+,Control,Core,Comet,2457.0,2457.0,4096.0,0.599854
100+,Control,Core,HC,707605.0,707605.0,4096.0,172.755127
100+,Control,Core,Red,2335.0,2335.0,4096.0,0.570068
100+,Control,Core,Shuffle,7053.0,7053.0,4096.0,1.721924
100+,Control,Core,Slingshot,6293.0,6293.0,4096.0,1.536377
100+,Control,Core,Unlimited Lives,411450.0,411450.0,4096.0,100.45166
100+,Control,Daily Gift,Comet,50.0,50.0,4096.0,0.012207
100+,Control,Daily Gift,HC,75730.0,75730.0,4096.0,18.48877
100+,Control,Daily Gift,Shuffle,369.0,369.0,4096.0,0.090088
100+,Control,Daily Gift,Slingshot,740.0,740.0,4096.0,0.180664
100+,Control,Daily Gift,UL Bomb,1260.0,1260.0,4096.0,0.307617
100+,Control,Daily Gift,UL Chuck,3960.0,3960.0,4096.0,0.966797
100+,Control,Daily Gift,UL Red,5520.0,5520.0,4096.0,1.347656
100+,Control,Daily Gift,Unlimited Lives,56370.0,56370.0,4096.0,13.762207
100+,Control,Daily Night Sky Prize,HC,5.0,5.0,4096.0,0.001221
100+,Control,Daily Night Sky Prize,Unlimited Lives,20.0,20.0,4096.0,0.004883
100+,Control,Flock Flurry,Bomb,972.0,972.0,4096.0,0.237305
100+,Control,Flock Flurry,Chuck,972.0,972.0,4096.0,0.237305
100+,Control,Flock Flurry,Red,972.0,972.0,4096.0,0.237305
100+,Control,Flock Flurry,SPT,18740.0,18740.0,4096.0,4.575195
100+,Control,Flock Flurry,Slingshot,972.0,972.0,4096.0,0.237305
100+,Control,Flock Flurry,Unlimited Lives,137140.0,137140.0,4096.0,33.481445
100+,Control,Hatchling Hideaway,Bomb,817.0,817.0,4096.0,0.199463
100+,Control,Hatchling Hideaway,Chuck,820.0,820.0,4096.0,0.200195
100+,Control,Hatchling Hideaway,Comet,658.0,658.0,4096.0,0.160645
100+,Control,Hatchling Hideaway,HC,46205.0,46205.0,4096.0,11.280518
100+,Control,Hatchling Hideaway,Red,842.0,842.0,4096.0,0.205566
100+,Control,Hatchling Hideaway,Shuffle,817.0,817.0,4096.0,0.199463
100+,Control,Hatchling Hideaway,Slingshot,779.0,779.0,4096.0,0.190186
100+,Control,Hatchling Hideaway,UL Chuck,6580.0,6580.0,4096.0,1.606445
100+,Control,Hatchling Hideaway,UL Red,7790.0,7790.0,4096.0,1.901855
100+,Control,Hatchling Hideaway,Unlimited Lives,75030.0,75030.0,4096.0,18.317871
100+,Control,Jigsaw,Bomb,371.0,371.0,4096.0,0.090576
100+,Control,Jigsaw,Chuck,713.0,713.0,4096.0,0.174072
100+,Control,Jigsaw,Comet,371.0,371.0,4096.0,0.090576
100+,Control,Jigsaw,HC,47475.0,47475.0,4096.0,11.590576
100+,Control,Jigsaw,Red,677.0,677.0,4096.0,0.165283
100+,Control,Jigsaw,Slingshot,393.0,393.0,4096.0,0.095947
100+,Control,Jigsaw,UL Bomb,12335.0,12335.0,4096.0,3.011475
100+,Control,Jigsaw,UL Chuck,13465.0,13465.0,4096.0,3.287354
100+,Control,Jigsaw,UL Red,15305.0,15305.0,4096.0,3.736572
100+,Control,Jigsaw,Unlimited Lives,81030.0,81030.0,4096.0,19.782715
100+,Control,Kite Festival,Bomb,3.0,3.0,4096.0,0.000732
100+,Control,Kite Festival,Chuck,3.0,3.0,4096.0,0.000732
100+,Control,Kite Festival,Comet,26.0,26.0,4096.0,0.006348
100+,Control,Kite Festival,HC,10100.0,10100.0,4096.0,2.46582
100+,Control,Kite Festival,SPT,15880.0,15880.0,4096.0,3.876953
100+,Control,Kite Festival,Shuffle,19.0,19.0,4096.0,0.004639
100+,Control,Kite Festival,Slingshot,6.0,6.0,4096.0,0.001465
100+,Control,Kite Festival,Unlimited Lives,27395.0,27395.0,4096.0,6.688232
100+,Control,Other,Bomb,1516.0,2034.0,4096.0,0.370117
100+,Control,Other,Chuck,1528.0,1914.0,4096.0,0.373047
100+,Control,Other,Comet,764.0,1172.0,4096.0,0.186523
100+,Control,Other,HC,162428.0,372528.0,4096.0,39.655273
100+,Control,Other,Red,1566.0,1916.0,4096.0,0.382324
100+,Control,Other,SPT,60320.0,60320.0,4096.0,14.726562
100+,Control,Other,Shuffle,1056.0,1572.0,4096.0,0.257812
100+,Control,Other,Slingshot,494.0,1121.0,4096.0,0.120605
100+,Control,Other,UL Bomb,0.0,4400.0,4096.0,0.0
100+,Control,Other,UL Chuck,15.0,4415.0,4096.0,0.003662
100+,Control,Other,UL Red,15.0,4415.0,4096.0,0.003662
100+,Control,Other,Unlimited Lives,16824.0,25144.0,4096.0,4.107422
100+,Control,Photoshoot,UL Bomb,15.0,15.0,4096.0,0.003662
100+,Control,Photoshoot,Unlimited Lives,60.0,60.0,4096.0,0.014648
100+,Control,Red Challenge,Comet,189.0,189.0,4096.0,0.046143
100+,Control,Red Challenge,HC,46950.0,46950.0,4096.0,11.462402
100+,Control,Red Challenge,Shuffle,134.0,134.0,4096.0,0.032715
100+,Control,Red Challenge,Slingshot,21.0,21.0,4096.0,0.005127
100+,Control,River Rush,Bomb,315.0,315.0,4096.0,0.076904
100+,Control,River Rush,Chuck,149.0,149.0,4096.0,0.036377
100+,Control,River Rush,Comet,612.0,612.0,4096.0,0.149414
100+,Control,River Rush,HC,74040.0,74040.0,4096.0,18.076172
100+,Control,River Rush,Red,197.0,197.0,4096.0,0.048096
100+,Control,River Rush,SPT,11570.0,11570.0,4096.0,2.824707
100+,Control,River Rush,Shuffle,477.0,477.0,4096.0,0.116455
100+,Control,River Rush,Slingshot,757.0,757.0,4096.0,0.184814
100+,Control,River Rush,UL Bomb,1135.0,1135.0,4096.0,0.2771
100+,Control,River Rush,UL Chuck,8665.0,8665.0,4096.0,2.115479
100+,Control,River Rush,UL Red,15955.0,15955.0,4096.0,3.895264
100+,Control,River Rush,Unlimited Lives,6460.0,6460.0,4096.0,1.577148
100+,Control,Saga,Bomb,5072.0,5072.0,4096.0,1.238281
100+,Control,Saga,Chuck,21406.0,21406.0,4096.0,5.226074
100+,Control,Saga,Comet,5071.0,5071.0,4096.0,1.238037
100+,Control,Saga,HC,1092390.0,1092390.0,4096.0,266.696777
100+,Control,Saga,Red,21480.0,21480.0,4096.0,5.244141
100+,Control,Saga,Shuffle,10163.0,10163.0,4096.0,2.481201
100+,Control,Saga,Slingshot,10124.0,10124.0,4096.0,2.47168
100+,Control,Saga,Unlimited Lives,773130.0,773130.0,4096.0,188.752441
100+,Control,Season Pass (Free),Bomb,1131.0,1131.0,4096.0,0.276123
100+,Control,Season Pass (Free),Chuck,3524.0,3524.0,4096.0,0.860352
100+,Control,Season Pass (Free),Comet,113.0,113.0,4096.0,0.027588
100+,Control,Season Pass (Free),HC,81210.0,81210.0,4096.0,19.82666
100+,Control,Season Pass (Free),Red,3335.0,3335.0,4096.0,0.814209
100+,Control,Season Pass (Free),Shuffle,1250.0,1250.0,4096.0,0.305176
100+,Control,Season Pass (Free),Slingshot,520.0,520.0,4096.0,0.126953
100+,Control,Season Pass (Free),UL Bomb,925.0,925.0,4096.0,0.22583
100+,Control,Season Pass (Free),UL Chuck,14430.0,14430.0,4096.0,3.522949
100+,Control,Season Pass (Free),UL Red,26045.0,26045.0,4096.0,6.358643
100+,Control,Season Pass (Free),Unlimited Lives,116560.0,116560.0,4096.0,28.457031
100+,Control,Target Day,Comet,197.0,197.0,4096.0,0.048096
100+,Control,Target Day,HC,47550.0,47550.0,4096.0,11.608887
100+,Control,Target Day,Shuffle,122.0,122.0,4096.0,0.029785
100+,Control,Target Day,Slingshot,11.0,11.0,4096.0,0.002686
100+,Control,Target Day,Unlimited Lives,5550.0,5550.0,4096.0,1.35498
100+,Control,Team Event,Comet,123.0,123.0,4096.0,0.030029
100+,Control,Team Event,HC,33540.0,33540.0,4096.0,8.188477
100+,Control,Team Event,Shuffle,198.0,198.0,4096.0,0.04834
100+,Control,Team Event,Slingshot,280.0,280.0,4096.0,0.068359
100+,Control,Team Race,Bomb,469.0,469.0,4096.0,0.114502
100+,Control,Team Race,Chuck,107.0,107.0,4096.0,0.026123
100+,Control,Team Race,Comet,1278.0,1278.0,4096.0,0.312012
100+,Control,Team Race,HC,129755.0,129755.0,4096.0,31.678467
100+,Control,Team Race,Red,59.0,59.0,4096.0,0.014404
100+,Control,Team Race,SPT,57510.0,57510.0,4096.0,14.040527
100+,Control,Team Race,Shuffle,727.0,727.0,4096.0,0.17749
100+,Control,Team Race,Slingshot,370.0,370.0,4096.0,0.090332
100+,Control,Team Race,Unlimited Lives,2775.0,2775.0,4096.0,0.67749
100+,Variant,Ads,Bomb,4.0,4.0,4054.0,0.000987
100+,Variant,Ads,Chuck,17.0,17.0,4054.0,0.004193
100+,Variant,Ads,Comet,196.0,196.0,4054.0,0.048347
100+,Variant,Ads,HC,20215.0,20215.0,4054.0,4.986433
100+,Variant,Ads,Red,11.0,11.0,4054.0,0.002713
100+,Variant,Ads,Shuffle,385.0,385.0,4054.0,0.094968
100+,Variant,Ads,Slingshot,398.0,398.0,4054.0,0.098175
100+,Variant,Ads,Unlimited Lives,6890.0,6890.0,4054.0,1.699556
100+,Variant,Bomb Challenge,Comet,1.0,1.0,4054.0,0.000247
100+,Variant,Bomb Challenge,HC,550.0,550.0,4054.0,0.135668
100+,Variant,Bomb Challenge,Shuffle,5.0,5.0,4054.0,0.001233
100+,Variant,Bomb Challenge,Slingshot,3.0,3.0,4054.0,0.00074
100+,Variant,Bomb's Ballet,Bomb,119.0,119.0,4054.0,0.029354
100+,Variant,Bomb's Ballet,Chuck,165.0,165.0,4054.0,0.040701
100+,Variant,Bomb's Ballet,Comet,119.0,119.0,4054.0,0.029354
100+,Variant,Bomb's Ballet,HC,13450.0,13450.0,4054.0,3.317711
100+,Variant,Bomb's Ballet,Red,164.0,164.0,4054.0,0.040454
100+,Variant,Bomb's Ballet,Shuffle,117.0,117.0,4054.0,0.02886
100+,Variant,Bomb's Ballet,Slingshot,139.0,139.0,4054.0,0.034287
100+,Variant,Bomb's Ballet,UL Bomb,3810.0,3810.0,4054.0,0.939813
100+,Variant,Bomb's Ballet,UL Chuck,3720.0,3720.0,4054.0,0.917612
100+,Variant,Bomb's Ballet,UL Red,3840.0,3840.0,4054.0,0.947213
100+,Variant,Bomb's Ballet,Unlimited Lives,21840.0,21840.0,4054.0,5.387272
100+,Variant,Chuck Challenge,Comet,416.0,416.0,4054.0,0.102615
100+,Variant,Chuck Challenge,HC,102650.0,102650.0,4054.0,25.320671
100+,Variant,Chuck Challenge,Shuffle,271.0,271.0,4054.0,0.066848
100+,Variant,Chuck Challenge,Slingshot,33.0,33.0,4054.0,0.00814
100+,Variant,Core,Bomb,4296.0,4296.0,4054.0,1.059694
100+,Variant,Core,Chuck,5412.0,5412.0,4054.0,1.334978
100+,Variant,Core,Comet,2335.0,2335.0,4054.0,0.575974
100+,Variant,Core,HC,692865.0,692865.0,4054.0,170.908979
100+,Variant,Core,Red,2265.0,2265.0,4054.0,0.558707
100+,Variant,Core,Shuffle,6894.0,6894.0,4054.0,1.700543
100+,Variant,Core,Slingshot,6227.0,6227.0,4054.0,1.536014
100+,Variant,Core,Unlimited Lives,403440.0,403440.0,4054.0,99.516527
100+,Variant,Daily Gift,Comet,42.0,42.0,4054.0,0.01036
100+,Variant,Daily Gift,HC,49270.0,49270.0,4054.0,12.153429
100+,Variant,Daily Gift,Shuffle,333.0,333.0,4054.0,0.082141
100+,Variant,Daily Gift,Slingshot,736.0,736.0,4054.0,0.181549
100+,Variant,Daily Gift,UL Bomb,1380.0,1380.0,4054.0,0.340405
100+,Variant,Daily Gift,UL Chuck,3870.0,3870.0,4054.0,0.954613
100+,Variant,Daily Gift,UL Red,5970.0,5970.0,4054.0,1.47262
100+,Variant,Daily Gift,Unlimited Lives,56350.0,56350.0,4054.0,13.899852
100+,Variant,Daily Night Sky Prize,Chuck,1605.0,1605.0,4054.0,0.395905
100+,Variant,Daily Night Sky Prize,Comet,267.0,267.0,4054.0,0.065861
100+,Variant,Daily Night Sky Prize,HC,313030.0,313030.0,4054.0,77.215096
100+,Variant,Daily Night Sky Prize,Red,2183.0,2183.0,4054.0,0.538481
100+,Variant,Daily Night Sky Prize,Slingshot,1872.0,1872.0,4054.0,0.461766
100+,Variant,Daily Night Sky Prize,Unlimited Lives,93030.0,93030.0,4054.0,22.947706
100+,Variant,Flock Flurry,Bomb,534.0,534.0,4054.0,0.131722
100+,Variant,Flock Flurry,Chuck,534.0,534.0,4054.0,0.131722
100+,Variant,Flock Flurry,Red,534.0,534.0,4054.0,0.131722
100+,Variant,Flock Flurry,SPT,10020.0,10020.0,4054.0,2.471633
100+,Variant,Flock Flurry,Slingshot,534.0,534.0,4054.0,0.131722
100+,Variant,Flock Flurry,Unlimited Lives,100620.0,100620.0,4054.0,24.819931
100+,Variant,Hatchling Hideaway,Bomb,944.0,944.0,4054.0,0.232856
100+,Variant,Hatchling Hideaway,Chuck,1008.0,1008.0,4054.0,0.248643
100+,Variant,Hatchling Hideaway,Comet,938.0,938.0,4054.0,0.231376
100+,Variant,Hatchling Hideaway,HC,41965.0,41965.0,4054.0,10.351505
100+,Variant,Hatchling Hideaway,Red,1061.0,1061.0,4054.0,0.261717
100+,Variant,Hatchling Hideaway,Shuffle,834.0,834.0,4054.0,0.205723
100+,Variant,Hatchling Hideaway,Slingshot,650.0,650.0,4054.0,0.160335
100+,Variant,Hatchling Hideaway,UL Chuck,6470.0,6470.0,4054.0,1.595955
100+,Variant,Hatchling Hideaway,UL Red,8310.0,8310.0,4054.0,2.049827
100+,Variant,Hatchling Hideaway,Unlimited Lives,91980.0,91980.0,4054.0,22.688703
100+,Variant,Jigsaw,Bomb,335.0,335.0,4054.0,0.082634
100+,Variant,Jigsaw,Chuck,784.0,784.0,4054.0,0.193389
100+,Variant,Jigsaw,Comet,335.0,335.0,4054.0,0.082634
100+,Variant,Jigsaw,HC,46950.0,46950.0,4054.0,11.581154
100+,Variant,Jigsaw,Red,690.0,690.0,4054.0,0.170202
100+,Variant,Jigsaw,Slingshot,386.0,386.0,4054.0,0.095215
100+,Variant,Jigsaw,UL Bomb,11970.0,11970.0,4054.0,2.952639
100+,Variant,Jigsaw,UL Chuck,13910.0,13910.0,4054.0,3.431179
100+,Variant,Jigsaw,UL Red,15745.0,15745.0,4054.0,3.883818
100+,Variant,Jigsaw,Unlimited Lives,81150.0,81150.0,4054.0,20.017267
100+,Variant,Kite Festival,Bomb,40.0,40.0,4054.0,0.009867
100+,Variant,Kite Festival,Chuck,34.0,34.0,4054.0,0.008387
100+,Variant,Kite Festival,Comet,113.0,113.0,4054.0,0.027874
100+,Variant,Kite Festival,HC,52875.0,52875.0,4054.0,13.042674
100+,Variant,Kite Festival,Red,19.0,19.0,4054.0,0.004687
100+,Variant,Kite Festival,SPT,70520.0,70520.0,4054.0,17.395165
100+,Variant,Kite Festival,Shuffle,124.0,124.0,4054.0,0.030587
100+,Variant,Kite Festival,Slingshot,123.0,123.0,4054.0,0.03034
100+,Variant,Kite Festival,Unlimited Lives,22400.0,22400.0,4054.0,5.525407
100+,Variant,Level Race,SPT,150.0,150.0,4054.0,0.037
100+,Variant,Level Race,Slingshot,1.0,1.0,4054.0,0.000247
100+,Variant,Other,Bomb,1511.0,1727.0,4054.0,0.372718
100+,Variant,Other,Chuck,1519.0,1729.0,4054.0,0.374692
100+,Variant,Other,Comet,289.0,535.0,4054.0,0.071288
100+,Variant,Other,HC,62397.0,196697.0,4054.0,15.391465
100+,Variant,Other,Red,1571.0,1775.0,4054.0,0.387519
100+,Variant,Other,SPT,56500.0,56500.0,4054.0,13.936852
100+,Variant,Other,Shuffle,804.0,1093.0,4054.0,0.198323
100+,Variant,Other,Slingshot,386.0,837.0,4054.0,0.095215
100+,Variant,Other,UL Bomb,0.0,3320.0,4054.0,0.0
100+,Variant,Other,UL Chuck,0.0,3320.0,4054.0,0.0
100+,Variant,Other,UL Red,0.0,3320.0,4054.0,0.0
100+,Variant,Other,Unlimited Lives,12545.0,18080.0,4054.0,3.094475
100+,Variant,Rainbow Maker,Bomb,1904.0,1904.0,4054.0,0.46966
100+,Variant,Rainbow Maker,Chuck,2237.0,2237.0,4054.0,0.551801
100+,Variant,Rainbow Maker,Comet,4579.0,4579.0,4054.0,1.129502
100+,Variant,Rainbow Maker,HC,98118.0,98118.0,4054.0,24.202763
100+,Variant,Rainbow Maker,Red,2356.0,2356.0,4054.0,0.581154
100+,Variant,Rainbow Maker,SPT,520547.0,520547.0,4054.0,128.403305
100+,Variant,Rainbow Maker,Shuffle,5354.0,5354.0,4054.0,1.320671
100+,Variant,Rainbow Maker,Slingshot,6911.0,6911.0,4054.0,1.704736
100+,Variant,Rainbow Maker,UL Chuck,4160.0,4160.0,4054.0,1.026147
100+,Variant,Rainbow Maker,UL Red,14610.0,14610.0,4054.0,3.603848
100+,Variant,Rainbow Maker,Unlimited Lives,103380.0,103380.0,4054.0,25.50074
100+,Variant,Red Challenge,Comet,4.0,4.0,4054.0,0.000987
100+,Variant,Red Challenge,HC,1700.0,1700.0,4054.0,0.419339
100+,Variant,Red Challenge,Shuffle,15.0,15.0,4054.0,0.0037
100+,Variant,Red Challenge,Slingshot,5.0,5.0,4054.0,0.001233
100+,Variant,River Rush,Bomb,2.0,2.0,4054.0,0.000493
100+,Variant,River Rush,Chuck,2.0,2.0,4054.0,0.000493
100+,Variant,River Rush,Comet,7.0,7.0,4054.0,0.001727
100+,Variant,River Rush,HC,1050.0,1050.0,4054.0,0.259003
100+,Variant,River Rush,Red,5.0,5.0,4054.0,0.001233
100+,Variant,River Rush,SPT,90.0,90.0,4054.0,0.0222
100+,Variant,River Rush,Shuffle,1.0,1.0,4054.0,0.000247
100+,Variant,River Rush,Slingshot,5.0,5.0,4054.0,0.001233
100+,Variant,River Rush,UL Bomb,40.0,40.0,4054.0,0.009867
100+,Variant,River Rush,UL Chuck,65.0,65.0,4054.0,0.016034
100+,Variant,River Rush,UL Red,80.0,80.0,4054.0,0.019734
100+,Variant,Saga,Bomb,4924.0,4924.0,4054.0,1.214603
100+,Variant,Saga,Chuck,5012.0,5012.0,4054.0,1.23631
100+,Variant,Saga,Comet,21.0,21.0,4054.0,0.00518
100+,Variant,Saga,HC,311835.0,311835.0,4054.0,76.920326
100+,Variant,Saga,Red,5433.0,5433.0,4054.0,1.340158
100+,Variant,Saga,Shuffle,4942.0,4942.0,4054.0,1.219043
100+,Variant,Saga,Slingshot,5078.0,5078.0,4054.0,1.25259
100+,Variant,Saga,Unlimited Lives,1325840.0,1325840.0,4054.0,327.044894
100+,Variant,Season Pass (Free),Bomb,1017.0,1017.0,4054.0,0.250863
100+,Variant,Season Pass (Free),Chuck,3391.0,3391.0,4054.0,0.836458
100+,Variant,Season Pass (Free),Comet,110.0,110.0,4054.0,0.027134
100+,Variant,Season Pass (Free),HC,75440.0,75595.0,4054.0,18.608781
100+,Variant,Season Pass (Free),Red,3263.0,3263.0,4054.0,0.804884
100+,Variant,Season Pass (Free),Shuffle,1169.0,1169.0,4054.0,0.288357
100+,Variant,Season Pass (Free),Slingshot,420.0,420.0,4054.0,0.103601
100+,Variant,Season Pass (Free),UL Bomb,980.0,980.0,4054.0,0.241737
100+,Variant,Season Pass (Free),UL Chuck,14170.0,14170.0,4054.0,3.495313
100+,Variant,Season Pass (Free),UL Red,25070.0,25070.0,4054.0,6.184016
100+,Variant,Season Pass (Free),Unlimited Lives,105495.0,105495.0,4054.0,26.022447
100+,Variant,Target Day,Bomb,213.0,213.0,4054.0,0.052541
100+,Variant,Target Day,Chuck,75.0,75.0,4054.0,0.0185
100+,Variant,Target Day,Comet,884.0,884.0,4054.0,0.218056
100+,Variant,Target Day,HC,110525.0,110525.0,4054.0,27.263197
100+,Variant,Target Day,Red,61.0,61.0,4054.0,0.015047
100+,Variant,Target Day,Shuffle,336.0,336.0,4054.0,0.082881
100+,Variant,Target Day,Slingshot,182.0,182.0,4054.0,0.044894
100+,Variant,Target Day,Unlimited Lives,26250.0,26250.0,4054.0,6.475086
100+,Variant,Team Event,Comet,107.0,107.0,4054.0,0.026394
100+,Variant,Team Event,HC,29170.0,29170.0,4054.0,7.195363
100+,Variant,Team Event,Shuffle,168.0,168.0,4054.0,0.041441
100+,Variant,Team Event,Slingshot,249.0,249.0,4054.0,0.061421
100+,Variant,Team Race,Bomb,569.0,569.0,4054.0,0.140355
100+,Variant,Team Race,Chuck,168.0,168.0,4054.0,0.041441
100+,Variant,Team Race,Comet,1365.0,1365.0,4054.0,0.336704
100+,Variant,Team Race,HC,100755.0,100755.0,4054.0,24.853231
100+,Variant,Team Race,Red,59.0,59.0,4054.0,0.014554
100+,Variant,Team Race,SPT,80375.0,80375.0,4054.0,19.826098
100+,Variant,Team Race,Shuffle,805.0,805.0,4054.0,0.198569
100+,Variant,Team Race,Slingshot,311.0,311.0,4054.0,0.076714
100+,Variant,Team Race,Unlimited Lives,995.0,995.0,4054.0,0.245437
20-39,Control,Ads,Bomb,7.0,7.0,43612.0,0.000161
20-39,Control,Ads,Chuck,19.0,19.0,43612.0,0.000436
20-39,Control,Ads,Comet,1171.0,1171.0,43612.0,0.02685
20-39,Control,Ads,HC,118195.0,118195.0,43612.0,2.710149
20-39,Control,Ads,Red,29.0,29.0,43612.0,0.000665
20-39,Control,Ads,Shuffle,2564.0,2564.0,43612.0,0.058791
20-39,Control,Ads,Slingshot,2593.0,2593.0,43612.0,0.059456
20-39,Control,Ads,Unlimited Lives,41430.0,41430.0,43612.0,0.949968
20-39,Control,Bomb Challenge,Comet,217.0,217.0,43612.0,0.004976
20-39,Control,Bomb Challenge,HC,98500.0,98500.0,43612.0,2.258553
20-39,Control,Bomb Challenge,Shuffle,1530.0,1530.0,43612.0,0.035082
20-39,Control,Bomb Challenge,Slingshot,1511.0,1511.0,43612.0,0.034646
20-39,Control,Bomb's Ballet,Bomb,1.0,1.0,43612.0,2.3e-05
20-39,Control,Bomb's Ballet,Chuck,3005.0,3005.0,43612.0,0.068903
20-39,Control,Bomb's Ballet,Comet,1.0,1.0,43612.0,2.3e-05
20-39,Control,Bomb's Ballet,HC,14325.0,14325.0,43612.0,0.328465
20-39,Control,Bomb's Ballet,Red,126.0,126.0,43612.0,0.002889
20-39,Control,Bomb's Ballet,Shuffle,1.0,1.0,43612.0,2.3e-05
20-39,Control,Bomb's Ballet,Slingshot,1.0,1.0,43612.0,2.3e-05
20-39,Control,Bomb's Ballet,UL Bomb,2455.0,2455.0,43612.0,0.056292
20-39,Control,Bomb's Ballet,UL Chuck,17400.0,17400.0,43612.0,0.398973
20-39,Control,Bomb's Ballet,UL Red,23800.0,23800.0,43612.0,0.545721
20-39,Control,Bomb's Ballet,Unlimited Lives,36570.0,36570.0,43612.0,0.838531
20-39,Control,Chuck Challenge,Comet,1.0,1.0,43612.0,2.3e-05
20-39,Control,Chuck Challenge,HC,1200.0,1200.0,43612.0,0.027515
20-39,Control,Chuck Challenge,Shuffle,14.0,14.0,43612.0,0.000321
20-39,Control,Chuck Challenge,Slingshot,12.0,12.0,43612.0,0.000275
20-39,Control,Core,Bomb,11956.0,11956.0,43612.0,0.274145
20-39,Control,Core,Chuck,15504.0,15504.0,43612.0,0.355498
20-39,Control,Core,Comet,4277.0,4277.0,43612.0,0.098069
20-39,Control,Core,HC,1476945.0,1476945.0,43612.0,33.865565
20-39,Control,Core,Red,5944.0,5944.0,43612.0,0.136293
20-39,Control,Core,Shuffle,13265.0,13265.0,43612.0,0.304159
20-39,Control,Core,Slingshot,12191.0,12191.0,43612.0,0.279533
20-39,Control,Core,UL Red,15.0,15.0,43612.0,0.000344
20-39,Control,Core,Unlimited Lives,783615.0,783615.0,43612.0,17.967876
20-39,Control,Daily Gift,Comet,375.0,375.0,43612.0,0.008599
20-39,Control,Daily Gift,HC,769320.0,769320.0,43612.0,17.640099
20-39,Control,Daily Gift,Shuffle,3993.0,3993.0,43612.0,0.091557
20-39,Control,Daily Gift,Slingshot,6746.0,6746.0,43612.0,0.154682
20-39,Control,Daily Gift,UL Bomb,17400.0,17400.0,43612.0,0.398973
20-39,Control,Daily Gift,UL Chuck,42540.0,42540.0,43612.0,0.97542
20-39,Control,Daily Gift,UL Red,53160.0,53160.0,43612.0,1.218931
20-39,Control,Daily Gift,Unlimited Lives,595090.0,595090.0,43612.0,13.645098
20-39,Control,Daily Night Sky Prize,HC,15.0,15.0,43612.0,0.000344
20-39,Control,Daily Night Sky Prize,Red,1.0,1.0,43612.0,2.3e-05
20-39,Control,Flock Flurry,Bomb,4006.0,4006.0,43612.0,0.091855
20-39,Control,Flock Flurry,Chuck,4006.0,4006.0,43612.0,0.091855
20-39,Control,Flock Flurry,Red,4006.0,4006.0,43612.0,0.091855
20-39,Control,Flock Flurry,SPT,74680.0,74680.0,43612.0,1.712373
20-39,Control,Flock Flurry,Slingshot,4006.0,4006.0,43612.0,0.091855
20-39,Control,Flock Flurry,Unlimited Lives,1133780.0,1133780.0,43612.0,25.996973
20-39,Control,Hatchling Hideaway,Bomb,4418.0,4418.0,43612.0,0.101302
20-39,Control,Hatchling Hideaway,Chuck,5789.0,5789.0,43612.0,0.132739
20-39,Control,Hatchling Hideaway,Comet,1115.0,1115.0,43612.0,0.025566
20-39,Control,Hatchling Hideaway,HC,145045.0,145045.0,43612.0,3.325805
20-39,Control,Hatchling Hideaway,Red,7492.0,7492.0,43612.0,0.171788
20-39,Control,Hatchling Hideaway,Shuffle,4418.0,4418.0,43612.0,0.101302
20-39,Control,Hatchling Hideaway,Slingshot,2837.0,2837.0,43612.0,0.065051
20-39,Control,Hatchling Hideaway,UL Chuck,11150.0,11150.0,43612.0,0.255664
20-39,Control,Hatchling Hideaway,UL Red,28370.0,28370.0,43612.0,0.650509
20-39,Control,Hatchling Hideaway,Unlimited Lives,582060.0,582060.0,43612.0,13.346327
20-39,Control,Jigsaw,Bomb,27.0,27.0,43612.0,0.000619
20-39,Control,Jigsaw,Chuck,6844.0,6844.0,43612.0,0.156929
20-39,Control,Jigsaw,Comet,27.0,27.0,43612.0,0.000619
20-39,Control,Jigsaw,HC,135350.0,135350.0,43612.0,3.103504
20-39,Control,Jigsaw,Red,3652.0,3652.0,43612.0,0.083738
20-39,Control,Jigsaw,Slingshot,111.0,111.0,43612.0,0.002545
20-39,Control,Jigsaw,UL Bomb,36940.0,36940.0,43612.0,0.847015
20-39,Control,Jigsaw,UL Chuck,63850.0,63850.0,43612.0,1.464047
20-39,Control,Jigsaw,UL Red,88420.0,88420.0,43612.0,2.027424
20-39,Control,Jigsaw,Unlimited Lives,319740.0,319740.0,43612.0,7.331468
20-39,Control,Kite Festival,Bomb,75.0,75.0,43612.0,0.00172
20-39,Control,Kite Festival,Chuck,51.0,51.0,43612.0,0.001169
20-39,Control,Kite Festival,Comet,48.0,48.0,43612.0,0.001101
20-39,Control,Kite Festival,HC,34825.0,34825.0,43612.0,0.798519
20-39,Control,Kite Festival,Red,51.0,51.0,43612.0,0.001169
20-39,Control,Kite Festival,SPT,96505.0,96505.0,43612.0,2.212808
20-39,Control,Kite Festival,Shuffle,199.0,199.0,43612.0,0.004563
20-39,Control,Kite Festival,Slingshot,206.0,206.0,43612.0,0.004723
20-39,Control,Kite Festival,Unlimited Lives,149875.0,149875.0,43612.0,3.436554
20-39,Control,Level Race,HC,475.0,475.0,43612.0,0.010891
20-39,Control,Level Race,SPT,930.0,930.0,43612.0,0.021324
20-39,Control,Level Race,Shuffle,4.0,4.0,43612.0,9.2e-05
20-39,Control,Level Race,Slingshot,2.0,2.0,43612.0,4.6e-05
20-39,Control,Level Race,Unlimited Lives,150.0,150.0,43612.0,0.003439
20-39,Control,Other,Bomb,8255.0,10019.0,43612.0,0.189283
20-39,Control,Other,Chuck,8325.0,9666.0,43612.0,0.190888
20-39,Control,Other,Comet,1152.0,1977.0,43612.0,0.026415
20-39,Control,Other,HC,360997.0,788107.0,43612.0,8.27747
20-39,Control,Other,Red,8642.0,10184.0,43612.0,0.198156
20-39,Control,Other,SPT,296410.0,296410.0,43612.0,6.796524
20-39,Control,Other,Shuffle,4556.0,5656.0,43612.0,0.104467
20-39,Control,Other,Slingshot,3395.0,4612.0,43612.0,0.077846
20-39,Control,Other,UL Bomb,15.0,20975.0,43612.0,0.000344
20-39,Control,Other,UL Chuck,40.0,21000.0,43612.0,0.000917
20-39,Control,Other,UL Red,70.0,21030.0,43612.0,0.001605
20-39,Control,Other,Unlimited Lives,71403.0,100883.0,43612.0,1.637233
20-39,Control,Photoshoot,Chuck,67.0,67.0,43612.0,0.001536
20-39,Control,Photoshoot,HC,1050.0,1050.0,43612.0,0.024076
20-39,Control,Photoshoot,Red,19.0,19.0,43612.0,0.000436
20-39,Control,Photoshoot,UL Chuck,60.0,60.0,43612.0,0.001376
20-39,Control,Photoshoot,UL Red,495.0,495.0,43612.0,0.01135
20-39,Control,Photoshoot,Unlimited Lives,2790.0,2790.0,43612.0,0.063973
20-39,Control,Rainbow Maker,Bomb,1.0,1.0,43612.0,2.3e-05
20-39,Control,Rainbow Maker,Comet,2.0,2.0,43612.0,4.6e-05
20-39,Control,Rainbow Maker,HC,102.0,102.0,43612.0,0.002339
20-39,Control,Rainbow Maker,SPT,588.0,588.0,43612.0,0.013483
20-39,Control,Rainbow Maker,Shuffle,4.0,4.0,43612.0,9.2e-05
20-39,Control,Rainbow Maker,Slingshot,4.0,4.0,43612.0,9.2e-05
20-39,Control,Rainbow Maker,UL Red,20.0,20.0,43612.0,0.000459
20-39,Control,Rainbow Maker,Unlimited Lives,60.0,60.0,43612.0,0.001376
20-39,Control,Red Challenge,Comet,270.0,270.0,43612.0,0.006191
20-39,Control,Red Challenge,HC,114800.0,114800.0,43612.0,2.632303
20-39,Control,Red Challenge,Shuffle,1651.0,1651.0,43612.0,0.037857
20-39,Control,Red Challenge,Slingshot,1322.0,1322.0,43612.0,0.030313
20-39,Control,River Rush,Bomb,741.0,741.0,43612.0,0.016991
20-39,Control,River Rush,Chuck,500.0,500.0,43612.0,0.011465
20-39,Control,River Rush,Comet,1434.0,1434.0,43612.0,0.032881
20-39,Control,River Rush,HC,106140.0,106140.0,43612.0,2.433734
20-39,Control,River Rush,Red,1117.0,1117.0,43612.0,0.025612
20-39,Control,River Rush,SPT,25170.0,25170.0,43612.0,0.577135
20-39,Control,River Rush,Shuffle,1545.0,1545.0,43612.0,0.035426
20-39,Control,River Rush,Slingshot,980.0,980.0,43612.0,0.022471
20-39,Control,River Rush,UL Bomb,12275.0,12275.0,43612.0,0.281459
20-39,Control,River Rush,UL Chuck,14710.0,14710.0,43612.0,0.337292
20-39,Control,River Rush,UL Red,16215.0,16215.0,43612.0,0.371801
20-39,Control,River Rush,Unlimited Lives,14770.0,14770.0,43612.0,0.338668
20-39,Control,Saga,Bomb,9159.0,9159.0,43612.0,0.210011
20-39,Control,Saga,Chuck,45983.0,45983.0,43612.0,1.054366
20-39,Control,Saga,Comet,9148.0,9148.0,43612.0,0.209759
20-39,Control,Saga,HC,2257170.0,2257170.0,43612.0,51.755709
20-39,Control,Saga,Red,46747.0,46747.0,43612.0,1.071884
20-39,Control,Saga,Shuffle,20793.0,20793.0,43612.0,0.476772
20-39,Control,Saga,Slingshot,20356.0,20356.0,43612.0,0.466752
20-39,Control,Saga,Unlimited Lives,1562400.0,1562400.0,43612.0,35.825002
20-39,Control,Season Pass (Free),Bomb,3160.0,3160.0,43612.0,0.072457
20-39,Control,Season Pass (Free),Chuck,10356.0,10356.0,43612.0,0.237458
20-39,Control,Season Pass (Free),Comet,292.0,292.0,43612.0,0.006695
20-39,Control,Season Pass (Free),HC,238130.0,238170.0,43612.0,5.460194
20-39,Control,Season Pass (Free),Red,8127.0,8127.0,43612.0,0.186348
20-39,Control,Season Pass (Free),Shuffle,3364.0,3364.0,43612.0,0.077135
20-39,Control,Season Pass (Free),Slingshot,1594.0,1594.0,43612.0,0.03655
20-39,Control,Season Pass (Free),UL Bomb,2985.0,2985.0,43612.0,0.068444
20-39,Control,Season Pass (Free),UL Chuck,47715.0,47715.0,43612.0,1.09408
20-39,Control,Season Pass (Free),UL Red,77305.0,77305.0,43612.0,1.772563
20-39,Control,Season Pass (Free),Unlimited Lives,360640.0,360640.0,43612.0,8.269284
20-39,Control,Target Day,Bomb,5.0,5.0,43612.0,0.000115
20-39,Control,Target Day,Chuck,5.0,5.0,43612.0,0.000115
20-39,Control,Target Day,Comet,327.0,327.0,43612.0,0.007498
20-39,Control,Target Day,HC,126625.0,126625.0,43612.0,2.903444
20-39,Control,Target Day,Red,7.0,7.0,43612.0,0.000161
20-39,Control,Target Day,SPT,30.0,30.0,43612.0,0.000688
20-39,Control,Target Day,Shuffle,1670.0,1670.0,43612.0,0.038292
20-39,Control,Target Day,Slingshot,1321.0,1321.0,43612.0,0.03029
20-39,Control,Target Day,Unlimited Lives,70800.0,70800.0,43612.0,1.623406
20-39,Control,Team Event,Comet,1071.0,1071.0,43612.0,0.024557
20-39,Control,Team Event,HC,314030.0,314030.0,43612.0,7.200541
20-39,Control,Team Event,Shuffle,1493.0,1493.0,43612.0,0.034234
20-39,Control,Team Event,Slingshot,3479.0,3479.0,43612.0,0.079772
20-39,Control,Team Race,Bomb,3354.0,3354.0,43612.0,0.076905
20-39,Control,Team Race,Chuck,1541.0,1541.0,43612.0,0.035334
20-39,Control,Team Race,Comet,7837.0,7837.0,43612.0,0.179698
20-39,Control,Team Race,HC,784225.0,784225.0,43612.0,17.981863
20-39,Control,Team Race,Red,785.0,785.0,43612.0,0.018
20-39,Control,Team Race,SPT,364770.0,364770.0,43612.0,8.363982
20-39,Control,Team Race,Shuffle,6048.0,6048.0,43612.0,0.138677
20-39,Control,Team Race,Slingshot,4148.0,4148.0,43612.0,0.095111
20-39,Control,Team Race,UL Chuck,15.0,15.0,43612.0,0.000344
20-39,Control,Team Race,Unlimited Lives,50015.0,50015.0,43612.0,1.146817
20-39,Variant,Ads,Bomb,6.0,6.0,44216.0,0.000136
20-39,Variant,Ads,Chuck,15.0,15.0,44216.0,0.000339
20-39,Variant,Ads,Comet,1271.0,1271.0,44216.0,0.028745
20-39,Variant,Ads,HC,127830.0,127830.0,44216.0,2.891035
20-39,Variant,Ads,Red,42.0,42.0,44216.0,0.00095
20-39,Variant,Ads,Shuffle,2808.0,2808.0,44216.0,0.063506
20-39,Variant,Ads,Slingshot,2694.0,2694.0,44216.0,0.060928
20-39,Variant,Ads,Unlimited Lives,43415.0,43415.0,44216.0,0.981884
20-39,Variant,Bomb Challenge,Bomb,4.0,4.0,44216.0,9e-05
20-39,Variant,Bomb Challenge,Comet,2.0,2.0,44216.0,4.5e-05
20-39,Variant,Bomb Challenge,HC,1875.0,1875.0,44216.0,0.042405
20-39,Variant,Bomb Challenge,Shuffle,38.0,38.0,44216.0,0.000859
20-39,Variant,Bomb Challenge,Slingshot,51.0,51.0,44216.0,0.001153
20-39,Variant,Bomb's Ballet,Bomb,6.0,6.0,44216.0,0.000136
20-39,Variant,Bomb's Ballet,Chuck,1908.0,1908.0,44216.0,0.043152
20-39,Variant,Bomb's Ballet,Comet,6.0,6.0,44216.0,0.000136
20-39,Variant,Bomb's Ballet,HC,42675.0,42675.0,44216.0,0.965148
20-39,Variant,Bomb's Ballet,Red,988.0,988.0,44216.0,0.022345
20-39,Variant,Bomb's Ballet,Shuffle,6.0,6.0,44216.0,0.000136
20-39,Variant,Bomb's Ballet,Slingshot,18.0,18.0,44216.0,0.000407
20-39,Variant,Bomb's Ballet,UL Bomb,13440.0,13440.0,44216.0,0.303962
20-39,Variant,Bomb's Ballet,UL Chuck,18635.0,18635.0,44216.0,0.421454
20-39,Variant,Bomb's Ballet,UL Red,23365.0,23365.0,44216.0,0.528429
20-39,Variant,Bomb's Ballet,Unlimited Lives,88065.0,88065.0,44216.0,1.9917
20-39,Variant,Chuck Challenge,Comet,493.0,493.0,44216.0,0.01115
20-39,Variant,Chuck Challenge,HC,214300.0,214300.0,44216.0,4.846662
20-39,Variant,Chuck Challenge,Red,1.0,1.0,44216.0,2.3e-05
20-39,Variant,Chuck Challenge,Shuffle,3429.0,3429.0,44216.0,0.077551
20-39,Variant,Chuck Challenge,Slingshot,3419.0,3419.0,44216.0,0.077325
20-39,Variant,Core,Bomb,12386.0,12386.0,44216.0,0.280125
20-39,Variant,Core,Chuck,15559.0,15559.0,44216.0,0.351886
20-39,Variant,Core,Comet,4131.0,4131.0,44216.0,0.093428
20-39,Variant,Core,HC,1459430.0,1459430.0,44216.0,33.00683
20-39,Variant,Core,Red,5968.0,5968.0,44216.0,0.134974
20-39,Variant,Core,Shuffle,12927.0,12927.0,44216.0,0.29236
20-39,Variant,Core,Slingshot,12079.0,12079.0,44216.0,0.273182
20-39,Variant,Core,Unlimited Lives,771090.0,771090.0,44216.0,17.439162
20-39,Variant,Daily Gift,Comet,473.0,473.0,44216.0,0.010697
20-39,Variant,Daily Gift,HC,514055.0,514055.0,44216.0,11.625995
20-39,Variant,Daily Gift,Shuffle,4201.0,4201.0,44216.0,0.095011
20-39,Variant,Daily Gift,Slingshot,6908.0,6908.0,44216.0,0.156233
20-39,Variant,Daily Gift,UL Bomb,16980.0,16980.0,44216.0,0.384024
20-39,Variant,Daily Gift,UL Chuck,43080.0,43080.0,44216.0,0.974308
20-39,Variant,Daily Gift,UL Red,52680.0,52680.0,44216.0,1.191424
20-39,Variant,Daily Gift,Unlimited Lives,614725.0,614725.0,44216.0,13.902773
20-39,Variant,Daily Night Sky Prize,Chuck,5437.0,5437.0,44216.0,0.122965
20-39,Variant,Daily Night Sky Prize,Comet,45.0,45.0,44216.0,0.001018
20-39,Variant,Daily Night Sky Prize,HC,1019545.0,1019545.0,44216.0,23.058282
20-39,Variant,Daily Night Sky Prize,Red,10563.0,10563.0,44216.0,0.238895
20-39,Variant,Daily Night Sky Prize,Shuffle,2.0,2.0,44216.0,4.5e-05
20-39,Variant,Daily Night Sky Prize,Slingshot,5482.0,5482.0,44216.0,0.123982
20-39,Variant,Daily Night Sky Prize,Unlimited Lives,411780.0,411780.0,44216.0,9.312918
20-39,Variant,Flock Flurry,Bomb,2557.0,2557.0,44216.0,0.05783
20-39,Variant,Flock Flurry,Chuck,2557.0,2557.0,44216.0,0.05783
20-39,Variant,Flock Flurry,Red,2557.0,2557.0,44216.0,0.05783
20-39,Variant,Flock Flurry,SPT,44180.0,44180.0,44216.0,0.999186
20-39,Variant,Flock Flurry,Slingshot,2557.0,2557.0,44216.0,0.05783
20-39,Variant,Flock Flurry,Unlimited Lives,894060.0,894060.0,44216.0,20.220282
20-39,Variant,Hatchling Hideaway,Bomb,3948.0,3948.0,44216.0,0.089289
20-39,Variant,Hatchling Hideaway,Chuck,5640.0,5640.0,44216.0,0.127556
20-39,Variant,Hatchling Hideaway,Comet,3896.0,3896.0,44216.0,0.088113
20-39,Variant,Hatchling Hideaway,HC,137315.0,137315.0,44216.0,3.10555
20-39,Variant,Hatchling Hideaway,Red,7852.0,7852.0,44216.0,0.177583
20-39,Variant,Hatchling Hideaway,Shuffle,2674.0,2674.0,44216.0,0.060476
20-39,Variant,Hatchling Hideaway,Slingshot,1391.0,1391.0,44216.0,0.031459
20-39,Variant,Hatchling Hideaway,UL Chuck,13740.0,13740.0,44216.0,0.310747
20-39,Variant,Hatchling Hideaway,UL Red,26390.0,26390.0,44216.0,0.596843
20-39,Variant,Hatchling Hideaway,Unlimited Lives,589560.0,589560.0,44216.0,13.333635
20-39,Variant,Jigsaw,Bomb,14.0,14.0,44216.0,0.000317
20-39,Variant,Jigsaw,Chuck,6327.0,6327.0,44216.0,0.143093
20-39,Variant,Jigsaw,Comet,14.0,14.0,44216.0,0.000317
20-39,Variant,Jigsaw,HC,93850.0,93850.0,44216.0,2.122535
20-39,Variant,Jigsaw,Red,2373.0,2373.0,44216.0,0.053668
20-39,Variant,Jigsaw,Slingshot,27.0,27.0,44216.0,0.000611
20-39,Variant,Jigsaw,UL Bomb,23955.0,23955.0,44216.0,0.541772
20-39,Variant,Jigsaw,UL Chuck,51745.0,51745.0,44216.0,1.170278
20-39,Variant,Jigsaw,UL Red,67795.0,67795.0,44216.0,1.533269
20-39,Variant,Jigsaw,Unlimited Lives,216810.0,216810.0,44216.0,4.903429
20-39,Variant,Kite Festival,Bomb,193.0,193.0,44216.0,0.004365
20-39,Variant,Kite Festival,Chuck,379.0,379.0,44216.0,0.008572
20-39,Variant,Kite Festival,Comet,45.0,45.0,44216.0,0.001018
20-39,Variant,Kite Festival,HC,43125.0,43125.0,44216.0,0.975326
20-39,Variant,Kite Festival,Red,388.0,388.0,44216.0,0.008775
20-39,Variant,Kite Festival,SPT,164630.0,164630.0,44216.0,3.723313
20-39,Variant,Kite Festival,Shuffle,143.0,143.0,44216.0,0.003234
20-39,Variant,Kite Festival,Slingshot,502.0,502.0,44216.0,0.011353
20-39,Variant,Kite Festival,Unlimited Lives,135900.0,135900.0,44216.0,3.073548
20-39,Variant,Level Race,Bomb,1.0,1.0,44216.0,2.3e-05
20-39,Variant,Level Race,HC,275.0,275.0,44216.0,0.006219
20-39,Variant,Level Race,SPT,300.0,300.0,44216.0,0.006785
20-39,Variant,Level Race,Shuffle,2.0,2.0,44216.0,4.5e-05
20-39,Variant,Level Race,Unlimited Lives,250.0,250.0,44216.0,0.005654
20-39,Variant,Other,Bomb,8126.0,9594.0,44216.0,0.18378
20-39,Variant,Other,Chuck,8186.0,9420.0,44216.0,0.185137
20-39,Variant,Other,Comet,657.0,1437.0,44216.0,0.014859
20-39,Variant,Other,HC,149253.0,596693.0,44216.0,3.375543
20-39,Variant,Other,Red,8464.0,9773.0,44216.0,0.191424
20-39,Variant,Other,SPT,287390.0,287390.0,44216.0,6.499683
20-39,Variant,Other,Shuffle,1405.0,2562.0,44216.0,0.031776
20-39,Variant,Other,Slingshot,958.0,2268.0,44216.0,0.021666
20-39,Variant,Other,UL Bomb,90.0,23470.0,44216.0,0.002035
20-39,Variant,Other,UL Chuck,105.0,23485.0,44216.0,0.002375
20-39,Variant,Other,UL Red,100.0,23480.0,44216.0,0.002262
20-39,Variant,Other,Unlimited Lives,63683.0,92813.0,44216.0,1.44027
20-39,Variant,Photoshoot,Chuck,3.0,3.0,44216.0,6.8e-05
20-39,Variant,Photoshoot,HC,25.0,25.0,44216.0,0.000565
20-39,Variant,Photoshoot,Red,1.0,1.0,44216.0,2.3e-05
20-39,Variant,Photoshoot,UL Red,30.0,30.0,44216.0,0.000678
20-39,Variant,Photoshoot,Unlimited Lives,180.0,180.0,44216.0,0.004071
20-39,Variant,Rainbow Maker,Bomb,3107.0,3107.0,44216.0,0.070269
20-39,Variant,Rainbow Maker,Chuck,11650.0,11650.0,44216.0,0.263479
20-39,Variant,Rainbow Maker,Comet,5401.0,5401.0,44216.0,0.12215
20-39,Variant,Rainbow Maker,HC,286501.0,286501.0,44216.0,6.479578
20-39,Variant,Rainbow Maker,Red,12473.0,12473.0,44216.0,0.282092
20-39,Variant,Rainbow Maker,SPT,1278963.0,1278963.0,44216.0,28.925344
20-39,Variant,Rainbow Maker,Shuffle,8093.0,8093.0,44216.0,0.183033
20-39,Variant,Rainbow Maker,Slingshot,22025.0,22025.0,44216.0,0.498123
20-39,Variant,Rainbow Maker,UL Chuck,1220.0,1220.0,44216.0,0.027592
20-39,Variant,Rainbow Maker,UL Red,59620.0,59620.0,44216.0,1.348381
20-39,Variant,Rainbow Maker,Unlimited Lives,443600.0,443600.0,44216.0,10.032567
20-39,Variant,Red Challenge,Comet,61.0,61.0,44216.0,0.00138
20-39,Variant,Red Challenge,HC,21250.0,21250.0,44216.0,0.480595
20-39,Variant,Red Challenge,Shuffle,283.0,283.0,44216.0,0.0064
20-39,Variant,Red Challenge,Slingshot,334.0,334.0,44216.0,0.007554
20-39,Variant,River Rush,Bomb,4.0,4.0,44216.0,9e-05
20-39,Variant,River Rush,Chuck,5.0,5.0,44216.0,0.000113
20-39,Variant,River Rush,Comet,10.0,10.0,44216.0,0.000226
20-39,Variant,River Rush,HC,870.0,870.0,44216.0,0.019676
20-39,Variant,River Rush,Red,16.0,16.0,44216.0,0.000362
20-39,Variant,River Rush,SPT,170.0,170.0,44216.0,0.003845
20-39,Variant,River Rush,Shuffle,14.0,14.0,44216.0,0.000317
20-39,Variant,River Rush,Slingshot,9.0,9.0,44216.0,0.000204
20-39,Variant,River Rush,UL Bomb,165.0,165.0,44216.0,0.003732
20-39,Variant,River Rush,UL Chuck,175.0,175.0,44216.0,0.003958
20-39,Variant,River Rush,UL Red,155.0,155.0,44216.0,0.003506
20-39,Variant,River Rush,Unlimited Lives,130.0,130.0,44216.0,0.00294
20-39,Variant,Saga,Bomb,9729.0,9729.0,44216.0,0.220033
20-39,Variant,Saga,Chuck,11156.0,11156.0,44216.0,0.252307
20-39,Variant,Saga,Comet,114.0,114.0,44216.0,0.002578
20-39,Variant,Saga,HC,689295.0,689295.0,44216.0,15.589266
20-39,Variant,Saga,Red,14219.0,14219.0,44216.0,0.32158
20-39,Variant,Saga,Shuffle,10726.0,10726.0,44216.0,0.242582
20-39,Variant,Saga,Slingshot,10783.0,10783.0,44216.0,0.243871
20-39,Variant,Saga,Unlimited Lives,2728875.0,2728875.0,44216.0,61.716912
20-39,Variant,Season Pass (Free),Bomb,3750.0,3750.0,44216.0,0.084811
20-39,Variant,Season Pass (Free),Chuck,10803.0,10803.0,44216.0,0.244323
20-39,Variant,Season Pass (Free),Comet,311.0,311.0,44216.0,0.007034
20-39,Variant,Season Pass (Free),HC,262735.0,263020.0,44216.0,5.94208
20-39,Variant,Season Pass (Free),Red,8609.0,8609.0,44216.0,0.194703
20-39,Variant,Season Pass (Free),Shuffle,3759.0,3759.0,44216.0,0.085014
20-39,Variant,Season Pass (Free),Slingshot,2021.0,2021.0,44216.0,0.045707
20-39,Variant,Season Pass (Free),UL Bomb,5595.0,5595.0,44216.0,0.126538
20-39,Variant,Season Pass (Free),UL Chuck,46780.0,46780.0,44216.0,1.057988
20-39,Variant,Season Pass (Free),UL Red,80965.0,80965.0,44216.0,1.831124
20-39,Variant,Season Pass (Free),Unlimited Lives,373105.0,373105.0,44216.0,8.438235
20-39,Variant,Target Day,Bomb,1479.0,1479.0,44216.0,0.033449
20-39,Variant,Target Day,Chuck,2954.0,2954.0,44216.0,0.066808
20-39,Variant,Target Day,Comet,951.0,951.0,44216.0,0.021508
20-39,Variant,Target Day,HC,199775.0,199775.0,44216.0,4.518161
20-39,Variant,Target Day,Red,3774.0,3774.0,44216.0,0.085354
20-39,Variant,Target Day,SPT,10.0,10.0,44216.0,0.000226
20-39,Variant,Target Day,Shuffle,1340.0,1340.0,44216.0,0.030306
20-39,Variant,Target Day,Slingshot,3142.0,3142.0,44216.0,0.07106
20-39,Variant,Target Day,Unlimited Lives,310230.0,310230.0,44216.0,7.016238
20-39,Variant,Team Event,Comet,965.0,965.0,44216.0,0.021825
20-39,Variant,Team Event,HC,295270.0,295270.0,44216.0,6.677899
20-39,Variant,Team Event,Shuffle,1524.0,1524.0,44216.0,0.034467
20-39,Variant,Team Event,Slingshot,3307.0,3307.0,44216.0,0.074792
20-39,Variant,Team Race,Bomb,4342.0,4342.0,44216.0,0.0982
20-39,Variant,Team Race,Chuck,2091.0,2091.0,44216.0,0.047291
20-39,Variant,Team Race,Comet,8183.0,8183.0,44216.0,0.185069
20-39,Variant,Team Race,HC,629585.0,629585.0,44216.0,14.23885
20-39,Variant,Team Race,Red,1205.0,1205.0,44216.0,0.027253
20-39,Variant,Team Race,SPT,494105.0,494105.0,44216.0,11.174801
20-39,Variant,Team Race,Shuffle,6488.0,6488.0,44216.0,0.146734
20-39,Variant,Team Race,Slingshot,4361.0,4361.0,44216.0,0.098629
20-39,Variant,Team Race,Unlimited Lives,20460.0,20460.0,44216.0,0.462728
40-99,Control,Ads,Bomb,13.0,13.0,28430.0,0.000457
40-99,Control,Ads,Chuck,18.0,18.0,28430.0,0.000633
40-99,Control,Ads,Comet,1109.0,1109.0,28430.0,0.039008
40-99,Control,Ads,HC,105295.0,105295.0,28430.0,3.703658
40-99,Control,Ads,Red,44.0,44.0,28430.0,0.001548
40-99,Control,Ads,Shuffle,2219.0,2219.0,28430.0,0.078051
40-99,Control,Ads,Slingshot,2119.0,2119.0,28430.0,0.074534
40-99,Control,Ads,Unlimited Lives,35435.0,35435.0,28430.0,1.246395
40-99,Control,Bomb Challenge,Comet,491.0,491.0,28430.0,0.01727
40-99,Control,Bomb Challenge,HC,161950.0,161950.0,28430.0,5.696447
40-99,Control,Bomb Challenge,Shuffle,1350.0,1350.0,28430.0,0.047485
40-99,Control,Bomb Challenge,Slingshot,726.0,726.0,28430.0,0.025536
40-99,Control,Bomb's Ballet,Bomb,5.0,5.0,28430.0,0.000176
40-99,Control,Bomb's Ballet,Chuck,2542.0,2542.0,28430.0,0.089413
40-99,Control,Bomb's Ballet,Comet,5.0,5.0,28430.0,0.000176
40-99,Control,Bomb's Ballet,HC,38300.0,38300.0,28430.0,1.347168
40-99,Control,Bomb's Ballet,Red,681.0,681.0,28430.0,0.023954
40-99,Control,Bomb's Ballet,Shuffle,5.0,5.0,28430.0,0.000176
40-99,Control,Bomb's Ballet,Slingshot,13.0,13.0,28430.0,0.000457
40-99,Control,Bomb's Ballet,UL Bomb,10610.0,10610.0,28430.0,0.373197
40-99,Control,Bomb's Ballet,UL Chuck,21535.0,21535.0,28430.0,0.757474
40-99,Control,Bomb's Ballet,UL Red,26010.0,26010.0,28430.0,0.914879
40-99,Control,Bomb's Ballet,Unlimited Lives,78330.0,78330.0,28430.0,2.755188
40-99,Control,Chuck Challenge,Comet,2.0,2.0,28430.0,7e-05
40-99,Control,Chuck Challenge,HC,450.0,450.0,28430.0,0.015828
40-99,Control,Chuck Challenge,Shuffle,3.0,3.0,28430.0,0.000106
40-99,Control,Chuck Challenge,Slingshot,4.0,4.0,28430.0,0.000141
40-99,Control,Core,Bomb,12896.0,12896.0,28430.0,0.453605
40-99,Control,Core,Chuck,16239.0,16239.0,28430.0,0.571192
40-99,Control,Core,Comet,6754.0,6754.0,28430.0,0.237566
40-99,Control,Core,HC,2017130.0,2017130.0,28430.0,70.950756
40-99,Control,Core,Red,7677.0,7677.0,28430.0,0.270032
40-99,Control,Core,Shuffle,19481.0,19481.0,28430.0,0.685227
40-99,Control,Core,Slingshot,17281.0,17281.0,28430.0,0.607844
40-99,Control,Core,Unlimited Lives,1152150.0,1152150.0,28430.0,40.525853
40-99,Control,Daily Gift,Comet,276.0,276.0,28430.0,0.009708
40-99,Control,Daily Gift,HC,542570.0,542570.0,28430.0,19.084418
40-99,Control,Daily Gift,Shuffle,2965.0,2965.0,28430.0,0.104291
40-99,Control,Daily Gift,Slingshot,4744.0,4744.0,28430.0,0.166866
40-99,Control,Daily Gift,UL Bomb,10920.0,10920.0,28430.0,0.384101
40-99,Control,Daily Gift,UL Chuck,27090.0,27090.0,28430.0,0.952867
40-99,Control,Daily Gift,UL Red,54810.0,54810.0,28430.0,1.927893
40-99,Control,Daily Gift,Unlimited Lives,412335.0,412335.0,28430.0,14.503517
40-99,Control,Daily Night Sky Prize,Bomb,1.0,1.0,28430.0,3.5e-05
40-99,Control,Daily Night Sky Prize,Chuck,5.0,5.0,28430.0,0.000176
40-99,Control,Daily Night Sky Prize,HC,30.0,30.0,28430.0,0.001055
40-99,Control,Daily Night Sky Prize,Red,2.0,2.0,28430.0,7e-05
40-99,Control,Daily Night Sky Prize,Shuffle,3.0,3.0,28430.0,0.000106
40-99,Control,Daily Night Sky Prize,Slingshot,3.0,3.0,28430.0,0.000106
40-99,Control,Daily Night Sky Prize,Unlimited Lives,100.0,100.0,28430.0,0.003517
40-99,Control,Flock Flurry,Bomb,4320.0,4320.0,28430.0,0.151952
40-99,Control,Flock Flurry,Chuck,4320.0,4320.0,28430.0,0.151952
40-99,Control,Flock Flurry,Red,4320.0,4320.0,28430.0,0.151952
40-99,Control,Flock Flurry,SPT,82420.0,82420.0,28430.0,2.89905
40-99,Control,Flock Flurry,Slingshot,4320.0,4320.0,28430.0,0.151952
40-99,Control,Flock Flurry,Unlimited Lives,866840.0,866840.0,28430.0,30.490327
40-99,Control,Hatchling Hideaway,Bomb,4190.0,4190.0,28430.0,0.14738
40-99,Control,Hatchling Hideaway,Chuck,4703.0,4703.0,28430.0,0.165424
40-99,Control,Hatchling Hideaway,Comet,2882.0,2882.0,28430.0,0.101372
40-99,Control,Hatchling Hideaway,HC,215215.0,215215.0,28430.0,7.569996
40-99,Control,Hatchling Hideaway,Red,5337.0,5337.0,28430.0,0.187724
40-99,Control,Hatchling Hideaway,Shuffle,4190.0,4190.0,28430.0,0.14738
40-99,Control,Hatchling Hideaway,Slingshot,3527.0,3527.0,28430.0,0.124059
40-99,Control,Hatchling Hideaway,UL Chuck,28820.0,28820.0,28430.0,1.013718
40-99,Control,Hatchling Hideaway,UL Red,35270.0,35270.0,28430.0,1.240591
40-99,Control,Hatchling Hideaway,Unlimited Lives,445920.0,445920.0,28430.0,15.68484
40-99,Control,Jigsaw,Bomb,985.0,985.0,28430.0,0.034647
40-99,Control,Jigsaw,Chuck,4571.0,4571.0,28430.0,0.160781
40-99,Control,Jigsaw,Comet,985.0,985.0,28430.0,0.034647
40-99,Control,Jigsaw,HC,194175.0,194175.0,28430.0,6.829933
40-99,Control,Jigsaw,Red,3170.0,3170.0,28430.0,0.111502
40-99,Control,Jigsaw,Slingshot,1422.0,1422.0,28430.0,0.050018
40-99,Control,Jigsaw,UL Bomb,46505.0,46505.0,28430.0,1.635772
40-99,Control,Jigsaw,UL Chuck,70250.0,70250.0,28430.0,2.470981
40-99,Control,Jigsaw,UL Red,82485.0,82485.0,28430.0,2.901337
40-99,Control,Jigsaw,Unlimited Lives,348630.0,348630.0,28430.0,12.262751
40-99,Control,Kite Festival,Bomb,27.0,27.0,28430.0,0.00095
40-99,Control,Kite Festival,Chuck,21.0,21.0,28430.0,0.000739
40-99,Control,Kite Festival,Comet,98.0,98.0,28430.0,0.003447
40-99,Control,Kite Festival,HC,61525.0,61525.0,28430.0,2.164087
40-99,Control,Kite Festival,Red,17.0,17.0,28430.0,0.000598
40-99,Control,Kite Festival,SPT,122480.0,122480.0,28430.0,4.308125
40-99,Control,Kite Festival,Shuffle,278.0,278.0,28430.0,0.009778
40-99,Control,Kite Festival,Slingshot,134.0,134.0,28430.0,0.004713
40-99,Control,Kite Festival,Unlimited Lives,131745.0,131745.0,28430.0,4.634013
40-99,Control,Level Race,HC,600.0,600.0,28430.0,0.021104
40-99,Control,Level Race,SPT,585.0,585.0,28430.0,0.020577
40-99,Control,Level Race,Shuffle,4.0,4.0,28430.0,0.000141
40-99,Control,Level Race,Slingshot,2.0,2.0,28430.0,7e-05
40-99,Control,Level Race,Unlimited Lives,50.0,50.0,28430.0,0.001759
40-99,Control,Other,Bomb,7251.0,9410.0,28430.0,0.255047
40-99,Control,Other,Chuck,7322.0,9157.0,28430.0,0.257545
40-99,Control,Other,Comet,2069.0,3335.0,28430.0,0.072775
40-99,Control,Other,HC,548926.0,1161276.0,28430.0,19.307985
40-99,Control,Other,Red,7526.0,9331.0,28430.0,0.26472
40-99,Control,Other,SPT,279100.0,279100.0,28430.0,9.817095
40-99,Control,Other,Shuffle,4886.0,6535.0,28430.0,0.171861
40-99,Control,Other,Slingshot,2193.0,4247.0,28430.0,0.077137
40-99,Control,Other,UL Bomb,195.0,20495.0,28430.0,0.006859
40-99,Control,Other,UL Chuck,140.0,20440.0,28430.0,0.004924
40-99,Control,Other,UL Red,165.0,20465.0,28430.0,0.005804
40-99,Control,Other,Unlimited Lives,66799.0,109374.0,28430.0,2.349595
40-99,Control,Photoshoot,Bomb,2.0,2.0,28430.0,7e-05
40-99,Control,Photoshoot,Chuck,23.0,23.0,28430.0,0.000809
40-99,Control,Photoshoot,HC,675.0,675.0,28430.0,0.023743
40-99,Control,Photoshoot,Red,5.0,5.0,28430.0,0.000176
40-99,Control,Photoshoot,Shuffle,2.0,2.0,28430.0,7e-05
40-99,Control,Photoshoot,UL Bomb,75.0,75.0,28430.0,0.002638
40-99,Control,Photoshoot,UL Chuck,135.0,135.0,28430.0,0.004749
40-99,Control,Photoshoot,UL Red,240.0,240.0,28430.0,0.008442
40-99,Control,Photoshoot,Unlimited Lives,1920.0,1920.0,28430.0,0.067534
40-99,Control,Rainbow Maker,Bomb,1.0,1.0,28430.0,3.5e-05
40-99,Control,Rainbow Maker,SPT,125.0,125.0,28430.0,0.004397
40-99,Control,Rainbow Maker,Slingshot,2.0,2.0,28430.0,7e-05
40-99,Control,Red Challenge,Comet,585.0,585.0,28430.0,0.020577
40-99,Control,Red Challenge,HC,179100.0,179100.0,28430.0,6.299683
40-99,Control,Red Challenge,Shuffle,1248.0,1248.0,28430.0,0.043897
40-99,Control,Red Challenge,Slingshot,534.0,534.0,28430.0,0.018783
40-99,Control,River Rush,Bomb,966.0,966.0,28430.0,0.033978
40-99,Control,River Rush,Chuck,520.0,520.0,28430.0,0.018291
40-99,Control,River Rush,Comet,1733.0,1733.0,28430.0,0.060957
40-99,Control,River Rush,HC,171305.0,171305.0,28430.0,6.025501
40-99,Control,River Rush,Red,1083.0,1083.0,28430.0,0.038094
40-99,Control,River Rush,SPT,37470.0,37470.0,28430.0,1.317974
40-99,Control,River Rush,Shuffle,1703.0,1703.0,28430.0,0.059902
40-99,Control,River Rush,Slingshot,1840.0,1840.0,28430.0,0.06472
40-99,Control,River Rush,UL Bomb,8285.0,8285.0,28430.0,0.291418
40-99,Control,River Rush,UL Chuck,24190.0,24190.0,28430.0,0.850862
40-99,Control,River Rush,UL Red,34255.0,34255.0,28430.0,1.204889
40-99,Control,River Rush,Unlimited Lives,18270.0,18270.0,28430.0,0.642631
40-99,Control,Saga,Bomb,12950.0,12950.0,28430.0,0.455505
40-99,Control,Saga,Chuck,60075.0,60075.0,28430.0,2.113085
40-99,Control,Saga,Comet,12942.0,12942.0,28430.0,0.455223
40-99,Control,Saga,HC,3108735.0,3108735.0,28430.0,109.346993
40-99,Control,Saga,Red,64072.0,64072.0,28430.0,2.253676
40-99,Control,Saga,Shuffle,29532.0,29532.0,28430.0,1.038762
40-99,Control,Saga,Slingshot,28672.0,28672.0,28430.0,1.008512
40-99,Control,Saga,Unlimited Lives,2176920.0,2176920.0,28430.0,76.571228
40-99,Control,Season Pass (Free),Bomb,3135.0,3135.0,28430.0,0.110271
40-99,Control,Season Pass (Free),Chuck,10888.0,10888.0,28430.0,0.382976
40-99,Control,Season Pass (Free),Comet,224.0,224.0,28430.0,0.007879
40-99,Control,Season Pass (Free),HC,235905.0,236160.0,28430.0,8.297749
40-99,Control,Season Pass (Free),Red,9167.0,9167.0,28430.0,0.322441
40-99,Control,Season Pass (Free),Shuffle,3290.0,3290.0,28430.0,0.115723
40-99,Control,Season Pass (Free),Slingshot,1455.0,1455.0,28430.0,0.051178
40-99,Control,Season Pass (Free),UL Bomb,2880.0,2880.0,28430.0,0.101301
40-99,Control,Season Pass (Free),UL Chuck,51945.0,51945.0,28430.0,1.827119
40-99,Control,Season Pass (Free),UL Red,79440.0,79440.0,28430.0,2.794231
40-99,Control,Season Pass (Free),Unlimited Lives,367670.0,367670.0,28430.0,12.932466
40-99,Control,Target Day,Chuck,1.0,1.0,28430.0,3.5e-05
40-99,Control,Target Day,Comet,631.0,631.0,28430.0,0.022195
40-99,Control,Target Day,HC,196000.0,196000.0,28430.0,6.894126
40-99,Control,Target Day,Shuffle,1324.0,1324.0,28430.0,0.046571
40-99,Control,Target Day,Slingshot,512.0,512.0,28430.0,0.018009
40-99,Control,Target Day,Unlimited Lives,46410.0,46410.0,28430.0,1.632431
40-99,Control,Team Event,Comet,767.0,767.0,28430.0,0.026979
40-99,Control,Team Event,HC,214620.0,214620.0,28430.0,7.549068
40-99,Control,Team Event,Shuffle,1016.0,1016.0,28430.0,0.035737
40-99,Control,Team Event,Slingshot,2220.0,2220.0,28430.0,0.078087
40-99,Control,Team Race,Bomb,2672.0,2672.0,28430.0,0.093985
40-99,Control,Team Race,Chuck,1040.0,1040.0,28430.0,0.036581
40-99,Control,Team Race,Comet,6942.0,6942.0,28430.0,0.244179
40-99,Control,Team Race,HC,716540.0,716540.0,28430.0,25.203658
40-99,Control,Team Race,Red,551.0,551.0,28430.0,0.019381
40-99,Control,Team Race,SPT,330440.0,330440.0,28430.0,11.622934
40-99,Control,Team Race,Shuffle,4918.0,4918.0,28430.0,0.172986
40-99,Control,Team Race,Slingshot,2905.0,2905.0,28430.0,0.102181
40-99,Control,Team Race,UL Chuck,15.0,15.0,28430.0,0.000528
40-99,Control,Team Race,Unlimited Lives,31225.0,31225.0,28430.0,1.098312
40-99,Variant,Ads,Bomb,14.0,14.0,27166.0,0.000515
40-99,Variant,Ads,Chuck,25.0,25.0,27166.0,0.00092
40-99,Variant,Ads,Comet,926.0,926.0,27166.0,0.034087
40-99,Variant,Ads,HC,98005.0,98005.0,27166.0,3.607635
40-99,Variant,Ads,Red,43.0,43.0,27166.0,0.001583
40-99,Variant,Ads,Shuffle,2066.0,2066.0,27166.0,0.076051
40-99,Variant,Ads,Slingshot,2063.0,2063.0,27166.0,0.075941
40-99,Variant,Ads,Unlimited Lives,31450.0,31450.0,27166.0,1.157697
40-99,Variant,Bomb Challenge,Comet,7.0,7.0,27166.0,0.000258
40-99,Variant,Bomb Challenge,HC,2550.0,2550.0,27166.0,0.093867
40-99,Variant,Bomb Challenge,Shuffle,22.0,22.0,27166.0,0.00081
40-99,Variant,Bomb Challenge,Slingshot,21.0,21.0,27166.0,0.000773
40-99,Variant,Bomb's Ballet,Bomb,131.0,131.0,27166.0,0.004822
40-99,Variant,Bomb's Ballet,Chuck,956.0,956.0,27166.0,0.035191
40-99,Variant,Bomb's Ballet,Comet,131.0,131.0,27166.0,0.004822
40-99,Variant,Bomb's Ballet,HC,46825.0,46825.0,27166.0,1.723662
40-99,Variant,Bomb's Ballet,Red,849.0,849.0,27166.0,0.031252
40-99,Variant,Bomb's Ballet,Shuffle,130.0,130.0,27166.0,0.004785
40-99,Variant,Bomb's Ballet,Slingshot,356.0,356.0,27166.0,0.013105
40-99,Variant,Bomb's Ballet,UL Bomb,16220.0,16220.0,27166.0,0.59707
40-99,Variant,Bomb's Ballet,UL Chuck,18370.0,18370.0,27166.0,0.676213
40-99,Variant,Bomb's Ballet,UL Red,21515.0,21515.0,27166.0,0.791983
40-99,Variant,Bomb's Ballet,Unlimited Lives,91470.0,91470.0,27166.0,3.367076
40-99,Variant,Chuck Challenge,Chuck,2.0,2.0,27166.0,7.4e-05
40-99,Variant,Chuck Challenge,Comet,1214.0,1214.0,27166.0,0.044688
40-99,Variant,Chuck Challenge,HC,386400.0,386400.0,27166.0,14.223662
40-99,Variant,Chuck Challenge,Shuffle,2825.0,2825.0,27166.0,0.10399
40-99,Variant,Chuck Challenge,Slingshot,1074.0,1074.0,27166.0,0.039535
40-99,Variant,Core,Bomb,12844.0,12844.0,27166.0,0.472797
40-99,Variant,Core,Chuck,16295.0,16295.0,27166.0,0.599831
40-99,Variant,Core,Comet,6448.0,6448.0,27166.0,0.237356
40-99,Variant,Core,HC,1952415.0,1952415.0,27166.0,71.8698
40-99,Variant,Core,Red,7558.0,7558.0,27166.0,0.278215
40-99,Variant,Core,Shuffle,18626.0,18626.0,27166.0,0.685636
40-99,Variant,Core,Slingshot,16746.0,16746.0,27166.0,0.616432
40-99,Variant,Core,Unlimited Lives,1102620.0,1102620.0,27166.0,40.588235
40-99,Variant,Daily Gift,Comet,273.0,273.0,27166.0,0.010049
40-99,Variant,Daily Gift,HC,344010.0,344010.0,27166.0,12.663256
40-99,Variant,Daily Gift,Shuffle,2877.0,2877.0,27166.0,0.105904
40-99,Variant,Daily Gift,Slingshot,4605.0,4605.0,27166.0,0.169513
40-99,Variant,Daily Gift,UL Bomb,10830.0,10830.0,27166.0,0.39866
40-99,Variant,Daily Gift,UL Chuck,28050.0,28050.0,27166.0,1.032541
40-99,Variant,Daily Gift,UL Red,51090.0,51090.0,27166.0,1.88066
40-99,Variant,Daily Gift,Unlimited Lives,391585.0,391585.0,27166.0,14.414526
40-99,Variant,Daily Night Sky Prize,Chuck,3797.0,3797.0,27166.0,0.13977
40-99,Variant,Daily Night Sky Prize,Comet,932.0,932.0,27166.0,0.034308
40-99,Variant,Daily Night Sky Prize,HC,1309905.0,1309905.0,27166.0,48.218545
40-99,Variant,Daily Night Sky Prize,Red,7598.0,7598.0,27166.0,0.279688
40-99,Variant,Daily Night Sky Prize,Slingshot,4729.0,4729.0,27166.0,0.174078
40-99,Variant,Daily Night Sky Prize,Unlimited Lives,335570.0,335570.0,27166.0,12.352573
40-99,Variant,Flash Race,UL Chuck,15.0,15.0,27166.0,0.000552
40-99,Variant,Flock Flurry,Bomb,2513.0,2513.0,27166.0,0.092505
40-99,Variant,Flock Flurry,Chuck,2513.0,2513.0,27166.0,0.092505
40-99,Variant,Flock Flurry,Red,2513.0,2513.0,27166.0,0.092505
40-99,Variant,Flock Flurry,SPT,45600.0,45600.0,27166.0,1.678569
40-99,Variant,Flock Flurry,Slingshot,2513.0,2513.0,27166.0,0.092505
40-99,Variant,Flock Flurry,Unlimited Lives,654940.0,654940.0,27166.0,24.108812
40-99,Variant,Hatchling Hideaway,Bomb,3975.0,3975.0,27166.0,0.146323
40-99,Variant,Hatchling Hideaway,Chuck,5130.0,5130.0,27166.0,0.188839
40-99,Variant,Hatchling Hideaway,Comet,3947.0,3947.0,27166.0,0.145292
40-99,Variant,Hatchling Hideaway,HC,168145.0,168145.0,27166.0,6.189538
40-99,Variant,Hatchling Hideaway,Red,5921.0,5921.0,27166.0,0.217956
40-99,Variant,Hatchling Hideaway,Shuffle,3057.0,3057.0,27166.0,0.11253
40-99,Variant,Hatchling Hideaway,Slingshot,2378.0,2378.0,27166.0,0.087536
40-99,Variant,Hatchling Hideaway,UL Chuck,23700.0,23700.0,27166.0,0.872414
40-99,Variant,Hatchling Hideaway,UL Red,30370.0,30370.0,27166.0,1.117942
40-99,Variant,Hatchling Hideaway,Unlimited Lives,474510.0,474510.0,27166.0,17.467054
40-99,Variant,IAPs,Chuck,2.0,2.0,27166.0,7.4e-05
40-99,Variant,IAPs,HC,70.0,70.0,27166.0,0.002577
40-99,Variant,Jigsaw,Bomb,416.0,416.0,27166.0,0.015313
40-99,Variant,Jigsaw,Chuck,4199.0,4199.0,27166.0,0.154568
40-99,Variant,Jigsaw,Comet,416.0,416.0,27166.0,0.015313
40-99,Variant,Jigsaw,HC,138925.0,138925.0,27166.0,5.113929
40-99,Variant,Jigsaw,Red,2769.0,2769.0,27166.0,0.101929
40-99,Variant,Jigsaw,Slingshot,735.0,735.0,27166.0,0.027056
40-99,Variant,Jigsaw,UL Bomb,33930.0,33930.0,27166.0,1.248988
40-99,Variant,Jigsaw,UL Chuck,54885.0,54885.0,27166.0,2.020356
40-99,Variant,Jigsaw,UL Red,70225.0,70225.0,27166.0,2.585033
40-99,Variant,Jigsaw,Unlimited Lives,273240.0,273240.0,27166.0,10.058161
40-99,Variant,Kite Festival,Bomb,292.0,292.0,27166.0,0.010749
40-99,Variant,Kite Festival,Chuck,315.0,315.0,27166.0,0.011595
40-99,Variant,Kite Festival,Comet,165.0,165.0,27166.0,0.006074
40-99,Variant,Kite Festival,HC,125675.0,125675.0,27166.0,4.626187
40-99,Variant,Kite Festival,Red,266.0,266.0,27166.0,0.009792
40-99,Variant,Kite Festival,SPT,250615.0,250615.0,27166.0,9.225318
40-99,Variant,Kite Festival,Shuffle,392.0,392.0,27166.0,0.01443
40-99,Variant,Kite Festival,Slingshot,773.0,773.0,27166.0,0.028455
40-99,Variant,Kite Festival,Unlimited Lives,106825.0,106825.0,27166.0,3.932305
40-99,Variant,Level Race,Comet,1.0,1.0,27166.0,3.7e-05
40-99,Variant,Level Race,HC,550.0,550.0,27166.0,0.020246
40-99,Variant,Level Race,SPT,1050.0,1050.0,27166.0,0.038651
40-99,Variant,Level Race,Shuffle,2.0,2.0,27166.0,7.4e-05
40-99,Variant,Level Race,Slingshot,3.0,3.0,27166.0,0.00011
40-99,Variant,Level Race,Unlimited Lives,250.0,250.0,27166.0,0.009203
40-99,Variant,Other,Bomb,6776.0,8591.0,27166.0,0.249429
40-99,Variant,Other,Chuck,6824.0,8495.0,27166.0,0.251196
40-99,Variant,Other,Comet,797.0,1656.0,27166.0,0.029338
40-99,Variant,Other,HC,177614.0,631464.0,27166.0,6.538099
40-99,Variant,Other,Red,7127.0,8618.0,27166.0,0.26235
40-99,Variant,Other,SPT,249070.0,249070.0,27166.0,9.168446
40-99,Variant,Other,Shuffle,1857.0,3062.0,27166.0,0.068358
40-99,Variant,Other,Slingshot,1010.0,2455.0,27166.0,0.037179
40-99,Variant,Other,UL Bomb,0.0,19200.0,27166.0,0.0
40-99,Variant,Other,UL Chuck,0.0,19200.0,27166.0,0.0
40-99,Variant,Other,UL Red,80.0,19280.0,27166.0,0.002945
40-99,Variant,Other,Unlimited Lives,46901.0,74926.0,27166.0,1.72646
40-99,Variant,Photoshoot,Chuck,3.0,3.0,27166.0,0.00011
40-99,Variant,Photoshoot,HC,100.0,100.0,27166.0,0.003681
40-99,Variant,Photoshoot,UL Red,30.0,30.0,27166.0,0.001104
40-99,Variant,Photoshoot,Unlimited Lives,150.0,150.0,27166.0,0.005522
40-99,Variant,Rainbow Maker,Bomb,4371.0,4371.0,27166.0,0.1609
40-99,Variant,Rainbow Maker,Chuck,10252.0,10252.0,27166.0,0.377383
40-99,Variant,Rainbow Maker,Comet,5818.0,5818.0,27166.0,0.214165
40-99,Variant,Rainbow Maker,HC,291449.0,291449.0,27166.0,10.728447
40-99,Variant,Rainbow Maker,Red,11459.0,11459.0,27166.0,0.421814
40-99,Variant,Rainbow Maker,SPT,1613577.0,1613577.0,27166.0,59.39693
40-99,Variant,Rainbow Maker,Shuffle,8932.0,8932.0,27166.0,0.328793
40-99,Variant,Rainbow Maker,Slingshot,18715.0,18715.0,27166.0,0.688913
40-99,Variant,Rainbow Maker,UL Chuck,10980.0,10980.0,27166.0,0.404182
40-99,Variant,Rainbow Maker,UL Red,60060.0,60060.0,27166.0,2.210852
40-99,Variant,Rainbow Maker,Unlimited Lives,386450.0,386450.0,27166.0,14.225502
40-99,Variant,Red Challenge,Comet,42.0,42.0,27166.0,0.001546
40-99,Variant,Red Challenge,HC,14950.0,14950.0,27166.0,0.55032
40-99,Variant,Red Challenge,Shuffle,144.0,144.0,27166.0,0.005301
40-99,Variant,Red Challenge,Slingshot,79.0,79.0,27166.0,0.002908
40-99,Variant,River Rush,Bomb,5.0,5.0,27166.0,0.000184
40-99,Variant,River Rush,Chuck,8.0,8.0,27166.0,0.000294
40-99,Variant,River Rush,Comet,10.0,10.0,27166.0,0.000368
40-99,Variant,River Rush,HC,1105.0,1105.0,27166.0,0.040676
40-99,Variant,River Rush,Red,6.0,6.0,27166.0,0.000221
40-99,Variant,River Rush,SPT,260.0,260.0,27166.0,0.009571
40-99,Variant,River Rush,Shuffle,12.0,12.0,27166.0,0.000442
40-99,Variant,River Rush,Slingshot,9.0,9.0,27166.0,0.000331
40-99,Variant,River Rush,UL Bomb,75.0,75.0,27166.0,0.002761
40-99,Variant,River Rush,UL Chuck,140.0,140.0,27166.0,0.005154
40-99,Variant,River Rush,UL Red,175.0,175.0,27166.0,0.006442
40-99,Variant,River Rush,Unlimited Lives,60.0,60.0,27166.0,0.002209
40-99,Variant,Saga,Bomb,13144.0,13144.0,27166.0,0.48384
40-99,Variant,Saga,Chuck,14714.0,14714.0,27166.0,0.541633
40-99,Variant,Saga,Comet,57.0,57.0,27166.0,0.002098
40-99,Variant,Saga,HC,843100.0,843100.0,27166.0,31.035117
40-99,Variant,Saga,Red,15896.0,15896.0,27166.0,0.585143
40-99,Variant,Saga,Shuffle,13930.0,13930.0,27166.0,0.512773
40-99,Variant,Saga,Slingshot,15595.0,15595.0,27166.0,0.574063
40-99,Variant,Saga,Unlimited Lives,3549785.0,3549785.0,27166.0,130.670139
40-99,Variant,Season Pass (Free),Bomb,2967.0,2967.0,27166.0,0.109217
40-99,Variant,Season Pass (Free),Chuck,10702.0,10702.0,27166.0,0.393948
40-99,Variant,Season Pass (Free),Comet,196.0,196.0,27166.0,0.007215
40-99,Variant,Season Pass (Free),HC,231385.0,231440.0,27166.0,8.517448
40-99,Variant,Season Pass (Free),Red,8925.0,8925.0,27166.0,0.328536
40-99,Variant,Season Pass (Free),Shuffle,3150.0,3150.0,27166.0,0.115954
40-99,Variant,Season Pass (Free),Slingshot,1339.0,1339.0,27166.0,0.04929
40-99,Variant,Season Pass (Free),UL Bomb,1880.0,1880.0,27166.0,0.069204
40-99,Variant,Season Pass (Free),UL Chuck,50290.0,50290.0,27166.0,1.851211
40-99,Variant,Season Pass (Free),UL Red,78275.0,78275.0,27166.0,2.881359
40-99,Variant,Season Pass (Free),Unlimited Lives,358625.0,358625.0,27166.0,13.201244
40-99,Variant,Target Day,Bomb,1562.0,1562.0,27166.0,0.057498
40-99,Variant,Target Day,Chuck,1610.0,1610.0,27166.0,0.059265
40-99,Variant,Target Day,Comet,2120.0,2120.0,27166.0,0.078039
40-99,Variant,Target Day,HC,346300.0,346300.0,27166.0,12.747552
40-99,Variant,Target Day,Red,1587.0,1587.0,27166.0,0.058419
40-99,Variant,Target Day,Shuffle,1883.0,1883.0,27166.0,0.069315
40-99,Variant,Target Day,Slingshot,2326.0,2326.0,27166.0,0.085622
40-99,Variant,Target Day,Unlimited Lives,182010.0,182010.0,27166.0,6.699919
40-99,Variant,Team Event,Comet,653.0,653.0,27166.0,0.024037
40-99,Variant,Team Event,HC,185850.0,185850.0,27166.0,6.841272
40-99,Variant,Team Event,Shuffle,920.0,920.0,27166.0,0.033866
40-99,Variant,Team Event,Slingshot,1921.0,1921.0,27166.0,0.070713
40-99,Variant,Team Race,Bomb,3276.0,3276.0,27166.0,0.120592
40-99,Variant,Team Race,Chuck,1393.0,1393.0,27166.0,0.051277
40-99,Variant,Team Race,Comet,6668.0,6668.0,27166.0,0.245454
40-99,Variant,Team Race,HC,520870.0,520870.0,27166.0,19.173599
40-99,Variant,Team Race,Red,747.0,747.0,27166.0,0.027498
40-99,Variant,Team Race,SPT,428340.0,428340.0,27166.0,15.767503
40-99,Variant,Team Race,Shuffle,4934.0,4934.0,27166.0,0.181624
40-99,Variant,Team Race,Slingshot,2672.0,2672.0,27166.0,0.098358
40-99,Variant,Team Race,Unlimited Lives,9480.0,9480.0,27166.0,0.348966
A. 0,Control,Ads,Chuck,1.0,1.0,42977.0,2.3e-05
A. 0,Control,Ads,Comet,1110.0,1110.0,42977.0,0.025828
A. 0,Control,Ads,HC,105695.0,105695.0,42977.0,2.459339
A. 0,Control,Ads,Shuffle,2390.0,2390.0,42977.0,0.055611
A. 0,Control,Ads,Slingshot,2295.0,2295.0,42977.0,0.053401
A. 0,Control,Ads,Unlimited Lives,35330.0,35330.0,42977.0,0.822068
A. 0,Control,Bomb Challenge,Comet,245.0,245.0,42977.0,0.005701
A. 0,Control,Bomb Challenge,HC,73200.0,73200.0,42977.0,1.703237
A. 0,Control,Bomb Challenge,Shuffle,617.0,617.0,42977.0,0.014357
A. 0,Control,Bomb Challenge,Slingshot,560.0,560.0,42977.0,0.01303
A. 0,Control,Bomb's Ballet,Chuck,47.0,47.0,42977.0,0.001094
A. 0,Control,Bomb's Ballet,HC,75.0,75.0,42977.0,0.001745
A. 0,Control,Bomb's Ballet,Red,2.0,2.0,42977.0,4.7e-05
A. 0,Control,Bomb's Ballet,UL Bomb,20.0,20.0,42977.0,0.000465
A. 0,Control,Bomb's Ballet,UL Chuck,150.0,150.0,42977.0,0.00349
A. 0,Control,Bomb's Ballet,UL Red,280.0,280.0,42977.0,0.006515
A. 0,Control,Bomb's Ballet,Unlimited Lives,270.0,270.0,42977.0,0.006282
A. 0,Control,Chuck Challenge,HC,300.0,300.0,42977.0,0.00698
A. 0,Control,Chuck Challenge,Shuffle,7.0,7.0,42977.0,0.000163
A. 0,Control,Chuck Challenge,Slingshot,9.0,9.0,42977.0,0.000209
A. 0,Control,Core,Bomb,492.0,492.0,42977.0,0.011448
A. 0,Control,Core,Chuck,724.0,724.0,42977.0,0.016846
A. 0,Control,Core,Comet,238.0,238.0,42977.0,0.005538
A. 0,Control,Core,HC,71475.0,71475.0,42977.0,1.663099
A. 0,Control,Core,Red,258.0,258.0,42977.0,0.006003
A. 0,Control,Core,Shuffle,694.0,694.0,42977.0,0.016148
A. 0,Control,Core,Slingshot,539.0,539.0,42977.0,0.012542
A. 0,Control,Core,Unlimited Lives,39600.0,39600.0,42977.0,0.921423
A. 0,Control,Daily Gift,Comet,381.0,381.0,42977.0,0.008865
A. 0,Control,Daily Gift,HC,506870.0,506870.0,42977.0,11.793983
A. 0,Control,Daily Gift,Shuffle,3008.0,3008.0,42977.0,0.069991
A. 0,Control,Daily Gift,Slingshot,4440.0,4440.0,42977.0,0.103311
A. 0,Control,Daily Gift,UL Bomb,10890.0,10890.0,42977.0,0.253391
A. 0,Control,Daily Gift,UL Chuck,20790.0,20790.0,42977.0,0.483747
A. 0,Control,Daily Gift,UL Red,23970.0,23970.0,42977.0,0.55774
A. 0,Control,Daily Gift,Unlimited Lives,403785.0,403785.0,42977.0,9.395374
A. 0,Control,Flock Flurry,Bomb,1360.0,1360.0,42977.0,0.031645
A. 0,Control,Flock Flurry,Chuck,1360.0,1360.0,42977.0,0.031645
A. 0,Control,Flock Flurry,Red,1360.0,1360.0,42977.0,0.031645
A. 0,Control,Flock Flurry,SPT,25860.0,25860.0,42977.0,0.601717
A. 0,Control,Flock Flurry,Slingshot,1360.0,1360.0,42977.0,0.031645
A. 0,Control,Flock Flurry,Unlimited Lives,362280.0,362280.0,42977.0,8.429625
A. 0,Control,FlowerCoop,Bomb,4.0,4.0,42977.0,9.3e-05
A. 0,Control,FlowerCoop,UL Red,20.0,20.0,42977.0,0.000465
A. 0,Control,Hatchling Hideaway,Bomb,1030.0,1030.0,42977.0,0.023966
A. 0,Control,Hatchling Hideaway,Chuck,1220.0,1220.0,42977.0,0.028387
A. 0,Control,Hatchling Hideaway,Comet,719.0,719.0,42977.0,0.01673
A. 0,Control,Hatchling Hideaway,HC,53800.0,53800.0,42977.0,1.251832
A. 0,Control,Hatchling Hideaway,Red,1750.0,1750.0,42977.0,0.040719
A. 0,Control,Hatchling Hideaway,Shuffle,1030.0,1030.0,42977.0,0.023966
A. 0,Control,Hatchling Hideaway,Slingshot,856.0,856.0,42977.0,0.019918
A. 0,Control,Hatchling Hideaway,UL Chuck,7190.0,7190.0,42977.0,0.167299
A. 0,Control,Hatchling Hideaway,UL Red,8560.0,8560.0,42977.0,0.199176
A. 0,Control,Hatchling Hideaway,Unlimited Lives,135900.0,135900.0,42977.0,3.162157
A. 0,Control,Jigsaw,Bomb,330.0,330.0,42977.0,0.007679
A. 0,Control,Jigsaw,Chuck,1417.0,1417.0,42977.0,0.032971
A. 0,Control,Jigsaw,Comet,330.0,330.0,42977.0,0.007679
A. 0,Control,Jigsaw,HC,42500.0,42500.0,42977.0,0.988901
A. 0,Control,Jigsaw,Red,553.0,553.0,42977.0,0.012867
A. 0,Control,Jigsaw,Slingshot,412.0,412.0,42977.0,0.009587
A. 0,Control,Jigsaw,UL Bomb,10585.0,10585.0,42977.0,0.246295
A. 0,Control,Jigsaw,UL Chuck,13820.0,13820.0,42977.0,0.321567
A. 0,Control,Jigsaw,UL Red,18690.0,18690.0,42977.0,0.434884
A. 0,Control,Jigsaw,Unlimited Lives,71910.0,71910.0,42977.0,1.673221
A. 0,Control,Kite Festival,Bomb,10.0,10.0,42977.0,0.000233
A. 0,Control,Kite Festival,Chuck,14.0,14.0,42977.0,0.000326
A. 0,Control,Kite Festival,Comet,4.0,4.0,42977.0,9.3e-05
A. 0,Control,Kite Festival,HC,3200.0,3200.0,42977.0,0.074458
A. 0,Control,Kite Festival,Red,15.0,15.0,42977.0,0.000349
A. 0,Control,Kite Festival,SPT,10430.0,10430.0,42977.0,0.242688
A. 0,Control,Kite Festival,Shuffle,27.0,27.0,42977.0,0.000628
A. 0,Control,Kite Festival,Slingshot,38.0,38.0,42977.0,0.000884
A. 0,Control,Kite Festival,Unlimited Lives,30575.0,30575.0,42977.0,0.711427
A. 0,Control,Level Race,Slingshot,2.0,2.0,42977.0,4.7e-05
A. 0,Control,Level Race,Unlimited Lives,300.0,300.0,42977.0,0.00698
A. 0,Control,Other,Bomb,2847.0,3239.0,42977.0,0.066245
A. 0,Control,Other,Chuck,2851.0,3264.0,42977.0,0.066338
A. 0,Control,Other,Comet,114.0,543.0,42977.0,0.002653
A. 0,Control,Other,HC,36085.0,318085.0,42977.0,0.839635
A. 0,Control,Other,Red,2893.0,3339.0,42977.0,0.067315
A. 0,Control,Other,SPT,116960.0,116960.0,42977.0,2.721456
A. 0,Control,Other,Shuffle,447.0,1012.0,42977.0,0.010401
A. 0,Control,Other,Slingshot,727.0,1520.0,42977.0,0.016916
A. 0,Control,Other,UL Bomb,25.0,11765.0,42977.0,0.000582
A. 0,Control,Other,UL Chuck,25.0,11765.0,42977.0,0.000582
A. 0,Control,Other,UL Red,70.0,11810.0,42977.0,0.001629
A. 0,Control,Other,Unlimited Lives,29645.0,51035.0,42977.0,0.689788
A. 0,Control,Photoshoot,Chuck,34.0,34.0,42977.0,0.000791
A. 0,Control,Photoshoot,HC,200.0,200.0,42977.0,0.004654
A. 0,Control,Photoshoot,Red,4.0,4.0,42977.0,9.3e-05
A. 0,Control,Photoshoot,UL Chuck,30.0,30.0,42977.0,0.000698
A. 0,Control,Photoshoot,UL Red,45.0,45.0,42977.0,0.001047
A. 0,Control,Photoshoot,Unlimited Lives,510.0,510.0,42977.0,0.011867
A. 0,Control,Red Challenge,Comet,190.0,190.0,42977.0,0.004421
A. 0,Control,Red Challenge,HC,52800.0,52800.0,42977.0,1.228564
A. 0,Control,Red Challenge,Shuffle,322.0,322.0,42977.0,0.007492
A. 0,Control,Red Challenge,Slingshot,359.0,359.0,42977.0,0.008353
A. 0,Control,River Rush,Bomb,290.0,290.0,42977.0,0.006748
A. 0,Control,River Rush,Chuck,150.0,150.0,42977.0,0.00349
A. 0,Control,River Rush,Comet,671.0,671.0,42977.0,0.015613
A. 0,Control,River Rush,HC,81740.0,81740.0,42977.0,1.901948
A. 0,Control,River Rush,Red,243.0,243.0,42977.0,0.005654
A. 0,Control,River Rush,SPT,10080.0,10080.0,42977.0,0.234544
A. 0,Control,River Rush,Shuffle,498.0,498.0,42977.0,0.011588
A. 0,Control,River Rush,Slingshot,837.0,837.0,42977.0,0.019476
A. 0,Control,River Rush,UL Bomb,1005.0,1005.0,42977.0,0.023385
A. 0,Control,River Rush,UL Chuck,7460.0,7460.0,42977.0,0.173581
A. 0,Control,River Rush,UL Red,15640.0,15640.0,42977.0,0.363916
A. 0,Control,River Rush,Unlimited Lives,4060.0,4060.0,42977.0,0.094469
A. 0,Control,Saga,Bomb,17.0,17.0,42977.0,0.000396
A. 0,Control,Saga,Chuck,165.0,165.0,42977.0,0.003839
A. 0,Control,Saga,Comet,16.0,16.0,42977.0,0.000372
A. 0,Control,Saga,HC,6325.0,6325.0,42977.0,0.147172
A. 0,Control,Saga,Red,170.0,170.0,42977.0,0.003956
A. 0,Control,Saga,Shuffle,50.0,50.0,42977.0,0.001163
A. 0,Control,Saga,Slingshot,51.0,51.0,42977.0,0.001187
A. 0,Control,Saga,Unlimited Lives,4080.0,4080.0,42977.0,0.094934
A. 0,Control,Season Pass (Free),Bomb,402.0,402.0,42977.0,0.009354
A. 0,Control,Season Pass (Free),Chuck,1499.0,1499.0,42977.0,0.034879
A. 0,Control,Season Pass (Free),Comet,71.0,71.0,42977.0,0.001652
A. 0,Control,Season Pass (Free),HC,34810.0,34810.0,42977.0,0.809968
A. 0,Control,Season Pass (Free),Red,1022.0,1022.0,42977.0,0.02378
A. 0,Control,Season Pass (Free),Shuffle,458.0,458.0,42977.0,0.010657
A. 0,Control,Season Pass (Free),Slingshot,240.0,240.0,42977.0,0.005584
A. 0,Control,Season Pass (Free),UL Bomb,1420.0,1420.0,42977.0,0.033041
A. 0,Control,Season Pass (Free),UL Chuck,9505.0,9505.0,42977.0,0.221165
A. 0,Control,Season Pass (Free),UL Red,12875.0,12875.0,42977.0,0.299579
A. 0,Control,Season Pass (Free),Unlimited Lives,73705.0,73705.0,42977.0,1.714987
A. 0,Control,Target Day,Chuck,2.0,2.0,42977.0,4.7e-05
A. 0,Control,Target Day,Comet,261.0,261.0,42977.0,0.006073
A. 0,Control,Target Day,HC,78850.0,78850.0,42977.0,1.834702
A. 0,Control,Target Day,Red,2.0,2.0,42977.0,4.7e-05
A. 0,Control,Target Day,Shuffle,630.0,630.0,42977.0,0.014659
A. 0,Control,Target Day,Slingshot,594.0,594.0,42977.0,0.013821
A. 0,Control,Target Day,Unlimited Lives,13280.0,13280.0,42977.0,0.309002
A. 0,Control,Team Event,Comet,636.0,636.0,42977.0,0.014799
A. 0,Control,Team Event,HC,187770.0,187770.0,42977.0,4.369081
A. 0,Control,Team Event,Shuffle,844.0,844.0,42977.0,0.019638
A. 0,Control,Team Event,Slingshot,2165.0,2165.0,42977.0,0.050376
A. 0,Control,Team Race,Bomb,949.0,949.0,42977.0,0.022082
A. 0,Control,Team Race,Chuck,478.0,478.0,42977.0,0.011122
A. 0,Control,Team Race,Comet,2353.0,2353.0,42977.0,0.05475
A. 0,Control,Team Race,HC,232400.0,232400.0,42977.0,5.407544
A. 0,Control,Team Race,Red,254.0,254.0,42977.0,0.00591
A. 0,Control,Team Race,SPT,105340.0,105340.0,42977.0,2.451078
A. 0,Control,Team Race,Shuffle,1676.0,1676.0,42977.0,0.038998
A. 0,Control,Team Race,Slingshot,1183.0,1183.0,42977.0,0.027526
A. 0,Control,Team Race,Unlimited Lives,7675.0,7675.0,42977.0,0.178584
A. 0,Variant,Ads,Comet,1097.0,1097.0,43108.0,0.025448
A. 0,Variant,Ads,HC,108990.0,108990.0,43108.0,2.528301
A. 0,Variant,Ads,Shuffle,2470.0,2470.0,43108.0,0.057298
A. 0,Variant,Ads,Slingshot,2596.0,2596.0,43108.0,0.060221
A. 0,Variant,Ads,Unlimited Lives,37325.0,37325.0,43108.0,0.865849
A. 0,Variant,Bomb Challenge,HC,400.0,400.0,43108.0,0.009279
A. 0,Variant,Bomb Challenge,Shuffle,19.0,19.0,43108.0,0.000441
A. 0,Variant,Bomb Challenge,Slingshot,39.0,39.0,43108.0,0.000905
A. 0,Variant,Bomb's Ballet,Bomb,102.0,102.0,43108.0,0.002366
A. 0,Variant,Bomb's Ballet,Chuck,539.0,539.0,43108.0,0.012503
A. 0,Variant,Bomb's Ballet,Comet,102.0,102.0,43108.0,0.002366
A. 0,Variant,Bomb's Ballet,HC,14875.0,14875.0,43108.0,0.345064
A. 0,Variant,Bomb's Ballet,Red,199.0,199.0,43108.0,0.004616
A. 0,Variant,Bomb's Ballet,Shuffle,103.0,103.0,43108.0,0.002389
A. 0,Variant,Bomb's Ballet,Slingshot,128.0,128.0,43108.0,0.002969
A. 0,Variant,Bomb's Ballet,UL Bomb,4035.0,4035.0,43108.0,0.093602
A. 0,Variant,Bomb's Ballet,UL Chuck,4685.0,4685.0,43108.0,0.108681
A. 0,Variant,Bomb's Ballet,UL Red,6020.0,6020.0,43108.0,0.139649
A. 0,Variant,Bomb's Ballet,Unlimited Lives,26040.0,26040.0,43108.0,0.604064
A. 0,Variant,Chuck Challenge,Chuck,1.0,1.0,43108.0,2.3e-05
A. 0,Variant,Chuck Challenge,Comet,356.0,356.0,43108.0,0.008258
A. 0,Variant,Chuck Challenge,HC,119250.0,119250.0,43108.0,2.766308
A. 0,Variant,Chuck Challenge,Red,1.0,1.0,43108.0,2.3e-05
A. 0,Variant,Chuck Challenge,Shuffle,1113.0,1113.0,43108.0,0.025819
A. 0,Variant,Chuck Challenge,Slingshot,1122.0,1122.0,43108.0,0.026028
A. 0,Variant,Core,Bomb,548.0,548.0,43108.0,0.012712
A. 0,Variant,Core,Chuck,619.0,619.0,43108.0,0.014359
A. 0,Variant,Core,Comet,273.0,273.0,43108.0,0.006333
A. 0,Variant,Core,HC,74325.0,74325.0,43108.0,1.724158
A. 0,Variant,Core,Red,264.0,264.0,43108.0,0.006124
A. 0,Variant,Core,Shuffle,745.0,745.0,43108.0,0.017282
A. 0,Variant,Core,Slingshot,542.0,542.0,43108.0,0.012573
A. 0,Variant,Core,UL Red,15.0,15.0,43108.0,0.000348
A. 0,Variant,Core,Unlimited Lives,41955.0,41955.0,43108.0,0.973253
A. 0,Variant,Daily Gift,Chuck,2.0,2.0,43108.0,4.6e-05
A. 0,Variant,Daily Gift,Comet,377.0,377.0,43108.0,0.008745
A. 0,Variant,Daily Gift,HC,335505.0,335505.0,43108.0,7.782894
A. 0,Variant,Daily Gift,Shuffle,3031.0,3031.0,43108.0,0.070312
A. 0,Variant,Daily Gift,Slingshot,4381.0,4381.0,43108.0,0.101628
A. 0,Variant,Daily Gift,UL Bomb,12390.0,12390.0,43108.0,0.287418
A. 0,Variant,Daily Gift,UL Chuck,21960.0,21960.0,43108.0,0.509418
A. 0,Variant,Daily Gift,UL Red,24540.0,24540.0,43108.0,0.569268
A. 0,Variant,Daily Gift,Unlimited Lives,401350.0,401350.0,43108.0,9.310337
A. 0,Variant,Daily Night Sky Prize,Bomb,1.0,1.0,43108.0,2.3e-05
A. 0,Variant,Daily Night Sky Prize,Chuck,693.0,693.0,43108.0,0.016076
A. 0,Variant,Daily Night Sky Prize,Comet,512.0,512.0,43108.0,0.011877
A. 0,Variant,Daily Night Sky Prize,HC,557215.0,557215.0,43108.0,12.926023
A. 0,Variant,Daily Night Sky Prize,Red,2294.0,2294.0,43108.0,0.053215
A. 0,Variant,Daily Night Sky Prize,Shuffle,2.0,2.0,43108.0,4.6e-05
A. 0,Variant,Daily Night Sky Prize,Slingshot,1206.0,1206.0,43108.0,0.027976
A. 0,Variant,Daily Night Sky Prize,Unlimited Lives,120870.0,120870.0,43108.0,2.803888
A. 0,Variant,Flock Flurry,Bomb,756.0,756.0,43108.0,0.017537
A. 0,Variant,Flock Flurry,Chuck,756.0,756.0,43108.0,0.017537
A. 0,Variant,Flock Flurry,Red,756.0,756.0,43108.0,0.017537
A. 0,Variant,Flock Flurry,SPT,13500.0,13500.0,43108.0,0.313167
A. 0,Variant,Flock Flurry,Slingshot,756.0,756.0,43108.0,0.017537
A. 0,Variant,Flock Flurry,Unlimited Lives,219660.0,219660.0,43108.0,5.095574
A. 0,Variant,Hatchling Hideaway,Bomb,704.0,704.0,43108.0,0.016331
A. 0,Variant,Hatchling Hideaway,Chuck,783.0,783.0,43108.0,0.018164
A. 0,Variant,Hatchling Hideaway,Comet,692.0,692.0,43108.0,0.016053
A. 0,Variant,Hatchling Hideaway,HC,36155.0,36155.0,43108.0,0.838707
A. 0,Variant,Hatchling Hideaway,Red,1223.0,1223.0,43108.0,0.028371
A. 0,Variant,Hatchling Hideaway,Shuffle,647.0,647.0,43108.0,0.015009
A. 0,Variant,Hatchling Hideaway,Slingshot,627.0,627.0,43108.0,0.014545
A. 0,Variant,Hatchling Hideaway,UL Chuck,6210.0,6210.0,43108.0,0.144057
A. 0,Variant,Hatchling Hideaway,UL Red,6410.0,6410.0,43108.0,0.148696
A. 0,Variant,Hatchling Hideaway,Unlimited Lives,94500.0,94500.0,43108.0,2.192169
A. 0,Variant,Jigsaw,Bomb,258.0,258.0,43108.0,0.005985
A. 0,Variant,Jigsaw,Chuck,1566.0,1566.0,43108.0,0.036327
A. 0,Variant,Jigsaw,Comet,258.0,258.0,43108.0,0.005985
A. 0,Variant,Jigsaw,HC,44725.0,44725.0,43108.0,1.03751
A. 0,Variant,Jigsaw,Red,704.0,704.0,43108.0,0.016331
A. 0,Variant,Jigsaw,Slingshot,311.0,311.0,43108.0,0.007214
A. 0,Variant,Jigsaw,UL Bomb,10940.0,10940.0,43108.0,0.253781
A. 0,Variant,Jigsaw,UL Chuck,16040.0,16040.0,43108.0,0.372089
A. 0,Variant,Jigsaw,UL Red,21010.0,21010.0,43108.0,0.487381
A. 0,Variant,Jigsaw,Unlimited Lives,80730.0,80730.0,43108.0,1.872738
A. 0,Variant,Kite Festival,Bomb,27.0,27.0,43108.0,0.000626
A. 0,Variant,Kite Festival,Chuck,46.0,46.0,43108.0,0.001067
A. 0,Variant,Kite Festival,Comet,4.0,4.0,43108.0,9.3e-05
A. 0,Variant,Kite Festival,HC,6050.0,6050.0,43108.0,0.140345
A. 0,Variant,Kite Festival,Red,49.0,49.0,43108.0,0.001137
A. 0,Variant,Kite Festival,SPT,21115.0,21115.0,43108.0,0.489816
A. 0,Variant,Kite Festival,Shuffle,22.0,22.0,43108.0,0.00051
A. 0,Variant,Kite Festival,Slingshot,74.0,74.0,43108.0,0.001717
A. 0,Variant,Kite Festival,Unlimited Lives,33185.0,33185.0,43108.0,0.769811
A. 0,Variant,Level Race,Chuck,2.0,2.0,43108.0,4.6e-05
A. 0,Variant,Level Race,Slingshot,1.0,1.0,43108.0,2.3e-05
A. 0,Variant,Level Race,Unlimited Lives,235.0,235.0,43108.0,0.005451
A. 0,Variant,Other,Bomb,2644.0,2988.0,43108.0,0.061334
A. 0,Variant,Other,Chuck,2665.0,3006.0,43108.0,0.061821
A. 0,Variant,Other,Comet,38.0,393.0,43108.0,0.000882
A. 0,Variant,Other,HC,16892.0,228242.0,43108.0,0.391853
A. 0,Variant,Other,Red,2727.0,3113.0,43108.0,0.06326
A. 0,Variant,Other,SPT,102500.0,102500.0,43108.0,2.377749
A. 0,Variant,Other,Shuffle,118.0,609.0,43108.0,0.002737
A. 0,Variant,Other,Slingshot,201.0,764.0,43108.0,0.004663
A. 0,Variant,Other,UL Bomb,0.0,10540.0,43108.0,0.0
A. 0,Variant,Other,UL Chuck,0.0,10540.0,43108.0,0.0
A. 0,Variant,Other,UL Red,40.0,10580.0,43108.0,0.000928
A. 0,Variant,Other,Unlimited Lives,22012.0,38657.0,43108.0,0.510624
A. 0,Variant,Photoshoot,Chuck,3.0,3.0,43108.0,7e-05
A. 0,Variant,Rainbow Maker,Bomb,1009.0,1009.0,43108.0,0.023406
A. 0,Variant,Rainbow Maker,Chuck,960.0,960.0,43108.0,0.02227
A. 0,Variant,Rainbow Maker,Comet,8462.0,8462.0,43108.0,0.196298
A. 0,Variant,Rainbow Maker,HC,57089.0,57089.0,43108.0,1.324325
A. 0,Variant,Rainbow Maker,Red,1251.0,1251.0,43108.0,0.02902
A. 0,Variant,Rainbow Maker,SPT,279528.0,279528.0,43108.0,6.484365
A. 0,Variant,Rainbow Maker,Shuffle,9010.0,9010.0,43108.0,0.20901
A. 0,Variant,Rainbow Maker,Slingshot,8844.0,8844.0,43108.0,0.205159
A. 0,Variant,Rainbow Maker,UL Chuck,4190.0,4190.0,43108.0,0.097198
A. 0,Variant,Rainbow Maker,UL Red,780.0,780.0,43108.0,0.018094
A. 0,Variant,Rainbow Maker,Unlimited Lives,43140.0,43140.0,43108.0,1.000742
A. 0,Variant,Red Challenge,Comet,13.0,13.0,43108.0,0.000302
A. 0,Variant,Red Challenge,HC,5100.0,5100.0,43108.0,0.118308
A. 0,Variant,Red Challenge,Shuffle,65.0,65.0,43108.0,0.001508
A. 0,Variant,Red Challenge,Slingshot,165.0,165.0,43108.0,0.003828
A. 0,Variant,River Rush,Bomb,3.0,3.0,43108.0,7e-05
A. 0,Variant,River Rush,Chuck,2.0,2.0,43108.0,4.6e-05
A. 0,Variant,River Rush,Comet,8.0,8.0,43108.0,0.000186
A. 0,Variant,River Rush,HC,585.0,585.0,43108.0,0.013571
A. 0,Variant,River Rush,Red,5.0,5.0,43108.0,0.000116
A. 0,Variant,River Rush,SPT,90.0,90.0,43108.0,0.002088
A. 0,Variant,River Rush,Shuffle,10.0,10.0,43108.0,0.000232
A. 0,Variant,River Rush,Slingshot,6.0,6.0,43108.0,0.000139
A. 0,Variant,River Rush,UL Bomb,40.0,40.0,43108.0,0.000928
A. 0,Variant,River Rush,UL Red,40.0,40.0,43108.0,0.000928
A. 0,Variant,Saga,Bomb,40.0,40.0,43108.0,0.000928
A. 0,Variant,Saga,Chuck,87.0,87.0,43108.0,0.002018
A. 0,Variant,Saga,Comet,8.0,8.0,43108.0,0.000186
A. 0,Variant,Saga,HC,4415.0,4415.0,43108.0,0.102417
A. 0,Variant,Saga,Red,113.0,113.0,43108.0,0.002621
A. 0,Variant,Saga,Shuffle,27.0,27.0,43108.0,0.000626
A. 0,Variant,Saga,Slingshot,51.0,51.0,43108.0,0.001183
A. 0,Variant,Saga,Unlimited Lives,6935.0,6935.0,43108.0,0.160875
A. 0,Variant,Season Pass (Free),Bomb,394.0,394.0,43108.0,0.00914
A. 0,Variant,Season Pass (Free),Chuck,1525.0,1525.0,43108.0,0.035376
A. 0,Variant,Season Pass (Free),Comet,72.0,72.0,43108.0,0.00167
A. 0,Variant,Season Pass (Free),HC,35070.0,35070.0,43108.0,0.813538
A. 0,Variant,Season Pass (Free),Red,961.0,961.0,43108.0,0.022293
A. 0,Variant,Season Pass (Free),Shuffle,436.0,436.0,43108.0,0.010114
A. 0,Variant,Season Pass (Free),Slingshot,230.0,230.0,43108.0,0.005335
A. 0,Variant,Season Pass (Free),UL Bomb,915.0,915.0,43108.0,0.021226
A. 0,Variant,Season Pass (Free),UL Chuck,9210.0,9210.0,43108.0,0.213649
A. 0,Variant,Season Pass (Free),UL Red,13490.0,13490.0,43108.0,0.312935
A. 0,Variant,Season Pass (Free),Unlimited Lives,76505.0,76505.0,43108.0,1.774729
A. 0,Variant,Target Day,Bomb,422.0,422.0,43108.0,0.009789
A. 0,Variant,Target Day,Chuck,811.0,811.0,43108.0,0.018813
A. 0,Variant,Target Day,Comet,613.0,613.0,43108.0,0.01422
A. 0,Variant,Target Day,HC,97450.0,97450.0,43108.0,2.260601
A. 0,Variant,Target Day,Red,1182.0,1182.0,43108.0,0.02742
A. 0,Variant,Target Day,Shuffle,518.0,518.0,43108.0,0.012016
A. 0,Variant,Target Day,Slingshot,850.0,850.0,43108.0,0.019718
A. 0,Variant,Target Day,Unlimited Lives,69160.0,69160.0,43108.0,1.604343
A. 0,Variant,Team Event,Comet,596.0,596.0,43108.0,0.013826
A. 0,Variant,Team Event,HC,181200.0,181200.0,43108.0,4.203396
A. 0,Variant,Team Event,Shuffle,854.0,854.0,43108.0,0.019811
A. 0,Variant,Team Event,Slingshot,2120.0,2120.0,43108.0,0.049179
A. 0,Variant,Team Race,Bomb,1136.0,1136.0,43108.0,0.026352
A. 0,Variant,Team Race,Chuck,506.0,506.0,43108.0,0.011738
A. 0,Variant,Team Race,Comet,2448.0,2448.0,43108.0,0.056788
A. 0,Variant,Team Race,HC,177150.0,177150.0,43108.0,4.109446
A. 0,Variant,Team Race,Red,308.0,308.0,43108.0,0.007145
A. 0,Variant,Team Race,SPT,152900.0,152900.0,43108.0,3.546905
A. 0,Variant,Team Race,Shuffle,1776.0,1776.0,43108.0,0.041199
A. 0,Variant,Team Race,Slingshot,1194.0,1194.0,43108.0,0.027698
A. 0,Variant,Team Race,Unlimited Lives,2930.0,2930.0,43108.0,0.067969
